code,ticker,company_name,sector,bm_score,ep_score,gp_score,piotroski_score,sloan_quality_score,liquidity_score,distress_safety_score
9022,9022.T,Central Japan Railway Company,Land Transportation,0.7777777777777778,0.9433962264150944,0.5,0.5555555555555556,0.2407407407407407,0.9814814814814815,1.0
9501,9501.T,"Tokyo Electric Power Company Holdings,Incorporated",Electric Power and Gas,1.0,0.76,0.5,0.6730769230769231,0.12,1.0,1.0
3449,3449.T,TECHNOFLEX CORPORATION,Metal Products,0.012195121951219513,0.10144927536231885,0.7073170731707317,0.9695121951219512,0.7926829268292683,0.8902439024390244,1.0
6178,6178.T,"JAPAN POST HOLDINGS Co.,Ltd.",Services,0.9932885906040269,0.7493606138107417,0.5,0.4419642857142857,0.31890660592255127,0.9977678571428571,1.0
6777,6777.T,santec Holdings Corporation,Electric Appliances,0.015873015873015872,0.0625,0.9526315789473684,0.9289473684210526,0.5820105820105821,0.9,1.0
6627,6627.T,"Tera Probe,Inc.",Electric Appliances,0.3492063492063492,0.575,0.14736842105263157,0.2,0.9365079365079365,0.7473684210526316,1.0
6524,6524.T,"KOHOKU KOGYO CO.,LTD.",Electric Appliances,0.06878306878306878,0.1,0.6789473684210526,0.6973684210526315,0.43386243386243384,0.7736842105263158,1.0
6387,6387.T,SAMCO INC.,Machinery,0.031914893617021274,0.05747126436781609,0.7393617021276596,0.4095744680851064,0.19680851063829785,0.8563829787234043,1.0
5076,5076.T,INFRONEER Holdings Inc.,Construction,0.23134328358208955,0.03007518796992481,0.4925373134328358,0.022388059701492536,0.5,0.9104477611940298,1.0
6800,6800.T,"YOKOWO CO.,LTD.",Electric Appliances,0.2328042328042328,0.0875,0.4631578947368421,0.9289473684210526,0.8253968253968254,0.7,1.0
9513,9513.T,"Electric Power Development Co.,Ltd.",Electric Power and Gas,0.6153846153846154,0.6,0.5,0.6730769230769231,0.52,0.8076923076923077,1.0
8050,8050.T,SEIKO GROUP CORPORATION,Precision Instruments,0.4473684210526316,0.4117647058823529,0.8157894736842105,0.868421052631579,0.7894736842105263,0.868421052631579,1.0
6617,6617.T,"TAKAOKA TOKO CO.,LTD.",Electric Appliances,0.291005291005291,0.25,0.5421052631578948,0.6973684210526315,0.3386243386243386,0.7263157894736842,1.0
6356,6356.T,"NIPPON GEAR CO.,LTD.",Machinery,0.22340425531914893,0.4482758620689655,0.7925531914893617,0.2047872340425532,0.2712765957446809,0.9361702127659575,1.0
1909,1909.T,"Nippon Dry-Chemical CO.,LTD.",Machinery,0.6170212765957447,0.9022988505747126,0.8191489361702128,0.9202127659574468,0.9468085106382979,0.7978723404255319,1.0
4971,4971.T,MEC COMPANY LTD.,Chemicals,0.016216216216216217,0.08823529411764706,0.8378378378378378,0.6054054054054054,0.03825136612021862,0.9243243243243243,1.0
6278,6278.T,UNION TOOL CO.,Machinery,0.047872340425531915,0.034482758620689655,0.324468085106383,0.675531914893617,0.5212765957446808,0.9414893617021277,1.0
9503,9503.T,"The Kansai Electric Power Company,Incorporated",Electric Power and Gas,0.2692307692307692,0.72,0.5,0.6730769230769231,0.19999999999999996,0.9615384615384616,1.0
6941,6941.T,"YAMAICHI ELECTRONICS CO.,LTD.",Electric Appliances,0.10052910052910052,0.19375,0.7894736842105263,0.6973684210526315,0.8571428571428572,0.868421052631579,1.0
6871,6871.T,"MICRONICS JAPAN CO.,LTD.",Electric Appliances,0.047619047619047616,0.125,0.8105263157894737,0.9289473684210526,0.40740740740740744,0.9368421052631579,1.0
6264,6264.T,"Marumae Co.,Ltd.",Machinery,0.07446808510638298,0.22988505747126436,0.17553191489361702,0.675531914893617,0.9521276595744681,0.8617021276595744,1.0
6920,6920.T,Lasertec Corporation,Electric Appliances,0.005291005291005291,0.175,0.9421052631578948,0.42105263157894735,0.17460317460317465,1.0,1.0
5985,5985.T,SUNCALL CORPORATION,Metal Products,0.0975609756097561,0.5,0.43902439024390244,0.4695121951219512,0.6829268292682926,0.9878048780487805,0.0
2153,2153.T,E・J Holdings Inc.,Services,0.8322147651006712,0.7953964194373402,0.3257918552036199,0.21316964285714285,0.4305239179954442,0.7633928571428571,1.0
6648,6648.T,KAWADEN CORPORATION,Electric Appliances,0.9576719576719577,0.975,0.7684210526315789,0.42105263157894735,0.2063492063492064,0.43157894736842106,1.0
6327,6327.T,"KITAGAWA SEIKI CO.,LTD.",Machinery,0.026595744680851064,0.022988505747126436,0.2712765957446808,0.4095744680851064,0.32978723404255317,0.8404255319148937,1.0
4368,4368.T,"FUSO CHEMICAL CO.,LTD.",Chemicals,0.22702702702702704,0.5470588235294118,0.42162162162162165,0.8810810810810811,0.9016393442622951,0.9027027027027027,1.0
6745,6745.T,HOCHIKI CORPORATION,Electric Appliances,0.7301587301587301,0.89375,0.8842105263157894,0.9289473684210526,0.7089947089947091,0.6736842105263158,1.0
9502,9502.T,"Chubu Electric Power Company,Incorporated",Electric Power and Gas,0.3076923076923077,0.48,0.5,0.34615384615384615,0.16000000000000003,0.8846153846153846,1.0
6695,6695.T,"Castrico Co.,Ltd.",Electric Appliances,0.9841269841269841,0.94375,0.8,0.2,0.5,0.005263157894736842,1.0
1662,1662.T,"Japan Petroleum Exploration Co.,Ltd.",Mining,0.75,0.5,0.75,1.0,0.75,1.0,1.0
6994,6994.T,SHIZUKI ELECTRIC COMPANY INC.,Electric Appliances,0.4656084656084656,0.28125,0.37894736842105264,0.42105263157894735,0.8042328042328042,0.6368421052631579,1.0
6834,6834.T,"SEIKOH GIKEN Co.,Ltd.",Electric Appliances,0.037037037037037035,0.0375,0.4789473684210526,0.6973684210526315,0.5026455026455027,0.9263157894736842,1.0
7762,7762.T,"Citizen Watch Co.,Ltd.",Precision Instruments,0.3684210526315789,0.29411764705882354,0.6578947368421053,0.5921052631578947,0.5526315789473684,0.8947368421052632,1.0
6492,6492.T,OKANO VALVE MFG.CO.LTD.,Machinery,0.15425531914893617,0.1206896551724138,0.3351063829787234,0.2047872340425532,0.32446808510638303,0.7819148936170213,1.0
6914,6914.T,"OPTEX GROUP Company,Limited",Electric Appliances,0.1746031746031746,0.35625,0.9315789473684211,0.6973684210526315,0.6084656084656085,0.6631578947368421,1.0
7999,7999.T,"MUTOH HOLDINGS CO.,LTD.",Electric Appliances,0.4444444444444444,0.34375,0.6526315789473685,0.42105263157894735,0.29100529100529104,0.3368421052631579,1.0
6741,6741.T,"Nippon Signal Company,Limited",Electric Appliances,0.6243386243386243,0.71875,0.2631578947368421,0.6973684210526315,0.21693121693121697,0.5157894736842106,1.0
6929,6929.T,"NIPPON CERAMIC CO.,LTD.",Electric Appliances,0.3439153439153439,0.725,0.25263157894736843,0.42105263157894735,0.11111111111111116,0.6052631578947368,1.0
6785,6785.T,"SUZUKI CO.,LTD.",Electric Appliances,0.32275132275132273,0.50625,0.3368421052631579,0.6973684210526315,0.7883597883597884,0.45263157894736844,1.0
6824,6824.T,"NEW COSMOS ELECTRIC CO.,LTD.",Electric Appliances,0.5767195767195767,0.6,0.7368421052631579,0.9289473684210526,0.4656084656084656,0.2789473684210526,1.0
6703,6703.T,"Oki Electric Industry Company,Limited",Electric Appliances,0.2804232804232804,0.39375,0.7,0.6973684210526315,0.7936507936507937,0.8315789473684211,1.0
6248,6248.T,"Yokota Manufacturing Co., Ltd.",Machinery,0.43617021276595747,0.7183908045977011,0.8351063829787234,0.675531914893617,0.75,0.13297872340425532,1.0
3723,3723.T,NIHON FALCOM CORPORATION,Information & Communication,0.3870967741935484,0.1980440097799511,0.10590631364562118,0.24048096192384769,0.41056910569105687,0.46092184368737477,1.0
6814,6814.T,"FURUNO ELECTRIC CO.,LTD.",Electric Appliances,0.24867724867724866,0.73125,0.8789473684210526,0.6973684210526315,0.5978835978835979,0.8473684210526315,1.0
3105,3105.T,Nisshinbo Holdings Inc.,Electric Appliances,0.4973544973544973,0.3875,0.2789473684210526,0.9289473684210526,0.6772486772486772,0.7947368421052632,1.0
9880,9880.T,INNOTECH CORPORATION,Electric Appliances,0.24338624338624337,0.14375,0.6842105263157895,0.6973684210526315,0.3915343915343915,0.6684210526315789,1.0
6490,6490.T,PILLAR Corporation,Machinery,0.10638297872340426,0.15517241379310345,0.6276595744680851,0.4095744680851064,0.8617021276595744,0.8085106382978723,1.0
6894,6894.T,"PULSTEC INDUSTRIAL CO.,LTD.",Electric Appliances,0.7566137566137566,0.8625,0.3894736842105263,0.42105263157894735,0.1164021164021164,0.042105263157894736,1.0
6961,6961.T,ENPLAS CORPORATION,Electric Appliances,0.2857142857142857,0.26875,0.7105263157894737,0.42105263157894735,0.7301587301587302,0.8578947368421053,1.0
6960,6960.T,"FUKUDA DENSHI CO.,LTD.",Electric Appliances,0.30687830687830686,0.45625,0.8052631578947368,0.42105263157894735,0.8412698412698413,0.6263157894736842,1.0
6419,6419.T,Mars Group Holdings Corporation,Machinery,0.6914893617021277,0.896551724137931,0.675531914893617,0.675531914893617,0.5797872340425532,0.6436170212765957,1.0
7747,7747.T,"ASAHI INTECC CO.,LTD.",Precision Instruments,0.05263157894736842,0.08823529411764706,0.868421052631579,0.5921052631578947,0.9473684210526316,0.9473684210526315,1.0
5214,5214.T,"Nippon Electric Glass Co.,Ltd.",Glass and Ceramics Products,0.4090909090909091,0.3902439024390244,0.06818181818181818,0.9204545454545454,0.5227272727272727,0.9090909090909091,1.0
7749,7749.T,"MEDIKIT CO.,LTD.",Precision Instruments,0.8157894736842105,0.7058823529411765,0.13157894736842105,0.2894736842105263,0.39473684210526316,0.05263157894736842,1.0
6866,6866.T,HIOKI E.E.CORPORATION,Electric Appliances,0.12698412698412698,0.225,0.8631578947368421,0.42105263157894735,0.6507936507936508,0.6842105263157895,1.0
6996,6996.T,NICHICON CORPORATION,Electric Appliances,0.2275132275132275,0.2875,0.22631578947368422,0.6973684210526315,0.6402116402116402,0.7842105263157895,1.0
6925,6925.T,USHIO INC.,Electric Appliances,0.31216931216931215,0.6625,0.46842105263157896,0.42105263157894735,0.1693121693121693,0.7578947368421053,1.0
1948,1948.T,"The Kodensha,Co.,Ltd.",Construction,0.014925373134328358,0.05263157894736842,0.8582089552238806,0.7686567164179104,0.3157894736842105,0.6865671641791045,1.0
5187,5187.T,"CREATE MEDIC CO.,LTD.",Precision Instruments,0.9473684210526315,0.7647058823529411,0.6052631578947368,0.2894736842105263,0.13157894736842102,0.10526315789473684,1.0
5706,5706.T,"Mitsui Kinzoku Company,Limited",Nonferrous Metals,0.13793103448275862,0.2,0.7931034482758621,0.8793103448275862,0.5714285714285714,0.9310344827586207,1.0
6136,6136.T,OSG Corporation,Machinery,0.26595744680851063,0.26436781609195403,0.5531914893617021,0.675531914893617,0.7180851063829787,0.8297872340425532,1.0
6855,6855.T,JAPAN ELECTRONIC MATERIALS CORPORATION,Electric Appliances,0.13227513227513227,0.2375,0.5789473684210527,0.42105263157894735,0.08994708994709,0.8947368421052632,1.0
6643,6643.T,"Togami Electric Mfg.Co.,Ltd.",Electric Appliances,0.5396825396825397,0.775,0.5210526315789473,0.9289473684210526,0.4391534391534392,0.37894736842105264,1.0
4099,4099.T,SHIKOKU KASEI HOLDINGS CORPORATION,Chemicals,0.07027027027027027,0.1,0.5513513513513514,0.32972972972972975,0.35519125683060104,0.8054054054054054,1.0
6480,6480.T,"NIPPON THOMPSON CO.,LTD.",Machinery,0.17553191489361702,0.017241379310344827,0.19148936170212766,0.2047872340425532,0.7872340425531915,0.824468085106383,1.0
6877,6877.T,Obara Group Incorporated,Electric Appliances,0.5132275132275133,0.61875,0.4105263157894737,0.42105263157894735,0.20105820105820105,0.631578947368421,1.0
7725,7725.T,INTER ACTION Corporation,Precision Instruments,0.42105263157894735,0.35294117647058826,0.2894736842105263,0.2894736842105263,0.9736842105263158,0.4473684210526316,1.0
7711,7711.T,"SUKEGAWA ELECTRIC CO.,LTD.",Precision Instruments,0.07894736842105263,0.14705882352941177,0.42105263157894735,0.868421052631579,0.3421052631578947,0.7631578947368421,1.0
7746,7746.T,"OKAMOTO GLASS CO.,LTD.",Precision Instruments,0.02631578947368421,0.029411764705882353,0.18421052631578946,0.2894736842105263,0.5263157894736843,0.8421052631578947,1.0
6809,6809.T,TOA CORPORATION,Electric Appliances,0.6825396825396826,0.5,0.7842105263157895,0.6973684210526315,0.656084656084656,0.5,1.0
6454,6454.T,"MAX CO.,LTD.",Machinery,0.6808510638297872,0.8908045977011494,0.925531914893617,0.9202127659574468,0.6382978723404256,0.7180851063829787,1.0
6622,6622.T,DAIHEN CORPORATION,Electric Appliances,0.20634920634920634,0.2625,0.5157894736842106,0.42105263157894735,0.6296296296296297,0.8526315789473684,1.0
7730,7730.T,"MANI,INC.",Precision Instruments,0.21052631578947367,0.17647058823529413,0.6842105263157895,0.5921052631578947,0.6842105263157895,0.6842105263157895,1.0
7716,7716.T,NAKANISHI INC.,Precision Instruments,0.2894736842105263,0.38235294117647056,0.5526315789473685,0.5921052631578947,0.631578947368421,0.7105263157894737,1.0
6647,6647.T,"MORIO DENKI CO.,LTD.",Electric Appliances,0.8253968253968254,0.9125,0.47368421052631576,0.2,0.04761904761904767,0.07368421052631578,1.0
6997,6997.T,NIPPON CHEMI-CON CORPORATION,Electric Appliances,0.25396825396825395,0.5,0.21052631578947367,0.2,0.3121693121693122,0.8263157894736842,0.0
7775,7775.T,"DAIKEN MEDICAL CO.,LTD.",Precision Instruments,0.631578947368421,0.8823529411764706,0.7894736842105263,0.868421052631579,0.2894736842105263,0.15789473684210525,1.0
7722,7722.T,"KOKUSAI CO.,LTD.",Precision Instruments,0.8421052631578947,0.9411764705882353,0.3157894736842105,0.868421052631579,0.23684210526315785,0.21052631578947367,1.0
6822,6822.T,"Oi Electric Co.,Ltd.",Electric Appliances,0.6931216931216931,0.90625,0.5894736842105263,0.9289473684210526,0.8148148148148149,0.24210526315789474,1.0
5802,5802.T,"Sumitomo Electric Industries,Ltd.",Nonferrous Metals,0.20689655172413793,0.16,0.5517241379310345,0.8793103448275862,0.7857142857142857,0.896551724137931,1.0
6592,6592.T,"MABUCHI MOTOR CO.,LTD.",Electric Appliances,0.5238095238095238,0.8125,0.1631578947368421,0.6973684210526315,0.2592592592592593,0.7684210526315789,1.0
6870,6870.T,"Fenwal Controls of Japan,Ltd.",Electric Appliances,0.6349206349206349,0.7375,0.5,0.6973684210526315,0.07936507936507942,0.12631578947368421,1.0
6508,6508.T,MEIDENSHA CORPORATION,Electric Appliances,0.15873015873015872,0.325,0.5842105263157895,0.9289473684210526,0.7142857142857143,0.8210526315789474,1.0
6912,6912.T,KIKUSUI HOLDINGS CORPORATION,Electric Appliances,0.49206349206349204,0.70625,0.868421052631579,0.42105263157894735,0.6613756613756614,0.13157894736842105,1.0
6998,6998.T,"Nippon Tungsten Co.,Ltd.",Electric Appliances,0.7407407407407407,0.54375,0.32105263157894737,0.9289473684210526,0.4814814814814815,0.39473684210526316,1.0
6644,6644.T,"Osaki Electric Co.,Ltd.",Electric Appliances,0.5291005291005291,0.4875,0.5631578947368421,0.42105263157894735,0.5291005291005291,0.6526315789473685,1.0
6861,6861.T,KEYENCE CORPORATION,Electric Appliances,0.07936507936507936,0.11875,0.6894736842105263,0.2,0.328042328042328,0.9842105263157894,1.0
6928,6928.T,"ENOMOTO Co.,Ltd.",Electric Appliances,0.5079365079365079,0.08125,0.07894736842105263,0.9289473684210526,0.39682539682539686,0.41578947368421054,1.0
6134,6134.T,FUJI CORPORATION,Machinery,0.0851063829787234,0.04597701149425287,0.4521276595744681,0.675531914893617,0.8351063829787234,0.9308510638297872,1.0
6346,6346.T,"KIKUKAWA ENTERPRISE,INC.",Machinery,0.8191489361702128,0.7298850574712644,0.2978723404255319,0.675531914893617,0.12765957446808507,0.010638297872340425,1.0
7740,7740.T,"Tamron Co.,Ltd.",Precision Instruments,0.39473684210526316,0.6764705882352942,0.7631578947368421,0.2894736842105263,0.6052631578947368,0.6578947368421053,1.0
6498,6498.T,KITZ CORPORATION,Machinery,0.2074468085106383,0.3045977011494253,0.7021276595744681,0.4095744680851064,0.4893617021276596,0.7606382978723404,1.0
6674,6674.T,GS Yuasa Corporation,Electric Appliances,0.35978835978835977,0.45,0.4368421052631579,0.2,0.3756613756613757,0.9052631578947369,1.0
6417,6417.T,"SANKYO CO.,LTD.",Machinery,0.34574468085106386,0.9080459770114943,0.898936170212766,0.06648936170212766,0.38829787234042556,0.8723404255319149,1.0
6794,6794.T,"Foster Electric Company,Limited",Electric Appliances,0.6666666666666666,0.7625,0.5473684210526316,0.9289473684210526,0.8941798941798942,0.6421052631578947,1.0
4975,4975.T,JCU CORPORATION,Chemicals,0.043243243243243246,0.22941176470588234,0.8702702702702703,0.8810810810810811,0.23497267759562845,0.745945945945946,1.0
6654,6654.T,"FUJI ELECTRIC INDUSTRY CO.,LTD.",Electric Appliances,0.873015873015873,0.3125,0.12631578947368421,0.42105263157894735,0.47089947089947093,0.10526315789473684,1.0
7261,7261.T,Mazda Motor Corporation,Transportation Equipment,0.7272727272727273,0.8448275862068966,0.803030303030303,0.22727272727272727,0.5238095238095238,0.9545454545454546,1.0
6853,6853.T,"KYOWA ELECTRONIC INSTRUMENTS CO.,LTD.",Electric Appliances,0.4708994708994709,0.36875,0.6684210526315789,0.6973684210526315,0.18518518518518523,0.23684210526315788,1.0
6787,6787.T,"Meiko Electronics Co.,Ltd.",Electric Appliances,0.042328042328042326,0.05625,0.26842105263157895,0.6973684210526315,0.5343915343915344,0.9473684210526315,1.0
6651,6651.T,NITTO KOGYO CORPORATION,Electric Appliances,0.4021164021164021,0.55,0.6736842105263158,0.6973684210526315,0.6190476190476191,0.5736842105263158,1.0
6156,6156.T,A-ONE SEIMITSU INC.,Machinery,0.2925531914893617,0.5,0.010638297872340425,0.4095744680851064,0.7712765957446809,0.22872340425531915,1.0
4022,4022.T,"Rasa Industries,Ltd.",Chemicals,0.7891891891891892,0.9470588235294117,0.5405405405405406,0.8810810810810811,0.6830601092896175,0.9081081081081082,1.0
4966,4966.T,"C.Uyemura & Co.,Ltd.",Chemicals,0.05405405405405406,0.16470588235294117,0.7135135135135136,0.32972972972972975,0.6557377049180328,0.8378378378378378,1.0
6505,6505.T,"TOYO DENKI SEIZO K.K.(TOYO ELECTRIC MFG.CO.,LTD.)",Electric Appliances,0.8042328042328042,0.83125,0.43157894736842106,0.6973684210526315,0.14814814814814814,0.3631578947368421,1.0
6744,6744.T,NOHMI BOSAI LTD.,Electric Appliances,0.2698412698412698,0.30625,0.7157894736842105,0.6973684210526315,0.31746031746031744,0.6210526315789474,1.0
6282,6282.T,OILES CORPORATION,Machinery,0.48404255319148937,0.5747126436781609,0.6968085106382979,0.9202127659574468,0.6170212765957447,0.6595744680851063,1.0
6306,6306.T,"NIKKO CO.,LTD.",Machinery,0.5372340425531915,0.3793103448275862,0.5904255319148937,0.9202127659574468,0.5319148936170213,0.3776595744680851,1.0
6706,6706.T,"DKK Co.,Ltd.",Electric Appliances,0.6772486772486772,0.1625,0.16842105263157894,0.2,0.07407407407407407,0.3736842105263158,1.0
6365,6365.T,DMW CORPORATION,Machinery,0.6117021276595744,0.7471264367816092,0.3829787234042553,0.4095744680851064,0.34042553191489366,0.17553191489361702,1.0
6850,6850.T,Chino Corporation,Electric Appliances,0.8624338624338624,0.9,0.6421052631578947,0.9289473684210526,0.3862433862433863,0.3473684210526316,1.0
6676,6676.T,BUFFALO INC.,Electric Appliances,0.7354497354497355,0.925,0.8947368421052632,0.9289473684210526,0.8677248677248677,0.46842105263157896,1.0
6969,6969.T,"MATSUO ELECTRIC CO.,LTD.",Electric Appliances,0.21693121693121692,0.56875,0.5052631578947369,0.42105263157894735,0.042328042328042326,0.3,1.0
6743,6743.T,"Daido Signal Co.,Ltd.",Electric Appliances,0.9047619047619048,0.85625,0.1736842105263158,0.2,0.06878306878306883,0.15263157894736842,1.0
6143,6143.T,"Sodick Co.,Ltd.",Machinery,0.4095744680851064,0.21839080459770116,0.3882978723404255,0.675531914893617,0.5531914893617021,0.7659574468085106,1.0
6384,6384.T,"SHOWA SHINKU CO.,LTD.",Machinery,0.5425531914893617,0.2471264367816092,0.35638297872340424,0.4095744680851064,0.21808510638297873,0.2553191489361702,1.0
6265,6265.T,CONVUM Ltd.,Machinery,0.6063829787234043,0.23563218390804597,0.26063829787234044,0.675531914893617,0.6595744680851063,0.09574468085106383,1.0
6848,6848.T,DKK-TOA CORPORATION,Electric Appliances,0.746031746031746,0.5375,0.5105263157894737,0.42105263157894735,0.4920634920634921,0.04736842105263158,1.0
6403,6403.T,"SUIDO KIKO KAISHA,LTD.",Machinery,0.22872340425531915,0.09195402298850575,0.6382978723404256,0.675531914893617,0.9680851063829787,0.2074468085106383,1.0
6678,6678.T,"Techno Medica Co.,Ltd.",Electric Appliances,0.7195767195767195,0.64375,0.6947368421052632,0.2,0.30687830687830686,0.15789473684210525,1.0
4732,4732.T,"USS Co.,Ltd.",Services,0.10961968680089486,0.21994884910485935,0.248868778280543,0.9084821428571429,0.2665148063781321,0.9821428571428571,1.0
6823,6823.T,"RION CO.,LTD.",Electric Appliances,0.42328042328042326,0.65,0.8368421052631579,0.6973684210526315,0.3227513227513228,0.48947368421052634,1.0
6675,6675.T,"SAXA,Inc.",Electric Appliances,0.9470899470899471,1.0,0.7473684210526316,0.2,0.03703703703703709,0.35789473684210527,1.0
6863,6863.T,NIRECO CORPORATION,Electric Appliances,0.5185185185185185,0.68125,0.5526315789473685,0.6973684210526315,0.22751322751322756,0.23157894736842105,1.0
6859,6859.T,ESPEC CORP.,Electric Appliances,0.3862433862433862,0.5625,0.7736842105263158,0.6973684210526315,0.19047619047619047,0.5368421052631579,1.0
4186,4186.T,"TOKYO OHKA KOGYO CO.,LTD.",Chemicals,0.02702702702702703,0.10588235294117647,0.7405405405405405,0.13783783783783785,0.1311475409836066,0.9891891891891892,1.0
6161,6161.T,ESTIC CORPORATION,Machinery,0.5,0.8333333333333334,0.8457446808510638,0.4095744680851064,0.9095744680851063,0.15425531914893617,1.0
6670,6670.T,"MCJ Co.,Ltd.",Electric Appliances,0.21164021164021163,0.5125,0.8526315789473684,0.6973684210526315,0.544973544973545,0.7421052631578947,1.0
6144,6144.T,"Seibu Electric & Machinery Co.,Ltd.",Machinery,0.28191489361702127,0.2988505747126437,0.5106382978723404,0.675531914893617,0.15957446808510634,0.21808510638297873,1.0
7713,7713.T,"SIGMA KOKI CO.,LTD.",Precision Instruments,0.7894736842105263,0.5588235294117647,0.2631578947368421,0.5921052631578947,0.02631578947368418,0.39473684210526316,1.0
6858,6858.T,"ONO SOKKI Co.,Ltd.",Electric Appliances,0.8888888888888888,0.425,0.7210526315789474,0.6973684210526315,0.3492063492063492,0.2736842105263158,1.0
6963,6963.T,ROHM COMPANY LIMITED,Electric Appliances,0.23809523809523808,0.5,0.015789473684210527,0.06842105263157895,0.91005291005291,0.9631578947368421,1.0
4972,4972.T,"Soken Chemical & Engineering Co.,Ltd.",Chemicals,0.23783783783783785,0.5647058823529412,0.8054054054054054,0.8810810810810811,0.5136612021857924,0.572972972972973,1.0
6396,6396.T,"Unozawa-gumi Iron Works,Limited",Machinery,0.3191489361702128,0.632183908045977,0.18085106382978725,0.4095744680851064,0.7659574468085106,0.031914893617021274,1.0
6890,6890.T,Ferrotec Corporation,Electric Appliances,0.5026455026455027,0.4125,0.15263157894736842,0.42105263157894735,0.4285714285714286,0.9105263157894737,1.0
6392,6392.T,YAMADA CORPORATION,Machinery,0.4148936170212766,0.5977011494252874,0.851063829787234,0.2047872340425532,0.42021276595744683,0.11170212765957446,1.0
6668,6668.T,"ADTEC PLASMA TECHNOLOGY CO.,LTD.",Electric Appliances,0.2751322751322751,0.6375,0.34210526315789475,0.9289473684210526,0.7248677248677249,0.5105263157894737,1.0
6402,6402.T,"KANEMATSU ENGINEERING CO.,LTD.",Machinery,0.5585106382978723,0.7413793103448276,0.7553191489361702,0.9202127659574468,0.43617021276595747,0.324468085106383,1.0
4800,4800.T,Oricon Inc.,Information & Communication,0.2439516129032258,0.5354523227383863,0.6008146639511202,0.4909819639278557,0.33536585365853655,0.7194388777555111,1.0
6653,6653.T,"SEIKO ELECTRIC CO.,LTD.",Electric Appliances,0.3544973544973545,0.525,0.33157894736842103,0.42105263157894735,0.7566137566137566,0.5526315789473685,1.0
6488,6488.T,Yoshitake Inc.,Machinery,0.7021276595744681,0.5057471264367817,0.46808510638297873,0.675531914893617,0.5957446808510638,0.11702127659574468,1.0
6235,6235.T,"OPTORUN CO.,LTD.",Machinery,0.1276595744680851,0.06321839080459771,0.1595744680851064,0.2047872340425532,0.8936170212765957,0.8882978723404256,1.0
6380,6380.T,"ORIENTAL CHAIN MFG. CO.,LTD.",Machinery,0.06382978723404255,0.040229885057471264,0.2393617021276596,0.018617021276595744,0.22340425531914898,0.2925531914893617,1.0
7721,7721.T,TOKYO KEIKI INC.,Precision Instruments,0.23684210526315788,0.2647058823529412,0.23684210526315788,0.07894736842105263,0.0,0.9210526315789473,1.0
6742,6742.T,"Kyosan Electric Manufacturing Co.,Ltd.",Electric Appliances,0.656084656084656,0.81875,0.23157894736842105,0.6973684210526315,0.25396825396825395,0.4421052631578947,1.0
6302,6302.T,"SUMITOMO HEAVY INDUSTRIES,LTD.",Machinery,0.574468085106383,0.28160919540229884,0.48404255319148937,0.675531914893617,0.5904255319148937,0.925531914893617,1.0
6140,6140.T,"Asahi Diamond Industrial Co.,Ltd.",Machinery,0.425531914893617,0.16666666666666666,0.21808510638297873,0.675531914893617,0.7553191489361702,0.9042553191489362,1.0
6267,6267.T,"GENERAL PACKER CO.,LTD.",Machinery,0.5797872340425532,0.8275862068965517,0.8031914893617021,0.675531914893617,0.18085106382978722,0.06914893617021277,1.0
6485,6485.T,"MAEZAWA KYUSO INDUSTRIES CO.,LTD.",Machinery,0.675531914893617,0.5689655172413793,0.5585106382978723,0.675531914893617,0.4308510638297872,0.30319148936170215,1.0
6209,6209.T,NPR-RIKEN CORPORATION,Machinery,0.723404255319149,0.6206896551724138,0.4095744680851064,0.675531914893617,0.7127659574468085,0.6808510638297872,1.0
6507,6507.T,"SINFONIA TECHNOLOGY CO.,LTD.",Electric Appliances,0.09523809523809523,0.24375,0.5684210526315789,0.6973684210526315,0.28042328042328046,0.8421052631578947,1.0
5105,5105.T,Toyo Tire Corporation,Rubber Products,0.3333333333333333,0.7272727272727273,1.0,0.8333333333333334,0.6666666666666667,1.0,1.0
5406,5406.T,"Kobe Steel,Ltd.",Iron and Steel,0.4857142857142857,0.7272727272727273,0.6285714285714286,0.9,0.32352941176470584,1.0,1.0
6284,6284.T,"NISSEI ASB MACHINE CO.,LTD.",Machinery,0.14361702127659576,0.29310344827586204,0.7340425531914894,0.9202127659574468,0.46808510638297873,0.6861702127659575,1.0
4461,4461.T,DKS Co.Ltd.,Chemicals,0.0972972972972973,0.13529411764705881,0.43243243243243246,0.8810810810810811,0.6120218579234973,0.8756756756756757,1.0
6250,6250.T,YAMABIKO CORPORATION,Machinery,0.32978723404255317,0.6724137931034483,0.9148936170212766,0.2047872340425532,0.18617021276595747,0.6914893617021277,1.0
6517,6517.T,"Denyo Co.,Ltd.",Electric Appliances,0.6507936507936508,0.6875,0.3105263157894737,0.6973684210526315,0.4444444444444444,0.3894736842105263,1.0
6332,6332.T,"TSUKISHIMA HOLDINGS CO.,LTD.",Machinery,0.4734042553191489,0.46551724137931033,0.23404255319148937,0.9202127659574468,0.8297872340425532,0.7074468085106383,1.0
6999,6999.T,KOA CORPORATION,Electric Appliances,0.4603174603174603,0.03125,0.11578947368421053,0.2,0.6825396825396826,0.7315789473684211,1.0
6788,6788.T,"NIHON TRIM CO.,LTD.",Electric Appliances,0.455026455026455,0.6125,0.9210526315789473,0.2,0.33333333333333337,0.2631578947368421,1.0
8086,8086.T,NIPRO CORPORATION,Precision Instruments,0.868421052631579,0.6176470588235294,0.05263157894736842,0.868421052631579,0.7105263157894737,0.7894736842105263,1.0
6247,6247.T,"HISAKA WORKS,LTD.",Machinery,0.7553191489361702,0.7011494252873564,0.11702127659574468,0.675531914893617,0.4787234042553191,0.44148936170212766,1.0
6845,6845.T,Azbil Corporation,Electric Appliances,0.14285714285714285,0.4,0.9,0.9289473684210526,0.35978835978835977,0.8052631578947368,1.0
6748,6748.T,"SEIWA ELECTRIC MFG. CO.,LTD.",Electric Appliances,0.8994708994708994,0.875,0.4421052631578947,0.6973684210526315,0.5502645502645502,0.16842105263157894,1.0
6923,6923.T,"Stanley Electric Co.,Ltd.",Electric Appliances,0.671957671957672,0.65625,0.20526315789473684,0.6973684210526315,0.6031746031746033,0.8,1.0
6331,6331.T,"Mitsubishi Kakoki Kaisha,Ltd.",Machinery,0.1702127659574468,0.3448275862068966,0.5053191489361702,0.2047872340425532,0.021276595744680882,0.7872340425531915,1.0
6457,6457.T,GLORY LTD.,Machinery,0.4946808510638298,0.7586206896551724,0.9361702127659575,0.675531914893617,0.8031914893617021,0.7712765957446809,1.0
6964,6964.T,"SANKO CO.,LTD.",Electric Appliances,0.9365079365079365,0.7875,0.06842105263157895,0.2,0.2328042328042328,0.031578947368421054,1.0
6763,6763.T,"Teikoku Tsushin Kogyo Co.,Ltd.",Electric Appliances,0.5925925925925926,0.74375,0.28421052631578947,0.42105263157894735,0.17989417989417988,0.19473684210526315,1.0
2461,2461.T,"FAN Communications,Inc.",Services,0.46308724832214765,0.34782608695652173,0.30995475113122173,0.6964285714285714,0.44874715261959,0.5625,1.0
6770,6770.T,"ALPS ALPINE CO.,LTD.",Electric Appliances,0.544973544973545,0.76875,0.5736842105263158,0.9289473684210526,0.5608465608465609,0.8631578947368421,1.0
6838,6838.T,"TAMAGAWA HOLDINGS CO.,LTD.",Electric Appliances,0.1693121693121693,0.06875,0.24736842105263157,0.42105263157894735,0.15873015873015872,0.7210526315789474,1.0
6466,6466.T,"TVE Co.,Ltd.",Machinery,0.6648936170212766,0.40804597701149425,0.2765957446808511,0.2047872340425532,0.17021276595744683,0.5478723404255319,1.0
6159,6159.T,"MICRON MACHINERY CO.,LTD.",Machinery,0.7446808510638298,0.5,0.16489361702127658,0.9202127659574468,0.8776595744680851,0.026595744680851064,1.0
6371,6371.T,TSUBAKIMOTO CHAIN CO.,Machinery,0.46808510638297873,0.5574712643678161,0.5957446808510638,0.675531914893617,0.39893617021276595,0.7127659574468085,1.0
7760,7760.T,IMV CORPORATION,Precision Instruments,0.18421052631578946,0.5294117647058824,0.5789473684210527,0.2894736842105263,0.8947368421052632,0.5789473684210527,1.0
4287,4287.T,JUST PLANNING INC.,Information & Communication,0.6330645161290323,0.7408312958435208,0.285132382892057,0.7615230460921844,0.6341463414634146,0.24048096192384769,1.0
5983,5983.T,IWABUCHI CORPORATION,Metal Products,0.3902439024390244,0.5797101449275363,0.4024390243902439,0.7865853658536586,0.18292682926829273,0.4024390243902439,1.0
5714,5714.T,"DOWA HOLDINGS CO.,LTD.",Nonferrous Metals,0.3793103448275862,0.4,0.2413793103448276,0.10344827586206896,0.25,0.7931034482758621,1.0
6518,6518.T,"SANSO ELECTRIC CO.,LTD.",Electric Appliances,0.6402116402116402,0.04375,0.2,0.42105263157894735,0.4126984126984127,0.18947368421052632,1.0
6369,6369.T,TOYO KANETSU K.K.,Machinery,0.898936170212766,0.9540229885057471,0.48936170212765956,0.9202127659574468,0.601063829787234,0.6648936170212766,1.0
6989,6989.T,"HOKURIKU ELECTRIC INDUSTRY CO.,LTD.",Electric Appliances,0.7142857142857143,0.8375,0.4263157894736842,0.6973684210526315,0.6878306878306879,0.17894736842105263,1.0
6633,6633.T,CGS HOLDINGS INC.,Electric Appliances,0.6455026455026455,0.79375,0.9105263157894737,0.42105263157894735,0.24867724867724872,0.08947368421052632,1.0
6484,6484.T,KVK CORPORATION,Machinery,0.75,0.7931034482758621,0.5372340425531915,0.2047872340425532,0.7446808510638299,0.047872340425531915,1.0
7991,7991.T,"MAMIYA-OP CO.,LTD",Machinery,0.9095744680851063,1.0,0.723404255319149,0.9202127659574468,0.8191489361702128,0.26595744680851063,1.0
6286,6286.T,SEIKO CORPORATION,Machinery,0.824468085106383,0.7816091954022989,0.8723404255319149,0.9202127659574468,0.9202127659574468,0.1702127659574468,1.0
6345,6345.T,AICHI CORPORATION,Machinery,0.3617021276595745,0.41954022988505746,0.13829787234042554,0.675531914893617,0.6808510638297872,0.6063829787234043,1.0
6750,6750.T,"ELECOM CO.,LTD.",Electric Appliances,0.38095238095238093,0.60625,0.8736842105263158,0.42105263157894735,0.8518518518518519,0.5210526315789473,1.0
6436,6436.T,Amano Corporation,Machinery,0.19680851063829788,0.4367816091954023,0.9787234042553191,0.9202127659574468,0.7074468085106382,0.8031914893617021,1.0
4441,4441.T,Tobila Systems Inc.,Information & Communication,0.11895161290322581,0.3374083129584352,0.4623217922606925,0.24048096192384769,0.9776422764227642,0.4408817635270541,1.0
2433,2433.T,HAKUHODO DY HOLDINGS INCORPORATED,Services,0.7628635346756152,0.12276214833759591,0.47737556561085975,0.21316964285714285,0.7813211845102506,0.9575892857142857,1.0
6820,6820.T,ICOM INCORPORATED,Electric Appliances,0.8518518518518519,0.58125,0.48947368421052634,0.2,0.2751322751322751,0.29473684210526313,1.0
6915,6915.T,"CHIYODA INTEGRE CO.,LTD.",Electric Appliances,0.8095238095238095,0.95,0.3631578947368421,0.2,0.09523809523809523,0.21052631578947367,1.0
6291,6291.T,"AIRTECH JAPAN,LTD.",Machinery,0.601063829787234,0.6436781609195402,0.39361702127659576,0.2047872340425532,0.6063829787234043,0.3723404255319149,1.0
9104,9104.T,"Mitsui O.S.K.Lines,Ltd.",Marine Transportation,0.6363636363636364,0.8181818181818182,0.2222222222222222,0.09090909090909091,0.18181818181818177,1.0,1.0
6322,6322.T,TACMINA CORPORATION,Machinery,0.44680851063829785,0.8045977011494253,0.9308510638297872,0.675531914893617,0.29255319148936165,0.05319148936170213,1.0
6597,6597.T,HPC SYSTEMS Inc.,Electric Appliances,0.05291005291005291,0.13125,0.9473684210526315,0.9289473684210526,0.962962962962963,0.7052631578947368,1.0
6599,6599.T,"EBRAINS,INC.",Electric Appliances,0.5661375661375662,0.49375,0.22105263157894736,0.42105263157894735,0.417989417989418,0.20526315789473684,1.0
6463,6463.T,"TPR CO.,LTD.",Machinery,1.0,0.9827586206896551,0.1702127659574468,0.675531914893617,0.7021276595744681,0.5531914893617021,1.0
1911,1911.T,"Sumitomo Forestry Co.,Ltd.",Construction,0.7985074626865671,0.9172932330827067,0.753731343283582,0.10820895522388059,0.5263157894736843,0.9253731343283582,1.0
6489,6489.T,"Maezawa Industries,Inc.",Machinery,0.4627659574468085,0.6954022988505747,0.7446808510638298,0.4095744680851064,0.8563829787234043,0.4787234042553192,1.0
6328,6328.T,"EBARA JITSUGYO CO.,LTD.",Machinery,0.18617021276595744,0.47126436781609193,0.8138297872340425,0.4095744680851064,0.09042553191489366,0.5585106382978723,1.0
2344,2344.T,"HEIAN CEREMONY SERVICE CO.,LTD.",Services,0.8501118568232662,0.5473145780051151,0.04072398190045249,0.9084821428571429,0.2687927107061503,0.6964285714285714,1.0
7201,7201.T,"NISSAN MOTOR CO.,LTD.",Transportation Equipment,0.9545454545454546,0.5,0.09090909090909091,0.22727272727272727,0.8095238095238095,0.9848484848484849,1.0
7723,7723.T,"Aichi Tokei Denki Co.,Ltd.",Precision Instruments,0.7631578947368421,0.8235294117647058,0.21052631578947367,0.5921052631578947,0.052631578947368474,0.23684210526315788,1.0
1925,1925.T,"DAIWA HOUSE INDUSTRY CO.,LTD.",Construction,0.6194029850746269,0.8345864661654135,0.5223880597014925,0.48880597014925375,0.6992481203007519,0.9701492537313433,1.0
6486,6486.T,"EAGLE INDUSTRY CO.,LTD.",Machinery,0.44148936170212766,0.5804597701149425,0.4787234042553192,0.9202127659574468,0.5106382978723405,0.675531914893617,1.0
5803,5803.T,Fujikura Ltd.,Nonferrous Metals,0.06896551724137931,0.12,0.9655172413793104,0.8793103448275862,0.7142857142857143,1.0,1.0
6737,6737.T,EIZO Corporation,Electric Appliances,0.6984126984126984,0.29375,0.3263157894736842,0.6973684210526315,0.6931216931216931,0.5842105263157895,1.0
6146,6146.T,DISCO CORPORATION,Machinery,0.010638297872340425,0.05172413793103448,0.9840425531914894,0.675531914893617,0.35106382978723405,1.0,1.0
4464,4464.T,SOFT99corporation,Chemicals,0.2702702702702703,0.1588235294117647,0.3621621621621622,0.6054054054054054,0.39344262295081966,0.16756756756756758,1.0
6951,6951.T,JEOL Ltd.,Electric Appliances,0.19047619047619047,0.41875,0.8894736842105263,0.6973684210526315,0.47619047619047616,0.8105263157894737,1.0
6976,6976.T,"TAIYO YUDEN CO.,LTD.",Electric Appliances,0.07407407407407407,0.00625,0.15789473684210525,0.42105263157894735,0.7619047619047619,0.9789473684210527,1.0
6718,6718.T,"AIPHONE CO.,LTD.",Electric Appliances,0.8359788359788359,0.7,0.7789473684210526,0.6973684210526315,0.4973544973544973,0.34210526315789475,1.0
7409,7409.T,"AeroEdge Co.,Ltd",Transportation Equipment,0.06060606060606061,0.2413793103448276,0.7575757575757576,0.4318181818181818,0.8412698412698413,0.803030303030303,1.0
6157,6157.T,"NS TOOL CO.,LTD.",Machinery,0.3882978723404255,0.3563218390804598,0.6914893617021277,0.675531914893617,0.7234042553191489,0.3617021276595745,1.0
2181,2181.T,"PERSOL HOLDINGS CO.,LTD.",Services,0.07829977628635347,0.5268542199488491,0.9615384615384616,0.0234375,0.5,0.9888392857142857,1.0
6874,6874.T,KYORITSU ELECTRIC CORPORATION,Electric Appliances,0.5608465608465608,0.80625,0.6157894736842106,0.9289473684210526,0.37037037037037035,0.12105263157894737,1.0
3433,3433.T,"TOCALO Co.,Ltd.",Metal Products,0.04878048780487805,0.17391304347826086,0.7804878048780488,0.9695121951219512,0.36585365853658536,0.9024390243902439,1.0
6382,6382.T,TRINITY INDUSTRIAL CORPORATION,Machinery,0.7819148936170213,0.9195402298850575,0.4734042553191489,0.4095744680851064,0.010638297872340385,0.2393617021276596,1.0
7715,7715.T,"NAGANO KEIKI CO.,LTD.",Precision Instruments,0.5789473684210527,0.9117647058823529,0.631578947368421,0.2894736842105263,0.1842105263157895,0.5,1.0
3891,3891.T,NIPPON KODOSHI CORPORATION,Pulp and Paper,0.041666666666666664,0.045454545454545456,0.25,0.9166666666666666,0.8333333333333334,0.875,1.0
6590,6590.T,SHIBAURA MECHATRONICS CORPORATION,Electric Appliances,0.06349206349206349,0.2125,0.7947368421052632,0.6973684210526315,0.12698412698412698,0.9210526315789473,1.0
7965,7965.T,Zojirushi Corporation,Electric Appliances,0.5873015873015873,0.53125,0.6578947368421053,0.42105263157894735,0.5767195767195767,0.5263157894736842,1.0
6393,6393.T,"YUKEN KOGYO CO.,LTD.",Machinery,0.9414893617021277,0.867816091954023,0.32978723404255317,0.675531914893617,0.49468085106382975,0.1595744680851064,1.0
6309,6309.T,"TOMOE ENGINEERING CO.,LTD.(TOMOE KOGYO CO.,LTD.)",Machinery,0.3776595744680851,0.47701149425287354,0.7659574468085106,0.675531914893617,0.20744680851063835,0.5957446808510638,1.0
3712,3712.T,"Information Planning CO.,LTD.",Information & Communication,0.9959677419354839,0.9975550122249389,0.32179226069246436,0.24048096192384769,0.39837398373983735,0.3246492985971944,1.0
5821,5821.T,HIRAKAWA HEWTECH CORP.,Nonferrous Metals,0.41379310344827586,0.36,0.3448275862068966,0.8793103448275862,0.8214285714285714,0.5172413793103449,1.0
9537,9537.T,"HOKURIKU GAS CO.,LTD.",Electric Power and Gas,0.8461538461538461,0.52,0.8,0.6730769230769231,0.88,0.07692307692307693,1.0
6798,6798.T,SMK Corporation,Electric Appliances,0.7513227513227513,0.5,0.29473684210526313,0.2,0.8624338624338624,0.26842105263157895,0.0
6333,6333.T,TEIKOKU CORPORATION,Machinery,0.2765957446808511,0.6091954022988506,0.8776595744680851,0.675531914893617,0.37234042553191493,0.48404255319148937,1.0
6856,6856.T,"HORIBA,Ltd.",Electric Appliances,0.15343915343915343,0.25625,0.7263157894736842,0.6973684210526315,0.5925925925925926,0.8842105263157894,1.0
5711,5711.T,Mitsubishi Materials Corporation,Nonferrous Metals,0.6206896551724138,0.48,0.06896551724137931,0.46551724137931033,0.5,0.8620689655172413,1.0
4004,4004.T,Resonac Holdings Corporation,Chemicals,0.010810810810810811,0.0058823529411764705,0.5837837837837838,0.04054054054054054,0.5,0.9945945945945946,1.0
9672,9672.T,"TOKYOTOKEIBA CO.,LTD.",Services,0.6017897091722595,0.6342710997442456,0.09049773755656108,0.9084821428571429,0.8132118451025057,0.875,1.0
6272,6272.T,"RHEON AUTOMATIC MACHINERY CO.,LTD.",Machinery,0.4787234042553192,0.7126436781609196,0.9468085106382979,0.2047872340425532,0.7393617021276595,0.48936170212765956,1.0
6360,6360.T,"TOKYO AUTOMATIC MACHINERY WORKS,LTD.",Machinery,0.7872340425531915,0.9482758620689655,0.6436170212765957,0.675531914893617,0.3085106382978723,0.14361702127659576,1.0
6841,6841.T,YOKOGAWA ELECTRIC CORPORATION,Electric Appliances,0.18518518518518517,0.3625,0.8421052631578947,0.42105263157894735,0.8095238095238095,0.9157894736842105,1.0
9532,9532.T,"OSAKA GAS CO.,LTD.",Electric Power and Gas,0.15384615384615385,0.16,0.2,0.1346153846153846,0.6,0.8461538461538461,1.0
4976,4976.T,"TOYO DRILUBE CO.,LTD.",Chemicals,0.9837837837837838,0.9764705882352941,0.22162162162162163,0.8810810810810811,0.3715846994535519,0.03783783783783784,1.0
4658,4658.T,"Nippon Air Conditioning Services Co.,Ltd.",Services,0.3243847874720358,0.3554987212276215,0.3054298642533937,0.4419642857142857,0.5990888382687927,0.8169642857142857,1.0
7734,7734.T,"RIKEN KEIKI CO.,LTD.",Precision Instruments,0.34210526315789475,0.5,0.4473684210526316,0.2894736842105263,0.07894736842105265,0.5526315789473685,1.0
3103,3103.T,UNITIKA LTD.,Textiles and Apparels,0.024390243902439025,0.5,0.4878048780487805,0.2926829268292683,0.975,1.0,0.0
6458,6458.T,SINKO INDUSTRIES LTD.,Machinery,0.2978723404255319,0.6666666666666666,0.7127659574468085,0.675531914893617,0.2021276595744681,0.6382978723404256,1.0
6229,6229.T,OKUMURA ENGINEERING corp.,Machinery,0.7180851063829787,0.4885057471264368,0.75,0.675531914893617,0.7765957446808511,0.30851063829787234,1.0
5869,5869.T,"WASEDA GAKUSHUKENKYUKAI CO.,LTD.",Services,0.40492170022371365,0.6240409207161125,0.3755656108597285,0.4419642857142857,0.4738041002277904,0.47098214285714285,1.0
6357,6357.T,"Sansei Technologies,Inc.",Machinery,0.4308510638297872,0.3735632183908046,0.526595744680851,0.675531914893617,0.44680851063829785,0.43617021276595747,1.0
6810,6810.T,"Maxell,Ltd.",Electric Appliances,0.6613756613756614,0.8,0.4473684210526316,0.9289473684210526,0.4021164021164021,0.6,1.0
6037,6037.T,"RAKUMACHI,INC.",Services,0.1476510067114094,0.3836317135549872,0.5,0.9084821428571429,0.6332574031890661,0.6696428571428571,1.0
6277,6277.T,HOSOKAWA MICRON CORPORATION,Machinery,0.39361702127659576,0.3275862068965517,0.7712765957446809,0.4095744680851064,0.824468085106383,0.6170212765957447,1.0
7781,7781.T,"HIRAYAMA HOLDINGS Co.,Ltd.",Precision Instruments,0.3157894736842105,0.7941176470588235,1.0,0.868421052631579,0.368421052631579,0.07894736842105263,1.0
6418,6418.T,"JAPAN CASH MACHINE CO.,LTD.",Machinery,0.6276595744680851,0.8850574712643678,0.8563829787234043,0.9202127659574468,0.9361702127659575,0.5159574468085106,1.0
6336,6336.T,"ISHII HYOKI CO.,LTD.",Machinery,0.5212765957446809,0.6149425287356322,0.6170212765957447,0.675531914893617,0.6117021276595744,0.39361702127659576,1.0
3763,3763.T,Pro-Ship Incorporated,Information & Communication,0.5463709677419355,0.7750611246943765,0.48676171079429736,0.24048096192384769,0.12398373983739841,0.6893787575150301,1.0
6381,6381.T,ANEST IWATA Corporation,Machinery,0.3670212765957447,0.5919540229885057,0.9521276595744681,0.4095744680851064,0.8882978723404256,0.4734042553191489,1.0
9531,9531.T,"TOKYO GAS CO.,LTD.",Electric Power and Gas,0.19230769230769232,0.28,0.13333333333333333,0.6730769230769231,0.64,0.9230769230769231,1.0
6875,6875.T,MegaChips Corporation,Electric Appliances,0.31746031746031744,0.2,0.021052631578947368,0.02368421052631579,0.05291005291005291,0.7631578947368421,1.0
4450,4450.T,"Power Solutions,Ltd.",Information & Communication,0.5705645161290323,0.5574572127139364,0.5926680244399185,0.9448897795591182,0.8434959349593496,0.32665330661322645,1.0
6430,6430.T,"DAIKOKU DENKI CO.,LTD.",Machinery,0.7127659574468085,0.9712643678160919,0.9893617021276596,0.4095744680851064,0.4148936170212766,0.526595744680851,1.0
3407,3407.T,ASAHI KASEI CORPORATION,Chemicals,0.3081081081081081,0.38823529411764707,0.6648648648648648,0.13783783783783785,0.6775956284153005,0.9837837837837838,1.0
6013,6013.T,"TAKUMA CO.,LTD.",Machinery,0.14893617021276595,0.20114942528735633,0.3670212765957447,0.2047872340425532,0.07446808510638303,0.776595744680851,1.0
6340,6340.T,SHIBUYA CORPORATION,Machinery,0.4574468085106383,0.6264367816091954,0.26595744680851063,0.675531914893617,0.3563829787234043,0.44680851063829785,1.0
6932,6932.T,ENDO Lighting Corporation,Electric Appliances,0.7037037037037037,0.86875,0.7631578947368421,0.2,0.1534391534391535,0.42105263157894735,1.0
6832,6832.T,"AOI ELECTRONICS CO.,LTD.",Electric Appliances,0.7619047619047619,0.01875,0.08947368421052632,0.6973684210526315,0.5079365079365079,0.38421052631578945,1.0
6118,6118.T,"AIDA ENGINEERING,LTD.",Machinery,0.6595744680851063,0.5344827586206896,0.0851063829787234,0.9202127659574468,0.473404255319149,0.5691489361702128,1.0
9436,9436.T,OKINAWA CELLULAR TELEPHONE COMPANY,Information & Communication,0.5141129032258065,0.6039119804400978,0.5,0.24048096192384769,0.5,0.8697394789579158,1.0
6412,6412.T,Heiwa Corporation,Machinery,0.6436170212765957,0.41379310344827586,0.005319148936170213,0.2047872340425532,0.5425531914893618,0.75,1.0
6804,6804.T,Hosiden Corporation,Electric Appliances,0.6084656084656085,0.63125,0.1368421052631579,0.02368421052631579,0.015873015873015928,0.6789473684210526,1.0
3444,3444.T,"KIKUCHI SEISAKUSHO CO.,LTD.",Metal Products,0.06097560975609756,0.2028985507246377,0.24390243902439024,0.4695121951219512,0.0,0.926829268292683,1.0
7276,7276.T,"KOITO MANUFACTURING CO.,LTD.",Electric Appliances,0.5343915343915344,0.51875,0.12105263157894737,0.9289473684210526,0.6349206349206349,0.8368421052631579,1.0
6420,6420.T,GALILEI CO.LTD.,Machinery,0.324468085106383,0.6379310344827587,0.7074468085106383,0.4095744680851064,0.31382978723404253,0.6117021276595744,1.0
6768,6768.T,TAMURA CORPORATION,Electric Appliances,0.4497354497354497,0.23125,0.6105263157894737,0.6973684210526315,0.746031746031746,0.6947368421052632,1.0
6459,6459.T,DAIWA INDUSTRIES LTD.,Machinery,0.35638297872340424,0.3505747126436782,0.7978723404255319,0.2047872340425532,0.3351063829787234,0.4946808510638298,1.0
4062,4062.T,"IBIDEN CO.,LTD.",Electric Appliances,0.026455026455026454,0.025,0.1,0.9289473684210526,0.835978835978836,0.9894736842105263,1.0
5945,5945.T,"Tenryu Saw Mfg.Co.,Ltd.",Metal Products,0.5,0.391304347826087,0.17073170731707318,0.7865853658536586,0.5121951219512195,0.32926829268292684,1.0
6482,6482.T,Yushin Company,Machinery,0.7712765957446809,0.6551724137931034,0.7287234042553191,0.4095744680851064,0.10106382978723405,0.3351063829787234,1.0
9449,9449.T,"GMO internet group,Inc.",Information & Communication,0.592741935483871,0.6356968215158925,0.7413441955193483,0.24048096192384769,0.5,0.935871743486974,1.0
6474,6474.T,NACHI-FUJIKOSHI CORP.,Machinery,0.6702127659574468,0.43103448275862066,0.2925531914893617,0.675531914893617,0.6329787234042553,0.7446808510638298,1.0
6016,6016.T,Japan Engine Corporation,Transportation Equipment,0.015151515151515152,0.20689655172413793,0.8333333333333334,0.9242424242424242,0.8888888888888888,0.8636363636363636,1.0
5208,5208.T,"Arisawa Mfg.Co.,Ltd.",Chemicals,0.21621621621621623,0.2823529411764706,0.2648648648648649,0.8810810810810811,0.24590163934426235,0.7351351351351352,1.0
7979,7979.T,SHOFU INC.,Precision Instruments,0.5526315789473685,0.6470588235294118,0.9736842105263158,0.5921052631578947,0.10526315789473684,0.47368421052631576,1.0
3969,3969.T,ATLED CORP.,Information & Communication,0.4495967741935484,0.5672371638141809,0.3054989816700611,0.7615230460921844,0.7581300813008129,0.20240480961923848,1.0
6432,6432.T,"TAKEUCHI MFG.CO.,LTD.",Machinery,0.2393617021276596,0.6494252873563219,0.6542553191489362,0.4095744680851064,0.22872340425531912,0.8776595744680851,1.0
6652,6652.T,IDEC CORPORATION,Electric Appliances,0.3968253968253968,0.38125,0.6473684210526316,0.2,0.783068783068783,0.5631578947368421,1.0
6104,6104.T,"SHIBAURA MACHINE CO.,LTD.",Machinery,0.6223404255319149,0.8620689655172413,0.7819148936170213,0.4095744680851064,0.25531914893617025,0.7393617021276596,1.0
6497,6497.T,HAMAI INDUSTRIES LTD,Machinery,0.8723404255319149,0.7873563218390804,0.10106382978723404,0.675531914893617,0.2978723404255319,0.18085106382978725,1.0
4047,4047.T,"KANTO DENKA KOGYO CO.,LTD.",Chemicals,0.06486486486486487,0.041176470588235294,0.04864864864864865,0.6054054054054054,0.8688524590163934,0.827027027027027,1.0
6039,6039.T,"Japan Animal Referral Medical Center Co.,Ltd.",Services,0.9485458612975392,0.9872122762148338,0.19230769230769232,0.9084821428571429,0.8792710706150342,0.8325892857142857,1.0
7318,7318.T,"SERENDIP HOLDINGS Co.,Ltd.",Transportation Equipment,0.21212121212121213,0.9137931034482759,0.3484848484848485,0.22727272727272727,0.04761904761904767,0.7424242424242424,1.0
6230,6230.T,SANEI LTD.,Machinery,0.7074468085106383,0.8505747126436781,0.9627659574468085,0.675531914893617,0.5372340425531915,0.06382978723404255,1.0
6840,6840.T,"AKIBA Holdings Co.,Ltd.",Electric Appliances,0.2222222222222222,0.10625,0.7315789473684211,0.02368421052631579,0.08465608465608465,0.5894736842105263,1.0
4626,4626.T,"TAIYO HOLDINGS CO.,LTD.",Chemicals,0.0918918918918919,0.17058823529411765,0.8108108108108109,0.8810810810810811,0.8469945355191257,0.8648648648648649,1.0
7877,7877.T,"EIDAI KAKO CO.,LTD.",Chemicals,0.9405405405405406,0.5352941176470588,0.4972972972972973,0.6054054054054054,0.8743169398907104,0.08108108108108109,1.0
3912,3912.T,"Mobile Factory,Inc.",Information & Communication,0.46774193548387094,0.43031784841075793,0.6171079429735234,0.7615230460921844,0.8170731707317074,0.3486973947895792,1.0
6952,6952.T,"CASIO COMPUTER CO.,LTD.",Electric Appliances,0.30158730158730157,0.20625,0.8157894736842105,0.6973684210526315,0.42328042328042326,0.8736842105263158,1.0
4204,4204.T,"Sekisui Chemical Co.,Ltd.",Chemicals,0.3837837837837838,0.7,0.8486486486486486,0.6054054054054054,0.47540983606557374,0.972972972972973,1.0
5589,5589.T,"AUTOSERVER CO.,LTD.",Information & Communication,0.594758064516129,0.5990220048899756,0.16089613034623218,0.24048096192384769,0.7418699186991871,0.3046092184368738,1.0
6862,6862.T,MINATO HOLDINGS INC.,Electric Appliances,0.17989417989417988,0.15,0.6263157894736842,0.2,0.2222222222222222,0.7526315789473684,1.0
4746,4746.T,"Toukei Computer Co.,Ltd.",Information & Communication,0.6008064516129032,0.530562347188264,0.05295315682281059,0.24048096192384769,0.4817073170731707,0.7915831663326653,1.0
6919,6919.T,KEL CORPORATION,Electric Appliances,0.8306878306878307,0.4375,0.2736842105263158,0.42105263157894735,0.5873015873015873,0.14736842105263157,1.0
1723,1723.T,"NIHON DENGI CO.,LTD.",Construction,0.6492537313432836,0.9323308270676691,0.9552238805970149,0.48880597014925375,0.7669172932330828,0.7238805970149254,1.0
7701,7701.T,Shimadzu Corporation,Precision Instruments,0.2631578947368421,0.47058823529411764,0.7368421052631579,0.2894736842105263,0.1578947368421053,1.0,1.0
7003,7003.T,"MITSUI E&S Co.,Ltd.",Machinery,0.13297872340425532,0.8563218390804598,0.0797872340425532,0.675531914893617,0.0478723404255319,0.9893617021276596,1.0
2477,2477.T,"Temairazu,Inc.",Information & Communication,0.44556451612903225,0.6552567237163814,0.23217922606924643,0.4909819639278557,0.3292682926829268,0.37675350701402804,1.0
9790,9790.T,"Fukui Computer Holdings,Inc.",Information & Communication,0.3588709677419355,0.4743276283618582,0.4480651731160896,0.4909819639278557,0.6463414634146342,0.7434869739478958,1.0
7727,7727.T,OVAL Corporation,Precision Instruments,0.6842105263157895,0.5882352941176471,0.3684210526315789,0.5921052631578947,0.736842105263158,0.34210526315789475,1.0
6637,6637.T,"TERASAKI ELECTRIC CO.,LTD.",Electric Appliances,0.708994708994709,0.825,0.41578947368421054,0.9289473684210526,0.7195767195767195,0.4842105263157895,1.0
6543,6543.T,NISSEN INC.,Services,0.6845637583892618,0.969309462915601,0.3665158371040724,0.4419642857142857,0.04100227790432798,0.14508928571428573,1.0
6504,6504.T,"FUJI ELECTRIC CO.,LTD.",Electric Appliances,0.164021164021164,0.33125,0.6,0.6973684210526315,0.6137566137566137,0.9421052631578948,1.0
6407,6407.T,CKD Corporation,Machinery,0.09042553191489362,0.11494252873563218,0.5638297872340425,0.9202127659574468,0.6276595744680851,0.9148936170212766,1.0
6226,6226.T,"Moriya Transportation Engineering and Manufacturing Co.,Ltd.",Machinery,0.09574468085106383,0.4827586206896552,0.9414893617021277,0.4095744680851064,0.1063829787234043,0.7287234042553191,1.0
2323,2323.T,fonfun corporation,Information & Communication,0.26411290322580644,0.44254278728606355,0.2505091649694501,0.4909819639278557,0.44308943089430897,0.4749498997995992,1.0
6629,6629.T,"TECHNO HORIZON CO.,LTD.",Electric Appliances,0.42857142857142855,0.5,0.7052631578947368,0.2,0.6984126984126984,0.7157894736842105,1.0
5261,5261.T,"RESOL HOLDINGS Co.,Ltd.",Services,0.2751677852348993,0.3069053708439898,0.6244343891402715,0.9084821428571429,0.6856492027334852,0.7053571428571429,1.0
6231,6231.T,"KIMURA KOHKI Co.,Ltd.",Machinery,0.0797872340425532,0.39655172413793105,0.8882978723404256,0.675531914893617,0.3191489361702128,0.46808510638297873,1.0
6137,6137.T,"KOIKE SANSO KOGYO CO.,LTD.",Machinery,0.6382978723404256,0.8160919540229885,0.6648936170212766,0.675531914893617,0.3457446808510638,0.35638297872340424,1.0
7088,7088.T,Forum Engineering Inc.,Services,0.029082774049217,0.15089514066496162,0.7330316742081447,0.6964285714285714,0.642369020501139,0.6316964285714286,1.0
6958,6958.T,CMK CORPORATION,Electric Appliances,0.8201058201058201,0.5875,0.03684210526315789,0.2,0.5132275132275133,0.6578947368421053,1.0
6904,6904.T,"HARADA INDUSTRY CO.,LTD.",Electric Appliances,0.7936507936507936,0.91875,0.18421052631578946,0.06842105263157895,0.23809523809523814,0.03684210526315789,1.0
4187,4187.T,OSAKA ORGANIC CHEMICAL INDUSTRY LTD.,Chemicals,0.10270270270270271,0.3764705882352941,0.4,0.8810810810810811,0.21311475409836067,0.7675675675675676,1.0
4620,4620.T,"FUJIKURA KASEI CO.,LTD.",Chemicals,0.6648648648648648,0.07647058823529412,0.7621621621621621,0.6054054054054054,0.6721311475409837,0.6216216216216216,1.0
6246,6246.T,Techno Smart Corp.,Machinery,0.39893617021276595,0.764367816091954,0.2127659574468085,0.2047872340425532,0.02659574468085102,0.2127659574468085,1.0
6954,6954.T,FANUC CORPORATION,Electric Appliances,0.1111111111111111,0.1125,0.2578947368421053,0.6973684210526315,0.7513227513227514,0.9736842105263158,1.0
4082,4082.T,"DAIICHI KIGENSO KAGAKU-KOGYO CO.,LTD",Chemicals,0.2648648648648649,0.24705882352941178,0.16216216216216217,0.32972972972972975,0.29508196721311475,0.8108108108108109,1.0
9024,9024.T,SEIBU HOLDINGS INC.,Land Transportation,0.24074074074074073,0.9811320754716981,0.5,0.8611111111111112,0.9814814814814815,0.9074074074074074,1.0
6677,6677.T,"SK-Electronics CO.,LTD.",Electric Appliances,0.6031746031746031,0.675,0.30526315789473685,0.6973684210526315,0.7777777777777778,0.4473684210526316,1.0
9651,9651.T,"Japan Process Development Co.,Ltd.",Information & Communication,0.6169354838709677,0.7359413202933985,0.059063136456211814,0.24048096192384769,0.06504065040650409,0.3627254509018036,1.0
6465,6465.T,HOSHIZAKI CORPORATION,Machinery,0.20212765957446807,0.27586206896551724,0.824468085106383,0.675531914893617,0.30319148936170215,0.8829787234042553,1.0
6727,6727.T,"Wacom Co.,Ltd.",Electric Appliances,0.13756613756613756,0.375,0.9631578947368421,0.6973684210526315,0.6455026455026456,0.5578947368421052,1.0
6224,6224.T,"JRC Co.,Ltd.",Machinery,0.10106382978723404,0.5172413793103449,0.9202127659574468,0.675531914893617,0.13829787234042556,0.39893617021276595,1.0
3445,3445.T,"RS Technologies Co.,Ltd.",Metal Products,0.17073170731707318,0.2753623188405797,0.21951219512195122,0.7865853658536586,0.426829268292683,0.9146341463414634,1.0
6986,6986.T,FUTABA CORPORATION,Electric Appliances,0.9629629629629629,0.9375,0.05263157894736842,0.42105263157894735,0.2962962962962963,0.4631578947368421,1.0
6947,6947.T,ZUKEN INC.,Electric Appliances,0.20105820105820105,0.43125,0.9368421052631579,0.42105263157894735,0.2698412698412699,0.5052631578947369,1.0
7989,7989.T,TACHIKAWA CORPORATION,Metal Products,0.2804878048780488,0.3188405797101449,0.8292682926829268,0.7865853658536586,0.5,0.6951219512195121,1.0
6257,6257.T,"FUJISHOJI CO.,LTD.",Machinery,0.9042553191489362,0.8735632183908046,0.8936170212765957,0.4095744680851064,0.6861702127659575,0.2765957446808511,1.0
4374,4374.T,ROBOT PAYMENT INC.,Information & Communication,0.04032258064516129,0.37897310513447435,0.43584521384928715,0.4909819639278557,0.991869918699187,0.46292585170340683,1.0
3441,3441.T,"SANNO Co.,Ltd.",Metal Products,0.10975609756097561,0.5217391304347826,0.4146341463414634,0.4695121951219512,0.09756097560975607,0.8170731707317073,1.0
7745,7745.T,"A&D HOLON Holdings Company,Limited",Precision Instruments,0.47368421052631576,0.8529411764705882,0.8947368421052632,0.868421052631579,0.21052631578947367,0.631578947368421,1.0
9640,9640.T,"Saison Technology Co.,Ltd.",Information & Communication,0.3689516129032258,0.2982885085574572,0.570264765784114,0.7615230460921844,0.20934959349593496,0.250501002004008,1.0
4928,4928.T,"Noevir Holdings Co.,Ltd.",Chemicals,0.08648648648648649,0.4588235294117647,0.9351351351351351,0.32972972972972975,0.08743169398907102,0.6432432432432432,1.0
7995,7995.T,"VALQUA,LTD.",Chemicals,0.08108108108108109,0.14705882352941177,0.8216216216216217,0.04054054054054054,0.18579234972677594,0.7189189189189189,1.0
9202,9202.T,ANA HOLDINGS INC.,Air Transportation,0.5,0.75,0.3333333333333333,0.75,0.5,1.0,1.0
9795,9795.T,"STEP CO.,LTD.",Services,0.6174496644295302,0.5728900255754475,0.09954751131221719,0.9084821428571429,0.4601366742596811,0.5647321428571429,1.0
9476,9476.T,"CHUOKEIZAI-SHA HOLDINGS,INC.",Information & Communication,0.8729838709677419,0.4229828850855746,0.10386965376782077,0.9448897795591182,0.49593495934959353,0.09619238476953908,1.0
6807,6807.T,"Japan Aviation Electronics Industry,Limited",Electric Appliances,0.48677248677248675,0.55625,0.4052631578947368,0.9289473684210526,0.9206349206349207,0.6473684210526316,1.0
6368,6368.T,ORGANO CORPORATION,Machinery,0.03723404255319149,0.13793103448275862,0.8085106382978723,0.675531914893617,0.276595744680851,0.9202127659574468,1.0
3003,3003.T,"Hulic Co.,Ltd.",Real Estate,0.3821138211382114,0.4152542372881356,0.17886178861788618,0.6341463414634146,0.8278688524590164,0.967479674796748,1.0
9661,9661.T,"Kabuki-Za Co.,Ltd.",Services,0.06263982102908278,0.010230179028132993,0.00904977375565611,0.9084821428571429,0.4054669703872438,0.44642857142857145,1.0
6249,6249.T,"Gamecard Holdings,Inc.",Machinery,0.8351063829787234,0.9425287356321839,0.601063829787234,0.675531914893617,0.4414893617021277,0.31382978723404253,1.0
7735,7735.T,"SCREEN Holdings Co.,Ltd.",Electric Appliances,0.08994708994708994,0.40625,0.8315789473684211,0.6973684210526315,0.10582010582010581,0.968421052631579,1.0
6351,6351.T,"TSURUMI MANUFACTURING CO.,LTD.",Machinery,0.8457446808510638,0.9252873563218391,0.4946808510638298,0.06648936170212766,0.28191489361702127,0.5,1.0
6307,6307.T,"SANSEI CO.,LTD.",Machinery,0.6542553191489362,0.6896551724137931,0.5425531914893617,0.4095744680851064,0.037234042553191515,0.19680851063829788,1.0
6238,6238.T,FURYU CORPORATION,Machinery,0.24468085106382978,0.2413793103448276,1.0,0.675531914893617,0.9148936170212766,0.6223404255319149,1.0
5819,5819.T,"Canare Electric Co.,Ltd.",Nonferrous Metals,0.8275862068965517,0.76,0.9310344827586207,0.46551724137931033,0.6785714285714286,0.1724137931034483,1.0
4762,4762.T,XNET Corporation,Information & Communication,0.8467741935483871,0.726161369193154,0.1425661914460285,0.9448897795591182,0.5487804878048781,0.04809619238476954,1.0
7743,7743.T,"SEED CO.,LTD.",Precision Instruments,0.9210526315789473,0.7352941176470589,0.5,0.07894736842105263,0.6578947368421053,0.3157894736842105,1.0
6158,6158.T,"WAIDA MFG.CO.,LTD.",Machinery,0.7925531914893617,0.42528735632183906,0.648936170212766,0.2047872340425532,0.7287234042553192,0.19148936170212766,1.0
3800,3800.T,UNIRITA Inc.,Information & Communication,0.7318548387096774,0.28117359413202936,0.6069246435845214,0.4909819639278557,0.217479674796748,0.1683366733466934,1.0
6378,6378.T,"KIMURA CHEMICAL PLANTS CO.,LTD.",Machinery,0.3351063829787234,0.6781609195402298,0.3404255319148936,0.9202127659574468,0.4627659574468085,0.8457446808510638,1.0
7269,7269.T,SUZUKI MOTOR CORPORATION,Transportation Equipment,0.22727272727272727,0.22413793103448276,0.9848484848484849,0.4318181818181818,0.5,1.0,1.0
9769,9769.T,"GAKKYUSHA CO.,LTD.",Services,0.12304250559284116,0.4859335038363171,0.49321266968325794,0.4419642857142857,0.5535307517084282,0.5736607142857143,1.0
3834,3834.T,"Asahi Net,Inc.",Information & Communication,0.7762096774193549,0.8557457212713936,0.31568228105906315,0.9448897795591182,0.6626016260162602,0.46893787575150303,1.0
4917,4917.T,MANDOM CORPORATION,Chemicals,0.17297297297297298,0.047058823529411764,0.8648648648648649,0.32972972972972975,0.43715846994535523,0.6918918918918919,1.0
6203,6203.T,"Howa Machinery,Ltd.",Machinery,0.40425531914893614,0.14942528735632185,0.1276595744680851,0.4095744680851064,0.25,0.7553191489361702,1.0
4970,4970.T,"Toyo Gosei Co.,Ltd.",Chemicals,0.021621621621621623,0.06470588235294118,0.1891891891891892,0.8810810810810811,0.8142076502732241,0.7945945945945946,1.0
5951,5951.T,"Dainichi Co.,Ltd.",Metal Products,0.6097560975609756,0.43478260869565216,0.5121951219512195,0.7865853658536586,0.7560975609756098,0.5,1.0
6496,6496.T,"NAKAKITA SEISAKUSHO CO.,LTD.",Machinery,0.7287234042553191,0.7068965517241379,0.10638297872340426,0.2047872340425532,0.03191489361702127,0.5319148936170213,1.0
6918,6918.T,AVAL DATA CORPORATION,Electric Appliances,0.5555555555555556,0.44375,0.24210526315789474,0.2,0.05820105820105825,0.3157894736842105,1.0
6310,6310.T,"ISEKI & CO.,LTD.",Machinery,0.8617021276595744,0.4425287356321839,0.7606382978723404,0.675531914893617,0.973404255319149,0.6542553191489362,1.0
6433,6433.T,"HEPHAIST CO.,LTD.",Machinery,0.11702127659574468,0.5,0.026595744680851064,0.4095744680851064,0.4521276595744681,0.8191489361702128,0.0
7702,7702.T,"JMS CO.,LTD.",Precision Instruments,1.0,1.0,0.10526315789473684,0.868421052631579,0.26315789473684215,0.13157894736842105,1.0
6849,6849.T,NIHON KOHDEN CORPORATION,Electric Appliances,0.48148148148148145,0.625,0.8473684210526315,0.06842105263157895,0.2857142857142857,0.7105263157894737,1.0
6364,6364.T,AIRMAN CORPORATION,Machinery,0.42021276595744683,0.735632183908046,0.6223404255319149,0.06648936170212766,0.2872340425531915,0.5106382978723404,1.0
3939,3939.T,"Kanamic Network Co.,LTD",Information & Communication,0.0967741935483871,0.2591687041564792,0.7576374745417516,0.9448897795591182,0.5345528455284553,0.6332665330661322,1.0
4684,4684.T,"OBIC Co.,Ltd.",Information & Communication,0.1431451612903226,0.18581907090464547,0.09775967413441955,0.7615230460921844,0.3130081300813008,0.9939879759519038,1.0
4272,4272.T,"NIPPON KAYAKU CO.,LTD.",Chemicals,0.3027027027027027,0.3,0.4648648648648649,0.6054054054054054,0.40437158469945356,0.7891891891891892,1.0
4733,4733.T,"OBIC BUSINESS CONSULTANTS CO.,LTD.",Information & Communication,0.22782258064516128,0.16381418092909536,0.09572301425661914,0.9448897795591182,0.3922764227642277,0.9498997995991983,1.0
9446,9446.T,"SAKAI Holdings CO.,LTD",Information & Communication,0.8044354838709677,0.9682151589242054,0.3625254582484725,0.7615230460921844,0.6422764227642277,0.2665330661322645,1.0
6907,6907.T,"GEOMATEC CO.,LTD.",Electric Appliances,0.8677248677248677,0.59375,0.07368421052631578,0.6973684210526315,0.3650793650793651,0.32105263157894737,1.0
6316,6316.T,"MARUYAMA MFG.CO.,INC.",Machinery,0.8882978723404256,0.4942528735632184,0.7872340425531915,0.9202127659574468,0.6542553191489362,0.12234042553191489,1.0
9635,9635.T,"Musashino Kogyo Co.,Ltd.",Services,0.8926174496644296,0.08439897698209718,0.058823529411764705,0.6964285714285714,0.44646924829157175,0.022321428571428572,1.0
9636,9636.T,Kin-Ei Corp.,Services,0.07606263982102908,0.043478260869565216,0.05656108597285068,0.9084821428571429,0.8041002277904328,0.22544642857142858,1.0
6908,6908.T,"IRISO ELECTRONICS CO.,LTD.",Electric Appliances,0.6190476190476191,0.4625,0.35789473684210527,0.6973684210526315,0.873015873015873,0.5789473684210527,1.0
5444,5444.T,"YAMATO KOGYO CO.,LTD.",Iron and Steel,0.08571428571428572,0.24242424242424243,0.05714285714285714,0.37142857142857144,0.7352941176470589,0.9714285714285714,1.0
4345,4345.T,"CTS Co.,Ltd.",Services,0.21476510067114093,0.4296675191815857,0.4457013574660634,0.9084821428571429,0.5831435079726651,0.6540178571428571,1.0
6445,6445.T,JANOME Corporation,Machinery,0.7978723404255319,0.5862068965517241,0.8404255319148937,0.9202127659574468,0.5265957446808511,0.3882978723404255,1.0
2124,2124.T,"JAC Recruitment Co.,Ltd.",Services,0.03803131991051454,0.3989769820971867,0.9909502262443439,0.6964285714285714,0.6036446469248291,0.8883928571428571,1.0
9414,9414.T,Nippon BS Broadcasting Corporation,Information & Communication,0.9576612903225806,0.7114914425427873,0.12219959266802444,0.24048096192384769,0.46138211382113825,0.43887775551102204,1.0
1928,1928.T,"Sekisui House,Ltd.",Construction,0.6044776119402985,0.7819548872180451,0.6044776119402985,0.48880597014925375,0.5864661654135339,0.9552238805970149,1.0
5992,5992.T,"CHUO SPRING CO.,LTD.",Metal Products,0.18292682926829268,0.07246376811594203,0.13414634146341464,0.4695121951219512,0.7195121951219512,0.6707317073170732,1.0
6349,6349.T,KOMORI CORPORATION,Machinery,0.7393617021276596,0.7241379310344828,0.5212765957446809,0.4095744680851064,0.8138297872340425,0.5797872340425532,1.0
4828,4828.T,Business Engineering Corporation,Information & Communication,0.8649193548387096,0.9828850855745721,0.6985743380855397,0.7615230460921844,0.43089430894308944,0.7975951903807615,1.0
9679,9679.T,"HORAI Co.,Ltd.",Services,0.7516778523489933,0.26854219948849106,0.01809954751131222,0.9084821428571429,0.44419134396355353,0.024553571428571428,1.0
9445,9445.T,"FORVAL TELECOM,INC.",Information & Communication,0.27419354838709675,0.6992665036674817,0.7963340122199593,0.7615230460921844,0.8556910569105691,0.014028056112224449,1.0
6757,6757.T,"OSG CORPORATION CO.,LTD.",Electric Appliances,0.3915343915343915,0.18125,0.9947368421052631,0.42105263157894735,0.3015873015873016,0.06842105263157895,1.0
6408,6408.T,"OGURA CLUTCH CO.,LTD.",Machinery,0.9521276595744681,0.9310344827586207,0.19680851063829788,0.9202127659574468,0.6968085106382979,0.14893617021276595,1.0
6287,6287.T,SATO CORPORATION,Machinery,0.5691489361702128,0.7701149425287356,0.9680851063829787,0.9202127659574468,0.648936170212766,0.5372340425531915,1.0
6138,6138.T,"DIJET INDUSTRIAL CO.,LTD.",Machinery,0.9202127659574468,0.3850574712643678,0.44148936170212766,0.9202127659574468,0.925531914893617,0.1276595744680851,1.0
6513,6513.T,"Origin Company,Limited",Electric Appliances,0.9947089947089947,0.7125,0.23684210526315788,0.42105263157894735,0.1957671957671958,0.015789473684210527,1.0
6905,6905.T,"COSEL CO.,LTD.",Electric Appliances,0.5502645502645502,0.05,0.11052631578947368,0.42105263157894735,0.7037037037037037,0.4789473684210526,1.0
2480,2480.T,"System Location Co.,Ltd.",Information & Communication,0.5544354838709677,0.34474327628361856,0.3034623217922607,0.4909819639278557,0.5853658536585367,0.06412825651302605,1.0
6237,6237.T,"IWAKI CO.,LTD.",Machinery,0.19148936170212766,0.367816091954023,0.9095744680851063,0.2047872340425532,0.23936170212765961,0.40425531914893614,1.0
6339,6339.T,"Sintokogio,Ltd.",Machinery,0.8670212765957447,0.25862068965517243,0.3723404255319149,0.2047872340425532,0.3670212765957447,0.5425531914893617,1.0
4109,4109.T,STELLA CHEMIFA CORPORATION,Chemicals,0.16216216216216217,0.12941176470588237,0.1837837837837838,0.6054054054054054,0.8633879781420765,0.6648648648648648,1.0
4743,4743.T,ITFOR Inc.,Information & Communication,0.37701612903225806,0.48655256723716384,0.3910386965376782,0.4909819639278557,0.2642276422764228,0.7054108216432866,1.0
9412,9412.T,SKY Perfect JSAT Corporation,Information & Communication,0.1532258064516129,0.061124694376528114,0.05091649694501019,0.7615230460921844,0.7113821138211383,0.9959919839679359,1.0
5906,5906.T,"MK SEIKO CO.,LTD.",Metal Products,0.4146341463414634,0.7681159420289855,0.9512195121951219,0.7865853658536586,0.14634146341463417,0.524390243902439,1.0
7729,7729.T,"TOKYO SEIMITSU CO.,LTD.",Precision Instruments,0.15789473684210525,0.23529411764705882,0.39473684210526316,0.868421052631579,0.42105263157894735,0.9736842105263158,1.0
9441,9441.T,"Bell-Park Co.,Ltd.",Information & Communication,0.7278225806451613,0.9144254278728606,0.8920570264765784,0.7615230460921844,0.3577235772357723,0.48296593186372744,1.0
7244,7244.T,"ICHIKOH INDUSTRIES,LTD.",Electric Appliances,0.8571428571428571,0.8875,0.3,0.6973684210526315,0.5714285714285714,0.28421052631578947,1.0
6772,6772.T,"Tokyo Cosmos Electric Co.,Ltd.",Electric Appliances,1.0,0.9875,0.6052631578947368,0.6973684210526315,0.5555555555555556,0.09473684210526316,1.0
5703,5703.T,"Nippon Light Metal Holdings Company,Ltd.",Nonferrous Metals,0.7241379310344828,0.64,0.3793103448275862,0.6551724137931034,0.3214285714285714,0.5862068965517241,1.0
5817,5817.T,"JMACS Japan Co.,Ltd.",Nonferrous Metals,0.5862068965517241,0.72,0.4482758620689655,0.8793103448275862,0.8571428571428572,0.6206896551724138,1.0
6151,6151.T,"NITTO KOHKI CO.,LTD.",Machinery,0.8563829787234043,0.3160919540229885,0.39893617021276595,0.2047872340425532,0.5159574468085106,0.28191489361702127,1.0
6566,6566.T,"KANAME KOGYO CO.,LTD.",Services,0.767337807606264,0.5626598465473146,0.08823529411764706,0.9084821428571429,0.4965831435079726,0.18526785714285715,1.0
8035,8035.T,Tokyo Electron Limited,Electric Appliances,0.021164021164021163,0.1375,0.9157894736842105,0.6973684210526315,0.46031746031746035,0.9947368421052631,1.0
7780,7780.T,"Menicon Co.,Ltd.",Precision Instruments,0.6052631578947368,0.4411764705882353,0.7105263157894737,0.868421052631579,0.7631578947368421,0.6052631578947368,1.0
4224,4224.T,LONSEAL CORPORATION,Chemicals,0.8486486486486486,0.011764705882352941,0.8,0.6054054054054054,0.6885245901639344,0.20540540540540542,1.0
6323,6323.T,RORZE CORPORATION,Machinery,0.05319148936170213,0.10344827586206896,0.776595744680851,0.4095744680851064,0.8829787234042553,0.9521276595744681,1.0
4680,4680.T,ROUND ONE Corporation,Services,0.15436241610738255,0.05115089514066496,0.497737556561086,0.08035714285714286,0.5,0.9799107142857143,1.0
6239,6239.T,NAGAOKA INTERNATIONAL CORPORATION,Machinery,0.35106382978723405,0.7988505747126436,0.9574468085106383,0.2047872340425532,0.11170212765957444,0.25,1.0
3964,3964.T,AUCNET INC.,Information & Communication,0.33064516129032256,0.843520782396088,0.7596741344195519,0.4909819639278557,0.8882113821138211,0.8276553106212425,1.0
6087,6087.T,"ABIST Co.,Ltd.",Services,0.39373601789709173,0.24808184143222506,0.37104072398190047,0.6964285714285714,0.14806378132118447,0.27232142857142855,1.0
7004,7004.T,Kanadevia Corporation,Machinery,0.3723404255319149,0.6839080459770115,0.42021276595744683,0.675531914893617,0.45744680851063835,0.8351063829787234,1.0
9701,9701.T,"Tokyo Kaikan Co.,Ltd.",Services,0.6308724832214765,0.4424552429667519,0.02262443438914027,0.4419642857142857,0.48747152619589973,0.6763392857142857,1.0
8898,8898.T,CENTURY21 REAL ESTATE OF JAPAN LTD.,Real Estate,0.25203252032520324,0.2627118644067797,0.943089430894309,0.9349593495934959,0.7868852459016393,0.07317073170731707,1.0
6294,6294.T,OKADA AIYON CORPORATION,Machinery,0.5638297872340425,0.6609195402298851,0.5797872340425532,0.06648936170212766,0.1436170212765957,0.34574468085106386,1.0
9845,9845.T,PARKER CORPORATION,Chemicals,0.6756756756756757,0.7705882352941177,0.7243243243243244,0.6054054054054054,0.5792349726775956,0.1945945945945946,1.0
4617,4617.T,"Chugoku Marine Paints,Ltd.",Chemicals,0.16756756756756758,0.7470588235294118,0.7351351351351352,0.6054054054054054,0.16393442622950816,0.8486486486486486,1.0
2303,2303.T,Dawn Corporation,Information & Communication,0.6310483870967742,0.8361858190709046,0.4439918533604888,0.4909819639278557,0.13008130081300817,0.43286573146292584,1.0
4403,4403.T,NOF CORPORATION,Chemicals,0.11891891891891893,0.38235294117647056,0.6594594594594595,0.6054054054054054,0.07650273224043713,0.918918918918919,1.0
7284,7284.T,"MEIWA INDUSTRY CO.,LTD.",Transportation Equipment,0.7424242424242424,0.6724137931034483,0.4393939393939394,0.6818181818181818,0.12698412698412698,0.09090909090909091,1.0
6317,6317.T,Kitagawa Corporation,Machinery,0.9574468085106383,0.5632183908045977,0.09042553191489362,0.4095744680851064,0.8723404255319149,0.3670212765957447,1.0
4043,4043.T,Tokuyama Corporation,Chemicals,0.2756756756756757,0.6470588235294118,0.6216216216216216,0.6054054054054054,0.7213114754098361,0.9459459459459459,1.0
9021,9021.T,West Japan Railway Company,Land Transportation,0.6296296296296297,0.7547169811320755,0.5,0.8611111111111112,0.7777777777777778,0.9629629629629629,1.0
4064,4064.T,"Nippon Carbide Industries Company,Incorporated",Chemicals,0.5945945945945946,0.6058823529411764,0.6972972972972973,0.8810810810810811,0.48633879781420764,0.5243243243243243,1.0
5991,5991.T,"NHK SPRING CO.,LTD.",Metal Products,0.12195121951219512,0.36231884057971014,0.47560975609756095,0.7865853658536586,0.3902439024390244,0.9634146341463414,1.0
6363,6363.T,"Torishima Pump Mfg.Co.,Ltd.",Machinery,0.3404255319148936,0.3333333333333333,0.5159574468085106,0.018617021276595744,0.13297872340425532,0.7925531914893617,1.0
6342,6342.T,"Taihei Machinery Works,Limited",Machinery,0.851063829787234,0.9137931034482759,0.5691489361702128,0.4095744680851064,0.11702127659574468,0.0851063829787234,1.0
9101,9101.T,Nippon Yusen Kabushiki Kaisha,Marine Transportation,0.5454545454545454,0.7272727272727273,0.8888888888888888,0.8636363636363636,0.36363636363636365,0.9090909090909091,1.0
4092,4092.T,"Nippon Chemical Industrial Co.,Ltd.",Chemicals,0.3945945945945946,0.3058823529411765,0.10270270270270271,0.8810810810810811,0.7704918032786885,0.7837837837837838,1.0
6470,6470.T,"TAIHO KOGYO CO.,LTD.",Machinery,0.8936170212765957,0.5,0.13297872340425532,0.06648936170212766,0.9414893617021276,0.5053191489361702,1.0
6343,6343.T,FREESIA MACROSS CORPORATION,Machinery,0.9840425531914894,0.9942528735632183,0.05319148936170213,0.4095744680851064,0.17553191489361697,0.24468085106382978,1.0
6467,6467.T,NICHIDAI CORPORATION,Machinery,0.9946808510638298,0.07471264367816093,0.24468085106382978,0.675531914893617,0.7925531914893618,0.015957446808510637,1.0
6149,6149.T,"Odawara Engineering Co.,Ltd.",Machinery,0.7659574468085106,0.9367816091954023,0.6595744680851063,0.675531914893617,0.06382978723404253,0.2712765957446808,1.0
4320,4320.T,"CE Holdings Co.,Ltd.",Information & Communication,0.20161290322580644,0.38875305623471884,0.26272912423625255,0.4909819639278557,0.08536585365853655,0.5490981963927856,1.0
4275,4275.T,"Carlit Co.,Ltd.",Chemicals,0.24864864864864866,0.4470588235294118,0.34054054054054056,0.8810810810810811,0.34426229508196726,0.772972972972973,1.0
9746,9746.T,TKC Corporation,Information & Communication,0.5443548387096774,0.508557457212714,0.6130346232179226,0.9448897795591182,0.3617886178861789,0.8717434869739479,1.0
2391,2391.T,"PLANET,INC.",Services,0.5480984340044742,0.289002557544757,0.36199095022624433,0.4419642857142857,0.4328018223234624,0.20982142857142858,1.0
6227,6227.T,"AIMECHATEC,Ltd.",Machinery,0.015957446808510637,0.005747126436781609,0.5,0.675531914893617,0.7978723404255319,0.973404255319149,1.0
6155,6155.T,"TAKAMATSU MACHINERY CO.,LTD.",Machinery,0.973404255319149,0.5,0.22872340425531915,0.06648936170212766,0.9574468085106383,0.03723404255319149,0.0
9744,9744.T,MEITEC Group Holdings Inc.,Services,0.06040268456375839,0.3350383631713555,0.47285067873303166,0.4419642857142857,0.3211845102505695,0.9642857142857143,1.0
6273,6273.T,SMC CORPORATION,Machinery,0.16489361702127658,0.19540229885057472,0.35106382978723405,0.675531914893617,0.5053191489361701,0.9840425531914894,1.0
6325,6325.T,"TAKAKITA CO.,LTD.",Machinery,0.8297872340425532,0.8390804597701149,0.5478723404255319,0.2047872340425532,0.23404255319148937,0.07446808510638298,1.0
4623,4623.T,ASAHIPEN CORPORATION,Chemicals,0.8594594594594595,0.8588235294117647,0.6918918918918919,0.8810810810810811,0.2404371584699454,0.021621621621621623,1.0
9336,9336.T,"Daiei Kankyo Co.,Ltd.",Services,0.08277404921700224,0.1636828644501279,0.16289592760180996,0.6964285714285714,0.6674259681093394,0.9352678571428571,1.0
4182,4182.T,"Mitsubishi Gas Chemical Company,Inc.",Chemicals,0.22162162162162163,0.2647058823529412,0.21081081081081082,0.32972972972972975,0.41530054644808745,0.9783783783783784,1.0
7208,7208.T,KANEMITSU CORPORATION,Transportation Equipment,0.6363636363636364,0.5,0.5606060606060606,0.4318181818181818,0.8253968253968254,0.18181818181818182,1.0
4973,4973.T,"JAPAN PURE CHEMICAL CO.,LTD.",Chemicals,0.10810810810810811,0.27647058823529413,0.03783783783783784,0.6054054054054054,0.016393442622950838,0.6270270270270271,1.0
3997,3997.T,"TRADE WORKS Co.,Ltd",Information & Communication,0.03024193548387097,0.017114914425427872,0.3564154786150713,0.7615230460921844,0.7154471544715447,0.7755511022044088,1.0
6165,6165.T,"PUNCH INDUSTRY CO.,LTD.",Machinery,0.7340425531914894,0.3390804597701149,0.8829787234042553,0.675531914893617,0.7819148936170213,0.26063829787234044,1.0
7940,7940.T,"WAVELOCK HOLDINGS CO.,LTD.",Chemicals,0.8216216216216217,0.40588235294117647,0.4756756756756757,0.8810810810810811,0.8306010928961749,0.4486486486486487,1.0
6258,6258.T,HIRATA Corporation,Machinery,0.31382978723404253,0.28735632183908044,0.20212765957446807,0.9202127659574468,0.6914893617021276,0.8138297872340425,1.0
6395,6395.T,TADANO LTD.,Machinery,0.648936170212766,0.8793103448275862,0.30851063829787234,0.2047872340425532,0.12234042553191493,0.7340425531914894,1.0
6135,6135.T,"Makino Milling Machine Co.,Ltd.",Machinery,0.2712765957446808,0.21264367816091953,0.34574468085106386,0.4095744680851064,0.40957446808510634,0.898936170212766,1.0
6901,6901.T,"SAWAFUJI ELECTRIC CO.,LTD.",Electric Appliances,0.9153439153439153,0.75625,0.18947368421052632,0.06842105263157895,0.13756613756613756,0.05789473684210526,1.0
4045,4045.T,"TOAGOSEI CO.,LTD.",Chemicals,0.5135135135135135,0.5235294117647059,0.2702702702702703,0.13783783783783785,0.5683060109289617,0.7135135135135136,1.0
4659,4659.T,"AJIS CO.,LTD.",Services,0.5615212527964206,0.7365728900255755,0.29411764705882354,0.4419642857142857,0.14350797266514803,0.6517857142857143,1.0
7717,7717.T,"V Technology Co.,Ltd.",Precision Instruments,0.5,0.058823529411764705,0.15789473684210525,0.868421052631579,0.8421052631578947,0.8157894736842105,1.0
4262,4262.T,"NIFTY Lifestyle Co.,Ltd.",Information & Communication,0.6189516129032258,0.6968215158924206,0.7107942973523421,0.9448897795591182,0.5609756097560976,0.3366733466933868,1.0
6366,6366.T,Chiyoda Corporation,Construction,0.007462686567164179,0.8721804511278195,0.14925373134328357,0.7686567164179104,0.8646616541353384,0.9477611940298507,1.0
3104,3104.T,"Fujibo Holdings,Inc.",Textiles and Apparels,0.21951219512195122,0.6285714285714286,0.6097560975609756,0.926829268292683,0.875,0.926829268292683,1.0
4628,4628.T,"SK KAKEN CO.,LTD.",Chemicals,0.5891891891891892,0.6176470588235294,0.3027027027027027,0.32972972972972975,0.12568306010928965,0.2,1.0
4767,4767.T,"TOW CO.,LTD.",Services,0.5257270693512305,0.578005115089514,0.22624434389140272,0.4419642857142857,0.12756264236902048,0.578125,1.0
7719,7719.T,TOKYO KOKI CO.LTD.,Precision Instruments,0.5263157894736842,0.3235294117647059,0.5263157894736842,0.2894736842105263,0.9210526315789473,0.7368421052631579,1.0
6882,6882.T,"Sansha Electric Manufacturing Co.,Ltd.",Electric Appliances,0.783068783068783,0.1875,0.38421052631578945,0.42105263157894735,0.455026455026455,0.4052631578947368,1.0
6440,6440.T,JUKI CORPORATION,Machinery,0.8776595744680851,0.9655172413793104,0.574468085106383,0.9202127659574468,0.851063829787234,0.648936170212766,1.0
6103,6103.T,OKUMA Corporation,Machinery,0.4521276595744681,0.1781609195402299,0.425531914893617,0.2047872340425532,0.5851063829787234,0.8670212765957447,1.0
6626,6626.T,SEMITEC Corporation,Electric Appliances,0.582010582010582,0.88125,0.6631578947368421,0.9289473684210526,0.7354497354497355,0.22631578947368422,1.0
3817,3817.T,"SRA Holdings,Inc.",Information & Communication,0.47580645161290325,0.40097799511002447,0.21384928716904278,0.4909819639278557,0.6524390243902439,0.7334669338677354,1.0
6150,6150.T,"TAKEDA MACHINERY CO.,LTD.",Machinery,0.8829787234042553,0.8218390804597702,0.4308510638297872,0.06648936170212766,0.04255319148936165,0.16489361702127658,1.0
6778,6778.T,"Artiza Networks,Inc.",Electric Appliances,0.7248677248677249,0.16875,0.42105263157894735,0.9289473684210526,0.5661375661375662,0.1,1.0
9687,9687.T,"KSK CO.,LTD",Information & Communication,0.5806451612903226,0.5525672371638142,0.1934826883910387,0.4909819639278557,0.3252032520325203,0.342685370741483,1.0
7970,7970.T,"Shin-Etsu Polymer Co.,Ltd.",Chemicals,0.23243243243243245,0.4176470588235294,0.6054054054054054,0.6054054054054054,0.5464480874316939,0.654054054054054,1.0
6835,6835.T,ALLIED TELESIS HOLDINGS K.K.,Electric Appliances,0.43915343915343913,0.78125,0.9263157894736842,0.6973684210526315,0.7724867724867726,0.47368421052631576,1.0
4437,4437.T,"gooddays holdings,Inc.",Information & Communication,0.4334677419354839,0.8997555012224939,0.5498981670061099,0.7615230460921844,0.18495934959349591,0.24448897795591182,1.0
7202,7202.T,ISUZU MOTORS LIMITED,Transportation Equipment,0.2727272727272727,0.10344827586206896,0.9393939393939394,0.06818181818181818,0.5,0.9242424242424242,1.0
6167,6167.T,"Fuji Die Co.,Ltd.",Machinery,0.526595744680851,0.06896551724137931,0.30319148936170215,0.675531914893617,0.8404255319148937,0.4574468085106383,1.0
6391,6391.T,KAJI TECHNOLOGY CORPORATION,Machinery,0.5531914893617021,0.5459770114942529,0.3617021276595745,0.4095744680851064,0.3936170212765957,0.35106382978723405,1.0
4078,4078.T,"Sakai Chemical Industry Co.,Ltd.",Chemicals,0.35135135135135137,0.5117647058823529,0.2918918918918919,0.8810810810810811,0.6939890710382514,0.7621621621621621,1.0
7988,7988.T,NIFCO INC.,Chemicals,0.24324324324324326,0.8235294117647058,0.7783783783783784,0.6054054054054054,0.4098360655737705,0.8540540540540541,1.0
6588,6588.T,TOSHIBA TEC CORPORATION,Electric Appliances,0.41798941798941797,0.93125,0.9842105263157894,0.6973684210526315,0.21164021164021163,0.5421052631578948,1.0
4462,4462.T,"ISHIHARA CHEMICAL CO.,LTD.",Chemicals,0.1945945945945946,0.47058823529411764,0.8162162162162162,0.6054054054054054,0.644808743169399,0.372972972972973,1.0
6946,6946.T,"Nippon Avionics Co.,Ltd.",Electric Appliances,0.08465608465608465,0.15625,0.6368421052631579,0.42105263157894735,0.34391534391534395,0.7894736842105263,1.0
4220,4220.T,RIKEN TECHNOS CORPORATION,Chemicals,0.41081081081081083,0.8529411764705882,0.5351351351351351,0.8810810810810811,0.3825136612021858,0.5405405405405406,1.0
6899,6899.T,ASTI CORPORATION,Electric Appliances,0.9788359788359788,0.75,0.19473684210526315,0.6973684210526315,0.9153439153439153,0.14210526315789473,1.0
9757,9757.T,Funai Soken Holdings Incorporated,Services,0.12751677852348994,0.4117647058823529,0.4751131221719457,0.4419642857142857,0.612756264236902,0.9129464285714286,1.0
6844,6844.T,"Shindengen Electric Manufacturing Co.,Ltd.",Electric Appliances,0.8783068783068783,0.5,0.10526315789473684,0.06842105263157895,0.38095238095238093,0.531578947368421,0.0
5019,5019.T,"Idemitsu Kosan Co.,Ltd.",Oil and Coal Products,0.375,0.2857142857142857,0.5,0.6875,0.625,1.0,1.0
3635,3635.T,"KOEI TECMO HOLDINGS CO.,LTD.",Information & Communication,0.3125,0.6405867970660146,0.20162932790224034,0.7615230460921844,0.25609756097560976,0.9659318637274549,1.0
4119,4119.T,Nippon Pigment Holdings Company Limited,Chemicals,0.918918918918919,0.9882352941176471,0.11891891891891893,0.04054054054054054,0.005464480874316946,0.24324324324324326,1.0
9709,9709.T,"NCS&A CO.,LTD.",Information & Communication,0.6108870967741935,0.7946210268948656,0.3014256619144603,0.7615230460921844,0.3760162601626016,0.38276553106212424,1.0
4095,4095.T,"NIHON PARKERIZING CO.,LTD.",Chemicals,0.6486486486486487,0.6764705882352942,0.2810810810810811,0.32972972972972975,0.15300546448087426,0.5513513513513514,1.0
6455,6455.T,MORITA HOLDINGS CORPORATION,Transportation Equipment,0.24242424242424243,0.46551724137931033,0.7727272727272727,0.9242424242424242,0.3015873015873016,0.5606060606060606,1.0
4668,4668.T,"MEIKO NETWORK JAPAN CO.,LTD.",Services,0.5861297539149888,0.8158567774936062,0.4072398190045249,0.21316964285714285,0.19589977220956722,0.5446428571428571,1.0
9347,9347.T,"NIPPON KANZAI Holdings Co.,Ltd.",Services,0.5503355704697986,0.42710997442455245,0.504524886877828,0.4419642857142857,0.07744874715261962,0.8459821428571429,1.0
3101,3101.T,"TOYOBO CO.,LTD.",Chemicals,0.6216216216216216,0.11176470588235295,0.23783783783783785,0.32972972972972975,0.639344262295082,0.8216216216216217,1.0
4341,4341.T,SEIRYO ELECTRIC CORPORATION,Services,0.9686800894854586,0.11253196930946291,0.5723981900452488,0.4419642857142857,0.36902050113895213,0.375,1.0
7925,7925.T,"MAEZAWA KASEI INDUSTRIES CO.,LTD.",Chemicals,0.6594594594594595,0.4117647058823529,0.32432432432432434,0.8810810810810811,0.22404371584699456,0.4,1.0
6289,6289.T,GIKEN LTD.,Machinery,0.3829787234042553,0.12643678160919541,0.5319148936170213,0.06648936170212766,0.4042553191489362,0.5638297872340425,1.0
5921,5921.T,"Kawagishi Bridge Works Co.,Ltd.",Metal Products,0.7560975609756098,0.855072463768116,0.10975609756097561,0.4695121951219512,0.7439024390243902,0.3048780487804878,1.0
4923,4923.T,"COTA CO.,LTD.",Chemicals,0.12432432432432433,0.2235294117647059,0.9081081081081082,0.32972972972972975,0.09289617486338797,0.32432432432432434,1.0
2207,2207.T,"MEITO CO.,LTD.",Foods,0.5981308411214953,0.74,0.04672897196261682,0.6728971962616822,0.23364485981308414,0.7289719626168224,1.0
2485,2485.T,TEAR Corporation,Services,0.6554809843400448,0.6547314578005116,0.3597285067873303,0.9084821428571429,0.7129840546697039,0.4642857142857143,1.0
4635,4635.T,"TOKYO PRINTING INK MFG.CO.,LTD.",Chemicals,1.0,0.9823529411764705,0.2,0.8810810810810811,0.30601092896174864,0.31351351351351353,1.0
4686,4686.T,JUSTSYSTEMS CORPORATION,Information & Communication,0.3004032258064516,0.2567237163814181,0.2830957230142566,0.4909819639278557,0.516260162601626,0.8897795591182365,1.0
9534,9534.T,"HOKKAIDO GAS CO.,LTD.",Electric Power and Gas,0.34615384615384615,0.64,0.7333333333333333,0.34615384615384615,0.92,0.23076923076923078,1.0
3837,3837.T,Ad-Sol Nissin Corporation,Information & Communication,0.17943548387096775,0.29095354523227385,0.6109979633401222,0.7615230460921844,0.22357723577235777,0.7454909819639278,1.0
4248,4248.T,"Takemoto Yohki Co.,Ltd.",Chemicals,0.518918918918919,0.888235294117647,0.7297297297297297,0.6054054054054054,0.05464480874316935,0.14594594594594595,1.0
6266,6266.T,"TAZMO CO.,LTD.",Machinery,0.18085106382978725,0.40229885057471265,0.6329787234042553,0.675531914893617,0.9840425531914894,0.723404255319149,1.0
7942,7942.T,JSP Corporation,Chemicals,0.7243243243243244,0.5588235294117647,0.6432432432432432,0.6054054054054054,0.4426229508196722,0.5837837837837838,1.0
7280,7280.T,MITSUBA Corporation,Electric Appliances,0.8941798941798942,0.95625,0.2894736842105263,0.6973684210526315,0.8201058201058201,0.5684210526315789,1.0
4094,4094.T,"NIHON KAGAKU SANGYO CO.,LTD.",Chemicals,0.5405405405405406,0.4,0.07027027027027027,0.6054054054054054,0.3497267759562842,0.25405405405405407,1.0
6472,6472.T,NTN CORPORATION,Machinery,0.5319148936170213,0.5,0.09574468085106383,0.2047872340425532,0.8457446808510638,0.851063829787234,1.0
4644,4644.T,"Imagineer Co.,Ltd.",Information & Communication,0.9133064516129032,0.45965770171149145,0.329938900203666,0.4909819639278557,0.10569105691056913,0.29458917835671344,1.0
6539,6539.T,"MATCHING SERVICE JAPAN CO.,LTD.",Services,0.28187919463087246,0.37084398976982097,0.7194570135746606,0.9084821428571429,0.37357630979498857,0.7433035714285714,1.0
6469,6469.T,"HODEN SEIMITSU KAKO KENKYUSHO CO.,LTD.",Machinery,0.11170212765957446,0.10919540229885058,0.44680851063829785,0.9202127659574468,0.9308510638297872,0.7021276595744681,1.0
2393,2393.T,"Nippon Care Supply Co.,Ltd.",Services,0.2975391498881432,0.23273657289002558,0.5588235294117647,0.6964285714285714,0.18451025056947612,0.30580357142857145,1.0
4041,4041.T,"Nippon Soda Co.,Ltd.",Chemicals,0.40540540540540543,0.5764705882352941,0.22702702702702704,0.6054054054054054,0.46448087431693985,0.7243243243243244,1.0
9605,9605.T,"TOEI COMPANY,LTD.",Information & Communication,0.8125,0.6381418092909535,0.06313645621181263,0.4909819639278557,0.41463414634146345,0.9038076152304609,1.0
4728,4728.T,"TOSE CO.,LTD.",Information & Communication,0.9193548387096774,0.3202933985330073,0.15682281059063136,0.7615230460921844,0.4207317073170732,0.14228456913827656,1.0
4206,4206.T,"Aica Kogyo Company,Limited",Chemicals,0.3675675675675676,0.6588235294117647,0.6324324324324324,0.8810810810810811,0.5081967213114754,0.8,1.0
2180,2180.T,SUNNY SIDE UP GROUP Inc.,Services,0.08053691275167785,0.2557544757033248,0.5927601809954751,0.21316964285714285,0.9384965831435079,0.734375,1.0
5333,5333.T,NGK Corporation,Glass and Ceramics Products,0.09090909090909091,0.14634146341463414,0.45454545454545453,0.9204545454545454,0.6363636363636364,0.9318181818181818,1.0
9759,9759.T,"NSD CO.,LTD.",Information & Communication,0.25201612903225806,0.41075794621026895,0.3319755600814664,0.9448897795591182,0.36788617886178865,0.9178356713426854,1.0
2121,2121.T,"MIXI,Inc.",Information & Communication,0.8286290322580645,0.784841075794621,0.6639511201629328,0.4909819639278557,0.6402439024390244,0.9158316633266533,1.0
2169,2169.T,"CDS Co.,Ltd.",Services,0.6062639821029083,0.35805626598465473,0.251131221719457,0.4419642857142857,0.8428246013667426,0.22098214285714285,1.0
4008,4008.T,"Sumitomo Seika Chemicals Company,Limited.",Chemicals,0.9783783783783784,0.9705882352941176,0.5621621621621622,0.13783783783783785,0.8032786885245902,0.6162162162162163,1.0
4247,4247.T,"POVAL KOGYO CO.,LTD.",Chemicals,0.7567567567567568,0.28823529411764703,0.2972972972972973,0.13783783783783785,0.7158469945355191,0.016216216216216217,1.0
6666,6666.T,RIVER ELETEC CORPORATION,Electric Appliances,0.25925925925925924,0.5,0.14210526315789473,0.2,0.5185185185185186,0.6105263157894737,0.0
4752,4752.T,SHOWA SYSTEM ENGINEERING CORPORATION,Information & Communication,0.7520161290322581,0.863080684596577,0.07128309572301425,0.4909819639278557,0.27235772357723576,0.03406813627254509,1.0
9622,9622.T,"SPACE CO.,LTD.",Services,0.7740492170022372,0.7928388746803069,0.14705882352941177,0.21316964285714285,0.15945330296127558,0.7209821428571429,1.0
6521,6521.T,OXIDE Corporation,Electric Appliances,0.031746031746031744,0.5,0.5368421052631579,0.6973684210526315,0.9735449735449735,0.8894736842105263,0.0
4401,4401.T,ADEKA CORPORATION,Chemicals,0.32972972972972975,0.49411764705882355,0.5459459459459459,0.8810810810810811,0.5519125683060109,0.8864864864864865,1.0
6413,6413.T,RISO KAGAKU CORPORATION,Machinery,0.5159574468085106,0.5114942528735632,0.9946808510638298,0.2047872340425532,0.2606382978723404,0.4521276595744681,1.0
6728,6728.T,"ULVAC, Inc.",Electric Appliances,0.2962962962962963,0.31875,0.4842105263157895,0.42105263157894735,0.671957671957672,0.8789473684210526,1.0
2359,2359.T,CORE CORPORATION,Information & Communication,0.5665322580645161,0.6136919315403423,0.23421588594704684,0.4909819639278557,0.3780487804878049,0.6152304609218436,1.0
6337,6337.T,TESEC Corporation,Machinery,0.5106382978723404,0.22413793103448276,0.2074468085106383,0.4095744680851064,0.898936170212766,0.4095744680851064,1.0
4218,4218.T,"NICHIBAN CO.,LTD.",Chemicals,0.5297297297297298,0.3176470588235294,0.5945945945945946,0.8810810810810811,0.4590163934426229,0.2972972972972973,1.0
6730,6730.T,AXELL CORPORATION,Electric Appliances,0.6296296296296297,0.66875,0.7421052631578947,0.06842105263157895,0.010582010582010581,0.22105263157894736,1.0
4229,4229.T,"Gun Ei Chemical Industry Co.,Ltd.",Chemicals,0.745945945945946,0.4823529411764706,0.043243243243243246,0.13783783783783785,0.5901639344262295,0.518918918918919,1.0
4926,4926.T,"C'BON COSMETICS Co.,Ltd.",Chemicals,0.5027027027027027,0.08235294117647059,0.972972972972973,0.32972972972972975,0.08196721311475408,0.043243243243243246,1.0
9049,9049.T,"Keifuku Electric Railroad Co.,Ltd.",Land Transportation,0.3888888888888889,0.8679245283018868,0.5,0.24074074074074073,0.9444444444444444,0.037037037037037035,1.0
3682,3682.T,"Encourage Technologies Co.,Ltd.",Information & Communication,0.7842741935483871,0.3545232273838631,0.2545824847250509,0.9448897795591182,0.524390243902439,0.06613226452905811,1.0
9551,9551.T,"METAWATER Co.,Ltd.",Electric Power and Gas,0.11538461538461539,0.08,0.4,0.1346153846153846,0.43999999999999995,0.46153846153846156,1.0
4951,4951.T,S.T.CORPORATION,Chemicals,0.4810810810810811,0.8176470588235294,0.8864864864864865,0.32972972972972975,0.1912568306010929,0.35135135135135137,1.0
7769,7769.T,"RHYTHM CO.,LTD.",Precision Instruments,0.7368421052631579,0.20588235294117646,0.07894736842105263,0.2894736842105263,0.5789473684210527,0.42105263157894735,1.0
3710,3710.T,"Jorudan Co.,Ltd.",Information & Communication,0.9516129032258065,0.6919315403422983,0.15885947046843177,0.7615230460921844,0.4247967479674797,0.3166332665330661,1.0
6658,6658.T,"Shirai Electronics Industrial Co.,Ltd.",Electric Appliances,0.8148148148148148,0.9625,0.7578947368421053,0.9289473684210526,0.5238095238095238,0.3105263157894737,1.0
4116,4116.T,"Dainichiseika Color & Chemicals Mfg.Co.,Ltd.",Chemicals,0.9945945945945946,1.0,0.14594594594594595,0.6054054054054054,0.032786885245901676,0.5567567567567567,1.0
9367,9367.T,"DAITO KOUN CO.,LTD.",Warehousing and Harbor Transportation Service,0.16666666666666666,0.06451612903225806,0.967741935483871,0.5806451612903226,0.29032258064516125,0.5483870967741935,1.0
7782,7782.T,"Sincere Co.,LTD.",Precision Instruments,0.7105263157894737,0.9705882352941176,0.9210526315789473,0.5921052631578947,0.5,0.02631578947368421,1.0
4627,4627.T,"NATOCO CO.,LTD.",Chemicals,0.7783783783783784,0.611764705882353,0.25405405405405407,0.8810810810810811,0.4207650273224044,0.13513513513513514,1.0
9405,9405.T,ASAHI BROADCASTING GROUP HOLDINGS CORPORATION,Information & Communication,0.9879032258064516,0.5916870415647921,0.1690427698574338,0.4909819639278557,0.5101626016260163,0.6673346693386774,1.0
5959,5959.T,"OKABE CO.,LTD.",Metal Products,0.43902439024390244,0.4927536231884058,0.8048780487804879,0.7865853658536586,0.25609756097560976,0.6829268292682927,1.0
1961,1961.T,"SANKI ENGINEERING CO.,LTD.",Construction,0.5447761194029851,0.8947368421052632,0.8432835820895522,0.9514925373134329,0.9097744360902256,0.8432835820895522,1.0
4216,4216.T,ASAHI YUKIZAI CORPORATION,Chemicals,0.20540540540540542,0.4235294117647059,0.8432432432432433,0.32972972972972975,0.5846994535519126,0.7297297297297297,1.0
5997,5997.T,KYORITSU AIR TECH INC.,Metal Products,0.7682926829268293,0.7971014492753623,0.5365853658536586,0.4695121951219512,0.2195121951219512,0.17073170731707318,1.0
6570,6570.T,Kyowa Corporation,Services,0.3422818791946309,0.6854219948849105,0.7601809954751131,0.9084821428571429,0.9043280182232346,0.33705357142857145,1.0
3913,3913.T,"GreenBee,Inc.",Information & Communication,0.5201612903225806,0.706601466992665,0.47657841140529533,0.4909819639278557,0.5995934959349594,0.503006012024048,1.0
6292,6292.T,"KAWATA MFG. CO.,LTD.",Machinery,0.9148936170212766,0.7758620689655172,0.5851063829787234,0.4095744680851064,0.5478723404255319,0.13829787234042554,1.0
5801,5801.T,"Furukawa Electric Co.,Ltd.",Nonferrous Metals,0.10344827586206896,0.08,0.7241379310344828,0.8793103448275862,0.6071428571428572,0.9655172413793104,1.0
2173,2173.T,Hakuten Corporation,Services,0.3042505592841163,0.959079283887468,0.8642533936651584,0.6964285714285714,0.8519362186788155,0.5200892857142857,1.0
2493,2493.T,"E-SUPPORTLINK,Ltd.",Services,0.7136465324384788,0.1585677749360614,0.43891402714932126,0.08035714285714286,0.056947608200455635,0.37276785714285715,1.0
4246,4246.T,DaikyoNishikawa Corporation,Chemicals,0.5513513513513514,0.6647058823529411,0.12432432432432433,0.6054054054054054,0.7978142076502732,0.6702702702702703,1.0
6072,6072.T,"Jibannet Holdings Co.,Ltd.",Services,0.0022371364653243847,0.0025575447570332483,0.7963800904977375,0.6964285714285714,0.22779043280182232,0.9776785714285714,1.0
4624,4624.T,"Isamu Paint Co.,Ltd.",Chemicals,0.9351351351351351,0.6352941176470588,0.10810810810810811,0.6054054054054054,0.180327868852459,0.0918918918918919,1.0
5982,5982.T,"MARUZEN CO.,LTD.",Metal Products,0.2073170731707317,0.5652173913043478,0.7926829268292683,0.4695121951219512,0.30487804878048785,0.3902439024390244,1.0
5911,5911.T,Yokogawa Bridge Holdings Corp.,Metal Products,0.2926829268292683,0.7391304347826086,0.34146341463414637,0.06707317073170732,0.04878048780487809,0.8536585365853658,1.0
2349,2349.T,"Nippon Information Development Co.,Ltd.",Information & Communication,0.7600806451612904,0.7579462102689487,0.1079429735234216,0.9448897795591182,0.4532520325203252,0.17835671342685372,1.0
3839,3839.T,"ODK Solutions Company,Ltd.",Information & Communication,0.9153225806451613,0.4449877750611247,0.12627291242362526,0.7615230460921844,0.7764227642276422,0.14428857715430862,1.0
5915,5915.T,KOMAIHALTEC Inc.,Metal Products,0.926829268292683,0.8985507246376812,0.06097560975609756,0.7865853658536586,0.9390243902439024,0.6219512195121951,1.0
4665,4665.T,"DUSKIN CO.,LTD.",Services,0.6085011185682326,0.22506393861892582,0.5429864253393665,0.6964285714285714,0.5854214123006833,0.9263392857142857,1.0
4629,4629.T,"DAISHIN CHEMICAL CO.,LTD.",Chemicals,0.8162162162162162,0.48823529411764705,0.33513513513513515,0.32972972972972975,0.9344262295081968,0.17297297297297298,1.0
4028,4028.T,"ISHIHARA SANGYO KAISHA,LTD.",Chemicals,0.3783783783783784,0.4764705882352941,0.3675675675675676,0.8810810810810811,0.6994535519125683,0.8432432432432433,1.0
9678,9678.T,"KANAMOTO CO.,LTD.",Services,0.7114093959731543,0.4782608695652174,0.1832579185520362,0.9084821428571429,0.9111617312072893,0.9285714285714286,1.0
4380,4380.T,M - mart Inc.,Information & Communication,0.28024193548387094,0.5941320293398533,0.5,0.7615230460921844,0.42886178861788615,0.1342685370741483,1.0
4977,4977.T,Nitta Gelatin Inc.,Chemicals,0.5351351351351351,0.9294117647058824,0.7027027027027027,0.6054054054054054,0.5027322404371585,0.34054054054054056,1.0
6145,6145.T,"NITTOKU CO.,LTD.",Machinery,0.26063829787234044,0.20689655172413793,0.15425531914893617,0.2047872340425532,0.1542553191489362,0.6702127659574468,1.0
6223,6223.T,"Seibu Giken Co.,Ltd.",Machinery,0.30319148936170215,0.5517241379310345,0.6861702127659575,0.06648936170212766,0.42553191489361697,0.4308510638297872,1.0
6424,6424.T,"TAKAMISAWA CYBERNETICS COMPANY,LTD.",Machinery,0.7606382978723404,0.9885057471264368,0.7180851063829787,0.675531914893617,0.3829787234042553,0.0425531914893617,1.0
4521,4521.T,"KAKEN PHARMACEUTICAL CO.,LTD.",Pharmaceutical,0.6956521739130435,0.8888888888888888,0.7,0.8617021276595744,0.9574468085106383,0.7872340425531915,1.0
7871,7871.T,"FUKUVI CHEMICAL INDUSTRY CO.,LTD.",Chemicals,0.8702702702702703,0.6823529411764706,0.6108108108108108,0.6054054054054054,0.7923497267759563,0.3081081081081081,1.0
5186,5186.T,Nitta Corporation,Rubber Products,0.4166666666666667,0.2727272727272727,0.25,0.4583333333333333,0.0,0.6666666666666666,1.0
9385,9385.T,SHOEI CORPORATION,Chemicals,0.31891891891891894,0.8352941176470589,0.8918918918918919,0.32972972972972975,0.5573770491803278,0.1837837837837838,1.0
5990,5990.T,"SUPER TOOL CO.,LTD.",Metal Products,0.7195121951219512,0.2318840579710145,0.2926829268292683,0.06707317073170732,0.2804878048780488,0.13414634146341464,1.0
9708,9708.T,"Imperial Hotel,Ltd.",Services,0.19463087248322147,0.0639386189258312,0.5,0.4419642857142857,0.7767653758542141,0.8415178571428571,1.0
7595,7595.T,ARGO GRAPHICS Inc.,Information & Communication,0.9858870967741935,0.9902200488997555,0.11608961303462322,0.24048096192384769,0.25406504065040647,0.8476953907815631,1.0
3826,3826.T,System Integrator Corp.,Information & Communication,0.8024193548387096,0.7677261613691931,0.4134419551934827,0.4909819639278557,0.6300813008130082,0.20040080160320642,1.0
4471,4471.T,"SANYO CHEMICAL INDUSTRIES,LTD.",Chemicals,0.5567567567567567,0.2,0.40540540540540543,0.8810810810810811,0.7431693989071038,0.6486486486486487,1.0
7224,7224.T,"ShinMaywa Industries,LTD.",Transportation Equipment,0.19696969696969696,0.29310344827586204,0.6515151515151515,0.9242424242424242,0.5396825396825398,0.8333333333333334,1.0
4994,4994.T,"Taisei Lamick Group Head Quarter & Innovation Co.,Ltd.",Chemicals,0.8054054054054054,0.8705882352941177,0.654054054054054,0.8810810810810811,0.7595628415300546,0.2918918918918919,1.0
5942,5942.T,"NIPPON FILCON CO.,LTD.",Metal Products,0.6585365853658537,0.5,0.6585365853658537,0.06707317073170732,0.9512195121951219,0.5365853658536586,1.0
2179,2179.T,"SEIGAKUSHA CO.,LTD.",Services,0.6644295302013423,0.7698209718670077,0.416289592760181,0.9084821428571429,0.7357630979498861,0.033482142857142856,1.0
4465,4465.T,"Niitaka Co., Ltd.",Chemicals,0.5243243243243243,0.9058823529411765,0.8810810810810811,0.6054054054054054,0.060109289617486295,0.21081081081081082,1.0
7040,7040.T,"SUN-LIFE HOLDING CO.,LTD.",Services,0.8098434004474273,0.8976982097186701,0.03619909502262444,0.6964285714285714,0.378132118451025,0.12946428571428573,1.0
6040,6040.T,"Nippon Ski Resort Development Co.,Ltd.",Services,0.24384787472035793,0.5933503836317136,0.43665158371040724,0.9084821428571429,0.8359908883826879,0.5178571428571429,1.0
5393,5393.T,NICHIAS CORPORATION,Glass and Ceramics Products,0.38636363636363635,0.9024390243902439,0.7727272727272727,0.6363636363636364,0.2727272727272727,0.8409090909090909,1.0
7317,7317.T,"Matsuya R&D Co.,Ltd",Transportation Equipment,0.045454545454545456,0.3103448275862069,0.8787878787878788,0.9242424242424242,0.9365079365079365,0.5151515151515151,1.0
6771,6771.T,"IKEGAMI TSUSHINKI CO.,LTD.",Electric Appliances,0.9735449735449735,0.46875,0.45263157894736844,0.2,0.02645502645502651,0.2,1.0
3435,3435.T,"SANKO TECHNO CO.,LTD.",Metal Products,0.573170731707317,0.6666666666666666,0.7195121951219512,0.2073170731707317,0.4390243902439024,0.18292682926829268,1.0
9716,9716.T,"NOMURA Co.,Ltd.",Services,0.3579418344519016,0.5345268542199488,0.4276018099547511,0.9084821428571429,0.407744874715262,0.90625,1.0
6245,6245.T,"HIRANO TECSEED CO.,LTD.",Machinery,0.48936170212765956,0.08045977011494253,0.06914893617021277,0.2047872340425532,0.21276595744680848,0.4627659574468085,1.0
9639,9639.T,"SANKYO FRONTIER CO.,LTD.",Services,0.785234899328859,0.8235294117647058,0.41855203619909503,0.6964285714285714,0.22323462414578588,0.359375,1.0
5941,5941.T,"NAKANISHI MFG. CO.,LTD.",Metal Products,0.32926829268292684,0.7536231884057971,0.926829268292683,0.7865853658536586,0.1097560975609756,0.2926829268292683,1.0
2185,2185.T,CMC CORPORATION,Services,0.7248322147651006,0.8209718670076727,0.2850678733031674,0.4419642857142857,0.18906605922551256,0.17857142857142858,1.0
6254,6254.T,"Nomura Micro Science Co.,Ltd.",Machinery,0.05851063829787234,0.3218390804597701,0.3776595744680851,0.018617021276595744,0.0,0.9095744680851063,1.0
5975,5975.T,Topre Corporation,Metal Products,0.5121951219512195,0.6811594202898551,0.3048780487804878,0.7865853658536586,0.975609756097561,0.8048780487804879,1.0
6262,6262.T,"PEGASUS CO.,LTD.",Machinery,0.925531914893617,0.5287356321839081,0.2872340425531915,0.675531914893617,0.6702127659574468,0.4148936170212766,1.0
4071,4071.T,"Plus Alpha Consulting Co.,LTD.",Information & Communication,0.038306451612903226,0.1466992665036675,0.8553971486761711,0.7615230460921844,0.8272357723577236,0.8957915831663327,1.0
3437,3437.T,"TOKUDEN CO.,LTD.",Metal Products,0.5853658536585366,0.7101449275362319,0.7560975609756098,0.4695121951219512,0.07317073170731703,0.07317073170731707,1.0
7034,7034.T,"Prored Partners CO.,LTD.",Services,0.9955257270693513,0.9974424552429667,0.6968325791855203,0.6964285714285714,0.7015945330296127,0.39285714285714285,1.0
5903,5903.T,"SHINPO CO.,LTD.",Metal Products,0.15853658536585366,0.3333333333333333,0.8780487804878049,0.2073170731707317,0.3780487804878049,0.47560975609756095,1.0
5902,5902.T,HOKKAN HOLDINGS LIMITED,Metal Products,0.7073170731707317,0.8115942028985508,0.4634146341463415,0.9695121951219512,0.8658536585365854,0.6097560975609756,1.0
4631,4631.T,DIC Corporation,Chemicals,0.4594594594594595,0.5294117647058824,0.372972972972973,0.32972972972972975,0.540983606557377,0.8972972972972973,1.0
4625,4625.T,"ATOMIX CO.,LTD.",Chemicals,0.9243243243243243,0.3588235294117647,0.5891891891891892,0.6054054054054054,0.7868852459016393,0.1891891891891892,1.0
4482,4482.T,WILLs Inc.,Information & Communication,0.08266129032258064,0.4058679706601467,0.7983706720977597,0.9448897795591182,0.8475609756097561,0.25851703406813625,1.0
7912,7912.T,"Dai Nippon Printing Co.,Ltd.",Other Products,0.3979591836734694,0.6428571428571429,0.23469387755102042,0.7040816326530612,0.4285714285714286,0.9591836734693877,1.0
7272,7272.T,"Yamaha Motor Co.,Ltd.",Transportation Equipment,0.12121212121212122,0.15517241379310345,1.0,0.015151515151515152,0.5,0.9393939393939394,1.0
3420,3420.T,KFC Ltd,Metal Products,0.6219512195121951,0.5362318840579711,0.7682926829268293,0.2073170731707317,0.12195121951219512,0.2682926829268293,1.0
5570,5570.T,"JENOBA CO.,LTD.",Information & Communication,0.2923387096774194,0.43276283618581907,0.3095723014256619,0.7615230460921844,0.43292682926829273,0.2845691382765531,1.0
4318,4318.T,"QUICK CO.,LTD.",Services,0.8769574944071589,0.989769820971867,0.9027149321266968,0.21316964285714285,0.47835990888382685,0.7834821428571429,1.0
6943,6943.T,"NKK SWITCHES CO.,LTD.",Electric Appliances,0.9523809523809523,0.5,0.3157894736842105,0.2,0.798941798941799,0.010526315789473684,1.0
6635,6635.T,KK DI-NIKKO ENGINEERING,Electric Appliances,0.8465608465608465,0.5,0.13157894736842105,0.2,0.8994708994708995,0.3263157894736842,1.0
4042,4042.T,TOSOH CORPORATION,Chemicals,0.4702702702702703,0.6529411764705882,0.4864864864864865,0.8810810810810811,0.4808743169398907,0.9513513513513514,1.0
6197,6197.T,Solasto Corporation,Services,0.07158836689038031,0.17902813299232737,0.3936651583710407,0.9084821428571429,0.501138952164009,0.96875,1.0
2408,2408.T,"KG Intelligence CO.,LTD.",Services,0.6778523489932886,0.27365728900255754,0.06787330316742081,0.6964285714285714,0.27562642369020496,0.43080357142857145,1.0
5971,5971.T,"KYOWAKOGYOSYO CO.,LTD.",Metal Products,0.5609756097560976,0.463768115942029,0.18292682926829268,0.2073170731707317,0.6341463414634146,0.25609756097560976,1.0
6018,6018.T,"THE HANSHIN DIESEL WORKS,LTD.",Transportation Equipment,0.18181818181818182,0.08620689655172414,0.12121212121212122,0.6818181818181818,0.5555555555555556,0.4090909090909091,1.0
9743,9743.T,"TANSEISHA CO.,LTD.",Services,0.40939597315436244,0.6675191815856778,0.4841628959276018,0.6964285714285714,0.09111617312072895,0.9107142857142857,1.0
5121,5121.T,FUJIKURA COMPOSITES Inc.,Rubber Products,0.08333333333333333,0.36363636363636365,0.9166666666666666,0.8333333333333334,0.8333333333333334,0.8333333333333334,1.0
6460,6460.T,SEGA SAMMY HOLDINGS INC.,Machinery,0.2872340425531915,0.603448275862069,0.8297872340425532,0.4095744680851064,0.16489361702127658,0.8936170212765957,1.0
5974,5974.T,"CHUGOKUKOGYO CO.,LTD.",Metal Products,0.7439024390243902,0.927536231884058,0.6707317073170732,0.9695121951219512,0.7073170731707317,0.15853658536585366,1.0
9761,9761.T,"TOKAI LEASE CO.,LTD.",Services,0.9865771812080537,0.9104859335038363,0.049773755656108594,0.4419642857142857,0.2505694760820045,0.4732142857142857,1.0
6091,6091.T,Wesco Holdings Inc.,Services,0.9060402684563759,0.4578005115089514,0.18552036199095023,0.21316964285714285,0.42369020501138954,0.390625,1.0
9853,9853.T,"GINZA RENOIR CO.,LTD.",Retail Trade,0.38095238095238093,0.5,0.8581081081081081,0.4814189189189189,0.7491525423728813,0.10135135135135136,0.0
4769,4769.T,"IC CO.,LTD.",Information & Communication,0.75,0.5183374083129584,0.1975560081466395,0.7615230460921844,0.1097560975609756,0.02004008016032064,1.0
2411,2411.T,GENDAI AGENCY INC.,Information & Communication,0.7036290322580645,0.7628361858190709,0.5824847250509165,0.24048096192384769,0.33333333333333337,0.34468937875751504,1.0
4681,4681.T,"RESORTTRUST,INC.",Services,0.26174496644295303,0.36828644501278773,0.502262443438914,0.9084821428571429,0.5580865603644647,0.9620535714285714,1.0
4832,4832.T,"JFE Systems, Inc.",Information & Communication,0.48588709677419356,0.7457212713936431,0.26883910386965376,0.4909819639278557,0.7276422764227642,0.4348697394789579,1.0
6073,6073.T,ASANTE INCORPORATED,Services,0.6935123042505593,0.30434782608695654,0.832579185520362,0.9084821428571429,0.5125284738041003,0.65625,1.0
5715,5715.T,"FURUKAWA CO.,LTD.",Nonferrous Metals,0.5172413793103449,0.8,0.20689655172413793,0.6551724137931034,0.0357142857142857,0.6551724137931034,1.0
5956,5956.T,"TOSO CO.,LTD.",Metal Products,0.8536585365853658,0.6376811594202898,0.9878048780487805,0.7865853658536586,0.3292682926829268,0.21951219512195122,1.0
3984,3984.T,"User Local,Inc.",Information & Communication,0.1935483870967742,0.29584352078239606,0.5661914460285132,0.7615230460921844,0.6036585365853658,0.7735470941883767,1.0
3922,3922.T,PR TIMES Corporation,Information & Communication,0.1975806451612903,0.6332518337408313,0.8818737270875764,0.4909819639278557,0.8373983739837398,0.7955911823647295,1.0
9733,9733.T,Nagase Brothers Inc.,Services,0.38031319910514544,0.21483375959079284,0.10633484162895927,0.6964285714285714,0.7494305239179955,0.7946428571428571,1.0
3861,3861.T,Oji Holdings Corporation,Pulp and Paper,0.375,0.22727272727272727,0.20833333333333334,0.3333333333333333,0.41666666666666663,1.0,1.0
4118,4118.T,KANEKA CORPORATION,Chemicals,0.654054054054054,0.5705882352941176,0.6810810810810811,0.6054054054054054,0.3114754098360656,0.8324324324324325,1.0
3521,3521.T,"THERMAE-YU HOLDINGS CO.,LTD.",Services,0.8702460850111857,0.25831202046035806,0.024886877828054297,0.6964285714285714,0.7380410022779043,0.22767857142857142,1.0
4765,4765.T,"SBI Global Asset Management Co.,Ltd.",Services,0.14093959731543623,0.1329923273657289,0.2692307692307692,0.6964285714285714,0.37129840546697035,0.828125,1.0
3901,3901.T,"MarkLines Co.,Ltd.",Information & Communication,0.3387096774193548,0.7555012224938875,0.5784114052953157,0.4909819639278557,0.5548780487804879,0.6753507014028056,1.0
9698,9698.T,"CREO CO.,LTD.",Information & Communication,0.6975806451612904,0.5770171149144254,0.45824847250509165,0.7615230460921844,0.5304878048780488,0.20841683366733466,1.0
9632,9632.T,"Subaru Enterprise Co.,Ltd.",Services,0.6040268456375839,0.41687979539641945,0.1085972850678733,0.21316964285714285,0.40091116173120733,0.6741071428571429,1.0
3649,3649.T,FINDEX Inc.,Information & Communication,0.2620967741935484,0.49877750611246946,0.8044806517311609,0.9448897795591182,0.7073170731707317,0.6012024048096193,1.0
4107,4107.T,ISE CHEMICALS CORPORATION,Chemicals,0.032432432432432434,0.11764705882352941,0.6756756756756757,0.6054054054054054,0.3989071038251366,0.8918918918918919,1.0
4619,4619.T,"Nihon Tokushu Toryo Co.,Ltd.",Chemicals,0.6,0.8117647058823529,0.31351351351351353,0.6054054054054054,0.06557377049180324,0.4540540540540541,1.0
2341,2341.T,"ARBEIT-TIMES CO.,LTD.",Services,0.7494407158836689,0.5907928388746803,0.918552036199095,0.6964285714285714,0.6082004555808656,0.45982142857142855,1.0
9543,9543.T,"SHIZUOKA GAS CO.,LTD.",Electric Power and Gas,0.5384615384615384,0.56,0.6666666666666666,0.1346153846153846,0.96,0.3076923076923077,1.0
5998,5998.T,Advanex Inc.,Metal Products,0.13414634146341464,0.5,0.4878048780487805,0.2073170731707317,0.5609756097560976,0.5853658536585366,0.0
4410,4410.T,"HARIMA CHEMICALS GROUP,INC.",Chemicals,0.6864864864864865,0.6411764705882353,0.5675675675675675,0.6054054054054054,0.6174863387978142,0.3783783783783784,1.0
7917,7917.T,ZACROS Corporation,Chemicals,0.972972972972973,0.9647058823529412,0.6162162162162163,0.32972972972972975,0.1693989071038251,0.5945945945945946,1.0
2311,2311.T,"EPCO Co.,Ltd.",Services,0.5011185682326622,0.3938618925831202,0.38461538461538464,0.6964285714285714,0.20956719817767655,0.42857142857142855,1.0
6927,6927.T,"Helios Techno Holding Co.,Ltd.",Electric Appliances,0.5714285714285714,0.35,0.3736842105263158,0.2,0.35449735449735453,0.4105263157894737,1.0
5184,5184.T,"NICHIRIN CO.,LTD.",Rubber Products,0.5833333333333334,1.0,0.6666666666666666,0.4583333333333333,0.41666666666666663,0.3333333333333333,1.0
6819,6819.T,"Izu Shaboten Resort Co.,Ltd",Services,0.5078299776286354,0.7672634271099744,0.7760180995475113,0.9084821428571429,0.8200455580865604,0.3080357142857143,1.0
6616,6616.T,TOREX SEMICONDUCTOR LTD.,Electric Appliances,0.36507936507936506,0.5,0.21578947368421053,0.42105263157894735,0.9417989417989419,0.45789473684210524,0.0
5038,5038.T,"eWeLL Co.,Ltd.",Information & Communication,0.024193548387096774,0.21515892420537897,0.835030549898167,0.4909819639278557,0.6646341463414633,0.7154308617234469,1.0
9691,9691.T,"RYOMO SYSTEMS CO.,LTD.",Information & Communication,0.6915322580645161,0.7041564792176039,0.12830957230142567,0.7615230460921844,0.5365853658536586,0.3847695390781563,1.0
4058,4058.T,"Toyokumo,Inc.",Information & Communication,0.07459677419354839,0.3105134474327628,0.890020366598778,0.7615230460921844,0.926829268292683,0.6452905811623246,1.0
6358,6358.T,"SAKAI HEAVY INDUSTRIES,LTD.",Machinery,0.8085106382978723,0.5402298850574713,0.31382978723404253,0.2047872340425532,0.24468085106382975,0.3829787234042553,1.0
3804,3804.T,System D Inc.,Information & Communication,0.969758064516129,0.9706601466992665,0.3075356415478615,0.9448897795591182,0.7317073170731707,0.10020040080160321,1.0
9799,9799.T,"ASAHI INTELLIGENCE SERVICE CO.,LTD.",Information & Communication,0.7358870967741935,0.6772616136919315,0.1710794297352342,0.7615230460921844,0.22154471544715448,0.3286573146292585,1.0
4705,4705.T,CLIP Corporation,Services,0.9552572706935123,0.21739130434782608,0.09502262443438914,0.21316964285714285,0.08883826879271073,0.06919642857142858,1.0
2449,2449.T,"PRAP Japan,Inc.",Services,0.843400447427293,0.8107416879795396,0.5113122171945701,0.9084821428571429,0.3462414578587699,0.09151785714285714,1.0
9682,9682.T,DTS CORPORATION,Information & Communication,0.9475806451612904,0.980440097799511,0.45010183299389,0.4909819639278557,0.22764227642276424,0.8857715430861723,1.0
4102,4102.T,"Maruo Calcium Co.,Ltd.",Chemicals,0.9567567567567568,0.34705882352941175,0.15135135135135136,0.6054054054054054,0.2295081967213115,0.005405405405405406,1.0
9753,9753.T,IX Knowledge Incorporated,Information & Communication,0.7580645161290323,0.8606356968215159,0.32382892057026474,0.24048096192384769,0.14837398373983735,0.3186372745490982,1.0
3045,3045.T,"Kawasaki & Co.,Ltd.",Wholesale Trade,0.8212927756653993,0.6812749003984063,0.09848484848484848,0.928030303030303,0.7613636363636364,0.07575757575757576,1.0
7085,7085.T,"CURVES HOLDINGS Co.,Ltd.",Services,0.10514541387024609,0.329923273657289,0.5384615384615384,0.9084821428571429,0.6651480637813212,0.8727678571428571,1.0
5957,5957.T,"NITTOSEIKO CO.,LTD.",Metal Products,0.4268292682926829,0.5072463768115942,0.6219512195121951,0.7865853658536586,0.4024390243902439,0.6463414634146342,1.0
4221,4221.T,"Okura Industrial Co.,Ltd.",Chemicals,0.5459459459459459,0.5823529411764706,0.31891891891891894,0.6054054054054054,0.8087431693989071,0.6054054054054054,1.0
6208,6208.T,"Ishikawa Seisakusho,Ltd.",Machinery,0.1595744680851064,0.14367816091954022,0.12234042553191489,0.06648936170212766,0.015957446808510634,0.6968085106382979,1.0
4044,4044.T,"Central Glass Co.,Ltd.",Chemicals,0.5621621621621622,0.5058823529411764,0.4702702702702703,0.32972972972972975,0.8961748633879781,0.6378378378378379,1.0
1847,1847.T,"ICHIKEN Co.,Ltd.",Construction,0.8805970149253731,0.9774436090225563,0.5,0.7686567164179104,0.8571428571428572,0.4925373134328358,1.0
9408,9408.T,"BSN MEDIA HOLDINGS,INC.",Information & Communication,0.9556451612903226,0.5745721271393643,0.06517311608961303,0.9448897795591182,0.45934959349593496,0.002004008016032064,1.0
3940,3940.T,"Nomura System Corporation Co,Ltd.",Information & Communication,0.5766129032258065,0.5843520782396088,0.17311608961303462,0.4909819639278557,0.2967479674796748,0.37074148296593185,1.0
6405,6405.T,"Suzumo Machinery Co.,Ltd.",Machinery,0.6329787234042553,0.8103448275862069,0.973404255319149,0.675531914893617,0.36170212765957444,0.32978723404255317,1.0
5922,5922.T,"NASU DENKI-TEKKO CO.,LTD.",Metal Products,0.3780487804878049,0.5507246376811594,0.1951219512195122,0.4695121951219512,0.31707317073170727,0.4146341463414634,1.0
6736,6736.T,SUNCORPORATION,Electric Appliances,0.10582010582010581,0.69375,0.02631578947368421,0.2,0.0,0.5947368421052631,1.0
6663,6663.T,"TAIYO TECHNOLEX CO.,LTD.",Electric Appliances,0.6878306878306878,0.475,0.631578947368421,0.42105263157894735,0.10052910052910058,0.21578947368421053,1.0
4634,4634.T,"artience Co.,Ltd.",Chemicals,0.6432432432432432,0.29411764705882354,0.2864864864864865,0.6054054054054054,0.5956284153005464,0.6972972972972973,1.0
6367,6367.T,"DAIKIN INDUSTRIES,LTD.",Machinery,0.13829787234042554,0.1896551724137931,0.8670212765957447,0.675531914893617,0.8085106382978724,0.9946808510638298,1.0
5976,5976.T,"Neturen Co.,Ltd.",Metal Products,0.45121951219512196,0.18840579710144928,0.2804878048780488,0.4695121951219512,0.524390243902439,0.7073170731707317,1.0
4317,4317.T,Ray Corporation,Services,0.8478747203579419,0.9846547314578005,0.6108597285067874,0.6964285714285714,0.8952164009111617,0.34375,1.0
3436,3436.T,SUMCO CORPORATION,Metal Products,0.08536585365853659,0.5,0.04878048780487805,0.4695121951219512,0.9634146341463414,1.0,1.0
5742,5742.T,"NIC Autotec,Inc.",Nonferrous Metals,0.4827586206896552,0.44,0.6206896551724138,0.6551724137931034,0.75,0.06896551724137931,1.0
9507,9507.T,"Shikoku Electric Power Company,Incorporated",Electric Power and Gas,0.5,0.84,0.8666666666666667,0.9423076923076923,0.31999999999999995,0.5769230769230769,1.0
5946,5946.T,"CHOFU SEISAKUSHO CO.,LTD.",Metal Products,0.6463414634146342,0.11594202898550725,0.0975609756097561,0.2073170731707317,0.47560975609756095,0.7195121951219512,1.0
4367,4367.T,"KOEI CHEMICAL COMPANY,LIMITED",Chemicals,0.7081081081081081,0.052941176470588235,0.17297297297297298,0.8810810810810811,0.9726775956284153,0.2864864864864865,1.0
1717,1717.T,Meiho Facility Works Ltd.,Services,0.348993288590604,0.6086956521739131,0.48868778280542985,0.21316964285714285,0.006833712984054663,0.5066964285714286,1.0
7963,7963.T,KOKEN LTD.,Other Products,0.6122448979591837,0.6785714285714286,0.4489795918367347,0.42857142857142855,0.1428571428571429,0.4897959183673469,1.0
6662,6662.T,"Ubiteq,INC.",Electric Appliances,0.26455026455026454,0.5,0.45789473684210524,0.42105263157894735,0.9894179894179894,0.08421052631578947,0.0
6962,6962.T,DAISHINKU CORP.,Electric Appliances,0.798941798941799,0.21875,0.06315789473684211,0.42105263157894735,0.44973544973544977,0.5473684210526316,1.0
3816,3816.T,"DAIWA COMPUTER CO.,LTD.",Information & Communication,0.907258064516129,0.7701711491442543,0.06924643584521385,0.4909819639278557,0.2012195121951219,0.012024048096192385,1.0
5909,5909.T,CORONA CORPORATION,Metal Products,0.8414634146341463,0.15942028985507245,0.524390243902439,0.2073170731707317,0.19512195121951215,0.45121951219512196,1.0
5900,5900.T,"DAIKEN CO.,LTD.",Metal Products,0.8658536585365854,0.2898550724637681,0.6341463414634146,0.4695121951219512,0.4512195121951219,0.0975609756097561,1.0
6638,6638.T,"MIMAKI ENGINEERING CO.,LTD.",Electric Appliances,0.37037037037037035,0.85,0.9578947368421052,0.9289473684210526,0.48677248677248675,0.4368421052631579,1.0
3440,3440.T,"NISSO GROUP Co.,Ltd.",Metal Products,0.6829268292682927,0.9420289855072463,0.6097560975609756,0.4695121951219512,0.9024390243902439,0.23170731707317074,1.0
4366,4366.T,Daito Chemix Corporation,Chemicals,0.9297297297297298,0.9,0.005405405405405406,0.8810810810810811,0.8907103825136612,0.40540540540540543,1.0
7551,7551.T,"WEDS CO.,LTD.",Transportation Equipment,0.6212121212121212,0.8275862068965517,0.9090909090909091,0.4318181818181818,0.4126984126984127,0.30303030303030304,1.0
2152,2152.T,Youji Corporation,Services,0.4720357941834452,0.33248081841432225,0.13574660633484162,0.4419642857142857,0.30523917995444194,0.03571428571428571,1.0
4990,4990.T,"Showa Chemical Industry Co.,Ltd.",Chemicals,0.7351351351351352,0.6,0.5297297297297298,0.32972972972972975,0.4699453551912568,0.04864864864864865,1.0
4633,4633.T,SAKATA INX CORPORATION,Chemicals,0.4918918918918919,0.8411764705882353,0.7891891891891892,0.8810810810810811,0.3387978142076503,0.7081081081081081,1.0
6400,6400.T,"FUJI SEIKI CO.,LTD.",Machinery,0.8138297872340425,0.7528735632183908,0.40425531914893614,0.9202127659574468,0.9042553191489362,0.10638297872340426,1.0
7022,7022.T,Sanoyas Holdings Corporation,Machinery,0.5478723404255319,0.8448275862068966,0.6117021276595744,0.9202127659574468,0.5,0.2872340425531915,1.0
2481,2481.T,"TOWNNEWS-SHA CO.,LTD.",Services,0.8993288590604027,0.7621483375959079,0.5701357466063348,0.21316964285714285,0.28246013667425973,0.020089285714285716,1.0
3835,3835.T,"eBASE Co.,Ltd.",Information & Communication,0.3790322580645161,0.5427872860635696,0.45417515274949083,0.7615230460921844,0.27439024390243905,0.5150300601202404,1.0
4998,4998.T,FUMAKILLA LIMITED,Chemicals,0.6918918918918919,0.7411764705882353,0.7945945945945946,0.6054054054054054,0.20765027322404372,0.1783783783783784,1.0
6383,6383.T,"DAIFUKU CO.,LTD.",Machinery,0.0425531914893617,0.1724137931034483,0.4148936170212766,0.675531914893617,0.19148936170212771,0.9787234042553191,1.0
2335,2335.T,CUBE SYSTEM INC.,Information & Communication,0.6209677419354839,0.6479217603911981,0.2484725050916497,0.4909819639278557,0.0630081300813008,0.374749498997996,1.0
4212,4212.T,Sekisui Jushi Corporation,Chemicals,0.6810810810810811,0.36470588235294116,0.24864864864864866,0.32972972972972975,0.36612021857923494,0.5351351351351351,1.0
9536,9536.T,"SAIBU GAS HOLDINGS CO.,LTD.",Electric Power and Gas,0.38461538461538464,0.32,0.26666666666666666,0.6730769230769231,0.8,0.38461538461538464,1.0
4369,4369.T,Tri Chemical Laboratories Inc.,Chemicals,0.04864864864864865,0.17647058823529413,0.4540540540540541,0.04054054054054054,0.04371584699453557,0.9135135135135135,1.0
6494,6494.T,"NFK HOLDINGS CO.,Ltd",Machinery,0.5957446808510638,0.08620689655172414,0.06382978723404255,0.2047872340425532,0.26595744680851063,0.425531914893617,1.0
9633,9633.T,"TOKYO THEATRES COMPANY,INCORPORATED",Real Estate,0.7479674796747967,0.9745762711864406,0.5691056910569106,0.6341463414634146,0.24590163934426235,0.3089430894308943,1.0
7235,7235.T,"TOKYO RADIATOR MFG.CO.,LTD.",Transportation Equipment,0.5303030303030303,0.7068965517241379,0.3939393939393939,0.4318181818181818,0.2857142857142857,0.4393939393939394,1.0
3421,3421.T,"INABA SEISAKUSHO Co.,Ltd.",Metal Products,0.4878048780487805,0.2463768115942029,0.5,0.7865853658536586,0.5487804878048781,0.573170731707317,1.0
5965,5965.T,FUJIMAK CORPORATION,Metal Products,0.5975609756097561,0.9130434782608695,0.9390243902439024,0.7865853658536586,0.13414634146341464,0.4878048780487805,1.0
3040,3040.T,SOLITON SYSTEMS K.K.,Information & Communication,0.22983870967741934,0.36185819070904646,0.4460285132382892,0.4909819639278557,0.6829268292682926,0.7034068136272545,1.0
4027,4027.T,TAYCA CORPORATION,Chemicals,0.4972972972972973,0.25882352941176473,0.08648648648648649,0.13783783783783785,0.5191256830601093,0.5891891891891892,1.0
4825,4825.T,WEATHERNEWS INC.,Information & Communication,0.4153225806451613,0.511002444987775,0.5865580448065173,0.4909819639278557,0.6910569105691057,0.8777555110220441,1.0
3294,3294.T,"e'grand Co.,Ltd",Real Estate,0.13821138211382114,0.06779661016949153,0.4146341463414634,0.07317073170731707,0.3114754098360656,0.6666666666666666,1.0
7236,7236.T,"T.RAD Co., Ltd.",Transportation Equipment,0.09090909090909091,0.1724137931034483,0.5757575757575758,0.6818181818181818,0.31746031746031744,0.7727272727272727,1.0
2332,2332.T,"Quest Co.,Ltd.",Information & Communication,0.6431451612903226,0.6797066014669927,0.24439918533604887,0.4909819639278557,0.19308943089430897,0.6993987975951904,1.0
4172,4172.T,"Hi-CRATES CO.,LTD.",Information & Communication,0.7641129032258065,0.7383863080684596,0.5315682281059063,0.7615230460921844,0.3597560975609756,0.036072144288577156,1.0
4641,4641.T,Altech Corporation,Services,0.30648769574944074,0.6521739130434783,0.5248868778280543,0.6964285714285714,0.15717539863325736,0.7477678571428571,1.0
6171,6171.T,C.E.Management Integrated Laboratory Co.Ltd,Services,0.7785234899328859,0.6777493606138107,0.5226244343891403,0.6964285714285714,0.2482915717539863,0.35267857142857145,1.0
9702,9702.T,ISB CORPORATION,Information & Communication,0.4737903225806452,0.33007334963325186,0.5030549898167006,0.4909819639278557,0.4512195121951219,0.6773547094188377,1.0
4202,4202.T,Daicel Corporation,Chemicals,0.4864864864864865,0.9176470588235294,0.518918918918919,0.6054054054054054,0.6666666666666667,0.8702702702702703,1.0
7213,7213.T,LECIP HOLDINGS CORPORATION,Transportation Equipment,0.30303030303030304,0.9482758620689655,0.9545454545454546,0.4318181818181818,0.06349206349206349,0.3181818181818182,1.0
3799,3799.T,Keyware Solutions Inc.,Information & Communication,0.7923387096774194,0.9584352078239609,0.49287169042769857,0.4909819639278557,0.022357723577235755,0.23647294589178355,1.0
6033,6033.T,"EXTREME CO.,LTD.",Services,0.639821029082774,0.9411764705882353,0.5475113122171946,0.9084821428571429,0.6492027334851936,0.4330357142857143,1.0
5943,5943.T,NORITZ CORPORATION,Metal Products,0.4024390243902439,0.13043478260869565,0.8414634146341463,0.2073170731707317,0.5731707317073171,0.7926829268292683,1.0
4611,4611.T,"Dai Nippon Toryo Company,Limited",Chemicals,0.8540540540540541,0.9529411764705882,0.2594594594594595,0.13783783783783785,0.02732240437158473,0.5675675675675675,1.0
5933,5933.T,ALINCO INCORPORATED,Metal Products,0.4634146341463415,0.5942028985507246,0.6829268292682927,0.7865853658536586,0.7317073170731707,0.6341463414634146,1.0
4205,4205.T,ZEON CORPORATION,Chemicals,0.33513513513513515,0.4294117647058823,0.6,0.13783783783783785,0.14207650273224048,0.8810810810810811,1.0
4025,4025.T,"TAKI CHEMICAL CO.,LTD.",Chemicals,0.4540540540540541,0.5941176470588235,0.23243243243243245,0.32972972972972975,0.10928961748633881,0.6594594594594595,1.0
4255,4255.T,THECOO Inc.,Information & Communication,0.020161290322580645,0.1687041564792176,0.8615071283095723,0.7615230460921844,0.8983739837398375,0.3026052104208417,1.0
7240,7240.T,NOK CORPORATION,Transportation Equipment,0.3939393939393939,0.43103448275862066,0.5151515151515151,0.9242424242424242,0.7142857142857143,0.8484848484848485,1.0
4531,4531.T,"Yuki Gosei Kogyo Co.,Ltd.",Chemicals,0.7135135135135136,0.788235294117647,0.12972972972972974,0.6054054054054054,0.7486338797814207,0.23783783783783785,1.0
4754,4754.T,TOSNET CORPORATION,Services,0.8523489932885906,0.782608695652174,0.3506787330316742,0.6964285714285714,0.29384965831435084,0.05580357142857143,1.0
4801,4801.T,"CENTRAL SPORTS CO.,LTD.",Services,0.7762863534675615,0.319693094629156,0.08144796380090498,0.9084821428571429,0.39407744874715267,0.6049107142857143,1.0
2705,2705.T,"OOTOYA Holdings Co.,Ltd.",Retail Trade,0.01020408163265306,0.11583011583011583,0.972972972972973,0.4814189189189189,0.8203389830508474,0.5912162162162162,1.0
5918,5918.T,"The Takigami Steel Construction Co.,Ltd.",Metal Products,0.8170731707317073,0.057971014492753624,0.024390243902439025,0.2073170731707317,0.7804878048780488,0.43902439024390244,1.0
6977,6977.T,"JAPAN RESISTOR MFG. CO.,LTD.",Electric Appliances,0.6137566137566137,0.5,0.3526315789473684,0.06842105263157895,0.8835978835978836,0.1631578947368421,0.0
4958,4958.T,"T.HASEGAWA CO.,LTD.",Chemicals,0.42702702702702705,0.5176470588235295,0.24324324324324326,0.32972972972972975,0.2896174863387978,0.6,1.0
9511,9511.T,"The Okinawa Electric Power Company,Incorporated",Electric Power and Gas,0.8076923076923077,0.4,0.5,0.9423076923076923,0.72,0.34615384615384615,1.0
6837,6837.T,"KYOSHA CO.,LTD.",Electric Appliances,0.8835978835978836,0.84375,0.4,0.6973684210526315,0.6666666666666667,0.1368421052631579,1.0
7544,7544.T,"Three F Co.,Ltd.",Retail Trade,0.7755102040816326,0.972972972972973,0.9966216216216216,0.7364864864864865,0.5525423728813559,0.11824324324324324,1.0
5947,5947.T,RINNAI CORPORATION,Metal Products,0.21951219512195122,0.4782608695652174,0.8170731707317073,0.9695121951219512,0.6097560975609756,0.9390243902439024,1.0
5958,5958.T,"SANYO INDUSTRIES,LTD.",Metal Products,0.47560975609756095,0.8260869565217391,0.8658536585365854,0.4695121951219512,0.35365853658536583,0.5121951219512195,1.0
7299,7299.T,FUJI OOZX Inc.,Transportation Equipment,0.6060606060606061,0.8103448275862069,0.6363636363636364,0.9242424242424242,0.25396825396825395,0.25757575757575757,1.0
9409,9409.T,TV Asahi Holdings Corporation,Information & Communication,0.9395161290322581,0.6503667481662592,0.05702647657841141,0.4909819639278557,0.3434959349593496,0.9258517034068137,1.0
3854,3854.T,I'LL INC,Information & Communication,0.07258064516129033,0.33496332518337407,0.8716904276985743,0.4909819639278557,0.2987804878048781,0.7615230460921844,1.0
3623,3623.T,Billing System Corporation,Information & Communication,0.4657258064516129,0.5232273838630807,0.006109979633401222,0.24048096192384769,0.9126016260162602,0.41082164328657317,1.0
5727,5727.T,"TOHO TITANIUM COMPANY,LIMITED",Nonferrous Metals,0.2413793103448276,0.28,0.27586206896551724,0.6551724137931034,0.8928571428571429,0.7586206896551724,1.0
3110,3110.T,"NITTO BOSEKI CO.,LTD.",Glass and Ceramics Products,0.045454545454545456,0.024390243902439025,0.5681818181818182,0.9204545454545454,0.5,1.0,1.0
2136,2136.T,HIP CORPORATION,Services,0.5637583892617449,0.5524296675191815,0.2330316742081448,0.6964285714285714,0.11617312072892938,0.18973214285714285,1.0
2331,2331.T,"ALSOK CO.,LTD.",Services,0.5548098434004475,0.3452685421994885,0.2398190045248869,0.4419642857142857,0.4715261958997722,0.9754464285714286,1.0
6042,6042.T,"NIKKI CO.,LTD.",Transportation Equipment,0.5454545454545454,0.39655172413793105,0.13636363636363635,0.06818181818181818,0.07936507936507942,0.19696969696969696,1.0
5757,5757.T,"CK SAN-ETSU Co.,Ltd.",Nonferrous Metals,0.7931034482758621,0.88,0.5172413793103449,0.2413793103448276,0.2857142857142857,0.27586206896551724,1.0
4956,4956.T,"KONISHI CO.,LTD.",Chemicals,0.3891891891891892,0.6882352941176471,0.5135135135135135,0.6054054054054054,0.1584699453551912,0.5135135135135135,1.0
4021,4021.T,Nissan Chemical Corporation,Chemicals,0.03783783783783784,0.21764705882352942,0.8756756756756757,0.8810810810810811,0.7540983606557377,0.9621621621621622,1.0
4299,4299.T,"HIMACS,Ltd.",Information & Communication,0.7903225806451613,0.7970660146699267,0.20773930753564154,0.4909819639278557,0.1402439024390244,0.4088176352705411,1.0
4725,4725.T,CAC Holdings Corporation,Information & Communication,0.8991935483870968,0.941320293398533,0.1955193482688391,0.24048096192384769,0.07723577235772361,0.6693386773547094,1.0
9765,9765.T,"OHBA CO.,LTD.",Services,0.5816554809843401,0.5396419437340153,0.39592760180995473,0.21316964285714285,0.02505694760820043,0.6071428571428571,1.0
6864,6864.T,NF HOLDINGS CORPORATION,Electric Appliances,0.5978835978835979,0.48125,0.39473684210526316,0.6973684210526315,0.16402116402116407,0.3684210526315789,1.0
2805,2805.T,S&B FOODS INC.,Foods,0.17757009345794392,0.43,0.411214953271028,0.6728971962616822,0.33644859813084116,0.6822429906542056,1.0
4377,4377.T,ONE CAREER Inc.,Information & Communication,0.06048387096774194,0.2371638141809291,0.9327902240325866,0.7615230460921844,0.8536585365853658,0.779559118236473,1.0
4750,4750.T,"DAISAN CO.,LTD.",Services,0.9284116331096197,0.6828644501278772,0.38235294117647056,0.9084821428571429,0.8838268792710706,0.27455357142857145,1.0
5729,5729.T,"NIHON SEIKO CO.,LTD",Nonferrous Metals,1.0,1.0,0.8620689655172413,0.2413793103448276,0.0,0.3448275862068966,1.0
9474,9474.T,"ZENRIN CO.,LTD.",Information & Communication,0.8669354838709677,0.3691931540342298,0.4847250509164969,0.9448897795591182,0.8231707317073171,0.7895791583166333,1.0
7102,7102.T,"NIPPON SHARYO,LTD.",Transportation Equipment,0.42424242424242425,0.7413793103448276,0.22727272727272727,0.6818181818181818,0.09523809523809523,0.5454545454545454,1.0
5741,5741.T,UACJ Corporation,Nonferrous Metals,0.7586206896551724,0.68,0.7586206896551724,0.2413793103448276,0.5,0.6896551724137931,1.0
1997,1997.T,"AKATSUKI EAZIMA CO.,LTD.",Construction,0.6268656716417911,0.7894736842105263,0.5895522388059702,0.7686567164179104,0.8045112781954887,0.13432835820895522,1.0
3513,3513.T,"ICHIKAWA CO.,LTD.",Textiles and Apparels,0.5609756097560976,0.34285714285714286,0.5609756097560976,0.7317073170731707,0.7,0.5121951219512195,1.0
7971,7971.T,TOLI Corporation,Chemicals,0.6270270270270271,0.7764705882352941,0.7081081081081081,0.13783783783783785,0.14754098360655743,0.4702702702702703,1.0
9552,9552.T,"Quants Research Institute Holdings,Inc.",Services,0.017897091722595078,0.8542199488491049,1.0,0.4419642857142857,0.5,0.9017857142857143,1.0
9475,9475.T,"Shobunsha Holdings,Inc.",Information & Communication,0.9637096774193549,0.4547677261613692,0.04073319755600815,0.7615230460921844,0.39634146341463417,0.09218436873747494,1.0
6942,6942.T,"SOPHIA HOLDINGS CO.,LTD.",Information & Communication,0.4092741935483871,0.5,0.9857433808553971,0.02905811623246493,0.5,0.19238476953907815,0.0
2305,2305.T,"STUDIO ALICE Co.,Ltd.",Services,0.7718120805369127,0.17647058823529413,0.15610859728506787,0.4419642857142857,0.8701594533029613,0.6629464285714286,1.0
6045,6045.T,"Rentracks CO.,LTD.",Services,0.17002237136465326,0.44501278772378516,0.28054298642533937,0.9084821428571429,0.8451025056947608,0.4888392857142857,1.0
2109,2109.T,"Mitsui DM Sugar Co.,Ltd.",Foods,0.6261682242990654,0.54,0.205607476635514,0.17757009345794392,0.8878504672897196,0.6542056074766355,1.0
9052,9052.T,"Sanyo Electric Railway Co.,Ltd.",Land Transportation,0.7222222222222222,0.41509433962264153,0.5,0.046296296296296294,0.42592592592592593,0.4074074074074074,1.0
4061,4061.T,Denka Company Limited,Chemicals,0.34594594594594597,0.5,0.16756756756756758,0.04054054054054054,0.819672131147541,0.9567567567567568,1.0
2163,2163.T,"ARTNER CO.,LTD.",Services,0.10738255033557047,0.47570332480818417,0.6787330316742082,0.21316964285714285,0.2870159453302962,0.5982142857142857,1.0
9739,9739.T,NSW Inc.,Information & Communication,0.7963709677419355,0.7652811735941321,0.1384928716904277,0.24048096192384769,0.36585365853658536,0.5691382765531062,1.0
9535,9535.T,"HIROSHIMA GAS CO.,LTD.",Electric Power and Gas,0.9230769230769231,0.12,0.4666666666666667,0.6730769230769231,0.36,0.15384615384615385,1.0
6061,6061.T,"UNIVERSAL ENGEISHA CO.,LTD",Services,0.8031319910514542,0.9028132992327366,0.8755656108597285,0.6964285714285714,0.6697038724373576,0.38839285714285715,1.0
9656,9656.T,GREENLAND RESORT COMPANY LIMITED,Services,0.959731543624161,0.5754475703324808,0.01583710407239819,0.21316964285714285,0.3325740318906606,0.09821428571428571,1.0
3921,3921.T,NEOJAPAN Inc.,Information & Communication,0.23790322580645162,0.6723716381418093,0.6191446028513238,0.7615230460921844,0.6280487804878049,0.501002004008016,1.0
3974,3974.T,SCAT Inc.,Information & Communication,0.9233870967741935,0.5207823960880196,0.4175152749490835,0.7615230460921844,0.6808943089430894,0.05410821643286573,1.0
5331,5331.T,"NORITAKE CO.,LIMITED",Glass and Ceramics Products,0.5454545454545454,0.6585365853658537,0.6590909090909091,0.6363636363636364,0.022727272727272707,0.75,1.0
3741,3741.T,"Systems Engineering Consultants Co.,LTD.",Information & Communication,0.3951612903225806,0.4767726161369193,0.219959266802444,0.24048096192384769,0.024390243902439046,0.8877755511022044,1.0
7292,7292.T,MURAKAMI CORPORATION,Transportation Equipment,0.3484848484848485,0.4827586206896552,0.48484848484848486,0.22727272727272727,0.3650793650793651,0.36363636363636365,1.0
5966,5966.T,"KYOTO TOOL CO.,LTD.",Metal Products,0.6707317073170732,0.6521739130434783,0.5975609756097561,0.7865853658536586,0.5975609756097561,0.036585365853658534,1.0
9788,9788.T,"NAC CO.,LTD.",Services,0.8456375838926175,0.5856777493606138,0.8665158371040724,0.6964285714285714,0.7744874715261959,0.5714285714285714,1.0
6546,6546.T,Fulltech Co.Ltd.,Services,0.8366890380313199,0.20460358056265984,0.5520361990950227,0.21316964285714285,0.034168564920273314,0.05357142857142857,1.0
4337,4337.T,PIA CORPORATION,Services,0.03355704697986577,0.17135549872122763,0.11990950226244344,0.6964285714285714,0.9567198177676538,0.78125,1.0
7245,7245.T,"DAIDO METAL CO.,LTD.",Transportation Equipment,0.5151515151515151,0.3275862068965517,0.6818181818181818,0.6818181818181818,0.46031746031746035,0.7575757575757576,1.0
5973,5973.T,TOAMI CORPORATION,Metal Products,0.8902439024390244,0.028985507246376812,0.36585365853658536,0.7865853658536586,0.6707317073170731,0.12195121951219512,1.0
2488,2488.T,"JTP CO.,LTD.",Services,0.31543624161073824,0.49872122762148335,0.3891402714932127,0.9084821428571429,0.5740318906605922,0.5848214285714286,1.0
3350,3350.T,Metaplanet Inc.,Wholesale Trade,0.6958174904942965,0.5,0.003787878787878788,0.19507575757575757,0.9962121212121212,0.9962121212121212,1.0
6255,6255.T,NPC Incorporated,Machinery,0.23404255319148937,0.4540229885057471,0.6808510638297872,0.675531914893617,0.48404255319148937,0.5904255319148937,1.0
4491,4491.T,"Computer Management Co.,Ltd.",Information & Communication,0.530241935483871,0.49144254278728605,0.5274949083503055,0.9448897795591182,0.4695121951219512,0.17034068136272545,1.0
1736,1736.T,OTEC CORPORATION,Construction,0.23880597014925373,0.518796992481203,0.8805970149253731,0.7686567164179104,0.736842105263158,0.1791044776119403,1.0
7058,7058.T,"Kyoei Security Service Co.,Ltd.",Services,0.7874720357941835,0.5,0.46153846153846156,0.4419642857142857,0.8086560364464692,0.08482142857142858,1.0
9729,9729.T,TOKAI Corp.,Services,0.8120805369127517,0.5575447570332481,0.3778280542986425,0.6964285714285714,0.5671981776765376,0.765625,1.0
5984,5984.T,KANEFUSA CORPORATION,Metal Products,0.8780487804878049,0.8405797101449275,0.25609756097560976,0.4695121951219512,0.5853658536585367,0.35365853658536583,1.0
4356,4356.T,"APPLIED TECHNOLOGY CO.,LTD.",Information & Communication,0.6411290322580645,0.8312958435207825,0.25865580448065173,0.4909819639278557,0.7215447154471545,0.1623246492985972,1.0
7678,7678.T,"ASAKUMA CO.,LTD.",Retail Trade,0.017006802721088437,0.04633204633204633,0.8952702702702703,0.4814189189189189,0.9627118644067797,0.5371621621621622,1.0
5071,5071.T,VIS co.ltd.,Services,0.436241610738255,0.8312020460358056,0.5859728506787331,0.9084821428571429,0.428246013667426,0.26339285714285715,1.0
4097,4097.T,"KOATSU GAS KOGYO CO.,LTD.",Chemicals,0.6162162162162163,0.6235294117647059,0.5567567567567567,0.8810810810810811,0.27322404371584696,0.4810810810810811,1.0
5901,5901.T,"Toyo Seikan Group Holdings,Ltd.",Metal Products,0.2682926829268293,0.14492753623188406,0.14634146341463414,0.4695121951219512,0.8170731707317074,0.9512195121951219,1.0
4992,4992.T,"HOKKO CHEMICAL INDUSTRY CO.,LTD.",Chemicals,0.5675675675675675,0.7647058823529411,0.2756756756756757,0.13783783783783785,0.7103825136612022,0.42162162162162165,1.0
4430,4430.T,"TOKAI SOFT CO.,LTD.",Information & Communication,0.6794354838709677,0.8288508557457213,0.15071283095723015,0.09218436873747494,0.2804878048780488,0.48096192384769537,1.0
2326,2326.T,Digital Arts Inc.,Information & Communication,0.22379032258064516,0.3765281173594132,0.3543788187372709,0.24048096192384769,0.2357723577235772,0.9218436873747495,1.0
7833,7833.T,IFIS JAPAN LTD.,Other Products,0.35714285714285715,0.6309523809523809,0.7244897959183674,0.7040816326530612,0.29591836734693877,0.22448979591836735,1.0
5192,5192.T,Mitsuboshi Belting Ltd.,Rubber Products,0.25,0.5454545454545454,0.8333333333333334,0.8333333333333334,0.16666666666666663,0.75,1.0
4290,4290.T,Prestige International Inc.,Services,0.4407158836689038,0.4629156010230179,0.17647058823529413,0.4419642857142857,0.5558086560364465,0.8638392857142857,1.0
2301,2301.T,"GAKUJO CO.,Ltd.",Services,0.5436241610738255,0.6649616368286445,0.5565610859728507,0.6964285714285714,0.26195899772209563,0.8482142857142857,1.0
6240,6240.T,YAMASHIN-FILTER CORP.,Machinery,0.2127659574468085,0.25287356321839083,0.9042553191489362,0.9202127659574468,0.6436170212765957,0.6276595744680851,1.0
2818,2818.T,"PIETRO Co.,Ltd.",Foods,0.1588785046728972,0.04,0.8878504672897196,0.6728971962616822,0.6261682242990654,0.18691588785046728,1.0
6535,6535.T,"i-mobile Co.,Ltd.",Services,0.4563758389261745,0.8081841432225064,0.8868778280542986,0.6964285714285714,0.7835990888382688,0.7723214285714286,1.0
9768,9768.T,"IDEA Consultants,Inc.",Services,0.901565995525727,0.7851662404092071,0.20361990950226244,0.4419642857142857,0.12072892938496582,0.7566964285714286,1.0
9619,9619.T,"ICHINEN HOLDINGS CO.,LTD.",Services,0.8791946308724832,0.887468030690537,0.11764705882352941,0.4419642857142857,0.19134396355353078,0.7120535714285714,1.0
1379,1379.T,HOKUTO CORPORATION,"Fishery, Agriculture and Forestry",0.6363636363636364,0.5454545454545454,0.5454545454545454,0.5909090909090909,0.8181818181818181,0.6363636363636364,1.0
6888,6888.T,ACMOS INC.,Information & Communication,0.6290322580645161,0.6210268948655256,0.5987780040733197,0.4909819639278557,0.18089430894308944,0.24649298597194388,1.0
4481,4481.T,"BASE CO.,LTD.",Information & Communication,0.1592741935483871,0.6063569682151589,0.48879837067209775,0.9448897795591182,0.4369918699186992,0.8256513026052105,1.0
2208,2208.T,BOURBON CORPORATION,Foods,0.48598130841121495,0.68,0.6074766355140186,0.9345794392523364,0.36448598130841126,0.34579439252336447,1.0
2198,2198.T,IKK Holdings Inc.,Services,0.37583892617449666,0.6572890025575447,0.7805429864253394,0.4419642857142857,0.23006833712984054,0.6116071428571429,1.0
1941,1941.T,CHUDENKO CORPORATION,Construction,0.5,0.5112781954887218,0.373134328358209,0.9514925373134329,0.6616541353383458,0.6343283582089553,1.0
3150,3150.T,"grems,Inc.",Electric Power and Gas,0.07692307692307693,0.24,0.9333333333333333,0.6730769230769231,0.040000000000000036,0.2692307692307692,1.0
4463,4463.T,"NICCA CHEMICAL CO.,LTD.",Chemicals,0.6054054054054054,0.7058823529411765,0.7675675675675676,0.13783783783783785,0.6612021857923498,0.23243243243243245,1.0
5930,5930.T,"Bunka Shutter Co.,Ltd.",Metal Products,0.1951219512195122,0.6231884057971014,0.9024390243902439,0.7865853658536586,0.24390243902439024,0.7560975609756098,1.0
6059,6059.T,"UCHIYAMA HOLDINGS Co.,Ltd.",Services,0.9776286353467561,0.9948849104859335,0.013574660633484163,0.6964285714285714,0.02277904328018221,0.20535714285714285,1.0
4362,4362.T,"Nippon Fine Chemical Co.,Ltd.",Chemicals,0.372972972972973,0.5411764705882353,0.41081081081081083,0.8810810810810811,0.21857923497267762,0.43243243243243246,1.0
9404,9404.T,"Nippon Television Holdings,Inc.",Information & Communication,0.9455645161290323,0.4963325183374083,0.04276985743380855,0.9448897795591182,0.3414634146341463,0.9418837675350702,1.0
9699,9699.T,"NISHIO HOLDINGS CO.,LTD.",Services,0.8903803131991052,0.8260869565217391,0.36425339366515835,0.9084821428571429,0.7790432801822323,0.8236607142857143,1.0
3431,3431.T,"MIYAJI ENGINEERING GROUP,INC.",Metal Products,0.3048780487804878,0.9565217391304348,0.3902439024390244,0.06707317073170732,0.03658536585365857,0.8414634146341463,1.0
3553,3553.T,"KYOWA LEATHER CLOTH CO.,LTD.",Chemicals,0.8,0.4647058823529412,0.3081081081081081,0.32972972972972975,0.19672131147540983,0.41081081081081083,1.0
3096,3096.T,OCEAN SYSTEM CORPORATION,Retail Trade,0.5102040816326531,0.555984555984556,0.7128378378378378,0.7364864864864865,0.535593220338983,0.22635135135135134,1.0
7266,7266.T,"Imasen Electric Industrial Co.,Ltd.",Transportation Equipment,0.7575757575757576,0.8620689655172413,0.10606060606060606,0.6818181818181818,0.19047619047619047,0.3939393939393939,1.0
9928,9928.T,"MIROKU JYOHO SERVICE CO.,LTD.",Information & Communication,0.5,0.7481662591687042,0.8309572301425662,0.9448897795591182,0.5711382113821138,0.6072144288577155,1.0
7966,7966.T,LINTEC Corporation,Other Products,0.1836734693877551,0.14285714285714285,0.42857142857142855,0.9336734693877551,0.8367346938775511,0.9081632653061225,1.0
4390,4390.T,"IPS,Inc.",Information & Communication,0.31451612903225806,0.4718826405867971,0.10183299389002037,0.24048096192384769,0.060975609756097615,0.8557114228456913,1.0
7600,7600.T,"Japan Medical Dynamic Marketing,INC.",Precision Instruments,0.8947368421052632,0.11764705882352941,0.9473684210526315,0.2894736842105263,0.4473684210526315,0.5263157894736842,1.0
3766,3766.T,"SYSTEMS DESIGN Co.,Ltd.",Information & Communication,0.8608870967741935,0.5158924205378973,0.40325865580448067,0.4909819639278557,0.18292682926829273,0.07414829659318638,1.0
7377,7377.T,"DN HOLDINGS CO.,LTD.",Services,0.7829977628635347,0.8644501278772379,0.6357466063348416,0.9084821428571429,0.6469248291571754,0.4174107142857143,1.0
3771,3771.T,"SYSTEM RESEARCH CO.,LTD.",Information & Communication,0.3346774193548387,0.60880195599022,0.42362525458248473,0.7615230460921844,0.2947154471544715,0.6192384769539078,1.0
9340,9340.T,"ASO INTERNATIONAL,INC.",Services,0.29977628635346754,0.4475703324808184,0.6900452488687783,0.9084821428571429,0.3530751708428246,0.23214285714285715,1.0
9067,9067.T,MARUWN CORPORATION,Land Transportation,0.4074074074074074,0.11320754716981132,0.59375,0.8611111111111112,0.8888888888888888,0.24074074074074073,1.0
5122,5122.T,"OKAMOTO INDUSTRIES,INC.",Rubber Products,0.5,0.6363636363636364,0.5,0.8333333333333334,0.08333333333333337,0.5833333333333334,1.0
5936,5936.T,"TOYO SHUTTER CO.,LTD.",Metal Products,0.5365853658536586,0.8840579710144928,0.8902439024390244,0.2073170731707317,0.08536585365853655,0.3170731707317073,1.0
2325,2325.T,"NJS Co.,Ltd.",Services,0.4317673378076063,0.22762148337595908,0.3416289592760181,0.08035714285714286,0.2369020501138952,0.7857142857142857,1.0
7931,7931.T,"MIRAI INDUSTRY CO.,LTD.",Chemicals,0.4486486486486487,0.7176470588235294,0.745945945945946,0.13783783783783785,0.6229508196721312,0.4864864864864865,1.0
9083,9083.T,"Shinki Bus Co.,Ltd.",Land Transportation,0.9814814814814815,0.9622641509433962,0.84375,0.5555555555555556,0.6481481481481481,0.2777777777777778,1.0
9686,9686.T,"TOYO TEC CO.,LTD.",Services,0.8657718120805369,0.19948849104859334,0.12669683257918551,0.4419642857142857,0.7175398633257404,0.40401785714285715,1.0
7081,7081.T,"Koyou Rentia Co.,Ltd.",Services,0.6621923937360179,0.8823529411764706,0.8076923076923077,0.6964285714285714,0.958997722095672,0.24107142857142858,1.0
9780,9780.T,HARIMA B.STEM CORPORATION,Services,0.8165548098434005,0.7468030690537084,0.3009049773755656,0.6964285714285714,0.25512528473804097,0.21428571428571427,1.0
9539,9539.T,"KEIYO GAS CO.,LTD.",Electric Power and Gas,0.7307692307692307,0.2,0.5333333333333333,0.34615384615384615,0.76,0.038461538461538464,1.0
4685,4685.T,"Ryoyu Systems Co.,Ltd.",Information & Communication,0.8810483870967742,0.9657701711491442,0.3360488798370672,0.7615230460921844,0.21544715447154472,0.6973947895791583,1.0
4189,4189.T,"KH Neochem Co.,Ltd.",Chemicals,0.2864864864864865,0.6294117647058823,0.4594594594594595,0.32972972972972975,0.7267759562841529,0.6864864864864865,1.0
4709,4709.T,ID Holdings Corporation,Information & Communication,0.3709677419354839,0.6699266503667481,0.5845213849287169,0.9448897795591182,0.38617886178861793,0.6312625250501002,1.0
9889,9889.T,JBCC Holdings Inc.,Information & Communication,0.17540322580645162,0.38386308068459657,0.670061099796334,0.24048096192384769,0.6117886178861789,0.8356713426853707,1.0
3252,3252.T,"JINUSHI Co.,Ltd.",Real Estate,0.4634146341463415,0.8898305084745762,0.21951219512195122,0.3983739837398374,0.2213114754098361,0.8292682926829268,1.0
2483,2483.T,HONYAKU Center Inc.,Services,0.738255033557047,0.7340153452685422,0.7737556561085973,0.21316964285714285,0.13211845102505693,0.46651785714285715,1.0
4335,4335.T,"IPS HOLDINGS CO.,LTD.",Information & Communication,0.5221774193548387,0.7872860635696821,0.5071283095723014,0.9448897795591182,0.8353658536585366,0.13026052104208416,1.0
4112,4112.T,"Hodogaya Chemical Co.,Ltd.",Chemicals,0.7297297297297297,0.8823529411764706,0.6702702702702703,0.8810810810810811,0.2786885245901639,0.5081081081081081,1.0
4925,4925.T,"HABA LABORATORIES,INC.",Chemicals,0.6324324324324324,0.6941176470588235,0.9567567567567568,0.6054054054054054,0.9234972677595629,0.05945945945945946,1.0
6897,6897.T,TWINBIRD CORPORATION,Electric Appliances,0.8412698412698413,0.5,0.49473684210526314,0.06842105263157895,0.9523809523809523,0.06315789473684211,0.0
8864,8864.T,"AIRPORT FACILITIES Co.,LTD.",Real Estate,0.7723577235772358,0.2288135593220339,0.08943089430894309,0.9349593495934959,0.7540983606557377,0.5609756097560976,1.0
4671,4671.T,"FALCO HOLDINGS Co.,Ltd.",Services,0.7404921700223713,0.6035805626598465,0.4638009049773756,0.6964285714285714,0.3644646924829157,0.5803571428571429,1.0
3371,3371.T,SOFTCREATE HOLDINGS CORP.,Information & Communication,0.5524193548387096,0.8117359413202934,0.4725050916496945,0.24048096192384769,0.5467479674796748,0.5811623246492986,1.0
2186,2186.T,Sobal Corporation,Services,0.46756152125279643,0.42455242966751916,0.3552036199095023,0.4419642857142857,0.18678815489749434,0.10267857142857142,1.0
5970,5970.T,G-TEKT CORPORATION,Metal Products,0.7317073170731707,0.8695652173913043,0.12195121951219512,0.2073170731707317,0.5365853658536586,0.8658536585365854,1.0
4012,4012.T,"AXIS CO.,LTD.",Information & Communication,0.5181451612903226,0.7603911980440098,0.5010183299389002,0.24048096192384769,0.3109756097560976,0.4308617234468938,1.0
2410,2410.T,"CAREER DESIGN CENTER CO.,LTD.",Services,0.1789709172259508,0.59846547314578,0.9864253393665159,0.21316964285714285,0.9407744874715261,0.6428571428571429,1.0
2702,2702.T,"McDonald's Holdings Company(Japan),Ltd.",Retail Trade,0.1292517006802721,0.20463320463320464,0.06756756756756757,0.4814189189189189,0.7016949152542373,0.9628378378378378,1.0
6995,6995.T,"TOKAI RIKA CO.,LTD.",Transportation Equipment,0.4393939393939394,0.6551724137931034,0.6060606060606061,0.9242424242424242,0.33333333333333337,0.7121212121212122,1.0
6540,6540.T,SEMBA CORPORATION,Services,0.7181208053691275,0.710997442455243,0.32805429864253394,0.4419642857142857,0.002277904328018221,0.5513392857142857,1.0
4674,4674.T,CRESCO LTD.,Information & Communication,0.4274193548387097,0.5281173594132029,0.24236252545824846,0.9448897795591182,0.40040650406504064,0.7535070140280561,1.0
8803,8803.T,"HEIWA REAL ESTATE CO.,LTD.",Real Estate,0.7886178861788617,0.6440677966101694,0.04878048780487805,0.6341463414634146,0.6967213114754098,0.8617886178861789,1.0
9723,9723.T,"THE KYOTO HOTEL,LTD.",Services,0.18568232662192394,0.731457800511509,0.6493212669683258,0.6964285714285714,0.5284738041002278,0.11830357142857142,1.0
2317,2317.T,Systena Corporation,Information & Communication,0.16532258064516128,0.3643031784841076,0.5560081466395111,0.7615230460921844,0.28861788617886175,0.8817635270541082,1.0
6200,6200.T,"Insource Co.,Ltd.",Services,0.08501118568232663,0.5959079283887468,0.8393665158371041,0.6964285714285714,0.41230068337129844,0.890625,1.0
7219,7219.T,"HKS CO.,LTD.",Transportation Equipment,0.9242424242424242,0.603448275862069,0.8939393939393939,0.9242424242424242,0.6031746031746033,0.07575757575757576,1.0
6428,6428.T,OIZUMI Corporation,Machinery,0.9468085106382979,0.5,0.3191489361702128,0.4095744680851064,0.5585106382978724,0.0797872340425532,1.0
4985,4985.T,Earth Corporation,Chemicals,0.31351351351351353,0.3411764705882353,0.9027027027027027,0.6054054054054054,0.5300546448087431,0.6108108108108108,1.0
2612,2612.T,KADOYA SESAME MILLS INCORPORATED,Foods,0.9626168224299065,0.93,0.3644859813084112,0.6728971962616822,0.08411214953271029,0.35514018691588783,1.0
4231,4231.T,TIGERS POLYMER CORPORATION,Chemicals,0.8972972972972973,0.9411764705882353,0.15675675675675677,0.8810810810810811,0.3278688524590164,0.2594594594594595,1.0
7043,7043.T,"Alue Co.,Ltd.",Services,0.4272930648769575,0.8388746803069054,0.9389140271493213,0.4419642857142857,0.9202733485193622,0.109375,1.0
4372,4372.T,"YMIRLINK,Inc.",Information & Communication,0.6270161290322581,0.7163814180929096,0.7759674134419552,0.7615230460921844,0.5589430894308943,0.17234468937875752,1.0
3443,3443.T,"KAWADA TECHNOLOGIES,INC.",Metal Products,0.9878048780487805,1.0,0.35365853658536583,0.4695121951219512,0.29268292682926833,0.8780487804878049,1.0
6493,6493.T,NITTAN Corporation,Transportation Equipment,0.7878787878787878,0.5344827586206896,0.15151515151515152,0.22727272727272727,0.5873015873015873,0.4696969696969697,1.0
7314,7314.T,"ODAWARA AUTO-MACHINE MFG.CO.,LTD.",Transportation Equipment,0.3181818181818182,0.06896551724137931,0.8484848484848485,0.6818181818181818,0.9841269841269842,0.045454545454545456,1.0
7264,7264.T,MURO CORPORATION,Transportation Equipment,0.803030303030303,0.25862068965517243,0.3181818181818182,0.6818181818181818,0.23809523809523814,0.13636363636363635,1.0
9793,9793.T,"Daiseki Co.,Ltd.",Services,0.27740492170022374,0.30179028132992325,0.2420814479638009,0.6964285714285714,0.33940774487471526,0.9308035714285714,1.0
4613,4613.T,"KANSAI PAINT CO.,LTD.",Chemicals,0.32432432432432434,0.8,0.6270270270270271,0.04054054054054054,0.1202185792349727,0.9405405405405406,1.0
3848,3848.T,"Data Applications Company,Limited",Information & Communication,0.7620967741935484,0.39853300733496333,0.29938900203665986,0.24048096192384769,0.13617886178861793,0.22244488977955912,1.0
9322,9322.T,"KAWANISHI WAREHOUSE CO.,LTD.",Warehousing and Harbor Transportation Service,0.5333333333333333,0.2903225806451613,0.5483870967741935,0.8709677419354839,0.6451612903225806,0.3548387096774194,1.0
4847,4847.T,INTELLIGENT WAVE INC.,Information & Communication,0.29435483870967744,0.3422982885085575,0.19959266802443992,0.24048096192384769,0.9451219512195121,0.5651302605210421,1.0
3426,3426.T,"ATOM LIVIN TECH Co.,Ltd.",Metal Products,0.6341463414634146,0.4057971014492754,0.7439024390243902,0.4695121951219512,0.012195121951219523,0.04878048780487805,1.0
7246,7246.T,"PRESS KOGYO CO.,LTD.",Transportation Equipment,0.5,0.4482758620689655,0.3333333333333333,0.4318181818181818,0.7619047619047619,0.6515151515151515,1.0
2874,2874.T,"YOKOREI CO.,LTD.",Wholesale Trade,0.13307984790874525,0.03187250996015936,0.011363636363636364,0.45075757575757575,0.7954545454545454,0.8446969696969697,1.0
6055,6055.T,"JAPAN MATERIAL Co.,Ltd.",Services,0.09619686800894854,0.16112531969309463,0.27149321266968324,0.4419642857142857,0.8906605922551253,0.9732142857142857,1.0
4662,4662.T,Focus Systems Corporation,Information & Communication,0.5241935483870968,0.4938875305623472,0.109979633401222,0.9448897795591182,0.4410569105691057,0.6412825651302605,1.0
9074,9074.T,"Japan Oil Transportation Co.,Ltd.",Land Transportation,0.7407407407407407,0.32075471698113206,0.375,0.5555555555555556,0.962962962962963,0.3333333333333333,1.0
6664,6664.T,"OPTOELECTRONICS CO.,LTD.",Electric Appliances,0.7883597883597884,0.99375,0.3684210526315789,0.6973684210526315,0.021164021164021163,0.07894736842105263,1.0
4389,4389.T,"Property Data Bank,Inc.",Information & Communication,0.6834677419354839,0.902200488997555,0.5621181262729125,0.7615230460921844,0.9227642276422764,0.18837675350701402,1.0
6298,6298.T,"Y.A.C.HOLDINGS CO.,LTD.",Machinery,0.30851063829787234,0.1839080459770115,0.28191489361702127,0.4095744680851064,0.7606382978723404,0.601063829787234,1.0
6196,6196.T,"Strike Group Co.,Ltd.",Services,0.697986577181208,0.979539641943734,0.6515837104072398,0.4419642857142857,0.10250569476082005,0.9330357142857143,1.0
4301,4301.T,AMUSE INC.,Services,0.8411633109619687,0.7570332480818415,0.09728506787330317,0.21316964285714285,0.0751708428246014,0.6785714285714286,1.0
9742,9742.T,INES Corporation,Information & Communication,0.7741935483870968,0.4474327628361858,0.07535641547861507,0.24048096192384769,0.19715447154471544,0.7294589178356713,1.0
2268,2268.T,"B-R 31 ICE CREAM CO.,LTD.",Foods,0.08411214953271028,0.32,0.8785046728971962,0.17757009345794392,0.897196261682243,0.29906542056074764,1.0
6038,6038.T,"IID,Inc.",Services,0.7941834451901566,0.5166240409207161,0.5950226244343891,0.6964285714285714,0.5079726651480638,0.31473214285714285,1.0
4931,4931.T,"Shinnihonseiyaku Co.,Ltd.",Chemicals,0.1783783783783784,0.45294117647058824,0.9891891891891892,0.32972972972972975,0.8852459016393442,0.31891891891891894,1.0
3593,3593.T,"HOGY MEDICAL CO.,LTD.",Textiles and Apparels,0.04878048780487805,0.02857142857142857,0.3170731707317073,0.5121951219512195,0.925,0.7804878048780488,1.0
2749,2749.T,"JP-HOLDINGS,INC.",Services,0.2080536912751678,0.5447570332480819,0.24434389140271492,0.9084821428571429,0.3234624145785877,0.8348214285714286,1.0
4245,4245.T,"Daiki Axis Co.,Ltd.",Chemicals,0.4756756756756757,0.37058823529411766,0.772972972972973,0.32972972972972975,0.6010928961748634,0.15675675675675677,1.0
3010,3010.T,"Polaris Holdings Co.,Ltd.",Services,0.5659955257270693,0.46547314578005117,0.5158371040723982,0.4419642857142857,0.5694760820045558,0.6183035714285714,1.0
9505,9505.T,Hokuriku Electric Power Company,Electric Power and Gas,0.7692307692307693,1.0,0.5,0.9423076923076923,0.48,0.5384615384615384,1.0
5923,5923.T,"TAKADAKIKO(Steel Construction)CO.,LTD.",Metal Products,0.9512195121951219,0.21739130434782608,0.07317073170731707,0.012195121951219513,0.1585365853658537,0.3780487804878049,1.0
2497,2497.T,"UNITED,Inc.",Services,0.8210290827740492,0.5601023017902813,0.27828054298642535,0.21316964285714285,0.2255125284738041,0.45535714285714285,1.0
5290,5290.T,Vertex Corporation,Glass and Ceramics Products,0.36363636363636365,0.8292682926829268,0.8181818181818182,0.9204545454545454,0.5681818181818181,0.5227272727272727,1.0
7368,7368.T,"HYOJITO Co.,Ltd.",Services,0.7606263982102909,0.680306905370844,0.5067873303167421,0.6964285714285714,0.8018223234624146,0.12053571428571429,1.0
4691,4691.T,WASHINGTON HOTEL CORPORATION,Services,0.34675615212527966,0.7186700767263428,0.029411764705882353,0.9084821428571429,0.6218678815489749,0.8683035714285714,1.0
4093,4093.T,"Toho Acetylene Co.,Ltd.",Chemicals,0.6972972972972973,0.7941176470588235,0.8594594594594595,0.32972972972972975,0.4316939890710383,0.22162162162162163,1.0
5355,5355.T,"Nippon Crucible Co.,Ltd.",Glass and Ceramics Products,0.5909090909090909,0.5365853658536586,0.7954545454545454,0.3409090909090909,0.9318181818181819,0.045454545454545456,1.0
9950,9950.T,"HACHI-BAN CO.,LTD.",Retail Trade,0.1870748299319728,0.11196911196911197,0.5337837837837838,0.9273648648648649,0.49830508474576274,0.24324324324324326,1.0
6090,6090.T,"Human Metabolome Technologies,Inc.",Services,0.3825503355704698,0.4961636828644501,0.49095022624434387,0.9084821428571429,0.6605922551252847,0.21205357142857142,1.0
9247,9247.T,TRE HOLDINGS CORPORATION,Services,0.6868008948545862,0.9181585677749361,0.19004524886877827,0.6964285714285714,0.6583143507972665,0.9419642857142857,1.0
4544,4544.T,"H.U. Group Holdings,Inc.",Services,0.5883668903803132,0.8491048593350383,0.26244343891402716,0.6964285714285714,0.2574031890660592,0.9508928571428571,1.0
4718,4718.T,"WASEDA ACADEMY CO.,LTD.",Services,0.16554809843400448,0.2710997442455243,0.5972850678733032,0.9084821428571429,0.7585421412300684,0.7098214285714286,1.0
5280,5280.T,"Yoshicon Co.,Ltd.",Real Estate,0.8617886178861789,0.9067796610169492,0.6178861788617886,0.6341463414634146,0.5655737704918034,0.3902439024390244,1.0
9042,9042.T,"Hankyu Hanshin Holdings,Inc.",Land Transportation,0.5555555555555556,0.24528301886792453,0.5,0.24074074074074073,0.12962962962962965,0.9259259259259259,1.0
7226,7226.T,"KYOKUTO KAIHATSU KOGYO CO.,LTD.",Transportation Equipment,0.4696969696969697,0.3448275862068966,0.3787878787878788,0.22727272727272727,0.2063492063492064,0.8181818181818182,1.0
9612,9612.T,"LUCKLAND CO.,LTD.",Services,0.6957494407158836,0.9130434782608695,0.40497737556561086,0.9084821428571429,0.8496583143507973,0.6875,1.0
6233,6233.T,KLASS Corporation,Machinery,0.6861702127659575,0.5229885057471264,0.8617021276595744,0.9202127659574468,0.574468085106383,0.005319148936170213,1.0
2573,2573.T,"HOKKAIDO COCA-COLA BOTTLING CO.,LTD.",Foods,0.3364485981308411,0.21,0.7009345794392523,0.37383177570093457,0.5327102803738317,0.38317757009345793,1.0
4722,4722.T,Future Corporation,Information & Communication,0.3810483870967742,0.6748166259168704,0.505091649694501,0.7615230460921844,0.16056910569105687,0.8657314629258517,1.0
3636,3636.T,"Mitsubishi Research Institute,Inc.",Information & Communication,0.8689516129032258,0.78239608801956,0.14052953156822812,0.24048096192384769,0.30691056910569103,0.845691382765531,1.0
7443,7443.T,"YOKOHAMA GYORUI CO.,LTD.",Wholesale Trade,0.16730038022813687,0.16334661354581673,0.7727272727272727,0.7329545454545454,0.3484848484848485,0.20075757575757575,1.0
4792,4792.T,"YAMADA Consulting Group Co.,Ltd.",Services,0.4250559284116331,0.7058823529411765,0.8914027149321267,0.0234375,0.009111617312072884,0.6138392857142857,1.0
2597,2597.T,UNICAFE INC.,Foods,0.14018691588785046,0.3,0.18691588785046728,0.6728971962616822,0.7383177570093458,0.14018691588785046,1.0
1950,1950.T,"NIPPON DENSETSU KOGYO CO.,LTD.",Construction,0.417910447761194,0.23308270676691728,0.291044776119403,0.2574626865671642,0.24060150375939848,0.7835820895522388,1.0
4812,4812.T,DENTSU SOKEN INC.,Information & Communication,0.13306451612903225,0.21026894865525672,0.48065173116089616,0.24048096192384769,0.4715447154471545,0.9238476953907816,1.0
1434,1434.T,"JESCO Holdings,Inc.",Construction,0.16417910447761194,0.5263157894736842,0.664179104477612,0.7686567164179104,0.5563909774436091,0.4626865671641791,1.0
4409,4409.T,"TOHO CHEMICAL INDUSTRY COMPANY,LIMITED",Chemicals,0.6378378378378379,0.7823529411764706,0.11351351351351352,0.8810810810810811,0.45355191256830596,0.07567567567567568,1.0
9697,9697.T,"CAPCOM CO.,LTD.",Information & Communication,0.07661290322580645,0.20048899755501223,0.3645621181262729,0.24048096192384769,0.7540650406504065,1.0,1.0
9644,9644.T,"TANABE CONSULTING GROUP CO.,LTD.",Services,0.31767337807606266,0.29923273657289,0.6199095022624435,0.6964285714285714,0.38952164009111623,0.5,1.0
4967,4967.T,"KOBAYASHI PHARMACEUTICAL CO.,LTD.",Chemicals,0.14054054054054055,0.023529411764705882,0.8324324324324325,0.13783783783783785,0.907103825136612,0.8162162162162162,1.0
9466,9466.T,Aidma Marketing Communication Corporation,Information & Communication,0.8850806451612904,0.9437652811735942,0.3421588594704684,0.4909819639278557,0.09959349593495936,0.026052104208416832,1.0
9072,9072.T,"NIKKON Holdings Co.,Ltd.",Land Transportation,0.018518518518518517,0.018867924528301886,0.3125,0.24074074074074073,0.4814814814814815,0.7777777777777778,1.0
6564,6564.T,"MIDAC HOLDINGS CO.,LTD.",Services,0.12080536912751678,0.27621483375959077,0.2579185520361991,0.9084821428571429,0.6560364464692483,0.7611607142857143,1.0
5753,5753.T,"NIPPON SHINDO CO.,LTD.",Nonferrous Metals,0.896551724137931,0.96,0.4827586206896552,0.46551724137931033,0.1785714285714286,0.13793103448275862,1.0
4914,4914.T,TAKASAGO INTERNATIONAL CORPORATION,Chemicals,0.9891891891891892,0.9941176470588236,0.7567567567567568,0.6054054054054054,0.3770491803278688,0.5783783783783784,1.0
7297,7297.T,"CAR MATE MFG. CO.,LTD.",Transportation Equipment,0.7121212121212122,0.5,0.9242424242424242,0.22727272727272727,0.9206349206349207,0.015151515151515152,1.0
2114,2114.T,Fuji Nihon Corporation,Foods,0.8037383177570093,0.95,0.3177570093457944,0.6728971962616822,0.4299065420560748,0.205607476635514,1.0
9508,9508.T,"Kyushu Electric Power Company,Incorporated",Electric Power and Gas,0.4230769230769231,0.68,0.5,0.6730769230769231,0.56,0.7307692307692307,1.0
5929,5929.T,Sanwa Holdings Corporation,Metal Products,0.07317073170731707,0.42028985507246375,0.975609756097561,0.7865853658536586,0.6219512195121951,0.975609756097561,1.0
9020,9020.T,East Japan Railway Company,Land Transportation,0.2037037037037037,0.16981132075471697,0.5,0.8611111111111112,0.8148148148148149,1.0,1.0
7908,7908.T,"KIMOTO CO.,LTD.",Chemicals,0.7837837837837838,0.32941176470588235,0.3783783783783784,0.04054054054054054,0.20218579234972678,0.2810810810810811,1.0
1926,1926.T,"RAITO KOGYO CO.,LTD.",Construction,0.12686567164179105,0.2932330827067669,0.7761194029850746,0.7686567164179104,0.6240601503759399,0.746268656716418,1.0
5816,5816.T,"Onamba Co.,Ltd.",Nonferrous Metals,0.6896551724137931,0.52,0.5862068965517241,0.46551724137931033,0.4285714285714286,0.2413793103448276,1.0
1450,1450.T,TANAKEN Inc.,Construction,0.30597014925373134,0.849624060150376,0.9029850746268657,0.48880597014925375,0.8796992481203008,0.14925373134328357,1.0
1414,1414.T,"SHO-BOND Holdings Co.,Ltd.",Construction,0.8507462686567164,0.9699248120300752,0.7611940298507462,0.7686567164179104,0.33834586466165417,0.7985074626865671,1.0
6125,6125.T,"OKAMOTO MACHINE TOOL WORKS,LTD.",Machinery,0.5904255319148937,0.3103448275862069,0.4574468085106383,0.06648936170212766,0.08510638297872342,0.5851063829787234,1.0
2816,2816.T,"DAISHO CO.,LTD.",Foods,0.3177570093457944,0.22,0.8504672897196262,0.17757009345794392,0.6074766355140186,0.09345794392523364,1.0
9376,9376.T,"EURASIA TRAVEL Co.,Ltd.",Services,0.4854586129753915,0.20971867007672634,0.334841628959276,0.21316964285714285,0.33029612756264237,0.14955357142857142,1.0
2911,2911.T,"ASAHIMATSU FOODS CO.,LTD.",Foods,0.9158878504672897,0.5,0.2897196261682243,0.37383177570093457,0.5046728971962617,0.04672897196261682,1.0
4929,4929.T,"ADJUVANT HOLDINGS CO.,LTD.",Chemicals,0.2594594594594595,0.5,0.9243243243243243,0.13783783783783785,0.8524590163934427,0.12972972972972974,0.0
1976,1976.T,"MEISEI INDUSTRIAL Co.,Ltd.",Construction,0.47761194029850745,0.7593984962406015,0.6492537313432836,0.7686567164179104,0.5112781954887218,0.5149253731343284,1.0
6707,6707.T,"Sanken Electric Co.,Ltd.",Electric Appliances,0.43386243386243384,0.98125,0.08421052631578947,0.2,0.005291005291005346,0.7368421052631579,1.0
3512,3512.T,Nippon Felt Company Limited,Textiles and Apparels,0.43902439024390244,0.14285714285714285,0.2926829268292683,0.7317073170731707,0.725,0.4878048780487805,1.0
6315,6315.T,TOWA CORPORATION,Machinery,0.06914893617021277,0.16091954022988506,0.6702127659574468,0.9202127659574468,0.6223404255319149,0.9680851063829787,1.0
7021,7021.T,"NITCHITSU CO.,LTD.",Machinery,0.9680851063829787,0.39080459770114945,0.031914893617021274,0.4095744680851064,0.7340425531914894,0.10106382978723404,1.0
4063,4063.T,"Shin-Etsu Chemical Co.,Ltd.",Chemicals,0.07567567567567568,0.35294117647058826,0.3567567567567568,0.32972972972972975,0.3005464480874317,1.0,1.0
4495,4495.T,"i Cubed Systems,Inc.",Information & Communication,0.17338709677419356,0.36674816625916873,0.7637474541751528,0.4909819639278557,0.8292682926829268,0.43687374749499,1.0
2354,2354.T,YE DIGITAL Corporation,Information & Communication,0.3911290322580645,0.5721271393643031,0.5580448065173116,0.7615230460921844,0.4024390243902439,0.749498997995992,1.0
7927,7927.T,MUTO SEIKO CO.,Chemicals,0.572972972972973,0.8764705882352941,0.3837837837837838,0.13783783783783785,0.2568306010928961,0.32972972972972975,1.0
2961,2961.T,NITCHO CORPORATION,Metal Products,0.35365853658536583,0.6956521739130435,0.9634146341463414,0.2073170731707317,0.024390243902439046,0.024390243902439025,1.0
2329,2329.T,TOHOKUSHINSHA FILM CORPORATION,Information & Communication,0.8971774193548387,0.9755501222493888,0.034623217922606926,0.24048096192384769,0.018292682926829285,0.42685370741482964,1.0
6334,6334.T,"Meiji Machine Co.,Ltd.",Machinery,0.25,0.09770114942528736,0.6063829787234043,0.06648936170212766,0.06914893617021278,0.02127659574468085,1.0
7521,7521.T,"MUSASHI CO.,LTD.",Wholesale Trade,0.8326996197718631,0.9243027888446215,0.42424242424242425,0.7329545454545454,0.4204545454545454,0.4053030303030303,1.0
2814,2814.T,"SATO FOODS INDUSTRIES CO.,LTD.",Foods,0.8411214953271028,0.36,0.028037383177570093,0.6728971962616822,0.4392523364485982,0.1308411214953271,1.0
4838,4838.T,SPACE SHOWER SKIYAKI HOLDINGS INC.,Information & Communication,0.6512096774193549,0.13691931540342298,0.4195519348268839,0.4909819639278557,0.790650406504065,0.5050100200400801,1.0
3842,3842.T,"Nextgen,Inc.",Information & Communication,0.6532258064516129,0.5012224938875306,0.5478615071283096,0.7615230460921844,0.9613821138211383,0.24849699398797595,1.0
1878,1878.T,"DAITO TRUST CONSTRUCTION CO.,LTD.",Real Estate,0.17886178861788618,0.4576271186440678,0.7886178861788617,0.6341463414634146,0.5163934426229508,0.975609756097561,1.0
4927,4927.T,POLA ORBIS HOLDINGS INC.,Chemicals,0.1891891891891892,0.23529411764705882,0.9621621621621622,0.6054054054054054,0.5245901639344263,0.7567567567567568,1.0
5724,5724.T,"Asaka Riken Co.,Ltd.",Nonferrous Metals,0.3103448275862069,0.24,0.6896551724137931,0.2413793103448276,0.5357142857142857,0.41379310344827586,1.0
8157,8157.T,"TSUZUKI DENKI CO.,LTD.",Information & Communication,0.5060483870967742,0.4400977995110024,0.26476578411405294,0.24048096192384769,0.2195121951219512,0.6813627254509018,1.0
3991,3991.T,"Wantedly,Inc",Information & Communication,0.5282258064516129,0.9266503667481663,0.5,0.24048096192384769,0.9065040650406504,0.13627254509018036,1.0
3640,3640.T,"DENSAN CO.,LTD.",Information & Communication,0.8165322580645161,0.9193154034229829,0.3258655804480652,0.9448897795591182,0.7052845528455285,0.6052104208416834,1.0
9206,9206.T,Star Flyer Inc.,Air Transportation,0.25,1.0,0.6666666666666666,0.75,0.75,0.25,1.0
4234,4234.T,"Sun A.Kaken Company,Limited",Chemicals,0.9513513513513514,0.15294117647058825,0.021621621621621623,0.04054054054054054,0.11475409836065575,0.12432432432432433,1.0
7483,7483.T,"DOSHISHA CO.,LTD.",Wholesale Trade,0.311787072243346,0.2788844621513944,0.7537878787878788,0.928030303030303,0.5606060606060606,0.821969696969697,1.0
8285,8285.T,"MITANI SANGYO CO.,LTD.",Wholesale Trade,0.55893536121673,0.2908366533864542,0.4053030303030303,0.928030303030303,0.6590909090909092,0.6060606060606061,1.0
3925,3925.T,Double Standard Inc.,Information & Communication,0.32056451612903225,0.921760391198044,0.7270875763747454,0.4909819639278557,0.16463414634146345,0.593186372745491,1.0
9692,9692.T,COMPUTER ENGINEERING & CONSULTING LTD.,Information & Communication,0.6088709677419355,0.6601466992665037,0.24032586558044808,0.4909819639278557,0.4227642276422764,0.8016032064128257,1.0
4645,4645.T,"ICHISHIN HOLDINGS CO.,LTD.",Services,0.5704697986577181,0.9667519181585678,0.21945701357466063,0.9084821428571429,0.6788154897494305,0.002232142857142857,1.0
3293,3293.T,"AZUMA HOUSE Co.,Ltd.",Real Estate,0.967479674796748,0.652542372881356,0.43089430894308944,0.8089430894308943,0.8688524590163934,0.056910569105691054,1.0
9791,9791.T,BIKEN TECHNO CORPORATION,Services,0.9910514541387024,0.8005115089514067,0.1515837104072398,0.08035714285714286,0.04783599088838264,0.2767857142857143,1.0
7374,7374.T,Interworks Confidence Inc.,Services,0.43847874720357943,0.7902813299232737,0.8122171945701357,0.9084821428571429,0.2779043280182233,0.39732142857142855,1.0
4120,4120.T,"SUGAI CHEMICAL INDUSTRY CO.,LTD.",Chemicals,0.8810810810810811,0.8294117647058824,0.14054054054054055,0.13783783783783785,0.07103825136612019,0.11351351351351352,1.0
6218,6218.T,ENSHU Limited,Machinery,0.9627659574468085,0.5,0.05851063829787234,0.2047872340425532,0.9787234042553191,0.05851063829787234,1.0
4284,4284.T,"SOLXYZ Co.,Ltd.",Information & Communication,0.7701612903225806,0.8337408312958435,0.3788187372708758,0.7615230460921844,0.7682926829268293,0.44288577154308617,1.0
3434,3434.T,ALPHA Corporation,Metal Products,0.9024390243902439,0.7246376811594203,0.4268292682926829,0.4695121951219512,0.8536585365853658,0.36585365853658536,1.0
8153,8153.T,"MOS FOOD SERVICES,INC.",Wholesale Trade,0.10646387832699619,0.043824701195219126,0.9431818181818182,0.7329545454545454,0.8636363636363636,0.8901515151515151,1.0
4783,4783.T,"NCD Co.,Ltd.",Information & Communication,0.35080645161290325,0.8141809290953546,0.560081466395112,0.9448897795591182,0.5121951219512195,0.5390781563126252,1.0
3836,3836.T,AVANT GROUP CORPORATION,Information & Communication,0.3225806451612903,0.684596577017115,0.7311608961303462,0.9448897795591182,0.6361788617886179,0.751503006012024,1.0
7844,7844.T,Marvelous Inc.,Information & Communication,0.8104838709677419,0.19315403422982885,0.5336048879837068,0.09218436873747494,0.15040650406504064,0.5591182364729459,1.0
9934,9934.T,"INABA DENKISANGYO CO.,LTD.",Wholesale Trade,0.5019011406844106,0.7848605577689243,0.5303030303030303,0.928030303030303,0.6439393939393939,0.8712121212121212,1.0
9470,9470.T,"GAKKEN HOLDINGS CO.,LTD.",Information & Communication,0.9596774193548387,0.8875305623471883,0.5417515274949084,0.9448897795591182,0.5142276422764227,0.6913827655310621,1.0
4251,4251.T,KEIWA Incorporated,Chemicals,0.43243243243243246,0.7529411764705882,0.7837837837837838,0.6054054054054054,0.6338797814207651,0.41621621621621624,1.0
8046,8046.T,"MARUFUJI SHEET PILING CO.,LTD.",Wholesale Trade,1.0,0.9960159362549801,0.13636363636363635,0.7329545454545454,0.4242424242424242,0.5303030303030303,1.0
4960,4960.T,"CHEMIPRO KASEI KAISHA,LTD.",Chemicals,0.12972972972972974,0.029411764705882353,0.05945945945945946,0.8810810810810811,0.9180327868852459,0.4648648648648649,1.0
8045,8045.T,"Yokohama Maruuo Co.,Ltd.",Wholesale Trade,0.8022813688212928,0.199203187250996,0.11742424242424243,0.45075757575757575,0.3560606060606061,0.041666666666666664,1.0
9715,9715.T,transcosmos inc.,Services,0.6890380313199105,0.6265984654731458,0.38687782805429866,0.6964285714285714,0.4510250569476082,0.8794642857142857,1.0
3916,3916.T,Digital Information Technologies Corporation,Information & Communication,0.5846774193548387,0.960880195599022,0.7678207739307535,0.9448897795591182,0.48983739837398377,0.6212424849699398,1.0
3123,3123.T,"SAIBO Co.,Ltd.",Textiles and Apparels,0.8292682926829268,0.6857142857142857,0.04878048780487805,0.5121951219512195,0.8,0.12195121951219512,1.0
3986,3986.T,"bBreak Systems Company,Limited",Information & Communication,0.9838709677419355,0.8581907090464548,0.2606924643584521,0.4909819639278557,0.41666666666666663,0.09018036072144289,1.0
6058,6058.T,VECTOR INC.,Services,0.24161073825503357,0.6956521739130435,0.9276018099547512,0.6964285714285714,0.8587699316628702,0.9084821428571429,1.0
4194,4194.T,"Visional,Inc.",Information & Communication,0.10080645161290322,0.2860635696821516,0.9083503054989817,0.4909819639278557,0.6158536585365854,0.9559118236472945,1.0
3167,3167.T,TOKAI Holdings Corporation,Wholesale Trade,0.19771863117870722,0.30677290836653387,0.8636363636363636,0.928030303030303,0.928030303030303,0.8522727272727273,1.0
9628,9628.T,"SAN HOLDINGS,INC.",Services,0.8881431767337807,0.9565217391304348,0.033936651583710405,0.4419642857142857,0.36218678815489747,0.6808035714285714,1.0
2001,2001.T,NIPPN CORPORATION,Foods,0.6355140186915887,0.83,0.42990654205607476,0.17757009345794392,0.17757009345794394,0.822429906542056,1.0
3802,3802.T,"ECOMIC CO.,LTD",Information & Communication,0.7399193548387096,0.1198044009779951,0.29327902240325865,0.7615230460921844,0.6260162601626016,0.028056112224448898,1.0
9364,9364.T,"Kamigumi Co.,Ltd.",Warehousing and Harbor Transportation Service,0.26666666666666666,0.3548387096774194,0.6451612903225806,0.5806451612903226,0.4838709677419355,0.967741935483871,1.0
4208,4208.T,UBE Corporation,Chemicals,0.6702702702702703,0.12352941176470589,0.05405405405405406,0.13783783783783785,0.53551912568306,0.9297297297297298,1.0
4046,4046.T,"OSAKA SODA CO.,LTD.",Chemicals,0.15135135135135136,0.2411764705882353,0.43783783783783786,0.6054054054054054,0.7049180327868853,0.7783783783783784,1.0
3671,3671.T,"SOFTMAX CO.,LTD",Information & Communication,0.4778225806451613,0.6430317848410758,0.11405295315682282,0.24048096192384769,0.2052845528455285,0.4148296593186373,1.0
9033,9033.T,"Hiroshima Electric Railway Co.,Ltd.",Land Transportation,0.8888888888888888,0.49056603773584906,0.5,0.5555555555555556,0.7222222222222222,0.25925925925925924,1.0
4243,4243.T,"NIX,INC.",Chemicals,0.8648648648648649,0.7294117647058823,0.8540540540540541,0.6054054054054054,0.31693989071038253,0.02702702702702703,1.0
3297,3297.T,"Toubujyuhan Co.,Ltd.",Real Estate,0.7560975609756098,0.5338983050847458,0.9105691056910569,0.9349593495934959,0.9262295081967213,0.2032520325203252,1.0
8944,8944.T,"LAND BUSINESS  CO.,LTD.",Real Estate,0.991869918699187,0.5,0.5121951219512195,0.6341463414634146,0.8852459016393442,0.4146341463414634,0.0
7888,7888.T,SANKO GOSEI LTD.,Chemicals,0.6108108108108108,0.9117647058823529,0.5027027027027027,0.6054054054054054,0.8415300546448088,0.42702702702702705,1.0
7228,7228.T,DAYTONA CORPORATION,Transportation Equipment,0.2878787878787879,0.7241379310344828,0.9696969696969697,0.22727272727272727,0.11111111111111116,0.24242424242424243,1.0
9722,9722.T,FUJITA KANKO INC.,Services,0.18120805369127516,0.6368286445012787,0.14479638009049775,0.6964285714285714,0.7881548974943052,0.921875,1.0
9401,9401.T,"TBS HOLDINGS,INC.",Information & Communication,0.8306451612903226,0.27383863080684595,0.024439918533604887,0.4909819639278557,0.24186991869918695,0.9378757515030061,1.0
4060,4060.T,rakumo Inc.,Information & Communication,0.20967741935483872,0.2787286063569682,0.35030549898167007,0.24048096192384769,0.725609756097561,0.36072144288577157,1.0
1435,1435.T,robot home Inc.,Real Estate,0.4146341463414634,0.711864406779661,0.8943089430894309,0.6341463414634146,0.5573770491803278,0.6016260162601627,1.0
5988,5988.T,"PIOLAX,INC.",Metal Products,0.5487804878048781,0.9710144927536232,0.3780487804878049,0.4695121951219512,0.20731707317073167,0.7439024390243902,1.0
2221,2221.T,"IWATSUKA CONFECTIONERY CO.,LTD.",Foods,0.9345794392523364,0.72,0.018691588785046728,0.9345794392523364,0.383177570093458,0.22429906542056074,1.0
9478,9478.T,"SE Holdings and Incubations Co.,Ltd.",Information & Communication,0.8770161290322581,0.5476772616136919,0.15478615071283094,0.02905811623246493,0.0934959349593496,0.3667334669338677,1.0
2425,2425.T,"Care Service Co.,Ltd.",Services,0.8389261744966443,0.9335038363171355,0.39819004524886875,0.4419642857142857,0.6537585421412301,0.13616071428571427,1.0
9319,9319.T,"Chuo Warehouse Co.,Ltd.",Warehousing and Harbor Transportation Service,0.5,0.16129032258064516,0.1935483870967742,0.3064516129032258,0.6774193548387097,0.7741935483870968,1.0
3091,3091.T,"BRONCO BILLY Co.,LTD.",Retail Trade,0.18027210884353742,0.18146718146718147,0.6351351351351351,0.7364864864864865,0.6949152542372881,0.6959459459459459,1.0
2436,2436.T,"KYODO PUBLIC RELATIONS CO.,LTD.",Services,0.3668903803131991,0.7723785166240409,0.751131221719457,0.6964285714285714,0.16628701594533024,0.3794642857142857,1.0
4997,4997.T,"NIHON NOHYAKU CO.,LTD.",Chemicals,0.43783783783783786,0.5,0.572972972972973,0.32972972972972975,0.9289617486338798,0.4972972972972973,1.0
3329,3329.T,"TOWA FOOD SERVICE CO.,LTD.",Retail Trade,0.272108843537415,0.30115830115830117,0.8277027027027027,0.4814189189189189,0.43728813559322033,0.4222972972972973,1.0
3633,3633.T,"GMO Pepabo,Inc.",Information & Communication,0.2217741935483871,0.8215158924205379,0.7494908350305499,0.9448897795591182,0.6666666666666667,0.312625250501002,1.0
6565,6565.T,"ABHOTEL CO.,LTD.",Services,0.47651006711409394,0.8721227621483376,0.13800904977375567,0.4419642857142857,0.5330296127562643,0.5089285714285714,1.0
4694,4694.T,"BML,INC.",Services,0.7449664429530202,0.24040920716112532,0.2918552036199095,0.4419642857142857,0.7084282460136675,0.8861607142857143,1.0
6279,6279.T,ZUIKO CORPORATION,Machinery,0.776595744680851,0.9597701149425287,0.015957446808510637,0.675531914893617,0.058510638297872286,0.2978723404255319,1.0
4394,4394.T,"eXmotion Co.,Ltd.",Information & Communication,0.9354838709677419,0.8190709046454768,0.35845213849287166,0.7615230460921844,0.7560975609756098,0.1743486973947896,1.0
3733,3733.T,"Software Service,Inc.",Information & Communication,0.7116935483870968,0.8679706601466992,0.13034623217922606,0.09218436873747494,0.08333333333333337,0.5551102204408818,1.0
3076,3076.T,Ai Holdings Corporation,Wholesale Trade,0.24334600760456274,0.848605577689243,0.4318181818181818,0.07196969696969698,0.011363636363636354,0.8181818181818182,1.0
3236,3236.T,"PROPERST CO.,LTD.",Real Estate,0.7154471544715447,0.923728813559322,0.5447154471544715,0.9349593495934959,0.9590163934426229,0.5528455284552846,1.0
2224,2224.T,"COMO CO.,LTD.",Foods,0.06542056074766354,0.01,0.7476635514018691,0.6728971962616822,0.28971962616822433,0.2336448598130841,1.0
8920,8920.T,"TOSHO CO.,LTD.",Services,0.9261744966442953,0.6419437340153452,0.05203619909502263,0.9084821428571429,0.9749430523917996,0.7321428571428571,1.0
2669,2669.T,"Kanemi Co.,Ltd.",Retail Trade,0.5374149659863946,0.3474903474903475,0.21283783783783783,0.21621621621621623,0.2169491525423729,0.4527027027027027,1.0
9220,9220.T,"FB CARE SERVICE CO.,LTD.",Services,0.8344519015659956,0.8797953964194374,0.167420814479638,0.6964285714285714,0.7972665148063781,0.15848214285714285,1.0
8154,8154.T,"KAGA ELECTRONICS CO.,LTD.",Wholesale Trade,0.20912547528517111,0.3784860557768924,0.4659090909090909,0.45075757575757575,0.7007575757575757,0.9053030303030303,1.0
7239,7239.T,"TACHI-S CO.,LTD.",Transportation Equipment,0.3787878787878788,0.7931034482758621,0.2878787878787879,0.6818181818181818,0.15873015873015872,0.6212121212121212,1.0
7079,7079.T,"WDB coco CO.,LTD.",Services,0.5346756152125279,0.928388746803069,0.4660633484162896,0.4419642857142857,0.571753986332574,0.1875,1.0
3648,3648.T,AGS Corporation,Information & Communication,0.7540322580645161,0.6454767726161369,0.2729124236252546,0.7615230460921844,0.1727642276422764,0.3346693386773547,1.0
8008,8008.T,YONDOSHI HOLDINGS INC.,Retail Trade,0.6802721088435374,0.3166023166023166,0.16216216216216217,0.7364864864864865,0.18983050847457628,0.6655405405405406,1.0
2379,2379.T,dip Corporation,Services,0.3087248322147651,0.4219948849104859,0.9457013574660633,0.4419642857142857,0.8314350797266514,0.9486607142857143,1.0
4642,4642.T,"ORIGINAL ENGINEERING CONSULTANTS CO.,LTD.",Services,0.70917225950783,0.5652173913043478,0.25339366515837103,0.08035714285714286,0.21867881548974943,0.22991071428571427,1.0
9271,9271.T,"Wagokoro co.,ltd.",Retail Trade,0.06802721088435375,0.8378378378378378,0.8412162162162162,0.21621621621621623,0.06440677966101693,0.46959459459459457,1.0
6078,6078.T,"Value HR Co.,Ltd.",Services,0.049217002237136466,0.0792838874680307,0.10180995475113122,0.9084821428571429,0.5785876993166287,0.59375,1.0
4826,4826.T,"Computer Institute of Japan, Ltd.",Information & Communication,0.4717741935483871,0.7188264058679706,0.319755600814664,0.4909819639278557,0.1565040650406504,0.7575150300601202,1.0
4996,4996.T,"KUMIAI CHEMICAL INDUSTRY CO.,LTD.",Chemicals,0.7621621621621621,0.43529411764705883,0.1945945945945946,0.6054054054054054,0.9562841530054644,0.7027027027027027,1.0
3454,3454.T,"First Brothers Co.,Ltd.",Real Estate,0.7967479674796748,0.5254237288135594,0.2032520325203252,0.9349593495934959,0.8770491803278688,0.2845528455284553,1.0
1381,1381.T,"AXYZ CO.,Ltd.","Fishery, Agriculture and Forestry",0.7272727272727273,0.7272727272727273,0.6363636363636364,0.5909090909090909,0.5454545454545454,0.45454545454545453,1.0
2668,2668.T,Tabio Corporation,Wholesale Trade,0.1596958174904943,0.3346613545816733,1.0,0.7329545454545454,0.7992424242424243,0.06060606060606061,1.0
5981,5981.T,"TOKYO ROPE MFG.CO.,LTD",Metal Products,0.34146341463414637,0.782608695652174,0.45121951219512196,0.4695121951219512,0.2682926829268293,0.8292682926829268,1.0
9046,9046.T,"Kobe Electric Railway Co.,Ltd.",Land Transportation,0.6851851851851852,0.20754716981132076,0.5,0.5555555555555556,0.37037037037037035,0.3888888888888889,1.0
6495,6495.T,"MIYAIRI VALVE MFG.CO.,LTD.",Machinery,0.21808510638297873,0.5,0.11170212765957446,0.2047872340425532,0.5638297872340425,0.5212765957446809,1.0
4820,4820.T,"EM SYSTEMS CO.,LTD.",Information & Communication,0.5383064516129032,0.58679706601467,0.6028513238289206,0.7615230460921844,0.24390243902439024,0.6593186372745491,1.0
9107,9107.T,"Kawasaki Kisen Kaisha,Ltd.",Marine Transportation,0.36363636363636365,0.6363636363636364,0.4444444444444444,0.36363636363636365,0.09090909090909094,0.8181818181818182,1.0
9242,9242.T,"Media Research Institute,Inc.",Services,0.5234899328859061,0.7033248081841432,0.7873303167420814,0.9084821428571429,0.5763097949886105,0.171875,1.0
8830,8830.T,"Sumitomo Realty & Development Co.,Ltd.",Real Estate,0.3252032520325203,0.22033898305084745,0.06504065040650407,0.9349593495934959,0.6557377049180328,0.983739837398374,1.0
9017,9017.T,"Niigata Kotsu Co.,Ltd.",Land Transportation,0.9074074074074074,0.9245283018867925,0.5625,0.8611111111111112,0.4629629629629629,0.14814814814814814,1.0
8996,8996.T,"HouseFreedom Co.,Ltd.",Real Estate,0.5934959349593496,0.8305084745762712,0.8536585365853658,0.8089430894308943,0.5901639344262295,0.08943089430894309,1.0
4919,4919.T,"Milbon Co.,Ltd.",Chemicals,0.2,0.19411764705882353,0.9405405405405406,0.6054054054054054,0.5737704918032787,0.6324324324324324,1.0
7849,7849.T,Starts Publishing Corporation,Information & Communication,0.7379032258064516,0.8264058679706602,0.38085539714867617,0.24048096192384769,0.11178861788617889,0.21643286573146292,1.0
6776,6776.T,"Tensho Electric Industries Co.,Ltd.",Chemicals,0.8918918918918919,0.9588235294117647,0.4810810810810811,0.8810810810810811,0.6502732240437159,0.0972972972972973,1.0
3965,3965.T,"Capital Asset Planning,Inc.",Information & Communication,0.7661290322580645,0.7432762836185819,0.3727087576374745,0.9448897795591182,0.3556910569105691,0.18236472945891782,1.0
2798,2798.T,Y's table corporation,Retail Trade,0.013605442176870748,0.10038610038610038,0.43243243243243246,0.7364864864864865,0.7423728813559323,0.2195945945945946,1.0
7075,7075.T,"QLS Holdings Co.,Ltd",Services,0.1297539149888143,0.4092071611253197,0.4253393665158371,0.9084821428571429,0.5261958997722096,0.29464285714285715,1.0
9735,9735.T,"SECOM CO.,LTD.",Services,0.40268456375838924,0.2531969309462916,0.1334841628959276,0.9084821428571429,0.43507972665148065,0.9933035714285714,1.0
1721,1721.T,COMSYS Holdings Corporation,Construction,0.2462686567164179,0.19548872180451127,0.23880597014925373,0.48880597014925375,0.518796992481203,0.8955223880597015,1.0
6083,6083.T,"ERI HOLDINGS CO.,LTD.",Services,0.49217002237136465,0.8900255754475703,0.6470588235294118,0.08035714285714286,0.08428246013667429,0.8370535714285714,1.0
7608,7608.T,"SK JAPAN CO.,LTD.",Wholesale Trade,0.12927756653992395,0.6772908366533864,0.9242424242424242,0.19507575757575757,0.06818181818181823,0.6174242424242424,1.0
3140,3140.T,"BRUNO,Inc.",Wholesale Trade,0.034220532319391636,0.027888446215139442,0.9507575757575758,0.928030303030303,0.7196969696969697,0.3143939393939394,1.0
2613,2613.T,"J-OIL MILLS, INC.",Foods,0.8504672897196262,0.77,0.29906542056074764,0.6728971962616822,0.8317757009345794,0.6915887850467289,1.0
2993,2993.T,Choei Inc.,Real Estate,0.7317073170731707,0.940677966101695,0.056910569105691054,0.6341463414634146,0.5737704918032787,0.12195121951219512,1.0
6965,6965.T,HAMAMATSU PHOTONICS K.K.,Electric Appliances,0.19576719576719576,0.075,0.5263157894736842,0.2,0.7407407407407407,0.9315789473684211,1.0
7987,7987.T,"NAKABAYASHI CO.,LTD.",Other Products,0.7142857142857143,0.8333333333333334,0.5306122448979592,0.7040816326530612,0.4897959183673469,0.5408163265306123,1.0
3405,3405.T,"KURARAY CO.,LTD.",Chemicals,0.7027027027027027,0.5882352941176471,0.44324324324324327,0.13783783783783785,0.7377049180327868,0.9351351351351351,1.0
9684,9684.T,"SQUARE ENIX HOLDINGS CO.,LTD.",Information & Communication,0.8951612903225806,0.6650366748166259,0.5234215885947047,0.4909819639278557,0.6321138211382114,0.969939879759519,1.0
6093,6093.T,"Escrow Agent Japan,Inc.",Services,0.38926174496644295,0.11508951406649616,0.6018099547511312,0.4419642857142857,0.6059225512528474,0.6383928571428571,1.0
8060,8060.T,Canon Marketing Japan Inc.,Wholesale Trade,0.4448669201520912,0.6892430278884463,0.8295454545454546,0.45075757575757575,0.5416666666666667,0.9772727272727273,1.0
2112,2112.T,"Ensuiko Sugar Refining Co.,Ltd.",Foods,0.7289719626168224,0.96,0.2616822429906542,0.6728971962616822,0.7757009345794392,0.4953271028037383,1.0
6044,6044.T,SANKI SERVICE CORPORATION,Services,0.33109619686800895,0.48081841432225064,0.6380090497737556,0.4419642857142857,0.4168564920273349,0.39955357142857145,1.0
4816,4816.T,"TOEI ANIMATION CO.,LTD.",Information & Communication,0.21169354838709678,0.28361858190709044,0.21181262729124237,0.4909819639278557,0.49390243902439024,0.9338677354709419,1.0
4076,4076.T,"CNS Co.,Ltd.",Information & Communication,0.7479838709677419,0.7212713936430318,0.38289205702647655,0.4909819639278557,0.36382113821138207,0.12024048096192384,1.0
3923,3923.T,"RAKUS Co.,Ltd.",Information & Communication,0.02217741935483871,0.2273838630806846,0.9938900203665988,0.7615230460921844,0.5914634146341464,0.9619238476953907,1.0
4809,4809.T,Paraca Inc.,Real Estate,0.5853658536585366,0.4745762711864407,0.3008130081300813,0.6341463414634146,0.7295081967213115,0.42276422764227645,1.0
6086,6086.T,"Shin Maint Holdings Co.,Ltd.",Services,0.11185682326621924,0.40153452685422,0.7941176470588235,0.21316964285714285,0.7403189066059226,0.5424107142857143,1.0
3646,3646.T,"Ekitan & Co.,Ltd.",Information & Communication,0.8790322580645161,0.20293398533007334,0.6619144602851323,0.7615230460921844,0.5792682926829269,0.14829659318637275,1.0
9223,9223.T,"ASNOVA Co.,Ltd.",Services,0.48322147651006714,0.03580562659846547,0.020361990950226245,0.21316964285714285,0.9271070615034168,0.28125,1.0
5237,5237.T,NOZAWA CORPORATION,Glass and Ceramics Products,0.7727272727272727,0.5609756097560976,0.7045454545454546,0.3409090909090909,0.11363636363636365,0.1590909090909091,1.0
7505,7505.T,"FUSO DENTSU CO.,LTD.",Wholesale Trade,0.14068441064638784,0.5338645418326693,0.6098484848484849,0.45075757575757575,0.9053030303030303,0.4128787878787879,1.0
9037,9037.T,"HAMAKYOREX CO.,LTD.",Land Transportation,0.16666666666666666,0.3584905660377358,0.53125,0.8611111111111112,0.5,0.42592592592592593,1.0
4559,4559.T,"ZERIA PHARMACEUTICAL CO.,LTD.",Pharmaceutical,0.6521739130434783,0.8148148148148148,0.95,0.9787234042553191,0.574468085106383,0.5319148936170213,1.0
4968,4968.T,"ARAKAWA CHEMICAL INDUSTRIES,LTD.",Chemicals,0.8432432432432433,0.711764705882353,0.1783783783783784,0.8810810810810811,0.3879781420765027,0.3945945945945946,1.0
2204,2204.T,"NAKAMURAYA CO.,LTD.",Foods,0.8130841121495327,0.37,0.6542056074766355,0.6728971962616822,0.9345794392523364,0.42990654205607476,1.0
6023,6023.T,"DAIHATSU INFINEARTH MFG.CO.,LTD.",Transportation Equipment,0.16666666666666666,0.3620689655172414,0.7878787878787878,0.9242424242424242,0.4444444444444444,0.7878787878787878,1.0
2428,2428.T,WELLNET CORPORATION,Services,0.5973154362416108,0.690537084398977,0.027149321266968326,0.4419642857142857,0.662870159453303,0.6272321428571429,1.0
4486,4486.T,Unite and Grow Inc.,Information & Communication,0.3286290322580645,0.589242053789731,0.6720977596741344,0.4909819639278557,0.7987804878048781,0.21042084168336672,1.0
3184,3184.T,"International Conglomerate of Distribution for Automobile Holdings Co.,Ltd.",Retail Trade,0.7108843537414966,0.915057915057915,0.19594594594594594,0.9273648648648649,0.9932203389830508,0.04054054054054054,1.0
2540,2540.T,"YOMEISHU SEIZO CO.,LTD.",Foods,0.4392523364485981,0.06,0.06542056074766354,0.17757009345794392,0.26168224299065423,0.6635514018691588,1.0
5384,5384.T,FUJIMI INCORPORATED,Glass and Ceramics Products,0.06818181818181818,0.17073170731707318,0.9090909090909091,0.6363636363636364,0.6818181818181819,0.8181818181818182,1.0
9416,9416.T,VISION INC.,Information & Communication,0.34475806451612906,0.7090464547677262,0.8961303462321792,0.24048096192384769,0.16666666666666663,0.8577154308617234,1.0
6189,6189.T,Global Kids Company Corp.,Services,0.6577181208053692,0.3734015345268542,0.083710407239819,0.4419642857142857,0.7562642369020501,0.6026785714285714,1.0
2139,2139.T,"CHUCO CO.,LTD.",Services,0.45861297539149887,0.3375959079283887,0.9547511312217195,0.4419642857142857,0.10478359908883828,0.13392857142857142,1.0
1965,1965.T,TECHNO RYOWA LTD.,Construction,0.07462686567164178,0.3233082706766917,0.7985074626865671,0.7686567164179104,0.37593984962406013,0.7014925373134329,1.0
2464,2464.T,"Aoba-BBT,Inc.",Services,0.7695749440715883,0.32225063938618925,0.5452488687782805,0.4419642857142857,0.9134396355353075,0.16294642857142858,1.0
9621,9621.T,"CTI Engineering Co.,Ltd.",Services,0.7203579418344519,0.6163682864450127,0.36877828054298645,0.08035714285714286,0.24145785876993164,0.8080357142857143,1.0
4396,4396.T,System Support Holdings Inc.,Information & Communication,0.4838709677419355,0.9095354523227384,0.7739307535641547,0.24048096192384769,0.7845528455284553,0.6533066132264529,1.0
6088,6088.T,SIGMAXYZ Holdings Inc.,Services,0.14988814317673377,0.6982097186700768,0.7714932126696833,0.9084821428571429,0.6947608200455582,0.8973214285714286,1.0
3021,3021.T,"Pacific Net Co.,Ltd.",Services,0.2214765100671141,0.45012787723785164,0.2986425339366516,0.6964285714285714,0.9908883826879271,0.7165178571428571,1.0
3569,3569.T,"SEIREN CO.,LTD.",Textiles and Apparels,0.12195121951219512,0.42857142857142855,0.5853658536585366,0.926829268292683,0.775,0.8780487804878049,1.0
4776,4776.T,"Cybozu,Inc.",Information & Communication,0.05443548387096774,0.39364303178484106,0.9898167006109979,0.7615230460921844,0.9207317073170732,0.9398797595190381,1.0
4678,4678.T,"SHUEI YOBIKO Co.,Ltd.",Services,0.9821029082774049,0.9258312020460358,0.16968325791855204,0.4419642857142857,0.4191343963553531,0.13839285714285715,1.0
5142,5142.T,Achilles Corporation,Chemicals,0.9081081081081082,0.7352941176470589,0.41621621621621624,0.8810810810810811,0.28415300546448086,0.43783783783783786,1.0
2157,2157.T,"KOSHIDAKA HOLDINGS Co.,LTD.",Services,0.30201342281879195,0.45524296675191817,0.3076923076923077,0.4419642857142857,0.9157175398633257,0.9040178571428571,1.0
1384,1384.T,"Hokuryo Co.,Ltd.","Fishery, Agriculture and Forestry",0.45454545454545453,0.8181818181818182,0.18181818181818182,0.5909090909090909,0.7272727272727273,0.5454545454545454,1.0
2209,2209.T,"IMURAYA GROUP CO.,LTD.",Foods,0.40186915887850466,0.66,0.822429906542056,0.9345794392523364,0.9532710280373832,0.5046728971962616,1.0
1828,1828.T,TANABE ENGINEERING CORPORATION,Construction,0.6417910447761194,0.8195488721804511,0.7238805970149254,0.7686567164179104,0.9924812030075187,0.23134328358208955,1.0
3932,3932.T,Akatsuki Inc.,Information & Communication,0.7721774193548387,0.5,0.20570264765784113,0.09218436873747494,0.8800813008130082,0.8136272545090181,1.0
2127,2127.T,Nihon M&A Center Holdings Inc.,Services,0.12527964205816555,0.31202046035805625,0.5203619909502263,0.21316964285714285,0.5626423690205011,0.9709821428571429,1.0
3423,3423.T,S E Corporation,Metal Products,0.36585365853658536,0.30434782608695654,0.8536585365853658,0.7865853658536586,0.6585365853658536,0.4634146341463415,1.0
2469,2469.T,Hibino Corporation,Services,0.28859060402684567,0.43478260869565216,0.583710407239819,0.4419642857142857,0.5945330296127562,0.7745535714285714,1.0
3670,3670.T,"Kyoritsu Computer & Communication Co.,Ltd.",Information & Communication,0.8709677419354839,0.7139364303178484,0.7861507128309573,0.4909819639278557,0.45731707317073167,0.22645290581162325,1.0
6176,6176.T,Brangista Inc.,Services,0.3691275167785235,0.391304347826087,0.5769230769230769,0.08035714285714286,0.1822323462414579,0.7700892857142857,1.0
7502,7502.T,"PLAZA HOLDINGS CO.,LTD.",Services,0.42058165548098436,0.5115089514066496,0.7692307692307693,0.6964285714285714,0.6150341685649203,0.10491071428571429,1.0
7947,7947.T,FP CORPORATION,Chemicals,0.2972972972972973,0.4411764705882353,0.7189189189189189,0.8810810810810811,0.7814207650273224,0.7513513513513513,1.0
4249,4249.T,"MORIROKU COMPANY,LTD.",Chemicals,0.827027027027027,0.5,0.4486486486486487,0.13783783783783785,0.9890710382513661,0.3027027027027027,1.0
4386,4386.T,"SIG Group Co.,Ltd.",Information & Communication,0.45161290322580644,0.8068459657701712,0.384928716904277,0.7615230460921844,0.4044715447154471,0.2625250501002004,1.0
1835,1835.T,"TOTETSU KOGYO CO.,LTD.",Construction,0.48507462686567165,0.6015037593984962,0.417910447761194,0.7686567164179104,0.3458646616541353,0.6567164179104478,1.0
3063,3063.T,j-Group Holdings Corp.,Retail Trade,0.034013605442176874,0.1274131274131274,0.6756756756756757,0.4814189189189189,0.9728813559322034,0.34121621621621623,1.0
9413,9413.T,TV TOKYO Holdings Corporation,Information & Communication,0.8588709677419355,0.4572127139364303,0.3869653767820774,0.7615230460921844,0.4065040650406504,0.8296593186372746,1.0
4556,4556.T,"KAINOS Laboratories,Inc.",Pharmaceutical,0.4782608695652174,0.5925925925925926,0.675,0.8617021276595744,0.5106382978723405,0.0851063829787234,1.0
4595,4595.T,"MIZUHO MEDY CO.,LTD.",Pharmaceutical,0.3695652173913043,0.8518518518518519,0.875,0.20212765957446807,0.06382978723404253,0.44680851063829785,1.0
1802,1802.T,OBAYASHI CORPORATION,Construction,0.17164179104477612,0.41353383458646614,0.1865671641791045,0.7686567164179104,0.48120300751879697,0.9776119402985075,1.0
5695,5695.T,"Powdertech Co.,Ltd.",Iron and Steel,0.5142857142857142,0.12121212121212122,0.4857142857142857,0.37142857142857144,0.6764705882352942,0.08571428571428572,1.0
3988,3988.T,"SYS Holdings Co.,Ltd.",Information & Communication,0.6048387096774194,0.5965770171149144,0.5376782077393075,0.24048096192384769,0.49186991869918695,0.07214428857715431,1.0
3798,3798.T,"ULS Group,Inc.",Information & Communication,0.9979838709677419,1.0,0.5295315682281059,0.4909819639278557,0.29065040650406504,0.687374749498998,1.0
4676,4676.T,"FUJI MEDIA HOLDINGS,INC.",Information & Communication,0.8548387096774194,0.5,0.02240325865580448,0.09218436873747494,0.6991869918699187,0.9639278557114228,1.0
3692,3692.T,"FFRI Security,Inc.",Information & Communication,0.006048387096774193,0.0488997555012225,0.6659877800407332,0.4909819639278557,0.2703252032520326,0.9298597194388778,1.0
8818,8818.T,"Keihanshin Building Co.,Ltd.",Real Estate,0.36585365853658536,0.1694915254237288,0.032520325203252036,0.6341463414634146,0.6721311475409837,0.6585365853658537,1.0
2286,2286.T,"Hayashikane Sangyo Co.,Ltd.",Foods,0.8317757009345794,0.94,0.24299065420560748,0.6728971962616822,0.22429906542056077,0.4392523364485981,1.0
4013,4013.T,"Kinjiro Co.,Ltd.",Information & Communication,0.7943548387096774,0.7237163814180929,0.22606924643584522,0.9448897795591182,0.8089430894308943,0.5971943887775552,1.0
6080,6080.T,"M&A Capital Partners Co.,Ltd.",Services,0.2550335570469799,0.24552429667519182,0.3235294117647059,0.08035714285714286,0.5,0.9196428571428571,1.0
5018,5018.T,MORESCO Corporation,Oil and Coal Products,0.875,0.5714285714285714,0.75,0.9375,0.5,0.375,1.0
4661,4661.T,"ORIENTAL LAND CO.,LTD.",Services,0.116331096196868,0.1432225063938619,0.16515837104072398,0.4419642857142857,0.6902050113895216,1.0,1.0
7265,7265.T,"EIKEN INDUSTRIES CO.,LTD",Transportation Equipment,0.48484848484848486,0.41379310344827586,0.5454545454545454,0.6818181818181818,0.746031746031746,0.10606060606060606,1.0
1377,1377.T,SAKATA SEED CORPORATION,"Fishery, Agriculture and Forestry",0.5454545454545454,0.36363636363636365,0.9090909090909091,0.18181818181818182,0.0,0.8181818181818182,1.0
2378,2378.T,"RENAISSANCE,INCORPORATED",Services,0.4809843400447427,0.18925831202046037,0.04524886877828054,0.9084821428571429,0.6810933940774487,0.6450892857142857,1.0
3954,3954.T,SHOWA PAXXS CORPORATION,Pulp and Paper,0.5833333333333334,0.5909090909090909,0.2916666666666667,0.9166666666666666,0.45833333333333337,0.2916666666666667,1.0
9740,9740.T,"CENTRAL SECURITY PATROLS CO.,LTD.",Services,0.8590604026845637,0.5882352941176471,0.23529411764705882,0.21316964285714285,0.5808656036446469,0.7142857142857143,1.0
9755,9755.T,OYO Corporation,Services,0.8568232662192393,0.45268542199488493,0.2171945701357466,0.4419642857142857,0.55125284738041,0.8526785714285714,1.0
4540,4540.T,TSUMURA & CO.,Pharmaceutical,0.7608695652173914,0.9629629629629629,0.35,0.8617021276595744,0.36170212765957444,0.8723404255319149,1.0
2831,2831.T,HAGOROMO FOODS CORPORATION,Foods,0.6635514018691588,0.63,0.35514018691588783,0.6728971962616822,0.31775700934579443,0.17757009345794392,1.0
9165,9165.T,"Qualtec Co.,Ltd.",Services,0.5928411633109619,0.2966751918158568,0.34615384615384615,0.4419642857142857,0.7904328018223234,0.6361607142857143,1.0
9601,9601.T,"Shochiku Co.,Ltd.",Information & Communication,0.7157258064516129,0.19559902200489,0.08961303462321792,0.9448897795591182,0.5813008130081301,0.905811623246493,1.0
1905,1905.T,TENOX CORPORATION,Construction,0.7761194029850746,0.556390977443609,0.6268656716417911,0.7686567164179104,0.9473684210526316,0.16417910447761194,1.0
4323,4323.T,"Japan System Techniques Co.,Ltd.",Information & Communication,0.2762096774193548,0.4889975550122249,0.47046843177189407,0.4909819639278557,0.11991869918699183,0.6613226452905812,1.0
8065,8065.T,SATO SHO-JI CORPORATION,Wholesale Trade,0.4068441064638783,0.49800796812749004,0.11363636363636363,0.45075757575757575,0.26515151515151514,0.6363636363636364,1.0
3920,3920.T,"Internetworking and Broadband Consulting Co.,Ltd.",Information & Communication,0.3487903225806452,0.6014669926650367,0.7026476578411406,0.7615230460921844,0.8008130081300813,0.23246492985971945,1.0
1980,1980.T,"DAI-DAN CO.,LTD.",Construction,0.6119402985074627,0.9097744360902256,0.7388059701492538,0.2574626865671642,0.443609022556391,0.835820895522388,1.0
9986,9986.T,"ZAOH COMPANY,LTD.",Wholesale Trade,0.3688212927756654,0.1553784860557769,0.5909090909090909,0.19507575757575757,0.36363636363636365,0.22348484848484848,1.0
1430,1430.T,First-corporation Inc.,Construction,0.4925373134328358,0.8796992481203008,0.6119402985074627,0.9514925373134329,0.7293233082706767,0.3283582089552239,1.0
8198,8198.T,"Maxvalu Tokai Co.,Ltd.",Retail Trade,0.6258503401360545,0.7683397683397684,0.6013513513513513,0.21621621621621623,0.7830508474576271,0.5168918918918919,1.0
7726,7726.T,KURODA PRECISION INDUSTRIES LTD.,Machinery,0.6968085106382979,0.27011494252873564,0.2553191489361702,0.2047872340425532,0.675531914893617,0.20212765957446807,1.0
1401,1401.T,"mbs,inc.",Construction,0.05223880597014925,0.21804511278195488,0.9253731343283582,0.48880597014925375,0.7443609022556391,0.08208955223880597,1.0
5015,5015.T,BP Castrol K.K.,Oil and Coal Products,0.125,0.14285714285714285,1.0,0.6875,0.0,0.125,1.0
5013,5013.T,Yushiro Inc.,Oil and Coal Products,0.25,0.7142857142857143,0.875,0.9375,0.25,0.625,1.0
8908,8908.T,"MAINICHI COMNET CO.,LTD.",Real Estate,0.4878048780487805,0.5423728813559322,0.7235772357723578,0.6341463414634146,0.7704918032786885,0.2926829268292683,1.0
8801,8801.T,"Mitsui Fudosan Co.,Ltd.",Real Estate,0.44715447154471544,0.23728813559322035,0.11382113821138211,0.8089430894308943,0.8032786885245902,0.991869918699187,1.0
5940,5940.T,"FUJISASH CO.,LTD.",Metal Products,0.7804878048780488,0.9855072463768116,0.5487804878048781,0.4695121951219512,0.1707317073170732,0.5487804878048781,1.0
7131,7131.T,NOMURA CORPORATION,Wholesale Trade,0.10266159695817491,0.6972111553784861,0.8371212121212122,0.7329545454545454,0.9621212121212122,0.4090909090909091,1.0
3221,3221.T,"Yossix Holdings Co.,Ltd.",Retail Trade,0.19727891156462585,0.416988416988417,0.8344594594594594,0.4814189189189189,0.07118644067796609,0.581081081081081,1.0
7218,7218.T,"TANAKA SEIMITSU KOGYO CO.,LTD.",Transportation Equipment,0.9090909090909091,0.9655172413793104,0.6666666666666666,0.4318181818181818,0.6190476190476191,0.16666666666666666,1.0
7839,7839.T,"SHOEI CO.,LTD.",Other Products,0.061224489795918366,0.38095238095238093,0.6836734693877551,0.42857142857142855,0.8979591836734694,0.8163265306122449,1.0
9906,9906.T,Fujii Sangyo Corporation,Wholesale Trade,0.5741444866920152,0.8247011952191236,0.5340909090909091,0.928030303030303,0.6136363636363636,0.4318181818181818,1.0
3773,3773.T,"Advanced Media,Inc.",Information & Communication,0.6633064516129032,0.687041564792176,0.34826883910386963,0.9448897795591182,0.34959349593495936,0.5791583166332666,1.0
2751,2751.T,"TENPOS HOLDINGS Co.,Ltd.",Wholesale Trade,0.057034220532319393,0.17131474103585656,0.9696969696969697,0.45075757575757575,0.2007575757575758,0.553030303030303,1.0
7460,7460.T,"YAGI & CO.,LTD.",Wholesale Trade,0.49809885931558934,0.35856573705179284,0.7234848484848485,0.7329545454545454,0.7045454545454546,0.5454545454545454,1.0
9057,9057.T,"ENSHU TRUCK CO.,LTD.",Land Transportation,0.42592592592592593,0.6981132075471698,0.5,0.8611111111111112,0.9074074074074074,0.2962962962962963,1.0
5032,5032.T,ANYCOLOR Inc.,Information & Communication,0.028225806451612902,0.46454767726161367,0.8757637474541752,0.4909819639278557,0.2682926829268293,0.9679358717434869,1.0
3560,3560.T,"Hobonichi Co.,Ltd.",Retail Trade,0.3333333333333333,0.32432432432432434,0.5912162162162162,0.7364864864864865,0.09491525423728808,0.30067567567567566,1.0
5185,5185.T,"Fukoku Co.,Ltd.",Rubber Products,0.8333333333333334,0.8181818181818182,0.75,0.4583333333333333,0.75,0.5,1.0
7523,7523.T,"ART VIVANT CO.,LTD.",Retail Trade,0.6598639455782312,0.694980694980695,0.0472972972972973,0.21621621621621623,0.3966101694915254,0.27364864864864863,1.0
2659,2659.T,"SAN-A CO.,LTD.",Retail Trade,0.564625850340136,0.46332046332046334,0.24662162162162163,0.21621621621621623,0.9118644067796611,0.8682432432432432,1.0
9428,9428.T,CROPS CORPORATION,Information & Communication,0.9032258064516129,0.8899755501222494,0.4969450101832994,0.4909819639278557,0.3272357723577236,0.15030060120240482,1.0
3395,3395.T,"Saint Marc Holdings Co.,Ltd.",Retail Trade,0.4013605442176871,0.3281853281853282,0.6283783783783784,0.4814189189189189,0.6847457627118644,0.7297297297297297,1.0
6147,6147.T,"YAMAZAKI CO.,LTD.",Machinery,0.8404255319148937,0.45977011494252873,0.18617021276595744,0.2047872340425532,0.37765957446808507,0.09042553191489362,1.0
1951,1951.T,"EXEO Group,Inc.",Construction,0.1791044776119403,0.17293233082706766,0.5298507462686567,0.48880597014925375,0.39097744360902253,0.8283582089552238,1.0
9303,9303.T,"The Sumitomo Warehouse Co.,Ltd.",Warehousing and Harbor Transportation Service,0.3,0.4838709677419355,0.16129032258064516,0.8709677419354839,0.4193548387096774,0.9032258064516129,1.0
2737,2737.T,TOMEN DEVICES CORPORATION,Wholesale Trade,0.11026615969581749,0.23107569721115537,0.0946969696969697,0.928030303030303,0.7234848484848485,0.9734848484848485,1.0
3089,3089.T,"Techno Alpha Co.,Ltd.",Wholesale Trade,0.5665399239543726,0.9203187250996016,0.8825757575757576,0.928030303030303,0.8825757575757576,0.4810606060606061,1.0
7014,7014.T,"Namura Shipbuilding Co.,Ltd.",Transportation Equipment,0.07575757575757576,0.5689655172413793,0.696969696969697,0.6818181818181818,0.7777777777777778,0.9090909090909091,1.0
4274,4274.T,"HOSOYA PYRO-ENGINEERING CO.,LTD.",Chemicals,0.25405405405405407,0.27058823529411763,0.21621621621621623,0.32972972972972975,0.021857923497267784,0.5297297297297298,1.0
6547,6547.T,"GREENS CO.,LTD.",Services,0.22371364653243847,0.9769820971867008,0.7375565610859729,0.6964285714285714,0.7630979498861048,0.8102678571428571,1.0
9506,9506.T,"Tohoku Electric Power Company,Incorporated",Electric Power and Gas,0.5769230769230769,0.96,0.5,0.34615384615384615,0.4,0.6923076923076923,1.0
1968,1968.T,"TAIHEI DENGYO KAISHA,LTD.",Construction,0.9253731343283582,0.924812030075188,0.48507462686567165,0.2574626865671642,0.19548872180451127,0.6791044776119403,1.0
9706,9706.T,"Japan Airport Terminal Co.,ltd.",Real Estate,0.15447154471544716,0.4067796610169492,0.9349593495934959,0.9349593495934959,0.7786885245901639,0.9024390243902439,1.0
7939,7939.T,"KENSOH CO.,LTD.",Other Products,0.6020408163265306,0.5357142857142857,0.5918367346938775,0.7040816326530612,0.8061224489795918,0.02040816326530612,1.0
2498,2498.T,Oriental Consultants Holdings Company Limited,Services,0.6241610738255033,0.7800511508951407,0.31447963800904977,0.08035714285714286,0.0432801822323462,0.5267857142857143,1.0
7217,7217.T,"TEIN,INC.",Transportation Equipment,0.8181818181818182,0.6379310344827587,0.8636363636363636,0.6818181818181818,0.6825396825396826,0.06060606060606061,1.0
5268,5268.T,"ASAHI CONCRETE WORKS CO.,LTD.",Glass and Ceramics Products,0.45454545454545453,0.1951219512195122,0.022727272727272728,0.6363636363636364,0.6136363636363636,0.13636363636363635,1.0
1959,1959.T,KRAFTIA CORPORATION,Construction,0.13432835820895522,0.16541353383458646,0.44029850746268656,0.7686567164179104,0.3533834586466166,0.8656716417910447,1.0
9005,9005.T,TOKYU CORPORATION,Land Transportation,0.37037037037037035,0.5660377358490566,0.03125,0.8611111111111112,0.5185185185185186,0.9444444444444444,1.0
8117,8117.T,CENTRAL AUTOMOTIVE PRODUCTS LTD.,Wholesale Trade,0.09505703422053231,0.42231075697211157,0.6704545454545454,0.19507575757575757,0.4015151515151515,0.7954545454545454,1.0
4326,4326.T,INTAGE HOLDINGS Inc.,Information & Communication,0.4475806451612903,0.33251833740831294,0.7433808553971487,0.7615230460921844,0.7357723577235773,0.561122244488978,1.0
4421,4421.T,"D.I.System Co.,Ltd.",Information & Communication,0.5625,0.7921760391198044,0.6741344195519349,0.4909819639278557,0.44918699186991873,0.01002004008016032,1.0
2288,2288.T,"MARUDAI FOOD CO.,LTD.",Foods,0.6542056074766355,0.76,0.616822429906542,0.6728971962616822,0.30841121495327106,0.7663551401869159,1.0
7821,7821.T,"MAEDA KOSEN CO.,LTD.",Other Products,0.17346938775510204,0.4880952380952381,0.5204081632653061,0.9336734693877551,0.7755102040816326,0.7653061224489796,1.0
7255,7255.T,SAKURAI LTD.,Transportation Equipment,0.8939393939393939,0.8793103448275862,0.16666666666666666,0.22727272727272727,0.2222222222222222,0.22727272727272727,1.0
4361,4361.T,"KAWAGUCHI CHEMICAL INDUSTRY CO.,LTD.",Chemicals,0.7945945945945946,0.9235294117647059,0.42702702702702705,0.32972972972972975,0.8360655737704918,0.07027027027027027,1.0
9824,9824.T,"SENSHU ELECTRIC CO.,LTD.",Wholesale Trade,0.12547528517110265,0.2549800796812749,0.2803030303030303,0.7329545454545454,0.6931818181818181,0.8484848484848485,1.0
5252,5252.T,"Nihon Knowledge Co,Ltd.",Information & Communication,0.8629032258064516,0.6308068459657702,0.39918533604887985,0.4909819639278557,0.26016260162601623,0.1903807615230461,1.0
4524,4524.T,"MORISHITA JINTAN CO.,LTD.",Pharmaceutical,0.8478260869565217,0.6666666666666666,0.8,0.46808510638297873,0.42553191489361697,0.0425531914893617,1.0
4526,4526.T,"RIKEN VITAMIN CO.,LTD.",Foods,0.5233644859813084,0.78,0.5327102803738317,0.6728971962616822,0.19626168224299068,0.7476635514018691,1.0
3153,3153.T,"Yashima Denki Co.,Ltd.",Wholesale Trade,0.12167300380228137,0.3466135458167331,0.5037878787878788,0.45075757575757575,0.3446969696969697,0.6742424242424242,1.0
9629,9629.T,PCA CORPORATION,Information & Communication,0.6955645161290323,0.5378973105134475,0.29124236252545826,0.7615230460921844,0.5508130081300813,0.7014028056112225,1.0
2499,2499.T,"NIHONWASOU HOLDINGS,INC.",Services,0.9172259507829977,0.6751918158567775,0.6312217194570136,0.6964285714285714,0.3963553530751709,0.18303571428571427,1.0
3934,3934.T,"BENEFIT JAPAN Co.,LTD.",Information & Communication,0.5020161290322581,0.4156479217603912,0.8370672097759674,0.7615230460921844,0.556910569105691,0.15430861723446893,1.0
9900,9900.T,Sagami Holdings Corporation,Retail Trade,0.2108843537414966,0.16988416988416988,0.777027027027027,0.9273648648648649,0.5152542372881356,0.6858108108108109,1.0
2674,2674.T,"HARD OFF CORPORATION Co.,Ltd.",Retail Trade,0.3673469387755102,0.5791505791505791,0.7668918918918919,0.21621621621621623,0.2033898305084746,0.6047297297297297,1.0
9034,9034.T,"NANSO Transport Co.,Ltd.",Land Transportation,0.7962962962962963,0.6226415094339622,0.28125,0.24074074074074073,0.2962962962962963,0.18518518518518517,1.0
1719,1719.T,HAZAMA ANDO CORPORATION,Construction,0.26119402985074625,0.6917293233082706,0.5671641791044776,0.48880597014925375,0.3308270676691729,0.8134328358208955,1.0
9304,9304.T,Shibusawa Logistics Corporation,Warehousing and Harbor Transportation Service,1.0,0.967741935483871,0.3548387096774194,0.8709677419354839,0.22580645161290325,0.8064516129032258,1.0
2201,2201.T,"Morinaga & Co.,Ltd.",Foods,0.22429906542056074,0.69,0.7570093457943925,0.6728971962616822,0.11214953271028039,0.8504672897196262,1.0
9214,9214.T,"Recovery International Co.,Ltd.",Services,0.33557046979865773,0.8132992327365729,0.8936651583710408,0.08035714285714286,0.029612756264236872,0.06473214285714286,1.0
8006,8006.T,"YUASA FUNASHOKU Co.,Ltd.",Wholesale Trade,0.9961977186311787,0.9681274900398407,0.1553030303030303,0.45075757575757575,0.26136363636363635,0.14015151515151514,1.0
6082,6082.T,"RIDE ON EXPRESS HOLDINGS Co.,Ltd.",Services,0.6465324384787472,0.7749360613810742,0.9072398190045249,0.4419642857142857,0.11161731207289294,0.4419642857142857,1.0
4687,4687.T,TDC SOFT Inc.,Information & Communication,0.4012096774193548,0.6112469437652812,0.40529531568228105,0.7615230460921844,0.23170731707317072,0.6713426853707415,1.0
5357,5357.T,"YOTAI REFRACTORIES CO.,LTD.",Glass and Ceramics Products,0.4772727272727273,0.4878048780487805,0.4090909090909091,0.6363636363636364,0.7727272727272727,0.3409090909090909,1.0
5136,5136.T,"tripla Co.,Ltd.",Information & Communication,0.1350806451612903,0.3594132029339853,0.5,0.4909819639278557,0.9959349593495935,0.6653306613226453,1.0
7564,7564.T,"WORKMAN CO.,LTD.",Retail Trade,0.08843537414965986,0.13513513513513514,0.13513513513513514,0.21621621621621623,0.6644067796610169,0.9358108108108109,1.0
3495,3495.T,"Koryojyuhan Co.,Ltd.",Real Estate,0.5365853658536586,0.7796610169491526,0.7398373983739838,0.6341463414634146,0.2704918032786885,0.032520325203252036,1.0
2922,2922.T,"NATORI CO.,LTD.",Foods,0.6074766355140186,0.49,0.4205607476635514,0.6728971962616822,0.14018691588785048,0.4485981308411215,1.0
5967,5967.T,"TONE CO.,LTD.",Metal Products,0.25609756097560976,0.4492753623188406,0.5853658536585366,0.4695121951219512,0.23170731707317072,0.1951219512195122,1.0
8061,8061.T,SEIKA CORPORATION,Wholesale Trade,0.5703422053231939,0.9402390438247012,0.3106060606060606,0.7329545454545454,0.45833333333333337,0.9318181818181818,1.0
7804,7804.T,"B&P Co.,Ltd.",Other Products,0.2755102040816326,0.7023809523809523,0.7653061224489796,0.7040816326530612,0.8163265306122449,0.37755102040816324,1.0
9003,9003.T,"Sotetsu Holdings,Inc.",Land Transportation,0.2222222222222222,0.6792452830188679,0.5,0.8611111111111112,0.31481481481481477,0.6111111111111112,1.0
7030,7030.T,SPRIX Inc.,Services,0.3534675615212528,0.34271099744245526,0.665158371040724,0.6964285714285714,0.9179954441913439,0.41964285714285715,1.0
2226,2226.T,KOIKE-YA Inc.,Foods,0.09345794392523364,0.44,0.8317757009345794,0.37383177570093457,0.03738317757009346,0.14953271028037382,1.0
2415,2415.T,"Human Holdings Co.,Ltd.",Services,0.825503355704698,0.9514066496163683,0.6832579185520362,0.6964285714285714,0.15489749430523914,0.3638392857142857,1.0
1994,1994.T,TAKAHASHI CURTAIN WALL CORPORATION,Construction,0.9477611940298507,0.15037593984962405,0.13432835820895522,0.48880597014925375,0.9849624060150376,0.08955223880597014,1.0
9726,9726.T,"KNT-CT Holdings Co.,Ltd.",Services,0.796420581655481,0.948849104859335,0.48642533936651583,0.4419642857142857,0.11389521640091116,0.7366071428571429,1.0
7399,7399.T,"NANSIN CO.,LTD.",Transportation Equipment,0.8484848484848485,0.13793103448275862,0.4696969696969697,0.6818181818181818,0.17460317460317465,0.12121212121212122,1.0
7596,7596.T,"UORIKI CO.,LTD.",Retail Trade,0.41836734693877553,0.33204633204633205,0.527027027027027,0.21621621621621623,0.5016949152542373,0.4155405405405405,1.0
2883,2883.T,"DAIREI CO.,LTD.",Foods,0.35514018691588783,0.5,0.7102803738317757,0.37383177570093457,0.9439252336448598,0.11214953271028037,1.0
4258,4258.T,AMIYA Corporation,Information & Communication,0.014112903225806451,0.10268948655256724,0.5641547861507128,0.7615230460921844,0.806910569105691,0.8036072144288577,1.0
7211,7211.T,MITSUBISHI MOTORS CORPORATION,Transportation Equipment,0.6515151515151515,0.5862068965517241,0.8181818181818182,0.6818181818181818,0.6666666666666667,0.8787878787878788,1.0
9504,9504.T,"The Chugoku Electric Power Company,Incorporated",Electric Power and Gas,0.6923076923076923,0.88,0.5,0.34615384615384615,0.24,0.6538461538461539,1.0
9173,9173.T,"Tokai Kisen Co.,Ltd.",Marine Transportation,0.45454545454545453,0.09090909090909091,0.6666666666666666,0.8636363636363636,0.4545454545454546,0.09090909090909091,1.0
9782,9782.T,DMS INC.,Services,0.7069351230425056,0.22250639386189258,0.07013574660633484,0.4419642857142857,0.214123006833713,0.8035714285714286,1.0
6022,6022.T,Akasaka Diesels Ltd.,Machinery,0.9361702127659575,0.028735632183908046,0.07446808510638298,0.06648936170212766,0.14893617021276595,0.18617021276595744,1.0
9273,9273.T,"KOA SHOJI HOLDINGS CO.,LTD.",Wholesale Trade,0.30038022813688214,0.7131474103585658,0.4166666666666667,0.45075757575757575,0.4962121212121212,0.5340909090909091,1.0
3245,3245.T,"DEAR LIFE CO.,LTD.",Real Estate,0.2764227642276423,0.559322033898305,0.7317073170731707,0.9349593495934959,0.9672131147540983,0.7235772357723578,1.0
1860,1860.T,TODA CORPORATION,Construction,0.3656716417910448,0.2781954887218045,0.09701492537313433,0.7686567164179104,0.6090225563909775,0.8059701492537313,1.0
8150,8150.T,"SANSHIN ELECTRONICS CO.,LTD.",Wholesale Trade,0.5209125475285171,0.6175298804780877,0.32954545454545453,0.7329545454545454,0.5265151515151515,0.7537878787878788,1.0
7279,7279.T,HI-LEX CORPORATION,Transportation Equipment,0.6818181818181818,0.6206896551724138,0.25757575757575757,0.6818181818181818,0.2698412698412699,0.6363636363636364,1.0
7059,7059.T,"COPRO-HOLDINGS.Co.,Ltd.",Services,0.41834451901565994,0.8695652173913043,0.8144796380090498,0.6964285714285714,0.5489749430523918,0.796875,1.0
7509,7509.T,I.A GROUP CORPORATION,Retail Trade,0.9421768707482994,0.9498069498069498,0.36824324324324326,0.4814189189189189,0.27118644067796616,0.06756756756756757,1.0
7371,7371.T,Zenken Corporation,Services,0.9105145413870246,0.18414322250639387,0.19683257918552036,0.4419642857142857,0.41457858769931666,0.4263392857142857,1.0
4650,4650.T,"SD ENTERTAINMENT,Inc.",Services,0.4966442953020134,0.1815856777493606,0.9366515837104072,0.4419642857142857,0.24601366742596809,0.05803571428571429,1.0
6544,6544.T,"JAPAN ELEVATOR SERVICE HOLDINGS CO.,LTD.",Services,0.02237136465324385,0.15601023017902813,0.7036199095022625,0.9084821428571429,0.2710706150341685,0.9598214285714286,1.0
8032,8032.T,JAPAN PULP AND PAPER COMPANY LIMITED,Wholesale Trade,0.41825095057034223,0.2749003984063745,0.5265151515151515,0.19507575757575757,0.7537878787878788,0.8371212121212122,1.0
5161,5161.T,"NISHIKAWA RUBBER CO.,LTD.",Rubber Products,0.16666666666666666,0.09090909090909091,0.16666666666666666,0.4583333333333333,0.5,0.9166666666666666,1.0
3941,3941.T,"Rengo Co.,Ltd.",Pulp and Paper,0.125,0.2727272727272727,0.375,0.6041666666666666,0.6666666666666667,0.9166666666666666,1.0
1939,1939.T,YONDENKO CORPORATION,Construction,0.3805970149253731,0.3308270676691729,0.6791044776119403,0.48880597014925375,0.29323308270676696,0.5373134328358209,1.0
8945,8945.T,SUNNEXTA GROUP Inc.,Real Estate,0.35772357723577236,0.1271186440677966,0.6666666666666666,0.3983739837398374,0.4672131147540983,0.17073170731707318,1.0
2907,2907.T,"AHJIKAN CO.,LTD.",Foods,0.897196261682243,0.92,0.8411214953271028,0.9345794392523364,0.8504672897196262,0.12149532710280374,1.0
7937,7937.T,"TSUTSUMI JEWELRY CO.,LTD.",Other Products,0.6326530612244898,0.19047619047619047,0.17346938775510204,0.42857142857142855,0.0714285714285714,0.5816326530612245,1.0
5162,5162.T,ASAHI RUBBER INC.,Rubber Products,0.6666666666666666,0.5,0.5833333333333334,0.16666666666666666,0.9166666666666666,0.4166666666666667,1.0
9564,9564.T,FCE Inc.,Services,0.21923937360178972,0.4398976982097187,0.8484162895927602,0.6964285714285714,0.7699316628701595,0.5602678571428571,1.0
9007,9007.T,"Odakyu Electric Railway Co.,Ltd.",Land Transportation,0.2962962962962963,0.6415094339622641,0.5,0.5555555555555556,0.09259259259259256,0.7962962962962963,1.0
4719,4719.T,ALPHA SYSTEMS INC.,Information & Communication,0.8205645161290323,0.5501222493887531,0.07739307535641547,0.7615230460921844,0.16869918699186992,0.4649298597194389,1.0
6180,6180.T,"GMO Media,Inc.",Services,0.34451901565995524,0.7595907928388747,0.7058823529411765,0.9084821428571429,0.5216400911161732,0.3392857142857143,1.0
4979,4979.T,"OAT Agrio Co.,Ltd.",Chemicals,0.2918918918918919,0.7235294117647059,0.8972972972972973,0.6054054054054054,0.8579234972677596,0.5459459459459459,1.0
5858,5858.T,"STG CO.,LTD.",Nonferrous Metals,0.6551724137931034,0.92,0.8275862068965517,0.8793103448275862,0.6428571428571428,0.10344827586206896,1.0
7806,7806.T,"MTG Co.,Ltd.",Other Products,0.02040816326530612,0.07142857142857142,0.9897959183673469,0.42857142857142855,0.2755102040816326,0.8775510204081632,1.0
3352,3352.T,"BUFFALO CO.,LTD.",Retail Trade,0.8299319727891157,0.6833976833976834,0.5777027027027027,0.7364864864864865,0.4677966101694915,0.08108108108108109,1.0
9142,9142.T,Kyushu Railway Company,Land Transportation,0.2777777777777778,0.5094339622641509,0.5,0.24074074074074073,0.7962962962962963,0.8703703703703703,1.0
3850,3850.T,NTT DATA INTRAMART CORPORATION,Information & Communication,0.3407258064516129,0.12224938875305623,0.7067209775967414,0.4909819639278557,0.8780487804878049,0.627254509018036,1.0
7811,7811.T,"NAKAMOTO PACKS CO.,LTD.",Other Products,0.5204081632653061,0.8690476190476191,0.3877551020408163,0.7040816326530612,0.40816326530612246,0.5612244897959183,1.0
1979,1979.T,Taikisha Ltd.,Construction,0.15671641791044777,0.15789473684210525,0.5970149253731343,0.10820895522388059,0.07518796992481203,0.7611940298507462,1.0
9778,9778.T,"SUBARU CO.,LTD.",Services,0.7897091722595079,0.028132992327365727,0.03167420814479638,0.4419642857142857,0.5603644646924829,0.08705357142857142,1.0
5302,5302.T,"Nippon Carbon Co.,Ltd.",Glass and Ceramics Products,0.5681818181818182,0.6829268292682927,0.13636363636363635,0.6363636363636364,0.38636363636363635,0.5909090909090909,1.0
7609,7609.T,"Daitron Co.,Ltd.",Wholesale Trade,0.09125475285171103,0.3107569721115538,0.6060606060606061,0.7329545454545454,0.6212121212121212,0.8295454545454546,1.0
5851,5851.T,RYOBI LIMITED,Nonferrous Metals,0.8620689655172413,0.84,0.1724137931034483,0.8793103448275862,0.4642857142857143,0.4482758620689655,1.0
9533,9533.T,"TOHO GAS CO.,LTD.",Electric Power and Gas,0.9615384615384616,0.8,0.6,0.34615384615384615,0.84,0.6153846153846154,1.0
9313,9313.T,Maruhachi Warehouse Company Limited,Warehousing and Harbor Transportation Service,0.7666666666666667,0.1935483870967742,0.25806451612903225,0.11290322580645161,0.16129032258064513,0.03225806451612903,1.0
9272,9272.T,"Boutiques,Inc.",Services,0.03131991051454139,0.04603580562659847,0.916289592760181,0.4419642857142857,0.9931662870159453,0.4799107142857143,1.0
2809,2809.T,Kewpie Corporation,Foods,0.2336448598130841,0.51,0.6448598130841121,0.6728971962616822,0.25233644859813087,0.9252336448598131,1.0
1795,1795.T,MASARU CORPORATION,Construction,0.7313432835820896,0.706766917293233,0.8656716417910447,0.9514925373134329,0.9398496240601504,0.022388059701492536,1.0
9720,9720.T,"HOTEL NEWGRAND CO.,LTD.",Services,0.465324384787472,0.13043478260869565,0.7285067873303167,0.4419642857142857,0.7220956719817768,0.008928571428571428,1.0
3201,3201.T,"THE JAPAN WOOL TEXTILE CO.,LTD.",Textiles and Apparels,0.2926829268292683,0.5142857142857142,0.5121951219512195,0.5121951219512195,0.525,0.7317073170731707,1.0
3583,3583.T,AuBEX CORPORATION,Textiles and Apparels,0.6341463414634146,0.9142857142857143,0.6341463414634146,0.926829268292683,0.35,0.17073170731707318,1.0
1801,1801.T,TAISEI CORPORATION,Construction,0.08208955223880597,0.3383458646616541,0.1791044776119403,0.2574626865671642,0.3007518796992481,1.0,1.0
7575,7575.T,"Japan Lifeline Co.,Ltd.",Wholesale Trade,0.17490494296577946,0.6294820717131474,0.8787878787878788,0.7329545454545454,0.40909090909090906,0.7689393939393939,1.0
3744,3744.T,SIOS Corporation,Information & Communication,0.28225806451612906,0.46943765281173594,0.8268839103869654,0.4909819639278557,0.2520325203252033,0.4709418837675351,1.0
3843,3843.T,"FreeBit Co.,Ltd.",Information & Communication,0.24193548387096775,0.8924205378973105,0.5173116089613035,0.24048096192384769,0.4654471544715447,0.717434869739479,1.0
8118,8118.T,"KING Co.,Ltd.",Textiles and Apparels,0.3902439024390244,0.37142857142857144,0.5365853658536586,0.5121951219512195,0.22499999999999998,0.1951219512195122,1.0
3951,3951.T,"ASAHI PRINTING CO.,LTD.",Pulp and Paper,0.6666666666666666,0.45454545454545453,0.4166666666666667,0.9166666666666666,0.7083333333333333,0.5,1.0
9450,9450.T,Fibergate Inc.,Information & Communication,0.4112903225806452,0.7775061124694377,0.6334012219959266,0.7615230460921844,0.9288617886178862,0.5130260521042084,1.0
9850,9850.T,"GOURMET KINEYA CO.,LTD.",Retail Trade,0.2857142857142857,0.1776061776061776,0.3344594594594595,0.7364864864864865,0.4711864406779661,0.44932432432432434,1.0
1780,1780.T,YAMAURA CORPORATION,Construction,0.5298507462686567,0.8120300751879699,0.8283582089552238,0.48880597014925375,0.16541353383458646,0.34328358208955223,1.0
1871,1871.T,"PS Construction Co.,Ltd.",Construction,0.19402985074626866,0.5864661654135338,0.6417910447761194,0.7686567164179104,0.8947368421052632,0.5970149253731343,1.0
6568,6568.T,"KNC Laboratories Co.,Ltd.",Services,0.9038031319910514,0.5549872122762148,0.06108597285067873,0.21316964285714285,0.5876993166287017,0.234375,1.0
3276,3276.T,"Japan Property Management Center Co.,Ltd.",Real Estate,0.14634146341463414,0.6101694915254238,0.959349593495935,0.9349593495934959,0.6229508196721312,0.4065040650406504,1.0
9685,9685.T,"KYCOM HOLDINGS CO.,LTD.",Information & Communication,0.9616935483870968,0.9462102689486552,0.08757637474541752,0.9448897795591182,0.3882113821138211,0.04008016032064128,1.0
4240,4240.T,"CLUSTER TECHNOLOGY CO.,LTD.",Chemicals,0.3567567567567568,0.3235294117647059,0.6378378378378379,0.8810810810810811,0.4918032786885246,0.15135135135135136,1.0
8023,8023.T,"DAIKO XTECH,LTD.",Information & Communication,0.8387096774193549,0.9119804400977995,0.5356415478615071,0.4909819639278557,0.2621951219512195,0.3927855711422846,1.0
7080,7080.T,"Sportsfield Co.,Ltd.",Services,0.25279642058165547,0.8951406649616368,0.9705882352941176,0.21316964285714285,0.3553530751708428,0.35044642857142855,1.0
7962,7962.T,"KING JIM CO.,LTD.",Other Products,0.42857142857142855,0.15476190476190477,0.7551020408163265,0.42857142857142855,0.5510204081632653,0.5306122448979592,1.0
1967,1967.T,YAMATO CORPORATION,Construction,0.40298507462686567,0.49624060150375937,0.3880597014925373,0.48880597014925375,0.6691729323308271,0.43283582089552236,1.0
5126,5126.T,PORTERS CORPORATION,Information & Communication,0.6653225806451613,0.4083129584352078,0.9531568228105907,0.4909819639278557,0.4085365853658537,0.04408817635270541,1.0
1720,1720.T,"TOKYU CONSTRUCTION CO., LTD.",Construction,0.44776119402985076,0.3157894736842105,0.21641791044776118,0.2574626865671642,0.9624060150375939,0.7164179104477612,1.0
5368,5368.T,"JAPAN INSULATION CO.,LTD.",Glass and Ceramics Products,0.8181818181818182,0.5853658536585366,0.5909090909090909,0.3409090909090909,0.36363636363636365,0.25,1.0
5702,5702.T,"DAIKI ALUMINIUM INDUSTRY CO.,LTD.",Nonferrous Metals,0.5517241379310345,0.5,0.10344827586206896,0.034482758620689655,0.0714285714285714,0.5517241379310345,1.0
7874,7874.T,"LEC,INC.",Chemicals,0.5783783783783784,0.3941176470588235,0.4918918918918919,0.6054054054054054,0.4972677595628415,0.3891891891891892,1.0
8850,8850.T,STARTS CORPORATION INC.,Real Estate,0.45528455284552843,0.5932203389830508,0.7479674796747967,0.8089430894308943,0.6311475409836065,0.7560975609756098,1.0
1799,1799.T,DAIICHI KENSETSU CORPORATION,Construction,0.7089552238805971,0.6466165413533834,0.3582089552238806,0.7686567164179104,0.6541353383458647,0.4253731343283582,1.0
5644,5644.T,METALART CORPORATION,Iron and Steel,0.2857142857142857,0.48484848484848486,0.3142857142857143,0.37142857142857144,0.8235294117647058,0.4857142857142857,1.0
9036,9036.T,"TOHBU NETWORK CO.,LTD.",Land Transportation,0.9259259259259259,0.1509433962264151,0.09375,0.24074074074074073,0.20370370370370372,0.2222222222222222,1.0
6867,6867.T,LEADER ELECTRONICS CORPORATION,Electric Appliances,0.91005291005291,0.5,0.968421052631579,0.02368421052631579,0.7671957671957672,0.05263157894736842,1.0
5356,5356.T,"MINO CERAMIC CO.,LTD.",Glass and Ceramics Products,0.4318181818181818,0.4634146341463415,0.6363636363636364,0.6363636363636364,0.2954545454545454,0.06818181818181818,1.0
5928,5928.T,"ALMETAX MANUFACTURING CO,LTD.",Metal Products,0.9390243902439024,0.043478260869565216,0.23170731707317074,0.4695121951219512,0.3414634146341463,0.10975609756097561,1.0
3388,3388.T,"MEIJI ELECTRIC INDUSTRIES CO.,LTD.",Wholesale Trade,0.6273764258555133,0.549800796812749,0.4583333333333333,0.45075757575757575,0.31439393939393945,0.6136363636363636,1.0
5189,5189.T,"SAKURA RUBBER CO.,LTD.",Rubber Products,0.75,0.18181818181818182,0.4166666666666667,0.16666666666666666,0.25,0.25,1.0
8207,8207.T,"TEN ALLIED Co.,Ltd.",Retail Trade,0.6530612244897959,0.05791505791505792,0.8885135135135135,0.9273648648648649,0.37966101694915255,0.25675675675675674,1.0
4057,4057.T,"Interfactory,Inc.",Information & Communication,0.7419354838709677,0.7726161369193154,0.7942973523421588,0.4909819639278557,0.8922764227642277,0.022044088176352707,1.0
7840,7840.T,"FRANCE BED HOLDINGS CO.,LTD.",Other Products,0.3469387755102041,0.42857142857142855,0.7959183673469388,0.42857142857142855,0.846938775510204,0.6224489795918368,1.0
9837,9837.T,"MORITO CO.,LTD.",Wholesale Trade,0.3041825095057034,0.2868525896414343,0.7575757575757576,0.7329545454545454,0.4545454545454546,0.6666666666666666,1.0
9832,9832.T,"AUTOBACS SEVEN CO.,LTD.",Wholesale Trade,0.5133079847908745,0.3904382470119522,0.8333333333333334,0.19507575757575757,0.28787878787878785,0.8598484848484849,1.0
4615,4615.T,"SHINTO PAINT COMPANY,LIMITED",Chemicals,0.9621621621621622,0.5,0.08108108108108109,0.32972972972972975,0.2513661202185792,0.08648648648648649,0.0
4554,4554.T,"Fuji Pharma Co.,Ltd.",Pharmaceutical,0.5869565217391305,0.4444444444444444,0.5,0.6914893617021277,0.6808510638297872,0.6595744680851063,1.0
9647,9647.T,"KYOWA ENGINEERING CONSULTANTS CO.,LTD.",Services,0.7986577181208053,0.907928388746803,0.27601809954751133,0.6964285714285714,0.45558086560364464,0.28794642857142855,1.0
1952,1952.T,"Shin Nippon Air Technologies Co.,Ltd.",Construction,0.11194029850746269,0.38345864661654133,0.6865671641791045,0.9514925373134329,0.8120300751879699,0.7388059701492538,1.0
5463,5463.T,Maruichi Steel Tube Ltd.,Iron and Steel,0.6571428571428571,0.8484848484848485,0.2571428571428571,0.37142857142857144,0.23529411764705888,0.8285714285714286,1.0
3943,3943.T,"OHISHI SANGYO CO.,LTD.",Pulp and Paper,0.625,0.4090909090909091,0.625,0.6041666666666666,0.75,0.3333333333333333,1.0
3687,3687.T,Fixstars Corporation,Information & Communication,0.016129032258064516,0.09535452322738386,0.7189409368635438,0.7615230460921844,0.3150406504065041,0.9579158316633266,1.0
4569,4569.T,"KYORIN Pharmaceutical Co.,Ltd.",Pharmaceutical,0.9347826086956522,1.0,0.725,0.20212765957446807,0.12765957446808507,0.574468085106383,1.0
2806,2806.T,YUTAKA FOODS CORPORATION,Foods,0.8785046728971962,0.26,0.009345794392523364,0.6728971962616822,0.6355140186915889,0.056074766355140186,1.0
1921,1921.T,TOMOE CORPORATION,Construction,0.664179104477612,0.9624060150375939,0.03731343283582089,0.2574626865671642,0.1428571428571429,0.3805970149253731,1.0
5563,5563.T,"Nippon Denko Co.,Ltd.",Iron and Steel,0.22857142857142856,0.15151515151515152,0.45714285714285713,0.6571428571428571,0.9411764705882353,0.7428571428571429,1.0
3002,3002.T,GUNZE LIMITED,Textiles and Apparels,0.17073170731707318,0.2571428571428571,0.6829268292682927,0.926829268292683,0.75,0.9512195121951219,1.0
2810,2810.T,House Foods Group Inc.,Foods,0.5420560747663551,0.28,0.4953271028037383,0.37383177570093457,0.5794392523364487,0.8411214953271028,1.0
9767,9767.T,"NIKKEN KOGAKU CO.,LTD.",Services,0.9574944071588367,0.8056265984654731,0.29638009049773756,0.4419642857142857,0.12528473804100226,0.3236607142857143,1.0
4829,4829.T,"Nihon Enterprise Co.,Ltd.",Information & Communication,0.9092741935483871,0.02444987775061125,0.2953156822810591,0.7615230460921844,0.5020325203252032,0.47695390781563124,1.0
4667,4667.T,"AISAN TECHNOLOGY CO.,LTD.",Information & Communication,0.6754032258064516,0.1784841075794621,0.23014256619144602,0.4909819639278557,0.766260162601626,0.45090180360721444,1.0
4839,4839.T,WOWOW INC.,Information & Communication,0.9899193548387096,0.09046454767726161,0.18737270875763748,0.24048096192384769,0.5975609756097561,0.6933867735470942,1.0
9343,9343.T,ibis inc.,Services,0.05592841163310962,0.4194373401534527,0.8552036199095022,0.4419642857142857,0.32574031890660593,0.6294642857142857,1.0
9361,9361.T,"FUSHIKI KAIRIKU UNSO CO.,LTD.",Warehousing and Harbor Transportation Service,0.9,0.9354838709677419,0.5806451612903226,0.8709677419354839,0.935483870967742,0.06451612903225806,1.0
4530,4530.T,"HISAMITSU PHARMACEUTICAL CO.,INC.",Pharmaceutical,0.41304347826086957,0.4074074074074074,0.6,0.8617021276595744,0.25531914893617025,0.9574468085106383,1.0
2730,2730.T,EDION Corporation,Retail Trade,0.6156462585034014,0.44015444015444016,0.375,0.9273648648648649,0.5593220338983051,0.902027027027027,1.0
2300,2300.T,"Kyokuto Co.,Ltd.",Services,0.6733780760626398,0.06905370843989769,0.9049773755656109,0.4419642857142857,0.38268792710706145,0.017857142857142856,1.0
2908,2908.T,"FUJICCO CO.,LTD.",Foods,0.8598130841121495,0.12,0.2523364485981308,0.6728971962616822,0.7009345794392523,0.5514018691588785,1.0
4768,4768.T,OTSUKA CORPORATION,Information & Communication,0.2540322580645161,0.35207823960880197,0.42973523421588594,0.7615230460921844,0.5955284552845528,0.9779559118236473,1.0
2404,2404.T,"TETSUJIN Holdings,Inc.",Services,0.008948545861297539,0.2071611253196931,0.2895927601809955,0.9084821428571429,0.8223234624145785,0.13169642857142858,1.0
8927,8927.T,"MEIHO ENTERPRISE CO.,LTD.",Real Estate,0.4065040650406504,0.7627118644067796,0.6585365853658537,0.8089430894308943,0.7950819672131147,0.5121951219512195,1.0
9616,9616.T,"KYORITSU MAINTENANCE CO.,LTD.",Services,0.3870246085011186,0.5703324808184144,0.15384615384615385,0.9084821428571429,0.6924829157175398,0.9866071428571429,1.0
3963,3963.T,"Synchro Food Co.,Ltd.",Information & Communication,0.5040322580645161,0.5550122249388753,0.7556008146639511,0.24048096192384769,0.13211382113821135,0.5090180360721442,1.0
7463,7463.T,"ADVAN GROUP CO.,LTD.",Retail Trade,0.8877551020408163,0.9575289575289575,0.010135135135135136,0.21621621621621623,0.08135593220338988,0.49324324324324326,1.0
4547,4547.T,"KISSEI PHARMACEUTICAL CO.,LTD.",Pharmaceutical,0.8260869565217391,0.7407407407407407,0.325,0.8617021276595744,0.21276595744680848,0.7446808510638298,1.0
6036,6036.T,"KeePer Technical Laboratory Co.,Ltd.",Services,0.09395973154362416,0.46035805626598464,0.6606334841628959,0.21316964285714285,0.6378132118451025,0.9174107142857143,1.0
1975,1975.T,"ASAHI KOGYOSHA CO.,LTD.",Construction,0.08955223880597014,0.3684210526315789,0.7313432835820896,0.7686567164179104,0.2706766917293233,0.6492537313432836,1.0
7621,7621.T,"UKAI CO.,LTD.",Retail Trade,0.11904761904761904,0.02702702702702703,0.5844594594594594,0.4814189189189189,0.9288135593220339,0.23986486486486486,1.0
3597,3597.T,"JICHODO Co.,Ltd.",Textiles and Apparels,0.4146341463414634,0.17142857142857143,0.2682926829268293,0.2926829268292683,0.9,0.4146341463414634,1.0
6545,6545.T,internet infinity INC.,Services,0.2639821029082774,0.4322250639386189,0.6402714932126696,0.6964285714285714,0.6993166287015946,0.42410714285714285,1.0
7417,7417.T,NANYO CORPORATION,Wholesale Trade,0.6920152091254753,0.7171314741035857,0.2916666666666667,0.928030303030303,0.9128787878787878,0.3560606060606061,1.0
9366,9366.T,SANRITSU CORPORATION,Warehousing and Harbor Transportation Service,0.8666666666666667,0.5806451612903226,0.7741935483870968,0.11290322580645161,0.8709677419354839,0.3870967741935484,1.0
9311,9311.T,ASAGAMI CORPORATION,Warehousing and Harbor Transportation Service,0.7333333333333333,0.8387096774193549,0.8064516129032258,0.8709677419354839,0.7096774193548387,0.1935483870967742,1.0
9044,9044.T,"NANKAI Co.,Ltd.",Land Transportation,0.5925925925925926,0.4528301886792453,0.5,0.5555555555555556,0.38888888888888884,0.6851851851851852,1.0
3708,3708.T,"Tokushu Tokai Paper Co.,Ltd.",Pulp and Paper,1.0,0.8181818181818182,0.041666666666666664,0.3333333333333333,0.625,0.625,1.0
5132,5132.T,"pluszero,Inc.",Information & Communication,0.03225806451612903,0.14180929095354522,0.6883910386965377,0.7615230460921844,0.6138211382113821,0.7555110220440882,1.0
7490,7490.T,"NISSIN SHOJI CO.,LTD.",Wholesale Trade,0.7604562737642585,0.12749003984063745,0.25757575757575757,0.7329545454545454,0.5113636363636364,0.4659090909090909,1.0
5576,5576.T,O.B.System Inc.,Information & Communication,0.7096774193548387,0.6821515892420538,0.13441955193482688,0.24048096192384769,0.25,0.3527054108216433,1.0
4494,4494.T,Vario Secure Inc.,Information & Communication,0.9314516129032258,0.1882640586797066,0.28105906313645623,0.9448897795591182,0.7886178861788617,0.2124248496993988,1.0
3845,3845.T,I-FREEK MOBILE INC.,Information & Communication,0.06653225806451613,0.5,0.48268839103869654,0.24048096192384769,0.839430894308943,0.4248496993987976,0.0
7949,7949.T,"KOMATSU WALL INDUSTRY CO.,LTD.",Other Products,0.3163265306122449,0.34523809523809523,0.6428571428571429,0.7040816326530612,0.5,0.7142857142857143,1.0
9301,9301.T,Mitsubishi Logistics Corporation,Warehousing and Harbor Transportation Service,0.23333333333333334,0.3870967741935484,0.22580645161290322,0.3064516129032258,0.12903225806451613,1.0,1.0
2009,2009.T,"THE TORIGOE CO.,LTD.",Foods,0.7570093457943925,0.29,0.07476635514018691,0.6728971962616822,0.691588785046729,0.308411214953271,1.0
4124,4124.T,OSAKA YUKA INDUSTRY LTD.,Chemicals,0.21081081081081082,0.5,0.827027027027027,0.32972972972972975,0.9781420765027322,0.10270270270270271,0.0
2211,2211.T,"Fujiya Co.,Ltd.",Foods,0.616822429906542,0.27,0.7289719626168224,0.17757009345794392,0.4018691588785047,0.5607476635514018,1.0
2004,2004.T,"Showa Sangyo Co.,Ltd.",Foods,0.7102803738317757,0.8,0.2803738317757009,0.37383177570093457,0.6168224299065421,0.7102803738317757,1.0
2429,2429.T,"WORLD HOLDINGS CO.,LTD.",Services,0.8635346756152126,0.9539641943734015,0.2669683257918552,0.9084821428571429,0.6241457858769932,0.8258928571428571,1.0
8160,8160.T,"KISOJI CO.,LTD.",Retail Trade,0.2925170068027211,0.35135135135135137,0.6486486486486487,0.4814189189189189,0.10169491525423724,0.7128378378378378,1.0
7800,7800.T,"Amifa Co.,Ltd.",Other Products,0.2653061224489796,0.4166666666666667,0.9795918367346939,0.9336734693877551,0.8877551020408163,0.5918367346938775,1.0
9602,9602.T,"TOHO CO.,LTD",Information & Communication,0.46975806451612906,0.3251833740831296,0.15274949083503056,0.7615230460921844,0.4796747967479674,0.9799599198396793,1.0
8804,8804.T,"Tokyo Tatemono Co.,Ltd.",Real Estate,0.4796747967479675,0.3898305084745763,0.0975609756097561,0.3983739837398374,0.5081967213114754,0.9512195121951219,1.0
3241,3241.T,"WILL,Co.,Ltd.",Real Estate,0.43902439024390244,0.4661016949152542,0.4634146341463415,0.3983739837398374,0.38524590163934425,0.08130081300813008,1.0
2875,2875.T,"TOYO SUISAN KAISHA,LTD.",Foods,0.12149532710280374,0.53,0.45794392523364486,0.37383177570093457,0.5514018691588785,0.9813084112149533,1.0
3191,3191.T,"JOYFUL HONDA CO.,LTD.",Retail Trade,0.6190476190476191,0.47876447876447875,0.11486486486486487,0.21621621621621623,0.26101694915254237,0.8175675675675675,1.0
8115,8115.T,"MOONBAT Co.,Ltd.",Wholesale Trade,0.24714828897338403,0.450199203187251,0.9053030303030303,0.928030303030303,0.678030303030303,0.1893939393939394,1.0
9713,9713.T,"THE ROYAL HOTEL,LIMITED",Services,0.9530201342281879,0.8849104859335039,0.7239819004524887,0.4419642857142857,0.17312072892938501,0.38392857142857145,1.0
2229,2229.T,"CALBEE,Inc.",Foods,0.19626168224299065,0.52,0.6915887850467289,0.17757009345794392,0.8130841121495327,0.9158878504672897,1.0
7611,7611.T,HIDAY HIDAKA Corp.,Retail Trade,0.14625850340136054,0.36293436293436293,0.9358108108108109,0.9273648648648649,0.5627118644067797,0.793918918918919,1.0
8151,8151.T,TOYO Corporation,Wholesale Trade,0.155893536121673,0.06374501992031872,0.7878787878787878,0.19507575757575757,0.6401515151515151,0.75,1.0
3087,3087.T,"DOUTOR・NICHIRES Holdings Co.,Ltd.",Retail Trade,0.6360544217687075,0.5135135135135135,0.5540540540540541,0.4814189189189189,0.23050847457627122,0.7804054054054054,1.0
9467,9467.T,"AlphaPolis Co.,Ltd.",Information & Communication,0.3850806451612903,0.4841075794621027,0.8187372708757638,0.4909819639278557,0.323170731707317,0.7214428857715431,1.0
5304,5304.T,"SEC CARBON,LIMITED",Glass and Ceramics Products,0.7045454545454546,0.7073170731707317,0.2727272727272727,0.125,0.13636363636363635,0.5681818181818182,1.0
1879,1879.T,SHINNIHON CORPORATION,Construction,0.5223880597014925,0.7142857142857143,0.41044776119402987,0.48880597014925375,0.27819548872180455,0.5671641791044776,1.0
8200,8200.T,"RINGER HUT CO.,LTD.",Retail Trade,0.1326530612244898,0.1891891891891892,0.7905405405405406,0.7364864864864865,0.5898305084745763,0.722972972972973,1.0
2670,2670.T,"ABC-MART,INC.",Retail Trade,0.4387755102040816,0.6061776061776062,0.2668918918918919,0.05912162162162162,0.18305084745762712,0.9222972972972973,1.0
3177,3177.T,"ARIGATOU SERVICES COMPANY,LIMITED",Retail Trade,0.7346938775510204,0.9536679536679536,0.8918918918918919,0.7364864864864865,0.8305084745762712,0.20945945945945946,1.0
1417,1417.T,MIRAIT ONE Corporation,Construction,0.39552238805970147,0.21052631578947367,0.43283582089552236,0.9514925373134329,0.6165413533834587,0.7910447761194029,1.0
8935,8935.T,"FJ NEXT HOLDINGS CO.,LTD.",Real Estate,0.6829268292682927,0.5677966101694916,0.6504065040650406,0.2073170731707317,0.05737704918032782,0.6178861788617886,1.0
1798,1798.T,MORIYA CORPORATION,Construction,0.9925373134328358,1.0,0.47761194029850745,0.48880597014925375,0.8270676691729324,0.23880597014925373,1.0
6769,6769.T,"THine Electronics,Inc.",Electric Appliances,0.4126984126984127,0.5,0.5578947368421052,0.02368421052631579,0.13227513227513232,0.49473684210526314,1.0
1944,1944.T,KINDEN CORPORATION,Construction,0.1044776119402985,0.09022556390977443,0.5522388059701493,0.48880597014925375,0.43609022556390975,0.917910447761194,1.0
9381,9381.T,AIT CORPORATION,Warehousing and Harbor Transportation Service,0.06666666666666667,0.45161290322580644,1.0,0.11290322580645161,0.19354838709677424,0.7096774193548387,1.0
1982,1982.T,"Hibiya Engineering,Ltd.",Construction,0.6343283582089553,0.6541353383458647,0.6343283582089553,0.48880597014925375,0.21804511278195493,0.5895522388059702,1.0
9324,9324.T,Yasuda Logistics Corporation,Warehousing and Harbor Transportation Service,0.5666666666666667,0.0967741935483871,0.06451612903225806,0.8709677419354839,0.8064516129032258,0.8387096774193549,1.0
7466,7466.T,SPK CORPORATION,Wholesale Trade,0.870722433460076,0.9362549800796812,0.6742424242424242,0.07196969696969698,0.20454545454545459,0.4734848484848485,1.0
9351,9351.T,"TOYO WHARF & WAREHOUSE CO.,LTD.",Warehousing and Harbor Transportation Service,0.8,0.6129032258064516,0.2903225806451613,0.3064516129032258,0.3548387096774194,0.5806451612903226,1.0
2220,2220.T,"KAMEDA SEIKA CO.,LTD.",Foods,0.9813084112149533,0.98,0.32710280373831774,0.9345794392523364,0.5981308411214954,0.7383177570093458,1.0
7472,7472.T,"TOBA,INC.",Wholesale Trade,0.7186311787072244,0.4940239043824701,0.17045454545454544,0.45075757575757575,0.07196969696969702,0.17045454545454544,1.0
4171,4171.T,"Global Information,Inc.",Information & Communication,0.4435483870967742,0.2616136919315403,0.5213849287169042,0.24048096192384769,0.31910569105691056,0.3106212424849699,1.0
2594,2594.T,KEY COFFEE INC,Foods,0.37383177570093457,0.03,0.40186915887850466,0.056074766355140186,0.12149532710280375,0.6355140186915887,1.0
5805,5805.T,SWCC Corporation,Nonferrous Metals,0.1724137931034483,0.32,0.6551724137931034,0.2413793103448276,0.3928571428571429,0.8275862068965517,1.0
3844,3844.T,COMTURE CORPORATION,Information & Communication,0.375,0.7334963325183375,0.37474541751527496,0.24048096192384769,0.1869918699186992,0.8677354709418837,1.0
3768,3768.T,Riskmonster.com,Information & Communication,0.9536290322580645,0.5,0.1446028513238289,0.09218436873747494,0.7012195121951219,0.056112224448897796,1.0
6071,6071.T,"IBJ,Inc.",Services,0.23042505592841164,0.5140664961636828,0.755656108597285,0.21316964285714285,0.3986332574031891,0.7790178571428571,1.0
6074,6074.T,JSS CORPORATION,Services,0.9239373601789709,0.7084398976982097,0.11538461538461539,0.08035714285714286,0.20728929384965833,0.16517857142857142,1.0
8144,8144.T,"Denkyo Group Holdings Co.,Ltd.",Wholesale Trade,0.973384030418251,0.19123505976095617,0.6477272727272727,0.7329545454545454,0.6628787878787878,0.07196969696969698,1.0
4059,4059.T,"Magmag,Inc.",Information & Communication,0.7137096774193549,0.044009779951100246,0.2708757637474542,0.7615230460921844,0.8048780487804879,0.06212424849699399,1.0
1848,1848.T,FUJI P.S CORPORATION,Construction,0.6791044776119403,0.9473684210526315,0.26865671641791045,0.48880597014925375,0.06015037593984962,0.11940298507462686,1.0
7283,7283.T,"AISAN INDUSTRY CO.,LTD.",Transportation Equipment,0.3333333333333333,0.7586206896551724,0.5909090909090909,0.4318181818181818,0.5079365079365079,0.6818181818181818,1.0
9438,9438.T,MTI Ltd.,Information & Communication,0.6451612903225806,0.8728606356968215,0.8635437881873728,0.7615230460921844,0.7520325203252033,0.4468937875751503,1.0
1960,1960.T,Sanyo Engineering & Construction Inc.,Construction,0.8134328358208955,0.631578947368421,0.3656716417910448,0.2574626865671642,0.2556390977443609,0.35074626865671643,1.0
9221,9221.T,FULUHASHI EPO CORPORATION,Services,0.2662192393736018,0.5805626598465473,0.4411764705882353,0.9084821428571429,0.4760820045558086,0.5669642857142857,1.0
3796,3796.T,"e-Seikatsu Co.,Ltd.",Information & Communication,0.8245967741935484,0.5,0.8737270875763747,0.4909819639278557,0.9349593495934959,0.5190380761523046,1.0
7883,7883.T,"Sun Messe Co.,Ltd.",Other Products,0.7755102040816326,0.30952380952380953,0.25510204081632654,0.9336734693877551,0.6734693877551021,0.19387755102040816,1.0
1853,1853.T,"Mori-Gumi Co.,Ltd.",Construction,0.8059701492537313,0.6616541353383458,0.208955223880597,0.48880597014925375,0.007518796992481258,0.1865671641791045,1.0
8934,8934.T,"Sun Frontier Fudousan Co.,Ltd.",Real Estate,0.5528455284552846,0.6694915254237288,0.44715447154471544,0.3983739837398374,0.29508196721311475,0.8373983739837398,1.0
2462,2462.T,"LIKE,Inc.",Services,0.4541387024608501,0.5242966751918159,0.21266968325791855,0.4419642857142857,0.6287015945330297,0.7522321428571429,1.0
2418,2418.T,TSUKADA GLOBAL HOLDINGS Inc.,Services,0.9149888143176734,0.9616368286445013,0.2149321266968326,0.21316964285714285,0.6400911161731208,0.7410714285714286,1.0
9955,9955.T,"THE YONKYU CO.,LTD.",Wholesale Trade,0.532319391634981,0.1394422310756972,0.041666666666666664,0.45075757575757575,0.6174242424242424,0.29545454545454547,1.0
8012,8012.T,"NAGASE & CO.,LTD.",Wholesale Trade,0.9695817490494296,0.9482071713147411,0.48484848484848486,0.7329545454545454,0.5909090909090908,0.9621212121212122,1.0
8181,8181.T,"Totenko Co.,Ltd.",Retail Trade,0.9829931972789115,0.9806949806949807,0.08783783783783784,0.7364864864864865,0.24745762711864405,0.10472972972972973,1.0
1718,1718.T,"MIKIKOGYO CO.,LTD.",Construction,0.9552238805970149,0.9548872180451128,0.7686567164179104,0.2574626865671642,0.12030075187969924,0.20149253731343283,1.0
6966,6966.T,"Mitsui High-tec,Inc.",Electric Appliances,0.4074074074074074,0.09375,0.17894736842105263,0.2,0.9047619047619048,0.7789473684210526,1.0
7562,7562.T,"ANRAKUTEI Co.,Ltd",Retail Trade,0.5816326530612245,0.5444015444015444,0.6621621621621622,0.21621621621621623,0.4813559322033898,0.32432432432432434,1.0
5133,5133.T,Terilogy Holdings Corporation,Information & Communication,0.49193548387096775,0.18337408312958436,0.5458248472505092,0.24048096192384769,0.14634146341463417,0.4909819639278557,1.0
3372,3372.T,"KANMONKAI Co.,Ltd.",Retail Trade,0.2619047619047619,0.8957528957528957,0.8513513513513513,0.9273648648648649,0.711864406779661,0.08445945945945946,1.0
4440,4440.T,WITZ Corporation,Information & Communication,0.5887096774193549,0.7897310513447433,0.6232179226069247,0.9448897795591182,0.5873983739837398,0.5210420841683366,1.0
7707,7707.T,"Precision System Science Co.,Ltd.",Precision Instruments,0.6578947368421053,0.5,0.47368421052631576,0.5921052631578947,0.868421052631579,0.2631578947368421,0.0
7875,7875.T,"TAKEDA iP HOLDINGS CO.,LTD.",Other Products,0.8979591836734694,0.9285714285714286,0.41836734693877553,0.9336734693877551,0.7857142857142857,0.41836734693877553,1.0
5388,5388.T,"KUNIMINE INDUSTRIES CO.,LTD.",Glass and Ceramics Products,0.7272727272727273,0.4146341463414634,0.5227272727272727,0.125,0.25,0.09090909090909091,1.0
9039,9039.T,"Sakai Moving Service Co.,Ltd.",Land Transportation,0.25925925925925924,0.4339622641509434,1.0,0.24074074074074073,0.14814814814814814,0.48148148148148145,1.0
3937,3937.T,"Ubicom Holdings,Inc.",Information & Communication,0.42338709677419356,0.7530562347188264,0.37067209775967414,0.4909819639278557,0.22560975609756095,0.5070140280561122,1.0
3242,3242.T,"URBANET CORPORATION CO.,LTD.",Real Estate,0.5040650406504065,0.4491525423728814,0.24390243902439024,0.07317073170731707,0.11475409836065575,0.43902439024390244,1.0
9338,9338.T,INFORICH INC.,Services,0.04697986577181208,0.38107416879795397,0.6990950226244343,0.9084821428571429,0.908883826879271,0.8660714285714286,1.0
2753,2753.T,"AMIYAKI TEI CO.,LTD.",Retail Trade,0.54421768707483,0.5019305019305019,0.652027027027027,0.9273648648648649,0.5288135593220339,0.5506756756756757,1.0
3361,3361.T,"Toell Co.,Ltd.",Retail Trade,0.7517006802721088,0.38996138996138996,0.2195945945945946,0.4814189189189189,0.7457627118644068,0.2668918918918919,1.0
2304,2304.T,"CSS HOLDINGS,LTD.",Services,0.49440715883668906,0.8593350383631714,0.667420814479638,0.9084821428571429,0.4214123006833713,0.18080357142857142,1.0
3935,3935.T,"Edia Co.,Ltd.",Information & Communication,0.37298387096774194,0.8973105134474327,0.9775967413441955,0.7615230460921844,0.058943089430894324,0.5230460921843687,1.0
3641,3641.T,"PAPYLESS CO.,LTD.",Information & Communication,0.9112903225806451,0.5,0.8126272912423625,0.09218436873747494,0.24593495934959353,0.2565130260521042,1.0
1814,1814.T,"DAISUE CONSTRUCTION CO.,LTD.",Construction,0.3358208955223881,0.7744360902255639,0.4626865671641791,0.48880597014925375,0.09774436090225569,0.6044776119402985,1.0
4439,4439.T,"TOUMEI CO.,LTD.",Information & Communication,0.35685483870967744,0.8459657701711492,0.8105906313645621,0.7615230460921844,0.3089430894308943,0.44889779559118237,1.0
9663,9663.T,"NAGAWA CO.,Ltd",Services,0.6375838926174496,0.35294117647058826,0.17873303167420815,0.6964285714285714,0.2915717539863326,0.8058035714285714,1.0
7984,7984.T,"KOKUYO CO.,LTD.",Other Products,0.24489795918367346,0.36904761904761907,0.7448979591836735,0.42857142857142855,0.22448979591836737,0.8673469387755102,1.0
3075,3075.T,"Choushimaru Co.,Ltd.",Retail Trade,0.35374149659863946,0.3590733590733591,0.9087837837837838,0.7364864864864865,0.9016949152542373,0.2905405405405405,1.0
7902,7902.T,"SONOCOM CO.,LTD.",Other Products,0.7959183673469388,0.2619047619047619,0.030612244897959183,0.22448979591836735,0.19387755102040816,0.2755102040816326,1.0
9936,9936.T,OHSHO FOOD SERVICE CORP.,Retail Trade,0.30612244897959184,0.39768339768339767,0.6655405405405406,0.7364864864864865,0.5050847457627119,0.8716216216216216,1.0
5363,5363.T,TYK CORPORATION,Glass and Ceramics Products,0.75,0.8048780487804879,0.4772727272727273,0.6363636363636364,0.20454545454545459,0.38636363636363635,1.0
4406,4406.T,"New Japan Chemical Co.,Ltd.",Chemicals,0.9135135135135135,0.5529411764705883,0.20540540540540542,0.32972972972972975,0.09836065573770492,0.2648648648648649,1.0
8081,8081.T,KANADEN CORPORATION,Wholesale Trade,0.2813688212927757,0.5537848605577689,0.3484848484848485,0.45075757575757575,0.4053030303030303,0.6098484848484849,1.0
1867,1867.T,UEKI CORPORATION,Construction,0.9029850746268657,0.8571428571428571,0.3208955223880597,0.7686567164179104,0.7067669172932332,0.29850746268656714,1.0
1899,1899.T,FUKUDA CORPORATION,Construction,0.835820895522388,0.6842105263157895,0.3283582089552239,0.48880597014925375,0.4887218045112782,0.5223880597014925,1.0
7506,7506.T,"HOUSE OF ROSE Co.,Ltd.",Retail Trade,0.6020408163265306,0.05405405405405406,0.8175675675675675,0.4814189189189189,0.22711864406779658,0.18243243243243243,1.0
3947,3947.T,"Dynapac Co.,Ltd.",Pulp and Paper,0.8333333333333334,0.7727272727272727,0.5833333333333334,0.16666666666666666,0.5,0.375,1.0
4980,4980.T,Dexerials Corporation,Chemicals,0.005405405405405406,0.2529411764705882,0.9135135135135135,0.13783783783783785,0.5,0.9675675675675676,1.0
1332,1332.T,Nissui Corporation,"Fishery, Agriculture and Forestry",0.36363636363636365,0.45454545454545453,0.45454545454545453,0.9545454545454546,0.4545454545454546,1.0,1.0
4242,4242.T,TAKAGI SEIKO CORPORATION,Chemicals,0.9675675675675676,0.5,0.3891891891891892,0.04054054054054054,0.9836065573770492,0.14054054054054055,1.0
6099,6099.T,ELAN Corporation,Services,0.19015659955257272,0.4731457800511509,0.5995475113122172,0.21316964285714285,0.7471526195899771,0.7276785714285714,1.0
9993,9993.T,"YAMAZAWA CO.,LTD.",Retail Trade,0.9387755102040817,0.9073359073359073,0.44932432432432434,0.9273648648648649,0.8610169491525423,0.16216216216216217,1.0
1716,1716.T,DAI-ICHI CUTTER KOGYO K.K.,Construction,0.7238805970149254,0.6240601503759399,0.8731343283582089,0.48880597014925375,0.7218045112781954,0.22388059701492538,1.0
2795,2795.T,NIPPON PRIMEX INC.,Wholesale Trade,0.7680608365019012,0.47410358565737054,0.2196969696969697,0.19507575757575757,0.43560606060606055,0.015151515151515152,1.0
9820,9820.T,MT GENEX CORPORATION,Real Estate,0.6178861788617886,0.2796610169491525,0.6747967479674797,0.8089430894308943,0.6475409836065573,0.0975609756097561,1.0
7887,7887.T,"NANKAI PLYWOOD CO.,LTD.",Other Products,1.0,0.5,0.3673469387755102,0.42857142857142855,0.8775510204081632,0.4387755102040816,1.0
7921,7921.T,TAKARA & COMPANY LTD.,Other Products,0.29591836734693877,0.7261904761904762,0.6020408163265306,0.42857142857142855,0.3979591836734694,0.6428571428571429,1.0
5631,5631.T,"The Japan Steel Works,Ltd.",Machinery,0.12234042553191489,0.13218390804597702,0.25,0.2047872340425532,0.0957446808510638,0.9627659574468085,1.0
9253,9253.T,Slogan Inc.,Services,0.6666666666666666,0.7289002557544757,0.8280542986425339,0.6964285714285714,0.7539863325740319,0.04241071428571429,1.0
2002,2002.T,NISSHIN SEIFUN GROUP INC.,Foods,0.5046728971962616,0.57,0.3925233644859813,0.9345794392523364,0.514018691588785,0.9345794392523364,1.0
4072,4072.T,"Densan System Holdings Co.,Ltd.",Information & Communication,0.7016129032258065,0.7286063569682152,0.06109979633401222,0.4909819639278557,0.4878048780487805,0.7414829659318637,1.0
9009,9009.T,"Keisei Electric Railway Co.,Ltd.",Land Transportation,0.48148148148148145,0.8867924528301887,0.5,0.24074074074074073,0.0,0.8518518518518519,1.0
7254,7254.T,UNIVANCE CORPORATION,Transportation Equipment,0.5909090909090909,0.896551724137931,0.7424242424242424,0.9242424242424242,0.873015873015873,0.3333333333333333,1.0
2108,2108.T,"Nippon Beet Sugar Manufacturing Co.,Ltd.",Foods,0.7383177570093458,0.48,0.09345794392523364,0.17757009345794392,0.06542056074766356,0.5794392523364486,1.0
7916,7916.T,"MITSUMURA PRINTING CO.,LTD.",Other Products,0.9183673469387755,0.20238095238095238,0.04081632653061224,0.9336734693877551,0.6020408163265306,0.09183673469387756,1.0
6390,6390.T,"KATO WORKS CO.,LTD.",Machinery,0.9787234042553191,0.5,0.03723404255319149,0.005319148936170213,0.07978723404255317,0.42021276595744683,1.0
4422,4422.T,VALUENEX Japan Inc.,Information & Communication,0.31048387096774194,0.5,0.7515274949083504,0.004008016032064128,0.16260162601626016,0.9198396793587175,0.0
8041,8041.T,OUG Holdings Inc.,Wholesale Trade,0.7414448669201521,0.9322709163346613,0.7840909090909091,0.7329545454545454,0.2803030303030303,0.3939393939393939,1.0
8892,8892.T,ES-CON JAPAN Ltd.,Real Estate,0.3902439024390244,0.5084745762711864,0.18699186991869918,0.07317073170731707,0.33606557377049184,0.7398373983739838,1.0
3401,3401.T,TEIJIN LIMITED,Textiles and Apparels,0.5365853658536586,0.5,0.7317073170731707,0.06097560975609756,0.5,0.975609756097561,1.0
1815,1815.T,TEKKEN CORPORATION,Construction,0.6567164179104478,0.2857142857142857,0.04477611940298507,0.022388059701492536,0.1127819548872181,0.6940298507462687,1.0
5199,5199.T,"FUJI LATEX CO.,LTD.",Rubber Products,0.9166666666666666,0.9090909090909091,0.3333333333333333,0.8333333333333334,0.5833333333333333,0.08333333333333333,1.0
1808,1808.T,HASEKO Corporation,Construction,0.34328358208955223,0.20300751879699247,0.31343283582089554,0.48880597014925375,0.4586466165413534,0.8731343283582089,1.0
1969,1969.T,"Takasago Thermal Engineering Co.,Ltd.",Construction,0.27611940298507465,0.6992481203007519,0.7910447761194029,0.7686567164179104,0.23308270676691734,0.8805970149253731,1.0
4534,4534.T,"Mochida Pharmaceutical Co.,Ltd.",Pharmaceutical,0.7391304347826086,0.3333333333333333,0.825,0.9787234042553191,0.6170212765957447,0.7021276595744681,1.0
6694,6694.T,ZOOM CORPORATION,Electric Appliances,0.9312169312169312,0.5,0.8263157894736842,0.2,0.9259259259259259,0.021052631578947368,1.0
7818,7818.T,"TRANSACTION CO.,Ltd.",Other Products,0.04081632653061224,0.5238095238095238,0.826530612244898,0.7040816326530612,0.020408163265306145,0.7244897959183674,1.0
2222,2222.T,"Kotobuki Spirits Co.,Ltd.",Foods,0.018691588785046728,0.24,0.9626168224299065,0.9345794392523364,0.485981308411215,0.8691588785046729,1.0
5445,5445.T,"TOKYO TEKKO CO.,LTD.",Iron and Steel,0.8857142857142857,1.0,1.0,0.37142857142857144,0.05882352941176472,0.8,1.0
4238,4238.T,"Miraial Co.,Ltd.",Chemicals,0.7189189189189189,0.18823529411764706,0.016216216216216217,0.32972972972972975,0.33333333333333337,0.34594594594594597,1.0
3169,3169.T,"Misawa & Co.,Ltd.",Retail Trade,0.48299319727891155,0.15057915057915058,0.8817567567567568,0.21621621621621623,0.9050847457627118,0.05067567567567568,1.0
3698,3698.T,"CRI Middleware Co.,Ltd.",Information & Communication,0.6693548387096774,0.6234718826405868,0.45213849287169044,0.4909819639278557,0.7723577235772358,0.35470941883767537,1.0
4811,4811.T,DreamArts Corporation,Information & Communication,0.21774193548387097,0.6894865525672371,0.8594704684317719,0.9448897795591182,0.7398373983739837,0.3466933867735471,1.0
5962,5962.T,"ASAKA INDUSTRIAL CO.,LTD.",Other Products,0.826530612244898,0.8571428571428571,0.6326530612244898,0.7040816326530612,0.33673469387755106,0.11224489795918367,1.0
7981,7981.T,"TAKARA STANDARD CO.,LTD.",Other Products,0.336734693877551,0.27380952380952384,0.5816326530612245,0.9336734693877551,0.7551020408163265,0.7959183673469388,1.0
9846,9846.T,"TENMAYA STORE CO.,LTD.",Retail Trade,0.9489795918367347,0.8803088803088803,0.26013513513513514,0.21621621621621623,0.5423728813559322,0.17905405405405406,1.0
7087,7087.T,"WILLTEC Co.,Ltd.",Services,0.7539149888143176,0.639386189258312,0.581447963800905,0.9084821428571429,0.48063781321184507,0.19642857142857142,1.0
3109,3109.T,SHIKIBO LTD.,Textiles and Apparels,0.8780487804878049,0.8285714285714286,0.0975609756097561,0.7317073170731707,0.375,0.5853658536585366,1.0
5659,5659.T,"Nippon Seisen Co.,Ltd.",Iron and Steel,0.17142857142857143,0.3333333333333333,0.6,0.9,0.5882352941176471,0.45714285714285713,1.0
4716,4716.T,ORACLE CORPORATION JAPAN,Information & Communication,0.04435483870967742,0.3154034229828851,0.515274949083503,0.7615230460921844,0.47764227642276424,0.9759519038076152,1.0
8282,8282.T,K'S HOLDINGS CORPORATION,Retail Trade,0.5238095238095238,0.17374517374517376,0.34459459459459457,0.7364864864864865,0.7559322033898305,0.9155405405405406,1.0
9306,9306.T,"Toyo Logistics Co.,Ltd.",Warehousing and Harbor Transportation Service,0.6666666666666666,0.7741935483870968,0.03225806451612903,0.8709677419354839,0.6129032258064516,0.45161290322580644,1.0
3489,3489.T,"FaithNetwork Co.,Ltd",Real Estate,0.7642276422764228,0.9915254237288136,0.7642276422764228,0.9349593495934959,0.8442622950819672,0.4796747967479675,1.0
8059,8059.T,"DAIICHI JITSUGYO CO.,LTD.",Wholesale Trade,0.2737642585551331,0.5139442231075697,0.4734848484848485,0.928030303030303,0.625,0.6401515151515151,1.0
2894,2894.T,"Ishii Food Co.,Ltd.",Foods,0.308411214953271,0.42,0.794392523364486,0.37383177570093457,0.15887850467289721,0.07476635514018691,1.0
9948,9948.T,"ARCS COMPANY,LIMITED",Retail Trade,0.7006802721088435,0.61003861003861,0.40202702702702703,0.7364864864864865,0.6305084745762712,0.7263513513513513,1.0
7456,7456.T,"MATSUDA SANGYO Co.,Ltd.",Wholesale Trade,0.1520912547528517,0.23904382470119523,0.375,0.45075757575757575,0.14393939393939392,0.9507575757575758,1.0
4391,4391.T,"Logizard Co.,Ltd.",Information & Communication,0.5604838709677419,0.6625916870415648,0.659877800407332,0.24048096192384769,0.7378048780487805,0.26452905811623245,1.0
4974,4974.T,TAKARA BIO INC.,Chemicals,0.34054054054054056,0.01764705882352941,0.5243243243243243,0.6054054054054054,0.6065573770491803,0.7405405405405405,1.0
7068,7068.T,Feedforce Group Inc.,Services,0.27293064876957496,0.6112531969309463,0.5339366515837104,0.6964285714285714,0.6970387243735763,0.5558035714285714,1.0
9554,9554.T,"AViC Co.,Ltd.",Services,0.06935123042505593,0.28388746803069054,0.5361990950226244,0.4419642857142857,0.5922551252847381,0.7008928571428571,1.0
8802,8802.T,"Mitsubishi Estate Company,Limited",Real Estate,0.2682926829268293,0.15254237288135594,0.07317073170731707,0.8089430894308943,0.6885245901639344,1.0,1.0
3878,3878.T,TOMOEGAWA CORPORATION,Chemicals,0.8756756756756757,0.8647058823529412,0.34594594594594597,0.32972972972972975,0.3224043715846995,0.33513513513513515,1.0
5726,5726.T,"OSAKA Titanium technologies Co.,Ltd.",Nonferrous Metals,0.3448275862068966,0.56,0.41379310344827586,0.2413793103448276,0.1428571428571429,0.7241379310344828,1.0
9068,9068.T,"Maruzen Showa Unyu Co.,Ltd.",Land Transportation,0.3148148148148148,0.2830188679245283,0.4375,0.8611111111111112,0.6111111111111112,0.5,1.0
3661,3661.T,"m-up holdings,Inc.",Information & Communication,0.29838709677419356,0.7017114914425427,0.35234215885947046,0.4909819639278557,0.9410569105691057,0.8977955911823647,1.0
1803,1803.T,SHIMIZU CORPORATION,Construction,0.14925373134328357,0.12781954887218044,0.06716417910447761,0.48880597014925375,0.7744360902255639,0.9850746268656716,1.0
2916,2916.T,"Semba Tohka Industries Co.,Ltd",Foods,0.7476635514018691,0.7,0.22429906542056074,0.9345794392523364,0.4112149532710281,0.009345794392523364,1.0
3001,3001.T,"Katakura Industries Co.,Ltd.",Textiles and Apparels,0.36585365853658536,0.4857142857142857,0.17073170731707318,0.7317073170731707,0.55,0.6341463414634146,1.0
4679,4679.T,"TAYA Co.,Ltd.",Services,0.9798657718120806,0.5,0.5656108597285068,0.08035714285714286,0.24373576309794986,0.3013392857142857,0.0
8130,8130.T,Sangetsu Corporation,Wholesale Trade,0.20152091254752852,0.41434262948207173,0.7045454545454546,0.19507575757575757,0.7651515151515151,0.8787878787878788,1.0
2676,2676.T,"TAKACHIHO KOHEKI CO.,LTD.",Wholesale Trade,0.060836501901140684,0.08764940239043825,0.6856060606060606,0.45075757575757575,0.9015151515151515,0.4962121212121212,1.0
3622,3622.T,Netyear Group Corporation,Information & Communication,0.6875,0.5,0.13238289205702647,0.09218436873747494,0.5650406504065041,0.10821643286573146,1.0
7419,7419.T,"Nojima Co.,Ltd.",Retail Trade,0.7959183673469388,0.9768339768339769,0.21621621621621623,0.7364864864864865,0.39322033898305087,0.9054054054054054,1.0
5532,5532.T,REALGATE INC.,Real Estate,0.024390243902439025,0.0423728813559322,0.17073170731707318,0.6341463414634146,0.9508196721311475,0.6991869918699187,1.0
9929,9929.T,"HEIWA PAPER CO.,LTD.",Wholesale Trade,0.8821292775665399,0.07569721115537849,0.26136363636363635,0.7329545454545454,0.5303030303030303,0.045454545454545456,1.0
1897,1897.T,"The Kaneshita Construction Co.,Ltd.",Construction,0.9701492537313433,0.08270676691729323,0.014925373134328358,0.10820895522388059,0.5714285714285714,0.04477611940298507,1.0
1946,1946.T,TOENEC CORPORATION,Construction,0.3283582089552239,0.3082706766917293,0.34328358208955223,0.9514925373134329,0.7518796992481203,0.6716417910447762,1.0
5367,5367.T,NIKKATO CORPORATION,Glass and Ceramics Products,0.2727272727272727,0.12195121951219512,0.11363636363636363,0.3409090909090909,0.9545454545454546,0.6590909090909091,1.0
9882,9882.T,YELLOW HAT LTD.,Wholesale Trade,0.30798479087452474,0.46215139442231074,0.7992424242424242,0.19507575757575757,0.7348484848484849,0.7727272727272727,1.0
1726,1726.T,Br.Holdings Corporation,Construction,0.291044776119403,0.2631578947368421,0.30597014925373134,0.48880597014925375,0.4285714285714286,0.39552238805970147,1.0
5033,5033.T,Nulab Inc.,Information & Communication,0.3528225806451613,0.8850855745721271,0.8839103869653768,0.7615230460921844,0.6727642276422765,0.13827655310621242,1.0
8914,8914.T,"Arealink Co.,Ltd.",Real Estate,0.2926829268292683,0.3220338983050847,0.4715447154471545,0.6341463414634146,0.7622950819672132,0.5284552845528455,1.0
1663,1663.T,K&O Energy Group Inc.,Mining,0.5,0.25,1.0,0.625,0.5,0.25,1.0
8132,8132.T,"SINANEN HOLDINGS CO.,LTD.",Wholesale Trade,0.20532319391634982,0.099601593625498,0.8143939393939394,0.7329545454545454,0.9090909090909091,0.5416666666666666,1.0
3198,3198.T,"SFP Holdings Co.,Ltd.",Retail Trade,0.05442176870748299,0.1969111969111969,0.9763513513513513,0.7364864864864865,0.14915254237288134,0.652027027027027,1.0
7277,7277.T,"TBK Co.,Ltd.",Transportation Equipment,0.8636363636363636,0.5,0.19696969696969696,0.4318181818181818,0.9047619047619048,0.2727272727272727,1.0
8917,8917.T,"First Juken Co.,Ltd.",Real Estate,0.983739837398374,0.5169491525423728,0.3333333333333333,0.8089430894308943,0.7459016393442623,0.3983739837398374,1.0
3439,3439.T,Mitsuchi Corporation,Metal Products,0.9146341463414634,0.5,0.15853658536585366,0.06707317073170732,0.7682926829268293,0.14634146341463414,1.0
4404,4404.T,"Miyoshi Oil & Fat Co.,Ltd.",Foods,0.9439252336448598,1.0,0.12149532710280374,0.37383177570093457,0.028037383177570097,0.514018691588785,1.0
3565,3565.T,Ascentech K.K.,Wholesale Trade,0.3155893536121673,0.9641434262948207,0.06818181818181818,0.19507575757575757,0.9848484848484849,0.7121212121212122,1.0
9956,9956.T,"VALOR HOLDINGS CO.,LTD.",Retail Trade,0.6938775510204082,0.6756756756756757,0.3918918918918919,0.7364864864864865,0.6474576271186441,0.8243243243243243,1.0
5484,5484.T,"Tohoku Steel Co.,Ltd.",Iron and Steel,0.11428571428571428,0.030303030303030304,0.22857142857142856,0.9,0.6470588235294117,0.22857142857142856,1.0
3981,3981.T,Beaglee Inc.,Information & Communication,0.9012096774193549,0.8092909535452323,0.4256619144602851,0.4909819639278557,0.6686991869918699,0.21442885771543085,1.0
5451,5451.T,"YODOKO,Ltd.",Iron and Steel,1.0,0.9696969696969697,0.4,0.6571428571428571,0.11764705882352944,0.8571428571428571,1.0
2122,2122.T,"Interspace Co.,Ltd.",Services,0.5592841163310962,0.09462915601023018,0.8212669683257918,0.6964285714285714,0.23917995444191342,0.35714285714285715,1.0
4771,4771.T,"F&M CO.,LTD.",Services,0.20134228187919462,0.3273657289002558,0.8167420814479638,0.9084821428571429,0.89749430523918,0.640625,1.0
2819,2819.T,"EBARA Foods Industry,Inc.",Foods,0.794392523364486,0.56,0.5794392523364486,0.6728971962616822,0.7850467289719626,0.411214953271028,1.0
5867,5867.T,"ES NETWORKS CO.,LTD.",Services,0.35570469798657717,0.40664961636828645,0.744343891402715,0.08035714285714286,0.22095671981776766,0.04017857142857143,1.0
9339,9339.T,"COACH A Co.,Ltd.",Services,0.8053691275167785,0.14066496163682865,0.4230769230769231,0.4419642857142857,0.6264236902050113,0.03794642857142857,1.0
7630,7630.T,"ICHIBANYA CO.,LTD.",Retail Trade,0.10204081632653061,0.09266409266409266,0.543918918918919,0.4814189189189189,0.735593220338983,0.7635135135135135,1.0
7857,7857.T,"SEKI CO.,LTD.",Other Products,0.8673469387755102,0.23809523809523808,0.14285714285714285,0.7040816326530612,0.6224489795918368,0.01020408163265306,1.0
5994,5994.T,"FINE SINTER CO.,LTD.",Metal Products,0.975609756097561,0.5,0.2682926829268293,0.2073170731707317,0.6463414634146342,0.5609756097560976,0.0
5949,5949.T,UNIPRES CORPORATION,Transportation Equipment,0.7727272727272727,0.5,0.18181818181818182,0.22727272727272727,0.9682539682539683,0.6060606060606061,1.0
3392,3392.T,"DELICA FOODS HOLDINGS CO.,LTD.",Wholesale Trade,0.21292775665399238,0.11553784860557768,0.8939393939393939,0.7329545454545454,0.9659090909090909,0.44696969696969696,1.0
4493,4493.T,"Cyber Security Cloud,Inc.",Information & Communication,0.13709677419354838,0.2469437652811736,0.7922606924643585,0.4909819639278557,0.6178861788617886,0.8396793587174348,1.0
7482,7482.T,"SHIMOJIMA Co.,Ltd.",Wholesale Trade,0.6768060836501901,0.38645418326693226,0.8901515151515151,0.45075757575757575,0.23484848484848486,0.5643939393939394,1.0
7986,7986.T,"NIHON ISK Company,Limited",Other Products,0.6632653061224489,0.8928571428571429,0.5510204081632653,0.22448979591836735,0.30612244897959184,0.25510204081632654,1.0
2353,2353.T,"NIPPON PARKING DEVELOPMENT Co.,Ltd.",Real Estate,0.06504065040650407,0.288135593220339,0.8455284552845529,0.6341463414634146,0.8524590163934427,0.8130081300813008,1.0
8904,8904.T,"AVANTIA CO.,LTD.",Real Estate,0.943089430894309,0.4830508474576271,0.34146341463414637,0.6341463414634146,0.8114754098360656,0.2682926829268293,1.0
7953,7953.T,"KIKUSUI CHEMICAL INDUSTRIES CO.,LTD.",Other Products,0.7551020408163265,0.17857142857142858,0.5714285714285714,0.7040816326530612,0.5204081632653061,0.336734693877551,1.0
5905,5905.T,NIHON SEIKAN K.K.,Metal Products,0.8048780487804879,0.5,0.08536585365853659,0.2073170731707317,0.926829268292683,0.06097560975609756,1.0
3484,3484.T,"Innovation Holdings CO.,LTD.",Real Estate,0.04065040650406504,0.211864406779661,0.7073170731707317,0.8089430894308943,0.5983606557377049,0.2764227642276423,1.0
9029,9029.T,"HIGASHI HOLDINGS CO.,LTD.",Land Transportation,0.05555555555555555,0.33962264150943394,0.96875,0.046296296296296294,0.35185185185185186,0.35185185185185186,1.0
3551,3551.T,DYNIC CORPORATION,Textiles and Apparels,0.7804878048780488,0.8,0.36585365853658536,0.7317073170731707,0.25,0.43902439024390244,1.0
7914,7914.T,"Kyodo Printing Co.,Ltd.",Other Products,0.5102040816326531,0.6071428571428571,0.16326530612244897,0.9336734693877551,0.5306122448979591,0.6938775510204082,1.0
1380,1380.T,"AKIKAWA FOODS & FARMS CO.,LTD.","Fishery, Agriculture and Forestry",0.18181818181818182,0.09090909090909091,0.7272727272727273,0.18181818181818182,0.9090909090909091,0.09090909090909091,1.0
5284,5284.T,"YAMAU HOLDINGS CO.,LTD.",Glass and Ceramics Products,0.3409090909090909,0.9512195121951219,1.0,0.6363636363636364,0.18181818181818177,0.20454545454545456,1.0
9332,9332.T,"NISSO HOLDINGS Co.,Ltd.",Services,0.6912751677852349,0.7519181585677749,0.7352941176470589,0.4419642857142857,0.21184510250569477,0.7678571428571429,1.0
4848,4848.T,"FULLCAST HOLDINGS CO.,LTD.",Services,0.44742729306487694,0.9437340153452686,0.6176470588235294,0.21316964285714285,0.013667425968109326,0.8303571428571429,1.0
5599,5599.T,S&J Corporation,Information & Communication,0.3548387096774194,0.4669926650366748,0.4378818737270876,0.9448897795591182,0.44715447154471544,0.5350701402805611,1.0
3930,3930.T,"Hatena Co.,Ltd.",Information & Communication,0.8487903225806451,0.6943765281173594,0.9674134419551935,0.4909819639278557,0.9369918699186992,0.6432865731462926,1.0
2003,2003.T,"NITTO FUJI FLOUR MILLING CO.,LTD.",Foods,0.9906542056074766,0.97,0.5046728971962616,0.6728971962616822,0.4953271028037384,0.4205607476635514,1.0
4384,4384.T,RAKSUL INC.,Information & Communication,0.06854838709677419,0.11735941320293398,0.6945010183299389,0.9448897795591182,0.660569105691057,0.87374749498998,1.0
9991,9991.T,GECOSS CORPORATION,Wholesale Trade,0.6349809885931559,0.5936254980079682,0.3787878787878788,0.7329545454545454,0.7803030303030303,0.625,1.0
2475,2475.T,"WDB HOLDINGS CO.,LTD.",Services,0.7293064876957495,0.6879795396419437,0.3393665158371041,0.4419642857142857,0.4829157175398633,0.6830357142857143,1.0
4840,4840.T,TriIs Incorporated,Services,0.5391498881431768,0.5,0.006787330316742082,0.08035714285714286,0.13439635535307515,0.8950892857142857,1.0
4347,4347.T,Broadmedia Corporation,Services,0.29082774049217003,0.3171355498721228,0.7149321266968326,0.6964285714285714,0.2801822323462415,0.5491071428571429,1.0
9119,9119.T,"IINO KAIUN KAISHA,LTD.",Marine Transportation,0.18181818181818182,0.36363636363636365,0.5555555555555556,0.36363636363636365,0.5454545454545454,0.5454545454545454,1.0
7539,7539.T,"AINAVO HOLDINGS Co.,Ltd.",Wholesale Trade,0.7376425855513308,0.5896414342629482,0.6553030303030303,0.7329545454545454,0.75,0.3522727272727273,1.0
1942,1942.T,"KANDENKO CO.,LTD.",Construction,0.029850746268656716,0.10526315789473684,0.44776119402985076,0.7686567164179104,0.3609022556390977,0.9402985074626866,1.0
9059,9059.T,"Kanda Holdings Co.,Ltd.",Land Transportation,0.7037037037037037,0.8301886792452831,0.625,0.5555555555555556,0.6666666666666667,0.2037037037037037,1.0
7673,7673.T,"DAIKO TSUSAN CO.,LTD.",Wholesale Trade,0.376425855513308,0.5378486055776892,0.22348484848484848,0.7329545454545454,0.7840909090909091,0.2878787878787879,1.0
3665,3665.T,Enigmo Inc.,Information & Communication,0.7862903225806451,0.3056234718826406,0.27494908350305497,0.24048096192384769,0.1585365853658537,0.6352705410821643,1.0
7110,7110.T,Kurashicom Inc.,Retail Trade,0.20408163265306123,0.38223938223938225,0.4527027027027027,0.4814189189189189,0.21016949152542375,0.36486486486486486,1.0
7438,7438.T,KONDOTEC INC.,Wholesale Trade,0.43346007604562736,0.5099601593625498,0.6212121212121212,0.19507575757575757,0.8068181818181819,0.5265151515151515,1.0
9960,9960.T,TOTECH CORPORATION,Wholesale Trade,0.053231939163498096,0.4262948207171315,0.8446969696969697,0.928030303030303,0.7121212121212122,0.7878787878787878,1.0
8125,8125.T,"Wakita & Co.,LTD.",Wholesale Trade,0.5855513307984791,0.13147410358565736,0.2840909090909091,0.7329545454545454,0.8787878787878788,0.8106060606060606,1.0
7458,7458.T,"DAIICHIKOSHO CO.,LTD.",Wholesale Trade,0.21673003802281368,0.6852589641434262,0.571969696969697,0.928030303030303,0.7386363636363636,0.8939393939393939,1.0
4428,4428.T,sinops Inc.,Information & Communication,0.4254032258064516,0.3471882640586797,0.46435845213849286,0.7615230460921844,0.7703252032520325,0.12625250501002003,1.0
2206,2206.T,"Ezaki Glico Co.,Ltd.",Foods,0.42990654205607476,0.08,0.6822429906542056,0.37383177570093457,0.8037383177570093,0.8785046728971962,1.0
3946,3946.T,"TOMOKU CO.,LTD.",Pulp and Paper,0.20833333333333334,0.5454545454545454,0.7916666666666666,0.9166666666666666,0.7916666666666666,0.7083333333333334,1.0
9012,9012.T,"Chichibu Railway Co.,Ltd.",Land Transportation,0.8703703703703703,0.05660377358490566,0.5,0.5555555555555556,0.4444444444444444,0.018518518518518517,1.0
1333,1333.T,Umios Corporation,"Fishery, Agriculture and Forestry",1.0,1.0,0.36363636363636365,0.9545454545454546,0.36363636363636365,0.9090909090909091,1.0
7634,7634.T,"HOSHIIRYO-SANKI CO.,LTD.",Wholesale Trade,0.5627376425855514,0.8605577689243028,0.7348484848484849,0.45075757575757575,0.43181818181818177,0.16287878787878787,1.0
4360,4360.T,"MANAC Chemical Partners Co.,Ltd",Chemicals,0.8324324324324325,0.5,0.0972972972972973,0.32972972972972975,0.8797814207650273,0.24864864864864866,1.0
3159,3159.T,"Maruzen CHI Holdings Co.,Ltd.",Retail Trade,0.8775510204081632,0.7915057915057915,0.19256756756756757,0.7364864864864865,0.311864406779661,0.38175675675675674,1.0
9006,9006.T,Keikyu Corporation,Land Transportation,0.3333333333333333,0.18867924528301888,0.5,0.24074074074074073,0.03703703703703709,0.6666666666666666,1.0
7643,7643.T,"DAIICHI CO.,LTD.",Retail Trade,0.6054421768707483,0.3745173745173745,0.4391891891891892,0.4814189189189189,0.4610169491525423,0.14864864864864866,1.0
7487,7487.T,OZU CORPORATION,Wholesale Trade,0.6501901140684411,0.04780876494023904,0.08712121212121213,0.19507575757575757,0.6363636363636364,0.45075757575757575,1.0
3992,3992.T,Needs Well Inc.,Information & Communication,0.20362903225806453,0.3740831295843521,0.4419551934826884,0.09218436873747494,0.2479674796747967,0.5891783567134269,1.0
8163,8163.T,"SRS HOLDINGS CO.,LTD.",Retail Trade,0.19047619047619047,0.10424710424710425,0.8040540540540541,0.21621621621621623,0.7796610169491526,0.6351351351351351,1.0
4343,4343.T,"AEON Fantasy Co.,LTD.",Services,0.058165548098434,0.340153452685422,0.18778280542986425,0.6964285714285714,0.9612756264236902,0.8392857142857143,1.0
2602,2602.T,"The Nisshin OilliO Group,Ltd.",Foods,1.0,0.99,0.19626168224299065,0.6728971962616822,0.4672897196261683,0.8130841121495327,1.0
8098,8098.T,"Inabata & Co.,Ltd.",Wholesale Trade,0.4296577946768061,0.6135458167330677,0.24621212121212122,0.45075757575757575,0.41287878787878785,0.8333333333333334,1.0
7231,7231.T,"TOPY INDUSTRIES,LIMITED",Transportation Equipment,0.696969696969697,0.5517241379310345,0.5,0.6818181818181818,0.39682539682539686,0.5909090909090909,1.0
3386,3386.T,"COSMO BIO COMPANY,LIMITED",Wholesale Trade,0.7072243346007605,0.18326693227091634,0.678030303030303,0.45075757575757575,0.6666666666666667,0.24621212121212122,1.0
9368,9368.T,"KIMURA UNITY CO.,LTD.",Warehousing and Harbor Transportation Service,0.4,0.7419354838709677,0.8387096774193549,0.5806451612903226,0.32258064516129037,0.6129032258064516,1.0
3765,3765.T,"GungHo Online Entertainment,Inc.",Information & Communication,0.905241935483871,0.16625916870415647,0.20366598778004075,0.02905811623246493,0.19105691056910568,0.9118236472945892,1.0
7685,7685.T,"BuySell Technologies Co.,Ltd.",Wholesale Trade,0.0076045627376425855,0.11952191235059761,0.9886363636363636,0.928030303030303,0.8333333333333334,0.9659090909090909,1.0
2683,2683.T,"UOKI CO.,LTD.",Retail Trade,0.19387755102040816,0.0888030888030888,0.9594594594594594,0.4814189189189189,0.9796610169491525,0.016891891891891893,1.0
2175,2175.T,"SMS CO.,LTD.",Services,0.1342281879194631,0.17391304347826086,0.8438914027149321,0.21316964285714285,0.2050113895216401,0.9441964285714286,1.0
7928,7928.T,"ASAHI KAGAKU KOGYO CO.,LTD.",Chemicals,0.9459459459459459,0.5,0.032432432432432434,0.13783783783783785,0.42622950819672134,0.05405405405405406,1.0
8005,8005.T,Scroll Corporation,Retail Trade,0.4557823129251701,0.3436293436293436,0.5101351351351351,0.21621621621621623,0.7966101694915254,0.7331081081081081,1.0
7846,7846.T,PILOT CORPORATION,Other Products,0.2857142857142857,0.40476190476190477,0.5612244897959183,0.42857142857142855,0.6122448979591837,0.826530612244898,1.0
5137,5137.T,SmartDrive inc.,Information & Communication,0.05241935483870968,0.4034229828850856,0.90020366598778,0.9448897795591182,0.782520325203252,0.6633266533066132,1.0
9076,9076.T,"SEINO HOLDINGS CO.,LTD.",Land Transportation,0.5185185185185185,0.8113207547169812,0.46875,0.5555555555555556,0.11111111111111116,0.6481481481481481,1.0
9341,9341.T,"GENOVA,Inc.",Services,0.5525727069351231,0.9207161125319693,0.9117647058823529,0.4419642857142857,0.1298405466970387,0.5825892857142857,1.0
3547,3547.T,UNISIA HOLDINGS CO.,Retail Trade,0.11564625850340136,0.5521235521235521,0.9391891891891891,0.7364864864864865,0.8949152542372881,0.5709459459459459,1.0
4763,4763.T,"CREEK & RIVER Co.,Ltd.",Services,0.5413870246085011,0.9360613810741688,0.579185520361991,0.21316964285714285,0.07289293849658318,0.6919642857142857,1.0
3202,3202.T,"Daitobo Co.,Ltd.",Textiles and Apparels,0.2682926829268293,0.08571428571428572,0.07317073170731707,0.7317073170731707,0.675,0.34146341463414637,1.0
8030,8030.T,"Chuo Gyorui Co.,Ltd.",Wholesale Trade,0.908745247148289,0.9561752988047809,0.32196969696969696,0.928030303030303,0.5795454545454546,0.3371212121212121,1.0
3950,3950.T,THE PACK CORPORATION,Pulp and Paper,0.08333333333333333,0.3181818181818182,0.9583333333333334,0.6041666666666666,0.33333333333333337,0.6666666666666666,1.0
1929,1929.T,"NITTOC CONSTRUCTION CO.,LTD.",Construction,0.3880597014925373,0.2556390977443609,0.8134328358208955,0.2574626865671642,0.7969924812030076,0.44776119402985076,1.0
3776,3776.T,"BroadBand Tower,Inc.",Information & Communication,0.6713709677419355,0.06601466992665037,0.07331975560081466,0.7615230460921844,0.6890243902439024,0.781563126252505,1.0
4392,4392.T,"Future Innovation Group,Inc.",Information & Communication,0.04838709677419355,0.04156479217603912,0.2219959266802444,0.7615230460921844,0.22967479674796742,0.9859719438877755,1.0
1930,1930.T,"HOKURIKU ELECTRICAL CONSTRUCTION CO.,LTD.",Construction,0.5746268656716418,0.46616541353383456,0.6194029850746269,0.9514925373134329,0.9172932330827068,0.4701492537313433,1.0
1833,1833.T,OKUMURA CORPORATION,Construction,0.4552238805970149,0.07518796992481203,0.08208955223880597,0.10820895522388059,0.32330827067669177,0.7313432835820896,1.0
9065,9065.T,SANKYU INC.,Land Transportation,0.09259259259259259,0.3018867924528302,0.6875,0.24074074074074073,0.40740740740740744,0.7592592592592593,1.0
2792,2792.T,"HONEYS HOLDINGS CO.,LTD.",Retail Trade,0.7312925170068028,0.8494208494208494,0.46621621621621623,0.21621621621621623,0.3152542372881356,0.6554054054054054,1.0
1762,1762.T,"TAKAMATSU CONSTRUCTION GROUP CO.,LTD.",Construction,0.6865671641791045,0.2706766917293233,0.582089552238806,0.2574626865671642,0.5789473684210527,0.5522388059701493,1.0
1893,1893.T,"PENTA-OCEAN CONSTRUCTION CO.,LTD.",Construction,0.03731343283582089,0.045112781954887216,0.05223880597014925,0.10820895522388059,0.2857142857142857,0.9029850746268657,1.0
4673,4673.T,"Kawasaki Geological Engineering Co.,Ltd.",Services,0.8747203579418344,0.9386189258312021,0.3031674208144796,0.21316964285714285,0.0,0.703125,1.0
1963,1963.T,JGC HOLDINGS CORPORATION,Construction,0.26865671641791045,0.5,0.007462686567164179,0.48880597014925375,0.887218045112782,0.9328358208955224,1.0
4228,4228.T,"Sekisui Kasei Co.,Ltd.",Chemicals,0.8378378378378378,0.5,0.5081081081081081,0.13783783783783785,0.9398907103825137,0.4918918918918919,1.0
3317,3317.T,"FLYING GARDEN CO.,LTD.",Retail Trade,0.8741496598639455,0.9382239382239382,0.9054054054054054,0.4814189189189189,0.7898305084745763,0.1891891891891892,1.0
2294,2294.T,"Kakiyasu Honten Co.,Ltd.",Foods,0.3644859813084112,0.19,0.9719626168224299,0.6728971962616822,0.7289719626168225,0.6074766355140186,1.0
8084,8084.T,RYODEN CORPORATION,Wholesale Trade,0.4790874524714829,0.24302788844621515,0.3068181818181818,0.45075757575757575,0.9545454545454546,0.7386363636363636,1.0
8085,8085.T,"NARASAKI SANGYO CO.,LTD.",Wholesale Trade,0.623574144486692,0.7250996015936255,0.3977272727272727,0.7329545454545454,0.18181818181818177,0.36742424242424243,1.0
8218,8218.T,"KOMERI CO.,LTD.",Retail Trade,0.8163265306122449,0.6640926640926641,0.15878378378378377,0.4814189189189189,0.4338983050847458,0.7601351351351351,1.0
1787,1787.T,"Nakabohtec Corrosion Protecting Co.,Ltd.",Construction,0.29850746268656714,0.5413533834586466,0.9328358208955224,0.2574626865671642,0.40601503759398494,0.09701492537313433,1.0
1852,1852.T,ASANUMA CORPORATION,Construction,0.35074626865671643,0.48872180451127817,0.5149253731343284,0.2574626865671642,0.631578947368421,0.6194029850746269,1.0
4055,4055.T,T&S Group Inc.,Information & Communication,0.08669354838709678,0.15647921760391198,0.4093686354378819,0.7615230460921844,0.7784552845528455,0.8937875751503006,1.0
7872,7872.T,"ESTELLE HOLDINGS CO.,LTD.",Other Products,0.7346938775510204,0.5,0.9183673469387755,0.7040816326530612,0.5102040816326531,0.15306122448979592,0.0
2924,2924.T,"Ifuji Sangyo Co.,Ltd.",Foods,0.2523364485981308,0.87,0.719626168224299,0.6728971962616822,0.9626168224299065,0.2897196261682243,1.0
2053,2053.T,"CHUBU SHIRYO CO.,LTD.",Foods,0.6822429906542056,0.6,0.16822429906542055,0.6728971962616822,0.8785046728971962,0.6261682242990654,1.0
3020,3020.T,"Applied Co.,Ltd.",Retail Trade,0.673469387755102,0.918918918918919,0.3547297297297297,0.7364864864864865,0.7322033898305085,0.34459459459459457,1.0
9509,9509.T,"Hokkaido Electric Power Company,Incorporated",Electric Power and Gas,0.6538461538461539,0.92,0.5,0.34615384615384615,0.28,0.7692307692307693,1.0
3391,3391.T,TSURUHA HOLDINGS INC.,Retail Trade,0.6564625850340136,0.3783783783783784,0.0945945945945946,0.4814189189189189,0.5254237288135593,0.972972972972973,1.0
8066,8066.T,MITANI CORPORATION,Wholesale Trade,0.33840304182509506,0.6095617529880478,0.3446969696969697,0.928030303030303,0.5946969696969697,0.4356060606060606,1.0
9110,9110.T,"NS United Kaiun Kaisha,Ltd.",Marine Transportation,0.09090909090909091,0.18181818181818182,0.7777777777777778,0.8636363636363636,0.7272727272727273,0.45454545454545453,1.0
4449,4449.T,giftee Inc.,Information & Communication,0.18548387096774194,0.23471882640586797,0.164969450101833,0.9448897795591182,0.9735772357723578,0.8837675350701403,1.0
9360,9360.T,SUZUYO SHINWART CORPORATION,Information & Communication,0.4798387096774194,0.9070904645476773,0.5091649694501018,0.7615230460921844,0.7134146341463414,0.17635270541082165,1.0
9069,9069.T,"SENKO Group Holdings Co.,Ltd.",Land Transportation,0.18518518518518517,0.22641509433962265,0.90625,0.8611111111111112,0.6851851851851851,0.5925925925925926,1.0
3399,3399.T,Maruchiyo Yamaokaya Corporation,Retail Trade,0.04421768707482993,0.4517374517374517,0.9831081081081081,0.7364864864864865,0.8779661016949153,0.8378378378378378,1.0
3302,3302.T,"TEIKOKU SEN-I Co.,Ltd.",Textiles and Apparels,0.14634146341463414,0.2,0.24390243902439024,0.2926829268292683,0.19999999999999996,0.6829268292682927,1.0
3148,3148.T,"CREATE SD HOLDINGS CO.,LTD.",Retail Trade,0.47619047619047616,0.6138996138996139,0.3716216216216216,0.7364864864864865,0.5220338983050847,0.8547297297297297,1.0
9424,9424.T,Japan Communications Inc.,Information & Communication,0.10685483870967742,0.2665036674816626,0.7331975560081466,0.24048096192384769,0.3739837398373984,0.8336673346693386,1.0
1418,1418.T,"INTERLIFE HOLDINGS CO.,LTD.",Construction,0.1865671641791045,0.7443609022556391,0.9776119402985075,0.7686567164179104,0.9774436090225564,0.30597014925373134,1.0
7084,7084.T,Smile Holdings Inc.,Services,0.6711409395973155,0.10741687979539642,0.07918552036199095,0.4419642857142857,0.6719817767653758,0.45089285714285715,1.0
3668,3668.T,"COLOPL,Inc.",Information & Communication,0.9435483870967742,0.5,0.028513238289205704,0.7615230460921844,0.6219512195121951,0.7995991983967936,0.0
9418,9418.T,"U-NEXT HOLDINGS Co.,Ltd.",Information & Communication,0.2963709677419355,0.5134474327628362,0.7046843177189409,0.9448897795591182,0.38008130081300817,0.9278557114228457,1.0
9913,9913.T,NIPPO LTD.,Wholesale Trade,0.11406844106463879,0.15139442231075698,0.5227272727272727,0.7329545454545454,0.8257575757575757,0.4621212121212121,1.0
6092,6092.T,"EnBio Holdings,Inc",Services,0.912751677852349,0.5038363171355499,0.07239819004524888,0.21316964285714285,0.15261958997722092,0.6897321428571429,1.0
3106,3106.T,KURABO INDUSTRIES LTD.,Textiles and Apparels,0.0975609756097561,0.2857142857142857,0.43902439024390244,0.926829268292683,0.44999999999999996,0.8048780487804879,1.0
1904,1904.T,"TAISEI ONCHO CO.,LTD.",Construction,0.5149253731343284,0.5714285714285714,0.7089552238805971,0.7686567164179104,0.368421052631579,0.41044776119402987,1.0
9763,9763.T,"Maruken Lease Co.,Ltd.",Wholesale Trade,0.9885931558935361,0.9760956175298805,0.06439393939393939,0.07196969696969698,0.19696969696969702,0.4393939393939394,1.0
9218,9218.T,"Mental Health Technologies Co.,Ltd.",Services,0.06711409395973154,0.3887468030690537,0.5090497737556561,0.9084821428571429,0.5968109339407746,0.4486607142857143,1.0
7361,7361.T,"Human Creation Holdings,Inc.",Services,0.3288590604026846,0.80306905370844,0.7782805429864253,0.21316964285714285,0.9703872437357631,0.296875,1.0
1786,1786.T,Oriental Shiraishi Corporation,Construction,0.7164179104477612,0.6691729323308271,0.40298507462686567,0.2574626865671642,0.8345864661654135,0.5,1.0
1812,1812.T,KAJIMA CORPORATION,Construction,0.11940298507462686,0.18796992481203006,0.17164179104477612,0.10820895522388059,0.42105263157894735,0.9925373134328358,1.0
9081,9081.T,"Kanagawa Chuo Kotsu Co.,Ltd.",Land Transportation,0.8148148148148148,0.9056603773584906,0.65625,0.24074074074074073,0.2592592592592593,0.37037037037037035,1.0
2815,2815.T,"ARIAKE JAPAN Co.,Ltd.",Foods,0.34579439252336447,0.34,0.1308411214953271,0.9345794392523364,0.5607476635514019,0.7757009345794392,1.0
8227,8227.T,"SHIMAMURA Co.,Ltd.",Retail Trade,0.4897959183673469,0.4942084942084942,0.2939189189189189,0.7364864864864865,0.28135593220338984,0.9527027027027027,1.0
7932,7932.T,"Nippi,Incorporated",Other Products,0.47959183673469385,0.4523809523809524,0.2857142857142857,0.7040816326530612,0.6428571428571428,0.673469387755102,1.0
4193,4193.T,"Fabrica Holdings Co.,Ltd.",Information & Communication,0.19959677419354838,0.1271393643031785,0.9205702647657841,0.7615230460921844,0.9105691056910569,0.2785571142284569,1.0
8289,8289.T,Olympic Group Corporation,Retail Trade,0.6462585034013606,0.5,0.44594594594594594,0.21621621621621623,0.9423728813559322,0.668918918918919,1.0
3979,3979.T,"ULURU.CO.,LTD.",Information & Communication,0.8891129032258065,0.9559902200488998,0.9042769857433809,0.7615230460921844,0.5528455284552846,0.2745490981963928,1.0
4549,4549.T,"EIKEN CHEMICAL CO.,LTD.",Pharmaceutical,0.2826086956521739,0.18518518518518517,0.575,0.46808510638297873,0.8085106382978724,0.8085106382978723,1.0
8860,8860.T,FUJI CORPORATION LIMITED,Real Estate,0.9105691056910569,0.864406779661017,0.2926829268292683,0.2073170731707317,0.5327868852459017,0.5040650406504065,1.0
7464,7464.T,"SAFTEC CO.,LTD.",Wholesale Trade,0.9467680608365019,0.46613545816733065,0.8257575757575758,0.45075757575757575,0.9204545454545454,0.10227272727272728,1.0
3626,3626.T,TIS Inc.,Information & Communication,0.4173387096774194,0.5256723716381418,0.2790224032586558,0.4909819639278557,0.5040650406504066,0.9979959919839679,1.0
3248,3248.T,"EARLY AGE CO.,Ltd.",Real Estate,0.8536585365853658,0.4915254237288136,0.13008130081300814,0.3983739837398374,0.6639344262295082,0.10569105691056911,1.0
3446,3446.T,JTEC CORPORATION,Metal Products,0.024390243902439025,0.014492753623188406,0.9146341463414634,0.2073170731707317,0.8414634146341463,0.7317073170731707,1.0
2445,2445.T,"Takamiya Co.,Ltd.",Services,0.8680089485458613,0.47058823529411764,0.1583710407239819,0.0234375,0.13667425968109337,0.6495535714285714,1.0
3271,3271.T,The Global Ltd.,Real Estate,0.07317073170731707,0.5847457627118644,0.7560975609756098,0.8089430894308943,0.9836065573770492,0.7479674796747967,1.0
7425,7425.T,"HATSUHO SHOUJI CO.,LTD.",Wholesale Trade,0.6539923954372624,0.7091633466135459,0.6401515151515151,0.45075757575757575,0.8712121212121212,0.2196969696969697,1.0
4657,4657.T,"ENVIRONMENTAL CONTROL CENTER CO.,LTD.",Services,0.8076062639821029,0.05370843989769821,0.2737556561085973,0.6964285714285714,0.5056947608200455,0.49107142857142855,1.0
7447,7447.T,"NAGAILEBEN Co.,Ltd.",Wholesale Trade,0.34220532319391633,0.17928286852589642,0.1590909090909091,0.45075757575757575,0.3522727272727273,0.6212121212121212,1.0
5969,5969.T,"LOBTEX Co.,Ltd.",Metal Products,0.6951219512195121,0.2608695652173913,0.5609756097560976,0.7865853658536586,0.46341463414634143,0.012195121951219513,1.0
3355,3355.T,KURIYAMA HOLDINGS CORPORATION,Wholesale Trade,0.7566539923954373,0.8047808764940239,0.696969696969697,0.19507575757575757,0.4696969696969697,0.5606060606060606,1.0
9051,9051.T,"SENKON LOGISTICS CO.,LTD",Land Transportation,0.4444444444444444,0.4716981132075472,0.9375,0.8611111111111112,0.8333333333333334,0.05555555555555555,1.0
1885,1885.T,TOA CORPORATION,Construction,0.20149253731343283,0.5789473684210527,0.29850746268656714,0.48880597014925375,0.1278195488721805,0.8507462686567164,1.0
5537,5537.T,"AlbaLink Co.,Ltd.",Real Estate,0.008130081300813009,0.19491525423728814,1.0,0.3983739837398374,0.5,0.6829268292682927,1.0
3050,3050.T,"DCM Holdings Co.,Ltd.",Retail Trade,0.8027210884353742,0.667953667953668,0.02702702702702703,0.4814189189189189,0.36949152542372876,0.831081081081081,1.0
7819,7819.T,SHOBIDO Corporation,Other Products,0.22448979591836735,0.6190476190476191,0.7755102040816326,0.42857142857142855,0.2857142857142857,0.5102040816326531,1.0
5571,5571.T,"Excite Holdings Co.,Ltd.",Information & Communication,0.6491935483870968,0.9951100244498777,0.6354378818737271,0.09218436873747494,0.010162601626016232,0.27054108216432865,1.0
8018,8018.T,"SANKYO SEIKO CO.,LTD.",Wholesale Trade,0.7452471482889734,0.3944223107569721,0.12878787878787878,0.45075757575757575,0.2992424242424242,0.49242424242424243,1.0
9063,9063.T,"Okayamaken Freight Transportation CO.,LTD.",Land Transportation,0.9629629629629629,0.8490566037735849,0.15625,0.24074074074074073,0.7037037037037037,0.12962962962962962,1.0
8928,8928.T,ANABUKI KOSAN INC.,Real Estate,0.8292682926829268,0.7288135593220338,0.5528455284552846,0.2073170731707317,0.5,0.36585365853658536,1.0
7486,7486.T,"SANRIN CO.,LTD.",Wholesale Trade,0.8935361216730038,0.5179282868525896,0.5151515151515151,0.45075757575757575,0.4507575757575758,0.23106060606060605,1.0
1793,1793.T,"OHMOTO GUMI CO.,LTD.",Construction,0.7835820895522388,0.12030075187969924,0.11940298507462686,0.2574626865671642,0.4736842105263158,0.12686567164179105,1.0
3023,3023.T,Rasa Corporation,Wholesale Trade,0.5247148288973384,0.8446215139442231,0.36363636363636365,0.45075757575757575,0.5340909090909092,0.5909090909090909,1.0
3333,3333.T,"ASAHI CO.,LTD.",Retail Trade,0.7380952380952381,0.5675675675675675,0.5675675675675675,0.21621621621621623,0.8033898305084746,0.7027027027027027,1.0
1861,1861.T,"Kumagai Gumi Co.,Ltd.",Construction,0.9776119402985075,0.9022556390977443,0.08955223880597014,0.7686567164179104,0.5939849624060151,0.8208955223880597,1.0
3538,3538.T,WILLPLUS Holdings Corporation,Retail Trade,0.7789115646258503,0.9922779922779923,0.15202702702702703,0.21621621621621623,0.023728813559321993,0.35135135135135137,1.0
9890,9890.T,"MAKIYA CO.,LTD.",Retail Trade,0.7857142857142857,0.7992277992277992,0.42567567567567566,0.7364864864864865,0.5932203389830508,0.3141891891891892,1.0
3544,3544.T,"SATUDORA HOLDINGS CO.,LTD.",Retail Trade,0.5884353741496599,0.5482625482625483,0.40540540540540543,0.9273648648648649,0.5694915254237288,0.40202702702702703,1.0
9861,9861.T,"YOSHINOYA HOLDINGS CO.,LTD.",Retail Trade,0.16666666666666666,0.11969111969111969,0.8783783783783784,0.9273648648648649,0.8542372881355932,0.9121621621621622,1.0
7039,7039.T,BRIDGE International Group Corp.,Services,0.6219239373601789,0.6726342710997443,0.6945701357466063,0.4419642857142857,0.2164009111617312,0.484375,1.0
2664,2664.T,CAWACHI LIMITED,Retail Trade,0.8333333333333334,0.5366795366795367,0.1554054054054054,0.7364864864864865,0.31864406779661014,0.8074324324324325,1.0
5868,5868.T,Rococo Co.Ltd.,Services,0.6510067114093959,0.6930946291560103,0.8031674208144797,0.6964285714285714,0.806378132118451,0.30357142857142855,1.0
4113,4113.T,"TAOKA CHEMICAL COMPANY,LIMITED",Chemicals,0.772972972972973,0.8941176470588236,0.3945945945945946,0.8810810810810811,0.9508196721311475,0.3621621621621622,1.0
2915,2915.T,"KENKO Mayonnaise Co.,Ltd.",Foods,0.719626168224299,0.85,0.6355140186915887,0.9345794392523364,0.4579439252336449,0.5420560747663551,1.0
5282,5282.T,GEOSTR Corporation,Glass and Ceramics Products,0.8863636363636364,0.6097560975609756,0.18181818181818182,0.6363636363636364,0.2272727272727273,0.29545454545454547,1.0
9048,9048.T,"Nagoya Railroad Co., Ltd.",Land Transportation,0.7592592592592593,0.7735849056603774,0.5,0.5555555555555556,0.5740740740740741,0.7407407407407407,1.0
3480,3480.T,"J.S.B.Co.,Ltd.",Real Estate,0.056910569105691054,0.0847457627118644,0.4959349593495935,0.3983739837398374,0.7213114754098361,0.8211382113821138,1.0
2871,2871.T,NICHIREI CORPORATION,Foods,0.18691588785046728,0.46,0.4485981308411215,0.9345794392523364,0.7663551401869159,0.9719626168224299,1.0
8174,8174.T,"NIPPON GAS CO.,LTD.",Retail Trade,0.09863945578231292,0.25096525096525096,0.3310810810810811,0.4814189189189189,0.9322033898305084,0.8918918918918919,1.0
6379,6379.T,RAIZNEXT Corporation,Construction,0.3582089552238806,0.42857142857142855,0.5746268656716418,0.10820895522388059,0.20300751879699253,0.582089552238806,1.0
1934,1934.T,YURTEC CORPORATION,Construction,0.5373134328358209,0.48120300751879697,0.5597014925373134,0.9514925373134329,0.6917293233082706,0.6268656716417911,1.0
1992,1992.T,"KANDA TSUSHINKI CO.,LTD.",Construction,0.582089552238806,0.40601503759398494,0.835820895522388,0.7686567164179104,0.6390977443609023,0.007462686567164179,1.0
9908,9908.T,"NIHON DENKEI CO.,LTD",Wholesale Trade,0.4600760456273764,0.7689243027888446,0.4962121212121212,0.19507575757575757,0.125,0.42424242424242425,1.0
5952,5952.T,Amatei Incorporated,Metal Products,0.14634146341463414,0.34782608695652173,0.573170731707317,0.9695121951219512,0.8292682926829268,0.2804878048780488,1.0
3065,3065.T,"Life Foods Co.,Ltd.",Retail Trade,0.17346938775510204,0.019305019305019305,0.9797297297297297,0.7364864864864865,0.9593220338983051,0.030405405405405407,1.0
9193,9193.T,"Tokyo Kisen Co.,Ltd.",Warehousing and Harbor Transportation Service,0.9333333333333333,1.0,0.0967741935483871,0.3064516129032258,0.032258064516129004,0.5161290322580645,1.0
7826,7826.T,"FURUYA METAL CO.,LTD.",Other Products,0.05102040816326531,0.05952380952380952,0.08163265306122448,0.22448979591836735,0.09183673469387754,0.9489795918367347,1.0
7097,7097.T,"SAKURASAKU PLUS,Co.,Ltd.",Services,0.28635346756152125,0.23529411764705882,0.21040723981900453,0.9084821428571429,0.9225512528473804,0.38169642857142855,1.0
6898,6898.T,"TOMITA ELECTRIC CO.,LTD.",Electric Appliances,0.7671957671957672,0.3375,0.05789473684210526,0.42105263157894735,0.06349206349206349,0.11052631578947368,1.0
9854,9854.T,"AIGAN CO.,LTD.",Retail Trade,0.9761904761904762,0.5,0.6114864864864865,0.21621621621621623,0.19661016949152543,0.39864864864864863,0.0
8141,8141.T,"Shinko Shoji Co.,Ltd.",Wholesale Trade,0.49049429657794674,0.01593625498007968,0.07196969696969698,0.45075757575757575,0.9924242424242424,0.8977272727272727,1.0
3204,3204.T,Toabo Corporation,Textiles and Apparels,0.9512195121951219,0.8857142857142857,0.1951219512195122,0.5121951219512195,0.42500000000000004,0.3170731707317073,1.0
3143,3143.T,O'will Corporation,Wholesale Trade,0.9239543726235742,0.9880478087649402,0.5416666666666666,0.19507575757575757,0.015151515151515138,0.2689393939393939,1.0
9887,9887.T,"MATSUYA FOODS HOLDINGS CO.,LTD.",Retail Trade,0.32653061224489793,0.12355212355212356,0.7837837837837838,0.4814189189189189,0.7627118644067796,0.8344594594594594,1.0
6184,6184.T,"Kamakura Shinsho,Ltd.",Services,0.18344519015659955,0.1918158567774936,0.746606334841629,0.4419642857142857,0.826879271070615,0.7455357142857143,1.0
3048,3048.T,BIC CAMERA INC.,Retail Trade,0.48639455782312924,0.5328185328185329,0.3885135135135135,0.9273648648648649,0.30508474576271183,0.8851351351351351,1.0
7955,7955.T,Cleanup Corporation,Other Products,0.673469387755102,0.2261904761904762,0.8367346938775511,0.9336734693877551,0.6326530612244898,0.6326530612244898,1.0
2882,2882.T,"EAT&HOLDINGS Co.,Ltd",Foods,0.14953271028037382,0.11,0.8691588785046729,0.17757009345794392,0.9813084112149533,0.45794392523364486,1.0
9895,9895.T,CONSEC CORPORATION,Wholesale Trade,0.9809885931558935,0.5,0.32575757575757575,0.07196969696969698,0.24621212121212122,0.022727272727272728,1.0
7774,7774.T,"Japan Tissue Engineering Co.,Ltd.",Precision Instruments,0.10526315789473684,0.5,0.34210526315789475,0.07894736842105263,0.4736842105263158,0.2894736842105263,1.0
9307,9307.T,"Sugimura Warehouse Co.,Ltd.",Warehousing and Harbor Transportation Service,0.3333333333333333,0.3225806451612903,0.6774193548387096,0.8709677419354839,0.7741935483870968,0.3225806451612903,1.0
9996,9996.T,"Satoh&Co.,Ltd.",Wholesale Trade,0.7300380228136882,0.4103585657370518,0.7386363636363636,0.45075757575757575,0.1515151515151515,0.0946969696969697,1.0
7813,7813.T,"PLATZ Co.,Ltd.",Other Products,0.32653061224489793,0.3333333333333333,0.7346938775510204,0.7040816326530612,0.3571428571428571,0.20408163265306123,1.0
7565,7565.T,MANSEI CORPORATION,Wholesale Trade,0.5399239543726235,0.5059760956175299,0.23863636363636365,0.7329545454545454,0.8977272727272727,0.07954545454545454,1.0
7555,7555.T,"Ota Floriculture Auction Co.,Ltd.",Wholesale Trade,0.596958174904943,0.2151394422310757,0.8068181818181818,0.7329545454545454,0.31060606060606055,0.03787878787878788,1.0
1766,1766.T,TOKEN CORPORATION,Construction,0.43283582089552236,0.7293233082706767,0.8955223880597015,0.7686567164179104,0.7593984962406015,0.753731343283582,1.0
9731,9731.T,"Hakuyosha Company,Ltd.",Services,0.7315436241610739,0.9462915601023018,0.17420814479638008,0.4419642857142857,0.45785876993166286,0.40848214285714285,1.0
5621,5621.T,"Human Technologies,Inc.",Information & Communication,0.2318548387096774,0.3080684596577017,0.8879837067209776,0.4909819639278557,0.7479674796747968,0.625250501002004,1.0
5852,5852.T,AHRESTY CORPORATION,Nonferrous Metals,0.9655172413793104,0.5,0.13793103448275862,0.46551724137931033,0.9285714285714286,0.3793103448275862,0.0
9904,9904.T,"Verite Co.,Ltd.",Retail Trade,0.46938775510204084,0.6795366795366795,0.6148648648648649,0.7364864864864865,0.14237288135593218,0.3614864864864865,1.0
1301,1301.T,"KYOKUYO CO.,LTD.","Fishery, Agriculture and Forestry",0.8181818181818182,0.9090909090909091,0.2727272727272727,0.5909090909090909,0.18181818181818177,0.7272727272727273,1.0
5288,5288.T,ASIA PILE HOLDINGS CORPORATION,Glass and Ceramics Products,0.29545454545454547,0.24390243902439024,0.36363636363636365,0.125,0.4545454545454546,0.6363636363636364,1.0
5138,5138.T,"Rebase,Inc.",Information & Communication,0.5645161290322581,0.9511002444987775,0.9714867617107943,0.7615230460921844,0.7195121951219512,0.10420841683366733,1.0
3068,3068.T,WDI Corporation,Retail Trade,0.2755102040816326,0.37065637065637064,0.7702702702702703,0.4814189189189189,0.12881355932203387,0.33783783783783783,1.0
6347,6347.T,"PLACO CO.,LTD.",Machinery,0.2553191489361702,0.5,0.43617021276595747,0.4095744680851064,0.8670212765957447,0.3191489361702128,0.0
4553,4553.T,"TOWA PHARMACEUTICAL CO.,LTD.",Pharmaceutical,0.6304347826086957,0.9259259259259259,0.375,0.8617021276595744,0.44680851063829785,0.7659574468085106,1.0
3232,3232.T,"Mie Kotsu Group Holdings,Inc.",Real Estate,0.6747967479674797,0.6271186440677966,0.8617886178861789,0.9349593495934959,0.680327868852459,0.4959349593495935,1.0
2789,2789.T,"Karula Co.,LTD.",Retail Trade,0.5612244897959183,0.7104247104247104,0.8006756756756757,0.4814189189189189,0.5661016949152542,0.013513513513513514,1.0
2296,2296.T,ITOHAM YONEKYU HOLDINGS INC.,Foods,0.5700934579439252,0.33,0.5607476635514018,0.17757009345794392,0.2149532710280374,0.8878504672897196,1.0
2877,2877.T,NittoBest Corporation,Foods,0.9065420560747663,0.35,0.37383177570093457,0.6728971962616822,0.20560747663551404,0.037383177570093455,1.0
5279,5279.T,"NIHON KOGYO CO.,LTD.",Glass and Ceramics Products,0.9318181818181818,0.7804878048780488,0.6136363636363636,0.6363636363636364,0.43181818181818177,0.11363636363636363,1.0
3539,3539.T,"JM HOLDINGS CO.,LTD.",Retail Trade,0.782312925170068,0.9691119691119691,0.6216216216216216,0.9273648648648649,0.2508474576271187,0.6385135135135135,1.0
4177,4177.T,"i-plug,Inc.",Information & Communication,0.13911290322580644,0.8508557457212714,0.9959266802443992,0.7615230460921844,0.6971544715447154,0.27655310621242485,1.0
7241,7241.T,"FUTABA INDUSTRIAL CO.,LTD.",Transportation Equipment,0.45454545454545453,0.7758620689655172,0.36363636363636365,0.22727272727272727,0.4285714285714286,0.6666666666666666,1.0
7510,7510.T,TAKEBISHI CORPORATION,Wholesale Trade,0.4372623574144487,0.3705179282868526,0.49242424242424243,0.7329545454545454,0.33333333333333337,0.571969696969697,1.0
6926,6926.T,"OKAYA ELECTRIC INDUSTRIES CO.,LTD.",Electric Appliances,0.7724867724867724,0.5,0.031578947368421054,0.02368421052631579,0.8888888888888888,0.11578947368421053,1.0
8255,8255.T,Axial Retailing Inc.,Retail Trade,0.6428571428571429,0.7606177606177607,0.47297297297297297,0.9273648648648649,0.40338983050847455,0.6621621621621622,1.0
3917,3917.T,"iRidge,Inc.",Information & Communication,0.6895161290322581,0.5,0.4663951120162933,0.7615230460921844,0.5426829268292683,0.3687374749498998,0.0
4498,4498.T,"Cybertrust Japan Co.,Ltd.",Information & Communication,0.6471774193548387,0.8410757946210269,0.49490835030549896,0.7615230460921844,0.8617886178861789,0.5851703406813628,1.0
9249,9249.T,"Japan Ecosystem Co.,Ltd.",Services,0.2505592841163311,0.08695652173913043,0.20135746606334842,0.21316964285714285,0.48974943052391795,0.29017857142857145,1.0
2479,2479.T,JTEC CORPORATION,Services,0.5749440715883669,0.8439897698209718,0.6923076923076923,0.6964285714285714,0.35079726651480636,0.34598214285714285,1.0
1820,1820.T,"Nishimatsu Construction Co.,Ltd.",Construction,0.4701492537313433,0.5939849624060151,0.05970149253731343,0.48880597014925375,0.5037593984962406,0.7761194029850746,1.0
9075,9075.T,"FUKUYAMA TRANSPORTING CO.,LTD.",Land Transportation,0.6111111111111112,0.07547169811320754,0.0625,0.5555555555555556,0.537037037037037,0.5740740740740741,1.0
2692,2692.T,"ITOCHU-SHOKUHIN Co.,Ltd.",Wholesale Trade,0.23193916349809887,0.20717131474103587,0.16666666666666666,0.45075757575757575,0.12121212121212122,0.9242424242424242,1.0
3656,3656.T,KLab Inc.,Information & Communication,0.5161290322580645,0.5,0.010183299389002037,0.24048096192384769,0.959349593495935,0.9739478957915831,0.0
2269,2269.T,"Meiji Holdings Co.,Ltd.",Foods,0.3925233644859813,0.41,0.5420560747663551,0.37383177570093457,0.39252336448598135,0.9906542056074766,1.0
1972,1972.T,"SANKO METAL INDUSTRIAL CO.,LTD.",Construction,0.9850746268656716,0.9924812030075187,0.8507462686567164,0.9514925373134329,0.7142857142857143,0.44029850746268656,1.0
6062,6062.T,CHARM CARE CORPORATION,Services,0.32662192393736017,0.6061381074168798,0.08597285067873303,0.4419642857142857,0.2984054669703873,0.7924107142857143,1.0
1810,1810.T,"MATSUI CONSTRUCTION CO.,LTD.",Construction,0.7611940298507462,0.45864661654135336,0.15671641791044777,0.7686567164179104,0.9022556390977443,0.40298507462686567,1.0
2734,2734.T,SALA CORPORATION,Retail Trade,0.8061224489795918,0.7374517374517374,0.10472972972972973,0.4814189189189189,0.6406779661016949,0.7736486486486487,1.0
7050,7050.T,FRONTIER INTERNATIONAL INC.,Services,0.930648769574944,0.9309462915601023,0.31221719457013575,0.4419642857142857,0.7425968109339407,0.6674107142857143,1.0
7856,7856.T,HAGIHARA INDUSTRIES INC.,Other Products,0.5306122448979592,0.47619047619047616,0.29591836734693877,0.7040816326530612,0.8571428571428572,0.6836734693877551,1.0
9259,9259.T,"TAKAYOSHI Holdings,INC.",Services,0.5212527964205816,0.629156010230179,0.9819004524886877,0.6964285714285714,0.6309794988610478,0.49330357142857145,1.0
2164,2164.T,"CHIIKISHINBUNSHA CO.,LTD.",Services,0.14317673378076062,0.058823529411764705,0.9479638009049773,0.21316964285714285,0.17767653758542146,0.4575892857142857,1.0
7271,7271.T,YASUNAGA CORPORATION,Transportation Equipment,0.25757575757575757,0.1896551724137931,0.30303030303030304,0.22727272727272727,0.4920634920634921,0.5303030303030303,1.0
4922,4922.T,KOSE Holdings Corporation,Chemicals,0.42162162162162165,0.31176470588235294,0.9513513513513514,0.32972972972972975,0.13661202185792354,0.8594594594594595,1.0
7628,7628.T,OHASHI TECHNICA INC.,Wholesale Trade,0.9315589353612167,0.701195219123506,0.14772727272727273,0.45075757575757575,0.6856060606060606,0.45454545454545453,1.0
7434,7434.T,OTAKE CORPORATION,Wholesale Trade,0.8783269961977186,0.8087649402390438,0.2727272727272727,0.45075757575757575,0.48863636363636365,0.2727272727272727,1.0
8127,8127.T,YAMATO INTERNATIONAL INC.,Textiles and Apparels,0.4634146341463415,0.05714285714285714,0.8536585365853658,0.13414634146341464,0.09999999999999998,0.36585365853658536,1.0
7357,7357.T,"GEOCODE CO.,Ltd.",Services,0.13870246085011187,0.04092071611253197,0.4321266968325792,0.21316964285714285,0.1708428246013668,0.20758928571428573,1.0
9927,9927.T,"WATT MANN CO.,LTD.",Retail Trade,0.25170068027210885,0.26640926640926643,0.625,0.7364864864864865,0.30847457627118646,0.3277027027027027,1.0
4714,4714.T,RISO KYOIKU GROUP CORPORATION,Services,0.21252796420581654,0.27877237851662406,0.5180995475113123,0.6964285714285714,0.3849658314350797,0.7544642857142857,1.0
8233,8233.T,"Takashimaya Company,Limited",Retail Trade,0.5476190476190477,0.5,0.060810810810810814,0.05912162162162162,0.7050847457627119,0.9594594594594594,1.0
2904,2904.T,"ICHIMASA KAMABOKO CO.,LTD.",Foods,0.5607476635514018,0.38,0.3364485981308411,0.6728971962616822,0.5700934579439252,0.08411214953271028,1.0
4431,4431.T,"Smaregi,Inc.",Information & Communication,0.06451612903225806,0.17359413202933985,0.8431771894093686,0.4909819639278557,0.8028455284552846,0.8416833667334669,1.0
9060,9060.T,JAPAN LOGISTIC SYSTEMS CORP.,Land Transportation,0.9444444444444444,0.5471698113207547,0.40625,0.5555555555555556,0.7592592592592593,0.1111111111111111,1.0
3396,3396.T,FELISSIMO CORPORATION,Retail Trade,0.9795918367346939,0.4671814671814672,0.44256756756756754,0.9273648648648649,0.35593220338983056,0.17229729729729729,1.0
6199,6199.T,"SERAKU Co.,Ltd.",Information & Communication,0.4879032258064516,0.8386308068459658,0.6822810590631364,0.7615230460921844,0.532520325203252,0.5110220440881763,1.0
2653,2653.T,"AEON KYUSHU CO.,LTD.",Retail Trade,0.43537414965986393,0.5173745173745173,0.6452702702702703,0.21621621621621623,0.8813559322033898,0.527027027027027,1.0
5658,5658.T,"NICHIA STEEL WORKS,LTD.",Iron and Steel,0.8,0.2727272727272727,0.14285714285714285,0.6571428571428571,0.47058823529411764,0.2,1.0
2903,2903.T,"SHINOBU FOODS PRODUCTS CO.,LTD.",Foods,0.45794392523364486,0.45,0.5700934579439252,0.6728971962616822,0.8598130841121495,0.21495327102803738,1.0
2975,2975.T,"Star Mica Holdings Co.,Ltd.",Real Estate,0.2601626016260163,0.3559322033898305,0.2601626016260163,0.6341463414634146,0.319672131147541,0.7886178861788617,1.0
8252,8252.T,"MARUI GROUP CO.,LTD.",Retail Trade,0.3129251700680272,0.41312741312741313,0.05405405405405406,0.05912162162162162,0.11525423728813555,0.9493243243243243,1.0
4125,4125.T,SANWAYUKA INDUSTRY CORPORATION,Chemicals,0.5081081081081081,0.3352941176470588,0.5783783783783784,0.6054054054054054,0.7759562841530054,0.5621621621621622,1.0
7619,7619.T,"TANAKA CO.,LTD.",Wholesale Trade,0.8593155893536122,0.7808764940239044,0.38257575757575757,0.45075757575757575,0.29166666666666663,0.2159090909090909,1.0
9346,9346.T,"Cocorport,Inc.",Services,0.3221476510067114,0.670076726342711,0.6266968325791855,0.4419642857142857,0.34851936218678814,0.27901785714285715,1.0
7823,7823.T,ARTNATURE INC.,Other Products,0.37755102040816324,0.11904761904761904,0.9285714285714286,0.7040816326530612,0.6632653061224489,0.4489795918367347,1.0
9215,9215.T,"CaSy Co.,Ltd.",Services,0.16778523489932887,0.10230179028132992,0.9592760180995475,0.21316964285714285,0.23234624145785876,0.12276785714285714,1.0
2373,2373.T,CARE TWENTYONE CORPORATION,Services,0.6263982102908278,0.6010230179028133,0.45248868778280543,0.6964285714285714,0.7198177676537585,0.21651785714285715,1.0
8052,8052.T,"TSUBAKIMOTO KOGYO CO.,LTD.",Wholesale Trade,0.3269961977186312,0.5577689243027888,0.29924242424242425,0.7329545454545454,0.33712121212121215,0.7310606060606061,1.0
9045,9045.T,"Keihan Holdings Co.,Ltd.",Land Transportation,0.46296296296296297,0.6037735849056604,0.5,0.24074074074074073,0.2777777777777778,0.6296296296296297,1.0
8037,8037.T,KAMEI CORPORATION,Wholesale Trade,0.752851711026616,0.6733067729083665,0.6628787878787878,0.928030303030303,0.9356060606060606,0.7234848484848485,1.0
7550,7550.T,"ZENSHO HOLDINGS CO.,LTD.",Retail Trade,0.061224489795918366,0.18532818532818532,0.6418918918918919,0.9273648648648649,0.6610169491525424,0.9662162162162162,1.0
7367,7367.T,"CELM,Inc.",Services,0.2371364653243848,0.618925831202046,0.7624434389140271,0.21316964285714285,0.8246013667425969,0.20089285714285715,1.0
6522,6522.T,Asterisk Inc.,Electric Appliances,0.1164021164021164,0.5,0.531578947368421,0.6973684210526315,0.9312169312169312,0.8157894736842105,0.0
2935,2935.T,"PICKLES HOLDINGS CO.,LTD.",Foods,0.7850467289719626,0.75,0.5887850467289719,0.6728971962616822,0.9252336448598131,0.40186915887850466,1.0
7129,7129.T,Miahelsa Holdings Corporation,Retail Trade,0.7210884353741497,0.7413127413127413,0.030405405405405407,0.9273648648648649,0.6779661016949152,0.037162162162162164,1.0
5139,5139.T,OpenWork Inc.,Information & Communication,0.2701612903225806,0.24449877750611246,0.5,0.4909819639278557,0.774390243902439,0.4529058116232465,1.0
5351,5351.T,"SHINAGAWA REFRA CO.,LTD.",Glass and Ceramics Products,0.5227272727272727,0.7317073170731707,0.5454545454545454,0.125,0.40909090909090906,0.5,1.0
8074,8074.T,"YUASA CO.,LTD.",Wholesale Trade,0.34600760456273766,0.4900398406374502,0.4128787878787879,0.7329545454545454,0.6742424242424243,0.7575757575757576,1.0
9031,9031.T,"Nishi-Nippon Railroad Co.,Ltd.",Land Transportation,0.6481481481481481,0.7169811320754716,0.5,0.24074074074074073,0.05555555555555558,0.5555555555555556,1.0
2982,2982.T,"A.D.Works Group Co.,Ltd.",Real Estate,0.6097560975609756,0.8220338983050848,0.5365853658536586,0.3983739837398374,0.15573770491803274,0.6910569105691057,1.0
5254,5254.T,Arent Inc.,Information & Communication,0.0907258064516129,0.11246943765281174,0.5763747454175153,0.4909819639278557,0.5630081300813008,0.7354709418837675,1.0
5034,5034.T,"unerry,Inc.",Information & Communication,0.16733870967741934,0.24205378973105135,0.780040733197556,0.4909819639278557,0.12195121951219512,0.5531062124248497,1.0
4548,4548.T,SEIKAGAKU CORPORATION,Pharmaceutical,0.9130434782608695,0.2222222222222222,0.525,0.6914893617021277,0.7234042553191489,0.3829787234042553,1.0
1898,1898.T,"SEIKITOKYU KOGYO CO.,LTD.",Construction,0.41044776119402987,0.47368421052631576,0.4552238805970149,0.2574626865671642,0.26315789473684215,0.5298507462686567,1.0
3931,3931.T,VALUE GOLF Inc.,Information & Communication,0.22580645161290322,0.007334963325183374,0.6863543788187373,0.02905811623246493,0.016260162601625994,0.11623246492985972,1.0
8093,8093.T,"Kyokuto Boeki Kaisha,Limited",Wholesale Trade,0.6692015209125475,0.900398406374502,0.29545454545454547,0.19507575757575757,0.04166666666666663,0.6287878787878788,1.0
9831,9831.T,"YAMADA HOLDINGS CO.,LTD.",Retail Trade,0.8197278911564626,0.4980694980694981,0.17905405405405406,0.4814189189189189,0.3728813559322034,0.9391891891891891,1.0
3288,3288.T,"Open House Group Co.,Ltd.",Real Estate,0.24390243902439024,0.576271186440678,0.5853658536585366,0.2073170731707317,0.42622950819672134,0.9349593495934959,1.0
9959,9959.T,"ASEED HOLDINGS CO.,LTD.",Retail Trade,0.4489795918367347,0.528957528957529,0.3141891891891892,0.4814189189189189,0.264406779661017,0.3581081081081081,1.0
4098,4098.T,"Titan Kogyo ,Ltd.",Chemicals,0.7405405405405405,0.5,0.010810810810810811,0.8810810810810811,0.6284153005464481,0.3837837837837838,1.0
5244,5244.T,"jig.jp co.,ltd.",Information & Communication,0.4939516129032258,0.9315403422982885,1.0,0.4909819639278557,0.7804878048780488,0.6513026052104208,1.0
4784,4784.T,"GMO internet,Inc.",Services,0.013422818791946308,0.19437340153452684,0.6719457013574661,0.6964285714285714,0.9840546697038725,0.9464285714285714,1.0
2531,2531.T,TAKARA HOLDINGS INC.,Foods,0.2803738317757009,0.25,0.4392523364485981,0.056074766355140186,0.28037383177570097,0.8598130841121495,1.0
5932,5932.T,"Sankyo Tateyama,Inc.",Metal Products,1.0,0.5,0.7317073170731707,0.06707317073170732,0.4878048780487805,0.6585365853658537,1.0
5471,5471.T,"Daido Steel Co.,Ltd.",Iron and Steel,0.05714285714285714,0.36363636363636365,0.8571428571428571,0.05714285714285714,0.5,0.9428571428571428,1.0
7614,7614.T,"OM2Network Co.,Ltd.",Retail Trade,0.9013605442176871,0.7142857142857143,0.47635135135135137,0.4814189189189189,0.4203389830508475,0.20270270270270271,1.0
2384,2384.T,"SBS Holdings,Inc.",Land Transportation,0.14814814814814814,0.37735849056603776,0.8125,0.8611111111111112,0.9259259259259259,0.5185185185185185,1.0
6551,6551.T,TSUNAGU GROUP HOLDINGS Inc.,Services,0.3131991051454139,0.8184143222506394,0.995475113122172,0.9084821428571429,0.9316628701594533,0.48214285714285715,1.0
2270,2270.T,"MEGMILK SNOW BRAND Co.,Ltd.",Foods,0.5794392523364486,0.55,0.308411214953271,0.37383177570093457,0.44859813084112155,0.8317757009345794,1.0
8039,8039.T,"TSUKIJI UOICHIBA COMPANY,LIMITED",Wholesale Trade,0.2623574144486692,0.07171314741035857,0.5643939393939394,0.45075757575757575,0.1477272727272727,0.2765151515151515,1.0
8203,8203.T,MrMax Holdings Ltd.,Retail Trade,0.8639455782312925,0.8648648648648649,0.27364864864864863,0.9273648648648649,0.34237288135593225,0.5135135135135135,1.0
5194,5194.T,"SAGAMI RUBBER INDUSTRIES CO.,LTD.",Rubber Products,1.0,0.45454545454545453,0.08333333333333333,0.16666666666666666,0.33333333333333337,0.16666666666666666,1.0
3524,3524.T,"NITTO SEIMO CO.,LTD.",Textiles and Apparels,0.7073170731707317,0.8571428571428571,0.34146341463414637,0.7317073170731707,0.5,0.3902439024390244,1.0
5253,5253.T,COVER Corporation,Information & Communication,0.05846774193548387,0.31295843520782396,0.8513238289205702,0.24048096192384769,0.282520325203252,0.9539078156312625,1.0
4256,4256.T,"CYND Co.,Ltd.",Information & Communication,0.5685483870967742,0.26405867970660146,0.4154786150712831,0.7615230460921844,0.5284552845528455,0.35671342685370744,1.0
3928,3928.T,Mynet Inc.,Information & Communication,0.657258064516129,0.9877750611246944,0.8533604887983707,0.4909819639278557,0.6443089430894309,0.19839679358717435,1.0
8179,8179.T,"ROYAL HOLDINGS Co., Ltd.",Retail Trade,0.2687074829931973,0.3204633204633205,0.7195945945945946,0.4814189189189189,0.8135593220338984,0.8141891891891891,1.0
3190,3190.T,"HOTMAN Co.,Ltd.",Retail Trade,0.9149659863945578,0.6525096525096525,0.48986486486486486,0.9273648648648649,0.5559322033898305,0.006756756756756757,1.0
3183,3183.T,"WIN-Partners Co.,Ltd.",Wholesale Trade,0.22053231939163498,0.24701195219123506,0.4015151515151515,0.928030303030303,0.43939393939393945,0.4772727272727273,1.0
4198,4198.T,"TENDA Co.,LTD.",Information & Communication,0.7439516129032258,0.6577017114914425,0.769857433808554,0.7615230460921844,0.8638211382113821,0.07615230460921844,1.0
3918,3918.T,"PCI Holdings,INC.",Information & Communication,0.7258064516129032,0.31784841075794623,0.09979633401221996,0.24048096192384769,0.35162601626016265,0.4288577154308617,1.0
7677,7677.T,"Yashima & Co.,Ltd.",Wholesale Trade,0.5551330798479087,0.5,0.13257575757575757,0.19507575757575757,0.8371212121212122,0.007575757575757576,1.0
4379,4379.T,Photosynth inc.,Information & Communication,0.3024193548387097,0.44987775061124696,0.8472505091649695,0.7615230460921844,0.589430894308943,0.5991983967935872,1.0
9994,9994.T,YAMAYA CORPORATION,Retail Trade,0.8605442176870748,0.9613899613899614,0.5743243243243243,0.21621621621621623,0.12203389830508471,0.47297297297297297,1.0
2747,2747.T,"Hokuyu Lucky Co.,Ltd.",Retail Trade,0.8231292517006803,0.16602316602316602,0.4797297297297297,0.7364864864864865,0.8169491525423729,0.07094594594594594,1.0
7481,7481.T,"OIE SANGYO CO.,LTD.",Wholesale Trade,0.23574144486692014,0.852589641434263,0.9545454545454546,0.7329545454545454,0.7083333333333333,0.24242424242424243,1.0
3173,3173.T,"Cominix Co.,Ltd.",Wholesale Trade,0.5361216730038023,0.33067729083665337,0.5871212121212122,0.022727272727272728,0.2537878787878788,0.12121212121212122,1.0
1882,1882.T,TOA ROAD CORPORATION,Construction,0.4253731343283582,0.3609022556390977,0.4701492537313433,0.48880597014925375,0.22556390977443608,0.664179104477612,1.0
3156,3156.T,Restar Corporation,Wholesale Trade,0.27756653992395436,0.8764940239043825,0.17424242424242425,0.928030303030303,0.5037878787878788,0.7424242424242424,1.0
1770,1770.T,"FUJITA ENGINEERING CO.,LTD.",Construction,0.746268656716418,0.8045112781954887,0.6940298507462687,0.7686567164179104,0.49624060150375937,0.1044776119402985,1.0
7291,7291.T,"NIHON PLAST CO.,LTD.",Transportation Equipment,0.9393939393939394,1.0,0.42424242424242425,0.6818181818181818,0.38095238095238093,0.3484848484848485,1.0
9857,9857.T,EIWA CORPORATION,Wholesale Trade,0.44866920152091255,0.7928286852589641,0.553030303030303,0.7329545454545454,0.18560606060606055,0.17803030303030304,1.0
7911,7911.T,TOPPAN Holdings Inc.,Other Products,0.4387755102040816,0.4642857142857143,0.19387755102040816,0.22448979591836735,0.26530612244897955,0.9693877551020408,1.0
8841,8841.T,"TOC Co.,Ltd.",Real Estate,0.6585365853658537,0.01694915254237288,0.016260162601626018,0.3983739837398374,0.5245901639344263,0.6747967479674797,1.0
9312,9312.T,"THE KEIHIN CO.,LTD.",Warehousing and Harbor Transportation Service,0.6333333333333333,0.8709677419354839,0.5161290322580645,0.8709677419354839,0.5483870967741935,0.6774193548387096,1.0
4496,4496.T,Commerce One Holdings Inc.,Information & Communication,0.4596774193548387,0.07090464547677261,0.8228105906313645,0.4909819639278557,0.8841463414634146,0.07014028056112225,1.0
3168,3168.T,MERF Inc.,Wholesale Trade,0.08365019011406843,0.5,0.01893939393939394,0.45075757575757575,0.9583333333333334,0.7840909090909091,1.0
3477,3477.T,"FORLIFE Co.,Ltd.",Real Estate,0.6910569105691057,0.8389830508474576,0.6422764227642277,0.2073170731707317,0.139344262295082,0.04878048780487805,1.0
9248,9248.T,"People, Dreams & Technologies Group Co.,Ltd.",Services,0.9395973154362416,0.8363171355498721,0.38009049773755654,0.21316964285714285,0.0546697038724373,0.5133928571428571,1.0
7442,7442.T,"NAKAYAMAFUKU CO.,LTD.",Wholesale Trade,0.9163498098859315,0.2589641434262948,0.5378787878787878,0.7329545454545454,0.3295454545454546,0.20454545454545456,1.0
4766,4766.T,"PA Co.,Ltd.",Services,0.1029082774049217,0.23785166240409208,0.7420814479638009,0.6964285714285714,0.38041002277904323,0.10714285714285714,1.0
9233,9233.T,"Asia Air Survey Co.,Ltd.",Air Transportation,1.0,0.5,1.0,0.25,0.0,0.5,1.0
3107,3107.T,"Daiwabo Holdings Co.,Ltd.",Wholesale Trade,0.09885931558935361,0.44621513944223107,0.2537878787878788,0.45075757575757575,0.13636363636363635,0.9356060606060606,1.0
2698,2698.T,"CAN DO CO.,LTD.",Retail Trade,0.08503401360544217,0.03474903474903475,0.8243243243243243,0.4814189189189189,0.9694915254237289,0.46621621621621623,1.0
2910,2910.T,"ROCK FIELD CO.,LTD.",Foods,0.4953271028037383,0.05,0.9532710280373832,0.6728971962616822,0.719626168224299,0.5981308411214953,1.0
7120,7120.T,SHINKO Inc.,Wholesale Trade,0.6045627376425855,0.9721115537848606,0.9659090909090909,0.928030303030303,0.8901515151515151,0.4015151515151515,1.0
8152,8152.T,SOMAR CORPORATION,Wholesale Trade,0.6577946768060836,0.8884462151394422,0.3939393939393939,0.45075757575757575,0.18939393939393945,0.42045454545454547,1.0
5391,5391.T,A&A Material Corporation,Glass and Ceramics Products,0.7954545454545454,0.5,0.75,0.125,0.8863636363636364,0.2727272727272727,1.0
6549,6549.T,"DM Solutions Co.,Ltd",Services,0.4161073825503356,0.6445012787723785,0.5316742081447964,0.9084821428571429,0.5466970387243736,0.21875,1.0
3652,3652.T,Digital Media Professionals Inc.,Information & Communication,0.25806451612903225,0.05134474327628362,0.37678207739307534,0.24048096192384769,0.23780487804878048,0.7595190380761523,1.0
9468,9468.T,KADOKAWA CORPORATION,Information & Communication,0.5100806451612904,0.08312958435207823,0.18126272912423624,0.4909819639278557,0.4186991869918699,0.9519038076152304,1.0
3321,3321.T,"MITACHI CO.,LTD.",Wholesale Trade,0.4752851711026616,0.7569721115537849,0.10227272727272728,0.07196969696969698,0.0037878787878787845,0.678030303030303,1.0
3577,3577.T,Tokai Senko K.K.,Textiles and Apparels,0.926829268292683,0.9428571428571428,0.3902439024390244,0.926829268292683,0.625,0.04878048780487805,1.0
8769,8769.T,"Advantage Risk Management Co.,Ltd.",Services,0.3512304250559284,0.7007672634271099,0.834841628959276,0.4419642857142857,0.929384965831435,0.515625,1.0
4577,4577.T,"Daito Pharmaceutical Co.,Ltd.",Pharmaceutical,0.8695652173913043,0.48148148148148145,0.225,0.6914893617021277,0.7872340425531915,0.40425531914893614,1.0
2395,2395.T,"SHIN NIPPON BIOMEDICAL LABORATORIES,LTD.",Services,0.6599552572706935,0.7647058823529411,0.1493212669683258,0.4419642857142857,0.4851936218678815,0.8995535714285714,1.0
3571,3571.T,"SOTOH CO.,LTD.",Textiles and Apparels,0.5853658536585366,0.22857142857142856,0.024390243902439025,0.2926829268292683,0.32499999999999996,0.2926829268292683,1.0
7461,7461.T,"KIMURA CO.,LTD.",Wholesale Trade,0.9429657794676806,0.952191235059761,0.7803030303030303,0.19507575757575757,0.44318181818181823,0.056818181818181816,1.0
7607,7607.T,"Shinwa Co.,Ltd.",Wholesale Trade,0.4866920152091255,0.47808764940239046,0.23106060606060605,0.45075757575757575,0.9696969696969697,0.5378787878787878,1.0
9025,9025.T,"Konoike Transport Co.,Ltd.",Land Transportation,0.5740740740740741,0.7358490566037735,0.75,0.8611111111111112,0.5925925925925926,0.46296296296296297,1.0
4261,4261.T,"AsiaQuest Co.,Ltd.",Information & Communication,0.2862903225806452,0.34963325183374083,0.9368635437881874,0.4909819639278557,0.05691056910569103,0.33266533066132264,1.0
2492,2492.T,Infomart Corporation,Services,0.026845637583892617,0.09974424552429667,0.8574660633484162,0.4419642857142857,0.9430523917995444,0.953125,1.0
1811,1811.T,THE ZENITAKA CORPORATION,Construction,0.8582089552238806,0.3458646616541353,0.029850746268656716,0.2574626865671642,0.30827067669172936,0.27611940298507465,1.0
9990,9990.T,SAC'S BAR HOLDINGS INC.,Retail Trade,0.7891156462585034,0.8841698841698842,0.5236486486486487,0.4814189189189189,0.3355932203389831,0.5337837837837838,1.0
3683,3683.T,"CYBERLINKS CO.,LTD.",Information & Communication,0.717741935483871,0.8484107579462102,0.4908350305498982,0.4909819639278557,0.4857723577235772,0.48697394789579157,1.0
7444,7444.T,"Harima-Kyowa Co.,LTD.",Wholesale Trade,0.9011406844106464,0.7768924302788844,0.3333333333333333,0.19507575757575757,0.7689393939393939,0.14772727272727273,1.0
3121,3121.T,"MBK Co.,Ltd.",Services,0.4988814317673378,0.5,0.011312217194570135,0.21316964285714285,0.9635535307517085,0.4375,1.0
8079,8079.T,SHOEI FOODS CORPORATION,Wholesale Trade,0.2965779467680608,0.16733067729083664,0.3560606060606061,0.022727272727272728,0.17045454545454541,0.803030303030303,1.0
2146,2146.T,"UT Group Co.,Ltd.",Services,0.9977628635346756,1.0,0.6538461538461539,0.6964285714285714,0.05011389521640086,0.9553571428571429,1.0
5542,5542.T,Shinhokoku Material Corp.,Iron and Steel,0.2,0.30303030303030304,0.8,0.37142857142857144,0.38235294117647056,0.14285714285714285,1.0
1383,1383.T,"Berg Earth co.,ltd.","Fishery, Agriculture and Forestry",0.09090909090909091,0.18181818181818182,0.8181818181818182,0.18181818181818182,0.6363636363636364,0.2727272727272727,1.0
7994,7994.T,OKAMURA CORPORATION,Other Products,0.30612244897959184,0.7142857142857143,0.6530612244897959,0.7040816326530612,0.04081632653061229,0.8061224489795918,1.0
4259,4259.T,ExaWizards Inc.,Information & Communication,0.0020161290322580645,0.5,0.9348268839103869,0.4909819639278557,0.9898373983739838,0.9478957915831663,0.0
7500,7500.T,"NISHIKAWA KEISOKU Co.,Ltd.",Wholesale Trade,0.1482889733840304,0.44223107569721115,0.5757575757575758,0.45075757575757575,0.4810606060606061,0.22727272727272727,1.0
7162,7162.T,"ASTMAX Co.,Ltd.",Electric Power and Gas,0.46153846153846156,0.5,0.5,0.038461538461538464,0.07999999999999996,0.4230769230769231,1.0
5458,5458.T,TAKASAGO TEKKO K.K.,Iron and Steel,0.3142857142857143,0.42424242424242425,0.8285714285714286,0.6571428571428571,0.08823529411764708,0.05714285714285714,1.0
9001,9001.T,"TOBU RAILWAY CO.,LTD.",Land Transportation,0.5370370370370371,0.660377358490566,0.5,0.24074074074074073,0.33333333333333337,0.7222222222222222,1.0
4886,4886.T,"ASKA Pharmaceutical Holdings Co.,Ltd.",Pharmaceutical,0.6086956521739131,0.6296296296296297,0.75,0.46808510638297873,0.17021276595744683,0.6382978723404256,1.0
4476,4476.T,AI CROSS Inc.,Information & Communication,0.5080645161290323,0.4180929095354523,0.6924643584521385,0.24048096192384769,0.19512195121951215,0.45490981963927857,1.0
5592,5592.T,"Kusurinomadoguchi,Inc.",Information & Communication,0.19153225806451613,0.5623471882640587,0.7617107942973523,0.4909819639278557,0.0,0.7675350701402806,1.0
8051,8051.T,YAMAZEN CORPORATION,Wholesale Trade,0.3193916349809886,0.22310756972111553,0.5795454545454546,0.7329545454545454,0.446969696969697,0.8674242424242424,1.0
2752,2752.T,FUJIO FOOD GROUP INC.,Retail Trade,0.07142857142857142,0.011583011583011582,0.7263513513513513,0.7364864864864865,0.4542372881355933,0.597972972972973,1.0
4075,4075.T,"Brains Technology,Inc.",Information & Communication,0.16330645161290322,0.08801955990220049,0.4786150712830957,0.7615230460921844,0.9329268292682926,0.8537074148296593,1.0
3289,3289.T,Tokyu Fudosan Holdings Corporation,Real Estate,0.4715447154471545,0.3644067796610169,0.15447154471544716,0.6341463414634146,0.5491803278688525,0.959349593495935,1.0
7501,7501.T,TIEMCO LTD.,Wholesale Trade,0.4220532319391635,0.5,0.6136363636363636,0.022727272727272728,0.2689393939393939,0.3106060606060606,0.0
7446,7446.T,"TOHOKU CHEMICAL Co.,LTD.",Wholesale Trade,0.8250950570342205,0.6055776892430279,0.24242424242424243,0.45075757575757575,0.31818181818181823,0.09848484848484848,1.0
9982,9982.T,"Takihyo Co.,Ltd.",Wholesale Trade,0.6730038022813688,0.3545816733067729,0.5984848484848485,0.45075757575757575,0.6515151515151515,0.48863636363636365,1.0
6615,6615.T,"UMC Electronics Co.,Ltd.",Electric Appliances,0.9206349206349206,0.5,0.09473684210526316,0.2,0.9470899470899471,0.18421052631578946,1.0
4761,4761.T,SAKURA KCS Corporation,Information & Communication,0.9254032258064516,0.8777506112469438,0.1894093686354379,0.24048096192384769,0.08739837398373984,0.28256513026052105,1.0
1807,1807.T,"WATANABE SATO CO.,LTD.",Construction,0.8955223880597015,0.5488721804511278,0.19402985074626866,0.2574626865671642,0.052631578947368474,0.19402985074626866,1.0
6561,6561.T,"HANATOUR JAPAN CO.,LTD.",Services,0.319910514541387,0.9156010230179028,0.6855203619909502,0.6964285714285714,0.7107061503416856,0.4017857142857143,1.0
1446,1446.T,"CANDEAL Co.,Ltd.",Construction,0.2537313432835821,0.13533834586466165,1.0,0.9514925373134329,0.7819548872180451,0.17164179104477612,1.0
7037,7037.T,teno.Holdings Company Limited,Services,0.2841163310961969,0.09718670076726342,0.34841628959276016,0.6964285714285714,0.8656036446469249,0.19196428571428573,1.0
3546,3546.T,"Alleanza Holdings Co.,Ltd.",Retail Trade,0.5204081632653061,0.444015444015444,0.30405405405405406,0.7364864864864865,0.7593220338983051,0.6317567567567568,1.0
8043,8043.T,Starzen Company Limited,Wholesale Trade,0.6387832699619772,0.9083665338645418,0.5492424242424242,0.19507575757575757,0.030303030303030276,0.7196969696969697,1.0
3058,3058.T,Sanyodo Holdings Inc.,Retail Trade,0.3945578231292517,0.23552123552123552,0.28040540540540543,0.21621621621621623,0.17627118644067796,0.010135135135135136,1.0
2376,2376.T,SCINEX CORPORATION,Services,0.9664429530201343,0.4884910485933504,0.5633484162895928,0.6964285714285714,0.28473804100227795,0.265625,1.0
7976,7976.T,"MITSUBISHI PENCIL COMPANY,LIMITED",Other Products,0.3877551020408163,0.32142857142857145,0.45918367346938777,0.22448979591836735,0.18367346938775508,0.7346938775510204,1.0
9849,9849.T,KYODO PAPER HOLDINGS,Wholesale Trade,0.6083650190114068,0.00796812749003984,0.38636363636363635,0.19507575757575757,0.21969696969696972,0.030303030303030304,1.0
7504,7504.T,KOHSOKU CORPORATION,Wholesale Trade,0.23954372623574144,0.28286852589641437,0.821969696969697,0.7329545454545454,0.16666666666666663,0.696969696969697,1.0
9419,9419.T,"WirelessGate,Inc.",Information & Communication,0.42943548387096775,0.8019559902200489,0.9796334012219959,0.09218436873747494,0.11788617886178865,0.20440881763527055,1.0
7459,7459.T,MEDIPAL HOLDINGS CORPORATION,Wholesale Trade,0.6653992395437263,0.5298804780876494,0.125,0.7329545454545454,0.5189393939393939,0.9583333333333334,1.0
8173,8173.T,Joshin Corporation,Retail Trade,0.7551020408163265,0.277992277992278,0.2635135135135135,0.7364864864864865,0.6813559322033899,0.7702702702702703,1.0
4415,4415.T,"BROAD ENTERPRISE CO.,LTD.",Information & Communication,0.10887096774193548,0.33985330073349634,0.2525458248472505,0.09218436873747494,0.004065040650406471,0.3867735470941884,1.0
9989,9989.T,"SUNDRUG CO.,LTD.",Retail Trade,0.445578231292517,0.6023166023166023,0.2905405405405405,0.9273648648648649,0.41694915254237286,0.9290540540540541,1.0
9216,9216.T,"Bewith,Inc.",Services,0.25727069351230425,0.07161125319693094,0.4502262443438914,0.21316964285714285,0.6765375854214123,0.7879464285714286,1.0
7421,7421.T,"KAPPA・CREATE CO.,LTD.",Retail Trade,0.04081632653061224,0.07722007722007722,0.9256756756756757,0.4814189189189189,0.8711864406779661,0.6722972972972973,1.0
8076,8076.T,CANOX CORPORATION,Wholesale Trade,0.7756653992395437,0.6414342629482072,0.030303030303030304,0.928030303030303,0.7272727272727273,0.38257575757575757,1.0
5257,5257.T,"NOVA SYSTEM CO.,LTD.",Information & Communication,0.6391129032258065,0.4792176039119804,0.3665987780040733,0.4909819639278557,0.6239837398373984,0.30060120240480964,1.0
2060,2060.T,"FEED ONE CO.,LTD.",Foods,0.6448598130841121,0.84,0.4672897196261682,0.9345794392523364,0.5233644859813085,0.5700934579439252,1.0
1788,1788.T,SANTO CORPORATION,Construction,0.7014925373134329,0.6090225563909775,0.746268656716418,0.2574626865671642,0.3834586466165414,0.03731343283582089,1.0
2217,2217.T,Morozoff Limited,Foods,0.2616822429906542,0.13,0.9158878504672897,0.056074766355140186,0.1869158878504673,0.48598130841121495,1.0
7215,7215.T,"FALTEC Co.,Ltd.",Transportation Equipment,0.9696969696969697,0.6896551724137931,0.6212121212121212,0.6818181818181818,0.6984126984126984,0.15151515151515152,1.0
7095,7095.T,"Macbee Planet,Inc.",Services,0.5369127516778524,0.8465473145780051,0.8009049773755657,0.21316964285714285,0.5,0.8147321428571429,1.0
7938,7938.T,REGAL CORPORATION,Other Products,0.7244897959183674,0.7380952380952381,0.7857142857142857,0.42857142857142855,0.23469387755102045,0.3163265306122449,1.0
1813,1813.T,Fudo Tetra Corporation,Construction,0.44029850746268656,0.24060150375939848,0.7014925373134329,0.10820895522388059,0.45112781954887216,0.5746268656716418,1.0
7475,7475.T,"ALBIS Co.,Ltd.",Retail Trade,0.8435374149659864,0.6332046332046332,0.4560810810810811,0.21621621621621623,0.46440677966101696,0.4560810810810811,1.0
3719,3719.T,"AI storm Co.,Ltd.",Information & Communication,0.25,0.13202933985330073,0.09368635437881874,0.02905811623246493,0.002032520325203291,0.7835671342685371,1.0
9355,9355.T,RINKO CORPORATION,Warehousing and Harbor Transportation Service,0.9666666666666667,0.6451612903225806,0.12903225806451613,0.5806451612903226,0.3870967741935484,0.16129032258064516,1.0
3176,3176.T,"Sanyo Trading Co.,Ltd.",Wholesale Trade,0.5171102661596958,0.6454183266932271,0.6287878787878788,0.19507575757575757,0.7575757575757576,0.6704545454545454,1.0
3178,3178.T,"CHIMNEY CO.,LTD.",Retail Trade,0.14965986394557823,0.3938223938223938,0.8614864864864865,0.7364864864864865,0.1559322033898305,0.44256756756756754,1.0
6630,6630.T,YA-MAN LTD.,Electric Appliances,0.37566137566137564,0.5,0.8210526315789474,0.005263157894736842,0.26455026455026454,0.25263157894736843,1.0
6070,6070.T,"CAREERLINK CO.,LTD.",Services,0.4116331096196868,0.5191815856777494,0.5497737556561086,0.4419642857142857,0.6195899772209568,0.71875,1.0
2264,2264.T,"MORINAGA MILK INDUSTRY CO.,LTD.",Foods,0.27102803738317754,0.07,0.4766355140186916,0.17757009345794392,0.10280373831775702,0.9439252336448598,1.0
8214,8214.T,AOKI Holdings Inc.,Retail Trade,0.6768707482993197,0.5907335907335908,0.1891891891891892,0.9273648648648649,0.6711864406779662,0.7972972972972973,1.0
7082,7082.T,"Jimoty,Inc.",Services,0.020134228187919462,0.14578005115089515,0.8506787330316742,0.21316964285714285,0.46697038724373574,0.8214285714285714,1.0
5243,5243.T,note inc.,Information & Communication,0.010080645161290322,0.03667481662591687,0.8391038696537678,0.24048096192384769,0.28658536585365857,0.9458917835671342,1.0
3031,3031.T,"RACCOON HOLDINGS,Inc.",Information & Communication,0.2600806451612903,0.45232273838630804,0.3340122199592668,0.4909819639278557,0.44512195121951215,0.685370741482966,1.0
9558,9558.T,"Japaniace Co.,Ltd.",Services,0.2796420581655481,0.7212276214833759,0.669683257918552,0.21316964285714285,0.3416856492027335,0.5111607142857143,1.0
3036,3036.T,ALCONIX CORPORATION,Wholesale Trade,0.3726235741444867,0.32270916334661354,0.09090909090909091,0.7329545454545454,0.571969696969697,0.8560606060606061,1.0
8276,8276.T,"HEIWADO CO.,LTD.",Retail Trade,0.8537414965986394,0.6293436293436293,0.35135135135135137,0.7364864864864865,0.42711864406779665,0.75,1.0
8881,8881.T,"NISSHIN GROUP HOLDINGS Company,Limited",Real Estate,0.9349593495934959,0.2711864406779661,0.16260162601626016,0.07317073170731707,0.4180327868852459,0.6097560975609756,1.0
2782,2782.T,"Seria Co.,Ltd.",Retail Trade,0.22448979591836735,0.25868725868725867,0.5709459459459459,0.4814189189189189,0.5186440677966102,0.9087837837837838,1.0
5344,5344.T,"MARUWA CO.,LTD.",Glass and Ceramics Products,0.022727272727272728,0.04878048780487805,0.8636363636363636,0.9204545454545454,0.8181818181818181,0.9772727272727273,1.0
4918,4918.T,IVY COSMETICS CORPORATION,Chemicals,0.7513513513513513,0.09411764705882353,0.9459459459459459,0.6054054054054054,0.9672131147540983,0.10810810810810811,1.0
7864,7864.T,"FUJI SEAL INTERNATIONAL,INC.",Other Products,0.41836734693877553,0.5833333333333334,0.336734693877551,0.7040816326530612,0.7448979591836735,0.8367346938775511,1.0
7462,7462.T,CAPITA Inc.,Retail Trade,0.45918367346938777,0.06177606177606178,0.13175675675675674,0.9273648648648649,0.9864406779661017,0.16891891891891891,1.0
5602,5602.T,"Kurimoto,Ltd.",Iron and Steel,0.9714285714285714,0.9393939393939394,0.9142857142857143,0.37142857142857144,0.02941176470588236,0.7714285714285715,1.0
8057,8057.T,"UCHIDA YOKO CO.,LTD.",Wholesale Trade,0.9771863117870723,0.9920318725099602,0.7007575757575758,0.45075757575757575,0.07954545454545459,0.8068181818181818,1.0
1938,1938.T,"NIPPON RIETEC CO.,LTD.",Construction,0.5671641791044776,0.44360902255639095,0.27611940298507465,0.48880597014925375,0.4135338345864662,0.6417910447761194,1.0
8078,8078.T,"HANWA CO.,LTD.",Wholesale Trade,0.9923954372623575,1.0,0.07575757575757576,0.7329545454545454,0.21212121212121215,0.9393939393939394,1.0
2784,2784.T,Alfresa Holdings Corporation,Wholesale Trade,0.5513307984790875,0.3665338645418327,0.15151515151515152,0.45075757575757575,0.321969696969697,0.9431818181818182,1.0
2804,2804.T,"BULL-DOG SAUCE CO.,LTD.",Foods,0.5327102803738317,0.17,0.102803738317757,0.9345794392523364,0.7476635514018692,0.4672897196261682,1.0
7850,7850.T,"SOUGOU SHOUKEN CO.,LTD.",Other Products,0.4897959183673469,0.7857142857142857,0.9489795918367347,0.7040816326530612,0.6938775510204082,0.05102040816326531,1.0
1420,1420.T,Sanyo Homes Corporation,Construction,0.9328358208955224,0.6766917293233082,0.6716417910447762,0.022388059701492536,0.24812030075187974,0.3208955223880597,1.0
6836,6836.T,"PLAT'HOME CO.,LTD.",Electric Appliances,0.0582010582010582,0.0125,0.9789473684210527,0.6973684210526315,0.9682539682539683,0.3526315789473684,1.0
2281,2281.T,"Prima Meat Packers,Ltd.",Foods,0.5887850467289719,0.58,0.2336448598130841,0.6728971962616822,0.5420560747663552,0.7570093457943925,1.0
4413,4413.T,"baudroie,inc.",Information & Communication,0.012096774193548387,0.06845965770171149,0.8492871690427699,0.02905811623246493,0.5,0.9018036072144289,1.0
2923,2923.T,"SATO FOODS CO.,LTD.",Foods,0.21495327102803738,0.39,0.38317757009345793,0.17757009345794392,0.822429906542056,0.32710280373831774,1.0
9979,9979.T,DAISYO CORPORATION,Retail Trade,0.3435374149659864,0.40540540540540543,0.5608108108108109,0.7364864864864865,0.48813559322033895,0.5067567567567568,1.0
7860,7860.T,Avex Inc.,Information & Communication,0.8407258064516129,0.5,0.41140529531568226,0.02905811623246493,0.30487804878048785,0.7875751503006012,1.0
7638,7638.T,"NEW ART HOLDINGS Co.,Ltd.",Retail Trade,0.3197278911564626,0.7335907335907336,0.4966216216216216,0.4814189189189189,0.1932203389830508,0.48986486486486486,1.0
2742,2742.T,"HALOWS CO.,LTD.",Retail Trade,0.6496598639455783,0.8571428571428571,0.3108108108108108,0.21621621621621623,0.976271186440678,0.625,1.0
7649,7649.T,"SUGI HOLDINGS Co.,LTD.",Retail Trade,0.41156462585034015,0.7027027027027027,0.39864864864864863,0.4814189189189189,0.823728813559322,0.9425675675675675,1.0
7919,7919.T,"Nozaki Insatsu Shigyo Co.,Ltd.",Other Products,0.5918367346938775,0.9047619047619048,0.5102040816326531,0.7040816326530612,0.4591836734693877,0.17346938775510204,1.0
7956,7956.T,PIGEON CORPORATION,Other Products,0.12244897959183673,0.16666666666666666,0.8775510204081632,0.7040816326530612,0.7040816326530612,0.9387755102040817,1.0
3877,3877.T,"Chuetsu Pulp & Paper Co.,Ltd.",Pulp and Paper,0.75,0.13636363636363635,0.3333333333333333,0.6041666666666666,0.9166666666666666,0.5833333333333334,1.0
3360,3360.T,"SHIP HEALTHCARE HOLDINGS,INC.",Wholesale Trade,0.26996197718631176,0.4581673306772908,0.20833333333333334,0.928030303030303,0.6098484848484849,0.8825757575757576,1.0
7525,7525.T,RIX CORPORATION,Wholesale Trade,0.3612167300380228,0.649402390438247,0.7462121212121212,0.7329545454545454,0.5227272727272727,0.5189393939393939,1.0
3166,3166.T,"OCHI HOLDINGS CO.,LTD.",Wholesale Trade,0.6121673003802282,0.40239043824701193,0.5113636363636364,0.19507575757575757,0.5492424242424243,0.3181818181818182,1.0
3851,3851.T,"Nippon Ichi Software,Inc.",Information & Communication,0.9798387096774194,0.5,0.0835030549898167,0.09218436873747494,0.7601626016260162,0.08817635270541083,1.0
9087,9087.T,TAKASE CORPORATION,Land Transportation,0.8518518518518519,0.09433962264150944,0.34375,0.5555555555555556,0.16666666666666663,0.07407407407407407,1.0
9008,9008.T,Keio Corporation,Land Transportation,1.0,1.0,0.5,0.5555555555555556,0.01851851851851849,0.7037037037037037,1.0
4419,4419.T,Finatext Holdings Ltd.,Information & Communication,0.08064516129032258,0.02689486552567237,0.23625254582484725,0.4909819639278557,0.04878048780487809,0.8997995991983968,1.0
8999,8999.T,Grandy House Corporation,Real Estate,0.8373983739837398,0.3305084745762712,0.2764227642276423,0.9349593495934959,0.9098360655737705,0.44715447154471544,1.0
9302,9302.T,"MITSUI-SOKO HOLDINGS Co.,Ltd.",Warehousing and Harbor Transportation Service,0.1,0.12903225806451613,0.7419354838709677,0.5806451612903226,0.5161290322580645,0.9354838709677419,1.0
2689,2689.T,"OLBA HEALTHCARE HOLDINGS,Inc.",Wholesale Trade,0.38022813688212925,0.7290836653386454,0.6439393939393939,0.45075757575757575,0.49242424242424243,0.20833333333333334,1.0
2340,2340.T,"GOKURAKUYU HOLDINGS CO.,LTD.",Services,0.5,0.37595907928388744,0.17194570135746606,0.6964285714285714,0.8815489749430524,0.3549107142857143,0.0
3556,3556.T,"RenetJapanGroup,Inc.",Retail Trade,0.02040816326530612,0.5405405405405406,0.8716216216216216,0.7364864864864865,0.04067796610169494,0.6114864864864865,1.0
3970,3970.T,Innovation Inc.,Information & Communication,0.9778225806451613,0.5061124694376528,0.25661914460285135,0.09218436873747494,0.266260162601626,0.0781563126252505,1.0
1438,1438.T,"Gifu landscape architect Co.,Ltd.",Construction,0.3208955223880597,0.37593984962406013,0.9402985074626866,0.48880597014925375,0.5488721804511278,0.014925373134328358,1.0
1981,1981.T,"KYOWANISSEI CO.,LTD.",Construction,0.7686567164179104,0.5338345864661654,0.3358208955223881,0.7686567164179104,0.6015037593984962,0.1417910447761194,1.0
5233,5233.T,TAIHEIYO CEMENT CORPORATION,Glass and Ceramics Products,0.6363636363636364,0.7560975609756098,0.4318181818181818,0.6363636363636364,0.7272727272727273,0.8863636363636364,1.0
4527,4527.T,"ROHTO PHARMACEUTICAL CO.,LTD.",Pharmaceutical,0.30434782608695654,0.5185185185185185,0.9,0.46808510638297873,0.5531914893617021,0.9148936170212766,1.0
9265,9265.T,"YAMASHITA HEALTH CARE HOLDINGS,INC.",Wholesale Trade,0.5285171102661597,0.545816733067729,0.7613636363636364,0.45075757575757575,0.3977272727272727,0.23863636363636365,1.0
3933,3933.T,"CHIeru Co.,Ltd.",Information & Communication,0.8145161290322581,0.8801955990220048,0.32790224032586557,0.02905811623246493,0.05284552845528456,0.2685370741482966,1.0
5575,5575.T,Globee Inc.,Information & Communication,0.16129032258064516,0.6674816625916871,0.43380855397148677,0.4909819639278557,0.6869918699186992,0.280561122244489,1.0
3353,3353.T,"Medical Ikkou Group Co.,Ltd.",Retail Trade,0.8503401360544217,0.8996138996138996,0.02027027027027027,0.7364864864864865,0.22372881355932206,0.27702702702702703,1.0
9842,9842.T,ARCLANDS CORPORATION,Retail Trade,0.7142857142857143,0.5714285714285714,0.2702702702702703,0.7364864864864865,0.6169491525423729,0.7668918918918919,1.0
3694,3694.T,OPTiM CORPORATION,Information & Communication,0.2661290322580645,0.30073349633251834,0.6680244399185336,0.4909819639278557,0.8130081300813008,0.6472945891783567,1.0
3042,3042.T,SecuAvail Inc.,Information & Communication,0.4637096774193548,0.07334963325183375,0.28716904276985744,0.09218436873747494,0.1260162601626016,0.3066132264529058,1.0
1431,1431.T,"Lib Work Co.,Ltd.",Construction,0.022388059701492536,0.06766917293233082,0.9701492537313433,0.9514925373134329,0.924812030075188,0.15671641791044777,1.0
5590,5590.T,"NETSTARS Co.,Ltd.",Information & Communication,0.5786290322580645,0.2176039119804401,0.020366598778004074,0.7615230460921844,0.6747967479674797,0.7374749498997996,1.0
8283,8283.T,PALTAC CORPORATION,Wholesale Trade,0.22813688212927757,0.22709163346613545,0.2159090909090909,0.7329545454545454,0.38636363636363635,0.9696969696969697,1.0
8016,8016.T,"ONWARD HOLDINGS CO.,LTD.",Textiles and Apparels,0.1951219512195122,0.6571428571428571,0.975609756097561,0.5121951219512195,0.17500000000000004,0.8292682926829268,1.0
9603,9603.T,"H.I.S.Co.,Ltd.",Services,0.6487695749440716,0.5217391304347826,0.3733031674208145,0.6964285714285714,0.5899772209567198,0.9375,1.0
5660,5660.T,"KOBELCO WIRE COMPANY,LTD.",Iron and Steel,0.6,0.45454545454545453,0.42857142857142855,0.9,0.2647058823529411,0.2571428571428571,1.0
7122,7122.T,"THE KINKI SHARYO CO.,LTD.",Transportation Equipment,0.6666666666666666,0.3793103448275862,0.06060606060606061,0.06818181818181818,0.015873015873015928,0.2878787878787879,1.0
3059,3059.T,"HIRAKI CO.,LTD.",Retail Trade,0.9183673469387755,0.5,0.20945945945945946,0.21621621621621623,0.7389830508474576,0.14189189189189189,0.0
3097,3097.T,The Monogatari Corporation,Retail Trade,0.09183673469387756,0.2277992277992278,0.8682432432432432,0.4814189189189189,0.8508474576271187,0.8783783783783784,1.0
3160,3160.T,"OOMITSU CO.,LTD.",Wholesale Trade,0.2585551330798479,0.29880478087649404,0.9166666666666666,0.022727272727272728,0.23863636363636365,0.3068181818181818,1.0
5580,5580.T,"Prodelight Co.,Ltd.",Information & Communication,0.33669354838709675,0.4254278728606357,0.924643584521385,0.02905811623246493,0.020325203252032575,0.08617234468937876,1.0
4492,4492.T,GENETEC CORPORATION,Information & Communication,0.5987903225806451,0.9242053789731052,0.6435845213849287,0.09218436873747494,0.20731707317073167,0.2545090180360721,1.0
4031,4031.T,Katakura & Co-op Agri Corporation,Chemicals,0.8864864864864865,0.1411764705882353,0.13513513513513514,0.13783783783783785,0.17486338797814205,0.6810810810810811,1.0
6699,6699.T,"DIAMOND ELECTRIC HOLDINGS Co.,Ltd.",Electric Appliances,0.9417989417989417,0.5,0.3473684210526316,0.42105263157894735,0.8783068783068784,0.4263157894736842,0.0
9380,9380.T,"Azuma Shipping Co.,Ltd.",Warehousing and Harbor Transportation Service,0.6,0.22580645161290322,0.4838709677419355,0.3064516129032258,0.967741935483871,0.41935483870967744,1.0
5232,5232.T,"Sumitomo Osaka Cement Co.,Ltd.",Glass and Ceramics Products,0.5,0.2926829268292683,0.29545454545454547,0.125,0.7954545454545454,0.7954545454545454,1.0
7972,7972.T,ITOKI CORPORATION,Other Products,0.14285714285714285,0.44047619047619047,0.8571428571428571,0.42857142857142855,0.3163265306122449,0.8469387755102041,1.0
3944,3944.T,"Furubayashi Shiko Co.,Ltd.",Pulp and Paper,0.9583333333333334,0.7272727272727273,0.5,0.6041666666666666,0.5833333333333333,0.041666666666666664,1.0
5079,5079.T,"NOVAC CO.,LTD.",Construction,0.7910447761194029,0.18045112781954886,0.16417910447761194,0.7686567164179104,0.9699248120300752,0.26865671641791045,1.0
9127,9127.T,"TAMAI STEAMSHIP CO.,LTD",Marine Transportation,0.8181818181818182,0.9090909090909091,0.5,0.36363636363636365,0.0,0.2727272727272727,1.0
9869,9869.T,"KATO SANGYO CO.,LTD.",Wholesale Trade,0.38783269961977185,0.43824701195219123,0.21212121212121213,0.45075757575757575,0.28409090909090906,0.7765151515151515,1.0
2267,2267.T,"YAKULT HONSHA CO.,LTD.",Foods,0.411214953271028,0.59,0.6728971962616822,0.37383177570093457,0.6448598130841121,1.0,1.0
7545,7545.T,"NISHIMATSUYA CHAIN Co.,Ltd.",Retail Trade,0.5850340136054422,0.4555984555984556,0.23986486486486486,0.21621621621621623,0.423728813559322,0.8040540540540541,1.0
3968,3968.T,"Segue Group Co.,Ltd.",Information & Communication,0.11088709677419355,0.3960880195599022,0.36863543788187375,0.24048096192384769,0.0060975609756097615,0.7775551102204409,1.0
3625,3625.T,Techfirm Holdings Inc.,Information & Communication,0.5967741935483871,0.882640586797066,0.6272912423625254,0.4909819639278557,0.1382113821138211,0.22044088176352705,1.0
6538,6538.T,Disruptors Inc.,Services,0.36017897091722595,0.35038363171355497,0.8733031674208145,0.9084821428571429,0.7676537585421412,0.3950892857142857,1.0
7683,7683.T,"WA,Inc.",Retail Trade,0.24489795918367346,0.13127413127413126,0.8445945945945946,0.4814189189189189,0.4067796610169492,0.44594594594594594,1.0
7698,7698.T,Iceco Inc.,Wholesale Trade,0.049429657794676805,0.1752988047808765,0.9356060606060606,0.7329545454545454,0.30681818181818177,0.2803030303030303,1.0
3138,3138.T,"Fujisan Magazine Service Co.,Ltd.",Retail Trade,0.47278911564625853,0.14285714285714285,0.09797297297297297,0.7364864864864865,0.7084745762711864,0.125,1.0
8111,8111.T,Goldwin Inc.,Textiles and Apparels,0.3170731707317073,1.0,0.8292682926829268,0.2926829268292683,0.275,0.9024390243902439,1.0
1870,1870.T,"YAHAGI CONSTRUCTION CO.,LTD.",Construction,0.5074626865671642,0.45112781954887216,0.39552238805970147,0.10820895522388059,0.015037593984962405,0.6119402985074627,1.0
7936,7936.T,ASICS Corporation,Other Products,0.01020408163265306,0.08333333333333333,0.9693877551020408,0.7040816326530612,0.5714285714285714,0.9897959183673469,1.0
9760,9760.T,"SHINGAKUKAI HOLDINGS CO.,LTD.",Services,1.0,0.5,0.0022624434389140274,0.4419642857142857,0.8154897494305239,0.16964285714285715,0.0
9256,9256.T,"Succeed co.,ltd.",Services,0.0894854586129754,0.09207161125319693,0.19909502262443438,0.6964285714285714,0.2892938496583144,0.5892857142857143,1.0
3892,3892.T,"Okayama Paper Industries Co.,Ltd.",Pulp and Paper,0.2916666666666667,0.36363636363636365,0.7083333333333334,0.16666666666666666,0.0,0.4166666666666667,1.0
3645,3645.T,"Medical Net,Inc.",Information & Communication,0.6935483870967742,0.5,0.6802443991853361,0.02905811623246493,0.31707317073170727,0.2605210420841683,1.0
8119,8119.T,SANYEI CORPORATION,Wholesale Trade,0.8288973384030418,0.8366533864541833,0.8598484848484849,0.7329545454545454,0.9772727272727273,0.13257575757575757,1.0
1515,1515.T,"Nittetsu Mining Co.,Ltd.",Mining,1.0,1.0,0.5,0.625,0.25,0.75,1.0
8291,8291.T,"NISSAN TOKYO SALES HOLDINGS CO.,LTD.",Retail Trade,0.8979591836734694,0.9459459459459459,0.19932432432432431,0.05912162162162162,0.18644067796610164,0.5540540540540541,1.0
8101,8101.T,GSI Creos Corporation,Wholesale Trade,0.45627376425855515,0.4820717131474104,0.39015151515151514,0.928030303030303,0.5075757575757576,0.5833333333333334,1.0
3675,3675.T,Cross Marketing Group Inc.,Information & Communication,0.6854838709677419,0.8948655256723717,0.8676171079429735,0.9448897795591182,0.5752032520325203,0.39478957915831664,1.0
4016,4016.T,"MIT Holdings CO.,LTD.",Information & Communication,0.3245967741935484,0.3276283618581907,0.7393075356415478,0.7615230460921844,0.8252032520325203,0.0841683366733467,1.0
4388,4388.T,"AI,Inc.",Information & Communication,0.842741935483871,0.2885085574572127,0.20977596741344195,0.4909819639278557,0.30284552845528456,0.13226452905811623,1.0
7522,7522.T,"WATAMI CO.,LTD.",Retail Trade,0.5068027210884354,0.752895752895753,0.5878378378378378,0.4814189189189189,0.6440677966101696,0.5675675675675675,1.0
1827,1827.T,NAKANO CORPORATION,Construction,0.5895522388059702,0.39849624060150374,0.3805970149253731,0.48880597014925375,0.17293233082706772,0.3358208955223881,1.0
8897,8897.T,"MIRARTH HOLDINGS,Inc.",Real Estate,0.8048780487804879,0.7372881355932204,0.3252032520325203,0.3983739837398374,0.5819672131147541,0.7804878048780488,1.0
4447,4447.T,"PBsystems,Inc.",Information & Communication,0.38306451612903225,0.15892420537897312,0.5132382892057027,0.7615230460921844,0.6382113821138211,0.09418837675350701,1.0
5134,5134.T,"POPER Co.,Ltd.",Information & Communication,0.3971774193548387,0.5647921760391198,0.945010183299389,0.9448897795591182,0.7439024390243902,0.3967935871743487,1.0
6194,6194.T,"Atrae,Inc.",Services,0.17225950782997762,0.5294117647058824,0.9570135746606335,0.4419642857142857,0.8747152619589977,0.6852678571428571,1.0
4308,4308.T,J-Stream Inc.,Information & Communication,0.9213709677419355,0.5452322738386308,0.42769857433808556,0.4909819639278557,0.8699186991869918,0.30861723446893785,1.0
7581,7581.T,"SAIZERIYA CO.,LTD.",Retail Trade,0.2789115646258503,0.28185328185328185,0.6317567567567568,0.4814189189189189,0.840677966101695,0.9459459459459459,1.0
2307,2307.T,"CROSS CAT CO.,LTD.",Information & Communication,0.38911290322580644,0.8166259168704156,0.4745417515274949,0.24048096192384769,0.07520325203252032,0.45691382765531063,1.0
3067,3067.T,"TOKYO ICHIBAN FOODS CO.,LTD.",Retail Trade,0.24149659863945577,0.5,0.7027027027027027,0.21621621621621623,0.6067796610169491,0.15878378378378377,0.0
3231,3231.T,"Nomura Real Estate Holdings,Inc.",Real Estate,0.5121951219512195,0.4322033898305085,0.22764227642276422,0.07317073170731707,0.3278688524590164,0.943089430894309,1.0
8242,8242.T,H2O RETAILING CORPORATION,Retail Trade,0.6632653061224489,0.8687258687258688,0.10810810810810811,0.4814189189189189,0.29491525423728815,0.8952702702702703,1.0
2736,2736.T,"Festaria Holdings Co.,Ltd.",Retail Trade,0.4931972789115646,0.6177606177606177,0.6959459459459459,0.9273648648648649,0.4847457627118644,0.0472972972972973,1.0
3172,3172.T,"Tea Life Co.,Ltd.",Retail Trade,0.7585034013605442,0.7181467181467182,0.32094594594594594,0.7364864864864865,0.288135593220339,0.09121621621621621,1.0
8014,8014.T,"CHORI CO.,LTD.",Wholesale Trade,0.35361216730038025,0.7529880478087649,0.6325757575757576,0.45075757575757575,0.20833333333333337,0.6856060606060606,1.0
6955,6955.T,FDK CORPORATION,Electric Appliances,0.5,0.275,0.6210526315789474,0.6973684210526315,0.8306878306878307,0.2894736842105263,0.0
4570,4570.T,"Immuno-Biological Laboratories Co.,Ltd.",Pharmaceutical,0.06521739130434782,0.14814814814814814,0.85,0.8617021276595744,0.1063829787234043,0.48936170212765956,1.0
3452,3452.T,B-Lot Company Limited,Real Estate,0.3983739837398374,0.8983050847457628,0.3821138211382114,0.07317073170731707,0.08196721311475408,0.5853658536585366,1.0
7247,7247.T,MIKUNI CORPORATION,Transportation Equipment,0.8787878787878788,0.9310344827586207,0.45454545454545453,0.4318181818181818,0.1428571428571429,0.3787878787878788,1.0
7513,7513.T,"Kojima Co.,Ltd.",Retail Trade,0.46598639455782315,0.3127413127413127,0.5168918918918919,0.4814189189189189,0.2067796610169491,0.6925675675675675,1.0
7682,7682.T,"HAMAYUU CO.,LTD.",Retail Trade,0.05782312925170068,0.04247104247104247,0.793918918918919,0.21621621621621623,0.728813559322034,0.19256756756756757,1.0
1758,1758.T,"Taiyo Kisokogyo Co.,Ltd.",Construction,0.917910447761194,0.7218045112781954,0.2835820895522388,0.48880597014925375,0.7894736842105263,0.11194029850746269,1.0
3911,3911.T,Aiming Inc.,Information & Communication,0.7681451612903226,0.9388753056234719,0.9816700610997964,0.7615230460921844,0.9878048780487805,0.5410821643286573,1.0
9830,9830.T,TRUSCO NAKAYAMA CORPORATION,Wholesale Trade,0.6007604562737643,0.7051792828685259,0.44696969696969696,0.07196969696969698,0.24242424242424243,0.8257575757575758,1.0
8230,8230.T,"HASEGAWA CO.,LTD.",Retail Trade,0.9285714285714286,0.9266409266409267,0.5405405405405406,0.05912162162162162,0.09830508474576272,0.07432432432432433,1.0
9310,9310.T,Japan Transcity Corporation,Warehousing and Harbor Transportation Service,0.4666666666666667,0.7096774193548387,0.41935483870967744,0.5806451612903226,0.9032258064516129,0.7419354838709677,1.0
1964,1964.T,"Chugai Ro Co.,Ltd.",Construction,0.5522388059701493,0.7368421052631579,0.5074626865671642,0.48880597014925375,0.045112781954887216,0.5074626865671642,1.0
8871,8871.T,"GOLDCREST Co.,Ltd.",Real Estate,0.6504065040650406,0.1440677966101695,0.10569105691056911,0.3983739837398374,0.4098360655737705,0.5934959349593496,1.0
9974,9974.T,"Belc CO.,LTD.",Retail Trade,0.6292517006802721,0.7760617760617761,0.40878378378378377,0.21621621621621623,0.576271186440678,0.6824324324324325,1.0
1376,1376.T,"KANEKO SEEDS CO.,LTD.","Fishery, Agriculture and Forestry",0.9090909090909091,0.6363636363636364,0.09090909090909091,0.5909090909090909,0.09090909090909094,0.36363636363636365,1.0
1433,1433.T,"BESTERRA CO.,LTD",Construction,0.21641791044776118,0.5639097744360902,0.8880597014925373,0.9514925373134329,0.9323308270676691,0.417910447761194,1.0
9279,9279.T,GIFT HOLDINGS INC.,Retail Trade,0.027210884353741496,0.1583011583011583,0.8648648648648649,0.21621621621621623,0.9152542372881356,0.8648648648648649,1.0
5464,5464.T,MORY INDUSTRIES INC.,Iron and Steel,0.4,0.5454545454545454,0.7142857142857143,0.15714285714285714,0.20588235294117652,0.3142857142857143,1.0
7435,7435.T,"NADEX CO.,LTD.",Wholesale Trade,0.8669201520912547,0.3745019920318725,0.48863636363636365,0.45075757575757575,0.8409090909090909,0.5075757575757576,1.0
9835,9835.T,"JUNTENDO CO.,LTD.",Retail Trade,0.9727891156462585,0.5,0.14527027027027026,0.05912162162162162,0.6576271186440679,0.02027027027027027,1.0
4664,4664.T,JAPAN RELIANCE SERVICE CORPORATION,Services,0.6442953020134228,0.5089514066496164,0.45475113122171945,0.4419642857142857,0.09339407744874717,0.7767857142857143,1.0
8919,8919.T,"KATITAS CO.,LTD",Real Estate,0.032520325203252036,0.09322033898305085,0.926829268292683,0.6341463414634146,0.25409836065573765,0.8861788617886179,1.0
7943,7943.T,NICHIHA CORPORATION,Glass and Ceramics Products,0.6136363636363636,0.3170731707317073,0.8863636363636364,0.3409090909090909,0.5909090909090908,0.6136363636363636,1.0
7709,7709.T,KUBOTEK CORPORATION,Precision Instruments,0.9736842105263158,0.5,0.8421052631578947,0.2894736842105263,0.3157894736842105,0.18421052631578946,0.0
7375,7375.T,"REFINVERSE Group,Inc.",Services,0.0044742729306487695,0.12531969309462915,0.4796380090497738,0.6964285714285714,0.8633257403189066,0.984375,1.0
6554,6554.T,"SUS Co.,Ltd.",Services,0.3378076062639821,0.7442455242966752,0.7647058823529411,0.6964285714285714,0.46924829157175396,0.41517857142857145,1.0
3157,3157.T,GEOLIVE Group Corporation,Wholesale Trade,0.5779467680608364,0.6374501992031872,0.5833333333333334,0.19507575757575757,0.5151515151515151,0.23484848484848486,1.0
7885,7885.T,"TAKANO Co.,Ltd.",Other Products,0.6836734693877551,0.10714285714285714,0.12244897959183673,0.42857142857142855,0.36734693877551017,0.6530612244897959,1.0
3300,3300.T,"AMBITION DX HOLDINGS Co.,Ltd.",Real Estate,0.21951219512195122,0.7711864406779662,0.8048780487804879,0.2073170731707317,0.3770491803278688,0.4715447154471545,1.0
7515,7515.T,Maruyoshi Center Inc.,Retail Trade,0.5578231292517006,0.2471042471042471,0.581081081081081,0.7364864864864865,0.9661016949152542,0.02364864864864865,1.0
8095,8095.T,"Astena Holdings Co.,Ltd.",Wholesale Trade,0.688212927756654,0.7211155378486056,0.6590909090909091,0.45075757575757575,0.6477272727272727,0.5,1.0
3566,3566.T,"UNIFORM NEXT CO.,LTD.",Retail Trade,0.24829931972789115,0.42084942084942084,0.5472972972972973,0.4814189189189189,0.03050847457627115,0.21283783783783783,1.0
3482,3482.T,Loadstar Capital K.K.,Real Estate,0.34146341463414637,0.8135593220338984,0.37398373983739835,0.6341463414634146,0.28688524590163933,0.7967479674796748,1.0
7624,7624.T,"Naito & Co.,Ltd.",Wholesale Trade,0.8174904942965779,0.10756972111553785,0.6931818181818182,0.19507575757575757,0.5643939393939394,0.125,1.0
9856,9856.T,"KU HOLDINGS CO.,LTD.",Retail Trade,0.9081632653061225,0.9305019305019305,0.12162162162162163,0.21621621621621623,0.2915254237288135,0.5202702702702703,1.0
1873,1873.T,"NIHON HOUSE HOLDINGS CO.,LTD.",Construction,0.8880597014925373,0.7969924812030075,0.9477611940298507,0.9514925373134329,0.849624060150376,0.291044776119403,1.0
3537,3537.T,"SHOEI YAKUHIN CO.,LTD.",Wholesale Trade,0.7642585551330798,0.5657370517928287,0.07954545454545454,0.45075757575757575,0.16287878787878785,0.12878787878787878,1.0
5011,5011.T,"NICHIREKI GROUP CO.,LTD.",Oil and Coal Products,0.625,0.42857142857142855,0.625,0.25,0.125,0.5,1.0
8022,8022.T,Mizuno Corporation,Other Products,0.19387755102040816,0.35714285714285715,0.8163265306122449,0.42857142857142855,0.11224489795918369,0.8571428571428571,1.0
9130,9130.T,"KYOEI TANKER CO.,LTD.",Marine Transportation,1.0,1.0,0.5,0.36363636363636365,0.2727272727272727,0.7272727272727273,1.0
6050,6050.T,E-Guardian Inc.,Services,0.4608501118568233,0.36061381074168797,0.25565610859728505,0.4419642857142857,0.23462414578587698,0.5223214285714286,1.0
9828,9828.T,Genki Global Dining Concepts Corporation,Retail Trade,0.1836734693877551,0.7953667953667953,0.902027027027027,0.9273648648648649,0.6915254237288135,0.6891891891891891,1.0
3151,3151.T,"VITAL KSK HOLDINGS,INC.",Wholesale Trade,0.6996197718631179,0.5776892430278885,0.1856060606060606,0.19507575757575757,0.11363636363636365,0.7083333333333334,1.0
9369,9369.T,K.R.S.Corporation,Warehousing and Harbor Transportation Service,0.2,0.03225806451612903,0.3870967741935484,0.11290322580645161,0.7419354838709677,0.8709677419354839,1.0
7520,7520.T,"Eco's Co.,Ltd.",Retail Trade,0.717687074829932,0.8185328185328186,0.6047297297297297,0.7364864864864865,0.6271186440677966,0.5304054054054054,1.0
5955,5955.T,"WISE HOLDINGS CO.,LTD.",Metal Products,0.24390243902439024,0.08695652173913043,0.3170731707317073,0.4695121951219512,0.6951219512195121,0.7682926829268293,1.0
3908,3908.T,Collabos Corporation,Information & Communication,0.8004032258064516,0.823960880195599,0.5254582484725051,0.7615230460921844,0.5772357723577235,0.33867735470941884,1.0
3457,3457.T,"&Do Holdings Co.,Ltd.",Real Estate,0.5284552845528455,0.6186440677966102,0.6910569105691057,0.8089430894308943,0.8934426229508197,0.4878048780487805,1.0
3375,3375.T,ZOA CORPORATION,Retail Trade,0.7653061224489796,0.9111969111969112,0.30067567567567566,0.9273648648648649,0.8440677966101695,0.0033783783783783786,1.0
8138,8138.T,SANKYO KASEI CORPORATION,Wholesale Trade,0.9049429657794676,0.9163346613545816,0.18181818181818182,0.19507575757575757,0.0492424242424242,0.06818181818181818,1.0
2292,2292.T,S Foods Inc.,Foods,0.8878504672897196,0.82,0.1588785046728972,0.17757009345794392,0.2710280373831776,0.719626168224299,1.0
8877,8877.T,ESLEAD CORPORATION,Real Estate,0.5609756097560976,0.635593220338983,0.25203252032520324,0.07317073170731707,0.024590163934426257,0.7154471544715447,1.0
7532,7532.T,Pan Pacific International Holdings Corporation,Retail Trade,0.11224489795918367,0.24324324324324326,0.3277027027027027,0.9273648648648649,0.4576271186440678,0.9864864864864865,1.0
3662,3662.T,"Ateam Holdings Co.,Ltd.",Information & Communication,0.45564516129032256,0.39119804400978,0.9979633401221996,0.7615230460921844,0.5731707317073171,0.6092184368737475,1.0
7792,7792.T,"Colan Totte.Co.,Ltd.",Other Products,0.1326530612244898,0.6904761904761905,0.9591836734693877,0.42857142857142855,0.05102040816326525,0.35714285714285715,1.0
9946,9946.T,"MINISTOP CO.,LTD.",Retail Trade,0.336734693877551,0.5,0.4594594594594595,0.4814189189189189,0.9389830508474576,0.6283783783783784,0.0
7222,7222.T,"NISSAN SHATAI CO.,LTD.",Transportation Equipment,0.36363636363636365,0.05172413793103448,0.015151515151515152,0.6818181818181818,0.3492063492063492,0.45454545454545453,1.0
4054,4054.T,"Japan PropTech Co.,Ltd.",Information & Communication,0.48185483870967744,0.7506112469437652,0.8329938900203666,0.9448897795591182,0.5386178861788617,0.3306613226452906,1.0
3490,3490.T,"Azplanning Co.,Ltd.",Real Estate,0.5203252032520326,0.3050847457627119,0.42276422764227645,0.2073170731707317,0.48360655737704916,0.16260162601626016,1.0
7480,7480.T,SUZUDEN CORPORATION,Wholesale Trade,0.1634980988593156,0.26294820717131473,0.6174242424242424,0.19507575757575757,0.9166666666666666,0.5113636363636364,1.0
9278,9278.T,BOOKOFF GROUP HOLDINGS LIMITED,Retail Trade,0.40816326530612246,0.525096525096525,0.9155405405405406,0.7364864864864865,0.34576271186440677,0.6790540540540541,1.0
4019,4019.T,"Stmn,Inc.",Information & Communication,0.21370967741935484,0.22982885085574573,0.9918533604887984,0.7615230460921844,0.03861788617886175,0.4589178356713427,1.0
4382,4382.T,"HEROZ,Inc.",Information & Communication,0.43548387096774194,0.5,0.395112016293279,0.4909819639278557,0.7459349593495934,0.48897795591182364,0.0
3496,3496.T,"AZOOM CO.,LTD",Real Estate,0.016260162601626018,0.1016949152542373,0.991869918699187,0.6341463414634146,0.7049180327868853,0.8048780487804879,1.0
3690,3690.T,YRGLM Inc.,Information & Communication,0.4576612903225806,0.5,0.9226069246435845,0.24048096192384769,0.983739837398374,0.11823647294589178,1.0
4445,4445.T,Living Technologies Inc.,Information & Communication,0.7782258064516129,0.9486552567237164,0.5,0.9448897795591182,0.6056910569105691,0.1843687374749499,1.0
8070,8070.T,"TOKYO SANGYO CO.,LTD.",Wholesale Trade,0.41064638783269963,0.6573705179282868,0.06060606060606061,0.928030303030303,0.7916666666666666,0.6022727272727273,1.0
7057,7057.T,"New Constructor's Network Co.,Ltd.",Services,0.668903803131991,0.659846547314578,0.47058823529411764,0.9084821428571429,0.8177676537585421,0.0625,1.0
9562,9562.T,Business Coach Inc.,Services,0.8008948545861297,0.9744245524296675,0.9841628959276018,0.6964285714285714,0.08656036446469251,0.25669642857142855,1.0
6533,6533.T,Orchestra Holdings Inc.,Services,0.4742729306487696,0.5,0.9638009049773756,0.0234375,0.5,0.48660714285714285,1.0
8123,8123.T,"T.KAWABE & CO.,LTD.",Wholesale Trade,0.9505703422053232,0.8844621513944223,0.8560606060606061,0.45075757575757575,0.41666666666666663,0.06439393939393939,1.0
7042,7042.T,"ACCESS GROUP HOLDINGS CO.,LTD.",Services,0.4429530201342282,0.7161125319693095,0.8597285067873304,0.9084821428571429,0.27334851936218674,0.060267857142857144,1.0
9115,9115.T,"Meiji Shipping Group Co.,Ltd.",Marine Transportation,0.9090909090909091,0.5454545454545454,0.1111111111111111,0.36363636363636365,0.9090909090909091,0.6363636363636364,1.0
3199,3199.T,"Watahan & Co.,Ltd.",Retail Trade,0.6224489795918368,0.6447876447876448,0.18243243243243243,0.21621621621621623,0.06101694915254241,0.4594594594594595,1.0
3161,3161.T,AZEARTH Corporation,Wholesale Trade,0.8098859315589354,0.18725099601593626,0.3409090909090909,0.45075757575757575,0.7462121212121212,0.3484848484848485,1.0
5986,5986.T,"MOLITEC STEEL CO.,LTD.",Metal Products,0.7926829268292683,0.37681159420289856,0.32926829268292684,0.4695121951219512,0.060975609756097615,0.4268292682926829,1.0
2055,2055.T,"NICHIWA SANGYO CO.,LTD.",Foods,0.9719626168224299,0.4,0.08411214953271028,0.6728971962616822,0.8411214953271028,0.19626168224299065,1.0
4932,4932.T,"ALMADO,INC.",Chemicals,0.15675675675675677,0.8058823529411765,1.0,0.008108108108108109,0.0,0.22702702702702704,1.0
7370,7370.T,"Enjin Co.,Ltd.",Services,0.7002237136465325,0.7544757033248082,0.5904977375565611,0.4419642857142857,0.5239179954441913,0.32142857142857145,1.0
5603,5603.T,KOGI CORPORATION,Iron and Steel,0.9142857142857143,0.8787878787878788,0.37142857142857144,0.9,0.9117647058823529,0.4,1.0
7944,7944.T,Roland Corporation,Other Products,0.10204081632653061,0.03571428571428571,0.8877551020408163,0.22448979591836735,0.9387755102040817,0.7857142857142857,1.0
2337,2337.T,Ichigo Inc.,Real Estate,0.3170731707317073,0.4406779661016949,0.13821138211382114,0.3983739837398374,0.2786885245901639,0.8536585365853658,1.0
3030,3030.T,"HUB CO.,LTD.",Retail Trade,0.1360544217687075,0.3861003861003861,0.9290540540540541,0.7364864864864865,0.6372881355932203,0.46283783783783783,1.0
2930,2930.T,Kitanotatsujin Corporation,Chemicals,0.13513513513513514,0.21176470588235294,0.9783783783783784,0.13783783783783785,0.26775956284153,0.3567567567567568,1.0
9245,9245.T,Livero Inc.,Services,0.09843400447427293,0.2813299232736573,0.5542986425339367,0.4419642857142857,0.765375854214123,0.25223214285714285,1.0
4241,4241.T,atect corporation,Chemicals,0.1837837837837838,0.03529411764705882,0.7513513513513513,0.8810810810810811,0.360655737704918,0.2702702702702703,1.0
7814,7814.T,"JAPAN Creative Platform Group Co.,Ltd.",Other Products,0.25510204081632654,0.9404761904761905,0.6224489795918368,0.42857142857142855,0.15306122448979587,0.46938775510204084,1.0
3895,3895.T,HAVIX CORPORATION,Pulp and Paper,0.7916666666666666,0.9090909090909091,0.875,0.6041666666666666,0.04166666666666663,0.125,1.0
8273,8273.T,"IZUMI CO.,LTD.",Retail Trade,0.8673469387755102,0.7065637065637066,0.14864864864864866,0.7364864864864865,0.8,0.8581081081081081,1.0
7827,7827.T,ORVIS CORPORATION,Other Products,0.7448979591836735,0.8809523809523809,0.2755102040816326,0.7040816326530612,0.5816326530612245,0.2857142857142857,1.0
3093,3093.T,"Treasure Factory Co.,LTD.",Retail Trade,0.15306122448979592,0.6254826254826255,0.8851351351351351,0.4814189189189189,0.2406779661016949,0.706081081081081,1.0
3284,3284.T,"Hoosiers Holdings Co.,Ltd.",Real Estate,0.6666666666666666,0.7203389830508474,0.35772357723577236,0.2073170731707317,0.2295081967213115,0.7073170731707317,1.0
9987,9987.T,"SUZUKEN CO.,LTD.",Wholesale Trade,0.4714828897338403,0.5418326693227091,0.1893939393939394,0.45075757575757575,0.045454545454545414,0.9545454545454546,1.0
7516,7516.T,"KOHNAN SHOJI CO.,LTD.",Retail Trade,0.8095238095238095,0.8108108108108109,0.23648648648648649,0.21621621621621623,0.4101694915254237,0.7905405405405406,1.0
2654,2654.T,ASMO CORPORATION,Retail Trade,0.7482993197278912,0.15444015444015444,0.22972972972972974,0.21621621621621623,0.15932203389830513,0.05405405405405406,1.0
4849,4849.T,en Inc.,Services,0.727069351230425,0.9232736572890026,0.9343891402714932,0.4419642857142857,0.32801822323462415,0.8616071428571429,1.0
1850,1850.T,"Nankai Tatsumura Construction Co.,Ltd.",Construction,0.8283582089552238,0.8872180451127819,0.26119402985074625,0.10820895522388059,0.0,0.2835820895522388,1.0
3501,3501.T,"SUMINOE Co.,Ltd.",Textiles and Apparels,0.8536585365853658,0.6,0.6585365853658537,0.2926829268292683,0.4,0.5609756097560976,1.0
7975,7975.T,"LIHIT LAB.,INC.",Other Products,0.8775510204081632,0.047619047619047616,0.40816326530612246,0.22448979591836735,0.326530612244898,0.10204081632653061,1.0
7414,7414.T,"ONOKEN CO.,LTD.",Wholesale Trade,0.9543726235741445,0.8685258964143426,0.10984848484848485,0.45075757575757575,0.48484848484848486,0.5795454545454546,1.0
8147,8147.T,TOMITA CO.LTD.,Wholesale Trade,0.8365019011406845,0.7609561752988048,0.3712121212121212,0.7329545454545454,0.2727272727272727,0.19318181818181818,1.0
7128,7128.T,UNISOL Holdings Corporation,Wholesale Trade,0.7338403041825095,0.13545816733067728,0.4810606060606061,0.7329545454545454,0.7159090909090908,0.6325757575757576,1.0
9227,9227.T,"Microwave Chemical Co.,Ltd.",Services,0.0447427293064877,0.023017902813299233,0.6809954751131222,0.08035714285714286,0.018223234624145768,0.9397321428571429,1.0
7636,7636.T,"HANDSMAN CO.,LTD",Retail Trade,0.8707482993197279,0.7297297297297297,0.27702702702702703,0.9273648648648649,0.4915254237288136,0.1554054054054054,1.0
5036,5036.T,"Japan Business Systems,Inc.",Information & Communication,0.2399193548387097,0.5403422982885085,0.17922606924643583,0.4909819639278557,0.06707317073170727,0.811623246492986,1.0
9041,9041.T,"Kintetsu Group Holdings Co.,Ltd.",Land Transportation,0.35185185185185186,0.5283018867924528,0.5,0.8611111111111112,0.2222222222222222,0.8888888888888888,1.0
3475,3475.T,"Good Com Asset Co.,Ltd.",Real Estate,0.13008130081300814,0.13559322033898305,0.5609756097560976,0.07317073170731707,0.4016393442622951,0.7723577235772358,1.0
5283,5283.T,"TAKAMISAWA CO.,LTD.",Wholesale Trade,0.935361216730038,0.8167330677290837,0.7689393939393939,0.7329545454545454,0.9242424242424242,0.14393939393939395,1.0
3382,3382.T,"Seven & i Holdings Co.,Ltd.",Retail Trade,0.5782312925170068,0.583011583011583,0.17567567567567569,0.9273648648648649,0.5389830508474576,0.9966216216216216,1.0
2750,2750.T,"S.ISHIMITSU&CO.,LTD.",Wholesale Trade,0.7034220532319392,0.6215139442231076,0.4356060606060606,0.022727272727272728,0.08333333333333337,0.39015151515151514,1.0
6625,6625.T,JALCO Holdings Inc.,Real Estate,0.2032520325203252,0.11016949152542373,0.04065040650406504,0.2073170731707317,0.540983606557377,0.6504065040650406,1.0
4051,4051.T,"GMO Financial Gate,Inc.",Information & Communication,0.034274193548387094,0.15158924205378974,0.7087576374745418,0.24048096192384769,0.5,0.7935871743486974,1.0
5461,5461.T,"Chubu Steel Plate Co.,Ltd.",Iron and Steel,0.34285714285714286,0.06060606060606061,0.17142857142857143,0.37142857142857144,0.9705882352941176,0.7142857142857143,1.0
4707,4707.T,KITAC CORPORATION,Services,0.970917225950783,0.8337595907928389,0.11085972850678733,0.21316964285714285,0.17539863325740324,0.08035714285714286,1.0
9365,9365.T,TRADIA CORPORATION,Warehousing and Harbor Transportation Service,0.8333333333333334,0.9032258064516129,0.45161290322580644,0.3064516129032258,0.25806451612903225,0.0967741935483871,1.0
1443,1443.T,"Giken Holdings Co.,Ltd.",Construction,0.9626865671641791,0.8421052631578947,0.07462686567164178,0.48880597014925375,0.5639097744360902,0.3582089552238806,1.0
2293,2293.T,"TAKIZAWA HAM CO.,LTD.",Foods,0.24299065420560748,0.5,0.5981308411214953,0.17757009345794392,0.6728971962616823,0.06542056074766354,1.0
1768,1768.T,SONEC CORPORATION,Construction,0.753731343283582,0.42105263157894735,0.2462686567164179,0.10820895522388059,0.1578947368421053,0.208955223880597,1.0
7538,7538.T,"DAISUI CO.,LTD.",Wholesale Trade,0.8973384030418251,0.9601593625498008,0.5946969696969697,0.45075757575757575,0.02651515151515149,0.11742424242424243,1.0
9514,9514.T,EF-ON INC.,Electric Power and Gas,0.8846153846153846,0.44,0.06666666666666667,0.9423076923076923,0.6799999999999999,0.19230769230769232,1.0
7805,7805.T,PRINTNET INC.,Other Products,0.4489795918367347,0.75,0.5408163265306123,0.7040816326530612,0.9183673469387755,0.21428571428571427,1.0
7127,7127.T,"Ikka Holdings Co.,Ltd.",Retail Trade,0.10884353741496598,0.5,0.9121621621621622,0.21621621621621623,0.7728813559322034,0.13851351351351351,1.0
8159,8159.T,"TACHIBANA ELETECH CO.,LTD.",Wholesale Trade,0.6197718631178707,0.5816733067729084,0.23484848484848486,0.7329545454545454,0.8674242424242424,0.5946969696969697,1.0
7795,7795.T,"KYORITSU CO.,LTD.",Other Products,0.7857142857142857,0.5714285714285714,0.061224489795918366,0.7040816326530612,0.4387755102040817,0.42857142857142855,1.0
7867,7867.T,"TOMY COMPANY,LTD.",Other Products,0.11224489795918367,0.2976190476190476,0.9387755102040817,0.9336734693877551,0.34693877551020413,0.9285714285714286,1.0
2933,2933.T,KIBUN FOODS INC.,Foods,0.514018691588785,0.81,0.6261682242990654,0.6728971962616822,0.42056074766355145,0.37383177570093457,1.0
5204,5204.T,"ISHIZUKA GLASS CO.,LTD.",Glass and Ceramics Products,0.9545454545454546,0.975609756097561,0.3409090909090909,0.3409090909090909,0.6590909090909092,0.4318181818181818,1.0
3467,3467.T,Agratio urban design Inc.,Real Estate,0.1951219512195122,0.6016949152542372,0.5203252032520326,0.2073170731707317,0.032786885245901676,0.34146341463414637,1.0
7134,7134.T,"UP GARAGE GROUP Co.,Ltd.",Retail Trade,0.29931972789115646,0.6718146718146718,0.7297297297297297,0.4814189189189189,0.07796610169491525,0.34797297297297297,1.0
7476,7476.T,AS ONE CORPORATION,Wholesale Trade,0.06463878326996197,0.20318725099601595,0.75,0.7329545454545454,0.5757575757575757,0.8863636363636364,1.0
7413,7413.T,"Sokensha Co.,Ltd.",Wholesale Trade,0.18250950570342206,0.0398406374501992,0.8522727272727273,0.45075757575757575,0.2272727272727273,0.026515151515151516,1.0
1764,1764.T,KUDO CORPORATION,Construction,0.8208955223880597,0.8646616541353384,0.7164179104477612,0.48880597014925375,0.03007518796992481,0.07462686567164178,1.0
9010,9010.T,"FUJI KYUKO CO.,LTD.",Land Transportation,0.037037037037037035,0.1320754716981132,0.21875,0.8611111111111112,0.8703703703703703,0.5370370370370371,1.0
7791,7791.T,"DREAMBED CO.,LTD.",Other Products,0.5510204081632653,0.8095238095238095,0.9081632653061225,0.9336734693877551,0.3877551020408163,0.16326530612244897,1.0
3280,3280.T,"STrust Co.,Ltd.",Real Estate,0.8780487804878049,0.9491525423728814,0.36585365853658536,0.6341463414634146,0.09836065573770492,0.23577235772357724,1.0
3955,3955.T,"IMURA & Co.,Ltd.",Pulp and Paper,0.7083333333333334,0.6818181818181818,0.8333333333333334,0.16666666666666666,0.20833333333333337,0.25,1.0
5078,5078.T,CEL Corporation,Construction,0.7388059701492538,0.39097744360902253,0.6567164179104478,0.10820895522388059,0.10526315789473684,0.029850746268656716,1.0
6584,6584.T,"Sanoh Industrial Co.,Ltd.",Transportation Equipment,0.4090909090909091,0.1206896551724138,0.7121212121212122,0.22727272727272727,0.6507936507936508,0.7272727272727273,1.0
4398,4398.T,"BroadBand Security,Inc.",Information & Communication,0.2782258064516129,0.10024449877750612,0.6456211812627292,0.4909819639278557,0.2764227642276422,0.18637274549098196,1.0
9423,9423.T,Forval RealStraight Inc.,Information & Communication,0.15725806451612903,0.17114914425427874,0.9694501018329938,0.4909819639278557,0.23983739837398377,0.3787575150300601,1.0
8137,8137.T,SUN-WA TECHNOS CORPORATION,Wholesale Trade,0.2889733840304182,0.12350597609561753,0.30303030303030304,0.45075757575757575,0.8939393939393939,0.7462121212121212,1.0
3035,3035.T,ktk INC.,Wholesale Trade,0.4144486692015209,0.4302788844621514,0.8977272727272727,0.19507575757575757,0.35984848484848486,0.26515151515151514,1.0
7358,7358.T,Poppins Corporation,Services,0.5324384787472036,0.6317135549872123,0.6131221719457014,0.9084821428571429,0.4646924829157175,0.5044642857142857,1.0
8194,8194.T,LIFE CORPORATION,Retail Trade,0.5170068027210885,0.6988416988416989,0.7364864864864865,0.4814189189189189,0.9830508474576272,0.8209459459459459,1.0
5697,5697.T,"SANYU CO.,LTD.",Iron and Steel,0.6285714285714286,0.6666666666666666,0.7428571428571429,0.9,0.7647058823529411,0.11428571428571428,1.0
3222,3222.T,United Super Markets Holdings Inc.,Retail Trade,0.7244897959183674,0.5,0.6385135135135135,0.21621621621621623,0.8271186440677967,0.7533783783783784,1.0
4539,4539.T,"NIPPON CHEMIPHAR CO.,LTD.",Pharmaceutical,0.9782608695652174,0.37037037037037035,0.3,0.6914893617021277,0.23404255319148937,0.02127659574468085,1.0
8091,8091.T,"NICHIMO CO.,LTD.",Wholesale Trade,0.779467680608365,0.8645418326693227,0.14393939393939395,0.45075757575757575,0.10606060606060608,0.5037878787878788,1.0
7554,7554.T,KOURAKUEN CORPORATION,Retail Trade,0.14285714285714285,0.2548262548262548,0.722972972972973,0.7364864864864865,0.9355932203389831,0.5743243243243243,1.0
3549,3549.T,"KUSURI NO AOKI HOLDINGS CO.,LTD.",Retail Trade,0.23809523809523808,0.44787644787644787,0.20608108108108109,0.7364864864864865,0.25762711864406784,0.8986486486486487,1.0
7453,7453.T,"RYOHIN KEIKAKU CO.,LTD.",Retail Trade,0.05102040816326531,0.138996138996139,0.5945945945945946,0.9273648648648649,0.5966101694915253,1.0,1.0
3580,3580.T,"KOMATSU MATERE Co.,Ltd.",Textiles and Apparels,0.5121951219512195,0.7142857142857143,0.4146341463414634,0.5121951219512195,0.825,0.5365853658536586,1.0
3299,3299.T,"MUGEN ESTATE Co.,Ltd.",Real Estate,0.4959349593495935,0.8050847457627118,0.6260162601626016,0.07317073170731707,0.16393442622950816,0.7317073170731707,1.0
2938,2938.T,"Okamura Foods Co.,Ltd.",Foods,0.037383177570093455,0.15,0.14953271028037382,0.6728971962616822,0.6542056074766356,0.616822429906542,1.0
2685,2685.T,"and ST HD Co.,Ltd.",Retail Trade,0.36054421768707484,0.4826254826254826,0.8986486486486487,0.4814189189189189,0.8372881355932204,0.8614864864864865,1.0
6335,6335.T,"TOKYO KIKAI SEISAKUSHO,LTD.",Machinery,0.8031914893617021,0.9770114942528736,0.14361702127659576,0.2047872340425532,0.005319148936170248,0.23404255319148937,1.0
4417,4417.T,Global Security Experts Inc.,Information & Communication,0.004032258064516129,0.07823960880195599,0.4989816700610998,0.9448897795591182,0.3475609756097561,0.8236472945891784,1.0
5310,5310.T,"TOYO TANSO CO.,LTD.",Glass and Ceramics Products,0.20454545454545456,0.21951219512195122,0.09090909090909091,0.3409090909090909,0.31818181818181823,0.7727272727272727,1.0
1887,1887.T,JDC CORPORATION,Construction,0.8432835820895522,0.22556390977443608,0.12686567164179105,0.7686567164179104,0.6842105263157895,0.5447761194029851,1.0
3186,3186.T,"NEXTAGE Co.,Ltd.",Retail Trade,0.12244897959183673,0.28957528957528955,0.36486486486486486,0.7364864864864865,0.16271186440677965,0.9324324324324325,1.0
3024,3024.T,CREATE CORPORATION,Wholesale Trade,0.6615969581749049,0.796812749003984,0.803030303030303,0.928030303030303,0.696969696969697,0.17424242424242425,1.0
6222,6222.T,"SHIMA SEIKI MFG.,LTD.",Machinery,0.9308510638297872,0.5,0.047872340425531915,0.018617021276595744,0.9627659574468085,0.574468085106383,1.0
7606,7606.T,UNITED ARROWS LTD.,Retail Trade,0.3707482993197279,0.5057915057915058,0.875,0.21621621621621623,0.5864406779661018,0.8412162162162162,1.0
3011,3011.T,"BANNERS CO.,LTD.",Retail Trade,0.7040816326530612,0.8416988416988417,0.016891891891891893,0.9273648648648649,0.47796610169491527,0.40540540540540543,1.0
2454,2454.T,"All About,Inc.",Services,0.6756152125279642,0.5,0.9728506787330317,0.21316964285714285,0.715261958997722,0.140625,0.0
3958,3958.T,"Sasatoku Printing Co.,Ltd.",Pulp and Paper,0.875,0.9545454545454546,0.75,0.6041666666666666,0.08333333333333337,0.08333333333333333,1.0
2385,2385.T,Soiken Holdings Inc.,Services,0.7427293064876958,0.4936061381074169,0.4434389140271493,0.4419642857142857,0.3872437357630979,0.46205357142857145,1.0
7841,7841.T,"ENDO MANUFACTURING CO.,LTD.",Other Products,0.8163265306122449,0.6666666666666666,0.07142857142857142,0.22448979591836735,0.5612244897959184,0.47959183673469385,1.0
8129,8129.T,"TOHO HOLDINGS CO.,LTD.",Wholesale Trade,0.39543726235741444,0.4342629482071713,0.19696969696969696,0.45075757575757575,0.0757575757575758,0.9166666666666666,1.0
3277,3277.T,"Sansei Landic Co.,Ltd",Real Estate,0.7398373983739838,0.6610169491525424,0.5772357723577236,0.2073170731707317,0.06557377049180324,0.25203252032520324,1.0
9305,9305.T,Yamatane Corporation,Wholesale Trade,0.6425855513307985,0.6254980079681275,0.007575757575757576,0.7329545454545454,0.5454545454545454,0.7348484848484849,1.0
7041,7041.T,"CRG HOLDINGS CO.,LTD.",Services,0.9731543624161074,0.9053708439897699,0.6063348416289592,0.4419642857142857,0.16400911161731202,0.011160714285714286,1.0
9560,9560.T,PROGRIT Inc.,Services,0.1185682326621924,0.7416879795396419,0.9411764705882353,0.9084821428571429,0.3097949886104784,0.6584821428571429,1.0
5423,5423.T,"TOKYO STEEL MANUFACTURING CO.,LTD.",Iron and Steel,0.2571428571428571,0.6363636363636364,0.8857142857142857,0.15714285714285714,0.1470588235294118,0.8857142857142857,1.0
7126,7126.T,"Global Style Co.,Ltd.",Retail Trade,0.391156462585034,0.7644787644787645,0.7432432432432432,0.9273648648648649,0.47457627118644063,0.15202702702702703,1.0
3639,3639.T,Voltage Incorporation,Information & Communication,0.9495967741935484,0.022004889975550123,0.7535641547861507,0.7615230460921844,0.41260162601626016,0.052104208416833664,1.0
2984,2984.T,"Yamaichi Real Estate Co.,Ltd",Real Estate,0.9186991869918699,0.7033898305084746,0.23577235772357724,0.3983739837398374,0.39344262295081966,0.21138211382113822,1.0
1826,1826.T,"Sata Construction Co.,Ltd.",Construction,0.5970149253731343,0.14285714285714285,0.22388059701492538,0.7686567164179104,0.6766917293233083,0.2537313432835821,1.0
5582,5582.T,GRID Inc.,Information & Communication,0.34274193548387094,0.14425427872860636,0.4215885947046843,0.7615230460921844,0.5203252032520325,0.5871743486973948,1.0
7552,7552.T,HAPPINET CORPORATION,Wholesale Trade,0.33079847908745247,0.7450199203187251,0.8181818181818182,0.7329545454545454,0.9507575757575758,0.9128787878787878,1.0
5028,5028.T,"SecondXight Analytica,Inc.",Information & Communication,0.24798387096774194,0.24938875305623473,0.6415478615071283,0.4909819639278557,0.06910569105691056,0.2865731462925852,1.0
2266,2266.T,"ROKKO BUTTER CO.,LTD.",Foods,0.8691588785046729,0.62,0.14018691588785046,0.056074766355140186,0.07476635514018692,0.3925233644859813,1.0
3788,3788.T,GMO GlobalSign Holdings K.K.,Information & Communication,0.40725806451612906,0.254278728606357,0.8065173116089613,0.9448897795591182,0.8109756097560976,0.5711422845691383,1.0
5210,5210.T,"Nihon Yamamura Glass Co.,Ltd.",Glass and Ceramics Products,0.8636363636363636,0.6341463414634146,0.38636363636363635,0.3409090909090909,0.7045454545454546,0.6818181818181818,1.0
1914,1914.T,"JAPAN FOUNDATION ENGINEERING CO.,LTD.",Construction,0.8656716417910447,0.7669172932330827,0.5447761194029851,0.48880597014925375,0.3984962406015038,0.2462686567164179,1.0
1444,1444.T,"Nissou Co.,Ltd.",Construction,0.208955223880597,0.43609022556390975,0.9626865671641791,0.10820895522388059,0.18796992481203012,0.06716417910447761,1.0
5446,5446.T,"HOKUETSU METAL Co.,Ltd.",Iron and Steel,0.8571428571428571,0.6060606060606061,0.5714285714285714,0.6571428571428571,0.7058823529411764,0.02857142857142857,1.0
8088,8088.T,IWATANI  CORPORATION,Wholesale Trade,0.3231939163498099,0.5258964143426295,0.625,0.45075757575757575,0.5871212121212122,0.9848484848484849,1.0
5572,5572.T,Ridge-i Inc.,Information & Communication,0.12903225806451613,0.06356968215158924,0.6537678207739308,0.7615230460921844,0.11382113821138207,0.4849699398797595,1.0
6186,6186.T,"ICHIKURA CO.,LTD.",Services,0.9843400447427293,0.5,0.7828054298642534,0.08035714285714286,0.5375854214123007,0.015625,1.0
4616,4616.T,"KAWAKAMI PAINT MANUFACTURING CO.,LTD.",Chemicals,0.8108108108108109,0.18235294117647058,0.0918918918918919,0.32972972972972975,0.4480874316939891,0.010810810810810811,1.0
4168,4168.T,"Yappli,Inc.",Information & Communication,0.2157258064516129,0.80440097799511,0.9511201629327902,0.4909819639278557,0.1422764227642277,0.5831663326653307,1.0
3548,3548.T,BAROQUE JAPAN LIMITED,Retail Trade,0.3843537414965986,0.06563706563706563,0.7871621621621622,0.4814189189189189,0.32881355932203393,0.5236486486486487,1.0
8931,8931.T,WADAKOHSAN CORPORATION,Real Estate,0.9512195121951219,0.8728813559322034,0.1951219512195122,0.3983739837398374,0.2622950819672131,0.3252032520325203,1.0
7812,7812.T,CRESTEC Inc.,Other Products,0.5816326530612245,0.7738095238095238,0.4897959183673469,0.7040816326530612,0.7959183673469388,0.40816326530612246,1.0
9823,9823.T,Mammy Mart Holdings Corporation,Retail Trade,0.5340136054421769,0.7799227799227799,0.3783783783783784,0.4814189189189189,0.752542372881356,0.6148648648648649,1.0
7294,7294.T,YOROZU CORPORATION,Transportation Equipment,0.8333333333333334,0.5,0.07575757575757576,0.06818181818181818,0.8571428571428572,0.42424242424242425,0.0
9337,9337.T,toridori Inc.,Services,0.2058165548098434,0.7979539641943734,0.8529411764705882,0.21316964285714285,0.10933940774487472,0.671875,1.0
5440,5440.T,KYOEI STEEL LTD.,Iron and Steel,0.7428571428571429,0.696969696969697,0.2857142857142857,0.6571428571428571,0.8529411764705882,0.6,1.0
3927,3927.T,Fuva Brain Limited,Information & Communication,0.23588709677419356,0.1295843520782396,0.1629327902240326,0.24048096192384769,0.1544715447154471,0.6172344689378757,1.0
5287,5287.T,"ITO YOGYO CO.,LTD.",Glass and Ceramics Products,0.6590909090909091,0.8536585365853658,0.6818181818181818,0.9204545454545454,0.5454545454545454,0.22727272727272727,1.0
2983,2983.T,"Arr Planner Co.,Ltd.",Real Estate,0.21138211382113822,0.7966101694915254,0.7723577235772358,0.3983739837398374,0.20491803278688525,0.6260162601626016,1.0
2666,2666.T,"AUTOWAVE Co.,Ltd.",Retail Trade,0.9115646258503401,0.8725868725868726,0.20270270270270271,0.9273648648648649,0.28474576271186436,0.30743243243243246,1.0
7646,7646.T,"PLANT Co.,Ltd.",Retail Trade,0.7448979591836735,0.8301158301158301,0.4864864864864865,0.9273648648648649,0.43050847457627117,0.30405405405405406,1.0
8097,8097.T,"SAN-AI OBBLI CO.,LTD.",Wholesale Trade,0.34980988593155893,0.398406374501992,0.6515151515151515,0.45075757575757575,0.1742424242424242,0.7992424242424242,1.0
3627,3627.T,TECMIRA HOLDINGS INC.,Information & Communication,0.9758064516129032,0.12469437652811736,0.46028513238289204,0.4909819639278557,0.5182926829268293,0.4228456913827655,1.0
8244,8244.T,"Kintetsu Department Store CO.,Ltd.",Retail Trade,0.4523809523809524,0.4092664092664093,0.3614864864864865,0.4814189189189189,0.8983050847457628,0.5777027027027027,1.0
5074,5074.T,"TESS Holdings Co.,Ltd.",Construction,0.22388059701492538,0.007518796992481203,0.022388059701492536,0.2574626865671642,0.8721804511278195,0.8880597014925373,1.0
1945,1945.T,TOKYO ENERGY & SYSTEMS INC.,Construction,0.4626865671641791,0.11278195488721804,0.1044776119402985,0.022388059701492536,0.022556390977443663,0.7686567164179104,1.0
1822,1822.T,DAIHO CORPORATION,Construction,0.6716417910447762,0.3533834586466165,0.11194029850746269,0.7686567164179104,0.8421052631578947,0.47761194029850745,1.0
9872,9872.T,"KITAKEI CO.,LTD.",Wholesale Trade,0.7946768060836502,0.3386454183266932,0.5189393939393939,0.19507575757575757,0.19318181818181823,0.18181818181818182,1.0
5578,5578.T,"AR advanced technology,Inc.",Information & Communication,0.6774193548387096,0.9535452322738386,0.7780040733197556,0.4909819639278557,0.8658536585365854,0.5731462925851704,1.0
8007,8007.T,"Takashima & Co.,Ltd.",Wholesale Trade,0.8403041825095057,0.8007968127490039,0.45454545454545453,0.19507575757575757,0.06060606060606055,0.6477272727272727,1.0
4484,4484.T,"LANCERS,INC.",Information & Communication,0.2560483870967742,0.22249388753056235,0.8289205702647657,0.24048096192384769,0.07926829268292679,0.22444889779559118,1.0
7670,7670.T,O-WELL CORPORATION,Wholesale Trade,0.8631178707224335,0.8924302788844621,0.3371212121212121,0.7329545454545454,0.25,0.2537878787878788,1.0
5870,5870.T,Nalnet Communications Inc.,Services,0.6353467561521253,0.3657289002557545,0.26018099547511314,0.6964285714285714,0.42596810933940776,0.5290178571428571,1.0
8848,8848.T,LEOPALACE21 CORPORATION,Real Estate,0.08130081300813008,0.3135593220338983,0.9024390243902439,0.6341463414634146,0.7377049180327868,0.8699186991869918,1.0
2733,2733.T,ARATA CORPORATION,Wholesale Trade,0.6806083650190115,0.7888446215139442,0.7424242424242424,0.7329545454545454,0.428030303030303,0.7651515151515151,1.0
5125,5125.T,Fines inc.,Information & Communication,0.8528225806451613,0.8655256723716381,0.9144602851323829,0.4909819639278557,0.467479674796748,0.16633266533066132,1.0
3320,3320.T,CROSS PLUS INC.,Wholesale Trade,0.8517110266159695,0.9123505976095617,0.9393939393939394,0.45075757575757575,0.2234848484848485,0.3712121212121212,1.0
7863,7863.T,"HIRAGA CO.,LTD.",Other Products,0.6428571428571429,0.7619047619047619,0.5,0.7040816326530612,0.653061224489796,0.030612244897959183,1.0
7212,7212.T,F-TECH INC.,Transportation Equipment,0.9848484848484849,0.5,0.21212121212121213,0.22727272727272727,0.9523809523809523,0.5,1.0
1776,1776.T,"SUMIKEN MITSUI ROAD CO., LTD.",Construction,0.373134328358209,0.015037593984962405,0.20149253731343283,0.2574626865671642,0.06766917293233088,0.3880597014925373,1.0
8281,8281.T,"XEBIO holdings CO.,LTD.",Retail Trade,0.9625850340136054,0.10810810810810811,0.33783783783783783,0.7364864864864865,0.688135593220339,0.6486486486486487,1.0
3193,3193.T,"Eternal Hospitality Group Co.,Ltd.",Retail Trade,0.1564625850340136,0.4015444015444015,0.9662162162162162,0.7364864864864865,0.5491525423728814,0.6756756756756757,1.0
7980,7980.T,"SHIGEMATSU WORKS CO.,LTD.",Other Products,0.5714285714285714,0.8452380952380952,0.46938775510204084,0.22448979591836735,0.16326530612244894,0.6632653061224489,1.0
4479,4479.T,"Makuake,Inc.",Information & Communication,0.4314516129032258,0.19070904645476772,0.6476578411405295,0.7615230460921844,0.7967479674796748,0.655310621242485,1.0
1491,1491.T,"Chugai Mining Co.,Ltd.",Nonferrous Metals,0.034482758620689655,0.04,0.896551724137931,0.46551724137931033,0.2142857142857143,0.3103448275862069,1.0
2212,2212.T,"YAMAZAKI BAKING CO.,LTD.",Foods,0.4485981308411215,0.61,0.7757009345794392,0.6728971962616822,0.6822429906542056,0.9626168224299065,1.0
8029,8029.T,LOOK HOLDINGS INCORPORATED,Textiles and Apparels,0.6829268292682927,0.45714285714285713,0.8780487804878049,0.5121951219512195,0.575,0.4634146341463415,1.0
3695,3695.T,"GMO Product Platform,Inc.",Information & Communication,0.21975806451612903,0.08557457212713937,0.5539714867617108,0.24048096192384769,0.9085365853658537,0.1402805611222445,1.0
4237,4237.T,Fujipream Corporation,Chemicals,0.44324324324324327,0.07058823529411765,0.02702702702702703,0.32972972972972975,0.2622950819672131,0.3675675675675676,1.0
4015,4015.T,Paycloud Holdings Inc.,Information & Communication,0.5403225806451613,0.293398533007335,0.594704684317719,0.7615230460921844,0.8739837398373984,0.42084168336673344,1.0
4197,4197.T,"ASMARQ Co.,Ltd.",Information & Communication,0.5423387096774194,0.6185819070904646,0.879837067209776,0.4909819639278557,0.5691056910569106,0.06813627254509018,1.0
3953,3953.T,"OHMURA SHIGYO CO.,LTD.",Pulp and Paper,0.5,0.5,0.9166666666666666,0.041666666666666664,0.25,0.16666666666666666,1.0
7089,7089.T,"for Startups,Inc.",Services,0.3400447427293065,0.49104859335038364,0.8959276018099548,0.21316964285714285,0.26423690205011385,0.6339285714285714,1.0
5381,5381.T,Mipox Corporation,Glass and Ceramics Products,0.1590909090909091,0.36585365853658536,0.8409090909090909,0.9204545454545454,0.75,0.7045454545454546,1.0
3660,3660.T,istyle Inc.,Information & Communication,0.41330645161290325,0.4621026894865526,0.955193482688391,0.9448897795591182,0.5223577235772358,0.8917835671342685,1.0
3910,3910.T,MKSystem Corporation,Information & Communication,0.5362903225806451,0.5,0.725050916496945,0.4909819639278557,0.943089430894309,0.11422845691382766,0.0
4350,4350.T,"MEDICAL SYSTEM NETWORK Co.,Ltd.",Retail Trade,0.7993197278911565,0.9343629343629344,0.597972972972973,0.9273648648648649,0.4440677966101695,0.42905405405405406,1.0
8158,8158.T,"SODA NIKKA CO.,LTD.",Wholesale Trade,0.5475285171102662,0.5617529880478087,0.08333333333333333,0.928030303030303,0.6022727272727273,0.5871212121212122,1.0
3914,3914.T,JIG-SAW INC.,Information & Communication,0.10483870967741936,0.10513447432762836,0.6782077393075356,0.24048096192384769,0.3943089430894309,0.5571142284569138,1.0
7305,7305.T,"ARAYA INDUSTRIAL CO.,LTD.",Iron and Steel,0.6857142857142857,0.8181818181818182,0.6857142857142857,0.6571428571428571,0.3529411764705882,0.42857142857142855,1.0
4429,4429.T,"Ricksoft Co.,Ltd.",Information & Communication,0.8346774193548387,0.6528117359413202,0.19144602851323828,0.24048096192384769,0.6849593495934959,0.09819639278557114,1.0
4433,4433.T,"HITO-Communications Holdings,Inc.",Services,0.87248322147651,0.5498721227621484,0.3914027149321267,0.6964285714285714,0.7312072892938497,0.625,1.0
7847,7847.T,GRAPHITE DESIGN INC.,Other Products,0.5,0.13095238095238096,0.3469387755102041,0.015306122448979591,0.061224489795918324,0.24489795918367346,1.0
9997,9997.T,"BELLUNA CO.,LTD.",Retail Trade,0.8469387755102041,0.7722007722007722,0.25,0.7364864864864865,0.2542372881355932,0.8006756756756757,1.0
5987,5987.T,ONEX Corporation,Metal Products,0.524390243902439,0.5,0.2073170731707317,0.7865853658536586,0.9146341463414634,0.08536585365853659,0.0
3139,3139.T,"Lacto Japan Co.,Ltd.",Wholesale Trade,0.42585551330798477,0.8406374501992032,0.12121212121212122,0.19507575757575757,0.08712121212121215,0.7045454545454546,1.0
3758,3758.T,Aeria Inc.,Information & Communication,0.9818548387096774,0.628361858190709,0.2769857433808554,0.09218436873747494,0.09756097560975607,0.1963927855711423,1.0
6613,6613.T,"QD Laser,Inc.",Electric Appliances,0.010582010582010581,0.5,0.042105263157894736,0.2,0.24338624338624337,0.9578947368421052,0.0
9902,9902.T,NICHIDEN Corporation,Wholesale Trade,0.5095057034220533,0.350597609561753,0.20075757575757575,0.7329545454545454,0.375,0.7007575757575758,1.0
4538,4538.T,"Fuso Pharmaceutical Industries,Ltd.",Pharmaceutical,0.9565217391304348,0.5,0.4,0.05319148936170213,0.3829787234042553,0.3191489361702128,1.0
4735,4735.T,"KYOSHIN CO.,LTD.",Services,0.941834451901566,0.8286445012787724,0.16063348416289594,0.21316964285714285,0.14578587699316625,0.203125,1.0
7512,7512.T,Aeon Hokkaido Corporation,Retail Trade,0.4421768707482993,0.20077220077220076,0.5033783783783784,0.7364864864864865,0.9254237288135593,0.6452702702702703,1.0
4334,4334.T,"YUKE'S Co.,Ltd.",Information & Communication,0.719758064516129,0.9853300733496333,0.2892057026476578,0.4909819639278557,0.008130081300813052,0.16432865731462926,1.0
2216,2216.T,Kanro Inc.,Foods,0.11214953271028037,0.64,0.7663551401869159,0.17757009345794392,0.7570093457943925,0.6448598130841121,1.0
4920,4920.T,"Nippon Shikizai,Inc.",Chemicals,0.7675675675675676,0.9352941176470588,0.07567567567567568,0.32972972972972975,0.10382513661202186,0.032432432432432434,1.0
9353,9353.T,"SAKURAJIMA FUTO KAISHA,LTD.",Warehousing and Harbor Transportation Service,0.7,0.41935483870967744,0.3225806451612903,0.5806451612903226,0.8387096774193549,0.2903225806451613,1.0
7820,7820.T,"NIHON FLUSH CO.,LTD.",Other Products,0.7040816326530612,0.5,0.10204081632653061,0.08163265306122448,0.9081632653061225,0.5204081632653061,1.0
4736,4736.T,Nippon RAD Inc.,Information & Communication,0.875,0.9168704156479217,0.14867617107942974,0.4909819639278557,0.08130081300813008,0.23847695390781562,1.0
7922,7922.T,"SANKO SANGYO CO.,LTD.",Other Products,0.6224489795918368,0.5,0.24489795918367346,0.08163265306122448,0.41836734693877553,0.6020408163265306,0.0
3028,3028.T,"Alpen Co.,Ltd.",Retail Trade,0.8367346938775511,0.5984555984555985,0.3952702702702703,0.9273648648648649,0.3593220338983051,0.7871621621621622,1.0
8167,8167.T,"RETAIL PARTNERS CO.,LTD.",Retail Trade,0.8945578231292517,0.749034749034749,0.4189189189189189,0.4814189189189189,0.5084745762711864,0.6081081081081081,1.0
3092,3092.T,"ZOZO,Inc.",Retail Trade,0.023809523809523808,0.3667953667953668,0.847972972972973,0.21621621621621623,0.8576271186440678,0.9695945945945946,1.0
6049,6049.T,ItoKuro Inc.,Services,0.9619686800894854,0.13810741687979539,0.41402714932126694,0.4419642857142857,0.7722095671981777,0.15625,1.0
3863,3863.T,"Nippon Paper Industries Co.,Ltd.",Pulp and Paper,0.9166666666666666,0.6363636363636364,0.125,0.6041666666666666,0.5416666666666667,0.9583333333333334,1.0
2926,2926.T,"SHINOZAKIYA,INC.",Foods,0.32710280373831774,0.16,0.9252336448598131,0.37383177570093457,0.5887850467289719,0.2803738317757009,1.0
3132,3132.T,"MACNICA HOLDINGS,INC.",Wholesale Trade,0.07604562737642585,0.1593625498007968,0.4621212121212121,0.19507575757575757,0.38257575757575757,0.9810606060606061,1.0
6560,6560.T,"LTS,Inc.",Services,0.4899328859060403,0.9718670076726342,0.7850678733031674,0.4419642857142857,0.004555808656036442,0.453125,1.0
3417,3417.T,"OHKI HEALTHCARE HOLDINGS CO.,LTD.",Wholesale Trade,0.8555133079847909,0.896414342629482,0.10606060606060606,0.45075757575757575,0.037878787878787845,0.26136363636363635,1.0
2986,2986.T,"LA Holdings Co.,Ltd.",Real Estate,0.17073170731707318,0.423728813559322,0.3983739837398374,0.2073170731707317,0.040983606557377095,0.8780487804878049,1.0
2918,2918.T,"WARABEYA NICHIYO HOLDINGS CO.,LTD.",Foods,0.6915887850467289,0.86,0.6635514018691588,0.37383177570093457,0.9065420560747663,0.7850467289719626,1.0
2790,2790.T,"NAFCO Co.,Ltd.",Retail Trade,0.9693877551020408,0.003861003861003861,0.10135135135135136,0.05912162162162162,0.22033898305084743,0.3547297297297297,1.0
5285,5285.T,YAMAX Corp.,Glass and Ceramics Products,0.22727272727272727,0.926829268292683,0.9772727272727273,0.6363636363636364,0.045454545454545414,0.4090909090909091,1.0
6193,6193.T,"Virtualex Holdings,Inc.",Services,0.47874720357941836,0.1867007672634271,0.5678733031674208,0.21316964285714285,0.5444191343963554,0.3325892857142857,1.0
5256,5256.T,"Fusic Co.,Ltd.",Information & Communication,0.26814516129032256,0.42053789731051344,0.6965376782077393,0.4909819639278557,0.13414634146341464,0.3406813627254509,1.0
5021,5021.T,"COSMO ENERGY HOLDINGS COMPANY,LIMITED",Oil and Coal Products,1.0,1.0,0.375,0.4375,0.375,0.875,1.0
7832,7832.T,Bandai Namco Holdings Inc.,Other Products,0.08163265306122448,0.25,0.8061224489795918,0.7040816326530612,0.826530612244898,0.9795918367346939,1.0
5273,5273.T,"MITANI SEKISAN CO.,LTD.",Glass and Ceramics Products,0.9772727272727273,1.0,0.5,0.9204545454545454,0.4772727272727273,0.45454545454545453,1.0
3676,3676.T,"DIGITAL HEARTS HOLDINGS Co.,Ltd.",Information & Communication,0.4959677419354839,0.2200488997555012,0.7209775967413442,0.7615230460921844,0.8821138211382114,0.6392785571142284,1.0
4397,4397.T,TeamSpirit Inc.,Information & Communication,0.15524193548387097,0.4132029339853301,0.6211812627291242,0.7615230460921844,0.4552845528455285,0.40080160320641284,1.0
3034,3034.T,"Qol Holdings Co.,Ltd.",Retail Trade,0.6122448979591837,0.8455598455598455,0.06418918918918919,0.4814189189189189,0.5322033898305085,0.7567567567567568,1.0
3077,3077.T,"Horiifoodservice Co.,Ltd.",Retail Trade,0.06462585034013606,0.21621621621621623,0.5574324324324325,0.05912162162162162,0.1694915254237288,0.5405405405405406,1.0
5609,5609.T,NIPPON CHUZO K.K.,Iron and Steel,0.7142857142857143,0.21212121212121213,0.2,0.37142857142857144,0.5,0.17142857142857143,1.0
5262,5262.T,Nippon Hume Corporation,Glass and Ceramics Products,0.8409090909090909,0.8780487804878049,0.22727272727272727,0.6363636363636364,0.06818181818181823,0.7272727272727273,1.0
6027,6027.T,"Bengo4.com,Inc.",Services,0.015659955257270694,0.061381074168797956,0.9434389140271493,0.9084821428571429,0.530751708428246,0.8928571428571429,1.0
1866,1866.T,KITANO CONSTRUCTION CORP.,Construction,1.0,0.9849624060150376,0.35074626865671643,0.10820895522388059,0.08270676691729328,0.21641791044776118,1.0
5218,5218.T,OHARA INC.,Glass and Ceramics Products,0.6818181818181818,0.2682926829268293,0.25,0.3409090909090909,0.15909090909090906,0.4772727272727273,1.0
2780,2780.T,"Komehyo Holdings Co.,Ltd.",Retail Trade,0.3979591836734694,0.6486486486486487,0.22297297297297297,0.015202702702702704,0.027118644067796627,0.8445945945945946,1.0
1429,1429.T,"Nippon Aqua Co.,Ltd.",Construction,0.1417910447761194,0.6165413533834586,0.9104477611940298,0.48880597014925375,0.5413533834586466,0.4552238805970149,1.0
5939,5939.T,"OTANI KOGYO CO.,LTD.",Metal Products,0.23170731707317074,0.6086956521739131,0.6951219512195121,0.7865853658536586,0.8048780487804879,0.5975609756097561,1.0
3486,3486.T,GLOBAL LINK MANAGEMENT INC.,Real Estate,0.23577235772357724,0.8559322033898306,0.7804878048780488,0.2073170731707317,0.07377049180327866,0.6422764227642277,1.0
9421,9421.T,NJ Holdings Inc.,Information & Communication,0.4375,0.5,0.6761710794297352,0.02905811623246493,0.04471544715447151,0.050100200400801605,1.0
2695,2695.T,"Kura Sushi,Inc.",Retail Trade,0.7619047619047619,0.42857142857142855,0.7567567567567568,0.4814189189189189,0.7932203389830509,0.8885135135135135,1.0
2694,2694.T,Yakiniku Sakai Holdings Inc.,Retail Trade,0.23129251700680273,0.5,0.7804054054054054,0.05912162162162162,0.888135593220339,0.38513513513513514,1.0
2927,2927.T,"AFC-HD AMS Life Science Co.,Ltd.",Foods,0.6728971962616822,0.88,0.34579439252336447,0.9345794392523364,0.3271028037383178,0.3644859813084112,1.0
2424,2424.T,Brass Corporation,Services,0.8948545861297539,0.8772378516624041,0.8891402714932126,0.9084821428571429,0.9453302961275627,0.03125,1.0
7604,7604.T,"UMENOHANA GROUP CO.,LTD.",Retail Trade,0.21428571428571427,0.5,0.7094594594594594,0.21621621621621623,0.6338983050847458,0.28716216216216217,1.0
7508,7508.T,G-7 HOLDINGS Inc.,Retail Trade,0.37755102040816324,0.6602316602316602,0.6182432432432432,0.21621621621621623,0.5728813559322035,0.5878378378378378,1.0
2917,2917.T,"OHMORIYA Co.,LTD.",Foods,0.9532710280373832,0.5,0.037383177570093455,0.014018691588785047,0.009345794392523366,0.028037383177570093,1.0
3967,3967.T,"Eltes Co.,Ltd.",Information & Communication,0.6733870967741935,0.5,0.6313645621181263,0.4909819639278557,0.5081300813008129,0.218436873747495,0.0
3080,3080.T,"JASON CO.,LTD.",Retail Trade,0.43197278911564624,0.5,0.5506756756756757,0.21621621621621623,0.6745762711864407,0.09797297297297297,1.0
6656,6656.T,inspec Inc.,Electric Appliances,0.12169312169312169,0.5,0.7526315789473684,0.6973684210526315,0.9788359788359788,0.30526315789473685,0.0
8891,8891.T,"AMG HOLDINGS CO.,LTD.",Real Estate,0.926829268292683,0.9152542372881356,0.4878048780487805,0.9349593495934959,0.9180327868852459,0.35772357723577236,1.0
9816,9816.T,Striders Corporation,Real Estate,0.5772357723577236,0.9661016949152542,0.9186991869918699,0.3983739837398374,0.34426229508196726,0.024390243902439025,1.0
3632,3632.T,"GREE Holdings,Inc.",Information & Communication,0.9173387096774194,0.2762836185819071,0.1364562118126273,0.09218436873747494,0.2032520325203252,0.8096192384769539,1.0
5480,5480.T,"Nippon Yakin kogyo Co.,Ltd.",Iron and Steel,0.42857142857142855,0.7878787878787878,0.5142857142857142,0.15714285714285714,0.17647058823529416,0.6857142857142857,1.0
4420,4420.T,"eSOL Co.,Ltd.",Information & Communication,0.2903225806451613,0.21271393643031786,0.639511201629328,0.24048096192384769,0.1077235772357723,0.5671342685370742,1.0
7822,7822.T,"Eidai Co.,Ltd.",Other Products,0.9591836734693877,0.5,0.20408163265306123,0.08163265306122448,0.24489795918367352,0.3979591836734694,1.0
3550,3550.T,"STUDIO ATAO Co.,Ltd.",Retail Trade,0.5680272108843537,0.3552123552123552,0.7533783783783784,0.9273648648648649,0.6,0.057432432432432436,1.0
7637,7637.T,"Hakudo Co.,Ltd.",Wholesale Trade,0.13688212927756654,0.1952191235059761,0.45075757575757575,0.45075757575757575,0.34090909090909094,0.5984848484848485,1.0
7416,7416.T,Haruyama Holdings Inc.,Retail Trade,0.935374149659864,0.4749034749034749,0.3581081081081081,0.4814189189189189,0.15254237288135597,0.21621621621621623,1.0
9867,9867.T,Solekia Limited,Wholesale Trade,0.5817490494296578,0.7649402390438247,0.5454545454545454,0.45075757575757575,0.6553030303030303,0.2916666666666667,1.0
8217,8217.T,"OKUWA CO.,LTD.",Retail Trade,0.9455782312925171,0.03861003861003861,0.5,0.7364864864864865,0.7152542372881356,0.5574324324324325,1.0
6572,6572.T,"OPEN Group,Inc.",Services,0.7337807606263982,0.3631713554987212,0.35294117647058826,0.4419642857142857,0.3667425968109339,0.5691964285714286,1.0
7514,7514.T,"HIMARAYA Co.,Ltd.",Retail Trade,0.8401360544217688,0.5,0.49324324324324326,0.21621621621621623,0.3220338983050848,0.10810810810810811,1.0
8835,8835.T,TAIHEIYO KOUHATSU INCORPORATED,Wholesale Trade,0.9201520912547528,0.4063745019920319,0.026515151515151516,0.19507575757575757,0.5681818181818181,0.9090909090909091,1.0
7561,7561.T,HURXLEY CORPORATION,Retail Trade,0.9251700680272109,0.803088803088803,0.04391891891891892,0.05912162162162162,0.16610169491525428,0.36824324324324326,1.0
4442,4442.T,"VALTES HOLDINGS CO.,LTD.",Information & Communication,0.3185483870967742,0.5696821515892421,0.7006109979633401,0.24048096192384769,0.35365853658536583,0.28857715430861725,1.0
2892,2892.T,"NIHON SHOKUHIN KAKO CO.,LTD.",Foods,0.7663551401869159,0.67,0.21495327102803738,0.37383177570093457,0.7102803738317758,0.3364485981308411,1.0
7570,7570.T,"HASHIMOTO SOGYO HOLDINGS CO.,LTD.",Wholesale Trade,0.5931558935361216,0.7330677290836654,0.35984848484848486,0.19507575757575757,0.3787878787878788,0.42803030303030304,1.0
4310,4310.T,Dream Incubator Inc.,Services,0.38478747203579416,0.030690537084398978,0.12895927601809956,0.6964285714285714,0.683371298405467,0.7299107142857143,1.0
8278,8278.T,"FUJI CO.,LTD.",Retail Trade,0.7687074829931972,0.7567567567567568,0.4831081081081081,0.7364864864864865,0.6677966101694915,0.7195945945945946,1.0
8219,8219.T,"AOYAMA TRADING Co.,Ltd.",Retail Trade,1.0,0.9845559845559846,0.12837837837837837,0.7364864864864865,0.3254237288135593,0.875,1.0
7896,7896.T,"SEVEN INDUSTRIES CO.,LTD.",Other Products,0.8571428571428571,0.5595238095238095,0.32653061224489793,0.42857142857142855,0.47959183673469385,0.07142857142857142,1.0
4666,4666.T,"PARK24 Co.,Ltd.",Real Estate,0.10569105691056911,0.17796610169491525,0.8373983739837398,0.3983739837398374,0.9344262295081968,0.9105691056910569,1.0
3418,3418.T,"BALNIBARBI Co.,Ltd.",Retail Trade,0.3299319727891156,0.23938223938223938,0.668918918918919,0.4814189189189189,0.7186440677966102,0.3885135135135135,1.0
7836,7836.T,"AVIX,Inc.",Other Products,0.21428571428571427,0.39285714285714285,0.6938775510204082,0.7040816326530612,0.4693877551020408,0.5714285714285714,1.0
3915,3915.T,"TerraSky Co.,Ltd",Information & Communication,0.39314516129032256,0.32273838630806845,0.4073319755600815,0.7615230460921844,0.3455284552845529,0.8316633266533067,1.0
9345,9345.T,"Bizmates,Inc.",Services,0.7919463087248322,0.7774936061381074,0.9502262443438914,0.6964285714285714,0.3439635535307517,0.07589285714285714,1.0
7069,7069.T,"CyberBuzz,Inc.",Services,0.035794183445190156,0.649616368286445,0.9140271493212669,0.4419642857142857,0.10022779043280183,0.17633928571428573,1.0
2735,2735.T,"WATTS CO.,LTD.",Retail Trade,0.8571428571428571,0.833976833976834,0.75,0.4814189189189189,0.0474576271186441,0.3783783783783784,1.0
7077,7077.T,"ALiNK Internet,INC.",Services,0.610738255033557,0.5,0.24660633484162897,0.08035714285714286,0.8883826879271071,0.05133928571428571,1.0
4418,4418.T,Japan Data Science Consortium Co.Ltd.,Information & Communication,0.3629032258064516,0.2396088019559902,0.2973523421588595,0.9448897795591182,0.7235772357723578,0.7254509018036072,1.0
7309,7309.T,SHIMANO INC.,Transportation Equipment,0.13636363636363635,0.5172413793103449,0.7272727272727273,0.6818181818181818,0.031746031746031744,0.8939393939393939,1.0
9143,9143.T,"SG HOLDINGS CO.,LTD.",Land Transportation,0.12962962962962962,0.2641509433962264,0.71875,0.046296296296296294,0.8518518518518519,0.8333333333333334,1.0
3479,3479.T,TKP Corporation,Real Estate,0.5691056910569106,0.9322033898305084,0.8211382113821138,0.8089430894308943,0.6147540983606558,0.7642276422764228,1.0
2932,2932.T,"STI Foods Holdings,Inc.",Foods,0.16822429906542055,0.9,0.8037383177570093,0.37383177570093457,0.14953271028037385,0.3177570093457944,1.0
2726,2726.T,"PAL GROUP Holdings CO.,LTD",Retail Trade,0.20748299319727892,0.6216216216216216,0.6858108108108109,0.9273648648648649,0.41355932203389834,0.918918918918919,1.0
2321,2321.T,Softfront Holdings,Information & Communication,0.07056451612903226,0.5,0.17718940936863545,0.24048096192384769,0.9491869918699187,0.875751503006012,0.0
3904,3904.T,KAYAC Inc.,Information & Communication,0.844758064516129,0.8753056234718827,0.9266802443991853,0.7615230460921844,0.4735772357723578,0.23046092184368738,1.0
9896,9896.T,"JK Holdings Co.,Ltd.",Wholesale Trade,0.8060836501901141,0.749003984063745,0.4090909090909091,0.7329545454545454,0.4734848484848485,0.4431818181818182,1.0
3608,3608.T,"TSI HOLDINGS CO.,LTD.",Textiles and Apparels,0.4878048780487805,0.3142857142857143,0.9024390243902439,0.06097560975609756,0.0,0.8536585365853658,1.0
7067,7067.T,Branding Technology Inc.,Services,0.5995525727069351,0.29411764705882354,0.753393665158371,0.21316964285714285,0.193621867881549,0.078125,1.0
5029,5029.T,circlace Inc,Information & Communication,0.20766129032258066,0.5794621026894865,0.9653767820773931,0.7615230460921844,0.21341463414634143,0.20641282565130262,1.0
7049,7049.T,"SHIKIGAKU.Co.,Ltd.",Services,0.39149888143176736,0.21227621483375958,0.9321266968325792,0.4419642857142857,0.09567198177676539,0.421875,1.0
3196,3196.T,"HOTLAND HOLDINGS Co.,Ltd.",Retail Trade,0.20068027210884354,0.08108108108108109,0.7398648648648649,0.21621621621621623,0.7661016949152543,0.8108108108108109,1.0
8237,8237.T,"MATSUYA CO.,LTD.",Retail Trade,0.22108843537414966,0.19305019305019305,0.14189189189189189,0.21621621621621623,0.4949152542372881,0.8513513513513513,1.0
5301,5301.T,"TOKAI CARBON CO.,LTD.",Glass and Ceramics Products,0.3181818181818182,0.34146341463414637,0.1590909090909091,0.6363636363636364,0.8409090909090909,0.8636363636363636,1.0
8929,8929.T,"Aoyama Zaisan Networks Company,Limited",Real Estate,0.12195121951219512,0.3728813559322034,0.8861788617886179,0.3983739837398374,0.35245901639344257,0.6341463414634146,1.0
2820,2820.T,Yamami Company,Foods,0.07476635514018691,0.31,0.514018691588785,0.6728971962616822,0.8691588785046729,0.5233644859813084,1.0
3864,3864.T,Mitsubishi Paper Mills Limited,Pulp and Paper,0.4583333333333333,0.8636363636363636,0.16666666666666666,0.6041666666666666,0.125,0.75,1.0
9980,9980.T,MRK HOLDINGS INC.,Retail Trade,0.8129251700680272,0.14671814671814673,0.6081081081081081,0.9273648648648649,0.7762711864406779,0.5945945945945946,1.0
4651,4651.T,SANIX HOLDINGS INCORPORATED,Services,0.6823266219239373,0.8746803069053708,0.6085972850678733,0.21316964285714285,0.5398633257403189,0.8772321428571429,1.0
9342,9342.T,Sumasapo Inc.,Services,0.15883668903803133,0.5012787723785166,0.9796380090497737,0.6964285714285714,0.8473804100227791,0.3125,1.0
7412,7412.T,ATOM CORPORATION,Retail Trade,0.006802721088435374,0.007722007722007722,0.9222972972972973,0.21621621621621623,0.05423728813559325,0.7364864864864865,1.0
4475,4475.T,HENNGE K.K.,Information & Communication,0.018145161290322582,0.2078239608801956,0.9613034623217923,0.9448897795591182,0.9166666666666666,0.8617234468937875,1.0
3326,3326.T,"RUNSYSTEM CO.,LTD.",Services,0.011185682326621925,0.04859335038363171,0.3167420814479638,0.4419642857142857,0.703872437357631,0.32589285714285715,1.0
7064,7064.T,"Howtelevision,Inc.",Services,0.5682326621923938,0.6138107416879796,0.8619909502262444,0.4419642857142857,0.785876993166287,0.29910714285714285,1.0
6185,6185.T,SMN Corporation,Services,0.5570469798657718,0.3145780051150895,0.5135746606334841,0.9084821428571429,0.9658314350797267,0.3705357142857143,1.0
7807,7807.T,"KOWA CO.,LTD.",Other Products,0.3673469387755102,0.7976190476190477,0.8979591836734694,0.42857142857142855,0.7653061224489796,0.12244897959183673,1.0
6276,6276.T,"SiriusVision CO.,LTD.",Electric Appliances,0.7777777777777778,0.5,0.8578947368421053,0.2,0.9947089947089947,0.33157894736842103,0.0
4751,4751.T,"CyberAgent,Inc.",Services,0.2348993288590604,0.4040920716112532,0.6425339366515838,0.9084821428571429,0.7949886104783599,0.9910714285714286,1.0
2435,2435.T,"CEDAR.Co.,Ltd",Services,0.4519015659955257,0.9641943734015346,0.06561085972850679,0.9084821428571429,0.39179954441913445,0.5870535714285714,1.0
8089,8089.T,Nice Corporation,Wholesale Trade,0.9277566539923955,0.8326693227091634,0.3522727272727273,0.19507575757575757,0.11742424242424243,0.30303030303030304,1.0
8075,8075.T,Shinsho Corporation,Wholesale Trade,0.714828897338403,0.8286852589641435,0.04924242424242424,0.45075757575757575,0.39015151515151514,0.6515151515151515,1.0
3099,3099.T,Isetan Mitsukoshi Holdings Ltd.,Retail Trade,0.3401360544217687,0.3088803088803089,0.07432432432432433,0.7364864864864865,0.4474576271186441,0.9763513513513513,1.0
2796,2796.T,Pharmarise Holdings Corporation,Retail Trade,0.7278911564625851,0.5,0.11148648648648649,0.21621621621621623,0.6983050847457627,0.12837837837837837,1.0
7018,7018.T,Naikai Zosen Corporation,Transportation Equipment,0.15151515151515152,0.27586206896551724,0.030303030303030304,0.06818181818181818,0.0,0.696969696969697,1.0
6612,6612.T,BALMUDA Inc.,Electric Appliances,0.328042328042328,0.5,0.9894736842105263,0.06842105263157895,0.9576719576719577,0.02631578947368421,1.0
7091,7091.T,"Living Platform,Ltd.",Services,0.21700223713646533,0.4833759590792839,0.10407239819004525,0.9084821428571429,0.43735763097949887,0.37723214285714285,1.0
4480,4480.T,"MEDLEY,INC.",Information & Communication,0.12701612903225806,0.5,0.7820773930753564,0.24048096192384769,0.8719512195121951,0.9078156312625251,1.0
9627,9627.T,AIN HOLDINGS INC.,Retail Trade,0.5136054421768708,0.3359073359073359,0.07094594594594594,0.21621621621621623,0.6508474576271186,0.8817567567567568,1.0
3948,3948.T,"HIKARI BUSINESS FORM CO.,LTD.",Pulp and Paper,0.25,0.09090909090909091,0.4583333333333333,0.16666666666666666,0.375,0.20833333333333334,1.0
3777,3777.T,Environment Friendly Holdings Corp.,Information & Communication,0.125,0.0024449877750611247,0.03665987780040733,0.4909819639278557,0.9146341463414634,0.8216432865731463,1.0
3747,3747.T,"INTERTRADE Co.,Ltd.",Information & Communication,0.32661290322580644,0.5,0.45621181262729127,0.24048096192384769,0.8150406504065041,0.531062124248497,0.0
9344,9344.T,Axis Consulting Corporation,Services,0.5167785234899329,0.4373401534526854,0.8099547511312217,0.08035714285714286,0.02050113895216399,0.06696428571428571,1.0
3558,3558.T,"JADE GROUP,Inc.",Retail Trade,0.30952380952380953,0.7258687258687259,0.8074324324324325,0.7364864864864865,0.3016949152542373,0.7432432432432432,1.0
1436,1436.T,GreenEnergy & Company Inc.,Construction,0.31343283582089554,0.09774436090225563,0.7835820895522388,0.10820895522388059,0.15037593984962405,0.5597014925373134,1.0
3536,3536.T,"AXAS HOLDINGS CO.,LTD.",Retail Trade,0.3877551020408163,0.43243243243243246,0.04054054054054054,0.4814189189189189,0.05084745762711862,0.0777027027027027,1.0
9254,9254.T,"Lovable Marketing Group,inc.",Services,0.10067114093959731,0.9002557544757033,0.8257918552036199,0.21316964285714285,0.011389521640091105,0.044642857142857144,1.0
3422,3422.T,"J-MAX Co.,Ltd.",Metal Products,0.9634146341463414,0.5,0.036585365853658534,0.06707317073170732,0.8902439024390244,0.34146341463414637,0.0
7073,7073.T,"JAIC Co.,Ltd.",Services,0.42953020134228187,0.5421994884910486,0.9751131221719457,0.4419642857142857,0.7927107061503417,0.14732142857142858,1.0
5533,5533.T,"Elitz Holdings Co.,Ltd.",Real Estate,0.43089430894308944,0.5,0.967479674796748,0.9349593495934959,0.7131147540983607,0.016260162601626018,1.0
9976,9976.T,"SEKICHU CO.,LTD.",Retail Trade,0.9217687074829932,0.5868725868725869,0.2533783783783784,0.7364864864864865,0.38983050847457623,0.033783783783783786,1.0
3306,3306.T,"THE NIHON SEIMA CO.,LTD.",Wholesale Trade,0.6844106463878327,0.30278884462151395,0.2878787878787879,0.45075757575757575,0.5378787878787878,0.1590909090909091,1.0
9876,9876.T,"COX CO.,LTD.",Retail Trade,0.9047619047619048,0.9420849420849421,0.5135135135135135,0.21621621621621623,0.11186440677966103,0.31756756756756754,1.0
7679,7679.T,"YAKUODO HOLDINGS Co.,Ltd.",Retail Trade,0.7414965986394558,0.888030888030888,0.16891891891891891,0.05912162162162162,0.19999999999999996,0.543918918918919,1.0
6526,6526.T,Socionext Inc.,Electric Appliances,0.14814814814814814,0.3,0.9736842105263158,0.42105263157894735,0.8465608465608465,0.9526315789473684,1.0
8226,8226.T,RIKEI CORPORATION,Wholesale Trade,0.28517110266159695,0.6613545816733067,0.7651515151515151,0.45075757575757575,0.022727272727272707,0.6628787878787878,1.0
4414,4414.T,"FLECT Co.,Ltd.",Information & Communication,0.3467741935483871,0.8533007334963325,0.9490835030549898,0.9448897795591182,0.6199186991869918,0.4969939879759519,1.0
3674,3674.T,"Aucfan Co.,Ltd.",Information & Communication,0.9294354838709677,0.5,0.34419551934826886,0.4909819639278557,0.7621951219512195,0.04208416833667335,1.0
3561,3561.T,"CHIKARANOMOTO HOLDINGS Co.,Ltd.",Retail Trade,0.1054421768707483,0.2625482625482625,0.9425675675675675,0.4814189189189189,0.8067796610169491,0.5472972972972973,1.0
3046,3046.T,JINS HOLDINGS Inc.,Retail Trade,0.047619047619047616,0.29343629343629346,0.9459459459459459,0.9273648648648649,0.5796610169491525,0.9256756756756757,1.0
4574,4574.T,"TAIKO PHARMACEUTICAL CO.,LTD.",Pharmaceutical,0.45652173913043476,0.7037037037037037,0.625,0.6914893617021277,0.276595744680851,0.1276595744680851,1.0
3359,3359.T,"cotta CO.,LTD",Wholesale Trade,0.29277566539923955,0.4860557768924303,0.8409090909090909,0.19507575757575757,0.8484848484848485,0.32575757575757575,1.0
7062,7062.T,"Fureasu Co.,Ltd.",Services,0.5906040268456376,0.5,0.4683257918552036,0.0234375,0.357630979498861,0.16071428571428573,1.0
6580,6580.T,"Writeup Co.,Ltd.",Services,0.6286353467561522,0.8670076726342711,0.8823529411764706,0.4419642857142857,0.1617312072892938,0.84375,1.0
6563,6563.T,Mirai Works Inc.,Services,0.378076062639821,0.2608695652173913,0.9298642533936652,0.6964285714285714,0.2596810933940774,0.09598214285714286,1.0
7065,7065.T,UPR Corporation,Services,0.8612975391498882,0.2915601023017903,0.19457013574660634,0.4419642857142857,0.9248291571753986,0.546875,1.0
3498,3498.T,"Kasumigaseki Capital Co.,Ltd.",Real Estate,0.04878048780487805,0.3474576271186441,0.8699186991869918,0.3983739837398374,0.47540983606557374,0.926829268292683,1.0
9325,9325.T,PHYZ Holdings Inc.,Warehousing and Harbor Transportation Service,0.03333333333333333,0.5483870967741935,0.9354838709677419,0.03225806451612903,0.06451612903225812,0.6451612903225806,1.0
3088,3088.T,MatsukiyoCocokara & Co.,Retail Trade,0.40476190476190477,0.4594594594594595,0.08108108108108109,0.9273648648648649,0.36610169491525424,0.9831081081081081,1.0
3791,3791.T,"IG Port,Inc.",Information & Communication,0.2056451612903226,0.15403422982885084,0.1670061099796334,0.24048096192384769,0.012195121951219523,0.7074148296593187,1.0
3993,3993.T,PKSHA Technology Inc.,Information & Communication,0.24596774193548387,0.18092909535452323,0.2240325865580448,0.24048096192384769,0.5,0.9318637274549099,1.0
2970,2970.T,"GLC GROUP,INC.",Real Estate,0.08943089430894309,0.3813559322033898,0.7154471544715447,0.9349593495934959,0.639344262295082,0.37398373983739835,1.0
7433,7433.T,"Hakuto Co.,Ltd.",Wholesale Trade,0.25475285171102663,0.250996015936255,0.42045454545454547,0.7329545454545454,0.8106060606060606,0.8143939393939394,1.0
8025,8025.T,"TSUKAMOTO CORPORATION CO.,LTD.",Wholesale Trade,0.9391634980988594,0.5,0.03409090909090909,0.022727272727272728,0.5,0.04924242424242424,1.0
3071,3071.T,"Stream Co.,Ltd.",Retail Trade,0.6870748299319728,0.49034749034749037,0.6554054054054054,0.7364864864864865,0.9559322033898305,0.13175675675675674,1.0
8131,8131.T,"Mitsuuroko Group Holdings Co.,Ltd.",Wholesale Trade,0.40304182509505704,0.6932270916334662,0.5,0.7329545454545454,0.803030303030303,0.6439393939393939,1.0
4196,4196.T,NEO MARKETING Inc.,Information & Communication,0.11491935483870967,0.014669926650366748,0.8167006109979633,0.4909819639278557,0.4390243902439024,0.19438877755511022,1.0
9267,9267.T,"Genky DrugStores Co.,Ltd.",Retail Trade,0.35034013605442177,0.5752895752895753,0.13851351351351351,0.4814189189189189,0.623728813559322,0.7466216216216216,1.0
3598,3598.T,"YAMAKI CO.,LTD.",Textiles and Apparels,0.7560975609756098,0.5428571428571428,0.7073170731707317,0.13414634146341464,0.125,0.0975609756097561,1.0
3246,3246.T,"KOSE R.E. Co.,Ltd.",Real Estate,0.8211382113821138,0.6779661016949152,0.34959349593495936,0.3983739837398374,0.23770491803278693,0.13008130081300814,1.0
1966,1966.T,TAKADA CORPORATION,Construction,0.8731343283582089,0.9398496240601504,0.5373134328358209,0.2574626865671642,0.21052631578947367,0.26119402985074625,1.0
1724,1724.T,SYNCLAYER INC.,Construction,0.9104477611940298,0.5037593984962406,0.8059701492537313,0.7686567164179104,0.9548872180451128,0.05970149253731343,1.0
1844,1844.T,"OHMORI CO.,LTD.",Construction,0.2835820895522388,0.3007518796992481,0.2537313432835821,0.48880597014925375,0.09022556390977443,0.48507462686567165,1.0
7567,7567.T,SAKAE ELECTRONICS CORPORATION,Wholesale Trade,0.7110266159695817,0.02390438247011952,0.17803030303030304,0.07196969696969698,0.09469696969696972,0.3977272727272727,1.0
3131,3131.T,SHINDEN HIGHTEX CORPORATION,Wholesale Trade,0.39923954372623577,0.8127490039840638,0.4696969696969697,0.928030303030303,0.9734848484848485,0.4696969696969697,1.0
3079,3079.T,DVx Inc.,Wholesale Trade,0.33460076045627374,0.10358565737051793,0.3143939393939394,0.45075757575757575,0.5984848484848485,0.15151515151515152,1.0
3349,3349.T,COSMOS Pharmaceutical Corporation,Retail Trade,0.3741496598639456,0.5212355212355212,0.24324324324324326,0.7364864864864865,0.6101694915254237,0.956081081081081,1.0
5587,5587.T,Inbound Platform Corp.,Information & Communication,0.4415322580645161,0.5819070904645477,0.9409368635437881,0.4909819639278557,0.9552845528455285,0.2925851703406814,1.0
2876,2876.T,Delsole Corporation,Foods,0.822429906542056,0.5,0.897196261682243,0.056074766355140186,0.9719626168224299,0.018691588785046728,1.0
6614,6614.T,"Shikino High-Tech CO.,LTD.",Electric Appliances,0.3333333333333333,0.5,0.5947368421052631,0.2,0.6243386243386244,0.24736842105263157,1.0
8077,8077.T,TORQ Inc.,Wholesale Trade,0.9619771863117871,0.9282868525896414,0.16287878787878787,0.45075757575757575,0.7727272727272727,0.13636363636363635,1.0
7373,7373.T,"Aidma Holdings,Inc.",Services,0.27069351230425054,0.8414322250639387,0.9004524886877828,0.9084821428571429,0.601366742596811,0.8504464285714286,1.0
3858,3858.T,Ubiquitous AI Corporation,Information & Communication,0.532258064516129,0.5,0.7128309572301426,0.24048096192384769,0.9512195121951219,0.4188376753507014,1.0
8142,8142.T,"TOHO Co.,Ltd.",Wholesale Trade,0.2661596958174905,0.6653386454183267,0.9090909090909091,0.45075757575757575,0.7878787878787878,0.7159090909090909,1.0
8013,8013.T,"NAIGAI CO.,LTD.",Textiles and Apparels,0.8048780487804879,0.11428571428571428,0.7804878048780488,0.13414634146341464,0.15000000000000002,0.24390243902439024,1.0
9969,9969.T,"SHOKUBUN CO.,LTD.",Retail Trade,0.6326530612244898,0.5,0.28716216216216217,0.4814189189189189,0.3491525423728814,0.08783783783783784,0.0
8225,8225.T,"Takachiho Co.,Ltd.",Wholesale Trade,0.3916349809885932,0.8207171314741036,0.928030303030303,0.7329545454545454,0.6325757575757576,0.09090909090909091,1.0
7687,7687.T,"MICREED Co.,Ltd.",Wholesale Trade,0.11787072243346007,0.5856573705179283,0.9962121212121212,0.928030303030303,0.46212121212121215,0.16666666666666666,1.0
3004,3004.T,SHINYEI KAISHA,Wholesale Trade,0.4524714828897338,0.8804780876494024,0.6893939393939394,0.19507575757575757,0.25757575757575757,0.38636363636363635,1.0
6096,6096.T,"RareJob,Inc.",Services,0.4004474272930649,0.5677749360613811,0.8416289592760181,0.9084821428571429,0.4943052391799544,0.328125,1.0
3082,3082.T,"KICHIRI HOLDINGS & Co.,Ltd.",Retail Trade,0.07482993197278912,0.16216216216216217,0.9695945945945946,0.9273648648648649,0.7220338983050847,0.2702702702702703,1.0
7599,7599.T,IDOM Inc.,Wholesale Trade,0.19391634980988592,0.50199203187251,0.7954545454545454,0.07196969696969698,0.3939393939393939,0.946969696969697,1.0
7494,7494.T,"KONAKA CO.,LTD.",Retail Trade,0.9319727891156463,0.4864864864864865,0.6722972972972973,0.7364864864864865,0.3627118644067797,0.24662162162162163,1.0
2533,2533.T,"Oenon Holdings,Inc.",Foods,0.5514018691588785,0.79,0.48598130841121495,0.6728971962616822,0.3457943925233645,0.4766355140186916,1.0
7537,7537.T,MARUBUN CORPORATION,Wholesale Trade,0.5893536121673004,0.5737051792828686,0.25,0.928030303030303,0.9393939393939394,0.7272727272727273,1.0
2489,2489.T,Adways Inc.,Services,0.8859060402684564,0.10485933503836317,0.6040723981900452,0.21316964285714285,0.17995444191343968,0.6473214285714286,1.0
8135,8135.T,ZETT CORPORATION,Wholesale Trade,0.8136882129277566,0.9800796812749004,0.6818181818181818,0.19507575757575757,0.21590909090909094,0.3409090909090909,1.0
3179,3179.T,"Syuppin Co.,Ltd.",Retail Trade,0.2891156462585034,0.6911196911196911,0.4222972972972973,0.21621621621621623,0.08813559322033904,0.6993243243243243,1.0
4720,4720.T,"JOHNAN ACADEMIC PREPARATORY INSTITUTE,INC.",Services,0.680089485458613,0.5,0.2239819004524887,0.0234375,0.8109339407744874,0.19419642857142858,0.0
6195,6195.T,"HOPE,INC.",Services,0.18791946308724833,0.7877237851662404,0.920814479638009,0.6964285714285714,0.059225512528473856,0.34151785714285715,1.0
7060,7060.T,geechs inc.,Services,0.36465324384787473,0.5,0.6583710407239819,0.4419642857142857,0.4533029612756264,0.36160714285714285,0.0
9237,9237.T,"Emimen Co.,Ltd.",Services,0.21029082774049218,0.2020460358056266,0.5,0.21316964285714285,0.2027334851936219,0.5022321428571429,1.0
9932,9932.T,"SUGIMOTO & CO.,LTD.",Wholesale Trade,0.7718631178707225,0.5976095617529881,0.5075757575757576,0.7329545454545454,0.5833333333333333,0.48484848484848486,1.0
2593,2593.T,"ITO EN,LTD.",Foods,0.2897196261682243,0.47,0.8598130841121495,0.37383177570093457,0.3738317757009346,0.897196261682243,1.0
4933,4933.T,"I-ne CO.,LTD.",Chemicals,0.3621621621621622,0.7588235294117647,0.9675675675675676,0.6054054054054054,0.7650273224043715,0.4594594594594595,1.0
9962,9962.T,MISUMI Group Inc.,Wholesale Trade,0.03802281368821293,0.09561752988047809,0.8674242424242424,0.45075757575757575,0.875,0.9886363636363636,1.0
7906,7906.T,"YONEX CO.,LTD.",Other Products,0.09183673469387756,0.2857142857142857,0.8673469387755102,0.7040816326530612,0.44897959183673475,0.8979591836734694,1.0
8275,8275.T,FORVAL CORPORATION,Wholesale Trade,0.2509505703422053,0.5219123505976095,0.9583333333333334,0.928030303030303,0.8181818181818181,0.2840909090909091,1.0
9625,9625.T,"CERESPO CO.,LTD.",Services,0.9351230425055929,0.5,0.4343891402714932,0.21316964285714285,0.8861047835990888,0.2544642857142857,0.0
8136,8136.T,"Sanrio Company,Ltd.",Wholesale Trade,0.0038022813688212928,0.08366533864541832,0.9204545454545454,0.7329545454545454,0.3712121212121212,1.0,1.0
4477,4477.T,"BASE,Inc.",Information & Communication,0.4213709677419355,0.3863080684596577,0.0814663951120163,0.7615230460921844,0.540650406504065,0.843687374749499,1.0
5248,5248.T,"TECHNOLOGIES,Inc.",Information & Communication,0.6370967741935484,0.9290953545232273,0.054989816700611,0.09218436873747494,0.04268292682926833,0.5370741482965932,1.0
8844,8844.T,"COSMOS INITIA Co.,Ltd.",Real Estate,0.6991869918699187,0.6949152542372882,0.5040650406504065,0.6341463414634146,0.4426229508196722,0.5365853658536586,1.0
4026,4026.T,"Konoshima Chemical Co.,Ltd.",Glass and Ceramics Products,0.25,0.43902439024390244,0.7272727272727273,0.6363636363636364,0.9090909090909091,0.5454545454545454,1.0
2722,2722.T,"IK HOLDINGS Co.,Ltd.",Retail Trade,0.5748299319727891,0.861003861003861,0.831081081081081,0.7364864864864865,0.10508474576271187,0.19594594594594594,1.0
7094,7094.T,NexTone Inc.,Services,0.2930648769574944,0.4680306905370844,0.4004524886877828,0.6964285714285714,0.8610478359908884,0.8013392857142857,1.0
6063,6063.T,"Emergency Assistance Japan Co., Ltd.",Services,0.6532438478747203,0.23017902813299232,0.23755656108597284,0.9084821428571429,0.6879271070615034,0.026785714285714284,1.0
6031,6031.T,ZETA INC.,Services,0.1610738255033557,0.2506393861892583,0.6877828054298643,0.6964285714285714,0.4419134396355353,0.5379464285714286,1.0
4178,4178.T,Sharing Innovations Inc.,Information & Communication,0.7459677419354839,0.039119804400977995,0.5112016293279023,0.4909819639278557,0.5934959349593496,0.01603206412825651,1.0
7046,7046.T,TDSE Inc.,Services,0.6129753914988815,0.26342710997442453,0.42081447963800905,0.21316964285714285,0.4624145785876993,0.125,1.0
3611,3611.T,MATSUOKA CORPORATION,Textiles and Apparels,0.6097560975609756,0.7428571428571429,0.14634146341463414,0.7317073170731707,0.30000000000000004,0.6585365853658537,1.0
5699,5699.T,"IBOKIN Co.,Ltd.",Iron and Steel,0.14285714285714285,0.5151515151515151,0.9428571428571428,0.05714285714285714,0.0,0.37142857142857144,1.0
8011,8011.T,SANYO SHOKAI LTD.,Textiles and Apparels,0.24390243902439024,0.7714285714285715,0.926829268292683,0.13414634146341464,0.050000000000000044,0.7073170731707317,1.0
6338,6338.T,Takatori Corporation,Machinery,0.5053191489361702,0.3620689655172414,0.22340425531914893,0.06648936170212766,0.05319148936170215,0.3404255319148936,1.0
3678,3678.T,"MEDIA DO Co.,Ltd.",Information & Communication,0.8326612903225806,0.7799511002444988,0.07942973523421588,0.24048096192384769,0.426829268292683,0.6833667334669339,1.0
8887,8887.T,"SYLA Holdings Co.,Ltd.",Real Estate,0.42276422764227645,0.5,0.08130081300813008,0.3983739837398374,0.9016393442622951,0.45528455284552843,1.0
7220,7220.T,"MUSASHI SEIMITSU INDUSTRY CO.,LTD.",Transportation Equipment,0.030303030303030304,0.034482758620689655,0.4090909090909091,0.9242424242424242,0.7301587301587302,0.9696969696969697,1.0
8105,8105.T,Bitcoin Japan Corporation,Wholesale Trade,0.030418250950570342,0.5,0.7121212121212122,0.07196969696969698,0.6818181818181819,0.875,1.0
9930,9930.T,"KITAZAWA SANGYO CO.,LTD.",Wholesale Trade,0.7908745247148289,0.6334661354581673,0.5606060606060606,0.19507575757575757,0.10227272727272729,0.10984848484848485,1.0
6330,6330.T,TOYO ENGINEERING CORPORATION,Construction,0.09701492537313433,0.022556390977443608,0.1417910447761194,0.022388059701492536,0.18045112781954886,0.9626865671641791,1.0
7808,7808.T,"C.S. LUMBER CO.,INC",Other Products,0.8061224489795918,0.9642857142857143,0.15306122448979592,0.22448979591836735,0.7142857142857143,0.2653061224489796,1.0
5408,5408.T,"NAKAYAMA STEEL WORKS,LTD.",Iron and Steel,0.7714285714285715,0.7575757575757576,0.6571428571428571,0.37142857142857144,0.4117647058823529,0.5714285714285714,1.0
6035,6035.T,"IR Japan Holdings,Ltd.",Services,0.2953020134228188,0.5319693094629157,0.8235294117647058,0.4419642857142857,0.1389521640091116,0.6227678571428571,1.0
5619,5619.T,"MRSO.,Inc",Information & Communication,0.5907258064516129,0.5,0.5193482688391039,0.02905811623246493,0.3313008130081301,0.004008016032064128,1.0
4263,4263.T,"SUSMED,Inc.",Information & Communication,0.4536290322580645,0.5,0.5,0.09218436873747494,0.17886178861788615,0.8176352705410822,0.0
9308,9308.T,"Inui Global Logistics Co.,Ltd.",Marine Transportation,0.2727272727272727,0.45454545454545453,0.3333333333333333,0.6363636363636364,0.6363636363636364,0.36363636363636365,1.0
2491,2491.T,"ValueCommerce Co.,Ltd.",Services,0.9753914988814317,0.24296675191815856,0.6153846153846154,0.4419642857142857,0.8382687927107062,0.8191964285714286,1.0
2438,2438.T,"Asukanet Company,Limited",Services,0.756152125279642,0.5,0.6447963800904978,0.21316964285714285,0.9681093394077449,0.5245535714285714,1.0
3181,3181.T,"KAITORI OKOKU CO.,LTD.",Retail Trade,0.6394557823129252,0.7876447876447876,0.6891891891891891,0.4814189189189189,0.3830508474576271,0.2939189189189189,1.0
8103,8103.T,Meiwa Corporation,Wholesale Trade,0.46387832699619774,0.7410358565737052,0.19318181818181818,0.928030303030303,0.46590909090909094,0.9015151515151515,1.0
1840,1840.T,"TSUCHIYA HOLDINGS CO.,LTD.",Construction,0.9402985074626866,0.06015037593984962,0.917910447761194,0.48880597014925375,0.8195488721804511,0.05223880597014925,1.0
9145,9145.T,"BEING HOLDINGS CO.,LTD.",Land Transportation,0.1111111111111111,0.7924528301886793,0.875,0.24074074074074073,0.6296296296296297,0.3148148148148148,1.0
2687,2687.T,CVS Bay Area Inc.,Services,0.8814317673378076,0.5,0.45701357466063347,0.21316964285714285,0.9476082004555808,0.11607142857142858,1.0
7613,7613.T,SIIX CORPORATION,Wholesale Trade,0.7490494296577946,0.09163346613545817,0.056818181818181816,0.45075757575757575,0.946969696969697,0.8409090909090909,1.0
2991,2991.T,LANDNET Inc.,Real Estate,0.8130081300813008,0.9830508474576272,0.9512195121951219,0.07317073170731707,0.12295081967213117,0.3008130081300813,1.0
7096,7096.T,StemCell Institute,Services,0.23937360178970918,0.38618925831202044,0.22850678733031674,0.4419642857142857,0.35990888382687924,0.4107142857142857,1.0
3929,3929.T,"SOCIALWIRE CO.,LTD.",Information & Communication,0.36088709677419356,0.26894865525672373,0.8981670061099797,0.4909819639278557,0.2784552845528455,0.2725450901803607,1.0
3223,3223.T,SLD Entertainment Inc.,Retail Trade,0.22789115646258504,0.47104247104247104,1.0,0.7364864864864865,0.23728813559322037,0.060810810810810814,1.0
7898,7898.T,"WOOD ONE CO.,LTD.",Other Products,0.9795918367346939,0.9523809523809523,0.21428571428571427,0.9336734693877551,0.5918367346938775,0.3673469387755102,1.0
4558,4558.T,"CHUKYO IYAKUHIN CO.,LTD.",Pharmaceutical,0.782608695652174,0.1111111111111111,1.0,0.8617021276595744,0.34042553191489366,0.06382978723404255,1.0
6634,6634.T,JN Group Inc.,Electric Appliances,0.9682539682539683,0.5,0.010526315789473684,0.2,0.5396825396825398,0.1736842105263158,0.0
9270,9270.T,Valuence Holdings Inc.,Wholesale Trade,0.022813688212927757,0.035856573705179286,0.9772727272727273,0.07196969696969698,0.14015151515151514,0.7916666666666666,1.0
6775,6775.T,TB GROUP INC.,Electric Appliances,0.3386243386243386,0.5,1.0,0.2,0.1428571428571429,0.2578947368421053,0.0
1407,1407.T,West Holdings Corporation,Construction,0.04477611940298507,0.24812030075187969,0.23134328358208955,0.10820895522388059,0.5338345864661654,0.8582089552238806,1.0
5632,5632.T,"Mitsubishi Steel Mfg.Co.,Ltd.",Iron and Steel,0.37142857142857144,0.3939393939393939,0.7714285714285715,0.6571428571428571,0.5588235294117647,0.5428571428571428,1.0
3600,3600.T,FUJIX Ltd.,Textiles and Apparels,0.975609756097561,0.5,0.21951219512195122,0.2926829268292683,0.65,0.024390243902439025,1.0
5269,5269.T,"NIPPON CONCRETE INDUSTRIES CO.,LTD.",Glass and Ceramics Products,0.9090909090909091,0.5,0.045454545454545456,0.125,0.34090909090909094,0.36363636363636365,1.0
7686,7686.T,"HitoMile Co.,Ltd.",Retail Trade,0.30272108843537415,0.2972972972972973,0.7466216216216216,0.21621621621621623,0.7254237288135593,0.1858108108108108,1.0
2981,2981.T,Landix Inc.,Real Estate,0.7804878048780488,0.9576271186440678,0.6829268292682927,0.2073170731707317,0.016393442622950838,0.3170731707317073,1.0
7983,7983.T,Miroku Corporation,Other Products,0.9387755102040817,0.5,0.02040816326530612,0.22448979591836735,0.9591836734693877,0.14285714285714285,0.0
5588,5588.T,"Fast Accounting Co.,Ltd.",Information & Communication,0.11290322580645161,0.1100244498777506,0.8085539714867617,0.7615230460921844,0.7032520325203252,0.533066132264529,1.0
7625,7625.T,"GLOBAL-DINING,INC.",Retail Trade,0.7074829931972789,0.637065637065637,0.033783783783783786,0.4814189189189189,0.8847457627118644,0.12162162162162163,1.0
9417,9417.T,"Smartvalue Co.,Ltd.",Information & Communication,0.8185483870967742,0.9926650366748166,0.008146639511201629,0.24048096192384769,0.15243902439024393,0.5430861723446894,1.0
4371,4371.T,Core Concept Technologies Inc.,Information & Communication,0.14919354838709678,0.4352078239608802,0.8574338085539714,0.7615230460921844,0.6077235772357723,0.7655310621242485,1.0
3663,3663.T,"CELSYS,Inc.",Information & Communication,0.5,0.16136919315403422,0.9022403258655805,0.7615230460921844,0.8678861788617886,0.8196392785571143,0.0
4936,4936.T,AXXZIA Inc.,Chemicals,0.41621621621621624,0.20588235294117646,0.9837837837837838,0.32972972972972975,0.7322404371584699,0.16216216216216217,1.0
9064,9064.T,"YAMATO HOLDINGS CO.,LTD.",Land Transportation,0.5,0.5849056603773585,0.125,0.046296296296296294,0.07407407407407407,0.8148148148148148,1.0
3987,3987.T,Ecomott Inc.,Information & Communication,0.1774193548387097,0.5,0.5723014256619144,0.02905811623246493,0.0955284552845529,0.4789579158316633,0.0
5410,5410.T,"Godo Steel,Ltd.",Iron and Steel,0.8285714285714286,0.9090909090909091,0.5428571428571428,0.37142857142857144,0.6176470588235294,0.6571428571428571,1.0
1888,1888.T,"WAKACHIKU CONSTRUCTION CO.,LTD.",Construction,0.6940298507462687,0.6390977443609023,0.4253731343283582,0.10820895522388059,0.03759398496240607,0.373134328358209,1.0
4412,4412.T,"Science Arts,Inc.",Information & Communication,0.04233870967741935,0.03178484107579462,0.6843177189409368,0.4909819639278557,0.8760162601626016,0.6232464929859719,1.0
9244,9244.T,DIGITALIFT Inc.,Services,0.3713646532438479,0.5831202046035806,0.6764705882352942,0.9084821428571429,0.6742596810933941,0.17410714285714285,1.0
9439,9439.T,M・H・GROUP LTD.,Services,0.042505592841163314,0.01278772378516624,0.33710407239819007,0.4419642857142857,0.3120728929384966,0.12723214285714285,1.0
8104,8104.T,KUWAZAWA Holdings Corporation,Wholesale Trade,0.7984790874524715,0.4541832669322709,0.4393939393939394,0.928030303030303,0.8295454545454546,0.25757575757575757,1.0
4040,4040.T,"NANKAI CHEMICAL COMPANY,LIMITED",Chemicals,0.4,0.8470588235294118,0.6864864864864865,0.13783783783783785,0.049180327868852514,0.2756756756756757,1.0
3474,3474.T,"G-FACTORY CO.,LTD.",Real Estate,0.3008130081300813,0.5,0.983739837398374,0.6341463414634146,0.8360655737704918,0.008130081300813009,0.0
4370,4370.T,Mobilus Corporation,Information & Communication,0.7217741935483871,0.38141809290953543,0.7841140529531568,0.7615230460921844,0.7865853658536586,0.156312625250501,1.0
5698,5698.T,ENVIPRO HOLDINGS Inc.,Iron and Steel,0.02857142857142857,0.18181818181818182,0.9714285714285714,0.9,0.7941176470588236,0.6285714285714286,1.0
3494,3494.T,"Mullion Co.,Ltd.",Real Estate,0.8699186991869918,0.847457627118644,0.14634146341463414,0.9349593495934959,0.860655737704918,0.04065040650406504,1.0
3653,3653.T,"Morpho,Inc.",Information & Communication,0.8508064516129032,0.5,0.6252545824847251,0.4909819639278557,0.5060975609756098,0.41282565130260523,1.0
3154,3154.T,"MEDIUS HOLDINGS Co.,Ltd.",Wholesale Trade,0.4828897338403042,0.41832669322709165,0.7159090909090909,0.928030303030303,0.8446969696969697,0.4166666666666667,1.0
3998,3998.T,"SuRaLa Net Co.,Ltd.",Information & Communication,0.8931451612903226,0.5,0.6517311608961304,0.4909819639278557,0.8313008130081301,0.08216432865731463,1.0
4704,4704.T,Trend Micro Incorporated,Information & Communication,0.0625,0.25183374083129584,0.439918533604888,0.24048096192384769,0.6585365853658536,0.9899799599198397,1.0
9362,9362.T,"HYOKI KAIUN KAISHA,LTD.",Warehousing and Harbor Transportation Service,0.36666666666666664,0.6774193548387096,0.9032258064516129,0.3064516129032258,0.5806451612903225,0.12903225806451613,1.0
2607,2607.T,"FUJI OIL CO.,LTD.",Foods,0.29906542056074764,0.5,0.11214953271028037,0.014018691588785047,0.09345794392523366,0.9065420560747663,1.0
7363,7363.T,baby calendar Inc.,Services,0.5033557046979866,0.03836317135549872,0.8190045248868778,0.4419642857142857,0.9498861047835991,0.07142857142857142,1.0
7531,7531.T,SEIWA CHUO HOLDINGS CORPORATION,Wholesale Trade,0.9581749049429658,0.3187250996015936,0.045454545454545456,0.928030303030303,0.7424242424242424,0.011363636363636364,1.0
3393,3393.T,"Startia Holdings,Inc.",Wholesale Trade,0.015209125475285171,0.3147410358565737,0.9810606060606061,0.45075757575757575,0.2954545454545454,0.6553030303030303,1.0
4165,4165.T,"PLAID,Inc.",Information & Communication,0.12096774193548387,0.4278728606356968,0.9837067209775967,0.24048096192384769,0.21138211382113825,0.8076152304609219,1.0
3562,3562.T,"No.1 Co.,Ltd",Wholesale Trade,0.07984790874524715,0.6693227091633466,0.9621212121212122,0.19507575757575757,0.303030303030303,0.5151515151515151,1.0
7033,7033.T,"Management Solutions Co.,Ltd.",Services,0.14541387024608501,0.6214833759590793,0.9683257918552036,0.4419642857142857,0.7061503416856492,0.7901785714285714,1.0
9171,9171.T,"Kuribayashi Steamship Co.,Ltd.",Marine Transportation,0.7272727272727273,0.2727272727272727,1.0,0.8636363636363636,0.8181818181818181,0.18181818181818182,1.0
6047,6047.T,Gunosy Inc.,Services,0.7583892617449665,0.11764705882352941,0.22171945701357465,0.08035714285714286,0.12300683371298404,0.7388392857142857,1.0
8185,8185.T,"CHIYODA CO.,LTD.",Retail Trade,0.826530612244898,0.023166023166023165,0.4155405405405405,0.05912162162162162,0.07457627118644072,0.6216216216216216,1.0
4937,4937.T,Waqoo Inc.,Chemicals,0.11351351351351352,0.5,0.918918918918919,0.04054054054054054,0.825136612021858,0.11891891891891893,0.0
9903,9903.T,"KANSEKI CO.,LTD",Retail Trade,0.5034013605442177,0.21235521235521235,0.23310810810810811,0.4814189189189189,0.3864406779661017,0.14527027027027026,1.0
6425,6425.T,Universal Entertainment Corporation,Machinery,0.9893617021276596,0.5,0.4627659574468085,0.2047872340425532,0.9946808510638298,0.6329787234042553,0.0
3542,3542.T,"Vega corporation Co.,Ltd.",Retail Trade,0.2585034013605442,0.27413127413127414,0.8209459459459459,0.4814189189189189,0.3525423728813559,0.5,1.0
9843,9843.T,"Nitori Holdings Co.,Ltd.",Retail Trade,0.46258503401360546,0.5,0.6790540540540541,0.015202702702702704,0.5,0.9898648648648649,1.0
3559,3559.T,p-ban.com Corp.,Wholesale Trade,0.22433460076045628,0.2350597609561753,0.875,0.7329545454545454,0.6704545454545454,0.1553030303030303,1.0
2708,2708.T,"KUZE CO.,LTD.",Wholesale Trade,0.3574144486692015,0.9442231075697212,0.9734848484848485,0.45075757575757575,0.12878787878787878,0.21212121212121213,1.0
7851,7851.T,"KAWASE COMPUTER SUPPLIES CO.,LTD.",Other Products,0.9081632653061225,0.8214285714285714,0.35714285714285715,0.9336734693877551,0.37755102040816324,0.30612244897959184,1.0
7957,7957.T,"FUJICOPIAN CO.,LTD.",Other Products,0.9285714285714286,0.5,0.11224489795918367,0.22448979591836735,0.9693877551020408,0.1836734693877551,1.0
9159,9159.T,W TOKYO Inc.,Services,0.13646532438478748,0.13554987212276215,0.7081447963800905,0.6964285714285714,0.9544419134396356,0.7991071428571429,1.0
2652,2652.T,MANDARAKE INC.,Retail Trade,0.6836734693877551,0.7837837837837838,0.2972972972972973,0.4814189189189189,0.0847457627118644,0.42567567567567566,1.0
3054,3054.T,HYPER Inc.,Wholesale Trade,0.6463878326996197,0.6533864541832669,0.9015151515151515,0.7329545454545454,0.9318181818181819,0.08712121212121213,1.0
3529,3529.T,"ATSUGI CO.,LTD.",Textiles and Apparels,0.6585365853658537,0.5,0.4634146341463415,0.2926829268292683,0.6,0.6097560975609756,1.0
3696,3696.T,CERES INC.,Information & Communication,0.6068548387096774,0.9633251833740831,0.4317718940936864,0.24048096192384769,0.08943089430894313,0.8496993987975952,1.0
8836,8836.T,RISE Inc.,Real Estate,0.34959349593495936,0.6864406779661016,0.6097560975609756,0.8089430894308943,0.21311475409836067,0.21951219512195122,1.0
5332,5332.T,TOTO LTD.,Glass and Ceramics Products,0.11363636363636363,0.07317073170731707,0.9318181818181818,0.6363636363636364,0.8636363636363636,0.9545454545454546,1.0
8946,8946.T,ASIAN STAR CO.,Real Estate,0.7235772357723578,0.2542372881355932,0.8130081300813008,0.3983739837398374,0.30327868852459017,0.3821138211382114,1.0
2130,2130.T,"Members Co.,Ltd.",Services,0.2595078299776286,0.12020460358056266,0.5882352941176471,0.6964285714285714,0.5193621867881548,0.7589285714285714,1.0
5950,5950.T,"JAPAN POWER FASTENING CO.,LTD.",Metal Products,0.3170731707317073,0.5,0.6463414634146342,0.4695121951219512,0.41463414634146345,0.2073170731707317,1.0
3374,3374.T,Naigai Tec Corporation,Wholesale Trade,0.49429657794676807,0.601593625498008,0.26515151515151514,0.19507575757575757,0.09848484848484851,0.5492424242424242,1.0
4814,4814.T,Nextware Ltd.,Information & Communication,0.5483870967741935,0.5,0.6496945010183299,0.7615230460921844,0.7296747967479675,0.6292585170340681,0.0
3465,3465.T,"KI-STAR REAL ESTATE CO.,LTD",Real Estate,0.7073170731707317,0.8813559322033898,0.43902439024390244,0.3983739837398374,0.4918032786885246,0.8455284552845529,1.0
2215,2215.T,"FIRST BAKING CO.,LTD.",Foods,0.9252336448598131,0.65,0.7850467289719626,0.37383177570093457,0.16822429906542058,0.16822429906542055,1.0
3907,3907.T,Silicon Studio Corp.,Information & Communication,0.5120967741935484,0.37163814180929094,0.869653767820774,0.9448897795591182,0.6097560975609756,0.8376753507014028,1.0
5574,5574.T,"ABEJA,Inc.",Information & Communication,0.09879032258064516,0.08068459657701711,0.5804480651731161,0.7615230460921844,0.9796747967479675,0.8517034068136272,1.0
5527,5527.T,property technologies Inc.,Real Estate,0.6422764227642277,0.7457627118644068,0.6016260162601627,0.6341463414634146,0.4590163934426229,0.3333333333333333,1.0
7952,7952.T,"Kawai Musical Instruments Manufacturing Co.,Ltd.",Other Products,0.6530612244897959,0.5,0.47959183673469385,0.015306122448979591,0.2551020408163265,0.6122448979591837,1.0
2440,2440.T,"Gurunavi,Inc.",Services,0.6152125279642058,0.1969309462915601,0.8710407239819005,0.6964285714285714,0.7266514806378133,0.47767857142857145,1.0
3900,3900.T,CrowdWorks Inc.,Information & Communication,0.625,0.5,0.824847250509165,0.24048096192384769,0.9308943089430894,0.7274549098196392,1.0
3841,3841.T,Jedat Inc.,Information & Communication,0.7298387096774194,0.2713936430317848,0.3380855397148676,0.4909819639278557,0.233739837398374,0.11222444889779559,1.0
5591,5591.T,AVILEN Inc.,Information & Communication,0.05040322580645161,0.17603911980440098,0.9470468431771895,0.7615230460921844,0.30081300813008127,0.49298597194388777,1.0
2678,2678.T,ASKUL Corporation,Retail Trade,0.4965986394557823,0.6563706563706564,0.38513513513513514,0.7364864864864865,0.3389830508474576,0.847972972972973,1.0
9262,9262.T,"SILVER LIFE CO.,LTD.",Retail Trade,0.5952380952380952,0.6872586872586872,0.34121621621621623,0.7364864864864865,0.847457627118644,0.40878378378378377,1.0
7238,7238.T,"AKEBONO BRAKE INDUSTRY CO.,LTD.",Transportation Equipment,0.5606060606060606,0.5,0.24242424242424243,0.22727272727272727,0.7936507936507937,0.5757575757575758,1.0
4175,4175.T,coly Inc.,Information & Communication,0.40524193548387094,0.009779951100244499,0.6089613034623218,0.09218436873747494,0.05081300813008127,0.44488977955911824,1.0
5888,5888.T,"DAIWA CYCLE CO.,LTD.",Retail Trade,0.5544217687074829,0.8918918918918919,0.7972972972972973,0.4814189189189189,0.12542372881355934,0.47635135135135137,1.0
2997,2997.T,"STORAGE-OH Co.,Ltd.",Real Estate,0.3333333333333333,0.2457627118644068,0.4796747967479675,0.2073170731707317,0.1885245901639344,0.06504065040650407,1.0
2681,2681.T,GEO HOLDINGS CORPORATION,Retail Trade,0.6972789115646258,0.4362934362934363,0.5371621621621622,0.21621621621621623,0.33220338983050846,0.7837837837837838,1.0
5449,5449.T,"OSAKA STEEL CO.,LTD.",Iron and Steel,0.5428571428571428,0.09090909090909091,0.08571428571428572,0.9,0.5294117647058824,0.5142857142857142,1.0
2760,2760.T,TOKYO ELECTRON DEVICE LIMITED,Wholesale Trade,0.045627376425855515,0.3426294820717131,0.42803030303030304,0.45075757575757575,0.8863636363636364,0.928030303030303,1.0
7590,7590.T,"TAKASHO CO.,LTD.",Wholesale Trade,0.844106463878327,0.055776892430278883,0.7196969696969697,0.928030303030303,0.6287878787878788,0.32954545454545453,1.0
8912,8912.T,Area Quest Inc.,Real Estate,0.18699186991869918,0.11864406779661017,0.6341463414634146,0.6341463414634146,0.819672131147541,0.4634146341463415,1.0
4395,4395.T,Accrete Inc.,Information & Communication,0.5826612903225806,0.43765281173594134,0.31160896130346233,0.02905811623246493,0.014227642276422814,0.657314629258517,1.0
6324,6324.T,Harmonic Drive Systems Inc.,Machinery,0.02127659574468085,0.011494252873563218,0.14893617021276595,0.9202127659574468,0.6648936170212766,0.9574468085106383,1.0
3266,3266.T,"Fund Creation Group Co.,Ltd.",Real Estate,0.6341463414634146,0.5508474576271186,0.5934959349593496,0.2073170731707317,0.1311475409836066,0.24390243902439024,1.0
2764,2764.T,Hiramatsu Inc.,Retail Trade,0.5306122448979592,0.9227799227799228,0.34797297297297297,0.4814189189189189,0.03389830508474578,0.4966216216216216,1.0
7879,7879.T,NODA CORPORATION,Other Products,0.9489795918367347,0.5,0.2653061224489796,0.42857142857142855,0.6836734693877551,0.29591836734693877,0.0
3461,3461.T,"Palma Co.,Ltd.",Real Estate,0.3089430894308943,0.07627118644067797,0.7967479674796748,0.2073170731707317,0.14754098360655743,0.17886178861788618,1.0
9914,9914.T,"Uematsu Shokai Co.,Ltd.",Wholesale Trade,0.8479087452471483,0.21912350597609562,0.2689393939393939,0.07196969696969698,0.05681818181818177,0.11363636363636363,1.0
9556,9556.T,INTLOOP Inc.,Services,0.232662192393736,0.6624040920716112,0.830316742081448,0.9084821428571429,0.40318906605922555,0.8549107142857143,1.0
2931,2931.T,"Euglena Co.,Ltd.",Foods,0.205607476635514,0.5,0.8130841121495327,0.37383177570093457,0.9158878504672897,0.8037383177570093,0.0
7351,7351.T,Goodpatch Inc.,Services,0.7024608501118568,0.6470588235294118,0.7398190045248869,0.6964285714285714,0.856492027334852,0.31026785714285715,1.0
3415,3415.T,"TOKYO BASE Co.,Ltd.",Retail Trade,0.25510204081632654,0.640926640926641,0.706081081081081,0.4814189189189189,0.2677966101694915,0.777027027027027,1.0
4487,4487.T,"Spacemarket,Inc.",Information & Communication,0.2721774193548387,0.6259168704156479,0.745417515274949,0.09218436873747494,0.07317073170731703,0.12424849699398798,1.0
4017,4017.T,CREEMA LTD.,Information & Communication,0.9334677419354839,0.10757946210268948,0.7718940936863544,0.24048096192384769,0.9247967479674797,0.03206412825651302,1.0
4444,4444.T,infoNet inc.,Information & Communication,0.6229838709677419,0.5599022004889975,0.5743380855397149,0.24048096192384769,0.6788617886178862,0.03807615230460922,1.0
4167,4167.T,Kokopelli Inc.,Information & Communication,0.8084677419354839,0.5330073349633252,0.6578411405295316,0.7615230460921844,0.8495934959349594,0.5470941883767535,1.0
7362,7362.T,Terminalcare Support Institute Inc.,Services,0.814317673378076,0.4143222506393862,0.04751131221719457,0.21316964285714285,0.5649202733485194,0.10044642857142858,1.0
4375,4375.T,Safie Inc.,Information & Communication,0.1310483870967742,0.034229828850855744,0.9164969450101833,0.4909819639278557,0.18902439024390238,0.7134268537074149,1.0
7048,7048.T,VELTRA Corporation,Services,0.5123042505592841,0.37851662404092073,0.5,0.4419642857142857,0.7995444191343963,0.5535714285714286,1.0
4434,4434.T,"Serverworks Co.,Ltd.",Information & Communication,0.6129032258064516,0.5,0.0855397148676171,0.24048096192384769,0.75,0.5951903807615231,1.0
3416,3416.T,PIXTA Inc.,Retail Trade,0.5714285714285714,0.5598455598455598,0.5067567567567568,0.21621621621621623,0.04406779661016946,0.04391891891891892,1.0
6557,6557.T,AIAI Group Corporation,Services,0.5100671140939598,0.7263427109974424,0.13122171945701358,0.9084821428571429,0.8405466970387243,0.5915178571428571,1.0
9274,9274.T,"KPP GROUP HOLDINGS CO.,LTD.",Wholesale Trade,0.6311787072243346,0.7729083665338645,0.8106060606060606,0.7329545454545454,0.553030303030303,0.7803030303030303,1.0
7071,7071.T,"Amvis Holdings,Inc.",Services,0.7807606263982103,0.7391304347826086,0.14027149321266968,0.21316964285714285,0.5353075170842825,0.8571428571428571,1.0
9090,9090.T,AZ-COM MARUWA Holdings Inc.,Land Transportation,0.07407407407407407,0.39622641509433965,0.78125,0.5555555555555556,0.18518518518518523,0.4444444444444444,1.0
7353,7353.T,"KIYO Learning Co.,Ltd.",Services,0.2483221476510067,0.5370843989769821,0.8981900452488688,0.6964285714285714,0.8678815489749431,0.16741071428571427,1.0
6552,6552.T,"GameWith,Inc.",Services,0.6331096196868009,0.5,0.4592760180995475,0.4419642857142857,0.3348519362186788,0.6607142857142857,0.0
2813,2813.T,"Wakou Shokuhin Co.,Ltd.",Foods,0.4766355140186916,0.89,0.5514018691588785,0.6728971962616822,0.47663551401869164,0.2523364485981308,1.0
1518,1518.T,"MITSUI MATSUSHIMA HOLDINGS CO.,LTD.",Other Products,0.9693877551020408,1.0,0.1836734693877551,0.08163265306122448,0.13265306122448983,0.7755102040816326,1.0
7130,7130.T,"YAMAE GROUP HOLDINGS CO.,LTD.",Wholesale Trade,0.5057034220532319,0.7370517928286853,0.7272727272727273,0.45075757575757575,0.8143939393939394,0.7613636363636364,1.0
7369,7369.T,"Meiho Holdings,Inc.",Services,0.7651006711409396,0.7135549872122762,0.4117647058823529,0.9084821428571429,0.8724373576309795,0.19866071428571427,1.0
4270,4270.T,BeeX Inc.,Information & Communication,0.6149193548387096,0.7995110024449877,0.3604887983706721,0.4909819639278557,0.17682926829268297,0.40681362725450904,1.0
4020,4020.T,BETREND CORPORATION,Information & Communication,0.46169354838709675,0.5,0.814663951120163,0.24048096192384769,0.8963414634146342,0.006012024048096192,1.0
3976,3976.T,SHANON Inc.,Information & Communication,0.3084677419354839,0.5,0.9877800407331976,0.7615230460921844,0.9857723577235772,0.24248496993987975,0.0
7214,7214.T,GMB CORPORATION,Transportation Equipment,1.0,0.9827586206896551,0.5303030303030303,0.6818181818181818,0.6349206349206349,0.21212121212121213,1.0
7376,7376.T,"BCC Co.,Ltd.",Services,0.15659955257270694,0.5,0.7126696832579186,0.0033482142857142855,0.1503416856492027,0.5357142857142857,0.0
5250,5250.T,"GMO PRIME STRATEGY CO.,LTD.",Information & Communication,0.23387096774193547,0.11491442542787286,0.34623217922606925,0.7615230460921844,0.38211382113821135,0.1062124248496994,1.0
9818,9818.T,"DAIMARU ENAWIN Co.,Ltd.",Wholesale Trade,0.44106463878326996,0.2948207171314741,0.8863636363636364,0.928030303030303,0.8598484848484849,0.03409090909090909,1.0
3069,3069.T,JFLA Holdings Inc.,Foods,0.7757009345794392,0.73,0.7383177570093458,0.17757009345794392,0.2429906542056075,0.27102803738317754,1.0
5491,5491.T,"NIPPON KINZOKU CO.,LTD.",Iron and Steel,0.9428571428571428,0.5757575757575758,0.11428571428571428,0.6571428571428571,0.2941176470588235,0.34285714285714286,1.0
9972,9972.T,"ALTECH CO.,LTD.",Wholesale Trade,0.8897338403041825,0.5,0.4772727272727273,0.19507575757575757,0.9810606060606061,0.1856060606060606,0.0
6069,6069.T,"Trenders,Inc.",Services,0.7225950782997763,0.8516624040920716,0.4819004524886878,0.0234375,0.02733485193621865,0.6205357142857143,1.0
3807,3807.T,FISCO Ltd.,Information & Communication,0.14717741935483872,0.5,0.09164969450101833,0.4909819639278557,0.483739837398374,0.35070140280561124,0.0
8869,8869.T,Meiwa Estate Company Limited,Real Estate,0.8861788617886179,0.788135593220339,0.3089430894308943,0.07317073170731707,0.008196721311475419,0.5203252032520326,1.0
4579,4579.T,RaQualia Pharma Inc.,Pharmaceutical,0.34782608695652173,0.2962962962962963,0.5,0.46808510638297873,0.04255319148936165,0.5106382978723404,1.0
6577,6577.T,"Bestone.Com Co.,Ltd",Services,0.22818791946308725,0.005115089514066497,0.07692307692307693,0.0234375,0.0637813211845103,0.23660714285714285,1.0
7990,7990.T,"GLOBERIDE,Inc.",Other Products,0.40816326530612246,0.5,0.6632653061224489,0.22448979591836735,0.20408163265306123,0.7551020408163265,1.0
7427,7427.T,"ECHO TRADING CO.,LTD.",Wholesale Trade,0.9125475285171103,0.8725099601593626,0.7083333333333334,0.19507575757575757,0.9431818181818182,0.29924242424242425,1.0
5891,5891.T,"Kairikiya Co.,Ltd.",Retail Trade,0.42857142857142855,0.4247104247104247,0.8547297297297297,0.21621621621621623,0.24406779661016953,0.4189189189189189,1.0
1419,1419.T,"Tama Home Co.,Ltd.",Construction,0.05970149253731343,0.03759398496240601,0.9925373134328358,0.2574626865671642,0.6466165413533835,0.7089552238805971,1.0
9557,9557.T,"airCloset,Inc.",Services,0.5302013422818792,0.056265984654731455,0.9095022624434389,0.6964285714285714,0.9954441913439636,0.36607142857142855,1.0
3180,3180.T,BEAUTY GARAGE Inc.,Wholesale Trade,0.07224334600760456,0.27091633466135456,0.9128787878787878,0.19507575757575757,0.6893939393939394,0.5568181818181818,1.0
4772,4772.T,"SM ENTERTAINMENT JAPAN Co.,Ltd.",Information & Communication,0.780241935483871,0.22493887530562348,0.048879837067209775,0.7615230460921844,0.7642276422764227,0.5450901803607214,1.0
9268,9268.T,OPTIMUS GROUP COMPANY LIMITED,Wholesale Trade,0.3650190114068441,0.05179282868525897,0.20454545454545456,0.45075757575757575,0.7310606060606061,0.6931818181818182,1.0
6094,6094.T,"FreakOut Holdings,inc.",Services,0.8187919463087249,0.5,0.4095022624434389,0.08035714285714286,0.3758542141230068,0.47544642857142855,0.0
4885,4885.T,MUROMACHI CHEMICALS INC.,Pharmaceutical,0.391304347826087,0.5555555555555556,0.925,0.6914893617021277,0.3191489361702128,0.2978723404255319,1.0
7366,7366.T,LITALICO Inc.,Services,0.05145413870246085,0.08951406649616368,0.7171945701357466,0.0234375,0.5,0.859375,1.0
5258,5258.T,Transaction Media Networks Inc.,Information & Communication,0.7338709677419355,0.5,0.038696537678207736,0.24048096192384769,0.9471544715447154,0.5511022044088176,1.0
2590,2590.T,"DyDo GROUP HOLDINGS,INC.",Foods,0.4205607476635514,0.5,0.9345794392523364,0.17757009345794392,0.9906542056074766,0.794392523364486,1.0
4443,4443.T,"Sansan,Inc.",Information & Communication,0.008064516129032258,0.004889975550122249,0.9124236252545825,0.24048096192384769,0.9695121951219512,0.9599198396793587,1.0
7793,7793.T,IMAGE MAGIC Inc.,Other Products,0.16326530612244897,0.5952380952380952,1.0,0.7040816326530612,0.9489795918367347,0.32653061224489793,1.0
2156,2156.T,SAYLOR ADVERTISING INC.,Services,0.9507829977628636,0.0741687979539642,0.5,0.4419642857142857,0.3143507972665148,0.11383928571428571,1.0
5885,5885.T,"GDEP ADVANCE,Inc.",Wholesale Trade,0.011406844106463879,0.06772908366533864,0.6666666666666666,0.928030303030303,0.6060606060606061,0.6590909090909091,1.0
6982,6982.T,"The Lead Co.,Inc.",Transportation Equipment,0.5757575757575758,0.5,0.045454545454545456,0.06818181818181818,0.5714285714285714,0.030303030303030304,1.0
4176,4176.T,coconala Inc.,Information & Communication,0.39919354838709675,0.6161369193154034,0.9735234215885947,0.4909819639278557,0.19918699186991873,0.5290581162324649,1.0
2693,2693.T,YKT CORPORATION,Wholesale Trade,0.7870722433460076,0.0199203187250996,0.05303030303030303,0.45075757575757575,0.8560606060606061,0.6893939393939394,1.0
2195,2195.T,"AMITA HOLDINGS CO.,LTD.",Services,0.31096196868008946,0.8618925831202046,0.3438914027149321,0.21316964285714285,0.1070615034168565,0.9241071428571429,1.0
8165,8165.T,"SENSHUKAI CO.,LTD.",Retail Trade,0.9965986394557823,1.0,0.6993243243243243,0.05912162162162162,0.006779661016949157,0.4797297297297297,1.0
9553,9553.T,"MicroAd,Inc.",Services,0.09172259507829977,0.16879795396419436,0.7013574660633484,0.6964285714285714,0.4396355353075171,0.8705357142857143,1.0
3175,3175.T,"AP HOLDINGS CO.,LTD.",Retail Trade,0.003401360544217687,0.5,0.9898648648648649,0.4814189189189189,0.9525423728813559,0.3716216216216216,0.0
9363,9363.T,"DAIUN CO.,LTD.",Warehousing and Harbor Transportation Service,0.43333333333333335,0.8064516129032258,0.6129032258064516,0.5806451612903226,0.09677419354838712,0.4838709677419355,1.0
5586,5586.T,Laboro.AI Inc.,Information & Communication,0.09475806451612903,0.05378973105134474,0.5885947046843177,0.7615230460921844,0.38414634146341464,0.5250501002004008,1.0
4488,4488.T,AI inside Inc.,Information & Communication,0.4899193548387097,0.5,0.7291242362525459,0.24048096192384769,0.9573170731707317,0.5270541082164328,1.0
4978,4978.T,ReproCELL Incorporated,Chemicals,0.2810810810810811,0.5,0.32972972972972975,0.32972972972972975,0.5628415300546448,0.4756756756756757,0.0
2168,2168.T,Pasona Group Inc.,Services,0.9888143176733781,0.5,0.2873303167420814,0.21316964285714285,0.744874715261959,0.9151785714285714,1.0
7135,7135.T,"JAPAN CRAFT HOLDINGS CO.,LTD.",Retail Trade,0.3163265306122449,0.5,0.5641891891891891,0.015202702702702704,0.1457627118644068,0.16554054054054054,0.0
5704,5704.T,JMC Corporation,Nonferrous Metals,0.4482758620689655,0.5,1.0,0.2413793103448276,0.9642857142857143,0.034482758620689655,1.0
4331,4331.T,"TAKE AND GIVE. NEEDS Co.,Ltd.",Services,0.9642058165548099,0.5,0.6289592760180995,0.21316964285714285,0.5421412300683371,0.5959821428571429,1.0
5025,5025.T,MERCURY Inc.,Information & Communication,0.5564516129032258,0.7310513447432763,0.6558044806517311,0.4909819639278557,0.03658536585365857,0.008016032064128256,1.0
4760,4760.T,"ALPHA CO.,LTD.",Services,0.8299776286353467,0.7237851662404092,0.7262443438914027,0.08035714285714286,0.07061503416856496,0.11160714285714286,1.0
7997,7997.T,Kurogane Kosakusho Ltd.,Other Products,0.8877551020408163,0.9761904761904762,0.22448979591836735,0.22448979591836735,0.12244897959183676,0.1326530612244898,1.0
2700,2700.T,"KITOKU SHINRYO CO.,LTD.",Wholesale Trade,0.7262357414448669,0.9840637450199203,0.6363636363636364,0.19507575757575757,0.007575757575757569,0.5227272727272727,1.0
3557,3557.T,UNITED&COLLECTIVE CO.LTD.,Retail Trade,0.12585034013605442,0.5,0.9324324324324325,0.4814189189189189,0.9457627118644067,0.3108108108108108,1.0
7044,7044.T,PIALA INC.,Services,0.0738255033557047,0.39641943734015345,0.7579185520361991,0.9084821428571429,0.4100227790432802,0.26785714285714285,1.0
3985,3985.T,TEMONA.inc.,Information & Communication,0.36693548387096775,0.23227383863080683,0.7474541751527495,0.4909819639278557,0.7947154471544715,0.1282565130260521,1.0
2791,2791.T,"DAIKOKUTENBUSSAN CO.,LTD.",Retail Trade,0.6904761904761905,0.8764478764478765,0.46283783783783783,0.21621621621621623,0.6033898305084746,0.8277027027027027,1.0
8139,8139.T,NAGAHORI CORPORATION,Wholesale Trade,0.04182509505703422,0.01195219123505976,0.4431818181818182,0.07196969696969698,0.09090909090909094,0.5681818181818182,1.0
6029,6029.T,Artra Group Corporation,Services,0.6420581655480985,0.8567774936061381,0.40271493212669685,0.6964285714285714,0.30751708428246016,0.6004464285714286,1.0
8260,8260.T,"IZUTSUYA CO.,LTD.",Retail Trade,0.9591836734693877,0.8532818532818532,0.057432432432432436,0.4814189189189189,0.45084745762711864,0.26013513513513514,1.0
3994,3994.T,"Money Forward,Inc.",Information & Communication,0.12298387096774194,0.5,0.22810590631364563,0.7615230460921844,0.5833333333333333,0.9719438877755511,0.0
3657,3657.T,"Pole To Win Holdings,Inc.",Information & Communication,0.7237903225806451,0.5,0.714867617107943,0.24048096192384769,0.9390243902439024,0.56312625250501,1.0
2342,2342.T,TRANSGENIC GROUP INC.,Services,0.854586129753915,0.5,0.23076923076923078,0.21316964285714285,0.9339407744874715,0.6941964285714286,0.0
3286,3286.T,TRUST Holdings Inc.,Real Estate,0.0975609756097561,0.3389830508474576,0.8292682926829268,0.3983739837398374,0.180327868852459,0.15447154471544716,1.0
7602,7602.T,"Ledax Co.,Ltd.",Wholesale Trade,0.7224334600760456,0.5,0.8484848484848485,0.022727272727272728,0.018939393939393923,0.3787878787878788,1.0
3880,3880.T,Daio Paper Corporation,Pulp and Paper,0.3333333333333333,0.5,0.6666666666666666,0.3333333333333333,0.9583333333333334,0.8333333333333334,1.0
5031,5031.T,Moi Corporation,Information & Communication,0.17137096774193547,0.04645476772616137,0.9185336048879837,0.24048096192384769,0.29268292682926833,0.7855711422845691,1.0
4934,4934.T,"Premier Anti-Aging Co.,Ltd.",Chemicals,0.5837837837837838,0.6705882352941176,0.9945945945945946,0.6054054054054054,0.9453551912568307,0.21621621621621623,1.0
2937,2937.T,"St.Cousair CO.,LTD.",Foods,0.056074766355140186,0.2,0.9439252336448598,0.37383177570093457,0.13084112149532712,0.1588785046728972,1.0
9264,9264.T,"Puequ CO.,LTD.",Wholesale Trade,0.1444866920152091,0.4701195219123506,0.22727272727272727,0.45075757575757575,0.7765151515151515,0.375,1.0
4100,4100.T,TODA KOGYO CORP.,Chemicals,0.4648648648648649,0.5,0.06486486486486487,0.32972972972972975,0.994535519125683,0.5027027027027027,0.0
7868,7868.T,"KOSAIDO Holdings Co.,Ltd.",Other Products,0.15306122448979592,0.21428571428571427,0.30612244897959184,0.08163265306122448,0.0,0.9183673469387755,1.0
4053,4053.T,Sun* Inc.,Information & Communication,0.5584677419354839,0.5,0.6293279022403259,0.09218436873747494,0.9024390243902439,0.6032064128256514,1.0
9240,9240.T,Delivery Consulting Inc.,Services,0.37360178970917224,0.06649616368286446,0.8461538461538461,0.21316964285714285,0.05239179954441908,0.33035714285714285,1.0
3772,3772.T,"Wealth Management,Inc.",Real Estate,0.5447154471544715,0.2033898305084746,0.21138211382113822,0.07317073170731707,0.3688524590163934,0.34959349593495936,1.0
3865,3865.T,Hokuetsu Corporation,Pulp and Paper,0.4166666666666667,0.5,0.5416666666666666,0.9166666666666666,0.875,0.7916666666666666,1.0
4478,4478.T,freee K.K.,Information & Communication,0.1028225806451613,0.029339853300733496,0.7352342158859471,0.7615230460921844,0.6565040650406504,0.9438877755511023,1.0
3996,3996.T,Signpost Corporation,Information & Communication,0.7076612903225806,0.1491442542787286,0.3971486761710794,0.24048096192384769,0.4349593495934959,0.23446893787575152,1.0
2330,2330.T,"Forside Co.,Ltd.",Information & Communication,0.7983870967741935,0.9046454767726161,0.5967413441955194,0.7615230460921844,0.709349593495935,0.4729458917835671,1.0
5612,5612.T,NIPPON CHUTETSUKAN K.K.,Iron and Steel,0.5714285714285714,0.5,0.34285714285714286,0.05714285714285714,0.4411764705882353,0.2857142857142857,1.0
3038,3038.T,"KOBE BUSSAN CO.,LTD.",Wholesale Trade,0.026615969581749048,0.21115537848605578,0.5681818181818182,0.7329545454545454,0.821969696969697,0.9924242424242424,1.0
3469,3469.T,"Dualtap Co.,Ltd.",Real Estate,0.22764227642276422,0.05084745762711865,0.6991869918699187,0.9349593495934959,0.9426229508196722,0.11382113821138211,1.0
6537,6537.T,"WASHHOUSE CO.,LTD.",Services,0.6196868008948546,0.0076726342710997444,0.1425339366515837,0.21316964285714285,0.25284738041002275,0.36830357142857145,1.0
2183,2183.T,"Linical Co.,Ltd.",Services,0.9082774049217002,0.5,0.09276018099547512,0.08035714285714286,0.7608200455580866,0.3482142857142857,1.0
2999,2999.T,"Home Position Co.,Ltd.",Real Estate,0.6260162601626016,0.2966101694915254,0.5284552845528455,0.3983739837398374,0.0901639344262295,0.2601626016260163,1.0
5010,5010.T,"NIPPON SEIRO CO.,LTD.",Oil and Coal Products,0.5,0.8571428571428571,0.25,0.4375,0.875,0.25,1.0
7035,7035.T,"and factory,inc",Services,0.16331096196868009,0.5,0.8371040723981901,0.0033482142857142855,0.08200455580865607,0.15401785714285715,1.0
6578,6578.T,CORREC HOLDINGS Inc.,Services,0.1767337807606264,0.5,0.997737556561086,0.21316964285714285,0.7289293849658314,0.14285714285714285,1.0
7985,7985.T,NEPON Inc.,Metal Products,0.8292682926829268,0.5,1.0,0.4695121951219512,0.8780487804878049,0.24390243902439024,1.0
9827,9827.T,"Lilycolor Co.,Ltd.",Wholesale Trade,0.467680608365019,0.38247011952191234,0.9318181818181818,0.45075757575757575,0.8522727272727273,0.3446969696969697,1.0
9444,9444.T,"TOSHIN HOLDINGS CO.,LTD",Information & Communication,0.9657258064516129,0.5,0.04480651731160896,0.24048096192384769,0.4979674796747967,0.3226452905811623,1.0
5035,5035.T,HOUSEI Inc.,Information & Communication,0.8870967741935484,0.5,0.2158859470468432,0.09218436873747494,0.975609756097561,0.05811623246492986,1.0
3634,3634.T,Sockets Inc.,Information & Communication,0.2842741935483871,0.5,0.8004073319755601,0.02905811623246493,0.25813008130081305,0.6132264529058116,0.0
2158,2158.T,"FRONTEO,Inc.",Services,0.024608501118568233,0.08184143222506395,0.7104072398190046,0.6964285714285714,0.5102505694760819,0.8816964285714286,1.0
7352,7352.T,TWOSTONE&Sons Inc.,Services,0.087248322147651,0.16624040920716113,0.7307692307692307,0.4419642857142857,0.49202733485193617,0.7232142857142857,1.0
3377,3377.T,BIKE O & COMPANY Ltd.,Wholesale Trade,0.6159695817490495,0.26693227091633465,0.9924242424242424,0.928030303030303,0.4772727272727273,0.19696969696969696,1.0
9330,9330.T,AGEHA Inc.,Services,0.5727069351230425,0.5,0.7918552036199095,0.08035714285714286,0.9817767653758542,0.08928571428571429,1.0
4170,4170.T,"Kaizen Platform,Inc.",Information & Communication,0.967741935483871,0.09290953545232274,0.3890020366598778,0.7615230460921844,0.6951219512195121,0.39879759519038077,1.0
4074,4074.T,"LaKeel,Inc.",Information & Communication,0.6673387096774194,0.3569682151589242,0.5906313645621182,0.4909819639278557,0.6544715447154472,0.36472945891783565,1.0
9885,9885.T,"CHARLE CO.,LTD.",Wholesale Trade,0.9657794676806084,0.5,0.6022727272727273,0.022727272727272728,0.17803030303030298,0.10606060606060606,1.0
6182,6182.T,MetaReal Corporation,Services,0.174496644295302,0.2864450127877238,0.7669683257918553,0.6964285714285714,0.31662870159453305,0.5758928571428571,1.0
7974,7974.T,"Nintendo Co.,Ltd.",Other Products,0.07142857142857142,0.09523809523809523,0.3163265306122449,0.08163265306122448,0.010204081632653073,1.0,1.0
4446,4446.T,Link-U Group Inc.,Information & Communication,0.1875,0.5,0.8411405295315683,0.02905811623246493,0.5,0.7394789579158316,1.0
2788,2788.T,"APPLE INTERNATIONAL CO.,LTD.",Wholesale Trade,0.8859315589353612,0.9043824701195219,0.14015151515151514,0.07196969696969698,0.13257575757575757,0.3333333333333333,1.0
2962,2962.T,"TECNISCO,LTD.",Metal Products,0.036585365853658534,0.5,0.012195121951219513,0.06707317073170732,0.9878048780487805,0.7804878048780488,0.0
7061,7061.T,Japan Hospice Holdings Inc.,Services,0.5458612975391499,0.3248081841432225,0.042986425339366516,0.6964285714285714,0.6104783599088839,0.6986607142857143,1.0
9204,9204.T,Skymark Airlines Inc.,Air Transportation,0.75,0.25,0.5,0.75,0.25,0.75,1.0
4512,4512.T,"WAKAMOTO PHARMACEUTICAL CO.,LTD.",Pharmaceutical,0.8043478260869565,0.037037037037037035,0.55,0.20212765957446807,0.08510638297872342,0.14893617021276595,1.0
3760,3760.T,"CAVE Interactive CO.,LTD.",Information & Communication,0.9737903225806451,0.5,0.5437881873727087,0.4909819639278557,0.8516260162601625,0.2965931863727455,1.0
4068,4068.T,Basis Corporation,Information & Communication,0.5725806451612904,0.13447432762836187,0.7169042769857433,0.9448897795591182,0.8333333333333334,0.08016032064128256,1.0
7681,7681.T,"LEOCLAN Co.,Ltd.",Wholesale Trade,0.5437262357414449,0.14741035856573706,0.5568181818181818,0.19507575757575757,0.23106060606060608,0.01893939393939394,1.0
7610,7610.T,"TAY TWO CO.,LTD.",Retail Trade,0.5510204081632653,0.806949806949807,0.8141891891891891,0.9273648648648649,0.8338983050847457,0.6182432432432432,1.0
9082,9082.T,"Daiwa Motor Transportation Co.,Ltd.",Land Transportation,0.8333333333333334,0.5,0.1875,0.5555555555555556,0.5555555555555556,0.09259259259259259,0.0
4052,4052.T,Ficha Inc.,Information & Communication,0.4032258064516129,0.5,0.615071283095723,0.24048096192384769,0.7926829268292683,0.2985971943887776,0.0
9166,9166.T,GENDA Inc.,Services,0.41387024608501116,0.1483375959079284,0.1244343891402715,0.21316964285714285,0.7334851936218678,0.9665178571428571,1.0
3607,3607.T,"KURAUDIA HOLDINGS CO.,LTD.",Textiles and Apparels,0.34146341463414637,0.5714285714285714,1.0,0.926829268292683,0.85,0.2682926829268293,1.0
7112,7112.T,"CUBE CO.,LTD.",Retail Trade,0.5918367346938775,0.03088803088803089,0.5202702702702703,0.21621621621621623,0.06779661016949157,0.19932432432432431,1.0
7356,7356.T,Retty Inc.,Services,0.3959731543624161,0.015345268542199489,0.9773755656108597,0.4419642857142857,0.06833712984054674,0.25,1.0
3926,3926.T,Open Door Inc.,Information & Communication,0.5342741935483871,0.5,0.3136456211812627,0.24048096192384769,0.6016260162601625,0.3907815631262525,0.0
7359,7359.T,"Tokyo Communications Group,Inc.",Services,0.5279642058165548,0.9923273657289002,0.9886877828054299,0.6964285714285714,0.036446469248291535,0.2924107142857143,1.0
2767,2767.T,TSUBURAYA FIELDS HOLDINGS INC.,Wholesale Trade,0.17110266159695817,0.8565737051792829,0.7916666666666666,0.07196969696969698,0.10984848484848486,0.9204545454545454,1.0
3182,3182.T,Oisix ra daichi Inc.,Retail Trade,0.5272108843537415,0.5945945945945946,0.4358108108108108,0.4814189189189189,0.23389830508474574,0.6587837837837838,1.0
4222,4222.T,"KODAMA CHEMICAL INDUSTRY CO.,LTD.",Chemicals,0.14594594594594595,0.5,0.35135135135135137,0.6054054054054054,0.9617486338797814,0.6756756756756757,0.0
8247,8247.T,"Daiwa Co.,Ltd.",Retail Trade,0.9863945578231292,0.5,0.125,0.21621621621621623,0.864406779661017,0.22972972972972974,1.0
2585,2585.T,"LIFEDRINK COMPANY,INC.",Foods,0.028037383177570093,0.23,0.9065420560747663,0.6728971962616822,0.794392523364486,0.9532710280373832,1.0
7114,7114.T,"Foodison,Inc.",Wholesale Trade,0.17870722433460076,0.11155378486055777,0.9848484848484849,0.45075757575757575,0.2765151515151515,0.05303030303030303,1.0
3697,3697.T,SHIFT Inc.,Information & Communication,0.11693548387096774,0.30317848410757947,0.8024439918533605,0.4909819639278557,0.8191056910569106,0.9839679358717435,1.0
9517,9517.T,"eREX Co.,Ltd.",Electric Power and Gas,0.23076923076923078,0.36,0.3333333333333333,0.1346153846153846,0.5,0.5,1.0
7140,7140.T,Petgo Corporation,Retail Trade,0.5408163265306123,0.8262548262548263,0.7331081081081081,0.21621621621621623,0.13898305084745766,0.06418918918918919,1.0
7674,7674.T,"NATTY SWANKY holdings Co.,Ltd.",Retail Trade,0.0782312925170068,0.5,0.9864864864864865,0.21621621621621623,0.9966101694915255,0.2635135135135135,0.0
8040,8040.T,"TOKYO SOIR CO.,LTD.",Textiles and Apparels,0.9024390243902439,0.4,0.9512195121951219,0.7317073170731707,0.475,0.14634146341463414,1.0
6228,6228.T,"J.E.T.Co.,LTD.",Machinery,0.5851063829787234,0.5,0.02127659574468085,0.4095744680851064,0.9893617021276596,0.22340425531914893,1.0
7918,7918.T,"VIA Holdings,Inc.",Retail Trade,0.21768707482993196,0.05019305019305019,0.9932432432432432,0.7364864864864865,0.29830508474576267,0.3310810810810811,1.0
9561,9561.T,GLAD CUBE Inc.,Services,0.06487695749440715,0.5,0.748868778280543,0.4419642857142857,0.29612756264236906,0.3169642857142857,0.0
3803,3803.T,Image Information Inc.,Information & Communication,0.18951612903225806,0.5,0.14663951120162932,0.24048096192384769,0.6504065040650406,0.6733466933867736,0.0
3135,3135.T,"MarketEnterprise Co.,Ltd",Retail Trade,0.13945578231292516,0.722007722007722,0.956081081081081,0.7364864864864865,0.1322033898305085,0.4358108108108108,1.0
7695,7695.T,"Koukandekirukun,Inc.",Retail Trade,0.608843537414966,0.33976833976833976,0.46959459459459457,0.4814189189189189,0.1796610169491526,0.2533783783783784,1.0
4385,4385.T,"Mercari,Inc.",Information & Communication,0.036290322580645164,0.1393643031784841,0.9389002036659878,0.4909819639278557,0.5,0.9879759519038076,1.0
5871,5871.T,SOLIZE Holdings Corporation,Services,0.9440715883668904,0.5,0.6221719457013575,0.0234375,0.19817767653758545,0.28348214285714285,1.0
6620,6620.T,"Miyakoshi Holdings,Inc.",Real Estate,0.6016260162601627,0.00847457627118644,0.024390243902439025,0.6341463414634146,0.6065573770491803,0.5691056910569106,1.0
3134,3134.T,Hamee Corp.,Retail Trade,0.891156462585034,0.9652509652509652,0.6824324324324325,0.21621621621621623,0.11864406779661019,0.5641891891891891,1.0
7066,7066.T,"Peers Co.,Ltd.",Services,0.5794183445190156,0.8925831202046036,0.49547511312217196,0.21316964285714285,0.6355353075170842,0.6160714285714286,1.0
4416,4416.T,True Data Inc.,Information & Communication,0.6592741935483871,0.012224938875305624,0.845213849287169,0.4909819639278557,0.47560975609756095,0.1523046092184369,1.0
7072,7072.T,"Intimate Merger,Inc.",Services,0.3333333333333333,0.2659846547314578,0.5294117647058824,0.6964285714285714,0.5148063781321184,0.4955357142857143,1.0
9258,9258.T,"CS-C.Co.,Ltd.",Services,0.8232662192393736,0.5,0.7217194570135747,0.21316964285714285,0.6514806378132119,0.004464285714285714,0.0
2162,2162.T,nms Holdings Corporation,Services,0.5145413870246085,0.5,0.33031674208144796,0.4419642857142857,0.7243735763097949,0.40625,1.0
4264,4264.T,"SECURE,INC.",Information & Communication,0.1814516129032258,0.07579462102689487,0.7657841140529531,0.4909819639278557,0.36991869918699183,0.4168336673346693,1.0
2315,2315.T,CAICA DIGITAL Inc.,Information & Communication,0.28830645161290325,0.05867970660146699,0.11812627291242363,0.4909819639278557,0.14430894308943087,0.7314629258517034,1.0
7810,7810.T,"Crossfor Co.,Ltd.",Other Products,0.20408163265306123,0.023809523809523808,0.4387755102040816,0.42857142857142855,0.173469387755102,0.5,1.0
7038,7038.T,Frontier Management Inc.,Services,0.9217002237136466,0.5,0.3190045248868778,0.0234375,0.06605922551252852,0.43526785714285715,0.0
4378,4378.T,CINC Corp.,Information & Communication,0.7056451612903226,0.5,0.9429735234215886,0.09218436873747494,0.3902439024390244,0.018036072144288578,1.0
9888,9888.T,"UEX,LTD.",Wholesale Trade,0.7832699619771863,0.5697211155378487,0.2765151515151515,0.022727272727272728,0.15909090909090906,0.4583333333333333,1.0
7273,7273.T,"IKUYO CO.,LTD.",Transportation Equipment,0.10606060606060606,0.017241379310344827,0.2727272727272727,0.4318181818181818,0.47619047619047616,0.48484848484848486,1.0
7133,7133.T,"HYUGA PRIMARY CARE Co.,Ltd.",Retail Trade,0.17687074829931973,0.8146718146718147,0.17229729729729729,0.9273648648648649,0.2745762711864407,0.32094594594594594,1.0
7692,7692.T,EARTH INFINITY CO.LTD.,Electric Power and Gas,0.038461538461538464,0.04,1.0,0.6730769230769231,0.0,0.11538461538461539,1.0
6054,6054.T,Livesense Inc.,Services,0.8970917225950783,0.5,0.9230769230769231,0.0234375,0.015945330296127547,0.43973214285714285,1.0
9326,9326.T,"KANTSU HD CO.,LTD.",Warehousing and Harbor Transportation Service,0.13333333333333333,0.25806451612903225,0.7096774193548387,0.5806451612903226,0.4516129032258065,0.22580645161290322,1.0
3945,3945.T,"Superbag Company,Limited",Pulp and Paper,0.16666666666666666,1.0,1.0,0.6041666666666666,0.16666666666666663,0.4583333333333333,1.0
6046,6046.T,LINKBAL INC.,Services,0.19910514541387025,0.5,0.7895927601809954,0.08035714285714286,0.7517084282460137,0.44419642857142855,0.0
6190,6190.T,"PhoenixBio Co.,Ltd.",Services,0.9328859060402684,0.5,0.6628959276018099,0.21316964285714285,0.9726651480637813,0.41294642857142855,0.0
3238,3238.T,"CENTRAL GENERAL DEVELOPMENT CO.,LTD.",Real Estate,0.975609756097561,0.7542372881355932,0.3902439024390244,0.07317073170731707,0.049180327868852514,0.18699186991869918,1.0
9219,9219.T,GiXo Ltd.,Services,0.19239373601789708,0.5,0.4298642533936652,0.08035714285714286,0.03189066059225509,0.24776785714285715,1.0
4393,4393.T,"Bank of Innovation,Inc.",Information & Communication,0.18346774193548387,0.5036674816625917,0.9063136456211812,0.4909819639278557,0.9715447154471545,0.7695390781563126,1.0
4192,4192.T,SpiderPlus & Co.,Information & Communication,0.1693548387096774,0.5,0.9592668024439919,0.7615230460921844,0.5447154471544715,0.5751503006012024,0.0
9704,9704.T,"Agora Hospitality Group Co.,Ltd.",Services,0.8277404921700223,0.9820971867007673,0.12217194570135746,0.6964285714285714,0.09794988610478361,0.53125,1.0
7803,7803.T,Bushiroad Inc.,Other Products,0.5612244897959183,0.9166666666666666,0.7142857142857143,0.9336734693877551,0.7346938775510203,0.7040816326530612,1.0
5820,5820.T,"MITSUBOSHI CO.,LTD.",Nonferrous Metals,0.9310344827586207,0.6,0.3103448275862069,0.6551724137931034,0.3571428571428571,0.20689655172413793,1.0
7422,7422.T,"TOHO LAMAC CO.,LTD.",Wholesale Trade,0.8745247148288974,0.00398406374501992,0.3181818181818182,0.022727272727272728,0.05303030303030298,0.08333333333333333,1.0
3793,3793.T,"Drecom Co.,Ltd.",Information & Communication,0.3064516129032258,0.5,0.21792260692464357,0.24048096192384769,0.8861788617886179,0.5170340681362725,1.0
7897,7897.T,"HOKUSHIN CO.,LTD.",Other Products,0.7653061224489796,0.011904761904761904,0.05102040816326531,0.42857142857142855,0.5408163265306123,0.45918367346938777,1.0
7031,7031.T,Inbound Tech Inc.,Services,0.883668903803132,0.5,0.18099547511312217,0.4419642857142857,0.979498861047836,0.3861607142857143,1.0
2872,2872.T,"SEIHYO CO.,LTD.",Foods,0.1308411214953271,0.02,0.27102803738317754,0.17757009345794392,0.3551401869158879,0.102803738317757,1.0
2138,2138.T,"CROOZ,Inc.",Information & Communication,0.9919354838709677,0.9779951100244498,0.12016293279022404,0.09218436873747494,0.054878048780487854,0.32064128256513025,1.0
7859,7859.T,ALMEDIO INC.,Other Products,0.5408163265306123,0.5119047619047619,0.37755102040816324,0.42857142857142855,0.7244897959183674,0.7448979591836735,1.0
7640,7640.T,"TOP CULTURE Co.,Ltd.",Retail Trade,0.7721088435374149,0.5,0.22635135135135134,0.4814189189189189,0.9491525423728814,0.28040540540540543,0.0
4069,4069.T,BlueMeme Inc.,Information & Communication,0.6350806451612904,0.5,0.34012219959266804,0.004008016032064128,0.0467479674796748,0.2905811623246493,1.0
7093,7093.T,"adish Co.,Ltd.",Services,0.3624161073825503,0.5,0.8778280542986425,0.6964285714285714,0.5034168564920274,0.2857142857142857,0.0
3905,3905.T,Datasection Inc.,Information & Communication,0.02620967741935484,0.5,0.12423625254582485,0.24048096192384769,0.8943089430894309,0.9819639278557114,0.0
1447,1447.T,"SAAF Holdings Co.,Ltd.",Construction,0.06716417910447761,0.7518796992481203,0.9850746268656716,0.48880597014925375,0.46616541353383456,0.3656716417910448,1.0
6198,6198.T,"CAREER CO.,LTD.",Services,0.7472035794183445,0.5,0.8800904977375565,0.0234375,0.6173120728929384,0.006696428571428571,1.0
9212,9212.T,"Green Earth Institute Co.,Ltd.",Services,0.43400447427293065,0.1534526854219949,0.2081447963800905,0.08035714285714286,0.06150341685649208,0.7254464285714286,1.0
9563,9563.T,Atlas Technologies Corporation,Services,0.5950782997762863,0.02557544757033248,0.3574660633484163,0.4419642857142857,0.038724373576309756,0.15178571428571427,1.0
9252,9252.T,"Last One Mile Co.,Ltd.",Services,0.19686800894854586,0.10997442455242967,0.9932126696832579,0.21316964285714285,0.5,0.6651785714285714,1.0
9162,9162.T,"Bleach,Inc.",Services,0.9373601789709173,0.309462915601023,0.11312217194570136,0.6964285714285714,0.3006833712984055,0.25892857142857145,1.0
6532,6532.T,"BayCurrent,Inc.",Services,0.006711409395973154,0.017902813299232736,0.9660633484162896,0.08035714285714286,0.5,0.9955357142857143,1.0
2998,2998.T,CREAL Inc.,Real Estate,0.9024390243902439,1.0,0.2845528455284553,0.8089430894308943,0.9754098360655737,0.5447154471544715,1.0
7115,7115.T,AlphaPurchase Corporation,Wholesale Trade,0.06844106463878327,0.32669322709163345,0.7310606060606061,0.45075757575757575,0.36742424242424243,0.35984848484848486,1.0
7809,7809.T,"KOTOBUKIYA CO.,LTD.",Other Products,0.23469387755102042,0.6547619047619048,0.7040816326530612,0.22448979591836735,0.8673469387755102,0.3469387755102041,1.0
4888,4888.T,STELLA PHARMA CORPORATION,Pharmaceutical,0.17391304347826086,0.5,0.25,0.6914893617021277,0.8723404255319149,0.8936170212765957,0.0
7477,7477.T,MURAKI CORPORATION,Wholesale Trade,0.3840304182509506,0.05976095617529881,0.8712121212121212,0.7329545454545454,0.5568181818181819,0.36363636363636365,1.0
4344,4344.T,SOURCENEXT CORPORATION,Information & Communication,0.6612903225806451,0.5,0.39307535641547864,0.4909819639278557,0.967479674796748,0.6953907815631263,0.0
3267,3267.T,"Phil Company,Inc.",Construction,0.5597014925373134,0.8270676691729323,0.8208955223880597,0.10820895522388059,0.13533834586466165,0.31343283582089554,1.0
3840,3840.T,PATH Corporation,Information & Communication,0.6995967741935484,0.5,0.4684317718940937,0.09218436873747494,0.03455284552845528,0.7094188376753507,0.0
7083,7083.T,AHC GROUP INC.,Services,0.5771812080536913,0.03324808184143223,0.06334841628959276,0.4419642857142857,0.5170842824601367,0.046875,1.0
8202,8202.T,"Laox Holdings CO.,LTD.",Retail Trade,0.8843537414965986,0.0694980694980695,0.31756756756756754,0.21621621621621623,0.17288135593220344,0.3344594594594595,1.0
8166,8166.T,"Taka-Q Co.,Ltd.",Retail Trade,0.42517006802721086,0.9884169884169884,0.7601351351351351,0.05912162162162162,0.013559322033898313,0.22297297297297297,1.0
7601,7601.T,"POPLAR CO.,Ltd.",Retail Trade,0.282312925170068,0.5637065637065637,0.9527027027027027,0.4814189189189189,0.8915254237288136,0.0945945945945946,1.0
3903,3903.T,gumi Inc.,Information & Communication,0.9274193548387096,0.9364303178484108,0.018329938900203666,0.24048096192384769,0.026422764227642226,0.7474949899799599,1.0
2980,2980.T,SRE Holdings Corporation,Real Estate,0.11382113821138211,0.16101694915254236,0.8780487804878049,0.3983739837398374,0.43442622950819676,0.8943089430894309,1.0
5380,5380.T,SHINTO COMPANY LIMITED,Glass and Ceramics Products,1.0,0.5121951219512195,0.3181818181818182,0.125,0.09090909090909094,0.022727272727272728,1.0
4427,4427.T,"EduLab,Inc.",Information & Communication,0.782258064516129,0.48166259168704156,0.7881873727087576,0.4909819639278557,0.2845528455284553,0.6793587174348698,1.0
2929,2929.T,"Pharma Foods International Co.,Ltd.",Foods,0.4672897196261682,0.91,0.9906542056074766,0.17757009345794392,0.01869158878504673,0.6728971962616822,1.0
3111,3111.T,"OMIKENSHI CO.,LTD.",Textiles and Apparels,1.0,0.9714285714285714,0.12195121951219512,0.5121951219512195,0.07499999999999996,0.21951219512195122,1.0
3192,3192.T,"Shirohato Co.,Ltd.",Retail Trade,0.6666666666666666,0.9034749034749034,0.09121621621621621,0.21621621621621623,0.037288135593220306,0.5608108108108109,1.0
4014,4014.T,"KARADANOTE,INC.",Information & Communication,0.09274193548387097,0.5,0.9287169042769857,0.02905811623246493,0.10162601626016265,0.10220440881763528,1.0
6786,6786.T,RVH Inc.,Services,0.9194630872483222,0.5,0.6334841628959276,0.4419642857142857,0.9066059225512528,0.24330357142857142,0.0
8254,8254.T,"Saikaya Department Store Co.,Ltd.",Retail Trade,0.5,0.8223938223938224,0.037162162162162164,0.7364864864864865,0.44067796610169496,0.25,0.0
3779,3779.T,"J ESCOM HOLDINGS,INC.",Information & Communication,0.3649193548387097,0.9731051344743277,0.24643584521384929,0.4909819639278557,0.030487804878048808,0.18036072144288579,1.0
7524,7524.T,MARCHE CORPORATION,Retail Trade,0.23469387755102042,0.09652509652509653,0.6925675675675675,0.4814189189189189,0.1084745762711864,0.11486486486486487,1.0
4174,4174.T,Appirits Inc.,Information & Communication,0.6814516129032258,0.5,0.23828920570264767,0.09218436873747494,0.9044715447154471,0.04609218436873747,1.0
9565,9565.T,GLOE Inc.,Services,0.11409395973154363,0.020460358056265986,0.6742081447963801,0.4419642857142857,0.8337129840546698,0.24553571428571427,1.0
9213,9213.T,SEYFERT LTD.,Services,0.4451901565995526,0.5,0.8687782805429864,0.08035714285714286,0.9020501138952164,0.31919642857142855,1.0
9941,9941.T,"TAIYO BUSSAN KAISHA,LTD.",Wholesale Trade,0.08745247148288973,0.36254980079681276,0.022727272727272728,0.19507575757575757,0.03409090909090906,0.6818181818181818,1.0
3358,3358.T,"Trailhead Global Holdings,Inc.",Retail Trade,0.35714285714285715,0.015444015444015444,0.16554054054054054,0.4814189189189189,0.5457627118644068,0.6013513513513513,1.0
3896,3896.T,"AWA PAPER & TECHNOLOGICAL COMPANY,Inc.",Pulp and Paper,0.5416666666666666,0.18181818181818182,0.08333333333333333,0.16666666666666666,0.29166666666666663,0.5416666666666666,1.0
9246,9246.T,"ProjectHoldings,Inc.",Services,0.24608501118568232,0.07672634271099744,0.5746606334841629,0.9084821428571429,0.8542141230068337,0.09375,1.0
4376,4376.T,Kufu Company Holdings Inc.,Information & Communication,0.8225806451612904,0.5,0.31771894093686354,0.09218436873747494,0.9004065040650406,0.16032064128256512,1.0
4166,4166.T,Cacco Inc.,Information & Communication,0.3326612903225806,0.5,0.790224032586558,0.4909819639278557,0.733739837398374,0.25250501002004005,0.0
8995,8995.T,"Makoto Construction CO,Ltd",Real Estate,0.8943089430894309,0.025423728813559324,0.12195121951219512,0.07317073170731707,0.19672131147540983,0.22764227642276422,1.0
3195,3195.T,"GENERATION PASS CO.,LTD.",Retail Trade,0.3469387755102041,0.305019305019305,0.8108108108108109,0.21621621621621623,0.02033898305084747,0.4391891891891892,1.0
2776,2776.T,"SHINTO Holdings,Inc.",Wholesale Trade,0.5,0.14342629482071714,0.03787878787878788,0.45075757575757575,0.06439393939393945,0.5757575757575758,0.0
7865,7865.T,"People Co.,Ltd.",Other Products,0.45918367346938777,0.5,0.673469387755102,0.08163265306122448,0.10204081632653061,0.04081632653061224,0.0
3053,3053.T,"PEPPER FOOD SERVICE CO.,LTD.",Retail Trade,0.1598639455782313,0.5,0.9628378378378378,0.21621621621621623,0.6203389830508474,0.4864864864864865,1.0
6548,6548.T,TABIKOBO Co.Ltd.,Services,0.7158836689038032,0.5,0.2647058823529412,0.4419642857142857,0.9863325740318907,0.22321428571428573,0.0
3909,3909.T,Showcase Inc.,Information & Communication,0.8911290322580645,0.5,0.604887983706721,0.24048096192384769,0.5670731707317074,0.1462925851703407,0.0
8267,8267.T,"AEON CO.,LTD.",Retail Trade,0.4217687074829932,0.22007722007722008,0.0777027027027027,0.4814189189189189,0.7864406779661017,0.9932432432432432,1.0
4387,4387.T,"ZUU Co.,Ltd.",Information & Communication,0.9939516129032258,0.8704156479217604,0.1120162932790224,0.24048096192384769,0.03252032520325199,0.06012024048096192,1.0
4448,4448.T,"kubell Co.,Ltd.",Information & Communication,0.5,0.05623471882640587,0.9755600814663951,0.9448897795591182,0.8577235772357723,0.49899799599198397,0.0
9225,9225.T,Bridge Consulting Group Inc.,Services,0.3982102908277405,0.5063938618925832,0.8846153846153846,0.4419642857142857,0.04555808656036442,0.013392857142857142,1.0
3856,3856.T,Abalance Corporation,Electric Appliances,0.9894179894179894,0.96875,0.04736842105263158,0.06842105263157895,0.031746031746031744,0.4,1.0
4935,4935.T,"LIBERTA CO.,LTD.",Chemicals,0.05945945945945946,0.058823529411764705,0.9297297297297298,0.008108108108108109,0.010928961748633892,0.44324324324324327,1.0
3064,3064.T,"MonotaRO Co.,Ltd.",Retail Trade,0.030612244897959183,0.22393822393822393,0.38175675675675674,0.21621621621621623,0.2779661016949152,0.9797297297297297,1.0
5884,5884.T,"KURADASHI.Co.,Ltd.",Retail Trade,0.03741496598639456,0.5,0.30743243243243246,0.05912162162162162,0.5118644067796609,0.28378378378378377,1.0
4011,4011.T,"Headwaters Co.,Ltd",Information & Communication,0.046370967741935484,0.019559902200488997,0.6374745417515275,0.02905811623246493,0.12804878048780488,0.6112224448897795,1.0
5026,5026.T,"TRIPLEIZE CO.,LTD.",Information & Communication,0.3165322580645161,0.5,0.40122199592668023,0.24048096192384769,0.693089430894309,0.4028056112224449,1.0
9236,9236.T,Japan M&A Solution Incorporated,Services,0.22595078299776286,0.5,0.3212669683257919,0.21316964285714285,0.9362186788154897,0.2700892857142857,0.0
4599,4599.T,StemRIM Inc.,Pharmaceutical,0.32608695652173914,0.5,0.5,0.20212765957446807,0.8936170212765957,0.2127659574468085,0.0
3370,3370.T,"FUJITA CORPORATION Co.,Ltd.",Retail Trade,0.5,0.5096525096525096,0.8378378378378378,0.9273648648648649,0.5830508474576271,0.3952702702702703,0.0
5337,5337.T,DANTO HOLDINGS CORPORATION,Glass and Ceramics Products,0.13636363636363635,0.0975609756097561,0.20454545454545456,0.125,0.0,0.18181818181818182,1.0
2484,2484.T,"DEMAE-CAN CO.,LTD",Information & Communication,1.0,0.5,0.032586558044806514,0.09218436873747494,0.33943089430894313,0.5771543086172345,0.0
7837,7837.T,"R.C.CORE CO.,LTD.",Other Products,0.6938775510204082,0.5,0.8469387755102041,0.08163265306122448,0.08163265306122447,0.08163265306122448,1.0
8918,8918.T,"LAND Co.,Ltd.",Real Estate,0.2845528455284553,0.059322033898305086,0.2682926829268293,0.07317073170731707,0.17213114754098358,0.9186991869918699,1.0
2884,2884.T,Yoshimura Food Holdings K.K.,Foods,0.7009345794392523,0.71,0.17757009345794392,0.056074766355140186,0.05607476635514019,0.5887850467289719,1.0
4890,4890.T,Tsubota Laboratory Incorporated,Pharmaceutical,0.13043478260869565,0.25925925925925924,0.975,0.6914893617021277,0.0,0.6170212765957447,1.0
1382,1382.T,"HOB Co.,Ltd.","Fishery, Agriculture and Forestry",0.2727272727272727,0.2727272727272727,1.0,0.5909090909090909,0.2727272727272727,0.18181818181818182,1.0
9425,9425.T,ReYuu Japan Inc.,Information & Communication,0.8830645161290323,0.5,0.06720977596741344,0.24048096192384769,0.6483739837398375,0.7114228456913828,0.0
7878,7878.T,"Kohsai Co.,Ltd.",Other Products,0.46938775510204084,0.5476190476190477,0.3979591836734694,0.08163265306122448,0.030612244897959218,0.23469387755102042,1.0
2762,2762.T,"SANKO MARKETING FOODS CO.,LTD.",Retail Trade,0.17006802721088435,0.5,0.9493243243243243,0.21621621621621623,0.9084745762711864,0.20608108108108109,0.0
5541,5541.T,"PACIFIC METALS CO.,LTD.",Iron and Steel,0.45714285714285713,0.5,0.02857142857142857,0.15714285714285714,0.8823529411764706,0.9142857142857143,0.0
7886,7886.T,"YAMATO Mobility & Mfg. Co.,Ltd.",Chemicals,0.9027027027027027,0.5,0.6486486486486487,0.32972972972972975,0.912568306010929,0.06486486486486487,0.0
5247,5247.T,"BTM,Inc.",Information & Communication,0.30443548387096775,0.20537897310513448,0.6904276985743381,0.24048096192384769,0.1707317073170732,0.22845691382765532,1.0
5618,5618.T,Nyle Inc.,Information & Communication,0.14112903225806453,0.5,0.9103869653767821,0.09218436873747494,0.17479674796747968,0.03006012024048096,0.0
2437,2437.T,"SHINWA WISE HOLDINGS CO.,LTD.",Services,0.48769574944071586,0.5,0.4479638009049774,0.21316964285714285,0.16856492027334857,0.7075892857142857,0.0
7571,7571.T,YAMANO HOLDINGS CORPORATION,Retail Trade,0.2653061224489796,0.5,0.7635135135135135,0.4814189189189189,0.7694915254237288,0.41216216216216217,1.0
3647,3647.T,"ASULINA Co.,Ltd.",Information & Communication,0.43951612903225806,0.5,0.002036659877800407,0.7615230460921844,0.9939024390243902,0.6372745490981964,0.0
7585,7585.T,KAN-NANMARU CORPORATION,Retail Trade,0.3231292517006803,0.5,0.7162162162162162,0.21621621621621623,0.9220338983050848,0.02702702702702703,0.0
2375,2375.T,GiG Works Inc.,Services,0.5055928411633109,0.5,0.8054298642533937,0.21316964285714285,0.9521640091116174,0.46875,0.0
3778,3778.T,SAKURA internet Inc.,Information & Communication,0.15120967741935484,0.097799511002445,0.04684317718940937,0.7615230460921844,0.6707317073170731,0.9919839679358717,1.0
7360,7360.T,"ONDECK Co.,Ltd.",Services,0.407158836689038,0.5,0.332579185520362,0.0234375,0.07972665148063784,0.029017857142857144,1.0
9073,9073.T,"Kyogoku unyu shoji Co.,Ltd.",Land Transportation,0.6666666666666666,0.03773584905660377,0.25,0.24074074074074073,0.7407407407407407,0.16666666666666666,1.0
6659,6659.T,"MEDIA LINKS CO.,LTD.",Electric Appliances,0.47619047619047616,0.5,0.9052631578947369,0.06842105263157895,0.12169312169312174,0.6157894736842106,0.0
9241,9241.T,"Future Link Network Co.,Ltd.",Services,0.1319910514541387,0.1278772378516624,0.9524886877828054,0.4419642857142857,0.8997722095671982,0.049107142857142856,1.0
7036,7036.T,eMnet Japan.co.ltd.,Services,0.15212527964205816,0.5,0.5,0.08035714285714286,0.8929384965831435,0.2611607142857143,1.0
3205,3205.T,DAIDOH LIMITED,Textiles and Apparels,0.07317073170731707,0.5,0.8048780487804879,0.2926829268292683,0.95,0.7560975609756098,1.0
2934,2934.T,"J Frontier Co.,Ltd.",Foods,0.102803738317757,0.09,0.9813084112149533,0.9345794392523364,0.6635514018691588,0.2616822429906542,1.0
4056,4056.T,Neural Group Inc.,Information & Communication,0.49798387096774194,0.5,0.7230142566191446,0.24048096192384769,0.8414634146341463,0.3587174348697395,0.0
3815,3815.T,"Media Kobo,Inc.",Information & Communication,0.056451612903225805,0.5,0.5519348268839104,0.09218436873747494,0.8902439024390244,0.11022044088176353,0.0
4199,4199.T,WonderPlanet Inc.,Information & Communication,0.5745967741935484,0.5,0.18329938900203666,0.09218436873747494,0.04065040650406504,0.40480961923847697,1.0
4499,4499.T,"Speee,Inc.",Information & Communication,0.08870967741935484,0.5,0.9572301425661914,0.02905811623246493,0.46341463414634143,0.8797595190380761,1.0
2978,2978.T,TSUKURUBA Inc.,Real Estate,0.16260162601626016,0.03389830508474576,0.975609756097561,0.2073170731707317,0.0,0.14634146341463414,1.0
3261,3261.T,"GRANDES,Inc.",Real Estate,0.8455284552845529,0.5,0.4065040650406504,0.008130081300813009,0.360655737704918,0.13821138211382114,1.0
5892,5892.T,"yutori,Inc.",Retail Trade,0.08163265306122448,0.2702702702702703,0.6587837837837838,0.015202702702702704,0.01016949152542368,0.6418918918918919,1.0
4288,4288.T,"Asgent,Inc.",Information & Communication,0.41935483870967744,0.5,0.8778004073319755,0.24048096192384769,0.9532520325203252,0.7234468937875751,0.0
2778,2778.T,"PALEMO HOLDINGS CO.,LTD.",Retail Trade,0.8809523809523809,0.07335907335907337,0.918918918918919,0.4814189189189189,0.13559322033898302,0.3918918918918919,1.0
1514,1514.T,"Sumiseki Holdings,Inc.",Mining,0.25,0.75,0.25,0.25,0.0,0.5,1.0
3936,3936.T,"Globalway,Inc.",Information & Communication,0.14516129032258066,0.5,0.9633401221995926,0.24048096192384769,0.028455284552845517,0.9098196392785571,0.0
9331,9331.T,Caster Co.Ltd.,Services,0.7360178970917226,0.5,0.9253393665158371,0.21316964285714285,0.33712984054669703,0.07366071428571429,0.0
9229,9229.T,"SUNWELS Co.,Ltd.",Services,0.9463087248322147,0.5,0.0746606334841629,0.21316964285714285,0.8291571753986333,0.609375,1.0
4490,4490.T,VisasQ Inc.,Information & Communication,0.5,0.9339853300733496,0.5,0.7615230460921844,0.6768292682926829,0.46693386773547096,0.0
7946,7946.T,KOYOSHA INC.,Other Products,0.9897959183673469,0.9880952380952381,0.6122448979591837,0.22448979591836735,0.2142857142857143,0.3877551020408163,1.0
3315,3315.T,"NIPPON COKE & ENGINEERING COMPANY,LIMITED",Oil and Coal Products,0.75,0.5,0.125,0.125,0.75,0.75,1.0
3726,3726.T,"4Cs HD Co.,Ltd.",Retail Trade,0.29591836734693877,0.5,0.42905405405405406,0.015202702702702704,0.016949152542372836,0.375,0.0
4552,4552.T,"JCR Pharmaceuticals Co.,Ltd.",Pharmaceutical,0.5652173913043478,0.5,0.45,0.02127659574468085,0.2978723404255319,0.6808510638297872,1.0
6558,6558.T,"Cookbiz Co.,Ltd.",Services,0.4228187919463087,0.5,0.5407239819004525,0.0234375,0.3029612756264237,0.08258928571428571,0.0
3686,3686.T,DLE Inc.,Information & Communication,0.6028225806451613,0.5,0.2668024439918534,0.24048096192384769,0.8211382113821138,0.3807615230460922,0.0
4889,4889.T,Renascience Inc.,Pharmaceutical,0.043478260869565216,0.07407407407407407,0.2,0.46808510638297873,0.021276595744680882,0.8297872340425532,1.0
3083,3083.T,"Star seeds Co.,Ltd.",Retail Trade,0.16326530612244897,0.08494208494208494,0.41216216216216217,0.21621621621621623,0.057627118644067776,0.7398648648648649,1.0
4591,4591.T,RIBOMIC Inc.,Pharmaceutical,0.8913043478260869,0.5,0.5,0.20212765957446807,0.4893617021276596,0.5957446808510638,0.0
5246,5246.T,"ELEMENTS,Inc.",Information & Communication,0.19556451612903225,0.5,0.5682281059063137,0.24048096192384769,0.717479674796748,0.8637274549098196,0.0
2901,2901.T,Wel-Dish.Incorporated,Foods,0.38317757009345793,0.14,0.056074766355140186,0.056074766355140186,0.04672897196261683,0.5327102803738317,1.0
5242,5242.T,"EYEZ,INC.",Information & Communication,0.5262096774193549,0.5,0.9307535641547862,0.02905811623246493,0.3719512195121951,0.02404809619238477,1.0
4880,4880.T,"CellSource Co.,Ltd.",Pharmaceutical,0.6739130434782609,0.5,0.65,0.46808510638297873,0.7659574468085106,0.10638297872340426,1.0
6619,6619.T,W-SCOPE Corporation,Electric Appliances,0.9259259259259259,0.5,0.005263157894736842,0.2,0.9841269841269842,0.6894736842105263,0.0
9978,9978.T,"BUNKYODO GROUP HOLDINGS CO.,LTD.",Retail Trade,0.41496598639455784,0.5,0.28378378378378377,0.21621621621621623,0.3762711864406779,0.17567567567567569,1.0
7694,7694.T,itsumo.inc.,Retail Trade,0.5986394557823129,0.23166023166023167,0.1858108108108108,0.21621621621621623,0.21355932203389827,0.2972972972972973,1.0
6232,6232.T,ACSL Ltd.,Machinery,0.005319148936170213,0.5,0.0425531914893617,0.2047872340425532,0.5691489361702128,0.9468085106382979,0.0
4891,4891.T,"TMS Co.,Ltd.",Pharmaceutical,0.2608695652173913,0.5,0.5,0.05319148936170213,0.19148936170212771,0.1702127659574468,0.0
3187,3187.T,miratap inc.,Retail Trade,0.47959183673469385,0.5,0.5304054054054054,0.05912162162162162,0.6135593220338983,0.13513513513513514,1.0
2673,2673.T,"YUMEMITSUKETAI Co.,Ltd.",Retail Trade,0.9523809523809523,0.7451737451737451,0.006756756756756757,0.015202702702702704,0.09152542372881356,0.4831081081081081,1.0
5616,5616.T,"Ame Kaze Taiyo,Inc.",Information & Communication,0.07862903225806452,0.5,0.8655804480651731,0.24048096192384769,0.33739837398373984,0.12224448897795591,0.0
2936,2936.T,"BASE FOOD,Inc.",Foods,0.009345794392523364,0.1,1.0,0.37383177570093457,0.2990654205607477,0.24299065420560748,1.0
7527,7527.T,SystemSoft Corporation,Information & Communication,0.8568548387096774,0.5,0.012219959266802444,0.09218436873747494,0.10365853658536583,0.6492985971943888,0.0
2586,2586.T,FRUTA FRUTA INC.,Foods,0.04672897196261682,0.18,0.5233644859813084,0.37383177570093457,0.0,0.7009345794392523,1.0
6177,6177.T,AppBank Inc.,Services,0.7046979865771812,0.5,0.038461538461538464,0.21316964285714285,0.9977220956719818,0.5580357142857143,0.0
4584,4584.T,Kidswell Bio Corporation,Pharmaceutical,0.5,0.7777777777777778,0.475,0.9787234042553191,0.851063829787234,0.46808510638297873,0.0
4316,4316.T,"BeMap,Inc.",Information & Communication,0.9717741935483871,0.5,0.8940936863543788,0.09218436873747494,0.07113821138211385,0.8156312625250501,1.0
4424,4424.T,"Amazia,inc.",Information & Communication,0.5866935483870968,0.5,0.539714867617108,0.09218436873747494,0.11585365853658536,0.15831663326653306,0.0
3041,3041.T,"Beauty Kadan Holdings Co.,Ltd.",Wholesale Trade,0.019011406844106463,0.0796812749003984,0.7765151515151515,0.45075757575757575,0.15530303030303028,0.25,1.0
8938,8938.T,"GLOME Holdings,Inc.",Real Estate,0.959349593495935,0.1864406779661017,0.3170731707317073,0.3983739837398374,0.4508196721311475,0.1951219512195122,1.0
3664,3664.T,WIZE INC.,Information & Communication,0.8366935483870968,0.5,0.7372708757637475,0.09218436873747494,0.8455284552845528,0.7715430861723447,0.0
4592,4592.T,SanBio Company Limited,Pharmaceutical,0.10869565217391304,0.5,0.5,0.20212765957446807,0.5319148936170213,0.9361702127659575,0.0
6081,6081.T,"Allied Architects,Inc.",Services,0.4697986577181208,0.5,0.7986425339366516,0.0234375,0.1184510250569476,0.8125,0.0
5131,5131.T,Linkers Corporation,Information & Communication,0.655241935483871,0.5,0.8207739307535642,0.09218436873747494,0.9634146341463414,0.31462925851703405,0.0
3672,3672.T,AltPlusInc.,Information & Communication,0.5504032258064516,0.5,0.026476578411405296,0.02905811623246493,0.09146341463414631,0.38877755511022044,0.0
9812,9812.T,"T.O. Holdings CO.,LTD.",Retail Trade,0.6700680272108843,0.2857142857142857,0.11824324324324324,0.21621621621621623,0.6542372881355932,0.11148648648648649,1.0
7578,7578.T,"NICHIRYOKU CO.,LTD.",Retail Trade,0.9659863945578231,0.5,0.05067567567567568,0.05912162162162162,0.4,0.23310810810810811,1.0
4169,4169.T,ENECHANGE Ltd.,Information & Communication,0.9375,0.5,0.8859470468431772,0.7615230460921844,0.9979674796747967,0.8597194388777555,0.0
7815,7815.T,"TOKYO BOARD INDUSTRIES CO.,LTD.",Other Products,0.8469387755102041,0.5,0.1326530612244898,0.08163265306122448,0.9285714285714286,0.061224489795918366,1.0
6579,6579.T,"logly,Inc.",Services,0.2684563758389262,0.5,0.2828054298642534,0.21316964285714285,0.6446469248291572,0.5334821428571429,0.0
9878,9878.T,"SEKIDO CO.,LTD.",Retail Trade,0.36394557823129253,0.5,0.32432432432432434,0.015202702702702704,0.8745762711864407,0.23648648648648649,1.0
4265,4265.T,Institution for a Global Society Corporation,Information & Communication,0.8064516129032258,0.5,0.18533604887983707,0.09218436873747494,0.8597560975609756,0.8056112224448898,0.0
7689,7689.T,Copa Corporation Inc.,Wholesale Trade,0.18631178707224336,0.5,0.946969696969697,0.022727272727272728,0.3257575757575758,0.003787878787878788,0.0
8143,8143.T,"LAPINE CO.,LTD.",Textiles and Apparels,0.7317073170731707,0.5,0.7560975609756098,0.024390243902439025,0.025000000000000022,0.07317073170731707,0.0
9238,9238.T,"VALUE CREATION CO.,LTD.",Services,0.053691275167785234,0.5,0.5610859728506787,0.08035714285714286,0.49886104783599083,0.23883928571428573,1.0
2459,2459.T,"AUN CONSULTING,Inc.",Services,0.203579418344519,0.5,0.20588235294117646,0.08035714285714286,0.876993166287016,0.49776785714285715,0.0
7901,7901.T,MATSUMOTO INC.,Other Products,0.8367346938775511,0.5,0.09183673469387756,0.22448979591836735,0.9795918367346939,0.5510204081632653,0.0
5721,5721.T,S Crypto Energy Inc.,Nonferrous Metals,0.27586206896551724,0.5,0.034482758620689655,0.06896551724137931,0.1071428571428571,0.4827586206896552,1.0
7078,7078.T,INCLUSIVE Holdings Inc.,Services,0.5838926174496645,0.5,0.5271493212669683,0.21316964285714285,0.9772209567198178,0.33482142857142855,1.0
3070,3070.T,"JELLY BEANS GROUP Co.,Ltd.",Wholesale Trade,0.19011406844106463,0.5,0.36742424242424243,0.07196969696969698,0.0,0.8636363636363636,0.0
5535,5535.T,MIGALO HOLDINGS Inc.,Real Estate,0.37398373983739835,0.3983050847457627,0.45528455284552843,0.3983739837398374,0.10655737704918034,0.5772357723577236,1.0
4883,4883.T,Modalis Therapeutics Corporation,Pharmaceutical,0.5434782608695652,0.5,0.5,0.20212765957446807,0.7446808510638299,0.5531914893617021,0.0
3137,3137.T,"Fundely Co.,Ltd.",Retail Trade,0.09523809523809523,0.5,0.08445945945945946,0.21621621621621623,0.9186440677966101,0.5844594594594594,1.0
5240,5240.T,"monoAI technology Co.,Ltd.",Information & Communication,0.7883064516129032,0.5,0.17515274949083504,0.09218436873747494,0.9186991869918699,0.3727454909819639,0.0
9327,9327.T,"e-LogiT co.,ltd.",Warehousing and Harbor Transportation Service,0.5,0.5161290322580645,0.8709677419354839,0.3064516129032258,0.0,0.25806451612903225,0.0
9235,9235.T,"Ureru Net Advertising Group Co.,Ltd.",Services,0.040268456375838924,0.5,0.6561085972850679,0.08035714285714286,0.9886104783599089,0.8839285714285714,0.0
7615,7615.T,"KYOTO KIMONO YUZEN HOLDINGS Co.,Ltd.",Retail Trade,0.7925170068027211,0.5,0.25675675675675674,0.05912162162162162,0.8677966101694915,0.5033783783783784,0.0
7138,7138.T,"TORICO Co.,Ltd.",Retail Trade,0.9897959183673469,0.5,0.7736486486486487,0.21621621621621623,0.9898305084745763,0.5101351351351351,0.0
8894,8894.T,"REVOLUTION CO.,LTD.",Real Estate,1.0,0.5,0.008130081300813009,0.6341463414634146,0.9918032786885246,0.43089430894308944,1.0
5856,5856.T,"Life Intelligent Enterprise Holdings Co.,Ltd.",Retail Trade,0.9931972789115646,0.9961389961389961,0.02364864864864865,0.21621621621621623,0.003389830508474523,0.7162162162162162,1.0
5129,5129.T,FIXER Inc.,Information & Communication,0.8266129032258065,0.5,0.03054989816700611,0.02905811623246493,0.9654471544715447,0.7635270541082164,1.0
3825,3825.T,"Remixpoint,inc.",Retail Trade,0.5,0.2084942084942085,0.013513513513513514,0.015202702702702704,0.0,0.7094594594594594,1.0
4425,4425.T,Kudan Inc.,Information & Communication,0.0846774193548387,0.5,0.016293279022403257,0.004008016032064128,0.32113821138211385,0.9138276553106213,0.0
7426,7426.T,Yamadai Corporation,Wholesale Trade,0.9847908745247148,0.5,0.015151515151515152,0.19507575757575757,0.9886363636363636,0.32196969696969696,0.0
3624,3624.T,AXEL MARK INC.,Information & Communication,0.7560483870967742,0.5,0.014256619144602852,0.09218436873747494,0.9817073170731707,0.49498997995991983,0.0
5216,5216.T,"KURAMOTO CO.,LTD.",Glass and Ceramics Products,0.18181818181818182,0.5,0.9545454545454546,0.125,0.9772727272727273,0.3181818181818182,1.0
4896,4896.T,"K Pharma,Inc.",Pharmaceutical,0.1956521739130435,0.5,0.5,0.20212765957446807,0.6382978723404256,0.23404255319148937,0.0
4833,4833.T,"Def consulting,inc.",Services,0.44966442953020136,0.5,0.05429864253393665,0.08035714285714286,0.1412300683371298,0.75,0.0
2370,2370.T,"MEDINET Co.,Ltd.",Services,0.5190156599552572,0.5,0.004524886877828055,0.08035714285714286,0.20045558086560367,0.5401785714285714,0.0
4588,4588.T,Oncolys BioPharma Inc.,Pharmaceutical,0.021739130434782608,0.5,0.05,0.20212765957446807,0.6595744680851063,1.0,0.0
4564,4564.T,"OncoTherapy Science,Inc.",Pharmaceutical,1.0,0.5,0.025,0.20212765957446807,0.4042553191489362,0.9787234042553191,0.0
7794,7794.T,EDP Corporation,Other Products,0.030612244897959183,0.5,0.01020408163265306,0.08163265306122448,0.9897959183673469,0.8877551020408163,0.0
4892,4892.T,Cyfuse Biomedical K.K.,Pharmaceutical,0.5217391304347826,0.5,0.1,0.46808510638297873,0.8297872340425532,0.2765957446808511,0.0
7776,7776.T,CellSeed Inc.,Precision Instruments,0.13157894736842105,0.5,0.02631578947368421,0.02631578947368421,0.8157894736842105,0.3684210526315789,0.0
4894,4894.T,Cuorips Inc.,Pharmaceutical,0.08695652173913043,0.5,0.125,0.20212765957446807,0.14893617021276595,0.851063829787234,0.0
4571,4571.T,"Nano Holdings,Inc.",Pharmaceutical,0.5,0.5,0.075,0.46808510638297873,0.9787234042553191,0.3617021276595745,0.0
4583,4583.T,Chiome Bioscience Inc.,Pharmaceutical,0.2391304347826087,0.5,0.425,0.46808510638297873,0.5957446808510638,0.2553191489361702,0.0
4576,4576.T,"D.Western Therapeutics Institute, Inc.",Pharmaceutical,0.21739130434782608,0.5,0.275,0.46808510638297873,0.9361702127659575,0.19148936170212766,0.0
2345,2345.T,"HODL1,inc.",Information & Communication,0.9415322580645161,0.5,0.004073319755600814,0.24048096192384769,0.5264227642276422,0.591182364729459,0.0
3189,3189.T,ANAP HOLDINGS INC.,Retail Trade,0.95578231292517,0.5,0.0033783783783783786,0.21621621621621623,0.8101694915254237,0.43243243243243246,0.0
4586,4586.T,"Medrx Co.,Ltd.",Pharmaceutical,0.43478260869565216,0.5,0.175,0.20212765957446807,0.7021276595744681,0.425531914893617,0.0
4884,4884.T,"Kringle Pharma,Inc.",Pharmaceutical,0.717391304347826,0.5,0.15,0.46808510638297873,0.9148936170212766,0.723404255319149,0.0
4572,4572.T,"Carna Biosciences,Inc.",Pharmaceutical,0.15217391304347827,0.5,0.775,0.46808510638297873,0.46808510638297873,0.3404255319148936,0.0
