screen_rank,effective_date,code,ticker,company_name,market,sector_33_code,sector_33,sector_17_code,sector_17,scale_category_code,scale_category,is_financial,doc_id,filer_name,submit_date,period_start_latest,period_end_latest,revenue_concept,revenue_variant,revenue_p0,revenue_p1,revenue_p2,revenue_p3,revenue_p4,period_start_p0,period_start_p1,period_start_p2,period_start_p3,period_start_p4,period_end_p0,period_end_p1,period_end_p2,period_end_p3,period_end_p4,operating_income_concept,operating_income_variant,operating_income_current,operating_income_context,top_shareholder_name,top_shareholder_ratio,top_shareholder_shares,top_holder_is_individual,leaders,leader_names,leader_is_top_shareholder,matched_leader,history_listing_date,history_listing_evidence,shareholders_json,officers_json,parse_error,first_price_date,last_price_date,revenue_growth_1,revenue_growth_2,revenue_growth_3,revenue_growth_4,revenue_cagr_4y,revenue_5y_complete,c1_each_yoy_20,c1_cagr_20,operating_margin_latest,c2_operating_margin_10,listing_date_proxy,listing_date_for_test,listing_date_source,c3_listed_within_5y,c4_leader_top_holder_strict,c4_owner_proxy_broad,strict_overlap_count,cagr_overlap_count,cagr_owner_proxy_overlap_count,fiscal_period_days,growth_quality_flag,shares_outstanding_pti,latest_date,close,avg_trading_value_60d,history_days,annual_volatility,max_drawdown,investment_eligible,investment_exclusion_reasons,adjusted_bb_score,score_rank,category,market_cap_proxy_jpy,price_to_sales_proxy,purchase_risk_notes
1,20260430,5537,5537.T,"AlbaLink Co.,Ltd.",Growth Market(Domestic),8050,Real Estate,17,REAL ESTATE,-,,False,S100XV4H,株式会社ＡｌｂａＬｉｎｋ,2026-03-27 16:00,2025-01-01,2025-12-31,NetSalesSummaryOfBusinessResults,nonconsolidated,885982000.0,1338730000.0,2995068000.0,5440231000.0,8191248000.0,2021-01-01,2022-01-01,2023-01-01,2024-01-01,2025-01-01,2021-12-31,2022-12-31,2023-12-31,2024-12-31,2025-12-31,OperatingIncome,nonconsolidated,1311446000.0,CurrentYearDuration_NonConsolidatedMember,河田 憲二,0.5383,4404700.0,True,河田 憲二（代表取締役）,河田 憲二,True,河田 憲二,2023-11-01,2023年11月: 東京証券取引所TOKYO PRO Marketに株式を上場,"[{""rank"": 1, ""name"": ""河田 憲二"", ""ratio"": 0.5383, ""shares"": 4404700.0}, {""rank"": 2, ""name"": ""内木場 隼"", ""ratio"": 0.1734, ""shares"": 1419000.0}, {""rank"": 3, ""name"": ""株式会社SBI証券"", ""ratio"": 0.0346, ""shares"": 283400.0}, {""rank"": 4, ""name"": ""株式会社日本カストディ銀行（信託口）"", ""ratio"": 0.0287, ""shares"": 234800.0}, {""rank"": 5, ""name"": ""BNY GCM CLIENT ACCOUNT JPRD AC ISG （FE－AC） （常任代理人 株式会社三菱ＵＦＪ銀行）"", ""ratio"": 0.0193, ""shares"": 158306.0}, {""rank"": 6, ""name"": ""AKパートナーズ株式会社"", ""ratio"": 0.0122, ""shares"": 100000.0}, {""rank"": 7, ""name"": ""井口 亮"", ""ratio"": 0.0105, ""shares"": 86000.0}, {""rank"": 8, ""name"": ""上総 尚吾"", ""ratio"": 0.01, ""shares"": 82000.0}, {""rank"": 9, ""name"": ""行田 耕介"", ""ratio"": 0.0098, ""shares"": 80000.0}, {""rank"": 10, ""name"": ""INTERACTIVE BROKERS LLC （常任代理人 インタラクティブ・ブローカーズ証券株式会社）"", ""ratio"": 0.0068, ""shares"": 55800.0}]","[{""name"": ""河田 憲二"", ""title"": ""代表取締役"", ""shares"": 4404700.0}, {""name"": ""大友 裕樹"", ""title"": ""取締役COO"", ""shares"": 8800.0}, {""name"": ""仲川 周"", ""title"": ""取締役CFO"", ""shares"": 38800.0}, {""name"": ""洲崎 智広"", ""title"": ""取締役"", ""shares"": null}, {""name"": ""小野 晃嗣"", ""title"": ""取締役"", ""shares"": null}, {""name"": ""岡口 瑞穂"", ""title"": ""取締役 常勤監査等委員"", ""shares"": null}, {""name"": ""野口 剛"", ""title"": ""取締役 監査等委員"", ""shares"": null}, {""name"": ""竹澤 大格"", ""title"": ""取締役 監査等委員"", ""shares"": null}]",,2023-11-29,2026-06-01,0.511012639082961,1.2372457478356351,0.816396489161515,0.5056801815952301,0.7437382495486999,True,True,True,0.160103320031331,True,2023-11-01,2023-11-29,local_price_first_trade,True,True,True,4,4,4,365/365/365/366/365,OK,8183200.0,2026-06-01,2248.0,223835296.66666663,609.0,0.4032983281369793,-0.4706036745406823,True,,-0.0241976618780774,2072,Core Moat,18395833600.0,2.2457913128744242,目立つ機械的警告なし（定性確認は別途必要）
2,20260430,9338,9338.T,INFORICH INC.,Growth Market(Domestic),9050,Services,10,"IT & SERVICES, OTHERS",-,,False,S100XR70,株式会社ＩＮＦＯＲＩＣＨ,2026-03-16 15:52,2025-01-01,2025-12-31,NetSalesSummaryOfBusinessResults,consolidated,1645439000.0,4389053000.0,7681681000.0,10701124000.0,14431778000.0,2021-01-01,2022-01-01,2023-01-01,2024-01-01,2025-01-01,2021-12-31,2022-12-31,2023-12-31,2024-12-31,2025-12-31,OperatingIncome,consolidated,2053695000.0,CurrentYearDuration,秋山 広宣,0.1191,1170000.0,True,秋山 広宣（代表取締役 兼執行役員 Group ＣＥＯ）,秋山 広宣,True,秋山 広宣,2022-12-01,2022年12月: 東京証券取引所グロース市場に株式を上場,"[{""rank"": 1, ""name"": ""秋山 広宣"", ""ratio"": 0.1191, ""shares"": 1170000.0}, {""rank"": 2, ""name"": ""株式会社ＳＢＩ証券"", ""ratio"": 0.0466, ""shares"": 457900.0}, {""rank"": 3, ""name"": ""株式会社日本カストディ銀行(信託口)"", ""ratio"": 0.0375, ""shares"": 368400.0}, {""rank"": 4, ""name"": ""ＴＨＥ ＢＡＮＫ ＯＦ ＮＥＷ ＹＯＲＫ 133652（常任代理人 株式会社みずほ銀行 決済営業部部長 日置 貴史）"", ""ratio"": 0.0374, ""shares"": 366910.0}, {""rank"": 5, ""name"": ""ＢＢＨ ＣＯ ＦＯＲ ＡＲＣＵＳ ＪＡＰＡＮ ＶＡＬＵＥ ＦＵＮＤ（常任代理人 株式会社三菱ＵＦＪ銀行 取締役頭取執行役員 半沢 淳一）"", ""ratio"": 0.0351, ""shares"": 345000.0}, {""rank"": 6, ""name"": ""ＭＲＡ ＩＮＶＥＳＴＭＥＮＴＳ ＰＴＥ ＬＴＤ（常任代理人 東海東京証券株式会社 決済業務部長 中村 薫）"", ""ratio"": 0.0305, ""shares"": 300000.0}, {""rank"": 7, ""name"": ""ＢＮＹＭ ＡＳ ＡＧＴ／ＣＬＴＳ ＮＯＮ ＴＲＥＡＴＹ ＪＡＳＤＥＣ（常任代理人 株式会社三菱ＵＦＪ銀行 取締役頭取執行役員 半沢 淳一）"", ""ratio"": 0.0304, ""shares"": 298800.0}, {""rank"": 8, ""name"": ""楽天証券株式会社共有口"", ""ratio"": 0.0246, ""shares"": 241300.0}, {""rank"": 9, ""name"": ""ベル投資事業有限責任組合1"", ""ratio"": 0.0194, ""shares"": 190400.0}, {""rank"": 10, ""name"": ""ＭＳＩＰ ＣＬＩＥＮＴ ＳＥＣＵＲＩＴＩＥＳ（常任代理人 モルガン・スタンレーＭＵＦＧ証券株式会社 オペレーション本部長 アンドリューハーシャン）"", ""ratio"": 0.015, ""shares"": 146950.0}]","[{""name"": ""秋山 広宣"", ""title"": ""代表取締役 兼執行役員 Group ＣＥＯ"", ""shares"": 1170000.0}, {""name"": ""橋本 祐樹"", ""title"": ""取締役"", ""shares"": 1000.0}, {""name"": ""高橋 朋伯"", ""title"": ""取締役 兼執行役員 Japan ＣＯＯ"", ""shares"": 2390.0}, {""name"": ""角田 耕一"", ""title"": ""取締役"", ""shares"": null}, {""name"": ""鈴木 シュヴァイスグート 絵里子"", ""title"": ""取締役"", ""shares"": null}, {""name"": ""星 健一"", ""title"": ""取締役"", ""shares"": null}, {""name"": ""天野 友道"", ""title"": ""取締役"", ""shares"": null}, {""name"": ""小倉 和宣"", ""title"": ""常勤監査役"", ""shares"": null}, {""name"": ""阿南 剛"", ""title"": ""監査役"", ""shares"": null}, {""name"": ""波多野 佐知子"", ""title"": ""監査役"", ""shares"": null}]",,2022-12-21,2026-06-01,1.6674054765931765,0.7501909865294405,0.3930706052490333,0.3486226306694511,0.7209153692753942,True,True,True,0.1423036717998295,True,2022-12-01,2022-12-21,local_price_first_trade,True,True,True,4,4,4,365/365/365/366/365,OK,9820545.0,2026-06-01,4530.0,259737616.66666663,840.0,0.7196944095078908,-0.6943493150684932,True,,0.0096747081908528,1793,Transformation Moat,44487068850.0,3.0825771329076708,年率ボラティリティ60%以上 / ローカル5年最大下落率-60%以下
3,20260430,5253,5253.T,COVER Corporation,Growth Market(Domestic),5250,Information & Communication,10,"IT & SERVICES, OTHERS",-,,False,S100W4H7,カバー株式会社,2025-06-25 15:30,2024-04-01,2025-03-31,NetSalesSummaryOfBusinessResults,nonconsolidated,5724000000.0,13663000000.0,20451000000.0,30166000000.0,43401000000.0,2020-04-01,2021-04-01,2022-04-01,2023-04-01,2024-04-01,2021-03-31,2022-03-31,2023-03-31,2024-03-31,2025-03-31,OperatingIncome,nonconsolidated,8001000000.0,CurrentYearDuration_NonConsolidatedMember,谷郷 元昭,0.3174,20835900.0,True,谷郷 元昭（代表取締役社長）,谷郷 元昭,True,谷郷 元昭,2023-03-01,2023年3月: 東京証券取引所グロース市場に株式を上場,"[{""rank"": 1, ""name"": ""谷郷 元昭"", ""ratio"": 0.3174, ""shares"": 20835900.0}, {""rank"": 2, ""name"": ""バレー株式会社"", ""ratio"": 0.0503, ""shares"": 3300000.0}, {""rank"": 3, ""name"": ""MORGAN STANLEY & CO. LLC"", ""ratio"": 0.0441, ""shares"": 2896706.0}, {""rank"": 4, ""name"": ""福田 一行"", ""ratio"": 0.0437, ""shares"": 2868560.0}, {""rank"": 5, ""name"": ""株式会社日本カストディ銀行(信託口)"", ""ratio"": 0.0359, ""shares"": 2360000.0}, {""rank"": 6, ""name"": ""MSCO CUSTOMER SECURITIES"", ""ratio"": 0.0299, ""shares"": 1962794.0}, {""rank"": 7, ""name"": ""楽天証券株式会社"", ""ratio"": 0.0229, ""shares"": 1504500.0}, {""rank"": 8, ""name"": ""UBS AG LONDON A/C IPB SEGREGATED CLIENT ACCOUNT"", ""ratio"": 0.0222, ""shares"": 1460600.0}, {""rank"": 9, ""name"": ""BNYM SA/NV FOR BNYM FOR BNYM GCM CLIENT ACCTS M ILM FE"", ""ratio"": 0.0201, ""shares"": 1321145.0}, {""rank"": 10, ""name"": ""株式会社SBI証券"", ""ratio"": 0.0195, ""shares"": 1282099.0}]","[{""name"": ""谷郷 元昭"", ""title"": ""代表取締役社長"", ""shares"": 20835900.0}, {""name"": ""福田 一行"", ""title"": ""取締役 CTO"", ""shares"": 2868560.0}, {""name"": ""植田 修平"", ""title"": ""取締役"", ""shares"": 19654.0}, {""name"": ""須田 仁之"", ""title"": ""社外取締役(注1)"", ""shares"": 900014.0}, {""name"": ""和田 洋一"", ""title"": ""社外取締役(注1)"", ""shares"": 19654.0}, {""name"": ""宮島 功"", ""title"": ""社外取締役常勤監査等委員(注1)"", ""shares"": 98471.0}, {""name"": ""小倉 親子"", ""title"": ""社外取締役監査等委員(注1)"", ""shares"": null}, {""name"": ""新井 健一郎"", ""title"": ""社外取締役監査等委員(注1)"", ""shares"": null}]",,2023-03-27,2026-06-01,1.3869671558350802,0.4968162189855816,0.4750378954574348,0.4387389776569648,0.6593959575526838,True,True,True,0.1843505910002073,True,2023-03-01,2023-03-27,local_price_first_trade,True,True,True,4,4,4,365/365/365/366/365,OK,65650100.0,2026-06-01,1633.0,2215731995.0,777.0,0.595660671244626,-0.6058997050147492,True,,-0.0476962733408674,2246,Transformation Moat,107206613300.0,2.4701415474297828,ローカル5年最大下落率-60%以下
4,20260430,5032,5032.T,ANYCOLOR Inc.,Prime Market (Domestic),5250,Information & Communication,10,"IT & SERVICES, OTHERS",6,TOPIX Small 1,False,S100WFMJ,ＡＮＹＣＯＬＯＲ株式会社,2025-07-30 15:30,2024-05-01,2025-04-30,NetSalesSummaryOfBusinessResults,nonconsolidated,7636000000.0,14164000000.0,25341000000.0,31995000000.0,42876000000.0,2020-05-01,2021-05-01,2022-05-01,2023-05-01,2024-05-01,2021-04-30,2022-04-30,2023-04-30,2024-04-30,2025-04-30,OperatingIncome,nonconsolidated,16279000000.0,CurrentYearDuration_NonConsolidatedMember,田角 陸,0.4388,26794020.0,True,田角 陸（代表取締役ＣＥＯ）,田角 陸,True,田角 陸,2022-06-01,2022年６月: 東京証券取引所グロース市場に株式を上場,"[{""rank"": 1, ""name"": ""田角 陸"", ""ratio"": 0.4388, ""shares"": 26794020.0}, {""rank"": 2, ""name"": ""日本マスタートラスト信託銀行株式会社（信託口）"", ""ratio"": 0.0901, ""shares"": 5502000.0}, {""rank"": 3, ""name"": ""株式会社日本カストディ銀行（信託口）"", ""ratio"": 0.055, ""shares"": 3360100.0}, {""rank"": 4, ""name"": ""株式会社ソニー・ミュージックエンタテインメント"", ""ratio"": 0.0548, ""shares"": 3348210.0}, {""rank"": 5, ""name"": ""KIA FUND 147-TOKIO MARINE （常任代理人 シティバンク、エヌ・エイ東京支店）"", ""ratio"": 0.013, ""shares"": 795818.0}, {""rank"": 6, ""name"": ""伊藤忠商事株式会社"", ""ratio"": 0.011, ""shares"": 669630.0}, {""rank"": 7, ""name"": ""JPモルガン証券株式会社"", ""ratio"": 0.0105, ""shares"": 641552.0}, {""rank"": 8, ""name"": ""釣井 慎也"", ""ratio"": 0.0104, ""shares"": 637500.0}, {""rank"": 9, ""name"": ""GOVERNMENT OF NORWAY （常任代理人 シティバンク、エヌ・エイ東京支店）"", ""ratio"": 0.0099, ""shares"": 607093.0}, {""rank"": 10, ""name"": ""BOFAS INC SEGREGATION ACCOUNT （常任代理人 BOFA証券株式会社）"", ""ratio"": 0.0098, ""shares"": 601048.0}]","[{""name"": ""田角 陸"", ""title"": ""代表取締役ＣＥＯ"", ""shares"": 26794020.0}, {""name"": ""釣井 慎也"", ""title"": ""取締役ＣＦＯ"", ""shares"": 637500.0}, {""name"": ""有富 丈之"", ""title"": ""社外取締役"", ""shares"": null}, {""name"": ""前川 俊策"", ""title"": ""社外取締役 常勤監査等委員"", ""shares"": null}, {""name"": ""山岡 佑"", ""title"": ""社外取締役 監査等委員"", ""shares"": null}, {""name"": ""丸山 祐子"", ""title"": ""社外取締役 監査等委員"", ""shares"": null}]",,2022-06-09,2026-06-01,0.8548978522786799,0.7891132448460887,0.2625784302119096,0.3400843881856541,0.5393489706954044,True,True,True,0.3796762757719936,True,2022-06-01,2022-06-09,local_price_first_trade,True,True,True,4,4,4,365/365/365/366/365,OK,61067519.0,2026-06-01,2907.0,3479777313.3333335,972.0,0.6359376760327279,-0.6936669055132226,True,,0.0550050587496192,1488,Core Moat,177523277733.0,4.1403880430310664,年率ボラティリティ60%以上 / ローカル5年最大下落率-60%以下
5,20260430,5254,5254.T,Arent Inc.,Growth Market(Domestic),5250,Information & Communication,10,"IT & SERVICES, OTHERS",-,,False,S100WRNQ,株式会社Ａｒｅｎｔ,2025-09-26 16:45,2024-07-01,2025-06-30,NetSalesSummaryOfBusinessResults,consolidated,722031000.0,1011934000.0,2022107000.0,2939525000.0,4028518000.0,2020-07-01,2021-07-01,2022-07-01,2023-07-01,2024-07-01,2021-06-30,2022-06-30,2023-06-30,2024-06-30,2025-06-30,OperatingIncome,consolidated,1690673000.0,CurrentYearDuration,鴨林広軌,0.3579,2304880.0,True,鴨林 広軌（代表取締役社長 兼経営戦略本部長） / 佐海 文隆（代表取締役副社長 兼事業本部長）,鴨林 広軌 / 佐海 文隆,True,鴨林 広軌,2023-03-01,2023年３月: 東京証券取引所グロース市場に株式を上場,"[{""rank"": 1, ""name"": ""鴨林広軌"", ""ratio"": 0.3579, ""shares"": 2304880.0}, {""rank"": 2, ""name"": ""株式会社日本カストディ銀行(信託口)"", ""ratio"": 0.0868, ""shares"": 558800.0}, {""rank"": 3, ""name"": ""佐海文隆"", ""ratio"": 0.0544, ""shares"": 350000.0}, {""rank"": 4, ""name"": ""SBI4＆5投資事業有限責任組合"", ""ratio"": 0.0472, ""shares"": 303940.0}, {""rank"": 5, ""name"": ""中川高志"", ""ratio"": 0.042, ""shares"": 270500.0}, {""rank"": 6, ""name"": ""丸山篤史"", ""ratio"": 0.0408, ""shares"": 263000.0}, {""rank"": 7, ""name"": ""MSIP CLIENT SECURITIES (常任代理人 モルガン・スタンレーMUFG証券株式会社)"", ""ratio"": 0.0347, ""shares"": 223378.0}, {""rank"": 8, ""name"": ""大北尚永 （常任代理人 みずほ証券株式会社）"", ""ratio"": 0.0343, ""shares"": 221000.0}, {""rank"": 9, ""name"": ""野村信託銀行株式会社（投信口）"", ""ratio"": 0.0332, ""shares"": 213900.0}, {""rank"": 10, ""name"": ""株式会社ＳＢＩ証券"", ""ratio"": 0.0188, ""shares"": 120900.0}]","[{""name"": ""鴨林 広軌"", ""title"": ""代表取締役社長 兼経営戦略本部長"", ""shares"": 2304880.0}, {""name"": ""佐海 文隆"", ""title"": ""代表取締役副社長 兼事業本部長"", ""shares"": 350000.0}, {""name"": ""織田 岳志"", ""title"": ""常務取締役"", ""shares"": 48060.0}, {""name"": ""中嶋 翼"", ""title"": ""取締役管理本部長"", ""shares"": 11800.0}, {""name"": ""幸田 博人"", ""title"": ""社外取締役"", ""shares"": null}, {""name"": ""水鳥 敬広"", ""title"": ""社外監査役 （常勤）"", ""shares"": 3760.0}, {""name"": ""松田 健二"", ""title"": ""社外監査役"", ""shares"": null}, {""name"": ""菅沼 匠"", ""title"": ""社外監査役"", ""shares"": null}]",,2023-03-28,2026-06-01,0.4015104614621809,0.9982597679295292,0.4536940923502071,0.3704656364548695,0.5369062123882422,True,True,True,0.4196761687548622,True,2023-03-01,2023-03-28,local_price_first_trade,True,True,True,4,4,4,365/365/365/366/365,OK,6439380.0,2026-06-01,3800.0,146848533.33333334,776.0,0.7170420040895795,-0.6744736842105263,True,,-0.0429279012915882,2219,Transformation Moat,24469644000.0,6.074105663670859,年率ボラティリティ60%以上 / ローカル5年最大下落率-60%以下
6,20260430,5588,5588.T,"Fast Accounting Co.,Ltd.",Growth Market(Domestic),5250,Information & Communication,10,"IT & SERVICES, OTHERS",-,,False,S100XUQ2,ファーストアカウンティング株式会社,2026-03-27 09:07,2025-01-01,2025-12-31,NetSalesSummaryOfBusinessResults,nonconsolidated,460980000.0,785533000.0,1232393000.0,1707072000.0,2369766000.0,2021-01-01,2022-01-01,2023-01-01,2024-01-01,2025-01-01,2021-12-31,2022-12-31,2023-12-31,2024-12-31,2025-12-31,OperatingIncome,nonconsolidated,293256000.0,CurrentYearDuration_NonConsolidatedMember,森 啓太郎,0.2305,2585200.0,True,森 啓太郎（代表取締役社長）,森 啓太郎,True,森 啓太郎,2023-09-01,2023年９月: 東京証券取引所グロース市場に株式を上場,"[{""rank"": 1, ""name"": ""森 啓太郎"", ""ratio"": 0.2305, ""shares"": 2585200.0}, {""rank"": 2, ""name"": ""MoriSpaceManagement株式会社"", ""ratio"": 0.214, ""shares"": 2400000.0}, {""rank"": 3, ""name"": ""ＩＮＴＥＲＡＣＴＩＶＥ ＢＲＯＫＥＲＳ ＬＬＣ （常任代理人 インタラクティブ・ブローカーズ証券株式会社）"", ""ratio"": 0.0811, ""shares"": 909500.0}, {""rank"": 4, ""name"": ""株式会社日本カストディ銀行（信託口）"", ""ratio"": 0.0552, ""shares"": 619000.0}, {""rank"": 5, ""name"": ""日本マスタートラスト信託銀行株式会社（信託口）"", ""ratio"": 0.0449, ""shares"": 504100.0}, {""rank"": 6, ""name"": ""株式会社マイナビ"", ""ratio"": 0.0446, ""shares"": 500000.0}, {""rank"": 7, ""name"": ""DAIWA CM SINGAPORE LTD-NOMINEE ALL STAR SAAS FUND PTE.LTD. （常任代理人 大和証券株式会社）"", ""ratio"": 0.037, ""shares"": 415000.0}, {""rank"": 8, ""name"": ""中薗 直幸"", ""ratio"": 0.0129, ""shares"": 145060.0}, {""rank"": 9, ""name"": ""葛 鴻鵬"", ""ratio"": 0.0107, ""shares"": 120000.0}, {""rank"": 10, ""name"": ""株式会社オービックビジネスコンサルタント"", ""ratio"": 0.0084, ""shares"": 94000.0}, {""rank"": 11, ""name"": ""株式会社ミロク情報サービス"", ""ratio"": 0.0084, ""shares"": 94000.0}]","[{""name"": ""森 啓太郎"", ""title"": ""代表取締役社長"", ""shares"": 4985200.0}, {""name"": ""松田 顕"", ""title"": ""取締役執行役員 ＣＴＯ"", ""shares"": 76200.0}, {""name"": ""中薗 直幸"", ""title"": ""取締役執行役員 ＣＲＯ"", ""shares"": 145060.0}, {""name"": ""上村 朗"", ""title"": ""取締役ＣＦＯ"", ""shares"": 5000.0}, {""name"": ""牧野 正幸"", ""title"": ""取締役"", ""shares"": null}, {""name"": ""三村 真宗"", ""title"": ""取締役"", ""shares"": null}, {""name"": ""石関 加代子 （戸籍名 淺山 加代子）"", ""title"": ""取締役"", ""shares"": null}, {""name"": ""作野 勝英"", ""title"": ""常勤監査役"", ""shares"": null}, {""name"": ""安本 隆晴"", ""title"": ""監査役"", ""shares"": null}, {""name"": ""大濱 正裕"", ""title"": ""監査役"", ""shares"": null}]",,2023-09-22,2026-06-01,0.7040500672480368,0.5688621611058988,0.3851685298439702,0.3882050669216061,0.5057603088526619,True,True,True,0.1237489271092588,True,2023-09-01,2023-09-22,local_price_first_trade,True,True,True,4,4,4,365/365/365/366/365,OK,11216020.0,2026-06-01,710.0,53092893.333333336,654.0,0.6936560201929398,-0.6507913873243008,True,,-0.2108459981946863,3065,Transformation Moat,7963374200.0,3.3604052889610196,年率ボラティリティ60%以上 / ローカル5年最大下落率-60%以下
7,20260430,9337,9337.T,toridori Inc.,Growth Market(Domestic),9050,Services,10,"IT & SERVICES, OTHERS",-,,False,S100XQKR,株式会社トリドリ,2026-03-18 12:19,2025-01-01,2025-12-31,NetSalesSummaryOfBusinessResults,consolidated,1057864000.0,2054814000.0,3222096000.0,4273709000.0,5372804000.0,2021-01-01,2022-01-01,2023-01-01,2024-01-01,2025-01-01,2021-12-31,2022-12-31,2023-12-31,2024-12-31,2025-12-31,OperatingIncome,consolidated,707758000.0,CurrentYearDuration,中山 貴之,0.3139,1036080.0,True,中山 貴之（代表取締役社長 ＣＥＯ）,中山 貴之,True,中山 貴之,2022-12-01,2022年12月: 東京証券取引所グロース市場に株式を上場,"[{""rank"": 1, ""name"": ""中山 貴之"", ""ratio"": 0.3139, ""shares"": 1036080.0}, {""rank"": 2, ""name"": ""株式会社日本カストディ銀行（信託口）"", ""ratio"": 0.0983, ""shares"": 324400.0}, {""rank"": 3, ""name"": ""Global Catalyst Partners Japan ２号投資事業有限責任組合"", ""ratio"": 0.0545, ""shares"": 180000.0}, {""rank"": 4, ""name"": ""雨瀧 浩一郎"", ""ratio"": 0.0424, ""shares"": 140000.0}, {""rank"": 5, ""name"": ""日本マスタートラスト信託銀行株式会社（信託口）"", ""ratio"": 0.0365, ""shares"": 120700.0}, {""rank"": 6, ""name"": ""株式会社セレス"", ""ratio"": 0.0329, ""shares"": 108680.0}, {""rank"": 7, ""name"": ""NOMURA INTERNATIONAL PLC A／C JAPAN FLOW （常任代理人 野村證券株式会社）"", ""ratio"": 0.0287, ""shares"": 94900.0}, {""rank"": 8, ""name"": ""国本 貴志"", ""ratio"": 0.0272, ""shares"": 90000.0}, {""rank"": 9, ""name"": ""GOLDMAN SACHS INTERNATIONAL （常任代理人 ゴールドマン・サックス証券株式会社）"", ""ratio"": 0.0272, ""shares"": 89763.0}, {""rank"": 10, ""name"": ""BNY GCM CLIENT ACCOUNT JPRD AC ISG (FE-AC) （常任代理人 株式会社三菱ＵＦＪ銀行）"", ""ratio"": 0.0246, ""shares"": 81237.0}]","[{""name"": ""中山 貴之"", ""title"": ""代表取締役社長 ＣＥＯ"", ""shares"": 1036080.0}, {""name"": ""井上 智裕"", ""title"": ""取締役 ＣＯＯ"", ""shares"": 13880.0}, {""name"": ""森田 一樹"", ""title"": ""取締役 ＣＦＯ"", ""shares"": 3940.0}, {""name"": ""高安 聡"", ""title"": ""取締役"", ""shares"": 16300.0}, {""name"": ""長谷部 潤"", ""title"": ""取締役"", ""shares"": 7840.0}, {""name"": ""樽見 伸二"", ""title"": ""常勤監査役"", ""shares"": 640.0}, {""name"": ""藤岡 大祐"", ""title"": ""監査役"", ""shares"": null}, {""name"": ""青野 瑞穂"", ""title"": ""監査役"", ""shares"": null}]",,2022-12-19,2026-06-01,0.942417928958732,0.5680718546788177,0.3263754400862046,0.2571759097308683,0.5012146362183578,True,True,True,0.1317297262286136,True,2022-12-01,2022-12-19,local_price_first_trade,True,True,True,4,4,4,365/365/365/366/365,OK,3300000.0,2026-06-01,1645.0,63380933.333333336,842.0,0.6230133695611892,-0.6591549295774648,True,,-0.1204632168335504,2711,Transformation Moat,5428500000.0,1.0103662817404098,年率ボラティリティ60%以上 / ローカル5年最大下落率-60%以下
8,20260430,5136,5136.T,"tripla Co.,Ltd.",Growth Market(Domestic),5250,Information & Communication,10,"IT & SERVICES, OTHERS",-,,False,S100XH92,ｔｒｉｐｌａ株式会社,2026-01-26 15:39,2024-11-01,2025-10-31,OperatingRevenue1SummaryOfBusinessResults,nonconsolidated,506037000.0,817791000.0,1176209000.0,1639787000.0,2150330000.0,2020-11-01,2021-11-01,2022-11-01,2023-11-01,2024-11-01,2021-10-31,2022-10-31,2023-10-31,2024-10-31,2025-10-31,OperatingIncome,nonconsolidated,533942000.0,CurrentYearDuration_NonConsolidatedMember,鳥生 格,0.192,1135000.0,True,高橋 和久（代表取締役ＣＥＯ） / 鳥生 格（代表取締役ＣＰＯ）,高橋 和久 / 鳥生 格,True,鳥生 格,2022-11-01,2022年11月: 東京証券取引所グロース市場に株式を上場,"[{""rank"": 1, ""name"": ""鳥生 格"", ""ratio"": 0.192, ""shares"": 1135000.0}, {""rank"": 2, ""name"": ""高橋 和久"", ""ratio"": 0.1329, ""shares"": 786000.0}, {""rank"": 3, ""name"": ""INTERACTIVE BROKERS LLC(常任代理人 インタラクティブ・ブローカーズ証券株式会社)"", ""ratio"": 0.0538, ""shares"": 318300.0}, {""rank"": 4, ""name"": ""BNY GCM CLIENT ACCOUNT JPRD AC ISG (FE-AC) (常任代理人 株式会社三菱ＵＦＪ銀行)"", ""ratio"": 0.0339, ""shares"": 200199.0}, {""rank"": 5, ""name"": ""株式会社日本カストディ銀行(信託口)"", ""ratio"": 0.029, ""shares"": 171600.0}, {""rank"": 6, ""name"": ""山田 裕一"", ""ratio"": 0.026, ""shares"": 153700.0}, {""rank"": 7, ""name"": ""楽天証券株式会社共有口"", ""ratio"": 0.0232, ""shares"": 137000.0}, {""rank"": 8, ""name"": ""SCBHK AC SINGAPORE CLIENT(常任代理人 株式会社三菱ＵＦＪ銀行)"", ""ratio"": 0.0225, ""shares"": 133022.0}, {""rank"": 9, ""name"": ""NOMURA PB NOMINEES LIMITED OMNIBUS-MARGIN (CASHPB)(常任代理人 野村證券株式会社)"", ""ratio"": 0.0204, ""shares"": 120700.0}, {""rank"": 10, ""name"": ""CACEIS BANK/QUINTET LUXEMBOURG SUB AC / UCITS CUSTOMERS ACCOUNT(常任代理人 香港上海銀行東京支店)"", ""ratio"": 0.0195, ""shares"": 115500.0}]","[{""name"": ""高橋 和久"", ""title"": ""代表取締役ＣＥＯ"", ""shares"": 786000.0}, {""name"": ""鳥生 格"", ""title"": ""代表取締役ＣＰＯ"", ""shares"": 1135000.0}, {""name"": ""岡 義人"", ""title"": ""取締役ＣＦＯ"", ""shares"": 5800.0}, {""name"": ""山本 雅輝"", ""title"": ""取締役"", ""shares"": null}, {""name"": ""市橋 景子"", ""title"": ""取締役"", ""shares"": null}, {""name"": ""山添 千加美"", ""title"": ""常勤監査役"", ""shares"": null}, {""name"": ""阿曾 友淳"", ""title"": ""監査役"", ""shares"": 7000.0}, {""name"": ""田端 聡朗"", ""title"": ""監査役"", ""shares"": null}]",,2022-11-25,2026-06-01,0.6160695759400991,0.438275794182132,0.3941289345686014,0.3113471444766911,0.4357562331508713,True,True,True,0.2483070040412401,True,2022-11-01,2022-11-25,local_price_first_trade,True,True,True,4,4,4,365/365/365/366/365,OK,5912462.0,2026-06-01,1519.0,102201441.66666669,858.0,0.6412150350324344,-0.6645468998410176,False,excessive_leverage;other_data_quality_issue,0.044384295649172,1549,Core Moat,8981029778.0,4.176582095771347,既存適格性フィルター不通過: excessive_leverage;other_data_quality_issue / 年率ボラティリティ60%以上 / ローカル5年最大下落率-60%以下
9,20260430,5575,5575.T,Globee Inc.,Growth Market(Domestic),5250,Information & Communication,10,"IT & SERVICES, OTHERS",-,,False,S100WL3G,株式会社Ｇｌｏｂｅｅ,2025-08-25 15:30,2024-06-01,2025-05-31,NetSalesSummaryOfBusinessResults,nonconsolidated,411429000.0,709387000.0,947668000.0,1288764000.0,1637523000.0,2020-06-01,2021-06-01,2022-06-01,2023-06-01,2024-06-01,2021-05-31,2022-05-31,2023-05-31,2024-05-31,2025-05-31,OperatingIncome,nonconsolidated,411481000.0,CurrentYearDuration_NonConsolidatedMember,幾嶋 研三郎,0.6383,3234800.0,True,幾嶋 研三郎（代表取締役社長）,幾嶋 研三郎,True,幾嶋 研三郎,2023-06-01,2023年６月: 東京証券取引所グロース市場に株式を上場,"[{""rank"": 1, ""name"": ""幾嶋 研三郎"", ""ratio"": 0.6383, ""shares"": 3234800.0}, {""rank"": 2, ""name"": ""株式会社日本カストディ銀行(信託口)"", ""ratio"": 0.1096, ""shares"": 555600.0}, {""rank"": 3, ""name"": ""上赤 一馬"", ""ratio"": 0.0331, ""shares"": 167833.0}, {""rank"": 4, ""name"": ""株式会社としすみ"", ""ratio"": 0.0189, ""shares"": 96000.0}, {""rank"": 5, ""name"": ""株式会社ＳＢＩ証券"", ""ratio"": 0.0135, ""shares"": 68330.0}, {""rank"": 6, ""name"": ""ＢＢＨ ＬＵＸ／ＢＲＯＷＮ ＢＲＯＴＨＥＲＳ ＨＡＲＲＩＭＡＮ （ＬＵＸＥＭＢＯＵＲＧ） ＳＣＡ ＣＵＳＴＯＤＩＡＮ ＦＯＲ ＳＭＤ－ＡＭ ＦＵＮＤＳ － ＤＳＢＩ ＪＡＰＡＮ ＥＱＵＩＴＹ ＳＭＡＬＬ ＣＡＰ ＡＢＳＯＬＵＴＥ ＶＡＬＵＥ （常任代理人 三井住友銀行）"", ""ratio"": 0.0088, ""shares"": 44600.0}, {""rank"": 7, ""name"": ""田中 聡"", ""ratio"": 0.0059, ""shares"": 30000.0}, {""rank"": 8, ""name"": ""楽天証券株式会社"", ""ratio"": 0.0057, ""shares"": 29000.0}, {""rank"": 9, ""name"": ""日本証券金融株式会社"", ""ratio"": 0.0051, ""shares"": 25800.0}, {""rank"": 10, ""name"": ""株式会社ＳＥＫＡＩＳＨＡ"", ""ratio"": 0.0047, ""shares"": 24000.0}]","[{""name"": ""幾嶋 研三郎"", ""title"": ""代表取締役社長"", ""shares"": 3234800.0}, {""name"": ""上赤 一馬"", ""title"": ""取締役ＣＴＯ"", ""shares"": 167833.0}, {""name"": ""指田 恭平"", ""title"": ""取締役ＣＦＯ"", ""shares"": 32572.0}, {""name"": ""中村 孝男"", ""title"": ""取締役 （監査等委員）"", ""shares"": 1400.0}, {""name"": ""中山 寿英"", ""title"": ""取締役 （監査等委員）"", ""shares"": null}, {""name"": ""北村 賢二郎"", ""title"": ""取締役 （監査等委員）"", ""shares"": null}]",,2023-06-14,2026-06-01,0.724202717844391,0.3358970491424287,0.3599319592937611,0.2706151009804742,0.4124501436264463,True,True,True,0.2512825774050196,True,2023-06-01,2023-06-14,local_price_first_trade,True,True,True,4,4,4,365/365/365/366/365,OK,5068159.0,2026-06-01,679.0,11768880.0,723.0,0.6250296430265839,-0.85175,False,low_liquidity,-0.0735692726732853,2426,Transformation Moat,3441279961.0,2.1015154968815706,"既存適格性フィルター不通過: low_liquidity / 60日平均売買代金2,000万円未満 / 年率ボラティリティ60%以上 / ローカル5年最大下落率-60%以下"
10,20260430,4377,4377.T,ONE CAREER Inc.,Growth Market(Domestic),5250,Information & Communication,10,"IT & SERVICES, OTHERS",-,,False,S100XUP3,株式会社ワンキャリア,2026-03-27 15:48,2025-01-01,2025-12-31,NetSalesSummaryOfBusinessResults,nonconsolidated,1951617000.0,2839721000.0,3970292000.0,5401367000.0,7576830000.0,2021-01-01,2022-01-01,2023-01-01,2024-01-01,2025-01-01,2021-12-31,2022-12-31,2023-12-31,2024-12-31,2025-12-31,OperatingIncome,nonconsolidated,2132008000.0,CurrentYearDuration_NonConsolidatedMember,宮下 尚之,0.5607,10287000.0,True,宮下 尚之（代表取締役社長 執行役員CEO） / 長澤 有紘（取締役副社長 執行役員COO）,宮下 尚之 / 長澤 有紘,True,宮下 尚之,2021-10-01,2021年10月 2021年12月 2022年２月 2022年４月 2023年３月 2023年９月 2024年２月 2024年３月 2024年４月 2024年８月 2025年３月 2025年８月 2025年10月 2025年10月: 東京証券取引所マザーズ(現・グロース市場)に株式を上場 中途採用支援メディア「ONE CAREER PLUS(現・ワンキャリア転職)」をリリース ワンキャリアクラウドシリーズ(現・ワンキャリア)のスカウトサービスをリリース 東京証券取引所の市場区分の見直しにより、東京証券取引所マザーズからグロース市場へ移行 ワンキャリアクラウドシリーズ(現・ワンキャリア)の採用管理機能をリリース 新卒エンジニア向けサービス「ONE CAREER for Engineer(現・ワンキャリアforエンジニア)」をリリース 新卒エージェントサービス「ワンキャリア新卒紹介」をリリース 外資系企業への就職を目指す学生を支援する特化型サイト「ONE CAREER for 外資(現・ワンキャリアfor外資)」をリリース 厚生労働省の定める「優良募集情報等提供事業者」の認定を取得 サービ,"[{""rank"": 1, ""name"": ""宮下 尚之"", ""ratio"": 0.5607, ""shares"": 10287000.0}, {""rank"": 2, ""name"": ""株式会社日本カストディ銀行（信託口）"", ""ratio"": 0.0735, ""shares"": 1347000.0}, {""rank"": 3, ""name"": ""長澤 有紘"", ""ratio"": 0.0459, ""shares"": 842000.0}, {""rank"": 4, ""name"": ""日本マスタートラスト信託銀行株式会社（信託口）"", ""ratio"": 0.0446, ""shares"": 818000.0}, {""rank"": 5, ""name"": ""倉田 将志"", ""ratio"": 0.0362, ""shares"": 664000.0}, {""rank"": 6, ""name"": ""ＢＮＹ ＧＣＭ ＣＬＩＥＮＴ ＡＣＣＯＵＮＴ ＪＰＲＤ ＡＣ ＩＳＧ （ＦＥ－ＡＣ） （常任代理人 株式会社三菱ＵＦＪ銀行）"", ""ratio"": 0.0174, ""shares"": 318000.0}, {""rank"": 7, ""name"": ""ＮＯＲＴＨＥＲＮ ＴＲＵＳＴ ＣＯ． （ＡＶＦＣ） ＲＥ ＮＯＮ ＴＲＥＡＴＹ ＣＬＩＥＮＴＳ ＡＣＣＯＵＮＴ （常任代理人 香港上海銀行東京支店）"", ""ratio"": 0.0167, ""shares"": 306000.0}, {""rank"": 8, ""name"": ""野村證券株式会社"", ""ratio"": 0.013, ""shares"": 237000.0}, {""rank"": 9, ""name"": ""北野 唯我"", ""ratio"": 0.0103, ""shares"": 188000.0}, {""rank"": 10, ""name"": ""ＵＢＶ ＦＵＮＤ－Ｉ投資事業有限責任組合"", ""ratio"": 0.0082, ""shares"": 150000.0}]","[{""name"": ""宮下 尚之"", ""title"": ""代表取締役社長 執行役員CEO"", ""shares"": 10287300.0}, {""name"": ""長澤 有紘"", ""title"": ""取締役副社長 執行役員COO"", ""shares"": 859800.0}, {""name"": ""北野 唯我"", ""title"": ""取締役 執行役員CSO"", ""shares"": 188500.0}, {""name"": ""高木 新平"", ""title"": ""取締役"", ""shares"": 37500.0}, {""name"": ""野村 有季子 （戸籍名： 馬塲 有季子）"", ""title"": ""取締役 （常勤監査等委員）"", ""shares"": null}, {""name"": ""美澤 臣一"", ""title"": ""取締役 （監査等委員）"", ""shares"": 75000.0}, {""name"": ""高橋 治"", ""title"": ""取締役 （監査等委員）"", ""shares"": null}]",,2021-10-07,2026-06-01,0.4550605984678346,0.3981274921022171,0.3604457808141064,0.4027615601754148,0.4036965667019214,True,True,True,0.2813852231078169,True,2021-10-01,2021-10-07,local_price_first_trade,True,True,True,4,4,4,365/365/365/366/365,OK,18345710.0,2026-06-01,1904.0,183376095.0,1135.0,0.5559944728141158,-0.4385861522702707,True,,0.1429376124106884,983,Core Moat,34930231840.0,4.610137991745888,目立つ機械的警告なし（定性確認は別途必要）
11,20260430,5134,5134.T,"POPER Co.,Ltd.",Growth Market(Domestic),5250,Information & Communication,10,"IT & SERVICES, OTHERS",-,,False,S100XH5R,株式会社ＰＯＰＥＲ,2026-01-26 15:30,2024-11-01,2025-10-31,NetSalesSummaryOfBusinessResults,nonconsolidated,442880000.0,665331000.0,829201000.0,1071086000.0,1389448000.0,2020-11-01,2021-11-01,2022-11-01,2023-11-01,2024-11-01,2021-10-31,2022-10-31,2023-10-31,2024-10-31,2025-10-31,OperatingIncome,nonconsolidated,174426000.0,CurrentYearDuration_NonConsolidatedMember,栗原 慎吾,0.2945,1161600.0,True,栗原 慎吾（代表取締役）,栗原 慎吾,True,栗原 慎吾,2022-11-01,2022年11月: 東京証券取引所グロース市場に株式を上場,"[{""rank"": 1, ""name"": ""栗原 慎吾"", ""ratio"": 0.2945, ""shares"": 1161600.0}, {""rank"": 2, ""name"": ""学校法人駿河台学園"", ""ratio"": 0.1431, ""shares"": 564490.0}, {""rank"": 3, ""name"": ""光通信ＫＫ投資事業有限責任組合"", ""ratio"": 0.0648, ""shares"": 255600.0}, {""rank"": 4, ""name"": ""INTERACTIVE BROKERS LLC（常任代理人 インタラクティブ・ブローカーズ証券株式会社）"", ""ratio"": 0.0607, ""shares"": 239400.0}, {""rank"": 5, ""name"": ""株式会社ＳＢＩ証券"", ""ratio"": 0.0498, ""shares"": 196400.0}, {""rank"": 6, ""name"": ""KVPシード・イノベーション１号投資事業有限責任組合"", ""ratio"": 0.0372, ""shares"": 146900.0}, {""rank"": 7, ""name"": ""繆 仁軍"", ""ratio"": 0.0352, ""shares"": 138900.0}, {""rank"": 8, ""name"": ""株式会社マイナビ"", ""ratio"": 0.0305, ""shares"": 120433.0}, {""rank"": 9, ""name"": ""姚 志鵬"", ""ratio"": 0.0208, ""shares"": 81900.0}, {""rank"": 10, ""name"": ""伊藤 恭"", ""ratio"": 0.0201, ""shares"": 79400.0}]","[{""name"": ""栗原 慎吾"", ""title"": ""代表取締役"", ""shares"": 1161600.0}, {""name"": ""繆 仁軍"", ""title"": ""取締役CTO"", ""shares"": 138900.0}, {""name"": ""林 圭介"", ""title"": ""取締役COO"", ""shares"": 13500.0}, {""name"": ""姚 志鵬"", ""title"": ""取締役CFO"", ""shares"": 81900.0}, {""name"": ""和田 圭史"", ""title"": ""取締役"", ""shares"": null}, {""name"": ""野口 由美子"", ""title"": ""監査役"", ""shares"": null}, {""name"": ""伊藤 雅浩"", ""title"": ""監査役"", ""shares"": null}, {""name"": ""永井 文隆"", ""title"": ""監査役"", ""shares"": null}]",,2022-11-15,2026-06-01,0.5022827854046243,0.2462984589625314,0.2917085242299515,0.2972329019331781,0.3308804863268468,True,True,True,0.125536184153707,True,2022-11-01,2022-11-15,local_price_first_trade,True,True,True,4,4,4,365/365/365/366/365,OK,3944576.0,2026-06-01,488.0,24268776.666666668,865.0,0.5486595255993243,-0.7004732927653821,True,,-0.081496153608702,2485,Transformation Moat,1924953088.0,1.3854085133088825,ローカル5年最大下落率-60%以下
12,20260430,5132,5132.T,"pluszero,Inc.",Growth Market(Domestic),5250,Information & Communication,10,"IT & SERVICES, OTHERS",-,,False,S100XHEY,株式会社ｐｌｕｓｚｅｒｏ,2026-01-26 15:30,2024-11-01,2025-10-31,NetSalesSummaryOfBusinessResults,nonconsolidated,507617000.0,726075000.0,894074000.0,1218501000.0,1546369000.0,2020-11-01,2021-11-01,2022-11-01,2023-11-01,2024-11-01,2021-10-31,2022-10-31,2023-10-31,2024-10-31,2025-10-31,OperatingIncome,nonconsolidated,516654000.0,CurrentYearDuration_NonConsolidatedMember,小代 義行,0.2576,2006220.0,True,小代 義行（代表取締役会長兼CEO） / 森 遼太（代表取締役社長兼COO） / 永田 基樹（取締役副社長兼CIO） / 大澤 遼一（取締役副社長兼CGO）,小代 義行 / 森 遼太 / 永田 基樹 / 大澤 遼一,True,小代 義行,2022-10-01,2022年10月: 東京証券取引所グロース市場に上場,"[{""rank"": 1, ""name"": ""小代 義行"", ""ratio"": 0.2576, ""shares"": 2006220.0}, {""rank"": 2, ""name"": ""永田 基樹"", ""ratio"": 0.1188, ""shares"": 925400.0}, {""rank"": 3, ""name"": ""森 遼太"", ""ratio"": 0.1098, ""shares"": 855000.0}, {""rank"": 4, ""name"": ""小代 愛"", ""ratio"": 0.051, ""shares"": 397800.0}, {""rank"": 5, ""name"": ""株式会社アビスト"", ""ratio"": 0.0405, ""shares"": 315600.0}, {""rank"": 6, ""name"": ""株式会社日本カストディ銀行(信託口)"", ""ratio"": 0.0335, ""shares"": 261200.0}, {""rank"": 7, ""name"": ""日本マスタートラスト信託銀行株式会社（信託口）"", ""ratio"": 0.0314, ""shares"": 244800.0}, {""rank"": 8, ""name"": ""楽天証券株式会社共有口"", ""ratio"": 0.0158, ""shares"": 123100.0}, {""rank"": 9, ""name"": ""株式会社SBI証券"", ""ratio"": 0.0129, ""shares"": 100835.0}, {""rank"": 10, ""name"": ""野呂 祥"", ""ratio"": 0.0088, ""shares"": 68900.0}]","[{""name"": ""小代 義行"", ""title"": ""代表取締役会長兼CEO"", ""shares"": 2006220.0}, {""name"": ""森 遼太"", ""title"": ""代表取締役社長兼COO"", ""shares"": 855000.0}, {""name"": ""永田 基樹"", ""title"": ""取締役副社長兼CIO"", ""shares"": 925400.0}, {""name"": ""大澤 遼一"", ""title"": ""取締役副社長兼CGO"", ""shares"": 19500.0}, {""name"": ""浅川 燿佑"", ""title"": ""取締役CFO"", ""shares"": 32000.0}, {""name"": ""宇陀 栄次"", ""title"": ""取締役"", ""shares"": null}, {""name"": ""影山 泰仁"", ""title"": ""取締役"", ""shares"": null}, {""name"": ""岡本 司"", ""title"": ""監査役(常勤)"", ""shares"": null}, {""name"": ""棟田 裕幸"", ""title"": ""監査役"", ""shares"": null}, {""name"": ""小川 隆史"", ""title"": ""監査役"", ""shares"": null}]",,2022-10-31,2026-06-01,0.4303598973241638,0.2313796784078778,0.3628637003201078,0.269074871501952,0.3211260138075265,True,True,True,0.334107835839958,True,2022-10-01,2022-10-31,local_price_first_trade,True,True,True,4,4,4,365/365/365/366/365,OK,7785876.0,2026-06-01,1525.0,162455711.66666666,875.0,0.6801543736412928,-0.6592178770949721,True,,0.0214473994314555,1705,Core Moat,11873460900.0,7.678284355157145,年率ボラティリティ60%以上 / ローカル5年最大下落率-60%以下
13,20260430,5038,5038.T,"eWeLL Co.,Ltd.",Growth Market(Domestic),5250,Information & Communication,10,"IT & SERVICES, OTHERS",-,,False,S100XSJZ,株式会社ｅＷｅＬＬ,2026-03-23 16:30,2025-01-01,2025-12-31,NetSalesSummaryOfBusinessResults,nonconsolidated,1192791000.0,1603179000.0,2069577000.0,2571852000.0,3392422000.0,2021-01-01,2022-01-01,2023-01-01,2024-01-01,2025-01-01,2021-12-31,2022-12-31,2023-12-31,2024-12-31,2025-12-31,OperatingIncome,nonconsolidated,1537470000.0,CurrentYearDuration_NonConsolidatedMember,中野 剛人,0.3902,5951012.0,True,中野 剛人（代表取締役社長）,中野 剛人,True,中野 剛人,2012-06-01,"2012年６月 2014年６月 2017年１月 2018年１月 2020年10月 2021年１月 2021年４月 2022年４月 2022年９月 2022年10月 2023年７月 2023年12月 2024年４月 2024年８月 2024年10月 2025年７月 2025年８月: 大阪市中央区南船場に株式会社eWeLLを設立(資本金 8,000千円) 当社主力サービスである「訪問看護専用電子カルテ iBow」をリリース 本社(大阪オフィス)を大阪市中央区内に移転 東京オフィスを東京都千代田区に設置 訪問看護専用勤怠管理サービス「iBow KINTAI」をリリース 「iBow 事務管理代行サービス」提供開始 訪問看護専用レセプトシステム「iBow レセプト」をリリース 東京オフィスを東京都中央区(京橋)に移転 東京証券取引所グロース市場に株式を上場 介護保険請求ファイル伝送機能「iBow 介護請求伝送サービス」をリリース 本社(大阪オフィス)を大阪市中央区内に移転 e-ラーニングサービス「iBow e-Campus 訪問看護 法定研修編」をリリース 訪問看護専用電子カルテ「iBow」に「","[{""rank"": 1, ""name"": ""中野 剛人"", ""ratio"": 0.3902, ""shares"": 5951012.0}, {""rank"": 2, ""name"": ""北村 亜沙子"", ""ratio"": 0.1624, ""shares"": 2476291.0}, {""rank"": 3, ""name"": ""株式会社日本カストディ銀行（信託口）"", ""ratio"": 0.0577, ""shares"": 880100.0}, {""rank"": 4, ""name"": ""GOLDMAN SACHS INTERNATIONAL （常任代理人 ゴールドマン・サックス証券株式会社）"", ""ratio"": 0.0466, ""shares"": 710900.0}, {""rank"": 5, ""name"": ""住友商事株式会社"", ""ratio"": 0.045, ""shares"": 687000.0}, {""rank"": 6, ""name"": ""日本マスタートラスト信託銀行株式会社（信託口）"", ""ratio"": 0.0334, ""shares"": 509100.0}, {""rank"": 7, ""name"": ""GOVERNMENT OF NORWAY （常任代理人 シティバンク エヌ・エイ東京支店）"", ""ratio"": 0.0191, ""shares"": 290900.0}, {""rank"": 8, ""name"": ""島田 亨"", ""ratio"": 0.0189, ""shares"": 288308.0}, {""rank"": 9, ""name"": ""JP MORGAN CHASE BANK 380802 （常任代理人 株式会社みずほ銀行決済営業部）"", ""ratio"": 0.0155, ""shares"": 237100.0}, {""rank"": 10, ""name"": ""LICHFIELD LP （常任代理人 株式会社三菱ＵＦＪ銀行）"", ""ratio"": 0.0118, ""shares"": 179300.0}]","[{""name"": ""中野 剛人"", ""title"": ""代表取締役社長"", ""shares"": 5951012.0}, {""name"": ""北村 亜沙子"", ""title"": ""常務取締役 カスタマー本部長"", ""shares"": 2476291.0}, {""name"": ""浦吉 修"", ""title"": ""取締役 プロダクト本部長"", ""shares"": 37515.0}, {""name"": ""松下 智樹"", ""title"": ""取締役"", ""shares"": 20836.0}, {""name"": ""増田 芳宏"", ""title"": ""常勤監査役"", ""shares"": null}, {""name"": ""松山 治幸"", ""title"": ""監査役"", ""shares"": null}, {""name"": ""平田 精作"", ""title"": ""監査役"", ""shares"": null}, {""name"": ""清水 俊順"", ""title"": ""監査役"", ""shares"": null}]",,2022-09-20,2026-06-01,0.3440569219586666,0.2909207268807787,0.2426945216341309,0.3190580173353676,0.2986328345523386,True,True,True,0.4532071776447623,True,2012-06-01,2022-09-20,local_price_first_trade,True,True,True,4,4,4,365/365/365/366/365,OK,15251638.0,2026-06-01,1855.0,136554948.33333334,902.0,0.5361170168735054,-0.6199451645597751,True,,0.1776310901350161,841,Core Moat,28291788490.0,8.339701985778891,ローカル5年最大下落率-60%以下
14,20260430,5248,5248.T,"TECHNOLOGIES,Inc.",Growth Market(Domestic),5250,Information & Communication,10,"IT & SERVICES, OTHERS",-,,False,S100Y02W,株式会社テクノロジーズ,2026-04-22 15:00,2025-02-01,2026-01-31,NetSalesSummaryOfBusinessResults,consolidated,789282000.0,1075505000.0,7129535000.0,13900280000.0,10149087000.0,2021-02-01,2022-02-01,2023-02-01,2024-02-01,2025-02-01,2022-01-31,2023-01-31,2024-01-31,2025-01-31,2026-01-31,OperatingIncome,consolidated,1872225000.0,CurrentYearDuration,良原広樹,0.4003,6774000.0,True,良原 広樹（代表取締役社長）,良原 広樹,True,良原 広樹,2023-01-01,2023年１月: 東京証券取引所グロース市場に株式を上場,"[{""rank"": 1, ""name"": ""良原広樹"", ""ratio"": 0.4003, ""shares"": 6774000.0}, {""rank"": 2, ""name"": ""伊藤繁三"", ""ratio"": 0.0821, ""shares"": 1389600.0}, {""rank"": 3, ""name"": ""伊藤高雄"", ""ratio"": 0.065, ""shares"": 1099800.0}, {""rank"": 4, ""name"": ""畠山学"", ""ratio"": 0.0611, ""shares"": 1033200.0}, {""rank"": 5, ""name"": ""松井証券株式会社"", ""ratio"": 0.04, ""shares"": 677000.0}, {""rank"": 6, ""name"": ""岡三証券株式会社"", ""ratio"": 0.0304, ""shares"": 513900.0}, {""rank"": 7, ""name"": ""株式会社ＳＢＩ証券"", ""ratio"": 0.0257, ""shares"": 435400.0}, {""rank"": 8, ""name"": ""株式会社ＤＭＭ．ｃｏｍ証券"", ""ratio"": 0.0177, ""shares"": 299700.0}, {""rank"": 9, ""name"": ""セントラル短資株式会社"", ""ratio"": 0.0144, ""shares"": 243900.0}, {""rank"": 10, ""name"": ""大和コネクト証券株式会社"", ""ratio"": 0.0109, ""shares"": 183700.0}]","[{""name"": ""良原 広樹"", ""title"": ""代表取締役社長"", ""shares"": 6774000.0}, {""name"": ""畠山 学"", ""title"": ""取締役営業部長"", ""shares"": 1033200.0}, {""name"": ""宮内 駿"", ""title"": ""取締役経営管理部長"", ""shares"": null}, {""name"": ""賀島 義成"", ""title"": ""取締役"", ""shares"": null}, {""name"": ""川合 史郎"", ""title"": ""常勤監査役"", ""shares"": null}, {""name"": ""磯 巧"", ""title"": ""監査役"", ""shares"": null}, {""name"": ""太田 祐司"", ""title"": ""監査役"", ""shares"": null}]",,2023-01-27,2026-06-01,0.3626371816410358,5.629011487626743,0.949675539849373,-0.2698645638792888,0.8936455612161889,True,False,True,0.1844722584405868,True,2023-01-01,2023-01-27,local_price_first_trade,True,True,True,3,4,4,365/365/365/366/365,OK,16921800.0,2026-06-01,442.0,53756935.0,816.0,0.573568218589048,-0.5977777862548828,True,,-0.1929548810041792,3008,Future Moat,7479435600.0,0.736956496677977,目立つ機械的警告なし（定性確認は別途必要）
15,20260430,9552,9552.T,"Quants Research Institute Holdings,Inc.",Prime Market (Domestic),9050,Services,10,"IT & SERVICES, OTHERS",6,TOPIX Small 1,False,S100XDNQ,株式会社Ｍ＆Ａ総研ホールディングス,2026-01-05 16:00,2024-10-01,2025-09-30,NetSalesAndOperatingRevenueSummaryOfBusinessResults,nonconsolidated,1328039000.0,3911607000.0,3131600000.0,872254000.0,8693976000.0,2020-10-01,2021-10-01,2022-10-01,2023-10-01,2024-10-01,2021-09-30,2022-09-30,2023-09-30,2024-09-30,2025-09-30,OperatingIncome,nonconsolidated,7737604000.0,CurrentYearDuration_NonConsolidatedMember,佐上 峻作,0.5796,31328000.0,True,佐上 峻作（代表取締役社長）,佐上 峻作,True,佐上 峻作,2022-06-01,2022年６月: 東京証券取引所グロース市場に株式を上場,"[{""rank"": 1, ""name"": ""佐上 峻作"", ""ratio"": 0.5796, ""shares"": 31328000.0}, {""rank"": 2, ""name"": ""日本マスタートラスト信託銀行株式会社（信託口）"", ""ratio"": 0.0429, ""shares"": 2318000.0}, {""rank"": 3, ""name"": ""BROWN BROTHERS HARRIMAN (LUXEMBOURG) SCA CUSTODIAN FOR ARCUS FUND SICAV - ARCUS JAPAN FUND(常任代理人 株式会社三菱UFJ銀行)"", ""ratio"": 0.0368, ""shares"": 1988000.0}, {""rank"": 4, ""name"": ""UBS AG LONDON A/C IPB SEGREGATED CLIENT ACCOUNT(常任代理人 シティバンク、エヌ・エイ東京)"", ""ratio"": 0.0297, ""shares"": 1602000.0}, {""rank"": 5, ""name"": ""INTERACTIVE BROKERS LLC(常任代理人 インタラクティブ・ブローカーズ証券株式会社)"", ""ratio"": 0.0235, ""shares"": 1267000.0}, {""rank"": 6, ""name"": ""BNY GCM CLIENT ACCOUNT JPRD AC ISG (FE-AC)(常任代理人 株式会社三菱ＵＦＪ銀行)"", ""ratio"": 0.0106, ""shares"": 572000.0}, {""rank"": 7, ""name"": ""塚本 勲"", ""ratio"": 0.0095, ""shares"": 512000.0}, {""rank"": 8, ""name"": ""三菱UFJモルガン・スタンレー証券株式会社"", ""ratio"": 0.0092, ""shares"": 499000.0}, {""rank"": 9, ""name"": ""BBH CO FOR ARCUS JAPAN VALUE FUND(常任代理人 株式会社三菱ＵＦＪ銀行)"", ""ratio"": 0.0091, ""shares"": 492000.0}, {""rank"": 10, ""name"": ""上田八木短資株式会社"", ""ratio"": 0.0089, ""shares"": 482000.0}]","[{""name"": ""佐上 峻作"", ""title"": ""代表取締役社長"", ""shares"": 31328598.0}, {""name"": ""矢吹 明大"", ""title"": ""取締役"", ""shares"": 163764.0}, {""name"": ""鏡 弘樹"", ""title"": ""取締役"", ""shares"": null}, {""name"": ""水谷 亮"", ""title"": ""取締役"", ""shares"": null}, {""name"": ""上山 亨"", ""title"": ""取締役"", ""shares"": null}, {""name"": ""青木 美佳"", ""title"": ""取締役"", ""shares"": null}, {""name"": ""岡本 尚樹"", ""title"": ""常勤監査役"", ""shares"": null}, {""name"": ""東 陽亮"", ""title"": ""監査役"", ""shares"": null}, {""name"": ""熊澤 誠"", ""title"": ""監査役"", ""shares"": null}]",,2022-06-28,2026-06-01,1.9454006998288451,-0.1994083250183365,-0.7214669817345766,8.967252658056024,0.5995650339192855,True,False,True,0.8899960156319732,True,2022-06-01,2022-06-28,local_price_first_trade,True,True,True,3,4,4,365/365/365/366/365,OK,54050735.0,2026-06-01,959.0,390671875.0,959.0,0.6717405274984992,-0.9230883699794904,False,extreme_profitability_outlier;other_data_quality_issue,0.1414797562498341,993,Core Moat,51834654865.0,5.9621345705348165,既存適格性フィルター不通過: extreme_profitability_outlier;other_data_quality_issue / 年率ボラティリティ60%以上 / ローカル5年最大下落率-60%以下
16,20260430,5842,5842.T,Integral Corporation,Growth Market(Domestic),7100,Securities and Commodities Futures,16,FINANCIALS (EX BANKS),-,,True,S100XOZ3,インテグラル株式会社,2026-03-19 15:45,2025-01-01,2025-12-31,RevenueIFRSSummaryOfBusinessResults,consolidated,3863000000.0,5435000000.0,14082000000.0,31230000000.0,13655000000.0,2021-01-01,2022-01-01,2023-01-01,2024-01-01,2025-01-01,2021-12-31,2022-12-31,2023-12-31,2024-12-31,2025-12-31,OperatingProfitLossIFRS,consolidated,9256000000.0,CurrentYearDuration,山本礼二郎,0.2861,9737000.0,True,山本 礼二郎（代表取締役 パートナー）,山本 礼二郎,True,山本 礼二郎,2023-09-01,2023年９月: 東京証券取引所グロース市場に株式を上場,"[{""rank"": 1, ""name"": ""山本礼二郎"", ""ratio"": 0.2861, ""shares"": 9737000.0}, {""rank"": 2, ""name"": ""佐山展生"", ""ratio"": 0.2386, ""shares"": 8121500.0}, {""rank"": 3, ""name"": ""水谷謙作"", ""ratio"": 0.0793, ""shares"": 2700000.0}, {""rank"": 4, ""name"": ""辺見芳弘"", ""ratio"": 0.0625, ""shares"": 2126000.0}, {""rank"": 5, ""name"": ""State Street Bank And Trust Company 505103 （常任代理人 株式会社みずほ銀行）"", ""ratio"": 0.0162, ""shares"": 551938.0}, {""rank"": 6, ""name"": ""仲田真紀子"", ""ratio"": 0.0118, ""shares"": 400398.0}, {""rank"": 7, ""name"": ""長谷川聡子"", ""ratio"": 0.0118, ""shares"": 400000.0}, {""rank"": 8, ""name"": ""後藤英恒"", ""ratio"": 0.0118, ""shares"": 400000.0}, {""rank"": 9, ""name"": ""山崎壯"", ""ratio"": 0.0118, ""shares"": 400000.0}, {""rank"": 10, ""name"": ""西岡成浩"", ""ratio"": 0.0118, ""shares"": 400000.0}]","[{""name"": ""山本 礼二郎"", ""title"": ""代表取締役 パートナー"", ""shares"": 9737000.0}, {""name"": ""辺見 芳弘"", ""title"": ""取締役 パートナー"", ""shares"": 2126000.0}, {""name"": ""水谷 謙作"", ""title"": ""取締役 パートナー"", ""shares"": 2700000.0}, {""name"": ""仲田 真紀子"", ""title"": ""取締役 パートナー"", ""shares"": 400398.0}, {""name"": ""竹内 弘高"", ""title"": ""社外取締役"", ""shares"": 300000.0}, {""name"": ""冨田 勝"", ""title"": ""社外取締役"", ""shares"": null}, {""name"": ""櫛田 正昭"", ""title"": ""社外取締役 （常勤監査等委員）"", ""shares"": 25000.0}, {""name"": ""三橋 優隆"", ""title"": ""社外取締役 （監査等委員）"", ""shares"": 1000.0}, {""name"": ""菊地 伸"", ""title"": ""社外取締役 （監査等委員）"", ""shares"": null}]",,2023-09-20,2026-06-01,0.4069376132539477,1.590984360625575,1.2177247550063912,-0.5627601665065642,0.3711714093369462,True,False,True,0.6778469425119004,True,2023-09-01,2023-09-20,local_price_first_trade,True,True,True,3,4,4,365/365/365/366/365,OK,34038200.0,2026-06-01,3375.0,250026166.66666663,656.0,0.5650892721106385,-0.558299945708394,True,,-0.2869012009026569,3256,Transformation Moat,114878925000.0,8.412956792383742,目立つ機械的警告なし（定性確認は別途必要）
17,20260430,9227,9227.T,"Microwave Chemical Co.,Ltd.",Growth Market(Domestic),9050,Services,10,"IT & SERVICES, OTHERS",-,,False,S100W73W,マイクロ波化学株式会社,2025-06-26 13:17,2024-04-01,2025-03-31,NetSalesSummaryOfBusinessResults,nonconsolidated,458026000.0,860510000.0,1215353000.0,1863320000.0,1608403000.0,2020-04-01,2021-04-01,2022-04-01,2023-04-01,2024-04-01,2021-03-31,2022-03-31,2023-03-31,2024-03-31,2025-03-31,OperatingIncome,nonconsolidated,187394000.0,CurrentYearDuration_NonConsolidatedMember,吉野 巌,0.079,1259000.0,True,吉野 巌（代表取締役 社長 ＣＥＯ） / 塚原 保徳（代表取締役 ＣＳＯ）,吉野 巌 / 塚原 保徳,True,吉野 巌,2022-06-01,2022年６月: 東京証券取引所グロース市場に株式を上場,"[{""rank"": 1, ""name"": ""吉野 巌"", ""ratio"": 0.079, ""shares"": 1259000.0}, {""rank"": 2, ""name"": ""塚原 保徳"", ""ratio"": 0.07, ""shares"": 1115000.0}, {""rank"": 3, ""name"": ""三井化学㈱"", ""ratio"": 0.049, ""shares"": 771000.0}, {""rank"": 4, ""name"": ""楽天証券㈱"", ""ratio"": 0.032, ""shares"": 515000.0}, {""rank"": 5, ""name"": ""Mitsui Kinzoku－SBI Material Innovation Fund"", ""ratio"": 0.013, ""shares"": 206000.0}, {""rank"": 6, ""name"": ""千島土地㈱"", ""ratio"": 0.013, ""shares"": 199000.0}, {""rank"": 7, ""name"": ""下條 智也"", ""ratio"": 0.006, ""shares"": 100000.0}, {""rank"": 8, ""name"": ""高橋 悟"", ""ratio"": 0.006, ""shares"": 90000.0}, {""rank"": 9, ""name"": ""PNB－INSPiRE Ethical Fund"", ""ratio"": 0.005, ""shares"": 80000.0}, {""rank"": 10, ""name"": ""佐伯 裕昭"", ""ratio"": 0.005, ""shares"": 78000.0}]","[{""name"": ""吉野 巌"", ""title"": ""代表取締役 社長 ＣＥＯ"", ""shares"": 1259400.0}, {""name"": ""塚原 保徳"", ""title"": ""代表取締役 ＣＳＯ"", ""shares"": 1115500.0}, {""name"": ""浦田 興優"", ""title"": ""取締役"", ""shares"": null}, {""name"": ""下條 智也"", ""title"": ""取締役 （監査等委員）"", ""shares"": 100000.0}, {""name"": ""髙橋 祐子"", ""title"": ""取締役 （監査等委員）"", ""shares"": null}, {""name"": ""齊藤 修一"", ""title"": ""取締役 （監査等委員）"", ""shares"": null}]",,2022-06-24,2026-06-01,0.8787361416164148,0.4123635983312221,0.5331512737451589,-0.1368079556919906,0.3689140650713935,True,False,True,0.1165093574185076,True,2022-06-01,2022-06-24,local_price_first_trade,True,True,True,3,4,4,365/365/365/366/365,OK,15852700.0,2026-06-01,996.0,711779846.6666666,961.0,0.7630609935745039,-0.8777078965758212,False,other_data_quality_issue,-0.100988590501429,2608,Transformation Moat,15789289200.0,9.816749409196575,既存適格性フィルター不通過: other_data_quality_issue / 年率ボラティリティ60%以上 / ローカル5年最大下落率-60%以下
18,20260430,5572,5572.T,Ridge-i Inc.,Growth Market(Domestic),5250,Information & Communication,10,"IT & SERVICES, OTHERS",-,,False,S100WWVV,株式会社Ｒｉｄｇｅ－ｉ,2025-10-24 14:04,2024-08-01,2025-07-31,NetSalesSummaryOfBusinessResults,nonconsolidated,419445000.0,968521000.0,790384000.0,1071954000.0,1280324000.0,2020-08-01,2021-08-01,2022-08-01,2023-08-01,2024-08-01,2021-07-31,2022-07-31,2023-07-31,2024-07-31,2025-07-31,OperatingIncome,nonconsolidated,161725000.0,CurrentYearDuration_NonConsolidatedMember,柳原 尚史,0.2689,1051400.0,True,柳原 尚史（代表取締役社長）,柳原 尚史,True,柳原 尚史,2023-04-01,2023年４月: 東京証券取引所グロース市場に上場,"[{""rank"": 1, ""name"": ""柳原 尚史"", ""ratio"": 0.2689, ""shares"": 1051400.0}, {""rank"": 2, ""name"": ""㈱柳原ホールディングス"", ""ratio"": 0.1658, ""shares"": 648300.0}, {""rank"": 3, ""name"": ""㈱バルカー"", ""ratio"": 0.1065, ""shares"": 416666.0}, {""rank"": 4, ""name"": ""特定金外信託受託者 ㈱SMBC信託銀行"", ""ratio"": 0.0556, ""shares"": 217391.0}, {""rank"": 5, ""name"": ""荏原環境プラント㈱"", ""ratio"": 0.0213, ""shares"": 83333.0}, {""rank"": 6, ""name"": ""五味 大輔"", ""ratio"": 0.0179, ""shares"": 70000.0}, {""rank"": 7, ""name"": ""小松 平佳"", ""ratio"": 0.0172, ""shares"": 67500.0}, {""rank"": 8, ""name"": ""石田 健二"", ""ratio"": 0.0161, ""shares"": 63200.0}, {""rank"": 9, ""name"": ""日本マスタートラスト信託銀行株式会社（信託口）"", ""ratio"": 0.015, ""shares"": 58800.0}, {""rank"": 10, ""name"": ""楽天証券㈱"", ""ratio"": 0.0149, ""shares"": 58400.0}]","[{""name"": ""柳原 尚史"", ""title"": ""代表取締役社長"", ""shares"": 1699000.0}, {""name"": ""市來 和樹"", ""title"": ""常務取締役カスタムAIソリューション 事業部長"", ""shares"": null}, {""name"": ""小松 平佳"", ""title"": ""常務取締役AI・DX事業共創"", ""shares"": 67000.0}, {""name"": ""中井 努"", ""title"": ""取締役管理部長"", ""shares"": 17000.0}, {""name"": ""西村 竜彦"", ""title"": ""取締役"", ""shares"": null}, {""name"": ""椿山 善昭"", ""title"": ""取締役"", ""shares"": null}, {""name"": ""松本 範平"", ""title"": ""取締役(監査等委員)"", ""shares"": null}, {""name"": ""櫟本 健夫"", ""title"": ""取締役(監査等委員)"", ""shares"": null}, {""name"": ""齊藤 友紀"", ""title"": ""取締役(監査等委員)"", ""shares"": null}]",,2023-04-27,2026-06-01,1.3090536303925426,-0.1839268327687268,0.3562445596064698,0.1943833410762028,0.3217862086806378,True,False,True,0.1263156825928436,True,2023-04-01,2023-04-27,local_price_first_trade,True,True,True,3,4,4,365/365/365/366/365,OK,3909880.0,2026-06-01,2451.0,41832260.0,754.0,0.6843981854343243,-0.6843205574912892,True,,-0.1179830999199439,2701,Transformation Moat,9583115880.0,7.4849146622261244,年率ボラティリティ60%以上 / ローカル5年最大下落率-60%以下
19,20260430,4415,4415.T,"BROAD ENTERPRISE CO.,LTD.",Growth Market(Domestic),5250,Information & Communication,10,"IT & SERVICES, OTHERS",-,,False,S100XSGS,株式会社ブロードエンタープライズ,2026-03-23 16:03,2025-01-01,2025-12-31,NetSalesSummaryOfBusinessResults,nonconsolidated,2500543000.0,2992972000.0,3957774000.0,4697147000.0,7413568000.0,2021-01-01,2022-01-01,2023-01-01,2024-01-01,2025-01-01,2021-12-31,2022-12-31,2023-12-31,2024-12-31,2025-12-31,OperatingIncome,nonconsolidated,977807000.0,CurrentYearDuration_NonConsolidatedMember,中西 良祐 （注）２,0.7131,4382000.0,True,中西 良祐（代表取締役社長） / 中西 美津代（取締役副社長）,中西 良祐 / 中西 美津代,True,中西 良祐,2012-07-01,2012年７月 2014年３月 2014年10月 2014年12月 2015年２月 2015年12月 2017年６月 2018年１月 2018年５月 2018年８月 2018年10月 2018年12月 2019年１月 2019年２月 2019年３月 2020年７月 2020年11月 2021年４月 2021年６月 2021年12月 2022年４月 2022年６月 2023年４月 2023年７月 2023年８月 2024年５月 2024年10月 2024年12月 2025年８月: 株式会社ラビズ、VOGUE株式会社、株式会社OSDLを株式会社ブロードエンタープライズに吸収合併し、それぞれ不動産事業部、エステティック事業部、IT事業部として事業継続 不動産事業部事業廃止 イシン株式会社主催 社会・地域に貢献した企業に送られる「宗次賞」を受賞 京都府京都市中京区に京都支店を移転 取締役会設置会社、監査役設置会社を廃止 エステティック事業部事業廃止 東京都豊島区に北東京支店を開設、旧東京支店を南東京支店に名称変更 大阪市女性活躍リーディングカンパニー「二つ星認証」認証(認証番号:332) 京都,"[{""rank"": 1, ""name"": ""中西 良祐 （注）２"", ""ratio"": 0.7131, ""shares"": 4382000.0}, {""rank"": 2, ""name"": ""吉岡 裕之"", ""ratio"": 0.014, ""shares"": 86000.0}, {""rank"": 3, ""name"": ""楽天証券株式会社（共有口）"", ""ratio"": 0.0083, ""shares"": 51000.0}, {""rank"": 4, ""name"": ""株式会社グローバル"", ""ratio"": 0.0073, ""shares"": 44000.0}, {""rank"": 5, ""name"": ""中西 美津代"", ""ratio"": 0.0052, ""shares"": 32000.0}, {""rank"": 6, ""name"": ""柏木 挙志"", ""ratio"": 0.0047, ""shares"": 29000.0}, {""rank"": 7, ""name"": ""神藤 真沙志"", ""ratio"": 0.0042, ""shares"": 26000.0}, {""rank"": 8, ""name"": ""上田 大介"", ""ratio"": 0.0041, ""shares"": 25000.0}, {""rank"": 9, ""name"": ""山本 和生"", ""ratio"": 0.0041, ""shares"": 25000.0}, {""rank"": 10, ""name"": ""ブロードエンタープライズ従業員持株会"", ""ratio"": 0.0037, ""shares"": 22000.0}]","[{""name"": ""中西 良祐"", ""title"": ""代表取締役社長"", ""shares"": 4382000.0}, {""name"": ""中西 美津代"", ""title"": ""取締役副社長"", ""shares"": 32000.0}, {""name"": ""上田 大介"", ""title"": ""専務取締役"", ""shares"": 25200.0}, {""name"": ""金子 俊二"", ""title"": ""常務取締役"", ""shares"": 15200.0}, {""name"": ""山口 哲央"", ""title"": ""常務取締役"", ""shares"": 15200.0}, {""name"": ""畑江 一生"", ""title"": ""常務取締役 経営企画室長"", ""shares"": 15200.0}, {""name"": ""山本 和生"", ""title"": ""取締役 提携推進室長"", ""shares"": 25200.0}, {""name"": ""渡邊 宗義"", ""title"": ""取締役 経理部長"", ""shares"": 11000.0}, {""name"": ""井上 北斗"", ""title"": ""取締役"", ""shares"": 8800.0}, {""name"": ""木村 俊雄"", ""title"": ""取締役"", ""shares"": null}, {""name"": ""占部 裕二"", ""title"": ""常勤監査役"", ""shares"": 6000.0}, {""name"": ""長井 完文"", ""title"": ""監査役"", ""shares"": 4800.0}, {""name"": ""村島 雅弘"", ""title"": ""監査役"", ""shares"": 4800.0}]",,2021-12-16,2026-06-01,0.1969288270587628,0.3223558389453693,0.1868153664155658,0.5783129631667905,0.3121945723863548,True,False,True,0.131894251189171,True,2012-07-01,2021-12-16,local_price_first_trade,True,True,True,3,4,4,365/365/365/366/365,OK,6144700.0,2026-06-01,1255.0,22774615.0,1087.0,0.572117370709064,-0.6669421487603306,False,repeated_negative_operating_cf,-0.0606113478943026,2343,Transformation Moat,7711598500.0,1.0402006833956334,既存適格性フィルター不通過: repeated_negative_operating_cf / ローカル5年最大下落率-60%以下
20,20260430,5586,5586.T,Laboro.AI Inc.,Growth Market(Domestic),5250,Information & Communication,10,"IT & SERVICES, OTHERS",-,,False,S100XBVM,株式会社Ｌａｂｏｒｏ．ＡＩ,2025-12-19 16:13,2024-10-01,2025-09-30,NetSalesSummaryOfBusinessResults,nonconsolidated,656660000.0,733049000.0,1369186000.0,1515258000.0,1892494000.0,2020-10-01,2021-10-01,2022-10-01,2023-10-01,2024-10-01,2021-09-30,2022-09-30,2023-09-30,2024-09-30,2025-09-30,OperatingIncome,nonconsolidated,250515000.0,CurrentYearDuration_NonConsolidatedMember,椎橋 徹夫,0.239,3811800.0,True,椎橋 徹夫（代表取締役CEO） / 藤原 弘将（代表取締役COO兼CTO） / 椎橋 徹夫（代表取締役CEO） / 藤原 弘将（代表取締役COO兼CTO）,椎橋 徹夫 / 藤原 弘将 / 椎橋 徹夫 / 藤原 弘将,True,椎橋 徹夫,2023-07-01,2023年７月: 東京証券取引所グロース市場に株式を上場,"[{""rank"": 1, ""name"": ""椎橋 徹夫"", ""ratio"": 0.239, ""shares"": 3811800.0}, {""rank"": 2, ""name"": ""藤原 弘将"", ""ratio"": 0.239, ""shares"": 3811800.0}, {""rank"": 3, ""name"": ""株式会社博報堂"", ""ratio"": 0.074, ""shares"": 1173709.0}, {""rank"": 4, ""name"": ""松藤 洋介"", ""ratio"": 0.053, ""shares"": 847100.0}, {""rank"": 5, ""name"": ""株式会社SCREENホールディングス"", ""ratio"": 0.022, ""shares"": 352112.0}, {""rank"": 6, ""name"": ""株式会社SCREENアドバンストシステムソリューションズ"", ""ratio"": 0.014, ""shares"": 230414.0}, {""rank"": 7, ""name"": ""山口 浩司"", ""ratio"": 0.01, ""shares"": 152800.0}, {""rank"": 8, ""name"": ""福田 朋秋"", ""ratio"": 0.009, ""shares"": 136900.0}, {""rank"": 9, ""name"": ""日本碍子株式会社"", ""ratio"": 0.007, ""shares"": 117370.0}, {""rank"": 10, ""name"": ""楽天証券株式会社"", ""ratio"": 0.005, ""shares"": 86500.0}]","[{""name"": ""椎橋 徹夫"", ""title"": ""代表取締役CEO"", ""shares"": 3811000.0}, {""name"": ""藤原 弘将"", ""title"": ""代表取締役COO兼CTO"", ""shares"": 3811000.0}, {""name"": ""菅野 寛"", ""title"": ""取締役"", ""shares"": null}, {""name"": ""岩崎 俊博"", ""title"": ""取締役"", ""shares"": null}, {""name"": ""前田 晴美（戸籍名：渡邊 晴美）"", ""title"": ""常勤監査役"", ""shares"": null}, {""name"": ""井ノ浦 克哉"", ""title"": ""監査役"", ""shares"": null}, {""name"": ""田中 洋子"", ""title"": ""監査役"", ""shares"": null}, {""name"": ""椎橋 徹夫"", ""title"": ""代表取締役CEO"", ""shares"": 3811000.0}, {""name"": ""藤原 弘将"", ""title"": ""代表取締役COO兼CTO"", ""shares"": 3811000.0}, {""name"": ""菅野 寛"", ""title"": ""取締役"", ""shares"": null}, {""name"": ""岩崎 俊博"", ""title"": ""取締役"", ""shares"": null}, {""name"": ""前田 晴美（戸籍名：渡邊 晴美）"", ""title"": ""常勤監査役"", ""shares"": null}, {""name"": ""井ノ浦 克哉"", ""title"": ""監査役"", ""shares"": null}, {""name"": ""田中 洋子"", ""title"": ""監査役"", ""shares"": null}]",,2023-07-31,2026-06-01,0.1163296074071817,0.8677960136361962,0.1066852860020479,0.2489582632132614,0.3029372104634975,True,False,True,0.1323729427940062,True,2023-07-01,2023-07-31,local_price_first_trade,True,True,True,3,4,4,365/365/365/366/365,OK,15918577.0,2026-06-01,830.0,52092256.666666664,691.0,0.7519498904852847,-0.6928,True,,-0.2710520369042244,3230,Future Moat,13212418910.0,6.981485230600467,年率ボラティリティ60%以上 / ローカル5年最大下落率-60%以下
21,20260430,4419,4419.T,Finatext Holdings Ltd.,Growth Market(Domestic),5250,Information & Communication,10,"IT & SERVICES, OTHERS",-,,False,S100W328,株式会社Ｆｉｎａｔｅｘｔホールディングス,2025-06-24 15:31,2024-04-01,2025-03-31,NetSalesSummaryOfBusinessResults,consolidated,2751375000.0,2724097000.0,3820972000.0,5375312000.0,7702356000.0,2019-12-01,2021-04-01,2022-04-01,2023-04-01,2024-04-01,2021-03-31,2022-03-31,2023-03-31,2024-03-31,2025-03-31,OperatingIncome,consolidated,950126000.0,CurrentYearDuration,林 良太,0.361,18537630.0,True,林 良太（代表取締役社長ＣＥＯ）,林 良太,True,林 良太,2021-12-01,2021年12月: 東京証券取引所マザーズ市場への上場,"[{""rank"": 1, ""name"": ""林 良太"", ""ratio"": 0.361, ""shares"": 18537630.0}, {""rank"": 2, ""name"": ""株式会社日本カストディ銀行（信託口）"", ""ratio"": 0.085, ""shares"": 4369500.0}, {""rank"": 3, ""name"": ""ａｕフィナンシャルホールディングス株式会社"", ""ratio"": 0.062, ""shares"": 3203385.0}, {""rank"": 4, ""name"": ""ＧＩＣ ＰＲＩＶＡＴＥ ＬＩＭＩＴＥＤ － Ｃ"", ""ratio"": 0.039, ""shares"": 1987363.0}, {""rank"": 5, ""name"": ""ＭＵＳＣＯ ＣＵＳＴＯＭＥＲ ＳＥＣＵＲＩＴＩＥＳ"", ""ratio"": 0.032, ""shares"": 1655397.0}, {""rank"": 6, ""name"": ""日本マスタートラスト信託銀行株式会社（信託口）"", ""ratio"": 0.027, ""shares"": 1365100.0}, {""rank"": 7, ""name"": ""ＩＮＤＵＳ ＪＡＰＡＮ ＬＯＮＧ ＯＮＬＹ ＭＡＳＴＥＲ ＦＵＮＤ， ＬＴＤ"", ""ratio"": 0.025, ""shares"": 1290000.0}, {""rank"": 8, ""name"": ""株式会社ＧＣＩキャピタル"", ""ratio"": 0.025, ""shares"": 1287525.0}, {""rank"": 9, ""name"": ""伊藤 祐一郎"", ""ratio"": 0.019, ""shares"": 997634.0}, {""rank"": 10, ""name"": ""株式会社日本経済新聞社"", ""ratio"": 0.018, ""shares"": 933408.0}]","[{""name"": ""林 良太"", ""title"": ""代表取締役社長ＣＥＯ"", ""shares"": 18537630.0}, {""name"": ""伊藤 祐一郎"", ""title"": ""取締役ＣＦＯ"", ""shares"": 997634.0}, {""name"": ""田島 悟史"", ""title"": ""取締役ＣＴＯ／ＣＩＳＯ"", ""shares"": 50000.0}, {""name"": ""山内 英貴"", ""title"": ""取締役"", ""shares"": null}, {""name"": ""佐藤 守"", ""title"": ""常勤監査役"", ""shares"": 600.0}, {""name"": ""野村 亮輔"", ""title"": ""監査役"", ""shares"": null}, {""name"": ""片岡 久依"", ""title"": ""監査役"", ""shares"": null}]",,2021-12-22,2026-06-01,-0.0099143155694879,0.4026563664950258,0.4067917796832847,0.4329132894983585,0.2935060079299061,True,False,True,0.1233552435125044,True,2021-12-01,2021-12-22,local_price_first_trade,True,True,True,3,4,4,487/365/365/366/365,OK,51300211.0,2026-06-01,1318.0,616628686.6666666,1083.0,0.5875628251339762,-0.6696078431372549,False,repeated_negative_operating_cf,-0.0712556794896879,2409,Transformation Moat,67613678098.0,8.77831122035907,既存適格性フィルター不通過: repeated_negative_operating_cf / ローカル5年最大下落率-60%以下
22,20260430,9341,9341.T,"GENOVA,Inc.",Prime Market (Domestic),9050,Services,10,"IT & SERVICES, OTHERS",7,TOPIX Small 2,False,S100W2S5,株式会社ＧＥＮＯＶＡ,2025-06-23 15:52,2024-04-01,2025-03-31,NetSalesSummaryOfBusinessResults,consolidated,3768667000.0,4802057000.0,6513466000.0,8683488000.0,10006101000.0,2020-04-01,2021-04-01,2022-04-01,2023-04-01,2024-04-01,2021-03-31,2022-03-31,2023-03-31,2024-03-31,2025-03-31,OperatingIncome,consolidated,2026131000.0,CurrentYearDuration,平瀬 智樹,0.3237,5602700.0,True,平瀬 智樹（代表取締役社長）,平瀬 智樹,True,平瀬 智樹,2022-12-01,2022年12月: 東京証券取引所グロース市場に株式を上場,"[{""rank"": 1, ""name"": ""平瀬 智樹"", ""ratio"": 0.3237, ""shares"": 5602700.0}, {""rank"": 2, ""name"": ""株式会社平瀬商店"", ""ratio"": 0.077, ""shares"": 1333200.0}, {""rank"": 3, ""name"": ""日本マスタートラスト信託銀行株式会社（信託口）"", ""ratio"": 0.0453, ""shares"": 784700.0}, {""rank"": 4, ""name"": ""内藤 信至"", ""ratio"": 0.0348, ""shares"": 601800.0}, {""rank"": 5, ""name"": ""青山 圭秀"", ""ratio"": 0.0227, ""shares"": 393100.0}, {""rank"": 6, ""name"": ""上田八木短資株式会社"", ""ratio"": 0.0204, ""shares"": 353600.0}, {""rank"": 7, ""name"": ""木下 圭一郎"", ""ratio"": 0.0176, ""shares"": 304500.0}, {""rank"": 8, ""name"": ""DEUTSCHE BANK AG, SINGAPORE A/C CLIENTS (NON TREATY) 4600600 （常任代理人 株式会社みずほ銀行決済営業部）"", ""ratio"": 0.0162, ""shares"": 280000.0}, {""rank"": 9, ""name"": ""SCBHK AC LIECHTENSTEINISCHE LANDESBANK AG （常任代理人 株式会社三菱UFJ銀行）"", ""ratio"": 0.0121, ""shares"": 210000.0}, {""rank"": 10, ""name"": ""提橋 由幾"", ""ratio"": 0.0116, ""shares"": 200000.0}]","[{""name"": ""平瀬 智樹"", ""title"": ""代表取締役社長"", ""shares"": 6935900.0}, {""name"": ""上田 明尚"", ""title"": ""取締役 執行役員"", ""shares"": null}, {""name"": ""武田 幸治"", ""title"": ""取締役 執行役員"", ""shares"": 50000.0}, {""name"": ""提橋 由幾"", ""title"": ""取締役"", ""shares"": 200000.0}, {""name"": ""福井 元明"", ""title"": ""取締役"", ""shares"": null}, {""name"": ""鈴木 孝昭"", ""title"": ""取締役"", ""shares"": 10400.0}, {""name"": ""三輪 綾子 （加藤 綾子）"", ""title"": ""取締役"", ""shares"": 8800.0}, {""name"": ""佐々木 強"", ""title"": ""常勤監査役"", ""shares"": null}, {""name"": ""古原 暁"", ""title"": ""監査役"", ""shares"": null}, {""name"": ""毛利 篤雄"", ""title"": ""監査役"", ""shares"": null}]",,2022-12-23,2026-06-01,0.2742057072169019,0.3563908133535274,0.3331593348303345,0.1523135633975656,0.2764954742179617,True,False,True,0.2024895611187614,True,2022-12-01,2022-12-23,local_price_first_trade,True,True,True,3,4,4,365/365/365/366/365,OK,17306600.0,2026-06-01,563.0,39066246.666666664,838.0,0.4998942078616946,-0.7621805316425645,True,,-0.0151102876742804,1991,Core Moat,9743615800.0,0.9737674844577323,ローカル5年最大下落率-60%以下
23,20260430,4418,4418.T,Japan Data Science Consortium Co.Ltd.,Growth Market(Domestic),5250,Information & Communication,10,"IT & SERVICES, OTHERS",-,,False,S100WQTJ,株式会社ＪＤＳＣ,2025-09-24 16:00,2024-07-01,2025-06-30,NetSalesSummaryOfBusinessResults,nonconsolidated,1089424000.0,1413332000.0,1866969000.0,1896415000.0,2844572000.0,2020-07-01,2021-07-01,2022-07-01,2023-07-01,2024-07-01,2021-06-30,2022-06-30,2023-06-30,2024-06-30,2025-06-30,OperatingIncome,nonconsolidated,411435000.0,CurrentYearDuration_NonConsolidatedMember,加藤 聡志,0.2928,3936900.0,True,加藤 聡志（代表取締役）,加藤 聡志,True,加藤 聡志,2021-12-01,2021年12月: 東京証券取引所マザーズに株式を上場,"[{""rank"": 1, ""name"": ""加藤 聡志"", ""ratio"": 0.2928, ""shares"": 3936900.0}, {""rank"": 2, ""name"": ""特定金外信託受託者 株式会社SMBC信託銀行"", ""ratio"": 0.1301, ""shares"": 1749300.0}, {""rank"": 3, ""name"": ""淵 高晴"", ""ratio"": 0.0765, ""shares"": 1028000.0}, {""rank"": 4, ""name"": ""SCSK株式会社"", ""ratio"": 0.0307, ""shares"": 413200.0}, {""rank"": 5, ""name"": ""株式会社SBI証券"", ""ratio"": 0.0274, ""shares"": 367820.0}, {""rank"": 6, ""name"": ""橋本 圭輔"", ""ratio"": 0.0207, ""shares"": 278600.0}, {""rank"": 7, ""name"": ""鳥井 俊之"", ""ratio"": 0.0196, ""shares"": 264100.0}, {""rank"": 8, ""name"": ""ＢＮＹＭ ＳＡ／ＮＶ ＦＯＲ ＢＮＹ Ｍ ＦＯＲ ＢＮＹＭ ＧＣＭ ＣＬＩ ＥＮＴ ＡＣＣＴＳ Ｍ ＩＬＭ ＦＥ （常任代理人 株式会社三菱ＵＦＪ 銀行）"", ""ratio"": 0.0184, ""shares"": 247228.0}, {""rank"": 9, ""name"": ""ダイキン工業株式会社"", ""ratio"": 0.0173, ""shares"": 233100.0}, {""rank"": 10, ""name"": ""中部電力株式会社"", ""ratio"": 0.0173, ""shares"": 233100.0}]","[{""name"": ""加藤 聡志"", ""title"": ""代表取締役"", ""shares"": 3936900.0}, {""name"": ""作井 英陽"", ""title"": ""取締役"", ""shares"": null}, {""name"": ""吉井 勇人"", ""title"": ""取締役"", ""shares"": 46400.0}, {""name"": ""出路 貴規"", ""title"": ""取締役"", ""shares"": null}, {""name"": ""田中 謙司"", ""title"": ""取締役"", ""shares"": 5600.0}, {""name"": ""湯本 和伯"", ""title"": ""監査役（常勤）"", ""shares"": null}, {""name"": ""髙橋 知洋"", ""title"": ""監査役"", ""shares"": null}, {""name"": ""畠山 登志弘"", ""title"": ""監査役"", ""shares"": null}]",,2021-12-20,2026-06-01,0.2973204188635463,0.32096987827347,0.0157720883421204,0.49997337080755,0.2711739901577596,True,False,True,0.1446386310488889,True,2021-12-01,2021-12-20,local_price_first_trade,True,True,True,3,4,4,365/365/365/366/365,OK,13445900.0,2026-06-01,695.0,142050280.0,1085.0,0.6866248643317497,-0.8149578651685393,True,,-0.1555209143303166,2872,Transformation Moat,9344900500.0,3.2851692627221247,年率ボラティリティ60%以上 / ローカル5年最大下落率-60%以下
24,20260430,5256,5256.T,"Fusic Co.,Ltd.",Growth Market(Domestic),5250,Information & Communication,10,"IT & SERVICES, OTHERS",-,,False,S100WQGU,株式会社Ｆｕｓｉｃ,2025-09-24 16:00,2024-07-01,2025-06-30,NetSalesSummaryOfBusinessResults,nonconsolidated,762231000.0,1124080000.0,1532167000.0,1798412000.0,1952131000.0,2020-07-01,2021-07-01,2022-07-01,2023-07-01,2024-07-01,2021-06-30,2022-06-30,2023-06-30,2024-06-30,2025-06-30,OperatingIncome,nonconsolidated,270761000.0,CurrentYearDuration_NonConsolidatedMember,納富 貞嘉,0.2252,284600.0,True,納富 貞嘉（代表取締役社長） / 濱﨑 陽一郎（取締役副社長）,納富 貞嘉 / 濱﨑 陽一郎,True,納富 貞嘉,2023-03-01,2023年３月: 東京証券取引所グロース市場及び福岡証券取引所Q-Boardに同時上場,"[{""rank"": 1, ""name"": ""納富 貞嘉"", ""ratio"": 0.2252, ""shares"": 284600.0}, {""rank"": 2, ""name"": ""濱﨑 陽一郎"", ""ratio"": 0.2252, ""shares"": 284600.0}, {""rank"": 3, ""name"": ""ＮＳＭＣ株式会社"", ""ratio"": 0.1108, ""shares"": 140000.0}, {""rank"": 4, ""name"": ""ＨＳＭＣ株式会社"", ""ratio"": 0.1108, ""shares"": 140000.0}, {""rank"": 5, ""name"": ""楽天証券株式会社"", ""ratio"": 0.0235, ""shares"": 29700.0}, {""rank"": 6, ""name"": ""株式会社ＳＢＩ証券"", ""ratio"": 0.0158, ""shares"": 20012.0}, {""rank"": 7, ""name"": ""株式会社フィックスターズ"", ""ratio"": 0.0146, ""shares"": 18400.0}, {""rank"": 8, ""name"": ""五味 大輔"", ""ratio"": 0.0138, ""shares"": 17500.0}, {""rank"": 9, ""name"": ""新田 寛之"", ""ratio"": 0.0119, ""shares"": 15000.0}, {""rank"": 10, ""name"": ""Ｆｕｓｉｃ社員持株会"", ""ratio"": 0.007, ""shares"": 8800.0}]","[{""name"": ""納富 貞嘉"", ""title"": ""代表取締役社長"", ""shares"": 424850.0}, {""name"": ""濱﨑 陽一郎"", ""title"": ""取締役副社長"", ""shares"": 424850.0}, {""name"": ""安浦 寛人"", ""title"": ""取締役（注）１"", ""shares"": 1000.0}, {""name"": ""栗林 絹江"", ""title"": ""常勤監査役（注）２"", ""shares"": 1000.0}, {""name"": ""柏木 街史"", ""title"": ""監査役（注）２"", ""shares"": null}, {""name"": ""西原 隆雅"", ""title"": ""監査役（注）２"", ""shares"": null}]",,2023-04-03,2026-06-01,0.4747235418134397,0.3630408867696248,0.1737702221755199,0.085474852258548,0.2650438732715212,True,False,True,0.1387002204257808,True,2023-03-01,2023-04-03,local_price_first_trade,True,True,True,3,4,4,365/365/365/366/365,OK,1263900.0,2026-06-01,2490.0,17320840.0,772.0,0.6389116193999932,-0.7001531393568147,False,low_liquidity,-0.1399841803756946,2805,Future Moat,3147111000.0,1.612141295845412,"既存適格性フィルター不通過: low_liquidity / 60日平均売買代金2,000万円未満 / 年率ボラティリティ60%以上 / ローカル5年最大下落率-60%以下"
25,20260430,4371,4371.T,Core Concept Technologies Inc.,Growth Market(Domestic),5250,Information & Communication,10,"IT & SERVICES, OTHERS",-,,False,S100XUXC,株式会社コアコンセプト・テクノロジー,2026-03-27 16:03,2025-01-01,2025-12-31,NetSalesSummaryOfBusinessResults,nonconsolidated,7801298000.0,12113202000.0,15630094000.0,17977366000.0,19088324000.0,2021-01-01,2022-01-01,2023-01-01,2024-01-01,2025-01-01,2021-12-31,2022-12-31,2023-12-31,2024-12-31,2025-12-31,OperatingIncome,nonconsolidated,2037772000.0,CurrentYearDuration_NonConsolidatedMember,金子武史,0.1442,2340000.0,True,金子 武史（代表取締役社長CEO） / 中島 数晃（取締役副社長CFO）,金子 武史 / 中島 数晃,True,金子 武史,2021-09-01,2021年９月: 東京証券取引所マザーズに株式を上場,"[{""rank"": 1, ""name"": ""金子武史"", ""ratio"": 0.1442, ""shares"": 2340000.0}, {""rank"": 2, ""name"": ""株 式 会 社 B I P E D"", ""ratio"": 0.0863, ""shares"": 1400000.0}, {""rank"": 3, ""name"": ""芸 陽 線 材 株 式 会 社"", ""ratio"": 0.0559, ""shares"": 907700.0}, {""rank"": 4, ""name"": ""下村克則"", ""ratio"": 0.053, ""shares"": 860000.0}, {""rank"": 5, ""name"": ""グ ッ ド エ コ 株 式 会 社"", ""ratio"": 0.0462, ""shares"": 750000.0}, {""rank"": 6, ""name"": ""中島数晃"", ""ratio"": 0.0431, ""shares"": 700000.0}, {""rank"": 7, ""name"": ""田口紀成"", ""ratio"": 0.0422, ""shares"": 685000.0}, {""rank"": 8, ""name"": ""髙盛豊文"", ""ratio"": 0.0413, ""shares"": 670000.0}, {""rank"": 9, ""name"": ""津野尾肇"", ""ratio"": 0.0364, ""shares"": 590000.0}, {""rank"": 10, ""name"": ""光通信ＫＫ投資事業有限責任組合"", ""ratio"": 0.0287, ""shares"": 465500.0}]","[{""name"": ""金子 武史"", ""title"": ""代表取締役社長CEO"", ""shares"": 2340000.0}, {""name"": ""中島 数晃"", ""title"": ""取締役副社長CFO"", ""shares"": 700000.0}, {""name"": ""上田 昌平"", ""title"": ""取締役監査等委員"", ""shares"": 1000.0}, {""name"": ""廣瀬 卓生"", ""title"": ""取締役監査等委員"", ""shares"": 12000.0}, {""name"": ""鈴木 雅也"", ""title"": ""取締役監査等委員"", ""shares"": 8000.0}, {""name"": ""中島 恵理"", ""title"": ""取締役監査等委員"", ""shares"": null}]",,2021-09-22,2026-06-01,0.5527162274790682,0.2903354538296314,0.1501764480751044,0.0617975959325742,0.250691598709984,True,False,True,0.1067548937245616,True,2021-09-01,2021-09-22,local_price_first_trade,True,True,True,3,4,4,365/365/365/366/365,OK,16226000.0,2026-06-01,1482.0,172072990.0,1145.0,0.7205395437411057,-0.8316894086169975,True,,-0.2119854283333651,3068,Future Moat,24046932000.0,1.2597717850975287,年率ボラティリティ60%以上 / ローカル5年最大下落率-60%以下
26,20260430,4413,4413.T,"baudroie,inc.",Prime Market (Domestic),5250,Information & Communication,10,"IT & SERVICES, OTHERS",7,TOPIX Small 2,False,S100Y6J0,株式会社ボードルア,2026-05-27 15:37,2025-03-01,2026-02-28,NetSalesSummaryOfBusinessResults,nonconsolidated,3922944000.0,4832546000.0,6061399000.0,7210318000.0,8565761000.0,2021-03-01,2022-03-01,2023-03-01,2024-03-01,2025-03-01,2022-02-28,2023-02-28,2024-02-29,2025-02-28,2026-02-28,OperatingIncome,nonconsolidated,2034259000.0,CurrentYearDuration_NonConsolidatedMember,冨 永 重 寛,0.3903,12176000.0,True,冨永重寛（代表取締役社長） / 藤井和也（代表取締役）,冨永重寛 / 藤井和也,True,冨永重寛,2021-11-01,2021年11月: 東京証券取引所マザーズに株式を上場,"[{""rank"": 1, ""name"": ""冨 永 重 寛"", ""ratio"": 0.3903, ""shares"": 12176000.0}, {""rank"": 2, ""name"": ""藤 井 和 也"", ""ratio"": 0.1455, ""shares"": 4539000.0}, {""rank"": 3, ""name"": ""日本マスタートラスト信託銀行株式会社（信託口）"", ""ratio"": 0.0557, ""shares"": 1739100.0}, {""rank"": 4, ""name"": ""小 林 剛 士"", ""ratio"": 0.0417, ""shares"": 1302400.0}, {""rank"": 5, ""name"": ""程 島 義 明"", ""ratio"": 0.0398, ""shares"": 1243000.0}, {""rank"": 6, ""name"": ""株式会社日本カストディ銀行（信託口）"", ""ratio"": 0.0267, ""shares"": 834000.0}, {""rank"": 7, ""name"": ""ＪＰ ＭＯＲＧＡＮ ＣＨＡＳＥ ＢＡＮＫ３８５８３９ （常任代理人 株式会社みずほ銀行）"", ""ratio"": 0.0255, ""shares"": 796000.0}, {""rank"": 8, ""name"": ""ＧＯＶＥＲＮＭＥＮＴ ＯＦ ＮＯＲＷＡＹ（常任代理人 シティバンク・エヌ・エイ東京支店）"", ""ratio"": 0.022, ""shares"": 686200.0}, {""rank"": 9, ""name"": ""會 田 祐 規"", ""ratio"": 0.0115, ""shares"": 357296.0}, {""rank"": 10, ""name"": ""ＴＨＥ ＢＡＮＫ ＯＦ ＮＥＷ ＹＯＲＫ ＭＥＬＬＯＷ １４００４２（常任代理人 株式会社みずほ銀行）"", ""ratio"": 0.009, ""shares"": 280568.0}]","[{""name"": ""冨永重寛"", ""title"": ""代表取締役社長"", ""shares"": 12176000.0}, {""name"": ""藤井和也"", ""title"": ""代表取締役"", ""shares"": 4539000.0}, {""name"": ""程島義明"", ""title"": ""取締役営業統括本部長"", ""shares"": 1243000.0}, {""name"": ""岡本俊夫"", ""title"": ""取締役 (常勤監査等委員)（注）１"", ""shares"": 10400.0}, {""name"": ""矢上浄子"", ""title"": ""取締役 (監査等委員)（注）１，４"", ""shares"": null}, {""name"": ""瀬尾安奈"", ""title"": ""取締役 (監査等委員)（注）１"", ""shares"": null}]",,2021-11-30,2026-06-01,0.2318671895392847,0.2542868707302528,0.1895468356397591,0.1879865770136628,0.2155937570658386,True,False,True,0.2374872471926312,True,2021-11-01,2021-11-30,local_price_first_trade,True,True,True,3,4,4,365/365/366/365/365,OK,31195308.0,2026-06-01,2507.0,635843273.3333334,1099.0,0.544887543742856,-0.4979472016364006,True,,-0.0678060808492657,2391,Core Moat,78206637156.0,9.130144672026221,目立つ機械的警告なし（定性確認は別途必要）
27,20260430,5033,5033.T,Nulab Inc.,Growth Market(Domestic),5250,Information & Communication,10,"IT & SERVICES, OTHERS",-,,False,S100W722,株式会社ヌーラボ,2025-06-27 15:33,2024-04-01,2025-03-31,NetSalesSummaryOfBusinessResults,consolidated,1938649000.0,2328264000.0,2706183000.0,3662842000.0,4112318000.0,2020-04-01,2021-04-01,2022-04-01,2023-04-01,2024-04-01,2021-03-31,2022-03-31,2023-03-31,2024-03-31,2025-03-31,OperatingIncome,consolidated,640363000.0,CurrentYearDuration,橋本 正徳,0.2397,1554000.0,True,橋本 正徳（代表取締役）,橋本 正徳,True,橋本 正徳,2022-06-01,2022年６月: 東京証券取引所グロース市場に株式を上場,"[{""rank"": 1, ""name"": ""橋本 正徳"", ""ratio"": 0.2397, ""shares"": 1554000.0}, {""rank"": 2, ""name"": ""SHINSUKE TABATA （常任代理人SMBC日興証券株式会社）"", ""ratio"": 0.231, ""shares"": 1497000.0}, {""rank"": 3, ""name"": ""Founder Foundry１号投資事業有限責任組合"", ""ratio"": 0.0495, ""shares"": 321000.0}, {""rank"": 4, ""name"": ""株式会社アリオト"", ""ratio"": 0.0448, ""shares"": 290000.0}, {""rank"": 5, ""name"": ""ヌーラボ従業員持株会"", ""ratio"": 0.0326, ""shares"": 211000.0}, {""rank"": 6, ""name"": ""株式会社日本カストディ銀行（信託口）"", ""ratio"": 0.029, ""shares"": 188000.0}, {""rank"": 7, ""name"": ""XTech１号投資事業有限責任組合"", ""ratio"": 0.0275, ""shares"": 178000.0}, {""rank"": 8, ""name"": ""イーストベンチャーズ２号投資事業有限責任組合"", ""ratio"": 0.0254, ""shares"": 165000.0}, {""rank"": 9, ""name"": ""株式会社SBI証券"", ""ratio"": 0.0208, ""shares"": 135000.0}, {""rank"": 10, ""name"": ""イーストベンチャーズ３号投資事業有限責任組合"", ""ratio"": 0.0178, ""shares"": 115000.0}]","[{""name"": ""橋本 正徳"", ""title"": ""代表取締役"", ""shares"": 1554245.0}, {""name"": ""田端 辰輔"", ""title"": ""取締役"", ""shares"": 1497900.0}, {""name"": ""小島 英揮"", ""title"": ""取締役"", ""shares"": null}, {""name"": ""小笹 文"", ""title"": ""取締役 （注）１"", ""shares"": null}, {""name"": ""岡崎 真吾"", ""title"": ""常勤監査役 （注）２"", ""shares"": null}, {""name"": ""仁木 勝雅"", ""title"": ""監査役 （注）２"", ""shares"": 2300.0}, {""name"": ""井上 宗寛"", ""title"": ""監査役 （注）２"", ""shares"": 6000.0}]",,2022-06-28,2026-06-01,0.2009724297693909,0.1623179330179052,0.3535086134234084,0.1227123637874634,0.2068321640177688,True,False,True,0.1557182591424107,True,2022-06-01,2022-06-28,local_price_first_trade,True,True,True,3,4,4,365/365/365/366/365,OK,6484101.0,2026-06-01,710.0,4849441.666666667,959.0,0.5713128329183256,-0.6883649410558688,False,low_liquidity,-0.0034615903360133,1896,Transformation Moat,4603711710.0,1.1194931204250256,"既存適格性フィルター不通過: low_liquidity / 60日平均売買代金2,000万円未満 / ローカル5年最大下落率-60%以下"
28,20260430,4256,4256.T,"CYND Co.,Ltd.",Growth Market(Domestic),5250,Information & Communication,10,"IT & SERVICES, OTHERS",-,,False,S100W9RA,株式会社サインド,2025-06-30 15:21,2024-04-01,2025-03-31,NetSalesSummaryOfBusinessResults,nonconsolidated,799307000.0,1089125000.0,1303191000.0,1492519000.0,1685479000.0,2020-04-01,2021-04-01,2022-04-01,2023-04-01,2024-04-01,2021-03-31,2022-03-31,2023-03-31,2024-03-31,2025-03-31,OperatingIncome,nonconsolidated,440131000.0,CurrentYearDuration_NonConsolidatedMember,奥脇 隆司,0.3608,2180000.0,True,奥脇 隆司（代表取締役社長） / 高橋 直也（代表取締役副社長 兼管理部長）,奥脇 隆司 / 高橋 直也,True,奥脇 隆司,2021-12-01,2021年12月: 東京証券取引所マザーズに株式を上場,"[{""rank"": 1, ""name"": ""奥脇 隆司"", ""ratio"": 0.3608, ""shares"": 2180000.0}, {""rank"": 2, ""name"": ""高橋 直也"", ""ratio"": 0.2946, ""shares"": 1780000.0}, {""rank"": 3, ""name"": ""INTERACTIVE BROKERS LLC （常任代理人 インタラクティブ・ブローカーズ証券株式会社）"", ""ratio"": 0.067, ""shares"": 405000.0}, {""rank"": 4, ""name"": ""亀井 信吾"", ""ratio"": 0.0579, ""shares"": 350000.0}, {""rank"": 5, ""name"": ""池田 英右"", ""ratio"": 0.0215, ""shares"": 130000.0}, {""rank"": 6, ""name"": ""PERSHING-DIV. OF DLJ SECS. CORP. （常任代理人 シティバンク、エヌ・エイ東京支店 カストディ業務部）"", ""ratio"": 0.0174, ""shares"": 104900.0}, {""rank"": 7, ""name"": ""STATE STREET BANK AND TRUST COMPANY 505001 （常任代理人 株式会社みずほ銀行決済営業部）"", ""ratio"": 0.016, ""shares"": 96600.0}, {""rank"": 8, ""name"": ""NATIONAL FINANCIAL SERVICES LCC （常任代理人 シティバンク、エヌ・エイ東京支店 カストディ業務部）"", ""ratio"": 0.0104, ""shares"": 62600.0}, {""rank"": 9, ""name"": ""BNY GCM CLIENT ACCOUNT JPRD AC ISG（FE-AC） （常任代理人 株式会社三菱UFJ銀行）"", ""ratio"": 0.0052, ""shares"": 31700.0}, {""rank"": 10, ""name"": ""斉藤 尚徳"", ""ratio"": 0.0052, ""shares"": 31200.0}]","[{""name"": ""奥脇 隆司"", ""title"": ""代表取締役社長"", ""shares"": 2180000.0}, {""name"": ""高橋 直也"", ""title"": ""代表取締役副社長 兼管理部長"", ""shares"": 1780000.0}, {""name"": ""亀井 信吾"", ""title"": ""取締役 兼開発部長"", ""shares"": 350000.0}, {""name"": ""菅野 隆"", ""title"": ""取締役"", ""shares"": null}, {""name"": ""峰﨑 揚右"", ""title"": ""取締役"", ""shares"": null}, {""name"": ""小山 肇"", ""title"": ""常勤監査役"", ""shares"": null}, {""name"": ""加久田 乾一"", ""title"": ""監査役"", ""shares"": null}, {""name"": ""桜井 祐子"", ""title"": ""監査役"", ""shares"": null}]",,2021-12-22,2026-06-01,0.3625865906341368,0.1965486055319636,0.1452803157787308,0.1292847863243282,0.2050426894954184,True,False,True,0.2611311087233955,True,2021-12-01,2021-12-22,local_price_first_trade,True,True,True,3,4,4,365/365/365/366/365,OK,6042000.0,2026-06-01,992.0,18619800.0,1083.0,0.5258753402352546,-0.812111801242236,False,low_liquidity,-0.0477470867877084,2247,Future Moat,5993664000.0,3.556059731387932,"既存適格性フィルター不通過: low_liquidity / 60日平均売買代金2,000万円未満 / ローカル5年最大下落率-60%以下"
29,20260430,5892,5892.T,"yutori,Inc.",Growth Market(Domestic),6100,Retail Trade,14,RETAIL TRADE,-,,False,S100VZ0M,株式会社ｙｕｔｏｒｉ,2025-06-18 16:00,2024-04-01,2025-03-31,NetSalesSummaryOfBusinessResults,nonconsolidated,568333000.0,1631907000.0,2470266000.0,4320169000.0,5969408000.0,2020-04-01,2021-04-01,2022-04-01,2023-04-01,2024-04-01,2021-03-31,2022-03-31,2023-03-31,2024-03-31,2025-03-31,OperatingIncome,nonconsolidated,440357000.0,CurrentYearDuration_NonConsolidatedMember,片石 貴展,0.2717,1275900.0,True,片石 貴展（代表取締役社長） / 瀬之口 和磨（取締役副社長）,片石 貴展 / 瀬之口 和磨,True,片石 貴展,2023-12-01,2023年12月: 東京証券取引所グロース市場に株式を上場,"[{""rank"": 1, ""name"": ""片石 貴展"", ""ratio"": 0.2717, ""shares"": 1275900.0}, {""rank"": 2, ""name"": ""株式会社ＺＯＺＯ"", ""ratio"": 0.1916, ""shares"": 900000.0}, {""rank"": 3, ""name"": ""株式会社ｐｏｏｌ"", ""ratio"": 0.0946, ""shares"": 444300.0}, {""rank"": 4, ""name"": ""山口 貴弘"", ""ratio"": 0.0499, ""shares"": 234600.0}, {""rank"": 5, ""name"": ""野村信託銀行株式会社（投信口）"", ""ratio"": 0.0489, ""shares"": 229700.0}, {""rank"": 6, ""name"": ""株式会社日本カストディ銀行（信託口）"", ""ratio"": 0.0353, ""shares"": 165600.0}, {""rank"": 7, ""name"": ""瀬之口 和磨"", ""ratio"": 0.0301, ""shares"": 141600.0}, {""rank"": 8, ""name"": ""AKパートナーズ株式会社"", ""ratio"": 0.0194, ""shares"": 90900.0}, {""rank"": 9, ""name"": ""山本 英俊"", ""ratio"": 0.0134, ""shares"": 63000.0}, {""rank"": 10, ""name"": ""J.P.MORGAN SECURITIES PLC (JPモルガン証券会社)"", ""ratio"": 0.0058, ""shares"": 27300.0}]","[{""name"": ""片石 貴展"", ""title"": ""代表取締役社長"", ""shares"": 1720200.0}, {""name"": ""瀬之口 和磨"", ""title"": ""取締役副社長"", ""shares"": 141600.0}, {""name"": ""廣瀬 文慎"", ""title"": ""取締役（注）１"", ""shares"": 1500.0}, {""name"": ""佐々木 翔平"", ""title"": ""取締役（注）１"", ""shares"": null}, {""name"": ""井桁 遥"", ""title"": ""監査役（常勤）（注）２"", ""shares"": null}, {""name"": ""千原 真衣子"", ""title"": ""監査役（注）２"", ""shares"": null}, {""name"": ""石久保 好明"", ""title"": ""監査役（注）２"", ""shares"": null}]",,2023-12-27,2026-06-01,1.8713922999368329,0.5137296426818441,0.7488679356798014,0.3817533527044892,0.8002470061256364,True,True,True,0.0737689566536581,False,2023-12-01,2023-12-27,local_price_first_trade,True,True,True,3,3,3,365/365/365/366/365,OK,4696900.0,2026-06-01,2164.0,148605755.0,589.0,0.8321628914118694,-0.6702564102564103,True,,-0.507532167878072,3501,Transformation Moat,10164091600.0,1.7026967498284586,年率ボラティリティ60%以上 / ローカル5年最大下落率-60%以下
30,20260430,9348,9348.T,"ispace,inc.",Growth Market(Domestic),9050,Services,10,"IT & SERVICES, OTHERS",-,,False,S100W6DA,株式会社ｉｓｐａｃｅ,2025-06-26 09:00,2024-04-01,2025-03-31,NetSalesSummaryOfBusinessResults,consolidated,506639000.0,674141000.0,989241000.0,2357055000.0,4743238000.0,2020-04-01,2021-04-01,2022-04-01,2023-04-01,2024-04-01,2021-03-31,2022-03-31,2023-03-31,2024-03-31,2025-03-31,OperatingIncome,consolidated,-9795143000.0,CurrentYearDuration,袴田 武史,0.0852,9000000.0,True,袴田 武史（代表取締役ＣＥＯ）,袴田 武史,True,袴田 武史,2023-04-01,2023年４月: 東京証券取引所グロース市場に株式を上場し、65.1億円の資金調達を実施,"[{""rank"": 1, ""name"": ""袴田 武史"", ""ratio"": 0.0852, ""shares"": 9000000.0}, {""rank"": 2, ""name"": ""インキュベイトファンド３号投資事業有限責任組合"", ""ratio"": 0.0567, ""shares"": 5992580.0}, {""rank"": 3, ""name"": ""株式会社日本政策投資銀行"", ""ratio"": 0.0331, ""shares"": 3495880.0}, {""rank"": 4, ""name"": ""赤浦 徹"", ""ratio"": 0.025, ""shares"": 2636603.0}, {""rank"": 5, ""name"": ""IF GROWTH OPPORTUNITY FUND I, L.P. （常任代理人 SMBC日興証券株式会社）"", ""ratio"": 0.0202, ""shares"": 2135720.0}, {""rank"": 6, ""name"": ""三井住友信託銀行株式会社 （常任代理人 株式会社日本カストディ銀行）"", ""ratio"": 0.0186, ""shares"": 1968500.0}, {""rank"": 7, ""name"": ""BOFAS INC SEGREGATION ACCOUNT （常任代理人 BOFA証券株式会社）"", ""ratio"": 0.0182, ""shares"": 1923433.0}, {""rank"": 8, ""name"": ""楽天証券株式会社"", ""ratio"": 0.0153, ""shares"": 1612000.0}, {""rank"": 9, ""name"": ""IF SPV１号投資事業組合"", ""ratio"": 0.0111, ""shares"": 1174880.0}, {""rank"": 10, ""name"": ""吉田 和哉"", ""ratio"": 0.0085, ""shares"": 896000.0}]","[{""name"": ""袴田 武史"", ""title"": ""代表取締役ＣＥＯ"", ""shares"": 9000000.0}, {""name"": ""野﨑 順平"", ""title"": ""取締役ＣＦＯ"", ""shares"": 291800.0}, {""name"": ""赤浦 徹"", ""title"": ""取締役"", ""shares"": 2636603.0}, {""name"": ""川名 浩一"", ""title"": ""取締役"", ""shares"": null}, {""name"": ""中田 華寿子"", ""title"": ""取締役"", ""shares"": null}, {""name"": ""畑田 康二郎"", ""title"": ""取締役"", ""shares"": null}, {""name"": ""牧野 隆"", ""title"": ""取締役"", ""shares"": null}, {""name"": ""井上 優司"", ""title"": ""監査役"", ""shares"": null}, {""name"": ""轟 芳英"", ""title"": ""監査役"", ""shares"": null}, {""name"": ""内藤 亜雅沙"", ""title"": ""監査役"", ""shares"": null}]",,2023-04-13,2026-06-01,0.3306141059018355,0.4674096368563847,1.3826903656439633,1.0123577939420167,0.7492185517573839,True,True,True,-2.065075165952035,False,2023-04-01,2023-04-13,local_price_first_trade,True,True,True,3,3,3,365/365/365/366/365,OK,105675203.0,2026-06-01,588.0,1275462065.0,764.0,0.7858206653891989,-0.8090569561157797,False,low_equity_ratio;repeated_operating_loss;repeated_negative_operating_cf;excessive_leverage;extreme_profitability_outlier,-1.3513304900290062,3635,Transformation Moat,62137019364.0,13.100126825598885,既存適格性フィルター不通過: low_equity_ratio;repeated_operating_loss;repeated_negative_operating_cf;excessive_leverage;extreme_profitability_outlier / 年率ボラティリティ60%以上 / ローカル5年最大下落率-60%以下
31,20260430,5034,5034.T,"unerry,Inc.",Growth Market(Domestic),5250,Information & Communication,10,"IT & SERVICES, OTHERS",-,,False,S100WRCL,株式会社ｕｎｅｒｒｙ,2025-09-26 16:01,2024-07-01,2025-06-30,NetSalesSummaryOfBusinessResults,nonconsolidated,783018000.0,1446325000.0,2076737000.0,2834907000.0,3726133000.0,2020-07-01,2021-07-01,2022-07-01,2023-07-01,2024-07-01,2021-06-30,2022-06-30,2023-06-30,2024-06-30,2025-06-30,OperatingIncome,nonconsolidated,311894000.0,CurrentYearDuration_NonConsolidatedMember,内山 英俊,0.285,1063810.0,True,内山 英俊（代表取締役社長執行役員CEO） / 鈴木 茂二郎（取締役副社長執行役員COOセールス＆オペレーション部長）,内山 英俊 / 鈴木 茂二郎,True,内山 英俊,2022-07-01,2022年７月: 東京証券取引所グロース市場に株式を上場,"[{""rank"": 1, ""name"": ""内山 英俊"", ""ratio"": 0.285, ""shares"": 1063810.0}, {""rank"": 2, ""name"": ""株式会社UC AIR"", ""ratio"": 0.141, ""shares"": 528000.0}, {""rank"": 3, ""name"": ""三菱商事株式会社"", ""ratio"": 0.081, ""shares"": 303200.0}, {""rank"": 4, ""name"": ""株式会社日本カストディ銀行（信託口）"", ""ratio"": 0.056, ""shares"": 209600.0}, {""rank"": 5, ""name"": ""鈴木 茂二郎"", ""ratio"": 0.044, ""shares"": 164800.0}, {""rank"": 6, ""name"": ""清板 大亮"", ""ratio"": 0.03, ""shares"": 111800.0}, {""rank"": 7, ""name"": ""三菱食品株式会社"", ""ratio"": 0.024, ""shares"": 90000.0}, {""rank"": 8, ""name"": ""日本マスタートラスト信託銀行株式会社（信託口）"", ""ratio"": 0.024, ""shares"": 88100.0}, {""rank"": 9, ""name"": ""株式会社電通グループ"", ""ratio"": 0.021, ""shares"": 80000.0}, {""rank"": 10, ""name"": ""株式会社ＳＢＩ証券"", ""ratio"": 0.02, ""shares"": 73303.0}]","[{""name"": ""内山 英俊"", ""title"": ""代表取締役社長執行役員CEO"", ""shares"": 1591810.0}, {""name"": ""鈴木 茂二郎"", ""title"": ""取締役副社長執行役員COOセールス＆オペレーション部長"", ""shares"": 164800.0}, {""name"": ""斎藤 泰志"", ""title"": ""取締役執行役員CFOコーポレート部長"", ""shares"": 30640.0}, {""name"": ""内山 麻紀子"", ""title"": ""取締役執行役員CMOマーケティング・PR部長"", ""shares"": 1860.0}, {""name"": ""八十川 祐輔"", ""title"": ""取締役"", ""shares"": null}, {""name"": ""神成 敦"", ""title"": ""常勤監査役"", ""shares"": null}, {""name"": ""前川 研吾"", ""title"": ""監査役"", ""shares"": null}, {""name"": ""渡邊 涼介"", ""title"": ""監査役"", ""shares"": null}]",,2022-07-28,2026-06-01,0.8471159028272657,0.4358716056211431,0.3650775230566028,0.3143757449538908,0.4769699238637359,True,True,True,0.0837044732434403,False,2022-07-01,2022-07-28,local_price_first_trade,True,True,True,3,3,3,365/365/365/366/365,OK,3733890.0,2026-06-01,2015.0,59675296.666666664,938.0,0.6317168000891942,-0.7431127012522362,True,,-0.0429709967761603,2220,Transformation Moat,7523788350.0,2.019194792563765,年率ボラティリティ60%以上 / ローカル5年最大下落率-60%以下
32,20260430,7047,7047.T,PORT INC.,Growth Market(Domestic),9050,Services,10,"IT & SERVICES, OTHERS",-,,False,S100VZKV,ポート株式会社,2025-06-19 17:00,2024-04-01,2025-03-31,RevenueIFRSSummaryOfBusinessResults,consolidated,4689000000.0,6994000000.0,11364000000.0,15580000000.0,21963000000.0,2020-04-01,2021-04-01,2022-04-01,2023-04-01,2024-04-01,2021-03-31,2022-03-31,2023-03-31,2024-03-31,2025-03-31,OperatingProfitLossIFRS,consolidated,2987000000.0,CurrentYearDuration,春日 博文,0.3119,4156000.0,True,春日 博文（代表取締役社長） / 丸山 侑佑（取締役副社長）,春日 博文 / 丸山 侑佑,True,春日 博文,2018-12-01,2018年12月: 東京証券取引所マザーズ及び福岡証券取引所Q-Boardに株式を上場公募増資により、資本金800百万円に増資,"[{""rank"": 1, ""name"": ""春日 博文"", ""ratio"": 0.3119, ""shares"": 4156000.0}, {""rank"": 2, ""name"": ""株式会社日本カストディ銀行（信託口）"", ""ratio"": 0.0693, ""shares"": 923000.0}, {""rank"": 3, ""name"": ""丸山 侑佑"", ""ratio"": 0.0412, ""shares"": 549000.0}, {""rank"": 4, ""name"": ""NOMURA PB NOMINEES LIMITED OMNIBUS-MARGIN (CASHPB)(常任代理人 野村證券株式会社)"", ""ratio"": 0.0343, ""shares"": 456000.0}, {""rank"": 5, ""name"": ""株式会社ＳＢＩ証券"", ""ratio"": 0.0321, ""shares"": 428000.0}, {""rank"": 6, ""name"": ""BNY GCM CLIENT ACCOUNT JPRD AC ISG (FE-AC)(常任代理人 株式会社三菱ＵＦＪ銀行)"", ""ratio"": 0.0284, ""shares"": 378000.0}, {""rank"": 7, ""name"": ""新沼 吾史"", ""ratio"": 0.0227, ""shares"": 303000.0}, {""rank"": 8, ""name"": ""野村證券株式会社"", ""ratio"": 0.0203, ""shares"": 270000.0}, {""rank"": 9, ""name"": ""株式会社チェンジホールディングス"", ""ratio"": 0.0202, ""shares"": 269000.0}, {""rank"": 10, ""name"": ""西村 裕二"", ""ratio"": 0.0161, ""shares"": 215000.0}]","[{""name"": ""春日 博文"", ""title"": ""代表取締役社長"", ""shares"": 4156000.0}, {""name"": ""丸山 侑佑"", ""title"": ""取締役副社長"", ""shares"": 391000.0}, {""name"": ""大森 愛久美(伊田 愛久美)"", ""title"": ""取締役(社外)監査等委員"", ""shares"": null}, {""name"": ""冨岡 大悟"", ""title"": ""取締役(社外)監査等委員"", ""shares"": null}, {""name"": ""馬渕 邦美"", ""title"": ""取締役(社外)監査等委員"", ""shares"": null}]",,2021-06-01,2026-06-01,0.491576029004052,0.6248212753788962,0.3709961281239,0.4096919127086007,0.4711361152602158,True,True,True,0.1360014569958566,True,2018-12-01,2018-12-01,EDINET_company_history,False,True,True,3,3,3,365/365/365/366/365,OK,13328590.0,2026-06-01,2198.0,296426706.6666667,1222.0,0.6173352162121795,-0.6522255262623501,False,missing_financial_data,-0.232844549077829,3139,Future Moat,29296240820.0,1.3338906715840277,既存適格性フィルター不通過: missing_financial_data / 年率ボラティリティ60%以上 / ローカル5年最大下落率-60%以下
33,20260430,7378,7378.T,ASIRO Inc.,Growth Market(Domestic),9050,Services,10,"IT & SERVICES, OTHERS",-,,False,S100XHO2,株式会社アシロ,2026-01-27 15:27,2024-11-01,2025-10-31,RevenueIFRSSummaryOfBusinessResults,consolidated,1552753000.0,2201586000.0,3197782000.0,4694121000.0,6647361000.0,2020-11-01,2021-11-01,2022-11-01,2023-11-01,2024-11-01,2021-10-31,2022-10-31,2023-10-31,2024-10-31,2025-10-31,OperatingProfitLossIFRS,consolidated,1419373000.0,CurrentYearDuration,中山 博登,0.2569,1872897.0,True,中山 博登（代表取締役社長 兼執行役員）,中山 博登,True,中山 博登,2021-07-01,2021年７月: 東京証券取引所マザーズに株式を上場。,"[{""rank"": 1, ""name"": ""中山 博登"", ""ratio"": 0.2569, ""shares"": 1872897.0}, {""rank"": 2, ""name"": ""松田 健太郎"", ""ratio"": 0.0311, ""shares"": 227000.0}, {""rank"": 3, ""name"": ""大東特殊電線株式会社"", ""ratio"": 0.0264, ""shares"": 192400.0}, {""rank"": 4, ""name"": ""INTERACTIVE BROKERS LLC （常任代理人 インタラクティブ・ブローカーズ証券株式会社）"", ""ratio"": 0.0237, ""shares"": 173100.0}, {""rank"": 5, ""name"": ""西川 晶"", ""ratio"": 0.0221, ""shares"": 161000.0}, {""rank"": 6, ""name"": ""野村證券株式会社"", ""ratio"": 0.0174, ""shares"": 127200.0}, {""rank"": 7, ""name"": ""阿部 重成"", ""ratio"": 0.013, ""shares"": 95000.0}, {""rank"": 8, ""name"": ""山本 雄太"", ""ratio"": 0.013, ""shares"": 94489.0}, {""rank"": 9, ""name"": ""楽天証券株式会社共有口"", ""ratio"": 0.0123, ""shares"": 89400.0}, {""rank"": 10, ""name"": ""JPモルガン証券株式会社"", ""ratio"": 0.0111, ""shares"": 81000.0}]","[{""name"": ""中山 博登"", ""title"": ""代表取締役社長 兼執行役員"", ""shares"": 1873035.0}, {""name"": ""高橋 重雄"", ""title"": ""取締役 （常勤監査等委員）"", ""shares"": null}, {""name"": ""麻生 要一"", ""title"": ""取締役 （監査等委員）"", ""shares"": null}, {""name"": ""東目 拓也"", ""title"": ""取締役 （監査等委員）"", ""shares"": null}]",,2021-07-20,2026-06-01,0.4178597626280549,0.452490159366929,0.467930271669551,0.4161034621817374,0.4384233419503591,True,True,True,0.2135242842986863,True,2021-07-01,2021-07-01,EDINET_company_history,False,True,True,3,3,3,365/365/365/366/365,OK,7289968.0,2026-06-01,1450.0,80899220.0,1187.0,0.5214649893286959,-0.5781249620358643,False,missing_financial_data,0.1685854586671446,870,Transformation Moat,10570453600.0,1.5901729423150028,既存適格性フィルター不通過: missing_financial_data
34,20260430,5138,5138.T,"Rebase,Inc.",Growth Market(Domestic),5250,Information & Communication,10,"IT & SERVICES, OTHERS",-,,False,S100W25W,株式会社Ｒｅｂａｓｅ,2025-06-23 15:35,2024-04-01,2025-03-31,NetSalesSummaryOfBusinessResults,nonconsolidated,475929000.0,890244000.0,1160574000.0,1490080000.0,1926885000.0,2020-04-01,2021-04-01,2022-04-01,2023-04-01,2024-04-01,2021-03-31,2022-03-31,2023-03-31,2024-03-31,2025-03-31,OperatingIncome,nonconsolidated,487062000.0,CurrentYearDuration_NonConsolidatedMember,株式会社elpido（注）2,0.3134,1540000.0,False,佐藤 海（代表取締役）,佐藤 海,False,,2022-12-01,2022年12月: 東京証券取引所グロース市場に上場,"[{""rank"": 1, ""name"": ""株式会社elpido（注）2"", ""ratio"": 0.3134, ""shares"": 1540000.0}, {""rank"": 2, ""name"": ""佐藤 海"", ""ratio"": 0.1659, ""shares"": 815500.0}, {""rank"": 3, ""name"": ""株式会社El Monte Garage（注）3"", ""ratio"": 0.0806, ""shares"": 396000.0}, {""rank"": 4, ""name"": ""髙畠 裕二"", ""ratio"": 0.0731, ""shares"": 359500.0}, {""rank"": 5, ""name"": ""株式会社日本カストディ銀行（信託口）"", ""ratio"": 0.0451, ""shares"": 222000.0}, {""rank"": 6, ""name"": ""木下 圭一郎"", ""ratio"": 0.028, ""shares"": 138000.0}, {""rank"": 7, ""name"": ""石田 貴心アレキサンダー"", ""ratio"": 0.0206, ""shares"": 101600.0}, {""rank"": 8, ""name"": ""赤木 賢敏"", ""ratio"": 0.0203, ""shares"": 100000.0}, {""rank"": 9, ""name"": ""門田 洋"", ""ratio"": 0.0111, ""shares"": 55000.0}, {""rank"": 10, ""name"": ""株式会社ＳＢＩ証券"", ""ratio"": 0.0111, ""shares"": 54768.0}]","[{""name"": ""佐藤 海"", ""title"": ""代表取締役"", ""shares"": 2355500.0}, {""name"": ""髙畠 裕二"", ""title"": ""取締役"", ""shares"": 755500.0}, {""name"": ""石田 貴心アレキサンダー"", ""title"": ""取締役"", ""shares"": 101600.0}, {""name"": ""大辻 琢磨"", ""title"": ""取締役"", ""shares"": 42800.0}, {""name"": ""平垣内 久隆"", ""title"": ""社外取締役"", ""shares"": 500.0}, {""name"": ""渡辺 永二"", ""title"": ""常勤監査役（社外監査役）"", ""shares"": 1800.0}, {""name"": ""岩館 徹"", ""title"": ""社外監査役"", ""shares"": 100.0}, {""name"": ""小山 嘉信"", ""title"": ""社外監査役"", ""shares"": null}]",,2022-12-16,2026-06-01,0.8705395132467237,0.3036583228867591,0.2839164068814224,0.29314197895415,0.4184969515999543,True,True,True,0.2527717014767358,True,2022-12-01,2022-12-16,local_price_first_trade,True,False,False,3,3,3,365/365/365/366/365,OK,4912700.0,2026-06-01,447.0,3781728.3333333335,843.0,0.550682944704689,-0.7429466628187256,False,low_liquidity,-0.0338414393096572,2138,Core Moat,2195976900.0,1.1396512505935745,"既存適格性フィルター不通過: low_liquidity / 60日平均売買代金2,000万円未満 / ローカル5年最大下落率-60%以下"
35,20260430,4449,4449.T,giftee Inc.,Prime Market (Domestic),5250,Information & Communication,10,"IT & SERVICES, OTHERS",7,TOPIX Small 2,False,S100XUO8,株式会社ギフティ,2026-03-27 16:35,2025-01-01,2025-12-31,NetSalesSummaryOfBusinessResults,consolidated,3725000000.0,4723000000.0,7226000000.0,9554000000.0,14149000000.0,2021-01-01,2022-01-01,2023-01-01,2024-01-01,2025-01-01,2021-12-31,2022-12-31,2023-12-31,2024-12-31,2025-12-31,OperatingIncome,consolidated,2603000000.0,CurrentYearDuration,太田 睦,0.1736,5168400.0,True,太田 睦（代表取締役CEO） / 鈴木 達哉（代表取締役COO）,太田 睦 / 鈴木 達哉,True,太田 睦,2019-09-01,2019年９月: 東京証券取引所マザーズ市場に株式を上場,"[{""rank"": 1, ""name"": ""太田 睦"", ""ratio"": 0.1736, ""shares"": 5168400.0}, {""rank"": 2, ""name"": ""日本マスタートラスト信託銀行株式会社（信託口）"", ""ratio"": 0.0895, ""shares"": 2663700.0}, {""rank"": 3, ""name"": ""株式会社日本カストディ銀行（信託口）"", ""ratio"": 0.0663, ""shares"": 1974800.0}, {""rank"": 4, ""name"": ""梅田 裕真"", ""ratio"": 0.0574, ""shares"": 1710000.0}, {""rank"": 5, ""name"": ""柳瀬 文孝"", ""ratio"": 0.0458, ""shares"": 1364000.0}, {""rank"": 6, ""name"": ""鈴木 達哉"", ""ratio"": 0.0449, ""shares"": 1338400.0}, {""rank"": 7, ""name"": ""ＢＮＹ ＧＣＭ ＣＬＩＥＮＴ ＡＣＣＯＵＮＴ ＪＰＲＤ ＡＣ ＩＳＧ （ＦＥ－ＡＣ）（常任代理人 株式会社UFJ銀行）"", ""ratio"": 0.0374, ""shares"": 1112899.0}, {""rank"": 8, ""name"": ""ＧＯＬＤＭＡＮ ＳＡＣＨＳ ＩＮＴＥＲＮＡＴＩＯＮＡＬ（常任代理人 ゴールドマン・サックス証券株式会社）"", ""ratio"": 0.0348, ""shares"": 1035160.0}, {""rank"": 9, ""name"": ""株式会社ジェーシービー"", ""ratio"": 0.0319, ""shares"": 950000.0}, {""rank"": 10, ""name"": ""楽天証券株式会社共有口"", ""ratio"": 0.0173, ""shares"": 513800.0}]","[{""name"": ""太田 睦"", ""title"": ""代表取締役CEO"", ""shares"": 5168400.0}, {""name"": ""鈴木 達哉"", ""title"": ""代表取締役COO"", ""shares"": 1338400.0}, {""name"": ""柳瀬 文孝"", ""title"": ""取締役CTO"", ""shares"": 1364000.0}, {""name"": ""藤田 良和"", ""title"": ""取締役CFO"", ""shares"": 485800.0}, {""name"": ""妹尾 堅一郎"", ""title"": ""取締役"", ""shares"": 7500.0}, {""name"": ""中島 真"", ""title"": ""取締役"", ""shares"": 1700.0}, {""name"": ""伊能 美和子"", ""title"": ""取締役"", ""shares"": 5300.0}, {""name"": ""工木 大造"", ""title"": ""常勤監査役"", ""shares"": 1800.0}, {""name"": ""秋元 芳央"", ""title"": ""監査役"", ""shares"": 4600.0}, {""name"": ""植野 和宏"", ""title"": ""監査役"", ""shares"": 200.0}]",,2021-06-01,2026-06-01,0.2679194630872483,0.5299597713317807,0.3221699418765569,0.4809503872723466,0.3960464460491595,True,True,True,0.1839705986288783,True,2019-09-01,2019-09-01,EDINET_company_history,False,True,True,3,3,3,365/365/365/366/365,OK,29777302.0,2026-06-01,1157.0,480679238.3333333,1222.0,0.6175971707850844,-0.8232558191974367,False,repeated_negative_operating_cf,-0.0183197838489778,2028,Core Moat,34452338414.0,2.4349663166301507,既存適格性フィルター不通過: repeated_negative_operating_cf / 年率ボラティリティ60%以上 / ローカル5年最大下落率-60%以下
36,20260430,9237,9237.T,"Emimen Co.,Ltd.",Growth Market(Domestic),9050,Services,10,"IT & SERVICES, OTHERS",-,,False,S100XIJD,株式会社笑美面,2026-01-30 16:29,2024-11-01,2025-10-31,OperatingRevenue1SummaryOfBusinessResults,nonconsolidated,429918000.0,609702000.0,814287000.0,1301646000.0,1588196000.0,2020-11-01,2021-11-01,2022-11-01,2023-11-01,2024-11-01,2021-10-31,2022-10-31,2023-10-31,2024-10-31,2025-10-31,OperatingIncome,nonconsolidated,-18854000.0,CurrentYearDuration_NonConsolidatedMember,榎並 将志,0.3993,1620560.0,True,榎並 将志（代表取締役社長）,榎並 将志,True,榎並 将志,2023-10-01,2023年10月: 東京証券取引所グロース市場に株式を上場,"[{""rank"": 1, ""name"": ""榎並 将志"", ""ratio"": 0.3993, ""shares"": 1620560.0}, {""rank"": 2, ""name"": ""楽天証券株式会社"", ""ratio"": 0.0374, ""shares"": 151800.0}, {""rank"": 3, ""name"": ""金田 喜人"", ""ratio"": 0.0288, ""shares"": 116800.0}, {""rank"": 4, ""name"": ""ＧＯＬＤＭＡＮ ＳＡＣＨＳ ＩＮＴＥＲＮＡＴＩＯＮＡＬ （常任代理人 ゴールドマン・サックス証券株式会社）"", ""ratio"": 0.0254, ""shares"": 103000.0}, {""rank"": 5, ""name"": ""丸谷 和徳"", ""ratio"": 0.0246, ""shares"": 100000.0}, {""rank"": 6, ""name"": ""株式会社ＦＤＳ"", ""ratio"": 0.0225, ""shares"": 91400.0}, {""rank"": 7, ""name"": ""アクサ生命保険株式会社"", ""ratio"": 0.0222, ""shares"": 90000.0}, {""rank"": 8, ""name"": ""住友生命保険相互会社"", ""ratio"": 0.0222, ""shares"": 90000.0}, {""rank"": 9, ""name"": ""日本マスタートラスト信託銀行株式会社（信託口Ｔ６Ｋ１５７００１）"", ""ratio"": 0.0192, ""shares"": 78000.0}, {""rank"": 10, ""name"": ""ＮＯＭＵＲＡ ＰＢ ＮＯＭＩＮＥＥＳ ＬＩＭＩＴＥＤ ＯＭＮＩＢＵＳ－ＭＡＲＧＩＮ （ＣＡＳＨＰＢ）（常任代理人 野村證券株式会社）"", ""ratio"": 0.0177, ""shares"": 71800.0}]","[{""name"": ""榎並 将志"", ""title"": ""代表取締役社長"", ""shares"": 810280.0}, {""name"": ""木下 裕司"", ""title"": ""常務取締役"", ""shares"": 4860.0}, {""name"": ""鎌田 将晴"", ""title"": ""取締役ＣＦＯ （管理部門管掌）"", ""shares"": 500.0}, {""name"": ""宝田 めぐみ"", ""title"": ""社外取締役"", ""shares"": null}, {""name"": ""百々 なお子"", ""title"": ""取締役(常勤監査等委員)"", ""shares"": null}, {""name"": ""岩﨑 良亮"", ""title"": ""社外取締役(監査等委員)"", ""shares"": null}, {""name"": ""牧野 誠司"", ""title"": ""社外取締役(監査等委員)"", ""shares"": null}]",,2023-10-26,2026-06-01,0.418182071929996,0.3355491699223556,0.5985101076156196,0.2201443403198719,0.3863714852957736,True,True,True,-0.0118713307425531,False,2023-10-01,2023-10-26,local_price_first_trade,True,True,True,3,3,3,365/365/365/366/365,OK,2029440.0,2026-06-01,527.0,25822413.333333332,631.0,0.6058803958199362,-0.66,True,,-0.1892344711896073,2996,Transformation Moat,1069514880.0,0.6734149185616889,年率ボラティリティ60%以上 / ローカル5年最大下落率-60%以下
37,20260430,5137,5137.T,SmartDrive inc.,Growth Market(Domestic),5250,Information & Communication,10,"IT & SERVICES, OTHERS",-,,False,S100XC5Q,株式会社スマートドライブ,2025-12-22 16:09,2024-10-01,2025-09-30,NetSalesSummaryOfBusinessResults,consolidated,827667000.0,1254681000.0,1709054000.0,2173225000.0,2878647000.0,2020-10-01,2021-10-01,2022-10-01,2023-10-01,2024-10-01,2021-09-30,2022-09-30,2023-09-30,2024-09-30,2025-09-30,OperatingIncome,consolidated,390202000.0,CurrentYearDuration,株式会社OMU,0.4497,16860000.0,False,北川 烈（代表取締役社長）,北川 烈,False,,2022-12-01,2022年12月: 東京証券取引所グロース市場に株式を上場,"[{""rank"": 1, ""name"": ""株式会社OMU"", ""ratio"": 0.4497, ""shares"": 16860000.0}, {""rank"": 2, ""name"": ""株式会社日本カストディ銀行（信託口）"", ""ratio"": 0.1252, ""shares"": 4692900.0}, {""rank"": 3, ""name"": ""TJ2015.FUND LP"", ""ratio"": 0.0732, ""shares"": 2745000.0}, {""rank"": 4, ""name"": ""Monoful Pte. Ltd."", ""ratio"": 0.0427, ""shares"": 1600120.0}, {""rank"": 5, ""name"": ""楽天証券株式会社"", ""ratio"": 0.0361, ""shares"": 1353600.0}, {""rank"": 6, ""name"": ""日本マスタートラスト信託銀行株式会社（信託口）"", ""ratio"": 0.035, ""shares"": 1311700.0}, {""rank"": 7, ""name"": ""野村信託銀行株式会社（投信口）"", ""ratio"": 0.0215, ""shares"": 806000.0}, {""rank"": 8, ""name"": ""SMBC日興証券株式会社"", ""ratio"": 0.0174, ""shares"": 651220.0}, {""rank"": 9, ""name"": ""BNY GCM CLIENT ACCOUNT JPRD AC ISG （FE-AC）"", ""ratio"": 0.0128, ""shares"": 480900.0}, {""rank"": 10, ""name"": ""住友三井オートサービス株式会社"", ""ratio"": 0.009, ""shares"": 337500.0}]","[{""name"": ""北川 烈"", ""title"": ""代表取締役社長"", ""shares"": 17115000.0}, {""name"": ""元垣内 広毅"", ""title"": ""取締役事業部門担当"", ""shares"": 69600.0}, {""name"": ""高橋 幹太"", ""title"": ""取締役管理部門担当"", ""shares"": 100080.0}, {""name"": ""中島 友啓"", ""title"": ""取締役（常勤監査等委員）"", ""shares"": 3960.0}, {""name"": ""石井 絵梨子"", ""title"": ""取締役（監査等委員）"", ""shares"": null}, {""name"": ""竹川 隆司"", ""title"": ""取締役（監査等委員）"", ""shares"": 35940.0}, {""name"": ""志賀 俊之"", ""title"": ""取締役（監査等委員）"", ""shares"": null}, {""name"": ""長島 聡"", ""title"": ""取締役（監査等委員）"", ""shares"": null}]",,2022-12-15,2026-06-01,0.5159248828333134,0.3621422497033111,0.2715952801959447,0.3245968549045772,0.3656304537336001,True,True,True,0.1355504860443118,True,2022-12-01,2022-12-15,local_price_first_trade,True,False,False,3,3,3,365/365/365/366/365,OK,37490140.0,2026-06-01,211.0,101441783.33333331,844.0,0.6378323716100255,-0.6578378491264434,True,,-0.0147499138382552,1989,Transformation Moat,7910419540.0,2.7479644221747233,年率ボラティリティ60%以上 / ローカル5年最大下落率-60%以下
38,20260430,5591,5591.T,AVILEN Inc.,Growth Market(Domestic),5250,Information & Communication,10,"IT & SERVICES, OTHERS",-,,False,S100XULB,株式会社ＡＶＩＬＥＮ,2026-03-26 15:38,2025-01-01,2025-12-31,NetSalesSummaryOfBusinessResults,nonconsolidated,477649000.0,732090000.0,929587000.0,1187534000.0,1534946000.0,2021-01-01,2022-01-01,2023-01-01,2024-01-01,2025-01-01,2021-12-31,2022-12-31,2023-12-31,2024-12-31,2025-12-31,OperatingIncome,nonconsolidated,244430000.0,CurrentYearDuration_NonConsolidatedMember,日本郵政キャピタル株式会社,0.2161,1319950.0,False,高橋 光太郎（代表取締役） / 松倉 怜（取締役ＣＥＯ）,高橋 光太郎 / 松倉 怜,False,,2023-09-01,2023年９月: 東京証券取引所グロース市場に株式を上場,"[{""rank"": 1, ""name"": ""日本郵政キャピタル株式会社"", ""ratio"": 0.2161, ""shares"": 1319950.0}, {""rank"": 2, ""name"": ""株式会社大塚商会"", ""ratio"": 0.1866, ""shares"": 1140000.0}, {""rank"": 3, ""name"": ""崔 一鳴"", ""ratio"": 0.0561, ""shares"": 343000.0}, {""rank"": 4, ""name"": ""大川 遥平"", ""ratio"": 0.0427, ""shares"": 261000.0}, {""rank"": 5, ""name"": ""株式会社日本カストディ銀行（信託口）"", ""ratio"": 0.0426, ""shares"": 260300.0}, {""rank"": 6, ""name"": ""UNITED NATIONS FOR THE UNITED NATIONS JOINT STAFF PENSION FUND A UN ORGAN （常任代理人：香港上海銀行東京支店）"", ""ratio"": 0.0237, ""shares"": 144800.0}, {""rank"": 7, ""name"": ""株式会社SBI証券"", ""ratio"": 0.0217, ""shares"": 132800.0}, {""rank"": 8, ""name"": ""日本マスタートラスト信託銀行株式会社（信託口）"", ""ratio"": 0.0215, ""shares"": 131400.0}, {""rank"": 9, ""name"": ""吉田 拓真"", ""ratio"": 0.0176, ""shares"": 108000.0}, {""rank"": 10, ""name"": ""高橋 光太郎"", ""ratio"": 0.0162, ""shares"": 99000.0}]","[{""name"": ""高橋 光太郎"", ""title"": ""代表取締役"", ""shares"": 99000.0}, {""name"": ""松倉 怜"", ""title"": ""取締役ＣＥＯ"", ""shares"": null}, {""name"": ""錦 拓男"", ""title"": ""取締役ＣＳＯ"", ""shares"": null}, {""name"": ""小野 種紀"", ""title"": ""取締役"", ""shares"": null}, {""name"": ""大源 悠美子"", ""title"": ""監査役 （常勤）"", ""shares"": null}, {""name"": ""山本 飛翔"", ""title"": ""監査役"", ""shares"": null}, {""name"": ""矢治 博之"", ""title"": ""監査役"", ""shares"": null}]",,2023-09-27,2026-06-01,0.5326945099853657,0.2697714761846221,0.2774855930644468,0.2925490975416283,0.3388935739092922,True,True,True,0.1592433870637794,True,2023-09-01,2023-09-27,local_price_first_trade,True,False,False,3,3,3,365/365/365/366/365,OK,6107654.0,2026-06-01,812.0,42687033.333333336,651.0,0.6858741674151246,-0.7928947368421053,True,,-0.2331965427452055,3140,Transformation Moat,4959415048.0,3.231002946031978,年率ボラティリティ60%以上 / ローカル5年最大下落率-60%以下
39,20260430,3923,3923.T,"RAKUS Co.,Ltd.",Prime Market (Domestic),5250,Information & Communication,10,"IT & SERVICES, OTHERS",4,TOPIX Mid400,False,S100W0FR,株式会社ラクス,2025-06-19 15:42,2024-04-01,2025-03-31,NetSalesSummaryOfBusinessResults,consolidated,15387000000.0,20629000000.0,27399000000.0,38408000000.0,48904000000.0,2020-04-01,2021-04-01,2022-04-01,2023-04-01,2024-04-01,2021-03-31,2022-03-31,2023-03-31,2024-03-31,2025-03-31,OperatingIncome,consolidated,10192000000.0,CurrentYearDuration,中村崇則,0.3368,61021800.0,True,中村 崇則（代表取締役 社長）,中村 崇則,True,中村 崇則,2015-12-01,2015年12月: 東京証券取引所マザーズに株式を上場,"[{""rank"": 1, ""name"": ""中村崇則"", ""ratio"": 0.3368, ""shares"": 61021800.0}, {""rank"": 2, ""name"": ""日本マスタートラスト信託銀行株式会社（信託口）"", ""ratio"": 0.0765, ""shares"": 13855300.0}, {""rank"": 3, ""name"": ""井上英輔"", ""ratio"": 0.0491, ""shares"": 8903000.0}, {""rank"": 4, ""name"": ""本松慎一郎"", ""ratio"": 0.0487, ""shares"": 8814300.0}, {""rank"": 5, ""name"": ""松嶋祥文"", ""ratio"": 0.0441, ""shares"": 7995100.0}, {""rank"": 6, ""name"": ""浅野史彦"", ""ratio"": 0.0386, ""shares"": 7000000.0}, {""rank"": 7, ""name"": ""株式会社日本カストディ銀行（信託口）"", ""ratio"": 0.0308, ""shares"": 5575600.0}, {""rank"": 8, ""name"": ""公手真之"", ""ratio"": 0.0123, ""shares"": 2230200.0}, {""rank"": 9, ""name"": ""ラクス従業員持株会"", ""ratio"": 0.0115, ""shares"": 2075700.0}, {""rank"": 10, ""name"": ""小川典嗣"", ""ratio"": 0.0111, ""shares"": 2020000.0}]","[{""name"": ""中村 崇則"", ""title"": ""代表取締役 社長"", ""shares"": 61021800.0}, {""name"": ""本松 慎一郎"", ""title"": ""取締役"", ""shares"": 8814300.0}, {""name"": ""宮内 貴宏"", ""title"": ""取締役 経営管理本部長"", ""shares"": 52700.0}, {""name"": ""荻田 健治"", ""title"": ""取締役"", ""shares"": 64000.0}, {""name"": ""國本 行彦"", ""title"": ""取締役"", ""shares"": null}, {""name"": ""斉藤 鈴華"", ""title"": ""取締役"", ""shares"": null}, {""name"": ""野島 俊宏"", ""title"": ""常勤監査役"", ""shares"": 1500000.0}, {""name"": ""松岡 宏治"", ""title"": ""監査役"", ""shares"": 506000.0}, {""name"": ""阿部 夏朗"", ""title"": ""監査役"", ""shares"": 64000.0}]",,2021-06-01,2026-06-01,0.3406771950347695,0.3281787774492219,0.4018029855104201,0.2732764007498438,0.3352039462525966,True,True,True,0.2084083101586782,True,2015-12-01,2015-12-01,EDINET_company_history,False,True,True,3,3,3,365/365/365/366/365,OK,181173800.0,2026-06-01,1039.0,2854616212.4676514,1222.0,0.5256057898014755,-0.7311714421144684,True,,0.0742604337299149,1374,Transformation Moat,188239578200.0,3.8491652666448553,ローカル5年最大下落率-60%以下
40,20260430,5139,5139.T,OpenWork Inc.,Growth Market(Domestic),5250,Information & Communication,10,"IT & SERVICES, OTHERS",-,,False,S100XTDI,オープンワーク株式会社,2026-03-24 16:10,2025-01-01,2025-12-31,OperatingRevenue1SummaryOfBusinessResults,nonconsolidated,1535917000.0,2037087000.0,2922428000.0,3542027000.0,4653739000.0,2021-01-01,2022-01-01,2023-01-01,2024-01-01,2025-01-01,2021-12-31,2022-12-31,2023-12-31,2024-12-31,2025-12-31,OperatingIncome,nonconsolidated,1199337000.0,CurrentYearDuration_NonConsolidatedMember,株式会社リンクアンドモチベーション,0.527,10920000.0,False,大澤 陽樹（代表取締役社長）,大澤 陽樹,False,,2022-12-01,2022年12月: 東京証券取引所グロース市場に株式を上場。,"[{""rank"": 1, ""name"": ""株式会社リンクアンドモチベーション"", ""ratio"": 0.527, ""shares"": 10920000.0}, {""rank"": 2, ""name"": ""増井 慎二郎"", ""ratio"": 0.179, ""shares"": 3708900.0}, {""rank"": 3, ""name"": ""株式会社日本カストディ銀行（信託口）"", ""ratio"": 0.0459, ""shares"": 951000.0}, {""rank"": 4, ""name"": ""日本マスタートラスト信託銀行株式会社（信託口）"", ""ratio"": 0.0236, ""shares"": 490000.0}, {""rank"": 5, ""name"": ""小倉 基弘"", ""ratio"": 0.0193, ""shares"": 400400.0}, {""rank"": 6, ""name"": ""川島 浩治"", ""ratio"": 0.0172, ""shares"": 356500.0}, {""rank"": 7, ""name"": ""INTERACTIVE BROKERS LLC （常任代理人 インタラクティブ・ブローカーズ証券株式会社）"", ""ratio"": 0.0123, ""shares"": 256200.0}, {""rank"": 8, ""name"": ""小澤 博之"", ""ratio"": 0.0096, ""shares"": 200000.0}, {""rank"": 9, ""name"": ""THE BANK OF NEW YORK MELLON 140040 （常任代理人 株式会社みずほ銀行）"", ""ratio"": 0.0085, ""shares"": 176118.0}, {""rank"": 10, ""name"": ""BBH LUX／BROWN BROTHERS HARRIMAN （LUXEMBOURG） SCA CUSTODIAN FOR SMD-AM FUNDS - DSBI JAPAN EQUITY SMALL CAP ABSOLUTE VALUE （常任代理人 株式会社三井住友銀行）"", ""ratio"": 0.0082, ""shares"": 171700.0}]","[{""name"": ""大澤 陽樹"", ""title"": ""代表取締役社長"", ""shares"": 30092.0}, {""name"": ""池内 駿介"", ""title"": ""取締役兼執行役員"", ""shares"": 47328.0}, {""name"": ""若月 貴子"", ""title"": ""取締役"", ""shares"": null}, {""name"": ""小野塚 浩二"", ""title"": ""取締役"", ""shares"": null}, {""name"": ""髙橋 由紀子"", ""title"": ""常勤監査役"", ""shares"": null}, {""name"": ""平林 健吾"", ""title"": ""監査役"", ""shares"": null}, {""name"": ""大野 俊一"", ""title"": ""監査役"", ""shares"": null}]",,2022-12-16,2026-06-01,0.3263001841896404,0.4346112856250126,0.2120151463098492,0.3138632201279099,0.3193455872462989,True,True,True,0.2577147106874708,True,2022-12-01,2022-12-16,local_price_first_trade,True,False,False,3,3,3,365/365/365/366/365,OK,20718900.0,2026-06-01,915.0,33895580.0,843.0,0.5801347325399119,-0.7730337078651686,True,,-0.0426958202272019,2213,Core Moat,18957793500.0,4.07366925820292,ローカル5年最大下落率-60%以下
41,20260430,5582,5582.T,GRID Inc.,Growth Market(Domestic),5250,Information & Communication,10,"IT & SERVICES, OTHERS",-,,False,S100WQ2M,株式会社グリッド,2025-09-25 16:38,2024-07-01,2025-06-30,NetSalesSummaryOfBusinessResults,nonconsolidated,706857000.0,910399000.0,1353869000.0,1652097000.0,2063415000.0,2020-07-01,2021-07-01,2022-07-01,2023-07-01,2024-07-01,2021-06-30,2022-06-30,2023-06-30,2024-06-30,2025-06-30,OperatingIncome,nonconsolidated,428297000.0,CurrentYearDuration_NonConsolidatedMember,株式会社We(注)２,0.549,2608000.0,False,曽我部 完（代表取締役社長）,曽我部 完,False,,2023-07-01,2023年７月: 東京証券取引所グロース市場に株式を上場,"[{""rank"": 1, ""name"": ""株式会社We(注)２"", ""ratio"": 0.549, ""shares"": 2608000.0}, {""rank"": 2, ""name"": ""株式会社日本カストディ銀行(信託口)"", ""ratio"": 0.1243, ""shares"": 590500.0}, {""rank"": 3, ""name"": ""日本マスタートラスト信託銀行株式会社(信託口)"", ""ratio"": 0.0555, ""shares"": 263500.0}, {""rank"": 4, ""name"": ""三井物産株式会社(常任代理人 日本カストディ銀行)"", ""ratio"": 0.0277, ""shares"": 131500.0}, {""rank"": 5, ""name"": ""伊藤忠商事株式会社"", ""ratio"": 0.0215, ""shares"": 102000.0}, {""rank"": 6, ""name"": ""丸紅株式会社"", ""ratio"": 0.0215, ""shares"": 102000.0}, {""rank"": 7, ""name"": ""野村信託銀行株式会社(投信口)"", ""ratio"": 0.0118, ""shares"": 56000.0}, {""rank"": 8, ""name"": ""株式会社SBI証券"", ""ratio"": 0.0068, ""shares"": 32231.0}, {""rank"": 9, ""name"": ""松本 光雄"", ""ratio"": 0.0032, ""shares"": 15000.0}, {""rank"": 10, ""name"": ""株式会社北総フォレスト"", ""ratio"": 0.0029, ""shares"": 14000.0}]","[{""name"": ""曽我部 完"", ""title"": ""代表取締役社長"", ""shares"": 2608000.0}, {""name"": ""照井 一由"", ""title"": ""取締役執行役員"", ""shares"": 7770.0}, {""name"": ""中村 秀樹"", ""title"": ""取締役執行役員"", ""shares"": null}, {""name"": ""曽我部 東馬"", ""title"": ""取締役"", ""shares"": 3000.0}, {""name"": ""田中 謙司"", ""title"": ""取締役"", ""shares"": null}, {""name"": ""竹内 純子（戸籍名：小林 純子）"", ""title"": ""取締役"", ""shares"": null}, {""name"": ""野島 一十"", ""title"": ""監査役（常勤）"", ""shares"": null}, {""name"": ""宮﨑 貴之"", ""title"": ""監査役"", ""shares"": null}, {""name"": ""工藤 洋治"", ""title"": ""監査役"", ""shares"": null}]",,2023-07-10,2026-06-01,0.2879535747683053,0.487116088660027,0.220278328257756,0.2489672216582925,0.3071148691974379,True,True,True,0.207567067216241,True,2023-07-01,2023-07-10,local_price_first_trade,True,False,False,3,3,3,365/365/365/366/365,OK,4750426.0,2026-06-01,2024.0,70323931.66666667,705.0,0.6699744572821957,-0.7549632352941177,True,,-0.1150681771842734,2688,Transformation Moat,9614862224.0,4.659684175989804,年率ボラティリティ60%以上 / ローカル5年最大下落率-60%以下
42,20260430,4890,4890.T,Tsubota Laboratory Incorporated,Growth Market(Domestic),3250,Pharmaceutical,5,PHARMACEUTICAL,-,,False,S100W7HJ,株式会社坪田ラボ,2025-06-26 16:01,2024-04-01,2025-03-31,NetSalesSummaryOfBusinessResults,nonconsolidated,687502000.0,640921000.0,954693000.0,673532000.0,1357133000.0,2020-04-01,2021-04-01,2022-04-01,2023-04-01,2024-04-01,2021-03-31,2022-03-31,2023-03-31,2024-03-31,2025-03-31,OperatingIncome,nonconsolidated,235467000.0,CurrentYearDuration_NonConsolidatedMember,坪田 一男,0.47,12049700.0,True,つぼた かずお坪田 一男（代表取締役社長）,つぼた かずお坪田 一男,True,つぼた かずお坪田 一男,2022-06-01,2022年６月: 東京証券取引所グロース市場に株式を上場,"[{""rank"": 1, ""name"": ""坪田 一男"", ""ratio"": 0.47, ""shares"": 12049700.0}, {""rank"": 2, ""name"": ""株式会社坪田"", ""ratio"": 0.1248, ""shares"": 3200000.0}, {""rank"": 3, ""name"": ""大高 功"", ""ratio"": 0.0718, ""shares"": 1840000.0}, {""rank"": 4, ""name"": ""ロート製薬株式会社"", ""ratio"": 0.025, ""shares"": 640000.0}, {""rank"": 5, ""name"": ""竹村 敬司"", ""ratio"": 0.0159, ""shares"": 406600.0}, {""rank"": 6, ""name"": ""大和証券株式会社"", ""ratio"": 0.0101, ""shares"": 258500.0}, {""rank"": 7, ""name"": ""合同会社マーズ"", ""ratio"": 0.0098, ""shares"": 250000.0}, {""rank"": 8, ""name"": ""株式会社ジンズホールディングス"", ""ratio"": 0.0086, ""shares"": 220000.0}, {""rank"": 9, ""name"": ""原 裕"", ""ratio"": 0.0086, ""shares"": 219800.0}, {""rank"": 10, ""name"": ""楽天証券株式会社"", ""ratio"": 0.0078, ""shares"": 199900.0}]","[{""name"": ""つぼた かずお坪田 一男"", ""title"": ""代表取締役社長"", ""shares"": 15249700.0}, {""name"": ""くぼた えり久保田 恵里"", ""title"": ""取締役 事業開発本部長"", ""shares"": 70000.0}, {""name"": ""もりしま けんじ森島 健司"", ""title"": ""取締役 研究開発本部長"", ""shares"": null}, {""name"": ""こいずみ しんいち小泉 信一"", ""title"": ""社外取締役"", ""shares"": null}, {""name"": ""ますだ たけし増田 猛"", ""title"": ""社外監査役(常勤)"", ""shares"": null}, {""name"": ""つつみ やすゆき堤 康之"", ""title"": ""社外監査役(非常勤)"", ""shares"": null}, {""name"": ""むらた しんいち村田 真一"", ""title"": ""社外監査役(非常勤)"", ""shares"": null}]",,2022-06-23,2026-06-01,-0.0677539847156808,0.4895642364659607,-0.2945040971286057,1.0149495495388487,0.1853240909660469,True,False,False,0.1735032601815739,True,2022-06-01,2022-06-23,local_price_first_trade,True,True,True,3,3,3,365/365/365/366/365,OK,25639300.0,2026-06-01,249.0,262706766.66666663,962.0,0.6273532997185414,-0.819672131147541,False,repeated_negative_operating_cf,-0.4600124117277768,3467,Transformation Moat,6384185700.0,4.704170998715675,既存適格性フィルター不通過: repeated_negative_operating_cf / 年率ボラティリティ60%以上 / ローカル5年最大下落率-60%以下
43,20260430,7133,7133.T,"HYUGA PRIMARY CARE Co.,Ltd.",Growth Market(Domestic),6100,Retail Trade,14,RETAIL TRADE,-,,False,S100W4IH,ＨＹＵＧＡ　ＰＲＩＭＡＲＹ　ＣＡＲＥ株式会社,2025-06-26 15:30,2024-04-01,2025-03-31,NetSalesSummaryOfBusinessResults,nonconsolidated,5086031000.0,5782604000.0,6657448000.0,8284953000.0,9981199000.0,2020-04-01,2021-04-01,2022-04-01,2023-04-01,2024-04-01,2021-03-31,2022-03-31,2023-03-31,2024-03-31,2025-03-31,OperatingIncome,nonconsolidated,1041632000.0,CurrentYearDuration_NonConsolidatedMember,黒木 哲史,0.1903,1357000.0,True,黒木 哲史（代表取締役社長）,黒木 哲史,True,黒木 哲史,2021-12-01,2021年12月: 東京証券取引所マザーズ市場に株式を上場,"[{""rank"": 1, ""name"": ""黒木 哲史"", ""ratio"": 0.1903, ""shares"": 1357000.0}, {""rank"": 2, ""name"": ""一般社団法人Hyuga"", ""ratio"": 0.1262, ""shares"": 900000.0}, {""rank"": 3, ""name"": ""株式会社シーユーシー"", ""ratio"": 0.1178, ""shares"": 840000.0}, {""rank"": 4, ""name"": ""エムスリー株式会社"", ""ratio"": 0.0981, ""shares"": 699000.0}, {""rank"": 5, ""name"": ""エムスリーキャリア株式会社"", ""ratio"": 0.0701, ""shares"": 500000.0}, {""rank"": 6, ""name"": ""株式会社日本カストディ銀行"", ""ratio"": 0.0584, ""shares"": 416000.0}, {""rank"": 7, ""name"": ""日本マスタートラスト信託銀行株式会社"", ""ratio"": 0.0384, ""shares"": 274000.0}, {""rank"": 8, ""name"": ""山﨑 武夫"", ""ratio"": 0.0302, ""shares"": 216000.0}, {""rank"": 9, ""name"": ""城尾 浩平"", ""ratio"": 0.0276, ""shares"": 197000.0}, {""rank"": 10, ""name"": ""別府 鵬飛"", ""ratio"": 0.0221, ""shares"": 158000.0}]","[{""name"": ""黒木 哲史"", ""title"": ""代表取締役社長"", ""shares"": 2257200.0}, {""name"": ""山﨑 武夫"", ""title"": ""取締役"", ""shares"": 216000.0}, {""name"": ""大西 智明"", ""title"": ""取締役"", ""shares"": 18000.0}, {""name"": ""城尾 浩平"", ""title"": ""取締役"", ""shares"": 197400.0}, {""name"": ""小川 真二郎"", ""title"": ""取締役(注)１"", ""shares"": null}, {""name"": ""佐伯 恭子"", ""title"": ""取締役(注)１"", ""shares"": null}, {""name"": ""南谷 洋至"", ""title"": ""常勤監査役(注)２"", ""shares"": null}, {""name"": ""熊本 宣晴"", ""title"": ""監査役(注)２"", ""shares"": null}, {""name"": ""飯塚 貴司"", ""title"": ""監査役(注)２"", ""shares"": null}]",,2021-12-20,2026-06-01,0.1369580720211889,0.1512889348812403,0.2444637945350831,0.2047381560281633,0.1835890207013826,True,False,False,0.1043594061194451,True,2021-12-01,2021-12-20,local_price_first_trade,True,True,True,3,3,3,365/365/365/366/365,OK,7130100.0,2026-06-01,977.0,13435166.666666666,1085.0,0.5866361074051172,-0.786958866574582,False,low_liquidity,-0.3440395626535038,3356,Transformation Moat,6966107700.0,0.6979229349099242,"既存適格性フィルター不通過: low_liquidity / 60日平均売買代金2,000万円未満 / ローカル5年最大下落率-60%以下"
44,20260430,4811,4811.T,DreamArts Corporation,Growth Market(Domestic),5250,Information & Communication,10,"IT & SERVICES, OTHERS",-,,False,S100XUWD,株式会社ドリーム・アーツ,2026-03-27 15:30,2025-01-01,2025-12-31,NetSalesSummaryOfBusinessResults,consolidated,2938859000.0,3670307000.0,4440056000.0,5033855000.0,5654084000.0,2021-01-01,2022-01-01,2023-01-01,2024-01-01,2025-01-01,2021-12-31,2022-12-31,2023-12-31,2024-12-31,2025-12-31,OperatingIncome,consolidated,974657000.0,CurrentYearDuration,山本孝昭,0.1672,661000.0,True,山本 孝昭（代表取締役社長） / 吉村 厚司（取締役常務執行役員社長室長（人事、知的財産権、社長秘書業務管掌））,山本 孝昭 / 吉村 厚司,True,山本 孝昭,2023-10-01,2023年10月: 東京証券取引所グロース市場に株式を上場,"[{""rank"": 1, ""name"": ""山本孝昭"", ""ratio"": 0.1672, ""shares"": 661000.0}, {""rank"": 2, ""name"": ""芸夢YAMAMOTO株式会社"", ""ratio"": 0.1642, ""shares"": 649400.0}, {""rank"": 3, ""name"": ""芸夢前川株式会社"", ""ratio"": 0.0707, ""shares"": 279400.0}, {""rank"": 4, ""name"": ""株式会社日本カストディ銀行(信託口)"", ""ratio"": 0.0619, ""shares"": 244600.0}, {""rank"": 5, ""name"": ""牧山公彦"", ""ratio"": 0.0512, ""shares"": 202400.0}, {""rank"": 6, ""name"": ""JP MORGAN CHASE BANK 380802"", ""ratio"": 0.0505, ""shares"": 199800.0}, {""rank"": 7, ""name"": ""金井正義"", ""ratio"": 0.0475, ""shares"": 188000.0}, {""rank"": 8, ""name"": ""前川賢治"", ""ratio"": 0.0469, ""shares"": 185400.0}, {""rank"": 9, ""name"": ""株式会社ブイ・シー・エヌ"", ""ratio"": 0.0379, ""shares"": 150000.0}, {""rank"": 10, ""name"": ""INTERACTIVE BROKERS LLC"", ""ratio"": 0.0377, ""shares"": 149100.0}]","[{""name"": ""山本 孝昭"", ""title"": ""代表取締役社長"", ""shares"": 3931200.0}, {""name"": ""牧山 公彦"", ""title"": ""取締役専務執行役員経営管理本部長"", ""shares"": 607200.0}, {""name"": ""吉村 厚司"", ""title"": ""取締役常務執行役員社長室長（人事、知的財産権、社長秘書業務管掌）"", ""shares"": 126000.0}, {""name"": ""前川 賢治"", ""title"": ""取締役執行役員ＣＷＯ（注）10（プロモーション＆ブランディング本部、CTサービス本部管掌）"", ""shares"": 1394400.0}, {""name"": ""石田 健亮"", ""title"": ""取締役執行役員ＣＴＯ（最高技術責任者）/サービス＆プロダクト開発本部長"", ""shares"": 126000.0}, {""name"": ""遠藤 功"", ""title"": ""取締役"", ""shares"": 24000.0}, {""name"": ""金山 藍子"", ""title"": ""取締役"", ""shares"": 9000.0}, {""name"": ""宮入 正幸"", ""title"": ""常勤監査役"", ""shares"": 6000.0}, {""name"": ""金井 正義"", ""title"": ""監査役"", ""shares"": 564000.0}, {""name"": ""岡部 真弓"", ""title"": ""監査役"", ""shares"": null}]",,2023-10-27,2026-06-01,0.2488884291488635,0.2097233283210369,0.1337368267427257,0.123211534698556,0.1777303761171491,True,False,False,0.1723810611939971,True,2023-10-01,2023-10-27,local_price_first_trade,True,True,True,3,3,3,365/365/365/366/365,OK,3954100.0,2026-06-01,763.0,17756260.0,630.0,0.5716940841832613,-0.5758354346295889,False,low_liquidity,0.0019340165584286,1854,Discovery,3016978300.0,0.5335927623289644,"既存適格性フィルター不通過: low_liquidity / 60日平均売買代金2,000万円未満"
45,20260430,9242,9242.T,"Media Research Institute,Inc.",Growth Market(Domestic),9050,Services,10,"IT & SERVICES, OTHERS",-,,False,S100WW8R,メディア総研株式会社,2025-10-22 09:03,2024-08-01,2025-07-31,NetSalesSummaryOfBusinessResults,nonconsolidated,671338000.0,776148000.0,955109000.0,1111200000.0,1279877000.0,2020-08-01,2021-08-01,2022-08-01,2023-08-01,2024-08-01,2021-07-31,2022-07-31,2023-07-31,2024-07-31,2025-07-31,OperatingIncome,nonconsolidated,297017000.0,CurrentYearDuration_NonConsolidatedMember,田中 浩二,0.6249,770000.0,True,田中 浩二（代表取締役社長） / 野本 正生（取締役副社長 システム部担当 兼企画制作部長）,田中 浩二 / 野本 正生,True,田中 浩二,2021-09-01,2021年９月: 東京証券取引所マザーズ市場(現 東京証券取引所グロース市場)及び福岡証券取引所Q-Boardに株式を上場,"[{""rank"": 1, ""name"": ""田中 浩二"", ""ratio"": 0.6249, ""shares"": 770000.0}, {""rank"": 2, ""name"": ""株式会社日本カストディ銀行(信託口)"", ""ratio"": 0.0362, ""shares"": 44000.0}, {""rank"": 3, ""name"": ""新潟 真也"", ""ratio"": 0.0214, ""shares"": 26000.0}, {""rank"": 4, ""name"": ""今野 治"", ""ratio"": 0.0175, ""shares"": 21000.0}, {""rank"": 5, ""name"": ""株式会社DYM"", ""ratio"": 0.0175, ""shares"": 21000.0}, {""rank"": 6, ""name"": ""野本 正生"", ""ratio"": 0.0162, ""shares"": 20000.0}, {""rank"": 7, ""name"": ""株式会社RR・DD"", ""ratio"": 0.0139, ""shares"": 17000.0}, {""rank"": 8, ""name"": ""谷口 陽子"", ""ratio"": 0.0106, ""shares"": 13000.0}, {""rank"": 9, ""name"": ""田中 俊隆"", ""ratio"": 0.0083, ""shares"": 10000.0}, {""rank"": 10, ""name"": ""吉行 亮二"", ""ratio"": 0.0081, ""shares"": 10000.0}]","[{""name"": ""田中 浩二"", ""title"": ""代表取締役社長"", ""shares"": 770000.0}, {""name"": ""野本 正生"", ""title"": ""取締役副社長 システム部担当 兼企画制作部長"", ""shares"": 20000.0}, {""name"": ""谷口 陽子"", ""title"": ""取締役 管理部担当"", ""shares"": 13000.0}, {""name"": ""柿沼 直樹"", ""title"": ""取締役 営業担当"", ""shares"": null}, {""name"": ""吉行 亮二"", ""title"": ""取締役"", ""shares"": 10000.0}, {""name"": ""門司 明子"", ""title"": ""常勤監査役"", ""shares"": 5000.0}, {""name"": ""吉居 大希"", ""title"": ""監査役"", ""shares"": 5000.0}, {""name"": ""桝本 美穂"", ""title"": ""監査役"", ""shares"": null}]",,2021-09-02,2026-06-01,0.1561210597344406,0.2305758695506528,0.1634274203258476,0.1517971562275017,0.1750510937048843,True,False,False,0.2320668314220819,True,2021-09-01,2021-09-02,local_price_first_trade,True,True,True,3,3,3,365/365/365/366/365,OK,1232300.0,2026-06-01,1857.0,4467901.666666667,1158.0,0.5691753147430658,-0.7567164121143861,False,low_liquidity,0.0808091578416282,1344,Discovery,2288381100.0,1.787969547073664,"既存適格性フィルター不通過: low_liquidity / 60日平均売買代金2,000万円未満 / ローカル5年最大下落率-60%以下"
46,20260430,9245,9245.T,Livero Inc.,Growth Market(Domestic),9050,Services,10,"IT & SERVICES, OTHERS",-,,False,S100XS3W,株式会社リベロ,2026-03-23 11:54,2025-01-01,2025-12-31,NetSalesSummaryOfBusinessResults,consolidated,2376765000.0,2555046000.0,2900886000.0,3586529000.0,4364484000.0,2021-01-01,2022-01-01,2023-01-01,2024-01-01,2025-01-01,2021-12-31,2022-12-31,2023-12-31,2024-12-31,2025-12-31,OperatingIncome,consolidated,760303000.0,CurrentYearDuration,鹿島 秀俊,0.3606,1913100.0,True,鹿島 秀俊（代表取締役 社長）,鹿島 秀俊,True,鹿島 秀俊,2009-05-01,2009年５月 ８月 2010年８月 2011年１月 2012年１月 2014年２月 2015年５月 2016年２月 ９月 2018年２月 2019年７月 ９月 11月 2020年１月 ９月 2021年９月 2022年４月 11月 2023年６月 ７月 2024年３月 ５月 ７月 ９月 11月 2025年９月 10月: 株式会社インクストゥエンターの子会社として、東京都世田谷区に設立(資本金9百万円) 株式会社インクストゥエンターより移転者サポート事業の事業譲渡 プライバシーマーク(登録番号:10862073(08))取得 親会社である株式会社インクストゥエンターから当社前代表取締役杉本真吾、専務取締役鹿島秀俊(現 代表取締役社長)及び常務取締役横川尚佳への株式譲渡により独立 「転勤ラクっとNAVI」サービスを開始 渋谷オフィスを東京都渋谷区に増設 「引越しラクっとNAVI」サービスを開始 本社を東京都渋谷区に移転 大阪オフィスを大阪府大阪市北区に開設 東京都渋谷区に100%子会社として株式会社リベロビジネスサポートを設立(資本金100百万円) 引越しプラットフォーム「HAKOPLA(,"[{""rank"": 1, ""name"": ""鹿島 秀俊"", ""ratio"": 0.3606, ""shares"": 1913100.0}, {""rank"": 2, ""name"": ""横川 尚佳"", ""ratio"": 0.2584, ""shares"": 1371000.0}, {""rank"": 3, ""name"": ""株式会社ベネフィット・ワン"", ""ratio"": 0.0858, ""shares"": 455000.0}, {""rank"": 4, ""name"": ""ＭＳＩＰ ＣＬＩＥＮＴ ＳＥＣＵＲＩＴＩＥＳ （常任代理人 モルガン・スタンレーＭＵＦＧ証券株式会社）"", ""ratio"": 0.0441, ""shares"": 234300.0}, {""rank"": 5, ""name"": ""株式会社日本カストディ銀行（信託口）"", ""ratio"": 0.0176, ""shares"": 93500.0}, {""rank"": 6, ""name"": ""株式会社ラストワンマイル"", ""ratio"": 0.0136, ""shares"": 72000.0}, {""rank"": 7, ""name"": ""リベロ取引先持株会"", ""ratio"": 0.0133, ""shares"": 70731.0}, {""rank"": 8, ""name"": ""株式会社ＨＩＴＥＮ"", ""ratio"": 0.0132, ""shares"": 70000.0}, {""rank"": 9, ""name"": ""李 秀礼"", ""ratio"": 0.0121, ""shares"": 64000.0}, {""rank"": 10, ""name"": ""ＧＯＬＤＭＡＮ ＳＡＣＨＳ ＩＮＴＥＲＮＡＴＩＯＮＡＬ （常任代理人 ゴールドマン・サックス証券株式会社"", ""ratio"": 0.0065, ""shares"": 34690.0}]","[{""name"": ""鹿島 秀俊"", ""title"": ""代表取締役 社長"", ""shares"": 1913100.0}, {""name"": ""中村 和彦"", ""title"": ""専務取締役"", ""shares"": 7100.0}, {""name"": ""横川 尚佳"", ""title"": ""常務取締役 管理本部長"", ""shares"": 1371000.0}, {""name"": ""楠 武史"", ""title"": ""取締役 事業本部長"", ""shares"": 3700.0}, {""name"": ""岡本 泰彦"", ""title"": ""取締役"", ""shares"": 25000.0}, {""name"": ""岩垂 武登"", ""title"": ""常勤監査役"", ""shares"": 2200.0}, {""name"": ""土谷 環"", ""title"": ""監査役"", ""shares"": 4350.0}, {""name"": ""山本 有未"", ""title"": ""監査役"", ""shares"": null}]",,2021-09-28,2026-06-01,0.0750099399814454,0.135355684398637,0.2363564097313717,0.2169102773182651,0.1640902870173979,True,False,False,0.1742022653766172,True,2009-05-01,2021-09-28,local_price_first_trade,True,True,True,3,3,3,365/365/365/366/365,OK,5305500.0,2026-06-01,1984.0,6994491.666666667,1142.0,0.6296565458635826,-0.7839116665414001,False,low_liquidity,-0.0973495143741909,2588,Transformation Moat,10526112000.0,2.411765514548799,"既存適格性フィルター不通過: low_liquidity / 60日平均売買代金2,000万円未満 / 年率ボラティリティ60%以上 / ローカル5年最大下落率-60%以下"
47,20260430,7110,7110.T,Kurashicom Inc.,Growth Market(Domestic),6100,Retail Trade,14,RETAIL TRADE,-,,False,S100WWW2,株式会社クラシコム,2025-10-28 15:44,2024-08-01,2025-07-31,NetSalesSummaryOfBusinessResults,nonconsolidated,4532154000.0,5163136000.0,6060836000.0,6677448000.0,8269466000.0,2020-08-01,2021-08-01,2022-08-01,2023-08-01,2024-08-01,2021-07-31,2022-07-31,2023-07-31,2024-07-31,2025-07-31,OperatingIncome,nonconsolidated,1128910000.0,CurrentYearDuration_NonConsolidatedMember,青木 耕平,0.5491,4047000.0,True,青木 耕平（代表取締役社長） / 佐藤 友子（取締役副社長）,青木 耕平 / 佐藤 友子,True,青木 耕平,2022-08-01,2022年８月: 東京証券取引所グロース市場に株式を上場,"[{""rank"": 1, ""name"": ""青木 耕平"", ""ratio"": 0.5491, ""shares"": 4047000.0}, {""rank"": 2, ""name"": ""佐藤 友子"", ""ratio"": 0.1201, ""shares"": 885000.0}, {""rank"": 3, ""name"": ""株式会社日本カストディ銀行（信託口）"", ""ratio"": 0.0715, ""shares"": 527200.0}, {""rank"": 4, ""name"": ""GOLDMAN,SACHS & CO.REG （常任代理人 ゴールドマン・サックス証券株式会社）"", ""ratio"": 0.0425, ""shares"": 313600.0}, {""rank"": 5, ""name"": ""GOLDMAN SACHS INTERNATIONAL （常任代理人 ゴールドマン・サックス証券株式会社）"", ""ratio"": 0.0336, ""shares"": 247600.0}, {""rank"": 6, ""name"": ""NORTHERN TRUST CO.(AVFC)RE NON TREATY CLIENTS ACCOUNT （常任代理人 香港上海銀行東京支店 カストディ業務部）"", ""ratio"": 0.0205, ""shares"": 151200.0}, {""rank"": 7, ""name"": ""深井 大"", ""ratio"": 0.0095, ""shares"": 70000.0}, {""rank"": 8, ""name"": ""上田八木短資株式会社"", ""ratio"": 0.007, ""shares"": 51700.0}, {""rank"": 9, ""name"": ""清板 大亮"", ""ratio"": 0.0062, ""shares"": 45700.0}, {""rank"": 10, ""name"": ""BNY GCM CLIENT ACCOUNT JPRD AC ISG （FE-AC） （常任代理人 株式会社三菱UFJ銀行）"", ""ratio"": 0.005, ""shares"": 36500.0}]","[{""name"": ""青木 耕平"", ""title"": ""代表取締役社長"", ""shares"": 4047000.0}, {""name"": ""佐藤 友子"", ""title"": ""取締役副社長"", ""shares"": 885000.0}, {""name"": ""山口 揚平"", ""title"": ""取締役CFO"", ""shares"": 2000.0}, {""name"": ""倉貫 義人"", ""title"": ""取締役CTO"", ""shares"": null}, {""name"": ""市川 祐子"", ""title"": ""取締役（監査等委員）"", ""shares"": 200.0}, {""name"": ""寺田 有美子"", ""title"": ""取締役（監査等委員）"", ""shares"": null}, {""name"": ""和田 洋一"", ""title"": ""取締役（監査等委員）"", ""shares"": 5500.0}]",,2022-08-05,2026-06-01,0.139223424446742,0.173867200089248,0.1017371200936636,0.2384171318144297,0.1622329983501436,True,False,False,0.136515465448434,True,2022-08-01,2022-08-05,local_price_first_trade,True,True,True,3,3,3,365/365/365/366/365,OK,7370400.0,2026-06-01,2010.0,18290430.0,932.0,0.3901265044610903,-0.449750155981977,False,low_liquidity,-0.0111451565404165,1957,Core Moat,14814504000.0,1.7914704528684198,"既存適格性フィルター不通過: low_liquidity / 60日平均売買代金2,000万円未満"
48,20260430,9343,9343.T,ibis inc.,Growth Market(Domestic),9050,Services,10,"IT & SERVICES, OTHERS",-,,False,S100XS2D,株式会社アイビス,2026-03-23 11:00,2025-01-01,2025-12-31,NetSalesSummaryOfBusinessResults,nonconsolidated,2744150000.0,3397886000.0,4086864000.0,4625427000.0,4886114000.0,2021-01-01,2022-01-01,2023-01-01,2024-01-01,2025-01-01,2021-12-31,2022-12-31,2023-12-31,2024-12-31,2025-12-31,OperatingIncome,nonconsolidated,1289139000.0,CurrentYearDuration_NonConsolidatedMember,神谷 栄治,0.4022,7406215.0,True,神谷 栄治（代表取締役社長）,神谷 栄治,True,神谷 栄治,2023-03-01,2023年３月: 東京証券取引所グロース市場に株式を上場,"[{""rank"": 1, ""name"": ""神谷 栄治"", ""ratio"": 0.4022, ""shares"": 7406215.0}, {""rank"": 2, ""name"": ""村上 和彦"", ""ratio"": 0.077, ""shares"": 1418400.0}, {""rank"": 3, ""name"": ""株式会社リオライト"", ""ratio"": 0.0543, ""shares"": 1000000.0}, {""rank"": 4, ""name"": ""畠山 敬多"", ""ratio"": 0.0496, ""shares"": 913500.0}, {""rank"": 5, ""name"": ""渡辺 秀行"", ""ratio"": 0.0469, ""shares"": 864300.0}, {""rank"": 6, ""name"": ""ＮＯＭＵＲＡ ＩＮＴＥＲＮＡＴＩＯＮＡＬ ＰＬＣ Ａ／Ｃ ＪＡＰＡＮ ＦＬＯＷ (常任代理人 野村證券株式会社)"", ""ratio"": 0.0403, ""shares"": 742914.0}, {""rank"": 7, ""name"": ""木下 圭一郎"", ""ratio"": 0.0277, ""shares"": 509600.0}, {""rank"": 8, ""name"": ""ＧＯＬＤＭＡＮ ＳＡＣＨＳ ＩＮＴＥＲＮＡＴＩＯＮＡＬ(常任代理人 ゴールドマン・サックス証券株式会社)"", ""ratio"": 0.0243, ""shares"": 448200.0}, {""rank"": 9, ""name"": ""中村 剛"", ""ratio"": 0.0224, ""shares"": 413000.0}, {""rank"": 10, ""name"": ""山下 良久"", ""ratio"": 0.0106, ""shares"": 195000.0}]","[{""name"": ""神谷 栄治"", ""title"": ""代表取締役社長"", ""shares"": 7406215.0}, {""name"": ""村上 和彦"", ""title"": ""常務取締役ソリューション事業部担当"", ""shares"": 1418400.0}, {""name"": ""丸山 拓也"", ""title"": ""取締役モバイル事業部担当"", ""shares"": 7545.0}, {""name"": ""安井 英和"", ""title"": ""取締役管理部門担当"", ""shares"": 29000.0}, {""name"": ""中山 靖之"", ""title"": ""取締役（常勤監査等委員）"", ""shares"": null}, {""name"": ""宮﨑 陽平"", ""title"": ""取締役（監査等委員）"", ""shares"": null}, {""name"": ""近藤 直生"", ""title"": ""取締役（監査等委員）"", ""shares"": null}]",,2023-03-24,2026-06-01,0.2382289597871836,0.2027666613888752,0.1317790364445696,0.0563595533990699,0.155151475345445,True,False,False,0.263837274365682,True,2023-03-01,2023-03-24,local_price_first_trade,True,True,True,3,3,3,365/365/365/366/365,OK,18415795.0,2026-06-01,785.0,48748116.666666664,778.0,0.6150399126838338,-0.5872000135472861,True,,0.0261504868506217,1679,Discovery,14456399075.0,2.958670034100719,年率ボラティリティ60%以上
49,20260430,9256,9256.T,"Succeed co.,ltd.",Growth Market(Domestic),9050,Services,10,"IT & SERVICES, OTHERS",-,,False,S100W78X,株式会社サクシード,2025-06-26 14:00,2024-04-01,2025-03-31,NetSalesSummaryOfBusinessResults,nonconsolidated,1991875000.0,2591171000.0,2939250000.0,3227997000.0,3469824000.0,2020-04-01,2021-04-01,2022-04-01,2023-04-01,2024-04-01,2021-03-31,2022-03-31,2023-03-31,2024-03-31,2025-03-31,OperatingIncome,nonconsolidated,380685000.0,CurrentYearDuration_NonConsolidatedMember,高木 毅,0.5868,2100000.0,True,高木 毅（代表取締役社長）,高木 毅,True,高木 毅,2021-12-01,2021年12月: 東京証券取引所マザーズに株式を上場,"[{""rank"": 1, ""name"": ""高木 毅"", ""ratio"": 0.5868, ""shares"": 2100000.0}, {""rank"": 2, ""name"": ""佐藤 幹雄"", ""ratio"": 0.0699, ""shares"": 250000.0}, {""rank"": 3, ""name"": ""光通信株式会社"", ""ratio"": 0.0608, ""shares"": 217000.0}, {""rank"": 4, ""name"": ""石川 修一"", ""ratio"": 0.0419, ""shares"": 150000.0}, {""rank"": 5, ""name"": ""前原 裕明"", ""ratio"": 0.0419, ""shares"": 150000.0}, {""rank"": 6, ""name"": ""佐藤 純"", ""ratio"": 0.014, ""shares"": 50000.0}, {""rank"": 7, ""name"": ""森 峰志"", ""ratio"": 0.014, ""shares"": 50000.0}, {""rank"": 8, ""name"": ""株式会社日本カストディ銀行"", ""ratio"": 0.0123, ""shares"": 43000.0}, {""rank"": 9, ""name"": ""東京短資株式会社"", ""ratio"": 0.0087, ""shares"": 31000.0}, {""rank"": 10, ""name"": ""株式会社クロノクリエイト"", ""ratio"": 0.0067, ""shares"": 24000.0}]","[{""name"": ""高木 毅"", ""title"": ""代表取締役社長"", ""shares"": 2100000.0}, {""name"": ""石川 修一"", ""title"": ""取締役個別指導教室事業部長"", ""shares"": 150000.0}, {""name"": ""前原 裕明"", ""title"": ""取締役家庭教師事業部長"", ""shares"": 150000.0}, {""name"": ""森 峰志"", ""title"": ""取締役福祉人材支援事業部長兼人事広報部長兼マーケティング部長"", ""shares"": 50000.0}, {""name"": ""泓田 翔平"", ""title"": ""取締役教育人材支援事業部長"", ""shares"": 5000.0}, {""name"": ""植田 庸平"", ""title"": ""取締役管理部長"", ""shares"": null}, {""name"": ""佐藤 純"", ""title"": ""取締役"", ""shares"": 50000.0}, {""name"": ""松島 茂樹"", ""title"": ""常勤監査役"", ""shares"": null}, {""name"": ""早川 淳一"", ""title"": ""監査役"", ""shares"": 3750.0}, {""name"": ""嵯峨谷 厳"", ""title"": ""監査役"", ""shares"": null}]",,2021-12-22,2026-06-01,0.3008702855349858,0.1343327013153512,0.0982383261035979,0.0749154971333616,0.1488447434073723,True,False,False,0.1097130574922532,True,2021-12-01,2021-12-22,local_price_first_trade,True,True,True,3,3,3,365/365/365/366/365,OK,3578700.0,2026-06-01,2758.0,40264046.666666664,1083.0,0.4509828925379164,-0.5802185697012651,True,,-0.0786062037189165,2470,Core Moat,9870054600.0,2.844540414729969,目立つ機械的警告なし（定性確認は別途必要）
50,20260430,4373,4373.T,"Simplex Holdings,Inc.",Prime Market (Domestic),5250,Information & Communication,10,"IT & SERVICES, OTHERS",6,TOPIX Small 1,False,S100VY57,シンプレクス・ホールディングス株式会社,2025-06-16 12:00,2024-04-01,2025-03-31,RevenueIFRSSummaryOfBusinessResults,consolidated,27532000000.0,30579000000.0,34946000000.0,40708000000.0,47394000000.0,2020-04-01,2021-04-01,2022-04-01,2023-04-01,2024-04-01,2021-03-31,2022-03-31,2023-03-31,2024-03-31,2025-03-31,OperatingProfitLossIFRS,consolidated,10804000000.0,CurrentYearDuration,金子 英樹,0.1242,7072812.0,True,金子 英樹（代表取締役社長CEO） / 助間 孝三（取締役副社長共同COO） / 早田 政孝（取締役副社長共同COO）,金子 英樹 / 助間 孝三 / 早田 政孝,True,金子 英樹,2002-02-01,2002年２月: JASDAQ市場に上場,"[{""rank"": 1, ""name"": ""金子 英樹"", ""ratio"": 0.1242, ""shares"": 7072812.0}, {""rank"": 2, ""name"": ""日本マスタートラスト信託銀行株式会社（信託口）"", ""ratio"": 0.1187, ""shares"": 6760900.0}, {""rank"": 3, ""name"": ""株式会社日本カストディ銀行（信託口）"", ""ratio"": 0.0611, ""shares"": 3481400.0}, {""rank"": 4, ""name"": ""ＳＢＩホールディングス株式会社"", ""ratio"": 0.0579, ""shares"": 3296200.0}, {""rank"": 5, ""name"": ""ＭＬＰＦＳ ＣＵＳＴＯＤＹ ＡＣＣＯＵＮＴ (注）１ （常任代理人 ＢＯＦＡ証券株式会社）"", ""ratio"": 0.0527, ""shares"": 3000000.0}, {""rank"": 6, ""name"": ""五十嵐 充 （常任代理人 ＳＭＢＣ日興証券株式会社）"", ""ratio"": 0.039, ""shares"": 2222800.0}, {""rank"": 7, ""name"": ""田中 健一"", ""ratio"": 0.0263, ""shares"": 1500000.0}, {""rank"": 8, ""name"": ""ＴＫ＆Ｃｏｍｐａｎｙ株式会社 (注）２"", ""ratio"": 0.0255, ""shares"": 1454544.0}, {""rank"": 9, ""name"": ""ＹＫ＆Ｃｏｍｐａｎｙ株式会社 (注）２"", ""ratio"": 0.0255, ""shares"": 1454544.0}, {""rank"": 10, ""name"": ""株式会社刈田・アンド・カンパニー"", ""ratio"": 0.023, ""shares"": 1310600.0}]","[{""name"": ""金子 英樹"", ""title"": ""代表取締役社長CEO"", ""shares"": 9981900.0}, {""name"": ""助間 孝三"", ""title"": ""取締役副社長共同COO"", ""shares"": 375000.0}, {""name"": ""早田 政孝"", ""title"": ""取締役副社長共同COO"", ""shares"": 277800.0}, {""name"": ""江野澤 慶亮"", ""title"": ""取締役CFO"", ""shares"": 100150.0}, {""name"": ""秋山 良三"", ""title"": ""取締役（監査等委員）"", ""shares"": 2300.0}, {""name"": ""小笠原 範之"", ""title"": ""取締役（監査等委員）"", ""shares"": null}, {""name"": ""杉田 庸子"", ""title"": ""取締役（監査等委員）"", ""shares"": null}, {""name"": ""高橋 麻理"", ""title"": ""取締役（監査等委員）"", ""shares"": null}, {""name"": ""浜西 泰人"", ""title"": ""取締役（監査等委員）"", ""shares"": null}, {""name"": ""廣田 直人"", ""title"": ""取締役（監査等委員）"", ""shares"": null}]",,2021-09-22,2026-06-01,0.1106712189452274,0.1428104254553779,0.1648829622846677,0.1642429006583472,0.145437509590286,True,False,False,0.2279613453179727,True,2002-02-01,2021-09-22,local_price_first_trade,True,True,True,3,3,3,365/365/365/366/365,OK,56949575.0,2026-06-01,1122.0,786991975.0,1145.0,0.4734219670196889,-0.5545180791124362,False,missing_financial_data,0.053413247694403,1494,Core Moat,63897423150.0,1.3482175623496646,既存適格性フィルター不通過: missing_financial_data
51,20260430,9554,9554.T,"AViC Co.,Ltd.",Growth Market(Domestic),9050,Services,10,"IT & SERVICES, OTHERS",-,,False,S100XC3I,株式会社ＡＶｉＣ,2025-12-22 10:55,2024-10-01,2025-09-30,NetSalesSummaryOfBusinessResults,nonconsolidated,1329789000.0,1245789000.0,1488596000.0,1700821000.0,2070575000.0,2020-10-01,2021-10-01,2022-10-01,2023-10-01,2024-10-01,2021-09-30,2022-09-30,2023-09-30,2024-09-30,2025-09-30,OperatingIncome,nonconsolidated,687148000.0,CurrentYearDuration_NonConsolidatedMember,市原創吾・ミダス投資事業有限責任組合,0.344,2176000.0,False,市原 創吾（代表取締役社長）,市原 創吾,True,市原 創吾,2022-06-01,2022年６月: 東京証券取引所グロース市場に株式を上場。,"[{""rank"": 1, ""name"": ""市原創吾・ミダス投資事業有限責任組合"", ""ratio"": 0.344, ""shares"": 2176000.0}, {""rank"": 2, ""name"": ""岩田匡平・ミダス投資事業有限責任組合"", ""ratio"": 0.223, ""shares"": 1411000.0}, {""rank"": 3, ""name"": ""株式会社日本カストディ銀行（信託口）"", ""ratio"": 0.1003, ""shares"": 634000.0}, {""rank"": 4, ""name"": ""吉村英毅・ミダスＡ投資事業有限責任組合"", ""ratio"": 0.0439, ""shares"": 278000.0}, {""rank"": 5, ""name"": ""日本マスタートラスト信託銀行株式会社（信託口）"", ""ratio"": 0.0208, ""shares"": 131000.0}, {""rank"": 6, ""name"": ""株式会社ＳＢＩ証券"", ""ratio"": 0.0151, ""shares"": 95000.0}, {""rank"": 7, ""name"": ""野村信託銀行株式会社（投信口）"", ""ratio"": 0.0151, ""shares"": 95000.0}, {""rank"": 8, ""name"": ""BNY GCM CLIENT ACCOUNT JPRD AC ISG (常任代理人 株式会社三菱UFJ銀行）"", ""ratio"": 0.0146, ""shares"": 92000.0}, {""rank"": 9, ""name"": ""山城 裕司"", ""ratio"": 0.0137, ""shares"": 86000.0}, {""rank"": 10, ""name"": ""笹野 誠"", ""ratio"": 0.0127, ""shares"": 80000.0}]","[{""name"": ""市原 創吾"", ""title"": ""代表取締役社長"", ""shares"": 2176620.0}, {""name"": ""笹野 誠"", ""title"": ""取締役CFO"", ""shares"": 80500.0}, {""name"": ""安生あづさ"", ""title"": ""取締役 （常勤監査等委員）"", ""shares"": 2700.0}, {""name"": ""山元 雄太"", ""title"": ""取締役 （監査等委員）"", ""shares"": 1800.0}, {""name"": ""長利 一心"", ""title"": ""取締役 （監査等委員）"", ""shares"": 0.0}]",,2022-06-30,2026-06-01,-0.0631679161130074,0.1949021864858335,0.1425672244181766,0.2173973628030228,0.117061431970546,True,False,False,0.3318633712857539,True,2022-06-01,2022-06-30,local_price_first_trade,True,True,True,3,3,3,365/365/365/366/365,OK,6327800.0,2026-06-01,1683.0,75050536.66666667,957.0,0.5665999100519077,-0.5838971583220569,True,,-0.0008141988326616,1872,Core Moat,10649687400.0,5.1433478140130156,目立つ機械的警告なし（定性確認は別途必要）
52,20260430,7131,7131.T,NOMURA CORPORATION,Standard Market(Domestic),6050,Wholesale Trade,13,COMMERCIAL & WHOLESALE TRADE,-,,False,S100XHE7,のむら産業株式会社,2026-01-26 14:00,2024-11-01,2025-10-31,NetSalesSummaryOfBusinessResults,consolidated,5068291000.0,5458958000.0,5972939000.0,6612904000.0,7111932000.0,2020-11-01,2021-11-01,2022-11-01,2023-11-01,2024-11-01,2021-10-31,2022-10-31,2023-10-31,2024-10-31,2025-10-31,OperatingIncome,consolidated,753445000.0,CurrentYearDuration,清川 悦男,0.1052,139000.0,True,清川 悦男（代表取締役社長）,清川 悦男,True,清川 悦男,2021-12-01,2021年12月: 東京証券取引所JASDAQ(スタンダード)に株式上場,"[{""rank"": 1, ""name"": ""清川 悦男"", ""ratio"": 0.1052, ""shares"": 139000.0}, {""rank"": 2, ""name"": ""株式会社サタケ"", ""ratio"": 0.0842, ""shares"": 111000.0}, {""rank"": 3, ""name"": ""シコー株式会社"", ""ratio"": 0.0527, ""shares"": 69000.0}, {""rank"": 4, ""name"": ""アルク産業株式会社"", ""ratio"": 0.0516, ""shares"": 68000.0}, {""rank"": 5, ""name"": ""のむら産業社員持株会"", ""ratio"": 0.0402, ""shares"": 53000.0}, {""rank"": 6, ""name"": ""光通信KK投資事業有限責任組合"", ""ratio"": 0.0348, ""shares"": 46000.0}, {""rank"": 7, ""name"": ""堀田 正仁"", ""ratio"": 0.0314, ""shares"": 41000.0}, {""rank"": 8, ""name"": ""株式会社Ｓ－Ｗｏｒｋｓ"", ""ratio"": 0.0307, ""shares"": 40000.0}, {""rank"": 9, ""name"": ""佐藤 友亮"", ""ratio"": 0.0253, ""shares"": 33000.0}, {""rank"": 10, ""name"": ""INTERACTIVE BROKERS LLC （常任代理人 インタラクティブ・ブローカーズ証券株式会社）"", ""ratio"": 0.0223, ""shares"": 29000.0}]","[{""name"": ""清川 悦男"", ""title"": ""代表取締役社長"", ""shares"": 139075.0}, {""name"": ""西澤 賢治"", ""title"": ""常務取締役"", ""shares"": 27350.0}, {""name"": ""松本 博"", ""title"": ""取締役"", ""shares"": 27500.0}, {""name"": ""松井 敏行"", ""title"": ""取締役"", ""shares"": 1250.0}, {""name"": ""堀田 正仁"", ""title"": ""常勤監査役"", ""shares"": 41500.0}, {""name"": ""堀 公人"", ""title"": ""監査役"", ""shares"": 1250.0}, {""name"": ""杉山 宏旨"", ""title"": ""監査役"", ""shares"": 5000.0}]",,2021-12-02,2026-06-01,0.0770806175099259,0.0941536828090636,0.1071440709506659,0.0754627618970424,0.0883824075826704,True,False,False,0.1059409735638642,True,2021-12-01,2021-12-02,local_price_first_trade,True,True,True,3,3,3,365/365/365/366/365,OK,1322275.0,2026-06-01,3630.0,28468383.333333332,1097.0,0.3914948448236761,-0.3773268641189939,True,,0.0564016913181034,1477,Discovery,4799858250.0,0.6749021573884565,目立つ機械的警告なし（定性確認は別途必要）
53,20260430,5533,5533.T,"Elitz Holdings Co.,Ltd.",Standard Market(Domestic),8050,Real Estate,17,REAL ESTATE,-,,False,S100XCQ3,株式会社エリッツホールディングス,2025-12-24 10:37,2024-10-01,2025-09-30,NetSalesSummaryOfBusinessResults,consolidated,4565649000.0,4864786000.0,5562617000.0,5835613000.0,6385724000.0,2020-10-01,2021-10-01,2022-10-01,2023-10-01,2024-10-01,2021-09-30,2022-09-30,2023-09-30,2024-09-30,2025-09-30,OperatingIncome,consolidated,1021983000.0,CurrentYearDuration,槙野常美,0.4305,1496309.0,True,槙野 常美（代表取締役社長）,槙野 常美,True,槙野 常美,2023-06-01,2023年６月: 東京証券取引所スタンダード市場に株式を上場,"[{""rank"": 1, ""name"": ""槙野常美"", ""ratio"": 0.4305, ""shares"": 1496309.0}, {""rank"": 2, ""name"": ""黒田富久子"", ""ratio"": 0.0841, ""shares"": 292600.0}, {""rank"": 3, ""name"": ""佐々木茂喜"", ""ratio"": 0.0784, ""shares"": 272600.0}, {""rank"": 4, ""name"": ""龍池法子"", ""ratio"": 0.0599, ""shares"": 208300.0}, {""rank"": 5, ""name"": ""平山 浩"", ""ratio"": 0.0454, ""shares"": 158000.0}, {""rank"": 6, ""name"": ""株式会社日本カストディ銀行（信託口）"", ""ratio"": 0.0454, ""shares"": 157800.0}, {""rank"": 7, ""name"": ""龍池 亮"", ""ratio"": 0.0319, ""shares"": 111200.0}, {""rank"": 8, ""name"": ""エリッツホールディングスグループ従業員持株会"", ""ratio"": 0.0315, ""shares"": 109669.0}, {""rank"": 9, ""name"": ""龍池美沙"", ""ratio"": 0.0294, ""shares"": 102300.0}, {""rank"": 10, ""name"": ""株式会社ハウズ"", ""ratio"": 0.0276, ""shares"": 95991.0}]","[{""name"": ""槙野 常美"", ""title"": ""代表取締役社長"", ""shares"": 1496309.0}, {""name"": ""平山 浩"", ""title"": ""専務取締役内務部長"", ""shares"": 158000.0}, {""name"": ""佐々木茂喜"", ""title"": ""常務取締役"", ""shares"": 272600.0}, {""name"": ""黒田富久子"", ""title"": ""取締役人材開発部長"", ""shares"": 292600.0}, {""name"": ""添田 訓嗣"", ""title"": ""取締役"", ""shares"": null}, {""name"": ""寺本 髙廣"", ""title"": ""取締役"", ""shares"": null}, {""name"": ""青山 豊"", ""title"": ""常勤監査役"", ""shares"": null}, {""name"": ""梅原 克彦"", ""title"": ""監査役"", ""shares"": null}, {""name"": ""置田 文夫"", ""title"": ""監査役"", ""shares"": null}]",,2023-06-27,2026-06-01,0.0655190532605549,0.1434453642976279,0.0490769003150854,0.0942679029606659,0.0874940908880803,True,False,False,0.1600418370728205,True,2023-06-01,2023-06-27,local_price_first_trade,True,True,True,3,3,3,365/365/365/366/365,OK,3475600.0,2026-06-01,1902.0,1433833.3333333333,714.0,0.4466348138790982,-0.6533201343002828,False,low_liquidity,-0.1719196677597949,2930,Core Moat,6610591200.0,1.0352140493388065,"既存適格性フィルター不通過: low_liquidity / 60日平均売買代金2,000万円未満 / ローカル5年最大下落率-60%以下"
54,20260430,2993,2993.T,Choei Inc.,Standard Market(Domestic),8050,Real Estate,17,REAL ESTATE,-,,False,S100VZPZ,株式会社長栄,2025-06-20 15:30,2024-04-01,2025-03-31,NetSalesSummaryOfBusinessResults,nonconsolidated,8031258000.0,8475491000.0,9162387000.0,9368596000.0,10018008000.0,2020-04-01,2021-04-01,2022-04-01,2023-04-01,2024-04-01,2021-03-31,2022-03-31,2023-03-31,2024-03-31,2025-03-31,OperatingIncome,nonconsolidated,1800825000.0,CurrentYearDuration_NonConsolidatedMember,長田 修,0.3492,1541000.0,True,長田 修（代表取締役 社長執行役員）,長田 修,True,長田 修,2021-12-01,2021年12月: 東京証券取引所市場第二部に株式を上場,"[{""rank"": 1, ""name"": ""長田 修"", ""ratio"": 0.3492, ""shares"": 1541000.0}, {""rank"": 2, ""name"": ""長田 久美子"", ""ratio"": 0.1699, ""shares"": 750000.0}, {""rank"": 3, ""name"": ""ＯＳＡフィールド株式会社"", ""ratio"": 0.0827, ""shares"": 365000.0}, {""rank"": 4, ""name"": ""長田 栄臣"", ""ratio"": 0.0208, ""shares"": 92000.0}, {""rank"": 5, ""name"": ""浅原 正和"", ""ratio"": 0.0144, ""shares"": 63000.0}, {""rank"": 6, ""name"": ""株式会社グッドアット"", ""ratio"": 0.0129, ""shares"": 57000.0}, {""rank"": 7, ""name"": ""山本 光伸"", ""ratio"": 0.0113, ""shares"": 49000.0}, {""rank"": 8, ""name"": ""長栄従業員持株会"", ""ratio"": 0.0106, ""shares"": 46000.0}, {""rank"": 9, ""name"": ""田中 健司"", ""ratio"": 0.0093, ""shares"": 41000.0}, {""rank"": 10, ""name"": ""高橋 慧"", ""ratio"": 0.007, ""shares"": 31000.0}]","[{""name"": ""長田 修"", ""title"": ""代表取締役 社長執行役員"", ""shares"": 1541400.0}, {""name"": ""舩井 渉"", ""title"": ""取締役 専務執行役員"", ""shares"": 17200.0}, {""name"": ""中澤 和宏"", ""title"": ""取締役 上席執行役員"", ""shares"": 6000.0}, {""name"": ""田中 直樹"", ""title"": ""取締役 上席執行役員"", ""shares"": 11177.0}, {""name"": ""山本 光伸"", ""title"": ""取締役 顧問"", ""shares"": 49900.0}, {""name"": ""田中 伸"", ""title"": ""取締役"", ""shares"": 500.0}, {""name"": ""石畑 成人"", ""title"": ""取締役"", ""shares"": null}, {""name"": ""鈴木 百世"", ""title"": ""常勤監査役"", ""shares"": 500.0}, {""name"": ""田川 芳和"", ""title"": ""監査役"", ""shares"": 500.0}, {""name"": ""平野 貢"", ""title"": ""監査役"", ""shares"": 500.0}]",,2021-12-24,2026-06-01,0.0553130032679811,0.0810449801669308,0.0225060347265402,0.069317963972403,0.0568161687382811,True,False,False,0.1797587903703011,True,2021-12-01,2021-12-24,local_price_first_trade,True,True,True,3,3,3,365/365/365/366/365,OK,4414000.0,2026-06-01,2044.0,5187565.0,1081.0,0.1867545804007542,-0.1914705076781608,False,low_liquidity,0.0761539752559575,1361,Discovery,9022216000.0,0.9005997998803754,"既存適格性フィルター不通過: low_liquidity / 60日平均売買代金2,000万円未満"
55,20260430,5125,5125.T,Fines inc.,Growth Market(Domestic),5250,Information & Communication,10,"IT & SERVICES, OTHERS",-,,False,S100WS33,株式会社ファインズ,2025-09-29 17:05,2024-07-01,2025-06-30,NetSalesSummaryOfBusinessResults,nonconsolidated,2199730000.0,2595390000.0,2913096000.0,2761203000.0,2685382000.0,2020-07-01,2021-07-01,2022-07-01,2023-07-01,2024-07-01,2021-06-30,2022-06-30,2023-06-30,2024-06-30,2025-06-30,OperatingIncome,nonconsolidated,334167000.0,CurrentYearDuration_NonConsolidatedMember,三輪 幸将,0.4734,2141000.0,True,三輪 幸将（代表取締役社長）,三輪 幸将,True,三輪 幸将,2022-09-01,2022年９月: 東京証券取引所グロース市場に株式を上場,"[{""rank"": 1, ""name"": ""三輪 幸将"", ""ratio"": 0.4734, ""shares"": 2141000.0}, {""rank"": 2, ""name"": ""光通信株式会社"", ""ratio"": 0.0758, ""shares"": 342000.0}, {""rank"": 3, ""name"": ""株式会社ＳＢＩ証券"", ""ratio"": 0.055, ""shares"": 248000.0}, {""rank"": 4, ""name"": ""株式会社UH Partners 2"", ""ratio"": 0.0448, ""shares"": 203000.0}, {""rank"": 5, ""name"": ""白木 政宏"", ""ratio"": 0.0442, ""shares"": 200000.0}, {""rank"": 6, ""name"": ""JPモルガン証券株式会社"", ""ratio"": 0.0215, ""shares"": 97000.0}, {""rank"": 7, ""name"": ""高木 眞之介"", ""ratio"": 0.0197, ""shares"": 89000.0}, {""rank"": 8, ""name"": ""木下 圭一郎"", ""ratio"": 0.0168, ""shares"": 76000.0}, {""rank"": 9, ""name"": ""株式会社EPARK"", ""ratio"": 0.0093, ""shares"": 42000.0}, {""rank"": 10, ""name"": ""堀田 清"", ""ratio"": 0.0083, ""shares"": 37000.0}]","[{""name"": ""三輪 幸将"", ""title"": ""代表取締役社長"", ""shares"": 2141500.0}, {""name"": ""赤池 直樹"", ""title"": ""取締役 執行役員"", ""shares"": 13700.0}, {""name"": ""佐藤 翔太"", ""title"": ""取締役 執行役員"", ""shares"": 9000.0}, {""name"": ""土屋 政紀"", ""title"": ""取締役 執行役員"", ""shares"": null}, {""name"": ""市野澤 剛士"", ""title"": ""取締役"", ""shares"": null}, {""name"": ""白木 政宏"", ""title"": ""取締役"", ""shares"": 200000.0}, {""name"": ""中村 研一"", ""title"": ""常勤監査役"", ""shares"": null}, {""name"": ""野地 博久"", ""title"": ""監査役"", ""shares"": null}, {""name"": ""片岡 浩一"", ""title"": ""監査役"", ""shares"": null}]",,2022-09-28,2026-06-01,0.179867529196765,0.1224116606752743,-0.052141433032073,-0.0274594080913282,0.0511366379833415,True,False,False,0.124439279029948,True,2022-09-01,2022-09-28,local_price_first_trade,True,True,True,3,3,3,365/365/365/366/365,OK,4523400.0,2026-06-01,463.0,5834066.666666667,897.0,0.4925573435292265,-0.7916477530640036,False,low_liquidity,-0.1266401025180825,2734,Future Moat,2094334200.0,0.779901779337167,"既存適格性フィルター不通過: low_liquidity / 60日平均売買代金2,000万円未満 / ローカル5年最大下落率-60%以下"
56,20260430,6524,6524.T,"KOHOKU KOGYO CO.,LTD.",Standard Market(Domestic),3650,Electric Appliances,9,ELECTRIC APPLIANCES & PRECISION INSTRUMENTS,-,,False,S100XT3K,湖北工業株式会社,2026-03-26 09:27,2025-01-01,2025-12-31,NetSalesSummaryOfBusinessResults,consolidated,14620000000.0,15673000000.0,13472000000.0,15924000000.0,17454000000.0,2021-01-01,2022-01-01,2023-01-01,2024-01-01,2025-01-01,2021-12-31,2022-12-31,2023-12-31,2024-12-31,2025-12-31,OperatingIncome,consolidated,4624000000.0,CurrentYearDuration,石井 太,0.4276,11077533.0,True,石井 太（代表取締役社長 CEO） / 北川 一清（専務取締役CEO補佐）,石井 太 / 北川 一清,True,石井 太,2021-12-01,2021年12月: 東京証券取引所市場第二部に株式を上場,"[{""rank"": 1, ""name"": ""石井 太"", ""ratio"": 0.4276, ""shares"": 11077533.0}, {""rank"": 2, ""name"": ""アイエフマネジメント株式会社"", ""ratio"": 0.1925, ""shares"": 4987500.0}, {""rank"": 3, ""name"": ""株式会社日本カストディ銀行（信託口）"", ""ratio"": 0.0301, ""shares"": 778800.0}, {""rank"": 4, ""name"": ""THE BANK OF NEW YORK 133652(常任代理人 株式会社みずほ銀行）"", ""ratio"": 0.0265, ""shares"": 687000.0}, {""rank"": 5, ""name"": ""日本マスタートラスト信託銀行株式会社（信託口）"", ""ratio"": 0.0194, ""shares"": 501700.0}, {""rank"": 6, ""name"": ""JP MORGAN CHASE BANK 380684(常任代理人 株式会社みずほ銀行）"", ""ratio"": 0.0182, ""shares"": 470800.0}, {""rank"": 7, ""name"": ""STATE STREET BANK AND TRUST COMPANY 505301(常任代理人 株式会社みずほ銀行）"", ""ratio"": 0.0168, ""shares"": 436000.0}, {""rank"": 8, ""name"": ""JP MORGAN CHASE BANK 380613(常任代理人 株式会社みずほ銀行）"", ""ratio"": 0.012, ""shares"": 310100.0}, {""rank"": 9, ""name"": ""THE BANK OF NEW YORK MELLON 1440051(常任代理人 株式会社みずほ銀行）"", ""ratio"": 0.0077, ""shares"": 198900.0}, {""rank"": 10, ""name"": ""湖北工業従業員持株会"", ""ratio"": 0.0076, ""shares"": 196103.0}]","[{""name"": ""石井 太"", ""title"": ""代表取締役社長 CEO"", ""shares"": 16065033.0}, {""name"": ""北川 一清"", ""title"": ""専務取締役CEO補佐"", ""shares"": 60375.0}, {""name"": ""中村 聖二"", ""title"": ""取締役CFO"", ""shares"": 1187.0}, {""name"": ""澤木 聖子"", ""title"": ""取締役"", ""shares"": null}, {""name"": ""荒井 昌幸"", ""title"": ""取締役"", ""shares"": null}, {""name"": ""ディーター・ソンマーハルダー"", ""title"": ""取締役"", ""shares"": null}, {""name"": ""栗山 裕功"", ""title"": ""取締役監査等委員"", ""shares"": null}, {""name"": ""中村 正哉"", ""title"": ""取締役監査等委員"", ""shares"": null}, {""name"": ""髙津 靖史"", ""title"": ""取締役監査等委員"", ""shares"": null}]",,2021-12-21,2026-06-01,0.0720246238030095,-0.1404325910802016,0.1820071258907363,0.0960813865862848,0.0452902505829038,True,False,False,0.2649249455712157,True,2021-12-01,2021-12-21,local_price_first_trade,True,True,True,3,3,3,365/365/365/366/365,OK,25905600.0,2026-06-01,6070.0,1717554650.0,1084.0,0.5438920731585133,-0.5850666409072383,True,,0.7491186038260512,9,Future Moat,157246992000.0,9.009223788243382,目立つ機械的警告なし（定性確認は別途必要）
57,20260430,9214,9214.T,"Recovery International Co.,Ltd.",Growth Market(Domestic),9050,Services,10,"IT & SERVICES, OTHERS",-,,False,S100XV6A,Ｒｅｃｏｖｅｒｙ　Ｉｎｔｅｒｎａｔｉｏｎａｌ株式会社,2026-03-30 15:40,2025-01-01,2025-12-31,NetSalesSummaryOfBusinessResults,nonconsolidated,1122830000.0,1385410000.0,1605016000.0,2043110000.0,2597057000.0,2021-01-01,2022-01-01,2023-01-01,2024-01-01,2025-01-01,2021-12-31,2022-12-31,2023-12-31,2024-12-31,2025-12-31,OperatingIncome,nonconsolidated,268148000.0,CurrentYearDuration_NonConsolidatedMember,大河原 峻,0.351,467200.0,True,柴田 旬也（代表取締役社長）,柴田 旬也,False,,2022-02-01,2022年２月: 東京証券取引所マザーズ市場に株式を上場,"[{""rank"": 1, ""name"": ""大河原 峻"", ""ratio"": 0.351, ""shares"": 467200.0}, {""rank"": 2, ""name"": ""柴田 旬也"", ""ratio"": 0.0683, ""shares"": 91000.0}, {""rank"": 3, ""name"": ""新保 光栄"", ""ratio"": 0.0413, ""shares"": 55000.0}, {""rank"": 4, ""name"": ""早乙女 健太郎"", ""ratio"": 0.0279, ""shares"": 37200.0}, {""rank"": 5, ""name"": ""株式会社ＳＢＩ証券"", ""ratio"": 0.0229, ""shares"": 30500.0}, {""rank"": 6, ""name"": ""ファイブアイズ・ネットワークス株式会社"", ""ratio"": 0.021, ""shares"": 28000.0}, {""rank"": 7, ""name"": ""リカバリーグループ従業員持株会"", ""ratio"": 0.0187, ""shares"": 24900.0}, {""rank"": 8, ""name"": ""株式会社Ｔ・Ｋホールディングス"", ""ratio"": 0.018, ""shares"": 24000.0}, {""rank"": 9, ""name"": ""田頭 菜帆"", ""ratio"": 0.0165, ""shares"": 22000.0}, {""rank"": 10, ""name"": ""栫井 訓"", ""ratio"": 0.015, ""shares"": 20000.0}]","[{""name"": ""柴田 旬也"", ""title"": ""代表取締役社長"", ""shares"": 91000.0}, {""name"": ""大河原 峻"", ""title"": ""取締役(業務部部長)"", ""shares"": 467200.0}, {""name"": ""若田 真"", ""title"": ""取締役(経営企画部部長)"", ""shares"": 12600.0}, {""name"": ""沼田 功"", ""title"": ""取締役"", ""shares"": 28000.0}, {""name"": ""橋本 祐造"", ""title"": ""取締役"", ""shares"": null}, {""name"": ""伊藤 敬子"", ""title"": ""常勤監査役"", ""shares"": null}, {""name"": ""宮崎 雅俊"", ""title"": ""監査役"", ""shares"": null}, {""name"": ""伊藤 広樹"", ""title"": ""監査役"", ""shares"": null}]",,2022-02-03,2026-06-01,0.2338555257697068,0.1585133642748355,0.2729530422126633,0.2711293077709962,0.233223717332921,True,False,True,0.1032507180242867,True,2022-02-01,2022-02-03,local_price_first_trade,True,False,True,2,3,4,365/365/365/366/365,OK,1330900.0,2026-06-01,1291.0,2106366.6666666665,1055.0,0.4857107668359682,-0.6575757575757576,False,low_liquidity,0.0456376696977392,1542,Discovery,1718191900.0,0.6615919096115334,"既存適格性フィルター不通過: low_liquidity / 60日平均売買代金2,000万円未満 / ローカル5年最大下落率-60%以下"
58,20260430,4393,4393.T,"Bank of Innovation,Inc.",Growth Market(Domestic),5250,Information & Communication,10,"IT & SERVICES, OTHERS",-,,False,S100XD6Y,株式会社バンク・オブ・イノベーション,2025-12-25 16:17,2024-10-01,2025-09-30,NetSalesSummaryOfBusinessResults,consolidated,2129000000.0,2428000000.0,21333000000.0,13615000000.0,12366000000.0,2020-10-01,2021-10-01,2022-10-01,2023-10-01,2024-10-01,2021-09-30,2022-09-30,2023-09-30,2024-09-30,2025-09-30,OperatingIncome,consolidated,2154000000.0,CurrentYearDuration,樋口 智裕,0.4385,1743100.0,True,樋口 智裕（代表取締役社長）,樋口 智裕,True,樋口 智裕,2018-07-01,2018年７月: 東京証券取引所マザーズ市場へ株式上場。,"[{""rank"": 1, ""name"": ""樋口 智裕"", ""ratio"": 0.4385, ""shares"": 1743100.0}, {""rank"": 2, ""name"": ""田中 大介"", ""ratio"": 0.0704, ""shares"": 280000.0}, {""rank"": 3, ""name"": ""楽天証券株式会社"", ""ratio"": 0.0384, ""shares"": 152700.0}, {""rank"": 4, ""name"": ""株式会社SBI証券"", ""ratio"": 0.0372, ""shares"": 147964.0}, {""rank"": 5, ""name"": ""株式会社Cygames"", ""ratio"": 0.0199, ""shares"": 79100.0}, {""rank"": 6, ""name"": ""須田 忠雄"", ""ratio"": 0.0131, ""shares"": 52300.0}, {""rank"": 7, ""name"": ""NOMURA INTERNATIONAL PLC A/C JAPAN FLOW (常任代理人 野村證券株式会社)"", ""ratio"": 0.0119, ""shares"": 47400.0}, {""rank"": 8, ""name"": ""BOFAS INC SEGREGATION ACCOUNT (常任代理人 BOFA証券株式会社)"", ""ratio"": 0.0107, ""shares"": 42700.0}, {""rank"": 9, ""name"": ""森 貴義"", ""ratio"": 0.01, ""shares"": 40000.0}, {""rank"": 10, ""name"": ""THE CHASE MANHATTAN BANK, N.A. LONDON (常任代理人 株式会社みずほ銀行決済営業部)"", ""ratio"": 0.0065, ""shares"": 26200.0}]","[{""name"": ""樋口 智裕"", ""title"": ""代表取締役社長"", ""shares"": 1743100.0}, {""name"": ""田中 大介"", ""title"": ""取締役人事部長"", ""shares"": 280000.0}, {""name"": ""河内 三佳"", ""title"": ""取締役CFO経営管理部長"", ""shares"": null}, {""name"": ""熊倉 安希子"", ""title"": ""取締役(監査等委員)"", ""shares"": null}, {""name"": ""深町 周輔"", ""title"": ""取締役(監査等委員)"", ""shares"": null}, {""name"": ""櫻田 厚"", ""title"": ""取締役(監査等委員)"", ""shares"": null}]",,2021-06-01,2026-06-01,0.14044152184124,7.786243822075782,-0.3617869029203581,-0.0917370547190599,0.5524348918141628,True,False,True,0.1741872877244056,True,2018-07-01,2018-07-01,EDINET_company_history,False,True,True,2,3,3,365/365/365/366/365,OK,3974300.0,2026-06-01,5040.0,174589733.33333334,1222.0,0.7694523355197314,-0.7917721518987342,True,,-0.3531684594667156,3370,Future Moat,20030472000.0,1.6198020378457059,年率ボラティリティ60%以上 / ローカル5年最大下落率-60%以下
59,20260430,4412,4412.T,"Science Arts,Inc.",Growth Market(Domestic),5250,Information & Communication,10,"IT & SERVICES, OTHERS",-,,False,S100X6RV,株式会社サイエンスアーツ,2025-11-27 15:30,2024-09-01,2025-08-31,NetSalesSummaryOfBusinessResults,nonconsolidated,365992000.0,659988000.0,771862000.0,1184775000.0,1654620000.0,2020-09-01,2021-09-01,2022-09-01,2023-09-01,2024-09-01,2021-08-31,2022-08-31,2023-08-31,2024-08-31,2025-08-31,OperatingIncome,nonconsolidated,107256000.0,CurrentYearDuration_NonConsolidatedMember,合同会社平岡秀一事務所,0.3705,3000000.0,False,平岡 秀一（代表取締役会長） / 平岡 竜太朗（代表取締役社長）,平岡 秀一 / 平岡 竜太朗,True,平岡 秀一,2021-11-01,2021年11月: 東京証券取引所マザーズ市場に株式を上場,"[{""rank"": 1, ""name"": ""合同会社平岡秀一事務所"", ""ratio"": 0.3705, ""shares"": 3000000.0}, {""rank"": 2, ""name"": ""楽天グループ株式会社"", ""ratio"": 0.1012, ""shares"": 819000.0}, {""rank"": 3, ""name"": ""平岡 秀一"", ""ratio"": 0.0949, ""shares"": 768000.0}, {""rank"": 4, ""name"": ""株式会社ＪＶＣケンウッド"", ""ratio"": 0.0809, ""shares"": 655000.0}, {""rank"": 5, ""name"": ""芹澤 圭二"", ""ratio"": 0.0457, ""shares"": 370000.0}, {""rank"": 6, ""name"": ""株式会社ＳＢＩ証券"", ""ratio"": 0.0207, ""shares"": 167600.0}, {""rank"": 7, ""name"": ""ＪＰＥ第２号株式会社"", ""ratio"": 0.0148, ""shares"": 120000.0}, {""rank"": 8, ""name"": ""楽天証券株式会社"", ""ratio"": 0.0095, ""shares"": 76700.0}, {""rank"": 9, ""name"": ""横道 克己"", ""ratio"": 0.0089, ""shares"": 72000.0}, {""rank"": 10, ""name"": ""渡辺 修身"", ""ratio"": 0.0074, ""shares"": 60000.0}]","[{""name"": ""平岡 秀一"", ""title"": ""代表取締役会長"", ""shares"": 3768000.0}, {""name"": ""平岡 竜太朗"", ""title"": ""代表取締役社長"", ""shares"": 3900.0}, {""name"": ""松田 拓也"", ""title"": ""取締役管理本部長"", ""shares"": 11200.0}, {""name"": ""島田 貴子"", ""title"": ""取締役 監査等委員"", ""shares"": 800.0}, {""name"": ""中川 浩之"", ""title"": ""取締役監査等委員"", ""shares"": 800.0}, {""name"": ""三ツ橋 徹"", ""title"": ""取締役 監査等委員"", ""shares"": 800.0}, {""name"": ""藤田 友佳子"", ""title"": ""取締役 監査等委員"", ""shares"": null}]",,2021-11-25,2026-06-01,0.8032853177118626,0.1695091425904713,0.534957025996875,0.3965689687915428,0.4581649982965168,True,False,True,0.0648221343873517,False,2021-11-01,2021-11-25,local_price_first_trade,True,True,True,2,3,3,365/365/365/366/365,OK,8096500.0,2026-06-01,1252.0,79704928.33333333,1102.0,0.790462829354583,-0.9456708526107072,True,,-0.2138998086574936,3077,Transformation Moat,10136818000.0,6.126372218394556,年率ボラティリティ60%以上 / ローカル5年最大下落率-60%以下
60,20260430,9218,9218.T,"Mental Health Technologies Co.,Ltd.",Growth Market(Domestic),9050,Services,10,"IT & SERVICES, OTHERS",-,,False,S100XVL7,株式会社メンタルヘルステクノロジーズ,2026-03-30 16:20,2025-01-01,2025-12-31,NetSalesSummaryOfBusinessResults,consolidated,1453508000.0,2288188000.0,2608600000.0,5134775000.0,6435361000.0,2021-01-01,2022-01-01,2023-01-01,2024-01-01,2025-01-01,2021-12-31,2022-12-31,2023-12-31,2024-12-31,2025-12-31,OperatingIncome,consolidated,598776000.0,CurrentYearDuration,刀禰 真之介,0.3547,3706000.0,True,刀禰 真之介（代表取締役社長）,刀禰 真之介,True,刀禰 真之介,2022-03-01,2022年３月: 東京証券取引所マザーズ市場に当社株式を上場,"[{""rank"": 1, ""name"": ""刀禰 真之介"", ""ratio"": 0.3547, ""shares"": 3706000.0}, {""rank"": 2, ""name"": ""第一生命保険株式会社"", ""ratio"": 0.0461, ""shares"": 481000.0}, {""rank"": 3, ""name"": ""株式会社Orchestra Investment"", ""ratio"": 0.0402, ""shares"": 420000.0}, {""rank"": 4, ""name"": ""株式会社シグマクシス・ホールディングス"", ""ratio"": 0.0372, ""shares"": 389000.0}, {""rank"": 5, ""name"": ""吉岡 裕之"", ""ratio"": 0.0296, ""shares"": 310000.0}, {""rank"": 6, ""name"": ""株式会社バリューＨＲ"", ""ratio"": 0.0193, ""shares"": 202000.0}, {""rank"": 7, ""name"": ""株式会社杏林舎"", ""ratio"": 0.0143, ""shares"": 150000.0}, {""rank"": 8, ""name"": ""山田 真弘"", ""ratio"": 0.0124, ""shares"": 130000.0}, {""rank"": 9, ""name"": ""日本生命保険相互会社"", ""ratio"": 0.0096, ""shares"": 101000.0}, {""rank"": 10, ""name"": ""株式会社ユビキタスＡＩ"", ""ratio"": 0.0095, ""shares"": 100000.0}]","[{""name"": ""刀禰 真之介"", ""title"": ""代表取締役社長"", ""shares"": 3706000.0}, {""name"": ""松本 裕介"", ""title"": ""取締役ビジネス・インキュベーション部 部長"", ""shares"": null}, {""name"": ""小倉 行雄"", ""title"": ""取締役"", ""shares"": null}, {""name"": ""樋口 晴将"", ""title"": ""取締役コーポレート本部 部長"", ""shares"": null}, {""name"": ""浅川 秀治"", ""title"": ""取締役"", ""shares"": null}, {""name"": ""小原 毅也"", ""title"": ""取締役"", ""shares"": 60000.0}, {""name"": ""中村 幸雄"", ""title"": ""常勤監査役"", ""shares"": 70000.0}, {""name"": ""高橋 勝"", ""title"": ""監査役"", ""shares"": null}, {""name"": ""吉田 夢子"", ""title"": ""監査役"", ""shares"": null}]",,2022-03-28,2026-06-01,0.5742520852998401,0.1400287039351662,0.9684025914283524,0.2532897741381072,0.4505706032304282,True,False,True,0.0930446636948572,False,2022-03-01,2022-03-28,local_price_first_trade,True,True,True,2,3,3,365/365/365/366/365,OK,10447300.0,2026-06-01,697.0,18805388.333333332,1021.0,0.5279644521743028,-0.6527852899234862,False,low_liquidity,-0.0200721534271969,2044,Transformation Moat,7281768100.0,1.1315244164235696,"既存適格性フィルター不通過: low_liquidity / 60日平均売買代金2,000万円未満 / ローカル5年最大下落率-60%以下"
61,20260430,7409,7409.T,"AeroEdge Co.,Ltd",Growth Market(Domestic),3700,Transportation Equipment,6,AUTOMOBILES & TRANSPORTATION EQUIPMENT,-,,False,S100WQWW,ＡｅｒｏＥｄｇｅ株式会社,2025-09-25 13:23,2024-07-01,2025-06-30,NetSalesSummaryOfBusinessResults,nonconsolidated,848263000.0,1964694000.0,2920991000.0,3350387000.0,3602276000.0,2020-07-01,2021-07-01,2022-07-01,2023-07-01,2024-07-01,2021-06-30,2022-06-30,2023-06-30,2024-06-30,2025-06-30,OperatingIncome,nonconsolidated,655174000.0,CurrentYearDuration_NonConsolidatedMember,菊地歯車株式会社,0.187,718930.0,False,森西 淳（代表取締役社長 兼 執行役員CEO）,森西 淳,False,,2023-07-01,2023年７月: 東京証券取引所グロース市場に株式を上場,"[{""rank"": 1, ""name"": ""菊地歯車株式会社"", ""ratio"": 0.187, ""shares"": 718930.0}, {""rank"": 2, ""name"": ""豊田通商株式会社"", ""ratio"": 0.1196, ""shares"": 460000.0}, {""rank"": 3, ""name"": ""株式会社日本政策投資銀行"", ""ratio"": 0.1118, ""shares"": 430000.0}, {""rank"": 4, ""name"": ""森西 淳"", ""ratio"": 0.1073, ""shares"": 412711.0}, {""rank"": 5, ""name"": ""DMG森精機株式会社"", ""ratio"": 0.104, ""shares"": 400000.0}, {""rank"": 6, ""name"": ""野村信託銀行株式会社（投信口）"", ""ratio"": 0.0556, ""shares"": 214000.0}, {""rank"": 7, ""name"": ""ナイン・ステーツ・4投資事業有限責任組合"", ""ratio"": 0.0353, ""shares"": 135710.0}, {""rank"": 8, ""name"": ""日本マスタートラスト信託銀行株式会社（信託口）"", ""ratio"": 0.0254, ""shares"": 97800.0}, {""rank"": 9, ""name"": ""株式会社日本カストディ銀行（信託口）"", ""ratio"": 0.018, ""shares"": 69200.0}, {""rank"": 10, ""name"": ""株式会社ＳＢＩ証券"", ""ratio"": 0.0158, ""shares"": 61069.0}]","[{""name"": ""森西 淳"", ""title"": ""代表取締役社長 兼 執行役員CEO"", ""shares"": 412711.0}, {""name"": ""水田 和裕"", ""title"": ""取締役 兼 執行役員COO/CTO"", ""shares"": 3089.0}, {""name"": ""今西 貴士"", ""title"": ""取締役 兼 執行役員CFOコーポレート本部長"", ""shares"": 2935.0}, {""name"": ""安藤 尚"", ""title"": ""取締役"", ""shares"": null}, {""name"": ""岡村 久雄"", ""title"": ""常勤監査役"", ""shares"": null}, {""name"": ""谷津 範之"", ""title"": ""監査役"", ""shares"": null}, {""name"": ""長壁 優子"", ""title"": ""監査役"", ""shares"": null}]",,2023-07-05,2026-06-01,1.316137801601626,0.4867409377745337,0.1470035340745659,0.075182061057424,0.4355278257737347,True,False,True,0.1818777905968338,True,2023-07-01,2023-07-05,local_price_first_trade,True,False,False,2,3,3,365/365/365/366/365,OK,3843379.0,2026-06-01,3020.0,624474100.0,708.0,0.696552719184611,-0.7651917314107439,True,,0.3688596758575532,253,Core Moat,11607004580.0,3.222130836171354,年率ボラティリティ60%以上 / ローカル5年最大下落率-60%以下
62,20260430,2767,2767.T,TSUBURAYA FIELDS HOLDINGS INC.,Prime Market (Domestic),6050,Wholesale Trade,13,COMMERCIAL & WHOLESALE TRADE,6,TOPIX Small 1,False,S100VYA9,円谷フィールズホールディングス株式会社,2025-06-17 15:30,2024-04-01,2025-03-31,NetSalesSummaryOfBusinessResults,consolidated,38796000000.0,94900000000.0,117125000000.0,141923000000.0,140581000000.0,2020-04-01,2021-04-01,2022-04-01,2023-04-01,2024-04-01,2021-03-31,2022-03-31,2023-03-31,2024-03-31,2025-03-31,OperatingIncome,consolidated,15295000000.0,CurrentYearDuration,山 本 英 俊,0.2451,15250000.0,True,山 本 英 俊（代表取締役社長グループCEO）,山 本 英 俊,True,山 本 英 俊,2003-03-01,2003年３月: JASDAQ市場に上場,"[{""rank"": 1, ""name"": ""山 本 英 俊"", ""ratio"": 0.2451, ""shares"": 15250000.0}, {""rank"": 2, ""name"": ""山 本 剛 史"", ""ratio"": 0.1161, ""shares"": 7225600.0}, {""rank"": 3, ""name"": ""株式会社日本カストディ銀行（信託口）"", ""ratio"": 0.0914, ""shares"": 5688200.0}, {""rank"": 4, ""name"": ""日本マスタートラスト信託銀行株式会社（信託口）"", ""ratio"": 0.0583, ""shares"": 3624600.0}, {""rank"": 5, ""name"": ""有限会社ミント"", ""ratio"": 0.0514, ""shares"": 3200000.0}, {""rank"": 6, ""name"": ""ＳＴＡＴＥ ＳＴＲＥＥＴ ＢＡＮＫ ＡＮＤ ＴＲＵＳＴ ＣＯＭＰＡＮＹ ５０５００１ (常任代理人 株式会社みずほ銀行決済営業部）"", ""ratio"": 0.049, ""shares"": 3047227.0}, {""rank"": 7, ""name"": ""栢森 秀行"", ""ratio"": 0.0315, ""shares"": 1962800.0}, {""rank"": 8, ""name"": ""ＢＢＨ ＢＯＳＴＯＮ ＣＵＳＴＯＤＩＡＮ ＦＯＲ ＪＡＰＡＮ ＶＡＬＵＥ ＥＱＵＩＴＹ ＣＯＮＣＥＮＴＲＡＴＥＤ ＦＵＮＤ Ａ ＳＥＲＩＥＳ ＯＦ ６２０１３５(常任代理人 株式会社みずほ銀行決済営業部）"", ""ratio"": 0.0214, ""shares"": 1331100.0}, {""rank"": 9, ""name"": ""野村信託銀行株式会社（投信口）"", ""ratio"": 0.0188, ""shares"": 1167200.0}, {""rank"": 10, ""name"": ""佐々木 剛"", ""ratio"": 0.0128, ""shares"": 798900.0}]","[{""name"": ""山 本 英 俊"", ""title"": ""代表取締役社長グループCEO"", ""shares"": 15250000.0}, {""name"": ""塚 越 隆 行"", ""title"": ""専務取締役"", ""shares"": 50000.0}, {""name"": ""吉 田 永"", ""title"": ""専務取締役"", ""shares"": 190000.0}, {""name"": ""小 澤 謙 一"", ""title"": ""取締役グループCFOグループ事業経営戦略本部長"", ""shares"": 115000.0}, {""name"": ""山 本 剛 史"", ""title"": ""取締役グループ経営企画担当 グループ事業経営戦略本部 副本部長"", ""shares"": 7225600.0}, {""name"": ""永 竹 正 幸"", ""title"": ""取締役"", ""shares"": 140000.0}, {""name"": ""豊 嶋 勇 作"", ""title"": ""取締役"", ""shares"": 25000.0}, {""name"": ""山 中 裕 之"", ""title"": ""取締役 管理本部長"", ""shares"": 175000.0}, {""name"": ""糸 井 重 里"", ""title"": ""取締役（社外）"", ""shares"": 160000.0}, {""name"": ""アールフット依子"", ""title"": ""取締役"", ""shares"": null}, {""name"": ""白 井 勝 也"", ""title"": ""取締役 （社外）"", ""shares"": null}, {""name"": ""小 森 哲 郎"", ""title"": ""取締役 （社外）"", ""shares"": null}, {""name"": ""前 田 圭 一"", ""title"": ""取締役 （社外）"", ""shares"": null}, {""name"": ""森 下 公 江"", ""title"": ""取締役 （社外）"", ""shares"": null}, {""name"": ""池 澤 憲 一"", ""title"": ""監査役（社外）（常勤）"", ""shares"": 2000.0}, {""name"": ""古 田 善 香"", ""title"": ""監査役（社外）（非常勤）"", ""shares"": null}, {""name"": ""栗 原 正 和"", ""title"": ""監査役 （非常勤）"", ""shares"": null}]",,2021-06-01,2026-06-01,1.4461284668522527,0.2341938883034773,0.2117225186766276,-0.0094558316833776,0.3797008104536625,True,False,True,0.1087984862819299,True,2003-03-01,2003-03-01,EDINET_company_history,False,True,True,2,3,3,365/365/365/366/365,OK,62216450.0,2026-06-01,1383.0,664230243.3333334,1222.0,0.5653195049805154,-0.6733533069303445,True,,-0.3274301018419391,3322,Transformation Moat,86045350350.0,0.6120695566968509,ローカル5年最大下落率-60%以下
63,20260430,5834,5834.T,"SBI Leasing Services Co.,Ltd.",Growth Market(Domestic),7100,Securities and Commodities Futures,16,FINANCIALS (EX BANKS),-,,True,S100W2X1,ＳＢＩリーシングサービス株式会社,2025-06-24 10:30,2024-04-01,2025-03-31,NetSalesSummaryOfBusinessResults,consolidated,11998000000.0,29556000000.0,39572000000.0,54146000000.0,41916000000.0,2020-04-01,2021-04-01,2022-04-01,2023-04-01,2024-04-01,2021-03-31,2022-03-31,2023-03-31,2024-03-31,2025-03-31,OperatingIncome,consolidated,6728000000.0,CurrentYearDuration,ＳＢＩノンバンクホールディングス株式会社,0.6263,4934200.0,False,佐藤 公平（代表取締役 会長兼社長） / 階戸 雅博（取締役副社長 （管掌 事業開発本部））,佐藤 公平 / 階戸 雅博,False,,2022-10-01,2022年10月: 東京証券取引所グロース市場に株式を上場,"[{""rank"": 1, ""name"": ""ＳＢＩノンバンクホールディングス株式会社"", ""ratio"": 0.6263, ""shares"": 4934200.0}, {""rank"": 2, ""name"": ""日本証券金融株式会社"", ""ratio"": 0.0318, ""shares"": 250200.0}, {""rank"": 3, ""name"": ""NOMURA PB NOMINEES LIMITED OMNIBUS-MARGIN(CASHPB) （常任代理人 野村證券株式会社）"", ""ratio"": 0.0211, ""shares"": 166000.0}, {""rank"": 4, ""name"": ""株式会社オートパンサー"", ""ratio"": 0.021, ""shares"": 165600.0}, {""rank"": 5, ""name"": ""大田 宜明"", ""ratio"": 0.0193, ""shares"": 152200.0}, {""rank"": 6, ""name"": ""楽天証券株式会社"", ""ratio"": 0.012, ""shares"": 94200.0}, {""rank"": 7, ""name"": ""東京短資株式会社"", ""ratio"": 0.0099, ""shares"": 78000.0}, {""rank"": 8, ""name"": ""野村證券株式会社"", ""ratio"": 0.0096, ""shares"": 75417.0}, {""rank"": 9, ""name"": ""松井証券株式会社"", ""ratio"": 0.0088, ""shares"": 69500.0}, {""rank"": 10, ""name"": ""BNYM SA/NV FOR BNYM FOR BNYM GCM CLIENT ACCTS M ILM FE （常任代理人 株式会社三菱ＵＦＪ銀行）"", ""ratio"": 0.0085, ""shares"": 66857.0}]","[{""name"": ""佐藤 公平"", ""title"": ""代表取締役 会長兼社長"", ""shares"": 4800.0}, {""name"": ""階戸 雅博"", ""title"": ""取締役副社長 （管掌 事業開発本部）"", ""shares"": 24000.0}, {""name"": ""吉原 寛"", ""title"": ""常務取締役 （管掌 管理本部）"", ""shares"": 20000.0}, {""name"": ""鈴木 治"", ""title"": ""常務取締役 （管掌 営業本部）"", ""shares"": null}, {""name"": ""真鍋 修平"", ""title"": ""取締役 (管掌 経理部、財務部)"", ""shares"": 1000.0}, {""name"": ""粟野 公一郎"", ""title"": ""取締役"", ""shares"": null}, {""name"": ""西堀 耕二"", ""title"": ""取締役"", ""shares"": null}, {""name"": ""松下 俊一"", ""title"": ""常勤監査役"", ""shares"": null}, {""name"": ""青木 泰岳"", ""title"": ""監査役"", ""shares"": null}, {""name"": ""林 清隆"", ""title"": ""監査役"", ""shares"": null}]",,2022-10-19,2026-06-01,1.4634105684280714,0.3388821220733522,0.3682907106034569,-0.2258707937797806,0.3671549635006095,True,False,True,0.1605114991888539,True,2022-10-01,2022-10-19,local_price_first_trade,True,False,False,2,3,3,365/365/365/366/365,OK,7878800.0,2026-06-01,2209.0,266699280.0,883.0,0.4767513824623403,-0.4658107637547003,True,,-0.0871185528312504,2518,Transformation Moat,17404269200.0,0.41521779749976145,目立つ機械的警告なし（定性確認は別途必要）
64,20260430,9272,9272.T,"Boutiques,Inc.",Growth Market(Domestic),9050,Services,10,"IT & SERVICES, OTHERS",-,,False,S100W4GN,ブティックス株式会社,2025-06-25 09:39,2024-04-01,2025-03-31,NetSalesSummaryOfBusinessResults,nonconsolidated,1277809000.0,2091050000.0,3047241000.0,3640999000.0,4341769000.0,2020-04-01,2021-04-01,2022-04-01,2023-04-01,2024-04-01,2021-03-31,2022-03-31,2023-03-31,2024-03-31,2025-03-31,OperatingIncome,nonconsolidated,1370801000.0,CurrentYearDuration_NonConsolidatedMember,新村 祐三,0.4919,4788000.0,True,新村 祐三（代表取締役 社長）,新村 祐三,True,新村 祐三,2018-04-01,2018年４月: 東京証券取引所マザーズに株式を上場。,"[{""rank"": 1, ""name"": ""新村 祐三"", ""ratio"": 0.4919, ""shares"": 4788000.0}, {""rank"": 2, ""name"": ""新村 佐麻美"", ""ratio"": 0.0657, ""shares"": 640000.0}, {""rank"": 3, ""name"": ""山口 貴弘"", ""ratio"": 0.05, ""shares"": 487000.0}, {""rank"": 4, ""name"": ""天池 祥子"", ""ratio"": 0.0488, ""shares"": 475000.0}, {""rank"": 5, ""name"": ""速水 健史"", ""ratio"": 0.039, ""shares"": 380000.0}, {""rank"": 6, ""name"": ""田原 学"", ""ratio"": 0.0365, ""shares"": 355000.0}, {""rank"": 7, ""name"": ""株式会社ＳＢＩ証券"", ""ratio"": 0.0196, ""shares"": 190000.0}, {""rank"": 8, ""name"": ""太田 丈史"", ""ratio"": 0.017, ""shares"": 165000.0}, {""rank"": 9, ""name"": ""新村 理紗"", ""ratio"": 0.0164, ""shares"": 160000.0}, {""rank"": 10, ""name"": ""株式会社日本カストディ銀行（信託口）"", ""ratio"": 0.0139, ""shares"": 135000.0}]","[{""name"": ""新村 祐三"", ""title"": ""代表取締役 社長"", ""shares"": 4788200.0}, {""name"": ""速水 健史"", ""title"": ""常務取締役 コンサルティング 事業部管掌"", ""shares"": 380000.0}, {""name"": ""武田 学"", ""title"": ""常務取締役 メディア事業部管掌"", ""shares"": 34800.0}, {""name"": ""土橋 薫"", ""title"": ""取締役 （監査等委員）"", ""shares"": 82000.0}, {""name"": ""田中 智行"", ""title"": ""取締役 （監査等委員）"", ""shares"": null}, {""name"": ""森川 友尋"", ""title"": ""取締役 （監査等委員）"", ""shares"": null}]",,2021-06-01,2026-06-01,0.6364339271362152,0.4572779225747829,0.1948510144094279,0.1924664082577336,0.3576886665575118,True,False,True,0.3157240746801592,True,2018-04-01,2018-04-01,EDINET_company_history,False,True,True,2,3,3,365/365/365/366/365,OK,9734900.0,2026-06-01,1485.0,22806438.333333332,1222.0,0.5699016810700694,-0.6830870279146142,True,,0.0351596792144489,1614,Discovery,14456326500.0,3.329593651804138,ローカル5年最大下落率-60%以下
65,20260430,2970,2970.T,"GLC GROUP,INC.",Standard Market(Domestic),8050,Real Estate,17,REAL ESTATE,-,,False,S100XTGG,ＧＬＣ　ＧＲＯＵＰ株式会社,2026-03-25 15:30,2025-01-01,2025-12-31,NetSalesSummaryOfBusinessResults,consolidated,7390000000.0,8061000000.0,11435000000.0,17126000000.0,24505000000.0,2021-01-01,2022-01-01,2023-01-01,2024-01-01,2025-01-01,2021-12-31,2022-12-31,2023-12-31,2024-12-31,2025-12-31,OperatingIncome,consolidated,2573000000.0,CurrentYearDuration,髙村 隼人,0.6361,10548000.0,True,髙村 隼人（代表取締役社長）,髙村 隼人,True,髙村 隼人,2018-12-01,2018年12月: 東京証券取引所JASDAQ(スタンダード)に株式を上場,"[{""rank"": 1, ""name"": ""髙村 隼人"", ""ratio"": 0.6361, ""shares"": 10548000.0}, {""rank"": 2, ""name"": ""三菱ＵＦＪｅスマート証券株式会社"", ""ratio"": 0.0782, ""shares"": 1298200.0}, {""rank"": 3, ""name"": ""蔭山 恭一"", ""ratio"": 0.0519, ""shares"": 861200.0}, {""rank"": 4, ""name"": ""佐方 修"", ""ratio"": 0.0448, ""shares"": 742800.0}, {""rank"": 5, ""name"": ""近松 敬倫"", ""ratio"": 0.0272, ""shares"": 452000.0}, {""rank"": 6, ""name"": ""むさし証券株式会社"", ""ratio"": 0.0126, ""shares"": 210100.0}, {""rank"": 7, ""name"": ""株式会社ＳＢＩ証券"", ""ratio"": 0.0121, ""shares"": 201847.0}, {""rank"": 8, ""name"": ""竹林 正隆"", ""ratio"": 0.0113, ""shares"": 188608.0}, {""rank"": 9, ""name"": ""高田 瑠弥"", ""ratio"": 0.0078, ""shares"": 130000.0}, {""rank"": 10, ""name"": ""株式会社三津野建設"", ""ratio"": 0.0072, ""shares"": 120000.0}]","[{""name"": ""髙村 隼人"", ""title"": ""代表取締役社長"", ""shares"": 10548000.0}, {""name"": ""伊藤 貴光"", ""title"": ""常務取締役"", ""shares"": 25700.0}, {""name"": ""近松 敬倫"", ""title"": ""取締役 内部監査部長"", ""shares"": 452000.0}, {""name"": ""德武 剛"", ""title"": ""取締役 管理部長"", ""shares"": null}, {""name"": ""姫野 幸一"", ""title"": ""取締役 （監査等委員）"", ""shares"": null}, {""name"": ""石井 麻衣子"", ""title"": ""取締役 （監査等委員）"", ""shares"": null}, {""name"": ""柳堀 泰志"", ""title"": ""取締役 （監査等委員）"", ""shares"": null}]",,2021-06-01,2026-06-01,0.0907983761840325,0.418558491502295,0.4976825535636204,0.430865350928413,0.349436854829166,True,False,True,0.1049989798000408,True,2018-12-01,2018-12-01,EDINET_company_history,False,True,True,2,3,3,365/365/365/366/365,OK,16580100.0,2026-06-01,1124.0,37476971.666666664,1222.0,0.6234269092006742,-0.5950590762620838,False,repeated_negative_operating_cf,-0.1803818564039325,2954,Transformation Moat,18636032400.0,0.7604991797592328,既存適格性フィルター不通過: repeated_negative_operating_cf / 年率ボラティリティ60%以上
66,20260430,9219,9219.T,GiXo Ltd.,Growth Market(Domestic),9050,Services,10,"IT & SERVICES, OTHERS",-,,False,S100WQMM,株式会社ギックス,2025-09-24 16:00,2024-07-01,2025-06-30,NetSalesSummaryOfBusinessResults,nonconsolidated,722275000.0,1057232000.0,1686061000.0,2054186000.0,2308050000.0,2020-07-01,2021-07-01,2022-07-01,2023-07-01,2024-07-01,2021-06-30,2022-06-30,2023-06-30,2024-06-30,2025-06-30,OperatingIncome,nonconsolidated,-89569000.0,CurrentYearDuration_NonConsolidatedMember,網野知博,0.3552,1983000.0,True,網野 知博（代表取締役CEO） / 花谷 慎太郎（代表取締役COO）,網野 知博 / 花谷 慎太郎,True,網野 知博,2022-03-01,2022年３月: 東京証券取引所マザーズに株式を上場,"[{""rank"": 1, ""name"": ""網野知博"", ""ratio"": 0.3552, ""shares"": 1983000.0}, {""rank"": 2, ""name"": ""花谷慎太郎"", ""ratio"": 0.1392, ""shares"": 777000.0}, {""rank"": 3, ""name"": ""田中耕比古"", ""ratio"": 0.1213, ""shares"": 677000.0}, {""rank"": 4, ""name"": ""㈱JR西日本イノベーションズ"", ""ratio"": 0.0557, ""shares"": 311000.0}, {""rank"": 5, ""name"": ""BIPROGY㈱"", ""ratio"": 0.0468, ""shares"": 261000.0}, {""rank"": 6, ""name"": ""㈱日本カストディ銀行（信託口）"", ""ratio"": 0.0465, ""shares"": 259000.0}, {""rank"": 7, ""name"": ""日本マスタートラスト信託銀行㈱（信託口）"", ""ratio"": 0.022, ""shares"": 122000.0}, {""rank"": 8, ""name"": ""鴨居達哉"", ""ratio"": 0.0179, ""shares"": 100000.0}, {""rank"": 9, ""name"": ""松井証券㈱"", ""ratio"": 0.01, ""shares"": 55000.0}, {""rank"": 10, ""name"": ""ギックス従業員持株会"", ""ratio"": 0.0096, ""shares"": 53000.0}]","[{""name"": ""網野 知博"", ""title"": ""代表取締役CEO"", ""shares"": 1983400.0}, {""name"": ""花谷 慎太郎"", ""title"": ""代表取締役COO"", ""shares"": 777300.0}, {""name"": ""渡辺 真理 （戸籍上の氏名：水田 真理）"", ""title"": ""取締役"", ""shares"": 2773.0}, {""name"": ""田村 誠一"", ""title"": ""取締役"", ""shares"": 712.0}, {""name"": ""高阪 のぞみ （戸籍上の氏名：九法 のぞみ）"", ""title"": ""取締役"", ""shares"": 438.0}, {""name"": ""清水 明"", ""title"": ""常勤監査役"", ""shares"": null}, {""name"": ""原澤 敦美"", ""title"": ""監査役"", ""shares"": null}, {""name"": ""熊倉 安希子"", ""title"": ""監査役"", ""shares"": null}]",,2022-03-30,2026-06-01,0.4637527257623481,0.5947880881395946,0.2183343307270615,0.1235837455809747,0.3370130845783181,True,False,True,-0.03880721821451,False,2022-03-01,2022-03-30,local_price_first_trade,True,True,True,2,3,3,365/365/365/366/365,OK,5584731.0,2026-06-01,913.0,6850618.333333333,1019.0,0.5813317550339095,-0.7413452799893272,False,low_liquidity,-0.3526936630282553,3369,Future Moat,5098859403.0,2.2091633209852475,"既存適格性フィルター不通過: low_liquidity / 60日平均売買代金2,000万円未満 / ローカル5年最大下落率-60%以下"
67,20260430,4414,4414.T,"FLECT Co.,Ltd.",Growth Market(Domestic),5250,Information & Communication,10,"IT & SERVICES, OTHERS",-,,False,S100W10D,株式会社フレクト,2025-06-20 11:23,2024-04-01,2025-03-31,NetSalesSummaryOfBusinessResults,nonconsolidated,2559616000.0,3642443000.0,5305839000.0,6928611000.0,7949168000.0,2020-04-01,2021-04-01,2022-04-01,2023-04-01,2024-04-01,2021-03-31,2022-03-31,2023-03-31,2024-03-31,2025-03-31,OperatingIncome,nonconsolidated,1085310000.0,CurrentYearDuration_NonConsolidatedMember,合同会社クロ,0.592,3663000.0,False,黒川 幸治（代表取締役ＣＥＯ クラウドインテグレーション事業部 事業部長）,黒川 幸治,False,,2021-04-01,"2021年４月 Tableau Software,LLCとパートナー契約を締結 10月 Amazon Chime SDK and Chime Voice Connector Partnersに認定 12月 東京証券取引所マザーズに株式を上場","[{""rank"": 1, ""name"": ""合同会社クロ"", ""ratio"": 0.592, ""shares"": 3663000.0}, {""rank"": 2, ""name"": ""株式会社日本カストディ銀行（信託口）"", ""ratio"": 0.0553, ""shares"": 342000.0}, {""rank"": 3, ""name"": ""Salesforce, Inc. （国内連絡先）"", ""ratio"": 0.0447, ""shares"": 276000.0}, {""rank"": 4, ""name"": ""大橋 正興"", ""ratio"": 0.041, ""shares"": 254000.0}, {""rank"": 5, ""name"": ""清坂 大亮"", ""ratio"": 0.0165, ""shares"": 102000.0}, {""rank"": 6, ""name"": ""フレクト従業員持株会"", ""ratio"": 0.0122, ""shares"": 75000.0}, {""rank"": 7, ""name"": ""CACEIS BANK （常任代理人 香港上海銀行東京支店）"", ""ratio"": 0.0103, ""shares"": 63000.0}, {""rank"": 8, ""name"": ""株式会社SBI証券"", ""ratio"": 0.0092, ""shares"": 57000.0}, {""rank"": 9, ""name"": ""日本マスタートラスト信託銀行株式会社 (信託口)"", ""ratio"": 0.0086, ""shares"": 53000.0}, {""rank"": 10, ""name"": ""GOLDMAN SACHS INTERNATIONAL （常任代理人 ゴールドマン・サックス証券株式会社）"", ""ratio"": 0.0083, ""shares"": 51000.0}]","[{""name"": ""黒川 幸治"", ""title"": ""代表取締役ＣＥＯ クラウドインテグレーション事業部 事業部長"", ""shares"": 3669800.0}, {""name"": ""大橋 正興"", ""title"": ""取締役 技術戦略管掌"", ""shares"": 254000.0}, {""name"": ""銕川 陽介"", ""title"": ""取締役 （監査等委員）"", ""shares"": 600.0}, {""name"": ""藤原 章一"", ""title"": ""取締役 （監査等委員）"", ""shares"": 1000.0}, {""name"": ""小川 周哉"", ""title"": ""取締役 （監査等委員）"", ""shares"": 900.0}]",,2021-12-10,2026-06-01,0.4230427532879932,0.4566704269634418,0.3058464457741745,0.1472960453401122,0.3275066791091681,True,False,True,0.136531269687595,True,2021-04-01,2021-12-10,local_price_first_trade,True,False,False,2,3,3,365/365/365/366/365,OK,6188560.0,2026-06-01,1071.0,43919143.333333336,1091.0,0.6478215280837268,-0.7905249679897567,True,,-0.17394035122537,2938,Transformation Moat,6627947760.0,0.8337913804312602,年率ボラティリティ60%以上 / ローカル5年最大下落率-60%以下
68,20260430,9271,9271.T,"Wagokoro co.,ltd.",Growth Market(Domestic),6100,Retail Trade,14,RETAIL TRADE,-,,False,S100XUPT,株式会社和心,2026-03-27 15:39,2025-01-01,2025-12-31,NetSalesSummaryOfBusinessResults,consolidated,902142000.0,996843000.0,1330928000.0,2094946000.0,2783840000.0,2021-01-01,2022-01-01,2023-01-01,2024-01-01,2025-01-01,2021-12-31,2022-12-31,2023-12-31,2024-12-31,2025-12-31,OperatingIncome,consolidated,567712000.0,CurrentYearDuration,森 智宏,0.2523,1643000.0,True,森 智宏（代表取締役）,森 智宏,True,森 智宏,2018-03-01,2018年３月: 東京証券取引所マザーズ市場に株式を上場((注)2022年4月4日に東京証券取引所の市場区分の見直しによりマザーズ市場からグロース市場へ移行しております。),"[{""rank"": 1, ""name"": ""森 智宏"", ""ratio"": 0.2523, ""shares"": 1643000.0}, {""rank"": 2, ""name"": ""株式会社フォレスト"", ""ratio"": 0.1546, ""shares"": 1007000.0}, {""rank"": 3, ""name"": ""佐野 健一"", ""ratio"": 0.1101, ""shares"": 717000.0}, {""rank"": 4, ""name"": ""吉村 英毅"", ""ratio"": 0.0543, ""shares"": 353000.0}, {""rank"": 5, ""name"": ""最上 夢人"", ""ratio"": 0.0406, ""shares"": 264000.0}, {""rank"": 6, ""name"": ""楽天証券株式会社"", ""ratio"": 0.035, ""shares"": 228000.0}, {""rank"": 7, ""name"": ""株式会社SBI証券"", ""ratio"": 0.0239, ""shares"": 155000.0}, {""rank"": 8, ""name"": ""吉村 英毅"", ""ratio"": 0.0235, ""shares"": 153000.0}, {""rank"": 9, ""name"": ""株式会社ローカル"", ""ratio"": 0.0171, ""shares"": 111000.0}, {""rank"": 10, ""name"": ""GOLDMANSACHSINTERNATIONAL"", ""ratio"": 0.0167, ""shares"": 109000.0}]","[{""name"": ""森 智宏"", ""title"": ""代表取締役"", ""shares"": 2650200.0}, {""name"": ""最上 夢人"", ""title"": ""専務取締役店舗事業本部長"", ""shares"": 264600.0}, {""name"": ""小田桐 新五"", ""title"": ""専務取締役法人営業本部長"", ""shares"": null}, {""name"": ""稲井 祥平"", ""title"": ""取締役"", ""shares"": 31000.0}, {""name"": ""斎藤 順一"", ""title"": ""取締役CFO"", ""shares"": 2500.0}, {""name"": ""白潟 敏朗"", ""title"": ""取締役(監査等委員)"", ""shares"": 4800.0}, {""name"": ""津金 庸平"", ""title"": ""取締役(監査等委員)"", ""shares"": null}, {""name"": ""山口 一"", ""title"": ""取締役(監査等委員)"", ""shares"": null}]",,2021-06-01,2026-06-01,0.1049734964118731,0.3351430465981102,0.5740490845485255,0.3288361609320718,0.3253858879582807,True,False,True,0.2039312604172653,True,2018-03-01,2018-03-01,EDINET_company_history,False,True,True,2,3,3,365/365/365/366/365,OK,6511724.0,2026-06-01,989.0,42599123.333333336,1222.0,0.6373228737382395,-0.5676077265973254,True,,0.0836625201930918,1330,Discovery,6440095036.0,2.3133854804873843,年率ボラティリティ60%以上
69,20260430,5027,5027.T,AnyMind Group Inc.,Growth Market(Domestic),5250,Information & Communication,10,"IT & SERVICES, OTHERS",-,,False,S100XUHG,ＡｎｙＭｉｎｄ　Ｇｒｏｕｐ株式会社,2026-03-26 15:31,2025-01-01,2025-12-31,RevenueIFRSSummaryOfBusinessResults,consolidated,19252000000.0,24790000000.0,33460000000.0,50713000000.0,57300000000.0,2021-01-01,2022-01-01,2023-01-01,2024-01-01,2025-01-01,2021-12-31,2022-12-31,2023-12-31,2024-12-31,2025-12-31,OperatingProfitLossIFRS,consolidated,1798000000.0,CurrentYearDuration,十 河 宏 輔,0.3769,22524500.0,True,十河 宏輔（代表取締役CEO）,十河 宏輔,True,十河 宏輔,2023-03-01,2023年３月: 東京証券取引所グロース市場に株式を上場,"[{""rank"": 1, ""name"": ""十 河 宏 輔"", ""ratio"": 0.3769, ""shares"": 22524500.0}, {""rank"": 2, ""name"": ""小 堤 音 彦"", ""ratio"": 0.0961, ""shares"": 5742300.0}, {""rank"": 3, ""name"": ""株式会社日本カストディ銀行（信託口）"", ""ratio"": 0.0843, ""shares"": 5037000.0}, {""rank"": 4, ""name"": ""日本グロースキャピタル投資法人"", ""ratio"": 0.0489, ""shares"": 2923100.0}, {""rank"": 5, ""name"": ""JICベンチャー・グロース・ファンド１号投資事業有限責任組合"", ""ratio"": 0.0412, ""shares"": 2463100.0}, {""rank"": 6, ""name"": ""JAFCO Asia Technology Fund VII Pte. Ltd."", ""ratio"": 0.034, ""shares"": 2032900.0}, {""rank"": 7, ""name"": ""JPインベストメント１号投資事業有限責任組合"", ""ratio"": 0.0301, ""shares"": 1799700.0}, {""rank"": 8, ""name"": ""日本マスタートラスト信託銀行株式会社（信託口）"", ""ratio"": 0.0221, ""shares"": 1323600.0}, {""rank"": 9, ""name"": ""渡 邊 久 憲"", ""ratio"": 0.0195, ""shares"": 1167600.0}, {""rank"": 10, ""name"": ""野村證券株式会社"", ""ratio"": 0.0143, ""shares"": 855454.0}]","[{""name"": ""十河 宏輔"", ""title"": ""代表取締役CEO"", ""shares"": 23124500.0}, {""name"": ""大川 敬三"", ""title"": ""取締役CFO"", ""shares"": 60000.0}, {""name"": ""池内 省五"", ""title"": ""取締役"", ""shares"": null}, {""name"": ""村田 昌平"", ""title"": ""取締役監査等委員（常勤）"", ""shares"": null}, {""name"": ""北澤 直"", ""title"": ""取締役監査等委員"", ""shares"": null}, {""name"": ""岡 知敬"", ""title"": ""取締役監査等委員"", ""shares"": null}]",,2023-03-29,2026-06-01,0.2876584250986911,0.3497377974989915,0.5156306037059175,0.1298877999723937,0.3134685918669764,True,False,True,0.0313787085514834,False,2023-03-01,2023-03-29,local_price_first_trade,True,True,True,2,3,3,365/365/365/366/365,OK,59759950.0,2026-06-01,507.0,191185765.0,775.0,0.6153229999622768,-0.7465441215879322,False,missing_financial_data,-0.3095812990865842,3298,Future Moat,30298294650.0,0.52876604973822,既存適格性フィルター不通過: missing_financial_data / 年率ボラティリティ60%以上 / ローカル5年最大下落率-60%以下
70,20260430,8927,8927.T,"MEIHO ENTERPRISE CO.,LTD.",Standard Market(Domestic),8050,Real Estate,17,REAL ESTATE,-,,False,S100WXQ6,株式会社明豊エンタープライズ,2025-10-31 09:23,2024-08-01,2025-07-31,NetSalesSummaryOfBusinessResults,consolidated,10181094000.0,11160825000.0,15247891000.0,20562348000.0,29796484000.0,2020-08-01,2021-08-01,2022-08-01,2023-08-01,2024-08-01,2021-07-31,2022-07-31,2023-07-31,2024-07-31,2025-07-31,OperatingIncome,consolidated,3373703000.0,CurrentYearDuration,矢吹 満,0.4482,13219000.0,True,矢 吹 満（代表取締役会長兼社長）,矢 吹 満,True,矢 吹 満,2004-12-01,2004年12月: 日本証券業協会への店頭登録を取消し、ジャスダック証券取引所に株式を上場,"[{""rank"": 1, ""name"": ""矢吹 満"", ""ratio"": 0.4482, ""shares"": 13219000.0}, {""rank"": 2, ""name"": ""株式会社プリマベーラ"", ""ratio"": 0.0814, ""shares"": 2400000.0}, {""rank"": 3, ""name"": ""田中 成奉"", ""ratio"": 0.041, ""shares"": 1210000.0}, {""rank"": 4, ""name"": ""株式会社ハウスセゾン"", ""ratio"": 0.0378, ""shares"": 1115000.0}, {""rank"": 5, ""name"": ""井元 喜一"", ""ratio"": 0.0245, ""shares"": 722000.0}, {""rank"": 6, ""name"": ""佐藤 隆子"", ""ratio"": 0.0153, ""shares"": 452000.0}, {""rank"": 7, ""name"": ""瀬尾 美美"", ""ratio"": 0.0147, ""shares"": 433000.0}, {""rank"": 8, ""name"": ""株式会社翔栄"", ""ratio"": 0.0145, ""shares"": 428000.0}, {""rank"": 9, ""name"": ""桑畑 智"", ""ratio"": 0.0136, ""shares"": 400000.0}, {""rank"": 10, ""name"": ""野村信託銀行株式会社（投信口）"", ""ratio"": 0.009, ""shares"": 266000.0}]","[{""name"": ""矢 吹 満"", ""title"": ""代表取締役会長兼社長"", ""shares"": 13218600.0}, {""name"": ""安 田 俊 治"", ""title"": ""取締役専務執行役員管理担当"", ""shares"": 8300.0}, {""name"": ""吉 田 茂 樹"", ""title"": ""取締役 執行役員 営業本部長"", ""shares"": 34300.0}, {""name"": ""萱 野 唯"", ""title"": ""取締役（監査等委員）"", ""shares"": null}, {""name"": ""山 本 泰 史"", ""title"": ""取締役（監査等委員）"", ""shares"": null}, {""name"": ""松 本 悠 平"", ""title"": ""取締役（監査等委員）"", ""shares"": null}, {""name"": ""神 田 有 宏"", ""title"": ""取締役（監査等委員）"", ""shares"": null}, {""name"": ""柴 田 陽 子"", ""title"": ""取締役（監査等委員）"", ""shares"": null}]",,2021-06-01,2026-06-01,0.096230424746103,0.3661974809209893,0.3485371845850682,0.4490798424382274,0.307954520605852,True,False,True,0.1132248690818688,True,2004-12-01,2004-12-01,EDINET_company_history,False,True,True,2,3,3,365/365/365/366/365,OK,29492800.0,2026-06-01,420.0,95280250.0,1222.0,0.3613338870512275,-0.3982790668667911,False,repeated_negative_operating_cf,0.0245369660472709,1687,Transformation Moat,12386976000.0,0.4157193848777594,既存適格性フィルター不通過: repeated_negative_operating_cf
71,20260430,4680,4680.T,ROUND ONE Corporation,Prime Market (Domestic),9050,Services,10,"IT & SERVICES, OTHERS",4,TOPIX Mid400,False,S100W81W,株式会社ラウンドワン,2025-06-27 11:30,2024-04-01,2025-03-31,NetSalesSummaryOfBusinessResults,consolidated,60967000000.0,96421000000.0,142051000000.0,159181000000.0,177057000000.0,2020-04-01,2021-04-01,2022-04-01,2023-04-01,2024-04-01,2021-03-31,2022-03-31,2023-03-31,2024-03-31,2025-03-31,OperatingProfitLossIFRS,consolidated,26240000000.0,CurrentYearDuration,杉野 公彦,0.2277,59688000.0,True,杉野 公彦（代表取締役社長） / 佐々江 愼二（取締役副社長）,杉野 公彦 / 佐々江 愼二,True,杉野 公彦,1997-08-01,1997年８月: 大阪証券取引所市場第二部に株式を上場,"[{""rank"": 1, ""name"": ""杉野 公彦"", ""ratio"": 0.2277, ""shares"": 59688000.0}, {""rank"": 2, ""name"": ""管理信託（A027）受託者 株式会社SMBC信託銀行"", ""ratio"": 0.1337, ""shares"": 35047000.0}, {""rank"": 3, ""name"": ""日本マスタートラスト信託銀行株式会社（信託口）"", ""ratio"": 0.1086, ""shares"": 28461000.0}, {""rank"": 4, ""name"": ""株式会社日本カストディ銀行（信託口）"", ""ratio"": 0.0677, ""shares"": 17750000.0}, {""rank"": 5, ""name"": ""BNY GCM CLIENT ACCOUNT JPRD AC ISG (FE-AC)"", ""ratio"": 0.0268, ""shares"": 7024000.0}, {""rank"": 6, ""name"": ""GOVERNMENT OF NORWAY"", ""ratio"": 0.0176, ""shares"": 4623000.0}, {""rank"": 7, ""name"": ""STATE STREET BANK AND TRUST COMPANY 505001"", ""ratio"": 0.0169, ""shares"": 4424000.0}, {""rank"": 8, ""name"": ""STATE STREET BANK AND TRUST COMPANY 505223"", ""ratio"": 0.0122, ""shares"": 3190000.0}, {""rank"": 9, ""name"": ""JP MORGAN CHASE BANK 385632"", ""ratio"": 0.0116, ""shares"": 3030000.0}, {""rank"": 10, ""name"": ""MSCO CUSTOMER SECURITIES"", ""ratio"": 0.0115, ""shares"": 3020000.0}]","[{""name"": ""杉野 公彦"", ""title"": ""代表取締役社長"", ""shares"": 59688900.0}, {""name"": ""佐々江 愼二"", ""title"": ""取締役副社長"", ""shares"": 52200.0}, {""name"": ""川口 英嗣"", ""title"": ""取締役 グループ事業本部長"", ""shares"": 18200.0}, {""name"": ""岡本 純"", ""title"": ""取締役 管理本部長"", ""shares"": 14800.0}, {""name"": ""綴木 公子"", ""title"": ""取締役"", ""shares"": 4000.0}, {""name"": ""高口 綾子"", ""title"": ""取締役"", ""shares"": 3400.0}, {""name"": ""川端 さとみ"", ""title"": ""取締役"", ""shares"": null}, {""name"": ""後藤 知之"", ""title"": ""常勤監査役"", ""shares"": 2400.0}, {""name"": ""岩川 浩"", ""title"": ""監査役"", ""shares"": 60000.0}, {""name"": ""奥田 純司"", ""title"": ""監査役"", ""shares"": 15840.0}]",,2021-06-01,2026-06-01,0.5815277117128939,0.4732371578805447,0.1205904921471865,0.1122998347792765,0.3054329459612972,True,False,True,0.1482008618693415,True,1997-08-01,1997-08-01,EDINET_company_history,False,True,True,2,3,3,365/365/365/366/365,OK,262188342.0,2026-06-01,899.0,2192292031.963196,1222.0,0.4483534883382175,-0.5064891172046034,False,other_data_quality_issue,0.2603697788335117,520,Core Moat,235707319458.0,1.3312510629797183,既存適格性フィルター不通過: other_data_quality_issue
72,20260430,9560,9560.T,PROGRIT Inc.,Growth Market(Domestic),9050,Services,10,"IT & SERVICES, OTHERS",-,,False,S100X76V,株式会社プログリット,2025-11-27 15:30,2024-09-01,2025-08-31,NetSalesSummaryOfBusinessResults,nonconsolidated,1981101000.0,2252808000.0,3023643000.0,4453271000.0,5747514000.0,2020-09-01,2021-09-01,2022-09-01,2023-09-01,2024-09-01,2021-08-31,2022-08-31,2023-08-31,2024-08-31,2025-08-31,OperatingIncome,nonconsolidated,1202969000.0,CurrentYearDuration_NonConsolidatedMember,株式会社ＳＯ,0.2074,2569000.0,False,岡田 祥吾（代表取締役社長） / 山碕 峻太郎（取締役副社長 人事部長 兼 新規事業開発部長 兼 プログリット事業部長）,岡田 祥吾 / 山碕 峻太郎,False,,2022-09-01,2022年９月: 東京証券取引所グロース市場に株式を上場,"[{""rank"": 1, ""name"": ""株式会社ＳＯ"", ""ratio"": 0.2074, ""shares"": 2569000.0}, {""rank"": 2, ""name"": ""岡田 祥吾"", ""ratio"": 0.1424, ""shares"": 1764000.0}, {""rank"": 3, ""name"": ""株式会社ＨＯＨＥＴＯ"", ""ratio"": 0.1097, ""shares"": 1358000.0}, {""rank"": 4, ""name"": ""株式会社日本カストディ銀行(信託口)"", ""ratio"": 0.0806, ""shares"": 998000.0}, {""rank"": 5, ""name"": ""山碕 峻太郎"", ""ratio"": 0.0484, ""shares"": 599000.0}, {""rank"": 6, ""name"": ""日本マスタートラスト信託銀行株式会社(信託口)"", ""ratio"": 0.0414, ""shares"": 513000.0}, {""rank"": 7, ""name"": ""三井住友信託銀行株式会社（信託口 甲２４号）"", ""ratio"": 0.0266, ""shares"": 330000.0}, {""rank"": 8, ""name"": ""ＢＢＨ ＬＵＸ／ＢＲＯＷＮ ＢＲＯＴＨＥＲＳ ＨＡＲＲＩＭＡＮ（ＬＵＸＥＭＢＯＵＲＧ） ＳＣＡ ＣＵＳＴＯＤＩＡＮ（常任代理人 株式会社三井住友銀行）"", ""ratio"": 0.0199, ""shares"": 247000.0}, {""rank"": 9, ""name"": ""谷内 亮太"", ""ratio"": 0.0148, ""shares"": 183000.0}, {""rank"": 10, ""name"": ""ＢＮＹ ＧＣＭ ＣＬＩＥＮＴ ＡＣＣＯＵＮＴ ＪＰＲＤ ＡＣ ＩＳＧ （ＦＥ－ＡＣ）（常任代理人 株式会社三菱ＵＦＪ銀行）"", ""ratio"": 0.0135, ""shares"": 166000.0}]","[{""name"": ""岡田 祥吾"", ""title"": ""代表取締役社長"", ""shares"": 4333559.0}, {""name"": ""山碕 峻太郎"", ""title"": ""取締役副社長 人事部長 兼 新規事業開発部長 兼 プログリット事業部長"", ""shares"": 1957831.0}, {""name"": ""谷内 亮太"", ""title"": ""取締役ＣＦＯ"", ""shares"": 183733.0}, {""name"": ""相木 孝仁"", ""title"": ""取締役"", ""shares"": 31000.0}, {""name"": ""松下 衞"", ""title"": ""常勤監査役"", ""shares"": null}, {""name"": ""根橋 弘之"", ""title"": ""監査役"", ""shares"": null}, {""name"": ""東 陽亮"", ""title"": ""監査役"", ""shares"": null}]",,2022-09-29,2026-06-01,0.1371494941449225,0.3421663097787295,0.4728164006134321,0.2906274960585151,0.3050986942351925,True,False,True,0.2093024914771847,True,2022-09-01,2022-09-29,local_price_first_trade,True,False,False,2,3,3,365/365/365/366/365,OK,12386111.0,2026-06-01,694.0,59027856.666666664,896.0,0.6715233783393234,-0.7104759343937039,True,,-0.1140082871558656,2682,Transformation Moat,8595961034.0,1.495596362879673,年率ボラティリティ60%以上 / ローカル5年最大下落率-60%以下
73,20260430,5246,5246.T,"ELEMENTS,Inc.",Growth Market(Domestic),5250,Information & Communication,10,"IT & SERVICES, OTHERS",-,,False,S100XMUN,株式会社ＥＬＥＭＥＮＴＳ,2026-02-25 16:09,2024-12-01,2025-11-30,NetSalesSummaryOfBusinessResults,consolidated,1362051000.0,1651627000.0,1940397000.0,2545724000.0,3895112000.0,2020-12-01,2021-12-01,2022-12-01,2023-12-01,2024-12-01,2021-11-30,2022-11-30,2023-11-30,2024-11-30,2025-11-30,OperatingIncome,consolidated,-215316000.0,CurrentYearDuration,久田 康弘,0.2434,6600000.0,True,久 田 康 弘（代表取締役 会長） / 長 谷 川 敬 起（代表取締役 社長）,久 田 康 弘 / 長 谷 川 敬 起,True,久 田 康 弘,2022-12-01,2022年12月: 東京証券取引所グロース市場に上場,"[{""rank"": 1, ""name"": ""久田 康弘"", ""ratio"": 0.2434, ""shares"": 6600000.0}, {""rank"": 2, ""name"": ""株式会社日本カストディ銀行（信託口）"", ""ratio"": 0.0749, ""shares"": 2033500.0}, {""rank"": 3, ""name"": ""株式会社BOC"", ""ratio"": 0.0455, ""shares"": 1235900.0}, {""rank"": 4, ""name"": ""楽天証券株式会社共有口"", ""ratio"": 0.0316, ""shares"": 858216.0}, {""rank"": 5, ""name"": ""上田八木短資株式会社"", ""ratio"": 0.0242, ""shares"": 657300.0}, {""rank"": 6, ""name"": ""株式会社SBI証券"", ""ratio"": 0.0168, ""shares"": 456700.0}, {""rank"": 7, ""name"": ""三菱UFJeスマート証券株式会社"", ""ratio"": 0.0092, ""shares"": 251670.0}, {""rank"": 8, ""name"": ""東急不動産株式会社"", ""ratio"": 0.0087, ""shares"": 236200.0}, {""rank"": 9, ""name"": ""KDDI株式会社"", ""ratio"": 0.0087, ""shares"": 236000.0}, {""rank"": 10, ""name"": ""NOMURA INTERNATIONAL PLC A/C JAPAN FLOW（常任代理人野村證券株式会社）"", ""ratio"": 0.0085, ""shares"": 230811.0}]","[{""name"": ""久 田 康 弘"", ""title"": ""代表取締役 会長"", ""shares"": 6600000.0}, {""name"": ""長 谷 川 敬 起"", ""title"": ""代表取締役 社長"", ""shares"": 156000.0}, {""name"": ""大 岩 良 行"", ""title"": ""取締役"", ""shares"": 134000.0}, {""name"": ""沖 田 貴 史"", ""title"": ""取締役監査等委員"", ""shares"": null}, {""name"": ""石 川 正 俊"", ""title"": ""取締役監査等委員"", ""shares"": null}, {""name"": ""井 上 伸 一"", ""title"": ""取締役監査等委員"", ""shares"": null}]",,2022-12-27,2026-06-01,0.2126029054712341,0.1748397186531824,0.311960387487715,0.5300606035846778,0.3004140261811072,True,False,True,-0.0552785131724068,False,2022-12-01,2022-12-27,local_price_first_trade,True,True,True,2,3,3,365/365/365/366/365,OK,27115114.0,2026-06-01,610.0,383262906.6666667,836.0,0.8738032683806712,-0.8045148895292988,False,repeated_operating_loss;repeated_negative_operating_cf,-0.5499768391006556,3523,Transformation Moat,16540219540.0,4.246404093130057,既存適格性フィルター不通過: repeated_operating_loss;repeated_negative_operating_cf / 年率ボラティリティ60%以上 / ローカル5年最大下落率-60%以下
74,20260430,5574,5574.T,"ABEJA,Inc.",Growth Market(Domestic),5250,Information & Communication,10,"IT & SERVICES, OTHERS",-,,False,S100X6IA,株式会社ＡＢＥＪＡ,2025-11-25 15:30,2024-09-01,2025-08-31,NetSalesSummaryOfBusinessResults,nonconsolidated,1259318000.0,1978230000.0,2775469000.0,2766251000.0,3585409000.0,2020-09-01,2021-09-01,2022-09-01,2023-09-01,2024-09-01,2021-08-31,2022-08-31,2023-08-31,2024-08-31,2025-08-31,OperatingIncome,nonconsolidated,445886000.0,CurrentYearDuration_NonConsolidatedMember,ＳＯＭＰＯ Ｌｉｇｈｔ Ｖｏｒｔｅｘ株式会社,0.1734,1693500.0,False,岡田 陽介（代表取締役ＣＥＯ） / 小間 基裕（代表取締役ＣＯＯ）,岡田 陽介 / 小間 基裕,False,,2023-06-01,2023年６月: 東京証券取引所グロース市場に株式を上場,"[{""rank"": 1, ""name"": ""ＳＯＭＰＯ Ｌｉｇｈｔ Ｖｏｒｔｅｘ株式会社"", ""ratio"": 0.1734, ""shares"": 1693500.0}, {""rank"": 2, ""name"": ""岡田 陽介"", ""ratio"": 0.1309, ""shares"": 1278600.0}, {""rank"": 3, ""name"": ""ヒューリック株式会社"", ""ratio"": 0.0443, ""shares"": 432945.0}, {""rank"": 4, ""name"": ""株式会社インスパイア・インベストメント"", ""ratio"": 0.0287, ""shares"": 280400.0}, {""rank"": 5, ""name"": ""外木 直樹"", ""ratio"": 0.0252, ""shares"": 246700.0}, {""rank"": 6, ""name"": ""小間 基裕"", ""ratio"": 0.0145, ""shares"": 142000.0}, {""rank"": 7, ""name"": ""ＢＡＮＫ ＪＵＬＩＵＳ ＢＡＥＲ ＡＮＤ ＣＯ． ＬＴＤ． ＳＩＮＧＡＰＯＲＥ ＣＬＩＥＮＴＳ （常任代理人 株式会社三菱ＵＦＪ銀行）"", ""ratio"": 0.0112, ""shares"": 110000.0}, {""rank"": 8, ""name"": ""ＴＢＳイノベーション・パートナーズ２号投資事業組合"", ""ratio"": 0.0106, ""shares"": 104100.0}, {""rank"": 9, ""name"": ""藤井 衛"", ""ratio"": 0.0102, ""shares"": 100000.0}, {""rank"": 10, ""name"": ""杉山 央"", ""ratio"": 0.0095, ""shares"": 93500.0}]","[{""name"": ""岡田 陽介"", ""title"": ""代表取締役ＣＥＯ"", ""shares"": 1378600.0}, {""name"": ""小間 基裕"", ""title"": ""代表取締役ＣＯＯ"", ""shares"": 142000.0}, {""name"": ""英 一樹"", ""title"": ""取締役ＣＦＯ"", ""shares"": 66000.0}, {""name"": ""外木 直樹"", ""title"": ""取締役ＣＳＯ"", ""shares"": 246700.0}, {""name"": ""田中 邦裕"", ""title"": ""取締役"", ""shares"": 3000.0}, {""name"": ""麻野 耕司"", ""title"": ""取締役"", ""shares"": null}, {""name"": ""的野 仁"", ""title"": ""取締役"", ""shares"": null}, {""name"": ""桃原 隼一"", ""title"": ""常勤監査役"", ""shares"": null}, {""name"": ""清水 琢麿"", ""title"": ""監査役"", ""shares"": 10000.0}, {""name"": ""青山 正明"", ""title"": ""監査役"", ""shares"": null}]",,2023-06-14,2026-06-01,0.5708740762857356,0.4030062227344646,-0.0033212404822392,0.2961256950291207,0.2989750914848401,True,False,True,0.1243612653396028,True,2023-06-01,2023-06-14,local_price_first_trade,True,False,False,2,3,3,365/365/365/366/365,OK,9764700.0,2026-06-01,2237.0,333634070.0,723.0,0.7786519604388086,-0.8344086021505377,True,,-0.2295780379935143,3130,Future Moat,21843633900.0,6.092368792514327,年率ボラティリティ60%以上 / ローカル5年最大下落率-60%以下
75,20260430,9158,9158.T,CUC Inc.,Growth Market(Domestic),9050,Services,10,"IT & SERVICES, OTHERS",-,,False,S100W87M,株式会社シーユーシー,2025-06-27 14:48,2024-04-01,2025-03-31,RevenueIFRSSummaryOfBusinessResults,consolidated,16606000000.0,35314000000.0,35210000000.0,33025000000.0,47043000000.0,2020-04-01,2021-04-01,2022-04-01,2023-04-01,2024-04-01,2021-03-31,2022-03-31,2023-03-31,2024-03-31,2025-03-31,OperatingProfitLossIFRS,consolidated,5343000000.0,CurrentYearDuration,エムスリー株式会社,0.6345,18600000.0,False,濵口 慶太（代表取締役）,濵口 慶太,False,,2023-06-01,2023年６月: 東京証券取引所グロース市場に株式を上場,"[{""rank"": 1, ""name"": ""エムスリー株式会社"", ""ratio"": 0.6345, ""shares"": 18600000.0}, {""rank"": 2, ""name"": ""株式会社日本カストディ銀行（信託口）"", ""ratio"": 0.0722, ""shares"": 2117100.0}, {""rank"": 3, ""name"": ""NATIONAL FINANCIAL SERVICES LLC （常任代理人 シティバンク エヌ・エイ東京支店）"", ""ratio"": 0.0621, ""shares"": 1820000.0}, {""rank"": 4, ""name"": ""株式会社日本政策投資銀行"", ""ratio"": 0.0297, ""shares"": 870400.0}, {""rank"": 5, ""name"": ""柴原 慶一"", ""ratio"": 0.0239, ""shares"": 701900.0}, {""rank"": 6, ""name"": ""日本マスタートラスト信託銀行株式会社（信託口）"", ""ratio"": 0.0156, ""shares"": 458700.0}, {""rank"": 7, ""name"": ""田邉 隆通"", ""ratio"": 0.0141, ""shares"": 414000.0}, {""rank"": 8, ""name"": ""BBH LUX/BROWN BROTHERS HARRIMAN（LUXEMBOURG）SCA CUSTODIAN FOR SMD－AM FUNDS－DSBI JAPAN EQUITY SMALL CAP ABSOLUTE VALUE （常任代理人 三井住友銀行）"", ""ratio"": 0.0128, ""shares"": 375100.0}, {""rank"": 9, ""name"": ""FIDELITY INVESTMENT TRUST： FIDELITY JAPAN FUND （常任代理人 シティバンク エヌ・エイ東京支店）"", ""ratio"": 0.0103, ""shares"": 302100.0}, {""rank"": 10, ""name"": ""FIDELITY INVESTMENT TRUST： FIDELITY PACIFIC BASIN FUND （常任代理人 シティバンク エヌ・エイ東京支店）"", ""ratio"": 0.0097, ""shares"": 283100.0}]","[{""name"": ""濵口 慶太"", ""title"": ""代表取締役"", ""shares"": 1820000.0}, {""name"": ""田邉 隆通"", ""title"": ""取締役"", ""shares"": 414000.0}, {""name"": ""松浦 俊雄"", ""title"": ""取締役"", ""shares"": null}, {""name"": ""大場 啓史"", ""title"": ""取締役"", ""shares"": null}, {""name"": ""桶谷 主税"", ""title"": ""取締役 （監査等委員）"", ""shares"": 32000.0}, {""name"": ""光原 ゆき"", ""title"": ""取締役 （監査等委員）"", ""shares"": null}, {""name"": ""大澤 玄"", ""title"": ""取締役 （監査等委員）"", ""shares"": null}]",,2023-06-21,2026-06-01,1.1265807539443573,-0.0029450076456929,-0.0620562340244248,0.4244663133989401,0.2973510091678286,True,False,True,0.1135769402461577,True,2023-06-01,2023-06-21,local_price_first_trade,True,False,False,2,3,3,365/365/365/366/365,OK,29315400.0,2026-06-01,816.0,138044661.66666666,718.0,0.6360082642896968,-0.8471739130434782,False,missing_financial_data,-0.3502033225388479,3364,Future Moat,23921366400.0,0.508500019131433,既存適格性フィルター不通過: missing_financial_data / 年率ボラティリティ60%以上 / ローカル5年最大下落率-60%以下
76,20260430,3697,3697.T,SHIFT Inc.,Prime Market (Domestic),5250,Information & Communication,10,"IT & SERVICES, OTHERS",4,TOPIX Mid400,False,S100X63F,株式会社ＳＨＩＦＴ,2025-11-21 16:52,2024-09-01,2025-08-31,NetSalesSummaryOfBusinessResults,consolidated,46004000000.0,64873000000.0,88030000000.0,110627000000.0,129819000000.0,2020-09-01,2021-09-01,2022-09-01,2023-09-01,2024-09-01,2021-08-31,2022-08-31,2023-08-31,2024-08-31,2025-08-31,OperatingIncome,consolidated,15628000000.0,CurrentYearDuration,丹下 大,0.3062,81646000.0,True,丹下 大（代表取締役社長）,丹下 大,True,丹下 大,2014-11-01,2014年11月: 株式を東京証券取引所マザーズ市場に上場,"[{""rank"": 1, ""name"": ""丹下 大"", ""ratio"": 0.3062, ""shares"": 81646000.0}, {""rank"": 2, ""name"": ""日本マスタートラスト信託銀行株式会社(信託口）"", ""ratio"": 0.1122, ""shares"": 29924000.0}, {""rank"": 3, ""name"": ""株式会社日本カストディ銀行（信託口）"", ""ratio"": 0.0796, ""shares"": 21231000.0}, {""rank"": 4, ""name"": ""STATE STREET BANK AND TRUST COMPANY 505001（常任代理人 株式会社みずほ銀行決済営業部）"", ""ratio"": 0.0725, ""shares"": 19345000.0}, {""rank"": 5, ""name"": ""STATE STREET BANK AND TRUST COMPANY 505025（常任代理人 株式会社みずほ銀行決済営業部）"", ""ratio"": 0.029, ""shares"": 7741000.0}, {""rank"": 6, ""name"": ""JP JPMSE LUX RE BARCLAYS CAPITAL SEC LTD EQ CO （常任代理人 株式会社三菱ＵＦＪ銀行）"", ""ratio"": 0.013, ""shares"": 3468000.0}, {""rank"": 7, ""name"": ""日本マスタートラスト信託銀行株式会社（株式付与ESOP信託口・75876口）"", ""ratio"": 0.0123, ""shares"": 3298000.0}, {""rank"": 8, ""name"": ""STATE STREET BANK WEST CLIENT - TREATY 505234 （常任代理人 株式会社みずほ銀行決済営業部）"", ""ratio"": 0.0094, ""shares"": 2514000.0}, {""rank"": 9, ""name"": ""小林 元也"", ""ratio"": 0.0084, ""shares"": 2248000.0}, {""rank"": 10, ""name"": ""STATE STREET BANK AND TRUST COMPANY 505103 （常任代理人 株式会社みずほ銀行決済営業部）"", ""ratio"": 0.008, ""shares"": 2134000.0}]","[{""name"": ""丹下 大"", ""title"": ""代表取締役社長"", ""shares"": 81646000.0}, {""name"": ""佐々木 道夫"", ""title"": ""取締役会長"", ""shares"": 27000.0}, {""name"": ""小林 元也"", ""title"": ""取締役"", ""shares"": 2248000.0}, {""name"": ""服部 太一"", ""title"": ""取締役（非常勤）"", ""shares"": 12000.0}, {""name"": ""村上 誠典"", ""title"": ""取締役"", ""shares"": 4000.0}, {""name"": ""元谷 芙美子"", ""title"": ""取締役"", ""shares"": 156000.0}, {""name"": ""Amy Shigemi Hatta"", ""title"": ""取締役"", ""shares"": null}, {""name"": ""新井 優介"", ""title"": ""取締役（監査等委員）（常勤）"", ""shares"": null}, {""name"": ""中垣 徹二郎"", ""title"": ""取締役（監査等委員）（非常勤）"", ""shares"": 2000.0}, {""name"": ""谷中 直子"", ""title"": ""取締役（監査等委員）（非常勤）"", ""shares"": null}]",,2021-06-01,2026-06-01,0.4101599860881662,0.3569589813944167,0.2566965807111212,0.1734838692181837,0.2960915110857967,True,False,True,0.1203829947850468,True,2014-11-01,2014-11-01,EDINET_company_history,False,True,True,2,3,3,365/365/365/366/365,OK,266583670.0,2026-06-01,727.2000122070312,5806373240.805766,1222.0,0.5612108349529885,-0.7559166717529296,True,,-0.3294646194216301,3328,Future Moat,193859648078.1952,1.4933072052488094,ローカル5年最大下落率-60%以下
77,20260430,7089,7089.T,"for Startups,Inc.",Growth Market(Domestic),9050,Services,10,"IT & SERVICES, OTHERS",-,,False,S100W265,フォースタートアップス株式会社,2025-06-23 11:11,2024-04-01,2025-03-31,NetSalesSummaryOfBusinessResults,nonconsolidated,1273285000.0,2348687000.0,2998644000.0,3393459000.0,3571897000.0,2020-04-01,2021-04-01,2022-04-01,2023-04-01,2024-04-01,2021-03-31,2022-03-31,2023-03-31,2024-03-31,2025-03-31,OperatingIncome,nonconsolidated,437956000.0,CurrentYearDuration_NonConsolidatedMember,志水 雄一郎,0.0955,317300.0,True,志水 雄一郎（代表取締役社長） / 恒田 有希子（取締役副社長兼ヒューマンキャピタル 本部長兼オープンイノベーション本部長）,志水 雄一郎 / 恒田 有希子,True,志水 雄一郎,2020-03-01,2020年３月: 東京証券取引所マザーズに株式を上場,"[{""rank"": 1, ""name"": ""志水 雄一郎"", ""ratio"": 0.0955, ""shares"": 317300.0}, {""rank"": 2, ""name"": ""日本交通株式会社"", ""ratio"": 0.0752, ""shares"": 250000.0}, {""rank"": 3, ""name"": ""吉川 徹"", ""ratio"": 0.0491, ""shares"": 163100.0}, {""rank"": 4, ""name"": ""株式会社日本カストディ銀行(信託口)"", ""ratio"": 0.0357, ""shares"": 118700.0}, {""rank"": 5, ""name"": ""福岡地所株式会社"", ""ratio"": 0.0225, ""shares"": 74900.0}, {""rank"": 6, ""name"": ""エムスリー株式会社"", ""ratio"": 0.0219, ""shares"": 73000.0}, {""rank"": 7, ""name"": ""ベル投資事業有限責任組合１"", ""ratio"": 0.0219, ""shares"": 72800.0}, {""rank"": 8, ""name"": ""株式会社SBI証券"", ""ratio"": 0.0178, ""shares"": 59176.0}, {""rank"": 9, ""name"": ""小原 健"", ""ratio"": 0.0168, ""shares"": 56000.0}, {""rank"": 10, ""name"": ""日本証券金融株式会社"", ""ratio"": 0.0158, ""shares"": 52600.0}]","[{""name"": ""志水 雄一郎"", ""title"": ""代表取締役社長"", ""shares"": 317300.0}, {""name"": ""恒田 有希子"", ""title"": ""取締役副社長兼ヒューマンキャピタル 本部長兼オープンイノベーション本部長"", ""shares"": 50000.0}, {""name"": ""清水 和彦"", ""title"": ""取締役兼アクセラレーション本部長"", ""shares"": 37800.0}, {""name"": ""齋藤 太郎"", ""title"": ""取締役"", ""shares"": 5000.0}, {""name"": ""梅澤 高明"", ""title"": ""取締役"", ""shares"": 20000.0}, {""name"": ""田久保 善彦"", ""title"": ""取締役"", ""shares"": 1500.0}, {""name"": ""小久保 愛子"", ""title"": ""取締役(監査等委員)"", ""shares"": null}, {""name"": ""堀内 雅生"", ""title"": ""取締役(監査等委員)"", ""shares"": 800.0}, {""name"": ""秋元 芳央"", ""title"": ""取締役(監査等委員)"", ""shares"": null}]",,2021-06-01,2026-06-01,0.8445886034941117,0.2767320634890899,0.1316645123595865,0.0525829249741929,0.2941759531892984,True,False,True,0.1226115982627718,True,2020-03-01,2020-03-01,EDINET_company_history,False,True,True,2,3,3,365/365/365/366/365,OK,3321400.0,2026-06-01,1523.0,49235625.0,1222.0,0.6647042726368002,-0.867572156196944,True,,-0.1301224847890257,2756,Future Moat,5058492200.0,1.4161920682483284,年率ボラティリティ60%以上 / ローカル5年最大下落率-60%以下
78,20260430,4194,4194.T,"Visional,Inc.",Prime Market (Domestic),5250,Information & Communication,10,"IT & SERVICES, OTHERS",4,TOPIX Mid400,False,S100WW0V,ビジョナル株式会社,2025-10-22 15:30,2024-08-01,2025-07-31,NetSalesSummaryOfBusinessResults,consolidated,28698000000.0,43954000000.0,56273000000.0,66146000000.0,80161000000.0,2020-08-01,2021-08-01,2022-08-01,2023-08-01,2024-08-01,2021-07-31,2022-07-31,2023-07-31,2024-07-31,2025-07-31,OperatingIncome,consolidated,21442000000.0,CurrentYearDuration,南 壮一郎,0.3494,14010000.0,True,南 壮一郎（代表取締役社長）,南 壮一郎,True,南 壮一郎,2021-04-01,2021年４月: 東京証券取引所マザーズに株式を上場,"[{""rank"": 1, ""name"": ""南 壮一郎"", ""ratio"": 0.3494, ""shares"": 14010000.0}, {""rank"": 2, ""name"": ""日本マスタートラスト信託銀行株式会社（信託口）"", ""ratio"": 0.0969, ""shares"": 3886600.0}, {""rank"": 3, ""name"": ""ＳＴＡＴＥ ＳＴＲＥＥＴ ＢＡＮＫ ＡＮＤ ＴＲＵＳＴ ＣＯＭＰＡＮＹ ５０５００１（常任代理人 株式会社みずほ銀行）"", ""ratio"": 0.053, ""shares"": 2126280.0}, {""rank"": 4, ""name"": ""ＹＪ２号投資事業組合"", ""ratio"": 0.0429, ""shares"": 1721400.0}, {""rank"": 5, ""name"": ""株式会社日本カストディ銀行（信託口）"", ""ratio"": 0.0399, ""shares"": 1602600.0}, {""rank"": 6, ""name"": ""ＮＯＲＴＨＥＲＮ ＴＲＵＳＴ ＣＯ．（ＡＶＦＣ） ＲＥ ＦＩＤＥＬＩＴＹ ＦＵＮＤＳ（常任代理人 香港上海銀行東京支店）"", ""ratio"": 0.025, ""shares"": 1006427.0}, {""rank"": 7, ""name"": ""ＵＢＳ ＡＧ ＬＯＮＤＯＮ Ａ／Ｃ ＩＰＢ ＳＥＧＲＥＧＡＴＥＤ ＣＬＩＥＮＴ ＡＣＣＯＵＮＴ（常任代理人 シティバンク、エヌ・エイ東京支店）"", ""ratio"": 0.0202, ""shares"": 812100.0}, {""rank"": 8, ""name"": ""ＢＮＹ ＧＣＭ ＣＬＩＥＮＴ ＡＣＣＯＵＮＴ ＪＰＲＤ ＡＣ ＩＳＧ （ＦＥ－ＡＣ）（常任代理人 株式会社三菱ＵＦＪ銀行）"", ""ratio"": 0.0189, ""shares"": 757992.0}, {""rank"": 9, ""name"": ""ＭＯＲＧＡＮ ＳＴＡＮＬＥＹ ＆ ＣＯ．ＬＬＣ（常任代理人 モルガン・スタンレーＭＵＦＧ証券株式会社）"", ""ratio"": 0.0155, ""shares"": 621841.0}, {""rank"": 10, ""name"": ""ＢＢＨ ＣＯ ＦＯＲ ＧＲＡＮＤＥＵＲＰＥＡＫ ＩＮＴＥＲＮＡＴＩＯＮＡＬ ＳＴＡＬＷＡＲＴＳ ＦＵＮＤ（常任代理人 株式会社三菱ＵＦＪ銀行）"", ""ratio"": 0.0142, ""shares"": 572301.0}]","[{""name"": ""南 壮一郎"", ""title"": ""代表取締役社長"", ""shares"": 14010000.0}, {""name"": ""村田 聡"", ""title"": ""取締役"", ""shares"": 85800.0}, {""name"": ""酒井 哲也"", ""title"": ""取締役"", ""shares"": 37600.0}, {""name"": ""末藤 梨紗子"", ""title"": ""取締役"", ""shares"": 39000.0}, {""name"": ""播磨 奈央子"", ""title"": ""社外取締役（常勤監査等委員）"", ""shares"": 100.0}, {""name"": ""石本 忠次"", ""title"": ""社外取締役(監査等委員)"", ""shares"": 2000.0}, {""name"": ""千原 真衣子"", ""title"": ""社外取締役(監査等委員)"", ""shares"": null}]",,2021-06-01,2026-06-01,0.5316049898947661,0.2802702825681393,0.1754482611554386,0.2118797810903154,0.2927896716176059,True,False,True,0.2674866830503611,True,2021-04-01,2021-04-01,EDINET_company_history,False,True,True,2,3,3,365/365/365/366/365,OK,40097100.0,2026-06-01,8269.0,2253251585.0,1222.0,0.4824411900082422,-0.5032437442075997,True,,0.0932155011884137,1272,Core Moat,331562919900.0,4.136212371352653,目立つ機械的警告なし（定性確認は別途必要）
79,20260430,9556,9556.T,INTLOOP Inc.,Growth Market(Domestic),9050,Services,10,"IT & SERVICES, OTHERS",-,,False,S100WX3D,ＩＮＴＬＯＯＰ株式会社,2025-10-27 15:51,2024-08-01,2025-07-31,NetSalesSummaryOfBusinessResults,nonconsolidated,9249348000.0,13120534000.0,17823203000.0,21423750000.0,25524344000.0,2020-08-01,2021-08-01,2022-08-01,2023-08-01,2024-08-01,2021-07-31,2022-07-31,2023-07-31,2024-07-31,2025-07-31,OperatingIncome,nonconsolidated,1719647000.0,CurrentYearDuration_NonConsolidatedMember,林 博文,0.4966,2325000.0,True,林 博文（代表取締役）,林 博文,True,林 博文,2022-07-01,2022年７月: 東京証券取引所グロース市場に株式を上場,"[{""rank"": 1, ""name"": ""林 博文"", ""ratio"": 0.4966, ""shares"": 2325000.0}, {""rank"": 2, ""name"": ""ＫＳＭ株式会社"", ""ratio"": 0.2136, ""shares"": 1000000.0}, {""rank"": 3, ""name"": ""日本カストディ銀行（信託口）"", ""ratio"": 0.0293, ""shares"": 137100.0}, {""rank"": 4, ""name"": ""日本マスタートラスト信託銀行株式会社（信託口）"", ""ratio"": 0.0246, ""shares"": 115200.0}, {""rank"": 5, ""name"": ""MSIP CLIENT SECURITIES（常任代理人 モルガン・スタンレーＭＵＦＧ証券株式会社）"", ""ratio"": 0.021, ""shares"": 98300.0}, {""rank"": 6, ""name"": ""ベル投資事業有限責任組合１"", ""ratio"": 0.0166, ""shares"": 77500.0}, {""rank"": 7, ""name"": ""BNY GCM CLIENT ACCOUNT JPRD AC ISG (FE-AC)（常任代理人 株式会社三菱ＵＦＪ銀行）"", ""ratio"": 0.0108, ""shares"": 50500.0}, {""rank"": 8, ""name"": ""MORGAN STANLEY & CO. LLC （常任代理人 モルガン・スタンレーＭＵＦＧ証券株式会社）"", ""ratio"": 0.0106, ""shares"": 49500.0}, {""rank"": 9, ""name"": ""JP JPMSE LUX RE UBS AG LONDON BRANCH EQ CO （常任代理人 株式会社三菱ＵＦＪ銀行）"", ""ratio"": 0.0101, ""shares"": 47300.0}, {""rank"": 10, ""name"": ""伊藤忠商事株式会社"", ""ratio"": 0.01, ""shares"": 46600.0}]","[{""name"": ""林 博文"", ""title"": ""代表取締役"", ""shares"": 3325000.0}, {""name"": ""内野 権"", ""title"": ""取締役管理本部長"", ""shares"": 11250.0}, {""name"": ""川端 章夫"", ""title"": ""取締役（監査等委員）"", ""shares"": 5000.0}, {""name"": ""小山 史夫"", ""title"": ""取締役（監査等委員）"", ""shares"": 1400.0}, {""name"": ""下稲葉 耕治"", ""title"": ""取締役（監査等委員）"", ""shares"": 400.0}]",,2022-07-08,2026-06-01,0.4185360957334505,0.3584205490416776,0.2020145873892589,0.1914041192601667,0.2888752002426002,True,False,True,0.0673728186706776,False,2022-07-01,2022-07-08,local_price_first_trade,True,True,True,2,3,3,365/365/365/366/365,OK,4681970.0,2026-06-01,1793.0,228855426.66666663,951.0,0.6564857444955369,-0.7224489795918367,True,,-0.2396836019567905,3164,Transformation Moat,8394772210.0,0.3288927703685548,年率ボラティリティ60%以上 / ローカル5年最大下落率-60%以下
80,20260430,2936,2936.T,"BASE FOOD,Inc.",Growth Market(Domestic),3050,Foods,1,FOODS,-,,False,S100Y7A4,ベースフード株式会社,2026-05-28 15:30,2025-03-01,2026-02-28,NetSalesSummaryOfBusinessResults,nonconsolidated,5545758000.0,9857651000.0,14874087000.0,15241454000.0,15191882000.0,2021-03-01,2022-03-01,2023-03-01,2024-03-01,2025-03-01,2022-02-28,2023-02-28,2024-02-29,2025-02-28,2026-02-28,OperatingIncome,nonconsolidated,217441000.0,CurrentYearDuration_NonConsolidatedMember,橋本舜,0.3261,17407700.0,True,橋本 舜（代表取締役）,橋本 舜,True,橋本 舜,2022-11-01,2022年11月: 東京証券取引所グロース市場に株式を上場,"[{""rank"": 1, ""name"": ""橋本舜"", ""ratio"": 0.3261, ""shares"": 17407700.0}, {""rank"": 2, ""name"": ""立花証券株式会社"", ""ratio"": 0.2649, ""shares"": 14142100.0}, {""rank"": 3, ""name"": ""MBFアクセラレーション株式会社"", ""ratio"": 0.0691, ""shares"": 3690000.0}, {""rank"": 4, ""name"": ""牧寛之"", ""ratio"": 0.0655, ""shares"": 3500000.0}, {""rank"": 5, ""name"": ""齋藤竜太"", ""ratio"": 0.013, ""shares"": 696300.0}, {""rank"": 6, ""name"": ""里田聡美"", ""ratio"": 0.0128, ""shares"": 688600.0}, {""rank"": 7, ""name"": ""山本陽介"", ""ratio"": 0.01, ""shares"": 534800.0}, {""rank"": 8, ""name"": ""寺田英司"", ""ratio"": 0.0086, ""shares"": 463000.0}, {""rank"": 9, ""name"": ""日本マスタートラスト信託銀行株式会社 （信託口）"", ""ratio"": 0.006, ""shares"": 322200.0}, {""rank"": 10, ""name"": ""斉藤徹"", ""ratio"": 0.0052, ""shares"": 280000.0}]","[{""name"": ""橋本 舜"", ""title"": ""代表取締役"", ""shares"": 17407700.0}, {""name"": ""田中 道昭"", ""title"": ""社外取締役"", ""shares"": null}, {""name"": ""長瀬 大樹"", ""title"": ""社外取締役 (監査等委員)"", ""shares"": 500.0}, {""name"": ""田中 宏隆"", ""title"": ""社外取締役 (監査等委員)"", ""shares"": null}, {""name"": ""永井 公成"", ""title"": ""社外取締役 (監査等委員)"", ""shares"": 500.0}]",,2022-11-15,2026-06-01,0.7775119289373968,0.5088875635787877,0.0246984571221078,-0.0032524456000063,0.2865085179723565,True,False,True,0.0143129732050314,False,2022-11-01,2022-11-15,local_price_first_trade,True,True,True,2,3,3,365/365/366/365/365,OK,53394065.0,2026-06-01,298.0,13270301.666666666,865.0,0.6941760987144041,-0.7739130434782608,False,low_liquidity,-0.5809633620218596,3539,Transformation Moat,15911431370.0,1.0473640704950182,"既存適格性フィルター不通過: low_liquidity / 60日平均売買代金2,000万円未満 / 年率ボラティリティ60%以上 / ローカル5年最大下落率-60%以下"
81,20260430,4490,4490.T,VisasQ Inc.,Growth Market(Domestic),5250,Information & Communication,10,"IT & SERVICES, OTHERS",-,,False,S100Y7OP,株式会社ビザスク,2026-05-29 15:57,2025-03-01,2026-02-28,OperatingRevenue1SummaryOfBusinessResults,consolidated,3702461000.0,8380515000.0,8967692000.0,9780950000.0,9974670000.0,2021-03-01,2022-03-01,2023-03-01,2024-03-01,2025-03-01,2022-02-28,2023-02-28,2024-02-29,2025-02-28,2026-02-28,OperatingIncome,consolidated,1341141000.0,CurrentYearDuration,端羽英子,0.4751,4444600.0,True,"端羽 英子（代表取締役 執行役員 ＣＥＯ兼 Coleman Research Group, Inc. President）",端羽 英子,True,端羽 英子,2020-03-01,2020年３月: 東京証券取引所マザーズ市場に株式を上場,"[{""rank"": 1, ""name"": ""端羽英子"", ""ratio"": 0.4751, ""shares"": 4444600.0}, {""rank"": 2, ""name"": ""Ａ－Ｆｕｎｄ ＩＩ，Ｌ．Ｐ． （国内連絡先 シティユーワ法律事務所 弁護士 渋谷治香）"", ""ratio"": 0.0597, ""shares"": 558700.0}, {""rank"": 3, ""name"": ""楽天証券株式会社"", ""ratio"": 0.0233, ""shares"": 218000.0}, {""rank"": 4, ""name"": ""株式会社ＳＢＩ証券"", ""ratio"": 0.0162, ""shares"": 152334.0}, {""rank"": 5, ""name"": ""ＣＡＳｔａｒｔｕｐｓＩｎｔｅｒｎｅｔＦｕｎｄ２号投資事業有限責任組合"", ""ratio"": 0.0131, ""shares"": 122600.0}, {""rank"": 6, ""name"": ""瓜生英敏"", ""ratio"": 0.0095, ""shares"": 89650.0}, {""rank"": 7, ""name"": ""安岡徹"", ""ratio"": 0.008, ""shares"": 75000.0}, {""rank"": 8, ""name"": ""ＩＸＧＳ Ｉｎｖｅｓｔｍｅｎｔ Ⅳ，Ｌ．Ｐ． （常任代理人 株式会社イントリム）"", ""ratio"": 0.008, ""shares"": 75000.0}, {""rank"": 9, ""name"": ""岡島裕樹"", ""ratio"": 0.0076, ""shares"": 71100.0}, {""rank"": 10, ""name"": ""西村裕二"", ""ratio"": 0.0068, ""shares"": 64300.0}]","[{""name"": ""端羽 英子"", ""title"": ""代表取締役 執行役員 ＣＥＯ兼 Coleman Research Group, Inc. President"", ""shares"": 4444600.0}, {""name"": ""七倉 壮"", ""title"": ""取締役 執行役員"", ""shares"": null}, {""name"": ""宮崎 雄"", ""title"": ""取締役 執行役員"", ""shares"": 17000.0}, {""name"": ""堅田 航平"", ""title"": ""社外取締役 （監査等委員）"", ""shares"": null}, {""name"": ""平栗 遵宜"", ""title"": ""社外取締役 （監査等委員）"", ""shares"": null}, {""name"": ""安田 幸代"", ""title"": ""社外取締役 （監査等委員）"", ""shares"": null}]",,2021-06-01,2026-06-01,1.2634985216589725,0.0700645485390814,0.0906875481450522,0.0198058470802937,0.2811559885986312,True,False,True,0.1344546736884528,True,2020-03-01,2020-03-01,EDINET_company_history,False,True,True,2,3,3,365/365/366/365/365,OK,9353317.0,2026-06-01,648.0,36188670.0,1222.0,0.6055165427627542,-0.9362857142857144,False,low_equity_ratio;excessive_leverage,-0.5149240190880822,3509,Future Moat,6060949416.0,0.6076340787214013,既存適格性フィルター不通過: low_equity_ratio;excessive_leverage / 年率ボラティリティ60%以上 / ローカル5年最大下落率-60%以下
82,20260430,5889,5889.T,"Japan Eyewear Holdings Co.,Ltd.",Prime Market (Domestic),6100,Retail Trade,14,RETAIL TRADE,7,TOPIX Small 2,False,S100Y0I2,Ｊａｐａｎ　Ｅｙｅｗｅａｒ　Ｈｏｌｄｉｎｇｓ株式会社,2026-04-23 10:11,2025-02-01,2026-01-31,RevenueIFRSSummaryOfBusinessResults,consolidated,7073000000.0,10722000000.0,13528000000.0,16666000000.0,18640000000.0,2021-02-01,2022-02-01,2023-02-01,2024-02-01,2025-02-01,2022-01-31,2023-01-31,2024-01-31,2025-01-31,2026-01-31,OperatingProfitLossIFRSKeyFinancialData,consolidated,5957000000.0,CurrentYearDuration,金子インベスト株式会社,0.3766,9090640.0,False,金子 真也（代表取締役社長 CEO）,金子 真也,False,,2019-07-01,2019年７月 2019年10月 2021年７月 2021年８月 2023年１月 2023年５月 2023年11月 2024年５月 2024年６月 2024年11月 2025年５月 2025年８月 2025年10月: 金子眼鏡グループが株式会社日本企業成長投資(以下「NIC」)をアドバイザーとしている投資ファンド(以下「NICファンド」)の出資を受け入れることとなり、NICファンドがLunettes Holdings株式会社を設立。さらに、Lunettes Holdings株式会社の100%出資でKG Holdings株式会社を設立し、KG Holdings株式会社の100%出資によりKG株式会社を設立 金子眼鏡株式会社1は金子ホールディングス株式会社1を吸収合併し、金子眼鏡株式会社2に商号変更。さらに、KG株式会社を存続会社とする吸収合併により、金子眼鏡株式会社2は消滅 KG Holdings株式会社は金子ホールディングス株式会社2に商号変更 KG株式会社は金子眼鏡株式会社3に商号変更。結果として、金子ホールディングス株式会社2が、金子眼鏡株式会社3、株式会社栄光眼鏡及びKANEKO,"[{""rank"": 1, ""name"": ""金子インベスト株式会社"", ""ratio"": 0.3766, ""shares"": 9090640.0}, {""rank"": 2, ""name"": ""株式会社日本カストディ銀行(信託口）"", ""ratio"": 0.0644, ""shares"": 1556500.0}, {""rank"": 3, ""name"": ""日本企業成長投資１号投資事業有限責任組合"", ""ratio"": 0.0468, ""shares"": 1131340.0}, {""rank"": 4, ""name"": ""ＮＯＲＴＨＥＲＮ ＴＲＵＳＴ ＣＯ．（ＡＶＦＣ） ＲＥ ＩＥＤＵ ＵＣＩＴＳ ＣＬＩＥＮＴＳ ＮＯＮ ＬＥＮＤＩＮＧ １５ ＰＣＴ ＴＲＥＡＴＹ ＡＣＣＯＵＮＴ （常任代理人 香港上海銀行東京支店）"", ""ratio"": 0.0293, ""shares"": 708500.0}, {""rank"": 5, ""name"": ""日本マスタートラスト信託銀行株式会社（ 信託口）"", ""ratio"": 0.0256, ""shares"": 619500.0}, {""rank"": 6, ""name"": ""ＣＡＭＥＬＬＩＡ ＦＵＮＤ Ｉ ＣＡＹＭＡＮ， ＬＰ（常任代理人 大和証券株式会社）"", ""ratio"": 0.0253, ""shares"": 611560.0}, {""rank"": 7, ""name"": ""野村信託銀行株式会社（投信口）"", ""ratio"": 0.0209, ""shares"": 504600.0}, {""rank"": 8, ""name"": ""ＣＥＲＡＳＵＳ ＦＵＮＤ Ⅰ ＣＡＹＭＡＮ， ＬＰ （常任代理人 大和証券株式会社）"", ""ratio"": 0.0196, ""shares"": 474900.0}, {""rank"": 9, ""name"": ""株式会社日本政策投資銀行"", ""ratio"": 0.0194, ""shares"": 469620.0}, {""rank"": 10, ""name"": ""ＴＨＥ ＮＯＭＵＲＡ ＴＲＵＳＴ ＡＮＤ ＢＡＮＫＩＮＧ ＣＯ．， ＬＴＤ． ＡＳ ＴＨＥ ＴＲＵＳＴＥＥ ＯＦ ＲＥＰＵＲＣＨＡＳＥ ＡＧＲＥＥＭＥＮＴ ＭＯＴＨＥＲ ＦＵＮＤ（常任代理人 シティバンク、エヌ・エイ東京支店）"", ""ratio"": 0.0189, ""shares"": 458500.0}]","[{""name"": ""金子 真也"", ""title"": ""代表取締役社長 CEO"", ""shares"": 9090640.0}, {""name"": ""柴田 俊一"", ""title"": ""取締役 CFO"", ""shares"": 5000.0}, {""name"": ""中井 ちはる"", ""title"": ""取締役 （常勤監査等委員）"", ""shares"": null}, {""name"": ""森口 倫"", ""title"": ""取締役 （監査等委員）"", ""shares"": null}, {""name"": ""秋里 英寿"", ""title"": ""取締役 （監査等委員）"", ""shares"": null}]",,2023-11-16,2026-06-01,0.5159055563410151,0.2617049058011564,0.2319633353045536,0.1184447377895114,0.2741206734540224,True,False,True,0.3195815450643777,True,2019-07-01,2023-11-16,local_price_first_trade,True,False,False,2,3,3,365/365/365/366/365,OK,24133560.0,2026-06-01,2087.0,291636570.0,617.0,0.5818367982531871,-0.5392797876982158,False,missing_financial_data,-0.1397870938709418,2804,Transformation Moat,50366739720.0,2.7020783111587985,既存適格性フィルター不通過: missing_financial_data
83,20260430,5532,5532.T,REALGATE INC.,Growth Market(Domestic),8050,Real Estate,17,REAL ESTATE,-,,False,S100X9V9,株式会社リアルゲイト,2025-12-11 16:02,2024-10-01,2025-09-30,NetSalesSummaryOfBusinessResults,nonconsolidated,3810845000.0,5843209000.0,6972224000.0,7948486000.0,9791998000.0,2020-11-01,2021-10-01,2022-10-01,2023-10-01,2024-10-01,2021-09-30,2022-09-30,2023-09-30,2024-09-30,2025-09-30,OperatingIncome,nonconsolidated,1043179000.0,CurrentYearDuration_NonConsolidatedMember,株式会社サイバーエージェント,0.6374,3660000.0,False,岩本 裕（代表取締役）,岩本 裕,False,,2023-06-01,2023年６月: 東京証券取引所グロース市場に上場,"[{""rank"": 1, ""name"": ""株式会社サイバーエージェント"", ""ratio"": 0.6374, ""shares"": 3660000.0}, {""rank"": 2, ""name"": ""岩本 裕"", ""ratio"": 0.0597, ""shares"": 343000.0}, {""rank"": 3, ""name"": ""田端 信太郎"", ""ratio"": 0.0209, ""shares"": 120000.0}, {""rank"": 4, ""name"": ""山内 一志"", ""ratio"": 0.0169, ""shares"": 96800.0}, {""rank"": 5, ""name"": ""鷲田 真一"", ""ratio"": 0.0139, ""shares"": 80100.0}, {""rank"": 6, ""name"": ""サッポロ不動産開発株式会社"", ""ratio"": 0.0139, ""shares"": 80000.0}, {""rank"": 7, ""name"": ""片山 善博"", ""ratio"": 0.0118, ""shares"": 68000.0}, {""rank"": 8, ""name"": ""ＢＮＹＭ ＳＡ/ＮＶ ＦＯＲ ＢＮＹＭ ＦＯＲ ＢＮＹ ＧＣＭ ＣＬＩＥＮＴ ＡＣＣОＵＮＴＳ Ｍ ＬＳＣＢ ＲＤ（常任代理人 株式会社三菱ＵＦＪ銀行）"", ""ratio"": 0.0086, ""shares"": 49454.0}, {""rank"": 9, ""name"": ""ＭＳＩＰ ＣＬＩＥＮＴ ＳＥＣＵＲＩＴＩＥＳ（常任代理人 モルガン・スタンレーＭＵＦＧ証券株式会社）"", ""ratio"": 0.0084, ""shares"": 48400.0}, {""rank"": 10, ""name"": ""楽天証券株式会社共有口"", ""ratio"": 0.008, ""shares"": 45900.0}]","[{""name"": ""岩本 裕"", ""title"": ""代表取締役"", ""shares"": 343000.0}, {""name"": ""黒川 亮"", ""title"": ""取締役"", ""shares"": 8466.0}, {""name"": ""菊池 史哉"", ""title"": ""取締役"", ""shares"": 2332.0}, {""name"": ""中山 豪"", ""title"": ""取締役"", ""shares"": null}, {""name"": ""仙仁 登"", ""title"": ""取締役(社外)"", ""shares"": null}, {""name"": ""田中 渓"", ""title"": ""取締役(社外)"", ""shares"": null}, {""name"": ""木内 有子"", ""title"": ""常勤監査役(社外)"", ""shares"": null}, {""name"": ""片山 英二"", ""title"": ""監査役(社外)"", ""shares"": null}, {""name"": ""浅見 長生"", ""title"": ""監査役(社外)"", ""shares"": null}]",,2023-06-22,2026-06-01,0.5333105912205822,0.1932183154838378,0.1400216057315426,0.2319324711649488,0.2660839630523723,True,False,True,0.1065338248639348,True,2023-06-01,2023-06-22,local_price_first_trade,True,False,False,2,3,3,334/365/365/366/365,OK,5742100.0,2026-06-01,3765.0,253026818.33333337,717.0,0.5041737928595608,-0.5729903536977492,True,,-0.0027870675709937,1889,Transformation Moat,21619006500.0,2.2078238271698996,目立つ機械的警告なし（定性確認は別途必要）
84,20260430,3452,3452.T,B-Lot Company Limited,Standard Market(Domestic),8050,Real Estate,17,REAL ESTATE,-,,False,S100XTWZ,株式会社ビーロット,2026-03-26 15:30,2025-01-01,2025-12-31,NetSalesSummaryOfBusinessResults,consolidated,14751000000.0,19911000000.0,23510000000.0,30933000000.0,37778000000.0,2021-01-01,2022-01-01,2023-01-01,2024-01-01,2025-01-01,2021-12-31,2022-12-31,2023-12-31,2024-12-31,2025-12-31,OperatingIncome,consolidated,7579000000.0,CurrentYearDuration,望月 雅博,0.1183,2204800.0,True,宮内 誠（代表取締役会長） / 望月 雅博（代表取締役社長不動産投資開発本部長） / 江﨑 憲太郎（常務取締役福岡支社長）,宮内 誠 / 望月 雅博 / 江﨑 憲太郎,True,望月 雅博,2014-12-01,2014年12月: 東証マザーズに株式上場,"[{""rank"": 1, ""name"": ""望月 雅博"", ""ratio"": 0.1183, ""shares"": 2204800.0}, {""rank"": 2, ""name"": ""合同会社エムアンドエム"", ""ratio"": 0.0879, ""shares"": 1638000.0}, {""rank"": 3, ""name"": ""宮内 誠"", ""ratio"": 0.0616, ""shares"": 1147900.0}, {""rank"": 4, ""name"": ""シルク・キャピタル株式会社"", ""ratio"": 0.0537, ""shares"": 1001620.0}, {""rank"": 5, ""name"": ""望月 文恵"", ""ratio"": 0.0245, ""shares"": 457200.0}, {""rank"": 6, ""name"": ""熊岡 秀史"", ""ratio"": 0.0215, ""shares"": 400000.0}, {""rank"": 7, ""name"": ""楽天証券株式会社"", ""ratio"": 0.0166, ""shares"": 309900.0}, {""rank"": 8, ""name"": ""江﨑 憲太郎"", ""ratio"": 0.0158, ""shares"": 294200.0}, {""rank"": 9, ""name"": ""外川 太郎"", ""ratio"": 0.0137, ""shares"": 255200.0}, {""rank"": 10, ""name"": ""大塚 満"", ""ratio"": 0.0123, ""shares"": 230000.0}]","[{""name"": ""宮内 誠"", ""title"": ""代表取締役会長"", ""shares"": 1147900.0}, {""name"": ""望月 雅博"", ""title"": ""代表取締役社長不動産投資開発本部長"", ""shares"": 2204800.0}, {""name"": ""江﨑 憲太郎"", ""title"": ""常務取締役福岡支社長"", ""shares"": 294200.0}, {""name"": ""望月 文恵"", ""title"": ""取締役管理本部長 兼コンプライアンス室長"", ""shares"": 457200.0}, {""name"": ""酒匂 裕二"", ""title"": ""取締役 不動産コンサルティング本部長"", ""shares"": 134000.0}, {""name"": ""岩本 博"", ""title"": ""取締役(監査等委員)"", ""shares"": null}, {""name"": ""古島 守"", ""title"": ""取締役(監査等委員)"", ""shares"": null}, {""name"": ""亀甲 智彦"", ""title"": ""取締役(監査等委員)"", ""shares"": null}]",,2021-06-01,2026-06-01,0.3498067927598129,0.1807543568881522,0.3157379838366652,0.2212847121197427,0.2650403404792427,True,False,True,0.2006194081211287,True,2014-12-01,2014-12-01,EDINET_company_history,False,True,True,2,3,3,365/365/365/366/365,OK,18635600.0,2026-06-01,1399.0,113304101.66666669,1222.0,0.3543184621053363,-0.3747810291541519,True,,-0.0843676541140208,2500,Transformation Moat,26071204400.0,0.6901160569643708,目立つ機械的警告なし（定性確認は別途必要）
85,20260430,7320,7320.T,Solvvy Inc.,Growth Market(Domestic),7200,Other Financing Business,16,FINANCIALS (EX BANKS),-,,True,S100WSFJ,Ｓｏｌｖｖｙ株式会社,2025-09-30 16:53,2024-07-01,2025-06-30,NetSalesSummaryOfBusinessResults,consolidated,2624926000.0,3305011000.0,3919991000.0,5359054000.0,6705733000.0,2020-07-01,2021-07-01,2022-07-01,2023-07-01,2024-07-01,2021-06-30,2022-06-30,2023-06-30,2024-06-30,2025-06-30,OperatingIncome,consolidated,1620453000.0,CurrentYearDuration,安達 慶高,0.114,680000.0,True,安達 慶高（取締役社長 （代表取締役）） / 荒川 拓也（取締役副社長 （代表取締役）） / 西尾 直紀（取締役副社長 （代表取締役））,安達 慶高 / 荒川 拓也 / 西尾 直紀,True,安達 慶高,2018-03-01,2018年３月: 東京証券取引所 グロース市場(旧マザーズ市場)に新規上場,"[{""rank"": 1, ""name"": ""安達 慶高"", ""ratio"": 0.114, ""shares"": 680000.0}, {""rank"": 2, ""name"": ""荒川 拓也"", ""ratio"": 0.1042, ""shares"": 622000.0}, {""rank"": 3, ""name"": ""西尾 直紀"", ""ratio"": 0.0583, ""shares"": 347840.0}, {""rank"": 4, ""name"": ""吉川 淳史"", ""ratio"": 0.0551, ""shares"": 328800.0}, {""rank"": 5, ""name"": ""森永 秀一"", ""ratio"": 0.0418, ""shares"": 249400.0}, {""rank"": 6, ""name"": ""三井不動産レジデンシャル株式会社"", ""ratio"": 0.0382, ""shares"": 228000.0}, {""rank"": 7, ""name"": ""CACEIS BANK/QUINTET LUXEMBOURG SUB AC / UCITS CUSTOMERS ACCOUNT （常任代理人 香港上海銀行東京支店カストディ業務部)"", ""ratio"": 0.0375, ""shares"": 223800.0}, {""rank"": 8, ""name"": ""株式会社メディアシーク"", ""ratio"": 0.0347, ""shares"": 207000.0}, {""rank"": 9, ""name"": ""竹林 俊介"", ""ratio"": 0.032, ""shares"": 190700.0}, {""rank"": 10, ""name"": ""株式会社日本カストディ銀行（信託口）"", ""ratio"": 0.0313, ""shares"": 186500.0}]","[{""name"": ""安達 慶高"", ""title"": ""取締役社長 （代表取締役）"", ""shares"": 680000.0}, {""name"": ""荒川 拓也"", ""title"": ""取締役副社長 （代表取締役）"", ""shares"": 622000.0}, {""name"": ""西尾 直紀"", ""title"": ""取締役副社長 （代表取締役）"", ""shares"": 347840.0}, {""name"": ""中川 藤雄"", ""title"": ""取締役"", ""shares"": null}, {""name"": ""藤田 悟"", ""title"": ""常勤監査役"", ""shares"": null}, {""name"": ""深日 剛"", ""title"": ""常勤監査役"", ""shares"": null}, {""name"": ""蝦名 卓"", ""title"": ""監査役"", ""shares"": null}, {""name"": ""野矢 茂"", ""title"": ""監査役"", ""shares"": null}]",,2021-06-01,2026-06-01,0.259087303794469,0.1860750236534765,0.3671087510149895,0.2512904329756706,0.2642480666719995,True,False,True,0.241651882053759,True,2018-03-01,2018-03-01,EDINET_company_history,False,True,True,2,3,3,365/365/365/366/365,OK,5760427.0,2026-06-01,1660.0,69636601.66666667,1222.0,0.5223793551857275,-0.6402721609125162,True,,-0.6942149372692669,3574,Future Moat,9562308820.0,1.425990092358285,ローカル5年最大下落率-60%以下
86,20260430,3482,3482.T,Loadstar Capital K.K.,Prime Market (Domestic),8050,Real Estate,17,REAL ESTATE,7,TOPIX Small 2,False,S100XUBZ,ロードスターキャピタル株式会社,2026-03-26 15:30,2025-01-01,2025-12-31,NetSalesSummaryOfBusinessResults,consolidated,17920000000.0,23637000000.0,28726000000.0,34421000000.0,44633000000.0,2021-01-01,2022-01-01,2023-01-01,2024-01-01,2025-01-01,2021-12-31,2022-12-31,2023-12-31,2024-12-31,2025-12-31,OperatingIncome,consolidated,13415000000.0,CurrentYearDuration,岩野 達志,0.2036,3429000.0,True,岩野 達志（代表取締役 社長）,岩野 達志,True,岩野 達志,2017-09-01,2017年 9月: 東京証券取引所マザーズに株式を上場,"[{""rank"": 1, ""name"": ""岩野 達志"", ""ratio"": 0.2036, ""shares"": 3429000.0}, {""rank"": 2, ""name"": ""日本マスタートラスト信託銀行株式会社(信託口)"", ""ratio"": 0.0804, ""shares"": 1355000.0}, {""rank"": 3, ""name"": ""株式会社日本カストディ銀行(信託口)"", ""ratio"": 0.0575, ""shares"": 968000.0}, {""rank"": 4, ""name"": ""キャピタルジェネレーション株式会社"", ""ratio"": 0.0496, ""shares"": 835000.0}, {""rank"": 5, ""name"": ""Renren Lianhe Holdings (常任代理人 みずほ証券株式会社)"", ""ratio"": 0.0343, ""shares"": 579000.0}, {""rank"": 6, ""name"": ""久保 直之"", ""ratio"": 0.0208, ""shares"": 351000.0}, {""rank"": 7, ""name"": ""野村信託銀行株式会社(投信口)"", ""ratio"": 0.0201, ""shares"": 339000.0}, {""rank"": 8, ""name"": ""楽天証券株式会社共有口"", ""ratio"": 0.0178, ""shares"": 300000.0}, {""rank"": 9, ""name"": ""成田 洋"", ""ratio"": 0.0168, ""shares"": 284000.0}, {""rank"": 10, ""name"": ""STATE STREET BANK AND TRUST COMPANY 505019 (常任代理人 みずほ証券株式会社)"", ""ratio"": 0.0165, ""shares"": 279000.0}]","[{""name"": ""岩野 達志"", ""title"": ""代表取締役 社長"", ""shares"": 3429000.0}, {""name"": ""久保 直之"", ""title"": ""取締役"", ""shares"": 351900.0}, {""name"": ""川畑 拓也"", ""title"": ""取締役 最高財務責任者兼財務経理本部長"", ""shares"": 50100.0}, {""name"": ""和波 英雄"", ""title"": ""取締役"", ""shares"": null}, {""name"": ""大西 純"", ""title"": ""取締役"", ""shares"": null}, {""name"": ""舩木 真由美"", ""title"": ""取締役"", ""shares"": null}, {""name"": ""田中 宏"", ""title"": ""常勤監査役"", ""shares"": 30000.0}, {""name"": ""上埜 喜章"", ""title"": ""監査役"", ""shares"": 63900.0}, {""name"": ""川口 綾子 (戸籍上の氏名：土屋 綾子)"", ""title"": ""監査役"", ""shares"": null}]",,2021-06-01,2026-06-01,0.3190290178571429,0.2152980496678935,0.1982524542226553,0.2966793527207227,0.2562599611263425,True,False,True,0.3005623641700087,True,2017-09-01,2017-09-01,EDINET_company_history,False,True,True,2,3,3,365/365/365/366/365,OK,16840900.0,2026-06-01,2768.0,376826598.3333333,1222.0,0.4262437438382155,-0.4618330857670278,False,repeated_negative_operating_cf,-0.0894993523774298,2533,Transformation Moat,46615611200.0,1.044420298881993,既存適格性フィルター不通過: repeated_negative_operating_cf
87,20260430,2981,2981.T,Landix Inc.,Growth Market(Domestic),8050,Real Estate,17,REAL ESTATE,-,,False,S100W2RT,株式会社ランディックス,2025-06-24 16:09,2024-04-01,2025-03-31,NetSalesSummaryOfBusinessResults,consolidated,8207378000.0,11129334000.0,15017028000.0,17041468000.0,20267874000.0,2020-04-01,2021-04-01,2022-04-01,2023-04-01,2024-04-01,2021-03-31,2022-03-31,2023-03-31,2024-03-31,2025-03-31,OperatingIncome,consolidated,2258830000.0,CurrentYearDuration,岡田 和也,0.4101,1162500.0,True,岡田 和也（代表取締役社長）,岡田 和也,True,岡田 和也,2019-12-01,"2019年12月: 東京証券取引所マザーズ市場へ上場、資本金436,418千円に増資","[{""rank"": 1, ""name"": ""岡田 和也"", ""ratio"": 0.4101, ""shares"": 1162500.0}, {""rank"": 2, ""name"": ""エムジェイ・アール合同会社"", ""ratio"": 0.1784, ""shares"": 505700.0}, {""rank"": 3, ""name"": ""岡田 英利子"", ""ratio"": 0.0423, ""shares"": 120000.0}, {""rank"": 4, ""name"": ""岡田 光盛"", ""ratio"": 0.0423, ""shares"": 120000.0}, {""rank"": 5, ""name"": ""蔭山 恭一"", ""ratio"": 0.0299, ""shares"": 85000.0}, {""rank"": 6, ""name"": ""槇田 重夫"", ""ratio"": 0.0218, ""shares"": 61900.0}, {""rank"": 7, ""name"": ""柴田 健一"", ""ratio"": 0.013, ""shares"": 37000.0}, {""rank"": 8, ""name"": ""渡邉 光章"", ""ratio"": 0.0123, ""shares"": 35000.0}, {""rank"": 9, ""name"": ""宇野 康秀"", ""ratio"": 0.0105, ""shares"": 30000.0}, {""rank"": 10, ""name"": ""曽我 健"", ""ratio"": 0.0105, ""shares"": 30000.0}]","[{""name"": ""岡田 和也"", ""title"": ""代表取締役社長"", ""shares"": 1668200.0}, {""name"": ""古室 健"", ""title"": ""専務取締役（注）１"", ""shares"": 12000.0}, {""name"": ""松村 隆平"", ""title"": ""取締役"", ""shares"": 10900.0}, {""name"": ""西村 弘之"", ""title"": ""取締役（注）２"", ""shares"": null}, {""name"": ""諌山 祐美"", ""title"": ""常勤監査役（注）３"", ""shares"": 500.0}, {""name"": ""岡本 弘"", ""title"": ""監査役（注）３"", ""shares"": null}, {""name"": ""堀内 雅生"", ""title"": ""監査役（注）３"", ""shares"": 600.0}]",,2021-06-01,2026-06-01,0.3560157702009094,0.3493195549706749,0.1348096307738122,0.1893267645721601,0.2535767825493638,True,False,True,0.1114487883632985,True,2019-12-01,2019-12-01,EDINET_company_history,False,True,True,2,3,3,365/365/365/366/365,OK,2834493.0,2026-06-01,1961.0,22633461.666666668,1222.0,0.4537123056007022,-0.5464672035160907,False,repeated_negative_operating_cf,-0.2107325580942576,3063,Transformation Moat,5558440773.0,0.27424883206793177,既存適格性フィルター不通過: repeated_negative_operating_cf
88,20260430,4071,4071.T,"Plus Alpha Consulting Co.,LTD.",Prime Market (Domestic),5250,Information & Communication,10,"IT & SERVICES, OTHERS",6,TOPIX Small 1,False,S100XD0A,株式会社プラスアルファ・コンサルティング,2025-12-25 15:30,2024-10-01,2025-09-30,NetSalesSummaryOfBusinessResults,nonconsolidated,6118210000.0,7910662000.0,10201379000.0,12591023000.0,15108469000.0,2020-10-01,2021-10-01,2022-10-01,2023-10-01,2024-10-01,2021-09-30,2022-09-30,2023-09-30,2024-09-30,2025-09-30,OperatingIncome,nonconsolidated,6416282000.0,CurrentYearDuration_NonConsolidatedMember,三室 克哉,0.1545,6549000.0,True,三室 克哉（代表取締役社長） / 鈴村 賢治（取締役副社長 タレントパレット事業本部 本部長）,三室 克哉 / 鈴村 賢治,True,三室 克哉,2021-06-01,2021年６月: 東京証券取引所マザーズ市場に上場,"[{""rank"": 1, ""name"": ""三室 克哉"", ""ratio"": 0.1545, ""shares"": 6549000.0}, {""rank"": 2, ""name"": ""鈴村 賢治"", ""ratio"": 0.1052, ""shares"": 4458000.0}, {""rank"": 3, ""name"": ""日本マスタートラスト信託銀行株式会社（信託口）"", ""ratio"": 0.0878, ""shares"": 3720000.0}, {""rank"": 4, ""name"": ""株式会社日本カストディ銀行（信託口）"", ""ratio"": 0.0572, ""shares"": 2424000.0}, {""rank"": 5, ""name"": ""合同会社アルファスタイル"", ""ratio"": 0.0559, ""shares"": 2370000.0}, {""rank"": 6, ""name"": ""プラスエナジー合同会社"", ""ratio"": 0.0531, ""shares"": 2250000.0}, {""rank"": 7, ""name"": ""STATE STREET BANK AND TRUST COMPANY 505025 （常任代理人 株式会社みずほ銀行決済営業部）"", ""ratio"": 0.0388, ""shares"": 1647000.0}, {""rank"": 8, ""name"": ""株式会社マイナビ"", ""ratio"": 0.0301, ""shares"": 1275000.0}, {""rank"": 9, ""name"": ""STATE STREET BANK AND TRUST COMPANY 505301 （常任代理人 株式会社みずほ銀行決済営業部）"", ""ratio"": 0.019, ""shares"": 807000.0}, {""rank"": 10, ""name"": ""木下 圭一郎"", ""ratio"": 0.0189, ""shares"": 801000.0}]","[{""name"": ""三室 克哉"", ""title"": ""代表取締役社長"", ""shares"": 7563700.0}, {""name"": ""鈴村 賢治"", ""title"": ""取締役副社長 タレントパレット事業本部 本部長"", ""shares"": 6623500.0}, {""name"": ""金子 若葉"", ""title"": ""常務取締役 タレントパレット事業本部 副本部長"", ""shares"": 206000.0}, {""name"": ""野口 祥吾"", ""title"": ""取締役 コーポレートストラテジー本部本部長"", ""shares"": 107600.0}, {""name"": ""竹内 孝"", ""title"": ""取締役 情報システム担当"", ""shares"": 248000.0}, {""name"": ""中居 隆"", ""title"": ""取締役 事業推進担当"", ""shares"": 31400.0}, {""name"": ""西村 光治"", ""title"": ""取締役"", ""shares"": 0.0}, {""name"": ""水迫 洋子"", ""title"": ""取締役"", ""shares"": 0.0}, {""name"": ""武藤 芳彦"", ""title"": ""取締役"", ""shares"": 0.0}, {""name"": ""長野 雅彦"", ""title"": ""常勤監査役"", ""shares"": 0.0}, {""name"": ""落合 誉"", ""title"": ""監査役"", ""shares"": 0.0}, {""name"": ""大久保 樹理"", ""title"": ""監査役"", ""shares"": 0.0}]",,2021-06-30,2026-06-01,0.2929700026641779,0.2895733631395198,0.2342471542327757,0.1999397507255764,0.2535712393622116,True,False,True,0.4246811506844274,True,2021-06-01,2021-06-01,EDINET_company_history,False,True,True,2,3,3,365/365/365/366/365,OK,42370400.0,2026-06-01,2693.0,547287396.6666666,1201.0,0.4994336842561619,-0.7219296920013729,True,,0.1906200677157456,746,Core Moat,114103487200.0,7.5522865486900095,ローカル5年最大下落率-60%以下
89,20260430,4165,4165.T,"PLAID,Inc.",Growth Market(Domestic),5250,Information & Communication,10,"IT & SERVICES, OTHERS",-,,False,S100XAX3,株式会社プレイド,2025-12-17 10:49,2024-10-01,2025-09-30,NetSalesSummaryOfBusinessResults,consolidated,5444810000.0,7295234000.0,8633638000.0,10992713000.0,13396474000.0,2020-10-01,2021-10-01,2022-10-01,2023-10-01,2024-10-01,2021-09-30,2022-09-30,2023-09-30,2024-09-30,2025-09-30,OperatingIncome,consolidated,1431874000.0,CurrentYearDuration,倉橋健太,0.2675,10965000.0,True,倉橋 健太（代表取締役執行役員CEO）,倉橋 健太,True,倉橋 健太,2020-12-01,2020年12月: 東京証券取引所マザーズに株式を上場,"[{""rank"": 1, ""name"": ""倉橋健太"", ""ratio"": 0.2675, ""shares"": 10965000.0}, {""rank"": 2, ""name"": ""柴山直樹"", ""ratio"": 0.1724, ""shares"": 7066000.0}, {""rank"": 3, ""name"": ""田畑正吾"", ""ratio"": 0.0951, ""shares"": 3900100.0}, {""rank"": 4, ""name"": ""株式会社日本カストディ銀行"", ""ratio"": 0.0348, ""shares"": 1428400.0}, {""rank"": 5, ""name"": ""Google International LLC (常任代理人 みずほ証券株式会社)"", ""ratio"": 0.0346, ""shares"": 1420900.0}, {""rank"": 6, ""name"": ""日本マスタートラスト信託銀行株式会社"", ""ratio"": 0.017, ""shares"": 697800.0}, {""rank"": 7, ""name"": ""セブンオークスキャピタル株式会社"", ""ratio"": 0.0146, ""shares"": 600000.0}, {""rank"": 8, ""name"": ""株式会社SBI証券"", ""ratio"": 0.0136, ""shares"": 560625.0}, {""rank"": 9, ""name"": ""THE BANK OF NEW YORK133595. （常任代理人 株式会社みずほ銀行決済営業部）"", ""ratio"": 0.0136, ""shares"": 560000.0}, {""rank"": 10, ""name"": ""楽天証券株式会社"", ""ratio"": 0.0133, ""shares"": 548200.0}]","[{""name"": ""倉橋 健太"", ""title"": ""代表取締役執行役員CEO"", ""shares"": 10965000.0}, {""name"": ""柴山 直樹"", ""title"": ""取締役執行役員"", ""shares"": 7066000.0}, {""name"": ""髙栁 慶太郎"", ""title"": ""取締役執行役員"", ""shares"": 292043.0}, {""name"": ""松澤 香"", ""title"": ""取締役(注)１"", ""shares"": null}, {""name"": ""三村 真宗"", ""title"": ""取締役(注)１"", ""shares"": 20000.0}, {""name"": ""後藤 圭史"", ""title"": ""監査役(常勤)"", ""shares"": 50000.0}, {""name"": ""山並 憲司"", ""title"": ""監査役(注)２"", ""shares"": null}, {""name"": ""福島 史之"", ""title"": ""監査役(注)２"", ""shares"": null}]",,2021-06-01,2026-06-01,0.3398509773527451,0.1834627922832907,0.2732422878976395,0.2186685852709882,0.2524256227206283,True,False,True,0.1068843936098409,True,2020-12-01,2020-12-01,EDINET_company_history,False,True,True,2,3,3,365/365/365/366/365,OK,40979991.0,2026-06-01,604.0,223514888.33333337,1222.0,0.710479845422386,-0.8890881913303438,True,,-0.2183639466777347,3096,Transformation Moat,24751914564.0,1.8476439818417891,年率ボラティリティ60%以上 / ローカル5年最大下落率-60%以下
90,20260430,9168,9168.T,"Rise Consulting Group,Inc.",Growth Market(Domestic),9050,Services,10,"IT & SERVICES, OTHERS",-,,False,S100Y6K8,株式会社ライズ・コンサルティング・グループ,2026-05-28 15:33,2025-03-01,2026-02-28,RevenueIFRSSummaryOfBusinessResults,consolidated,3431633000.0,4761074000.0,6155972000.0,7679866000.0,8421187000.0,2021-03-01,2022-03-01,2023-03-01,2024-03-01,2025-03-01,2022-02-28,2023-02-28,2024-02-29,2025-02-28,2026-02-28,OperatingProfitLossIFRS,consolidated,1703200000.0,CurrentYearDuration,株式会社SHIFT,0.3319,8019700.0,False,松岡 竜大（代表取締役社長COO） / 北村 俊樹（代表取締役CEO） / 和田 学（代表取締役副社長）,松岡 竜大 / 北村 俊樹 / 和田 学,False,,2023-09-01,2023年９月: 東京証券取引所グロース市場に株式を上場,"[{""rank"": 1, ""name"": ""株式会社SHIFT"", ""ratio"": 0.3319, ""shares"": 8019700.0}, {""rank"": 2, ""name"": ""株式会社日本カストディ銀行（信託口）"", ""ratio"": 0.0511, ""shares"": 1235700.0}, {""rank"": 3, ""name"": ""朝日 竜樹"", ""ratio"": 0.0502, ""shares"": 1213500.0}, {""rank"": 4, ""name"": ""BBH CO FOR ARCUS JAPAN VALUE FUND（常任代理人 株式会社三菱ＵＦＪ銀行）"", ""ratio"": 0.0221, ""shares"": 534000.0}, {""rank"": 5, ""name"": ""楽天証券株式会社共有口"", ""ratio"": 0.0207, ""shares"": 502200.0}, {""rank"": 6, ""name"": ""野村證券株式会社"", ""ratio"": 0.0188, ""shares"": 454311.0}, {""rank"": 7, ""name"": ""岡 秀朋"", ""ratio"": 0.0187, ""shares"": 451800.0}, {""rank"": 8, ""name"": ""NOMURA PB NOMINEES LIMITED OMNIBUS－MARGIN （CASHPB） （常任代理人 野村證券株式会社）"", ""ratio"": 0.0161, ""shares"": 389500.0}, {""rank"": 9, ""name"": ""BNY GCM CLIENT ACCOUNT JPRD AC ISG(FE-AC) （常任代理人 株式会社三菱ＵＦＪ銀行）"", ""ratio"": 0.014, ""shares"": 339500.0}, {""rank"": 10, ""name"": ""UBS AG LONDON A/CIPB SEGREGATED CLIENT ACCOUNT （常任代理人 シティバンク、エヌ・エイ東京支店）"", ""ratio"": 0.012, ""shares"": 291300.0}]","[{""name"": ""松岡 竜大"", ""title"": ""代表取締役社長COO"", ""shares"": 19600.0}, {""name"": ""北村 俊樹"", ""title"": ""代表取締役CEO"", ""shares"": 110130.0}, {""name"": ""和田 学"", ""title"": ""代表取締役副社長"", ""shares"": 143690.0}, {""name"": ""進藤 基浩"", ""title"": ""取締役CFO"", ""shares"": 44600.0}, {""name"": ""武田 智行"", ""title"": ""取締役"", ""shares"": null}, {""name"": ""奥田 高志"", ""title"": ""取締役"", ""shares"": null}, {""name"": ""崔 真淑（戸籍上の氏名：石原 真淑）"", ""title"": ""取締役"", ""shares"": null}, {""name"": ""大倉 奨貴"", ""title"": ""取締役"", ""shares"": null}, {""name"": ""田中 信一"", ""title"": ""常勤監査役"", ""shares"": null}, {""name"": ""山田 梨津子（戸籍上の氏名：南条 梨津子）"", ""title"": ""監査役"", ""shares"": null}, {""name"": ""岡本 明子（戸籍上の氏名：大島 明子）"", ""title"": ""監査役"", ""shares"": null}]",,2023-09-12,2026-06-01,0.3874076860783189,0.2929796932372821,0.2475472597991024,0.0965278560849889,0.2516073906459362,True,False,True,0.2022517728201499,True,2023-09-01,2023-09-12,local_price_first_trade,True,False,False,2,3,3,365/365/366/365/365,OK,24159840.0,2026-06-01,396.0,136131763.33333334,661.0,0.5091358361003429,-0.687712885943712,False,missing_financial_data,-0.2203137931337,3107,Future Moat,9567296640.0,1.1360983481307327,既存適格性フィルター不通過: missing_financial_data / ローカル5年最大下落率-60%以下
91,20260430,5590,5590.T,"NETSTARS Co.,Ltd.",Growth Market(Domestic),5250,Information & Communication,10,"IT & SERVICES, OTHERS",-,,False,S100XTGZ,株式会社ネットスターズ,2026-03-25 15:30,2025-01-01,2025-12-31,NetSalesSummaryOfBusinessResults,consolidated,1963958000.0,2987067000.0,3720710000.0,3902046000.0,4788117000.0,2021-01-01,2022-01-01,2023-01-01,2024-01-01,2025-01-01,2021-12-31,2022-12-31,2023-12-31,2024-12-31,2025-12-31,OperatingIncome,consolidated,293083000.0,CurrentYearDuration,李剛,0.1971,3317000.0,True,李 剛（代表取締役社長CEO）,李 剛,True,李 剛,2023-09-01,2023年９月: 東京証券取引所グロース市場に株式を上場,"[{""rank"": 1, ""name"": ""李剛"", ""ratio"": 0.1971, ""shares"": 3317000.0}, {""rank"": 2, ""name"": ""KJP2 L.P. （常任代理人 香港上海銀行東京支店 カストディ業務部）"", ""ratio"": 0.1219, ""shares"": 2051200.0}, {""rank"": 3, ""name"": ""株式会社日本カストディ銀行（信託口）"", ""ratio"": 0.0775, ""shares"": 1304400.0}, {""rank"": 4, ""name"": ""MLPFS CUSTODY ACCOUNT（常任代理人 BOFA証券株式会社）"", ""ratio"": 0.0741, ""shares"": 1246900.0}, {""rank"": 5, ""name"": ""株式会社ＳＢＩ証券"", ""ratio"": 0.0448, ""shares"": 753200.0}, {""rank"": 6, ""name"": ""PHILLIP SECURITIES (HONG KONG) LIMITED（常任代理人 フィリップ証券株式会社）"", ""ratio"": 0.0396, ""shares"": 667200.0}, {""rank"": 7, ""name"": ""楽天証券株式会社共有口"", ""ratio"": 0.0387, ""shares"": 651900.0}, {""rank"": 8, ""name"": ""吉田興佳"", ""ratio"": 0.0357, ""shares"": 600000.0}, {""rank"": 9, ""name"": ""王鯤"", ""ratio"": 0.0357, ""shares"": 600000.0}, {""rank"": 10, ""name"": ""日本マスタートラスト信託銀行株式会社（信託口）"", ""ratio"": 0.0312, ""shares"": 524600.0}]","[{""name"": ""李 剛"", ""title"": ""代表取締役社長CEO"", ""shares"": 3317000.0}, {""name"": ""チン・ビン"", ""title"": ""取締役CTO"", ""shares"": null}, {""name"": ""安達 源"", ""title"": ""取締役CFO"", ""shares"": null}, {""name"": ""長福 久弘"", ""title"": ""取締役COO"", ""shares"": null}, {""name"": ""王 鯤"", ""title"": ""取締役"", ""shares"": 600000.0}, {""name"": ""吉田 興佳"", ""title"": ""取締役"", ""shares"": 600000.0}, {""name"": ""濵田 敏彰"", ""title"": ""取締役"", ""shares"": 10000.0}, {""name"": ""中村 康佐"", ""title"": ""取締役"", ""shares"": 2000.0}, {""name"": ""徳川 必要互安"", ""title"": ""常勤監査役"", ""shares"": null}, {""name"": ""小澤 幹人"", ""title"": ""監査役"", ""shares"": null}, {""name"": ""木佐木 之恵"", ""title"": ""監査役"", ""shares"": null}]",,2023-09-26,2026-06-01,0.520942403045279,0.2456064761855023,0.0487369346173176,0.2270785633998164,0.2495629493780067,True,False,True,0.0612104925589746,False,2023-09-01,2023-09-26,local_price_first_trade,True,True,True,2,3,3,365/365/365/366/365,OK,16828800.0,2026-06-01,717.0,148676971.66666666,652.0,0.5964535130566201,-0.5425888665325285,True,,-0.0740654080189991,2432,Future Moat,12066249600.0,2.5200406756977745,目立つ機械的警告なし（定性確認は別途必要）
92,20260430,4417,4417.T,Global Security Experts Inc.,Growth Market(Domestic),5250,Information & Communication,10,"IT & SERVICES, OTHERS",-,,False,S100W3OW,グローバルセキュリティエキスパート株式会社,2025-06-25 14:31,2024-04-01,2025-03-31,NetSalesSummaryOfBusinessResults,nonconsolidated,2948871000.0,4391317000.0,5558022000.0,7002941000.0,7178277000.0,2020-04-01,2021-04-01,2022-04-01,2023-04-01,2024-04-01,2021-03-31,2022-03-31,2023-03-31,2024-03-31,2025-03-31,OperatingIncome,nonconsolidated,1448984000.0,CurrentYearDuration_NonConsolidatedMember,株式会社ビジネスブレイン太田昭和,0.3966,3003000.0,False,青柳 史郎（代表取締役 社長） / 原 伸一（代表取締役 副社長） / 吉見 主税（取締役 西日本支社 支社長）,青柳 史郎 / 原 伸一 / 吉見 主税,False,,1984-08-01,1984年８月 1992年10月 1997年10月 2000年３月 2000年４月 2012年11月 2015年１月 2016年４月 2016年５月 2017年２月 2017年８月 2019年７月 2019年10月 2019年11月 2020年４月 2020年11月 2020年11月 2020年12月 2021年12月 2022年４月 2024年４月 2024年６月 2024年６月: 株式会社ビジネスブレイン太田昭和100%出資により、株式会社ホスピタル・ブレイン昭和(現 当社)設立 株式会社ビジネスブレイン太田昭和及び日本アイ・ビー・エム株式会社の合弁により、株式会社ギャブコンサルティング設立 株式会社ギャブコンサルティングにて、脆弱性診断サービス(タイガーチームサービス)の提供開始 株式会社ホスピタル・ブレイン昭和は、株式会社ギャブコンサルティングからネットワークセキュリティ事業の営業を譲受ける 株式会社ホスピタル・ブレイン昭和は、グローバルセキュリティエキスパート株式会社に商号変更 標的型メール訓練サービス(トラップメール)の提供開始 事業領域の拡大を目的に、株式会社シグマクシス,"[{""rank"": 1, ""name"": ""株式会社ビジネスブレイン太田昭和"", ""ratio"": 0.3966, ""shares"": 3003000.0}, {""rank"": 2, ""name"": ""兼松エレクトロニクス株式会社"", ""ratio"": 0.2031, ""shares"": 1538000.0}, {""rank"": 3, ""name"": ""日本マスタートラスト信託銀行株式会社（信託口）"", ""ratio"": 0.0492, ""shares"": 372300.0}, {""rank"": 4, ""name"": ""株式会社日本カストディ銀行（信託口）"", ""ratio"": 0.0422, ""shares"": 319300.0}, {""rank"": 5, ""name"": ""ＴＨＥ ＢＡＮＫ ＯＦ ＮＥＷ ＹＯＲＫ １３３６５２ (常任代理人 株式会社みずほ銀行決済営業部)"", ""ratio"": 0.0283, ""shares"": 214500.0}, {""rank"": 6, ""name"": ""丸紅Ｉ‐ＤＩＧＩＯホールディングス株式会社"", ""ratio"": 0.0214, ""shares"": 162400.0}, {""rank"": 7, ""name"": ""鱸 史郎"", ""ratio"": 0.0159, ""shares"": 120180.0}, {""rank"": 8, ""name"": ""原 伸一"", ""ratio"": 0.0155, ""shares"": 117165.0}, {""rank"": 9, ""name"": ""ＴＨＥ ＢＡＮＫ ＯＦ ＮＥＷ ＹＯＲＫ ＭＥＬＬＯＮ １４００５１ (常任代理人 株式会社みずほ銀行決済営業部)"", ""ratio"": 0.0088, ""shares"": 66500.0}, {""rank"": 10, ""name"": ""株式会社日本カストディ銀行（信託Ｅ口）"", ""ratio"": 0.0086, ""shares"": 65320.0}]","[{""name"": ""青柳 史郎"", ""title"": ""代表取締役 社長"", ""shares"": 120180.0}, {""name"": ""原 伸一"", ""title"": ""代表取締役 副社長"", ""shares"": 117165.0}, {""name"": ""三木 剛"", ""title"": ""常務取締役 エリア統括"", ""shares"": 48027.0}, {""name"": ""中村 貴之"", ""title"": ""常務取締役 教育事業本部 本部長"", ""shares"": 17137.0}, {""name"": ""吉見 主税"", ""title"": ""取締役 西日本支社 支社長"", ""shares"": 51695.0}, {""name"": ""鈴木 貴志"", ""title"": ""取締役 サイバーセキュリティ事業本部 副本部長 テクノロジー統括部 統括部長 サイバーセキュリティ研究所 所長"", ""shares"": 23262.0}, {""name"": ""後藤 慶"", ""title"": ""取締役 サイバーセキュリティ事業本部 副本部長"", ""shares"": 16500.0}, {""name"": ""近藤 壮一"", ""title"": ""取締役"", ""shares"": null}, {""name"": ""岡田 幸憲"", ""title"": ""取締役"", ""shares"": null}, {""name"": ""上野 宣"", ""title"": ""取締役"", ""shares"": null}, {""name"": ""井上 純二"", ""title"": ""取締役 （監査等委員）"", ""shares"": 200.0}, {""name"": ""古谷 伸太郎"", ""title"": ""取締役 （監査等委員）"", ""shares"": null}, {""name"": ""水谷 繁幸"", ""title"": ""取締役 （監査等委員）"", ""shares"": null}]",,2021-12-20,2026-06-01,0.4891519500174812,0.2656845315425873,0.2599700037171497,0.0250374806813309,0.2490824593004061,True,False,True,0.201856796554382,True,1984-08-01,2021-12-20,local_price_first_trade,True,False,False,2,3,3,365/365/365/366/365,OK,7572000.0,2026-06-01,3415.0,254702825.0,1085.0,0.6729745113702061,-0.4693620560826064,True,,-0.1116099138192943,2665,Transformation Moat,25858380000.0,3.6023101365411225,年率ボラティリティ60%以上
93,20260430,4177,4177.T,"i-plug,Inc.",Growth Market(Domestic),5250,Information & Communication,10,"IT & SERVICES, OTHERS",-,,False,S100W2OZ,株式会社ｉ－ｐｌｕｇ,2025-06-23 15:21,2024-04-01,2025-03-31,NetSalesSummaryOfBusinessResults,consolidated,2151386000.0,3041482000.0,3741454000.0,4602623000.0,5084450000.0,2020-04-01,2021-04-01,2022-04-01,2023-04-01,2024-04-01,2021-03-31,2022-03-31,2023-03-31,2024-03-31,2025-03-31,OperatingIncome,consolidated,578502000.0,CurrentYearDuration,中野智哉,0.5625,2228500.0,True,中野 智哉（代表取締役 CEO）,中野 智哉,True,中野 智哉,2021-03-01,2021年３月 2022年４月 2022年９月 2022年12月 2024年７月 2024年10月 2025年１月: 東京証券取引所マザーズに株式を上場 東京証券取引所の市場区分の見直しにより、東京証券取引所のマザーズからグロース市場に移行 株式会社paceboxを設立 株式会社マキシマイズ(現・連結子会社)の株式取得 会員制ラウンジ事業(現・plugin lab)及びキャリア大学事業を事業譲受 株式会社paceboxを吸収合併 東京オフィスを東京都千代田区に移転 名古屋オフィスを名古屋市中村区に移転,"[{""rank"": 1, ""name"": ""中野智哉"", ""ratio"": 0.5625, ""shares"": 2228500.0}, {""rank"": 2, ""name"": ""田中伸明"", ""ratio"": 0.0444, ""shares"": 176249.0}, {""rank"": 3, ""name"": ""直木英訓"", ""ratio"": 0.0244, ""shares"": 96785.0}, {""rank"": 4, ""name"": ""株式会社日本カストディ銀行(信託口)"", ""ratio"": 0.0238, ""shares"": 94300.0}, {""rank"": 5, ""name"": ""山田正洋"", ""ratio"": 0.0217, ""shares"": 86000.0}, {""rank"": 6, ""name"": ""株式会社SBI証券"", ""ratio"": 0.0214, ""shares"": 84829.0}, {""rank"": 7, ""name"": ""BNY GCM CLIENT ACCOUNT JPRD AC ISG (FE-AC)(常任代理人 株式会社三菱UFJ銀行)"", ""ratio"": 0.0196, ""shares"": 77983.0}, {""rank"": 8, ""name"": ""JPモルガン証券株式会社"", ""ratio"": 0.0173, ""shares"": 68600.0}, {""rank"": 9, ""name"": ""ベル投資事業有限責任組合1"", ""ratio"": 0.0126, ""shares"": 50000.0}, {""rank"": 10, ""name"": ""住友生命保険相互会社"", ""ratio"": 0.0126, ""shares"": 50000.0}]","[{""name"": ""中野 智哉"", ""title"": ""代表取締役 CEO"", ""shares"": 2228500.0}, {""name"": ""直木 英訓"", ""title"": ""取締役 COO"", ""shares"": 96785.0}, {""name"": ""阪田 貴郁"", ""title"": ""取締役 CFO"", ""shares"": 3985.0}, {""name"": ""田中 伸明"", ""title"": ""取締役"", ""shares"": 176249.0}, {""name"": ""山田 雅人"", ""title"": ""取締役 CSO"", ""shares"": 23432.0}, {""name"": ""田中 邦裕"", ""title"": ""取締役"", ""shares"": 3000.0}, {""name"": ""麻田 祐司"", ""title"": ""取締役"", ""shares"": 2700.0}, {""name"": ""赤木 孝一"", ""title"": ""常勤監査役"", ""shares"": 4300.0}, {""name"": ""中澤 未生子"", ""title"": ""監査役"", ""shares"": null}, {""name"": ""廣瀬 好伸"", ""title"": ""監査役"", ""shares"": null}]",,2021-06-01,2026-06-01,0.4137314270893275,0.2301417532637049,0.2301696078583353,0.1046853066175526,0.2398850134110179,True,False,True,0.1137786781264443,True,2021-03-01,2021-03-01,EDINET_company_history,False,True,True,2,3,3,365/365/365/366/365,OK,3961784.0,2026-06-01,1481.0,11596410.0,1222.0,0.5551514283538471,-0.880641025574626,False,low_liquidity,-0.0350407495374953,2149,Future Moat,5867402104.0,1.153989537511432,"既存適格性フィルター不通過: low_liquidity / 60日平均売買代金2,000万円未満 / ローカル5年最大下落率-60%以下"
94,20260430,7611,7611.T,HIDAY HIDAKA Corp.,Prime Market (Domestic),6100,Retail Trade,14,RETAIL TRADE,6,TOPIX Small 1,False,S100Y64B,株式会社ハイデイ日高,2026-05-26 16:52,2025-03-01,2026-02-28,NetSalesSummaryOfBusinessResults,nonconsolidated,26402538000.0,38168283000.0,48772224000.0,55629711000.0,62252860000.0,2021-03-01,2022-03-01,2023-03-01,2024-03-01,2025-03-01,2022-02-28,2023-02-28,2024-02-29,2025-02-28,2026-02-28,OperatingIncome,nonconsolidated,6584163000.0,CurrentYearDuration_NonConsolidatedMember,神田 正,0.1005,3621000.0,True,神田 正（代表取締役会長 執行役員会長） / 青野敬成（代表取締役社長 執行役員社長）,神田 正 / 青野敬成,True,神田 正,2004-04-01,2004年４月 消費税の総額表示の義務化に伴い「日高屋」において中華そばを税込390円とし、実質値下げを実施。 ９月 千葉県初出店となる「日高屋北小金店」を開店。 12月 日本証券業協会への店頭登録を取消し、ジャスダック証券取引所に株式を上場,"[{""rank"": 1, ""name"": ""神田 正"", ""ratio"": 0.1005, ""shares"": 3621000.0}, {""rank"": 2, ""name"": ""神田 賢一"", ""ratio"": 0.0838, ""shares"": 3018000.0}, {""rank"": 3, ""name"": ""日本マスタートラスト信託銀行株式会社（信託口）"", ""ratio"": 0.0762, ""shares"": 2745000.0}, {""rank"": 4, ""name"": ""USBK NA JP I&W TS （常任代理人 株式会社三菱UFJ銀行）"", ""ratio"": 0.0753, ""shares"": 2712000.0}, {""rank"": 5, ""name"": ""麒麟麦酒株式会社"", ""ratio"": 0.0306, ""shares"": 1104000.0}, {""rank"": 6, ""name"": ""町田 功"", ""ratio"": 0.0283, ""shares"": 1019000.0}, {""rank"": 7, ""name"": ""昭和産業株式会社"", ""ratio"": 0.0183, ""shares"": 658000.0}, {""rank"": 8, ""name"": ""株式会社武蔵野銀行"", ""ratio"": 0.0179, ""shares"": 647000.0}, {""rank"": 9, ""name"": ""株式会社みずほ銀行"", ""ratio"": 0.0178, ""shares"": 643000.0}, {""rank"": 10, ""name"": ""日本生命保険相互会社"", ""ratio"": 0.0157, ""shares"": 567000.0}]","[{""name"": ""神田 正"", ""title"": ""代表取締役会長 執行役員会長"", ""shares"": 3621000.0}, {""name"": ""青野敬成"", ""title"": ""代表取締役社長 執行役員社長"", ""shares"": 36000.0}, {""name"": ""原田隆行"", ""title"": ""取締役 執行役員 営業本部長兼営業部長"", ""shares"": 7000.0}, {""name"": ""島崎幸司"", ""title"": ""取締役 執行役員 行田工場長"", ""shares"": 2000.0}, {""name"": ""石田 淳"", ""title"": ""取締役 執行役員 経営企画部長"", ""shares"": 0.0}, {""name"": ""石田 徹"", ""title"": ""社外取締役"", ""shares"": 0.0}, {""name"": ""齊藤三希子 (現姓：青山)"", ""title"": ""社外取締役"", ""shares"": null}, {""name"": ""小山茂和"", ""title"": ""社外取締役(監査等委員)"", ""shares"": 1000.0}, {""name"": ""奥村太久実"", ""title"": ""社外取締役(監査等委員)"", ""shares"": null}, {""name"": ""平栗敬子"", ""title"": ""社外取締役(監査等委員)"", ""shares"": null}]",,2021-06-01,2026-06-01,0.4456293179087556,0.2778207497570693,0.1406023026548881,0.1190577639348153,0.2391629161588291,True,False,True,0.1057648275115392,True,2004-04-01,2004-04-01,EDINET_company_history,False,True,True,2,3,3,365/365/366/365/365,OK,36003116.0,2026-06-01,2591.0,388446186.6666667,1222.0,0.2311681542026329,-0.3278988447716759,True,,0.018691516449575,1729,Core Moat,93284073556.0,1.498470488841798,目立つ機械的警告なし（定性確認は別途必要）
95,20260430,8944,8944.T,"LAND BUSINESS  CO.,LTD.",Standard Market(Domestic),8050,Real Estate,17,REAL ESTATE,-,,False,S100X9MO,株式会社ランドビジネス,2025-12-19 14:37,2024-10-01,2025-09-30,NetSalesSummaryOfBusinessResults,nonconsolidated,4588332000.0,4545473000.0,4442788000.0,4575692000.0,10817593000.0,2020-10-01,2021-10-01,2022-10-01,2023-10-01,2024-10-01,2021-09-30,2022-09-30,2023-09-30,2024-09-30,2025-09-30,OperatingIncome,nonconsolidated,1373787000.0,CurrentYearDuration_NonConsolidatedMember,亀井 正通,0.385,7641000.0,True,亀井 正通（代表取締役会長） / 森作 哲朗（代表取締役社長 建築設計部担当 兼新規事業担当）,亀井 正通 / 森作 哲朗,True,亀井 正通,2005-07-01,2005年７月: ジャスダック証券取引所に株式を上場,"[{""rank"": 1, ""name"": ""亀井 正通"", ""ratio"": 0.385, ""shares"": 7641000.0}, {""rank"": 2, ""name"": ""亀井 綾子"", ""ratio"": 0.2214, ""shares"": 4395900.0}, {""rank"": 3, ""name"": ""永井 詳二"", ""ratio"": 0.0352, ""shares"": 700000.0}, {""rank"": 4, ""name"": ""INTERACTIVE BROKERS LLC （常任代理人 インタラクティブ・ブローカーズ証券株式会社）"", ""ratio"": 0.0169, ""shares"": 335400.0}, {""rank"": 5, ""name"": ""森作 哲朗"", ""ratio"": 0.0132, ""shares"": 263000.0}, {""rank"": 6, ""name"": ""一般社団法人飯田"", ""ratio"": 0.0131, ""shares"": 260000.0}, {""rank"": 7, ""name"": ""株式会社ＫＳマネジメント"", ""ratio"": 0.0119, ""shares"": 237800.0}, {""rank"": 8, ""name"": ""株式会社ＳＢＩ証券"", ""ratio"": 0.0115, ""shares"": 229464.0}, {""rank"": 9, ""name"": ""東海東京証券株式会社"", ""ratio"": 0.0089, ""shares"": 177800.0}, {""rank"": 10, ""name"": ""麻生 國雄"", ""ratio"": 0.006, ""shares"": 120000.0}, {""rank"": 11, ""name"": ""麻生 絹江"", ""ratio"": 0.006, ""shares"": 120000.0}]","[{""name"": ""亀井 正通"", ""title"": ""代表取締役会長"", ""shares"": 7641000.0}, {""name"": ""森作 哲朗"", ""title"": ""代表取締役社長 建築設計部担当 兼新規事業担当"", ""shares"": 263000.0}, {""name"": ""佐々木 廣明"", ""title"": ""取締役 都市開発部担当"", ""shares"": 88600.0}, {""name"": ""加藤 毅"", ""title"": ""取締役 新規事業担当"", ""shares"": 26000.0}, {""name"": ""安藤 隆紀"", ""title"": ""取締役 兼執行役員新規事業担当"", ""shares"": null}, {""name"": ""吉田 繁美"", ""title"": ""取締役 新規事業担当"", ""shares"": null}, {""name"": ""クリストフ・ ジャック・ ガブリエル・ ランシュー"", ""title"": ""取締役"", ""shares"": 6000.0}, {""name"": ""牛嶋 勝二"", ""title"": ""常勤監査役"", ""shares"": null}, {""name"": ""樋口 節夫"", ""title"": ""監査役"", ""shares"": null}, {""name"": ""鈴木 志津夫"", ""title"": ""監査役"", ""shares"": 3000.0}]",,2021-06-01,2026-06-01,-0.0093408672258241,-0.0225906082821303,0.029914549152469,1.3641436093163612,0.2391359320558037,True,False,True,0.126995626476241,True,2005-07-01,2005-07-01,EDINET_company_history,False,True,True,2,3,3,365/365/365/366/365,OK,19846115.0,2026-06-01,248.0,46068153.333333336,1222.0,0.3357761599036527,-0.537221510067887,False,repeated_negative_operating_cf,0.0911244332068752,1285,Discovery,4921836520.0,0.45498444247255376,既存適格性フィルター不通過: repeated_negative_operating_cf
96,20260430,5599,5599.T,S&J Corporation,Growth Market(Domestic),5250,Information & Communication,10,"IT & SERVICES, OTHERS",-,,False,S100W7BJ,Ｓ＆Ｊ株式会社,2025-06-26 14:15,2024-04-01,2025-03-31,NetSalesSummaryOfBusinessResults,nonconsolidated,830672000.0,1077796000.0,1281425000.0,1610754000.0,1942927000.0,2020-04-01,2021-04-01,2022-04-01,2023-04-01,2024-04-01,2021-03-31,2022-03-31,2023-03-31,2024-03-31,2025-03-31,OperatingIncome,nonconsolidated,420504000.0,CurrentYearDuration_NonConsolidatedMember,株式会社マクニカ,0.3768,2100000.0,False,三輪 信雄（代表取締役 社 長）,三輪 信雄,False,,2023-12-01,2023年12月: 東京証券取引所グロース市場に株式を上場,"[{""rank"": 1, ""name"": ""株式会社マクニカ"", ""ratio"": 0.3768, ""shares"": 2100000.0}, {""rank"": 2, ""name"": ""三輪 信雄"", ""ratio"": 0.1741, ""shares"": 970000.0}, {""rank"": 3, ""name"": ""株式会社ＢＮＰ"", ""ratio"": 0.1077, ""shares"": 600000.0}, {""rank"": 4, ""name"": ""石川 剛"", ""ratio"": 0.0359, ""shares"": 200000.0}, {""rank"": 5, ""name"": ""株式会社ＳＢＩ証券"", ""ratio"": 0.0241, ""shares"": 134255.0}, {""rank"": 6, ""name"": ""光通信株式会社"", ""ratio"": 0.0174, ""shares"": 97100.0}, {""rank"": 7, ""name"": ""木下 圭一郎"", ""ratio"": 0.0146, ""shares"": 81600.0}, {""rank"": 8, ""name"": ""NOMURA PB NOMINEES LIMITED OMNIBUS-MARGIN (CASHPB) (常任代理人 野村證券株式会社)"", ""ratio"": 0.0106, ""shares"": 59300.0}, {""rank"": 9, ""name"": ""楽天証券株式会社"", ""ratio"": 0.0096, ""shares"": 53500.0}, {""rank"": 10, ""name"": ""神田 隆生"", ""ratio"": 0.009, ""shares"": 50200.0}]","[{""name"": ""三輪 信雄"", ""title"": ""代表取締役 社 長"", ""shares"": 1570000.0}, {""name"": ""石川 剛"", ""title"": ""取締役 営業部長"", ""shares"": 200000.0}, {""name"": ""上原 孝之"", ""title"": ""取締役 セキュリティ プロフェッショナルサービス 部長"", ""shares"": null}, {""name"": ""經田 洋平"", ""title"": ""取締役 管理部長"", ""shares"": null}, {""name"": ""半澤 幸一"", ""title"": ""取締役 コアテクノロジー 部長"", ""shares"": null}, {""name"": ""星野 喬"", ""title"": ""取締役"", ""shares"": null}, {""name"": ""大桃 健一"", ""title"": ""取締役 （常勤監査等委員）"", ""shares"": null}, {""name"": ""谷井 亮平"", ""title"": ""取締役 （監査等委員）"", ""shares"": null}, {""name"": ""林 孝重"", ""title"": ""取締役 （監査等委員）"", ""shares"": null}]",,2023-12-15,2026-06-01,0.2974988924629698,0.1889309294152139,0.2570021655578749,0.2062220550127456,0.2366782649031069,True,False,True,0.2164281004896221,True,2023-12-01,2023-12-15,local_price_first_trade,True,False,False,2,3,3,365/365/365/366/365,OK,5572600.0,2026-06-01,855.0,53698993.333333336,597.0,0.5590249136870858,-0.6456181615834982,True,,-0.0090435573211641,1941,Future Moat,4764573000.0,2.4522655766274286,ローカル5年最大下落率-60%以下
97,20260430,4374,4374.T,ROBOT PAYMENT INC.,Growth Market(Domestic),5250,Information & Communication,10,"IT & SERVICES, OTHERS",-,,False,S100XUUD,株式会社ＲＯＢＯＴ　ＰＡＹＭＥＮＴ,2026-03-27 10:24,2025-01-01,2025-12-31,NetSalesSummaryOfBusinessResults,nonconsolidated,1394951000.0,1731416000.0,2213709000.0,2762014000.0,3256436000.0,2021-01-01,2022-01-01,2023-01-01,2024-01-01,2025-01-01,2021-12-31,2022-12-31,2023-12-31,2024-12-31,2025-12-31,OperatingIncome,nonconsolidated,774392000.0,CurrentYearDuration_NonConsolidatedMember,ＫＫキャピタル株式会社,0.4142,1530032.0,False,清久 健也（代表取締役）,清久 健也,False,,2021-09-01,2021年９月: 東京証券取引所マザーズ(現グロース)に株式を上場,"[{""rank"": 1, ""name"": ""ＫＫキャピタル株式会社"", ""ratio"": 0.4142, ""shares"": 1530032.0}, {""rank"": 2, ""name"": ""清久 健也"", ""ratio"": 0.1055, ""shares"": 389864.0}, {""rank"": 3, ""name"": ""GMCM VENTURE CAPITAL PARTNERS Ⅰ INC （常任代理人：濱崎 一真）"", ""ratio"": 0.0409, ""shares"": 151000.0}, {""rank"": 4, ""name"": ""株式会社Orchestra Investment"", ""ratio"": 0.0286, ""shares"": 105610.0}, {""rank"": 5, ""name"": ""木田 裕介"", ""ratio"": 0.0276, ""shares"": 101800.0}, {""rank"": 6, ""name"": ""株式会社日本カストディ銀行（信託口）"", ""ratio"": 0.0273, ""shares"": 101000.0}, {""rank"": 7, ""name"": ""ＩＮＴＥＲＡＣＴＩＶＥ ＢＲＯＫＥＲＳ ＬＬＣ （常任代理人：インタラクティブ・ブローカーズ証券株式会社）"", ""ratio"": 0.02, ""shares"": 73900.0}, {""rank"": 8, ""name"": ""ＲＥ ＦＵＮＤ １０７－ＣＬＩＥＮＴ ＡＣ （常任代理人：シティバンク、エヌ・エイ東京支店）"", ""ratio"": 0.0199, ""shares"": 73400.0}, {""rank"": 9, ""name"": ""須田 忠雄"", ""ratio"": 0.0154, ""shares"": 57000.0}, {""rank"": 10, ""name"": ""株式会社ＳＢＩ証券"", ""ratio"": 0.0109, ""shares"": 40116.0}]","[{""name"": ""清久 健也"", ""title"": ""代表取締役"", ""shares"": 1919896.0}, {""name"": ""川本 圭祐"", ""title"": ""取締役"", ""shares"": 20000.0}, {""name"": ""久野 聡太"", ""title"": ""取締役"", ""shares"": null}, {""name"": ""澤 博史"", ""title"": ""社外取締役"", ""shares"": null}, {""name"": ""石橋 慶太"", ""title"": ""社外取締役 常勤監査等委員"", ""shares"": 15040.0}, {""name"": ""清水 幸明"", ""title"": ""社外取締役 監査等委員"", ""shares"": null}, {""name"": ""小坂 亜沙美"", ""title"": ""社外取締役 監査等委員"", ""shares"": null}]",,2021-09-28,2026-06-01,0.2412020207161398,0.2785540852111798,0.2476861231534948,0.1790077820025533,0.2360780621868565,True,False,True,0.2378035373641613,True,2021-09-01,2021-09-28,local_price_first_trade,True,False,False,2,3,3,365/365/365/366/365,OK,3693994.0,2026-06-01,2549.0,35713790.0,1142.0,0.557137315513078,-0.7403545254857764,True,,0.3037201957330908,422,Discovery,9415990706.0,2.8915018461901294,ローカル5年最大下落率-60%以下
98,20260430,7114,7114.T,"Foodison,Inc.",Growth Market(Domestic),6050,Wholesale Trade,13,COMMERCIAL & WHOLESALE TRADE,-,,False,S100W917,株式会社フーディソン,2025-06-30 14:37,2024-04-01,2025-03-31,NetSalesSummaryOfBusinessResults,consolidated,2955671000.0,3592211000.0,5279487000.0,6351673000.0,6866324000.0,2020-04-01,2021-04-01,2022-04-01,2023-04-01,2024-04-01,2021-03-31,2022-03-31,2023-03-31,2024-03-31,2025-03-31,OperatingIncome,consolidated,167387000.0,CurrentYearDuration,山本 徹,0.4283,1942147.0,True,山本 徹（代表取締役 CEO）,山本 徹,True,山本 徹,2022-12-01,2022年12月: 東京証券取引所グロース市場に株式を上場,"[{""rank"": 1, ""name"": ""山本 徹"", ""ratio"": 0.4283, ""shares"": 1942147.0}, {""rank"": 2, ""name"": ""株式会社リープラジャパン"", ""ratio"": 0.1411, ""shares"": 640000.0}, {""rank"": 3, ""name"": ""株式会社日本カストディ銀行（信託口）"", ""ratio"": 0.0843, ""shares"": 382300.0}, {""rank"": 4, ""name"": ""日本マスタートラスト信託銀行株式会社（信託口）"", ""ratio"": 0.038, ""shares"": 172200.0}, {""rank"": 5, ""name"": ""ＳＢＩ ＡＩ＆Ｂｌｏｃｋｃｈａｉｎ投資事業有限責任組合"", ""ratio"": 0.0265, ""shares"": 120000.0}, {""rank"": 6, ""name"": ""株式会社ミロク情報サービス"", ""ratio"": 0.0151, ""shares"": 68300.0}, {""rank"": 7, ""name"": ""野村信託銀行株式会社（投信口）"", ""ratio"": 0.0129, ""shares"": 58500.0}, {""rank"": 8, ""name"": ""三菱ＵＦＪキャピタル５号投資事業有限責任組合"", ""ratio"": 0.0077, ""shares"": 34923.0}, {""rank"": 9, ""name"": ""谷村 格"", ""ratio"": 0.0071, ""shares"": 32000.0}, {""rank"": 10, ""name"": ""Ｊ．Ｐ．Ｍｏｒｇａｎ Ｓｅｃｕｒｉ ｔｉｅs ｐｌｃ"", ""ratio"": 0.0069, ""shares"": 31300.0}]","[{""name"": ""山本 徹"", ""title"": ""代表取締役 CEO"", ""shares"": 1942147.0}, {""name"": ""内藤 直樹"", ""title"": ""取締役CFO"", ""shares"": 23900.0}, {""name"": ""谷村 格"", ""title"": ""取締役"", ""shares"": 32000.0}, {""name"": ""福武 英明"", ""title"": ""取締役"", ""shares"": 4900.0}, {""name"": ""野地 春菜"", ""title"": ""取締役"", ""shares"": 100.0}, {""name"": ""池田 智"", ""title"": ""常勤監査役"", ""shares"": null}, {""name"": ""中川 紘平"", ""title"": ""監査役"", ""shares"": null}, {""name"": ""渡邉 慎也"", ""title"": ""監査役"", ""shares"": null}]",,2022-12-16,2026-06-01,0.2153622646092883,0.4697040346460717,0.2030852618824519,0.0810260540805547,0.2345737839238981,True,False,True,0.0243779641042281,False,2022-12-01,2022-12-16,local_price_first_trade,True,True,True,2,3,3,365/365/365/366/365,OK,4535040.0,2026-06-01,766.0,1665603.3333333333,843.0,0.4830674894521284,-0.7800918836140889,False,low_liquidity,-0.3290868349774539,3327,Transformation Moat,3473840640.0,0.5059243694296978,"既存適格性フィルター不通過: low_liquidity / 60日平均売買代金2,000万円未満 / ローカル5年最大下落率-60%以下"
99,20260430,7806,7806.T,"MTG Co.,Ltd.",Growth Market(Domestic),3800,Other Products,10,"IT & SERVICES, OTHERS",-,,False,S100XBX1,株式会社ＭＴＧ,2025-12-19 16:03,2024-10-01,2025-09-30,NetSalesSummaryOfBusinessResults,consolidated,42799000000.0,48984000000.0,60154000000.0,71865000000.0,98810000000.0,2020-10-01,2021-10-01,2022-10-01,2023-10-01,2024-10-01,2021-09-30,2022-09-30,2023-09-30,2024-09-30,2025-09-30,OperatingIncome,consolidated,10665000000.0,CurrentYearDuration,松下 剛,0.2797,10988000.0,True,松下 剛（代表取締役社長）,松下 剛,True,松下 剛,2018-07-01,2018年７月: 東京証券取引所マザーズ市場に株式を上場。,"[{""rank"": 1, ""name"": ""松下 剛"", ""ratio"": 0.2797, ""shares"": 10988000.0}, {""rank"": 2, ""name"": ""株式会社Ｍマネジメント"", ""ratio"": 0.2037, ""shares"": 8000000.0}, {""rank"": 3, ""name"": ""株式会社Ｍコーポレーション"", ""ratio"": 0.1619, ""shares"": 6360000.0}, {""rank"": 4, ""name"": ""MTG持株会"", ""ratio"": 0.0184, ""shares"": 724000.0}, {""rank"": 5, ""name"": ""エスカワゴエ株式会社"", ""ratio"": 0.0147, ""shares"": 575000.0}, {""rank"": 6, ""name"": ""株式会社日本カストディ銀行（信託口）"", ""ratio"": 0.0129, ""shares"": 505000.0}, {""rank"": 7, ""name"": ""BNYM SA/NV FOR BNYM FOR BNYM GCM CLIENT ACCTS M ILM FE （常任代理人 株式会社三菱UFJ銀行）"", ""ratio"": 0.0083, ""shares"": 326000.0}, {""rank"": 8, ""name"": ""BNY GCM CLIENT ACCOUNT JPRD AC ISG (FE-AC) （常任代理人 株式会社三菱UFJ銀行）"", ""ratio"": 0.0082, ""shares"": 322000.0}, {""rank"": 9, ""name"": ""佐川印刷株式会社"", ""ratio"": 0.0075, ""shares"": 293000.0}, {""rank"": 10, ""name"": ""日本マスタートラスト信託銀行株式会社（信託口）"", ""ratio"": 0.0074, ""shares"": 292000.0}]","[{""name"": ""松下 剛"", ""title"": ""代表取締役社長"", ""shares"": 10988331.0}, {""name"": ""田島 安希彦"", ""title"": ""取締役 管理部門管掌役員"", ""shares"": 41858.0}, {""name"": ""井上 祐介"", ""title"": ""取締役 営業部門管掌役員"", ""shares"": 240103.0}, {""name"": ""黒田 武志"", ""title"": ""取締役"", ""shares"": null}, {""name"": ""長谷川 徳男"", ""title"": ""取締役（監査等委員）"", ""shares"": 10353.0}, {""name"": ""石田 宗弘"", ""title"": ""取締役（監査等委員）"", ""shares"": null}, {""name"": ""飯田 亜子"", ""title"": ""取締役（監査等委員）"", ""shares"": null}]",,2021-06-01,2026-06-01,0.1445127222598659,0.2280336436387391,0.1946836453103699,0.374939121964795,0.2326557881819555,True,False,True,0.1079344195931585,True,2018-07-01,2018-07-01,EDINET_company_history,False,True,True,2,3,3,365/365/365/366/365,OK,39280228.0,2026-06-01,7440.0,1071027450.0,1222.0,0.4586582427038384,-0.5011901829341934,True,,0.0364599251786936,1601,Transformation Moat,292244896320.0,2.957644937961745,目立つ機械的警告なし（定性確認は別途必要）
100,20260430,4475,4475.T,HENNGE K.K.,Growth Market(Domestic),5250,Information & Communication,10,"IT & SERVICES, OTHERS",-,,False,S100XCC9,ＨＥＮＮＧＥ株式会社,2025-12-24 15:34,2024-10-01,2025-09-30,NetSalesSummaryOfBusinessResults,consolidated,4844887000.0,5646198000.0,6775545000.0,8364548000.0,10923564000.0,2020-10-01,2021-10-01,2022-10-01,2023-10-01,2024-10-01,2021-09-30,2022-09-30,2023-09-30,2024-09-30,2025-09-30,OperatingIncome,consolidated,1793451000.0,CurrentYearDuration,小椋 一宏,0.2433,7748500.0,True,小椋 一宏（代表取締役社長クラウド・プロダクト・ディベロップメント・ディビジョン 担当執行役員） / 宮本 和明（代表取締役副社長 インターナル・DX・ディビジョン 担当執行役員） / 永留 義己（取締役副社長） / 天野 治夫（取締役副社長）,小椋 一宏 / 宮本 和明 / 永留 義己 / 天野 治夫,True,小椋 一宏,2019-10-01,2019年10月: 東京証券取引所マザーズ市場に株式を上場,"[{""rank"": 1, ""name"": ""小椋 一宏"", ""ratio"": 0.2433, ""shares"": 7748500.0}, {""rank"": 2, ""name"": ""宮本 和明"", ""ratio"": 0.1122, ""shares"": 3574100.0}, {""rank"": 3, ""name"": ""永留 義己"", ""ratio"": 0.1001, ""shares"": 3189000.0}, {""rank"": 4, ""name"": ""BNYMSANV RE BNYMSANVDUBRE LEGAL (AND) GENERAL UCITS ETF PLC（常任代理人 株式会社三菱UFJ銀行）"", ""ratio"": 0.0378, ""shares"": 1204200.0}, {""rank"": 5, ""name"": ""株式会社日本カストディ銀行(信託口)"", ""ratio"": 0.0319, ""shares"": 1015300.0}, {""rank"": 6, ""name"": ""INTERACTIVE BROKERS LLC（常任代理人 インタラクティブ・ブローカーズ証券株式会社）"", ""ratio"": 0.0257, ""shares"": 818100.0}, {""rank"": 7, ""name"": ""BNYM AS AGT/CLTS NON TREATY JASDEC（常任代理人 株式会社三菱UFJ銀行）"", ""ratio"": 0.0171, ""shares"": 545240.0}, {""rank"": 8, ""name"": ""JPモルガン証券株式会社"", ""ratio"": 0.016, ""shares"": 510734.0}, {""rank"": 9, ""name"": ""UBS AG LONDON A/CIPB SEGREGATED CLIENT ACCOUNT（常任代理人 シティバンク、エヌ・エイ東京支店）"", ""ratio"": 0.0157, ""shares"": 501067.0}, {""rank"": 10, ""name"": ""株式会社ブイ・シー・エヌ"", ""ratio"": 0.0157, ""shares"": 500000.0}]","[{""name"": ""小椋 一宏"", ""title"": ""代表取締役社長クラウド・プロダクト・ディベロップメント・ディビジョン 担当執行役員"", ""shares"": 7748500.0}, {""name"": ""宮本 和明"", ""title"": ""代表取締役副社長 インターナル・DX・ディビジョン 担当執行役員"", ""shares"": 3574100.0}, {""name"": ""永留 義己"", ""title"": ""取締役副社長"", ""shares"": 3189000.0}, {""name"": ""天野 治夫"", ""title"": ""取締役副社長"", ""shares"": 243438.0}, {""name"": ""髙岡 美緒"", ""title"": ""取締役"", ""shares"": 1800.0}, {""name"": ""加藤 道子"", ""title"": ""取締役"", ""shares"": 1800.0}, {""name"": ""後藤 文明"", ""title"": ""取締役(監査等委員/常勤)"", ""shares"": 26100.0}, {""name"": ""早川 明伸"", ""title"": ""取締役(監査等委員)"", ""shares"": 6500.0}, {""name"": ""小内 邦敬"", ""title"": ""取締役(監査等委員)"", ""shares"": 1800.0}]",,2021-06-01,2026-06-01,0.1653931247519291,0.2000190216496127,0.234520322719427,0.3059359573284772,0.2253782748921284,True,False,True,0.1641818549330603,True,2019-10-01,2019-10-01,EDINET_company_history,False,True,True,2,3,3,365/365/365/366/365,OK,31850100.0,2026-06-01,1171.0,381580481.6666667,1222.0,0.6662257461572406,-0.8115330457060762,True,,-0.1626125632092077,2900,Transformation Moat,37296467100.0,3.414313048378716,年率ボラティリティ60%以上 / ローカル5年最大下落率-60%以下
101,20260430,7080,7080.T,"Sportsfield Co.,Ltd.",Growth Market(Domestic),9050,Services,10,"IT & SERVICES, OTHERS",-,,False,S100XS6L,株式会社スポーツフィールド,2026-03-19 13:28,2025-01-01,2025-12-31,NetSalesSummaryOfBusinessResults,consolidated,2130256000.0,2866214000.0,3418218000.0,3845234000.0,4784887000.0,2021-01-01,2022-01-01,2023-01-01,2024-01-01,2025-01-01,2021-12-31,2022-12-31,2023-12-31,2024-12-31,2025-12-31,OperatingIncome,consolidated,1078874000.0,CurrentYearDuration,篠﨑 克志,0.2165,1588000.0,True,篠﨑 克志（代表取締役 兼 体育会・スポーツ事業本部長（特命）兼スポーツ事業部門長） / 伊地知 和義（取締役副社長 兼体育会・スポーツ事業本部長 兼体育会事業部門長）,篠﨑 克志 / 伊地知 和義,True,篠﨑 克志,2019-12-01,"2019年12月: 東京証券取引所マザーズ市場(現グロース市場)に株式を上場(資本金92,680千円)","[{""rank"": 1, ""name"": ""篠﨑 克志"", ""ratio"": 0.2165, ""shares"": 1588000.0}, {""rank"": 2, ""name"": ""伊地知 和義"", ""ratio"": 0.1077, ""shares"": 790400.0}, {""rank"": 3, ""name"": ""加地 正"", ""ratio"": 0.1077, ""shares"": 790400.0}, {""rank"": 4, ""name"": ""森本 翔太"", ""ratio"": 0.1077, ""shares"": 790400.0}, {""rank"": 5, ""name"": ""株式会社日本カストディ銀行（信託口）"", ""ratio"": 0.0413, ""shares"": 303400.0}, {""rank"": 6, ""name"": ""スポーツフィールド従業員持株会"", ""ratio"": 0.032, ""shares"": 234800.0}, {""rank"": 7, ""name"": ""佐々木 嶺一"", ""ratio"": 0.0256, ""shares"": 188200.0}, {""rank"": 8, ""name"": ""石村 藤夫"", ""ratio"": 0.0166, ""shares"": 122300.0}, {""rank"": 9, ""name"": ""ＭＳＩＰ ＣＬＩＥＮＴ ＳＥＣＵＲＩＴＩＥＳ （常任代理人：モルガン・スタンレーＭＵＦＧ証券株式会社）"", ""ratio"": 0.0151, ""shares"": 111200.0}, {""rank"": 10, ""name"": ""ＴＨＥ ＢＡＮＫ ＯＦ ＮＥＷ ＹＯＲＫ ＭＥＬＬＯＮ １４００４２ （常任代理人：株式会社みずほ銀行決済営業部）"", ""ratio"": 0.0143, ""shares"": 104900.0}]","[{""name"": ""篠﨑 克志"", ""title"": ""代表取締役 兼 体育会・スポーツ事業本部長（特命）兼スポーツ事業部門長"", ""shares"": 1588000.0}, {""name"": ""伊地知 和義"", ""title"": ""取締役副社長 兼体育会・スポーツ事業本部長 兼体育会事業部門長"", ""shares"": 790400.0}, {""name"": ""加地 正"", ""title"": ""専務取締役 兼 経営管理本部長"", ""shares"": 790400.0}, {""name"": ""森本 翔太"", ""title"": ""専務取締役 兼 ICT開発本部長 兼 ICT開発Div.長"", ""shares"": 790400.0}, {""name"": ""小林 明彦"", ""title"": ""取締役"", ""shares"": null}, {""name"": ""河村 直人"", ""title"": ""取締役"", ""shares"": null}, {""name"": ""大隅 靖朗"", ""title"": ""常勤監査役"", ""shares"": null}, {""name"": ""山本 憲司"", ""title"": ""監査役"", ""shares"": 32000.0}, {""name"": ""田島 潤一郎"", ""title"": ""監査役"", ""shares"": null}]",,2021-06-01,2026-06-01,0.3454786654749475,0.1925899461798734,0.1249235712877294,0.2443682231042376,0.2242214148513193,True,False,True,0.2254753351542053,True,2019-12-01,2019-12-01,EDINET_company_history,False,True,True,2,3,3,365/365/365/366/365,OK,7332340.0,2026-06-01,813.0,11689733.333333334,1222.0,0.5924455322543768,-0.5382969681979268,False,low_liquidity,0.0325672630329038,1638,Discovery,5961192420.0,1.2458376592801461,"既存適格性フィルター不通過: low_liquidity / 60日平均売買代金2,000万円未満"
102,20260430,4375,4375.T,Safie Inc.,Growth Market(Domestic),5250,Information & Communication,10,"IT & SERVICES, OTHERS",-,,False,S100XUXF,セーフィー株式会社,2026-03-27 15:30,2025-01-01,2025-12-31,NetSalesSummaryOfBusinessResults,nonconsolidated,8456884000.0,9252550000.0,11817209000.0,15024401000.0,18914187000.0,2021-01-01,2022-01-01,2023-01-01,2024-01-01,2025-01-01,2021-12-31,2022-12-31,2023-12-31,2024-12-31,2025-12-31,OperatingIncome,nonconsolidated,-23927000.0,CurrentYearDuration_NonConsolidatedMember,佐渡島 隆平,0.2382,13264000.0,True,佐渡島 隆平（代表取締役 社長CEO）,佐渡島 隆平,True,佐渡島 隆平,2015-07-01,2015年７月 2016年５月 2017年６月 2017年９月 2017年11月 2017年12月 2018年７月 2018年10月 2019年１月 2019年３月 2019年６月 2019年９月 2019年10月 2020年７月 2020年９月 2021年２月 2021年４月 2021年９月 2022年３月 2022年４月: BtoB向けのクラウド録画型防犯カメラ「Safie PRO」をリリース 情報セキュリティマネジメントシステム(ISMS)の国際規格「ISO/IEC27001:2013」及び「JIS Q 27001:2014」の認証を取得 本社を東京都品川区西五反田一丁目26番7号に移転 オリックス株式会社、関西電力株式会社、キヤノンマーケティングジャパン株式会社、価値共創ベンチャー有限責任事業組合、株式会社ティーガイアへの第三者割当増資を実施 キヤノンマーケティングジャパン株式会社へのSafie PROのOEM提供となる「Visual Stage Type-S」のサービス開始 KDDIまとめてオフィス株式会社へのSafie PROのOEM提供となる「まとめてネットワークカメラ ,"[{""rank"": 1, ""name"": ""佐渡島 隆平"", ""ratio"": 0.2382, ""shares"": 13264000.0}, {""rank"": 2, ""name"": ""下崎 守朗"", ""ratio"": 0.0843, ""shares"": 4695000.0}, {""rank"": 3, ""name"": ""ソニーネットワークコミュニケーションズ株式会社"", ""ratio"": 0.0833, ""shares"": 4640000.0}, {""rank"": 4, ""name"": ""森本 数馬"", ""ratio"": 0.0743, ""shares"": 4140000.0}, {""rank"": 5, ""name"": ""株式会社日本カストディ銀行（信託口）"", ""ratio"": 0.057, ""shares"": 3177000.0}, {""rank"": 6, ""name"": ""オリックス株式会社"", ""ratio"": 0.0467, ""shares"": 2600000.0}, {""rank"": 7, ""name"": ""キヤノンマーケティングジャパン株式会社"", ""ratio"": 0.0467, ""shares"": 2600000.0}, {""rank"": 8, ""name"": ""関西電力株式会社"", ""ratio"": 0.0345, ""shares"": 1920000.0}, {""rank"": 9, ""name"": ""ＧＯＶＥＲＮＭＥＮＴ ＯＦ ＮＯＲＷＡＹ 常任代理人 シティバンク"", ""ratio"": 0.0197, ""shares"": 1100000.0}, {""rank"": 10, ""name"": ""ＳＴＡＴＥ ＳＴＲＥＥＴ ＢＡＮＫ ＡＮＤ ＴＲＵＳＴ ＣＯＭＰＡＮＹ ５０５０１２ 常任代理人 株式会社みずほ銀行"", ""ratio"": 0.0148, ""shares"": 823000.0}]","[{""name"": ""佐渡島 隆平"", ""title"": ""代表取締役 社長CEO"", ""shares"": 13264000.0}, {""name"": ""森本 数馬"", ""title"": ""取締役 開発本部本部長兼 CTO"", ""shares"": 4140000.0}, {""name"": ""古田 哲晴"", ""title"": ""取締役 兼 COO"", ""shares"": 550000.0}, {""name"": ""岩田 彰一郎"", ""title"": ""取締役"", ""shares"": 92000.0}, {""name"": ""中島 早香"", ""title"": ""取締役 (常勤監査等委員)"", ""shares"": null}, {""name"": ""工藤 克己"", ""title"": ""取締役 （監査等委員）"", ""shares"": null}, {""name"": ""岡田 淳"", ""title"": ""取締役 （監査等委員）"", ""shares"": null}]",,2021-09-29,2026-06-01,0.0940850081424788,0.277184019540559,0.2714001250210605,0.2588979088084775,0.2229095210136409,True,False,True,-0.00126502926084,False,2015-07-01,2021-09-29,local_price_first_trade,True,True,True,2,3,3,365/365/365/366/365,OK,55697265.0,2026-06-01,707.0,136399133.33333334,1141.0,0.5896472812830541,-0.8704225352112676,False,repeated_negative_operating_cf,-0.2430011500674542,3174,Future Moat,39377966355.0,2.0819275158377146,既存適格性フィルター不通過: repeated_negative_operating_cf / ローカル5年最大下落率-60%以下
103,20260430,4439,4439.T,"TOUMEI CO.,LTD.",Standard Market(Domestic),5250,Information & Communication,10,"IT & SERVICES, OTHERS",-,,False,S100X6GX,株式会社東名,2025-11-25 14:21,2024-09-01,2025-08-31,NetSalesSummaryOfBusinessResults,consolidated,13027005000.0,17701204000.0,20531832000.0,23918591000.0,29070434000.0,2020-09-01,2021-09-01,2022-09-01,2023-09-01,2024-09-01,2021-08-31,2022-08-31,2023-08-31,2024-08-31,2025-08-31,OperatingIncome,consolidated,3292660000.0,CurrentYearDuration,山本 文彦,0.4233,6346400.0,True,山本 文彦（代表取締役会長） / 日比野直人（代表取締役社長）,山本 文彦 / 日比野直人,True,山本 文彦,2019-04-01,2019年４月: 東京証券取引所マザーズ及び名古屋証券取引所セントレックスに株式を上場,"[{""rank"": 1, ""name"": ""山本 文彦"", ""ratio"": 0.4233, ""shares"": 6346400.0}, {""rank"": 2, ""name"": ""株式会社エフティグループ"", ""ratio"": 0.08, ""shares"": 1200200.0}, {""rank"": 3, ""name"": ""光通信株式会社"", ""ratio"": 0.0732, ""shares"": 1098800.0}, {""rank"": 4, ""name"": ""株式会社セレッソ"", ""ratio"": 0.073, ""shares"": 1095000.0}, {""rank"": 5, ""name"": ""株式会社ＵＨ Ｐａｒｔｎｅｒｓ２"", ""ratio"": 0.0699, ""shares"": 1049200.0}, {""rank"": 6, ""name"": ""株式会社ＵＨ Ｐａｒｔｎｅｒｓ３"", ""ratio"": 0.0699, ""shares"": 1049200.0}, {""rank"": 7, ""name"": ""日比野 直人"", ""ratio"": 0.0583, ""shares"": 875500.0}, {""rank"": 8, ""name"": ""株式会社三十三銀行"", ""ratio"": 0.016, ""shares"": 240000.0}, {""rank"": 9, ""name"": ""東名従業員持株会"", ""ratio"": 0.0127, ""shares"": 190900.0}, {""rank"": 10, ""name"": ""株式会社ウィズアス"", ""ratio"": 0.009, ""shares"": 135600.0}]","[{""name"": ""山本 文彦"", ""title"": ""代表取締役会長"", ""shares"": 11692800.0}, {""name"": ""日比野直人"", ""title"": ""代表取締役社長"", ""shares"": 1752855.0}, {""name"": ""水嶋 淳"", ""title"": ""取締役 営業本部長"", ""shares"": 134882.0}, {""name"": ""直井 慎一"", ""title"": ""取締役"", ""shares"": 266261.0}, {""name"": ""伊東 正晴"", ""title"": ""取締役"", ""shares"": null}, {""name"": ""吉田 正道"", ""title"": ""取締役"", ""shares"": null}, {""name"": ""志水 義彦"", ""title"": ""常勤監査役"", ""shares"": null}, {""name"": ""渡邉 誠人"", ""title"": ""監査役"", ""shares"": 2400.0}, {""name"": ""葉山 憲夫"", ""title"": ""監査役"", ""shares"": null}]",,2021-06-01,2026-06-01,0.3588084137528158,0.159911608272522,0.1649516224368092,0.2153907393625318,0.2222266074282823,True,False,True,0.1132649068809911,True,2019-04-01,2019-04-01,EDINET_company_history,False,True,True,2,3,3,365/365/365/366/365,OK,14992100.0,2026-06-01,774.0,33384270.0,1222.0,0.4788112606616407,-0.5199346474569798,True,,0.0083305971296994,1801,Discovery,11603885400.0,0.39916450507756435,目立つ機械的警告なし（定性確認は別途必要）
104,20260430,9022,9022.T,Central Japan Railway Company,Prime Market (Domestic),5050,Land Transportation,12,TRANSPORTATION & LOGISTICS,2,TOPIX Large70,False,S100W2Z6,東海旅客鉄道株式会社,2025-06-24 12:54,2024-04-01,2025-03-31,OperatingRevenue1SummaryOfBusinessResults,consolidated,823517000000.0,935139000000.0,1400285000000.0,1710407000000.0,1831847000000.0,2020-04-01,2021-04-01,2022-04-01,2023-04-01,2024-04-01,2021-03-31,2022-03-31,2023-03-31,2024-03-31,2025-03-31,OperatingIncome,consolidated,702794000000.0,CurrentYearDuration,日本マスタートラスト信託銀行株式会社（信託口）,0.1174,115596500.0,False,金 子 慎（代表取締役会長） / 丹 羽 俊 介（代表取締役社長） / 武 田 健太郎（代表取締役副社長 総合企画本部長、 事務部門担当 （事業推進本部を除く）） / 中 村 明 彦（代表取締役副社長 事業推進本部長、 特命事項担当） / 水 野 孝 則（代表取締役副社長 中央新幹線推進本部担当） / 鈴 木 広 士（代表取締役副社長 鉄道事業本部担当、 安全部門統括担当）,金 子 慎 / 丹 羽 俊 介 / 武 田 健太郎 / 中 村 明 彦 / 水 野 孝 則 / 鈴 木 広 士,False,,2022-04-01,2022年４月: 東京証券取引所及び名古屋証券取引所における市場区分の見直しに伴い、上場する市場を東京証券取引所においてはプライム市場、名古屋証券取引所においてはプレミア市場へ変更,"[{""rank"": 1, ""name"": ""日本マスタートラスト信託銀行株式会社（信託口）"", ""ratio"": 0.1174, ""shares"": 115596500.0}, {""rank"": 2, ""name"": ""株式会社日本カストディ銀行（信託口）"", ""ratio"": 0.0694, ""shares"": 68316050.0}, {""rank"": 3, ""name"": ""野村信託銀行株式会社（退職給付信託三菱ＵＦＪ銀行口）"", ""ratio"": 0.0362, ""shares"": 35625000.0}, {""rank"": 4, ""name"": ""株式会社みずほ銀行"", ""ratio"": 0.0292, ""shares"": 28757500.0}, {""rank"": 5, ""name"": ""日本生命保険相互会社"", ""ratio"": 0.0254, ""shares"": 25000000.0}, {""rank"": 6, ""name"": ""STATE STREET BANK WEST CLIENT-TREATY 505234 （常任代理人 株式会社みずほ銀行決済営業部）"", ""ratio"": 0.0181, ""shares"": 17792800.0}, {""rank"": 7, ""name"": ""株式会社三菱ＵＦＪ銀行"", ""ratio"": 0.0177, ""shares"": 17390500.0}, {""rank"": 8, ""name"": ""農林中央金庫"", ""ratio"": 0.017, ""shares"": 16750000.0}, {""rank"": 9, ""name"": ""ＪＲ東海社員持株会"", ""ratio"": 0.0162, ""shares"": 15986800.0}, {""rank"": 10, ""name"": ""JP MORGAN CHASE BANK 385781 （常任代理人 株式会社みずほ銀行決済営業部）"", ""ratio"": 0.0132, ""shares"": 13032920.0}]","[{""name"": ""金 子 慎"", ""title"": ""代表取締役会長"", ""shares"": 21558.0}, {""name"": ""丹 羽 俊 介"", ""title"": ""代表取締役社長"", ""shares"": 8069.0}, {""name"": ""武 田 健太郎"", ""title"": ""代表取締役副社長 総合企画本部長、 事務部門担当 （事業推進本部を除く）"", ""shares"": 6817.0}, {""name"": ""中 村 明 彦"", ""title"": ""代表取締役副社長 事業推進本部長、 特命事項担当"", ""shares"": 9663.0}, {""name"": ""水 野 孝 則"", ""title"": ""代表取締役副社長 中央新幹線推進本部担当"", ""shares"": 16480.0}, {""name"": ""鈴 木 広 士"", ""title"": ""代表取締役副社長 鉄道事業本部担当、 安全部門統括担当"", ""shares"": 12085.0}, {""name"": ""柘 植 康 英"", ""title"": ""取締役相談役"", ""shares"": 82090.0}, {""name"": ""笠 間 治 雄"", ""title"": ""取締役"", ""shares"": 3581.0}, {""name"": ""大 島 卓"", ""title"": ""取締役"", ""shares"": 1798.0}, {""name"": ""永 野 毅"", ""title"": ""取締役"", ""shares"": 6417.0}, {""name"": ""木 場 弘 子"", ""title"": ""取締役"", ""shares"": 0.0}, {""name"": ""ジョセフ・ シュメルザイス"", ""title"": ""取締役"", ""shares"": 978.0}, {""name"": ""山 田 龍 彦"", ""title"": ""常勤監査役"", ""shares"": 7017.0}, {""name"": ""石 津 緒"", ""title"": ""常勤監査役"", ""shares"": 9191.0}, {""name"": ""山 下 史 雄"", ""title"": ""常勤監査役"", ""shares"": 5272.0}, {""name"": ""林 眞 琴"", ""title"": ""監査役"", ""shares"": 651.0}, {""name"": ""木 下 潮 音"", ""title"": ""監査役"", ""shares"": 159.0}]",,2021-06-01,2026-06-01,0.1355430428272883,0.4974084066646775,0.2214706291933428,0.0710006448757518,0.2212488202621343,True,False,True,0.3836532199468623,True,2022-04-01,2022-04-01,EDINET_company_history,True,False,False,2,3,3,365/365/365/366/365,OK,984918200.0,2026-06-01,3386.0,11293249795.0,1222.0,0.2327191119661347,-0.3030610509381947,True,,1.0397238446401904,1,Transformation Moat,3334933025200.0,1.8205303309719643,目立つ機械的警告なし（定性確認は別途必要）
105,20260430,3445,3445.T,"RS Technologies Co.,Ltd.",Prime Market (Domestic),3550,Metal Products,3,CONSTRUCTION & MATERIALS,6,TOPIX Small 1,False,S100XUA2,株式会社ＲＳ　Ｔｅｃｈｎｏｌｏｇｉｅｓ,2026-03-26 15:31,2025-01-01,2025-12-31,NetSalesSummaryOfBusinessResults,consolidated,34620000000.0,49864000000.0,51893000000.0,59200000000.0,76707000000.0,2021-01-01,2022-01-01,2023-01-01,2024-01-01,2025-01-01,2021-12-31,2022-12-31,2023-12-31,2024-12-31,2025-12-31,OperatingIncome,consolidated,14281000000.0,CurrentYearDuration,Ｒ．Ｓ．ＴＥＣＨ ＨＯＮＧ ＫＯＮＧ ＬＩＭＩＴＥＤ（常任代理人 方 永義）,0.3585,9520000.0,False,方 永義（代表取締役社長）,方 永義,True,方 永義,2015-03-01,2015年３月: 東京証券取引所マザーズに株式を上場,"[{""rank"": 1, ""name"": ""Ｒ．Ｓ．ＴＥＣＨ ＨＯＮＧ ＫＯＮＧ ＬＩＭＩＴＥＤ（常任代理人 方 永義）"", ""ratio"": 0.3585, ""shares"": 9520000.0}, {""rank"": 2, ""name"": ""方 永義"", ""ratio"": 0.0804, ""shares"": 2135000.0}, {""rank"": 3, ""name"": ""日本マスタートラスト信託銀行株式会社（信託口）"", ""ratio"": 0.0794, ""shares"": 2108000.0}, {""rank"": 4, ""name"": ""ＩＮＴＥＲＡＣＴＩＶＥ ＢＲＯＫＥＲＳ ＬＬＣ（常任代理人 インタラクティブ・ブローカーズ証券株式会社）"", ""ratio"": 0.0346, ""shares"": 919000.0}, {""rank"": 5, ""name"": ""株式会社日本カストディ銀行（信託口）"", ""ratio"": 0.0288, ""shares"": 764000.0}, {""rank"": 6, ""name"": ""ＳＴＡＴＥ ＳＴＲＥＥＴ ＢＡＮＫ ＡＮＤ ＴＲＵＳＴ ＣＯＭＰＡＮＹ ５０５０１９（常任代理人 株式会社みずほ銀行）"", ""ratio"": 0.0287, ""shares"": 762000.0}, {""rank"": 7, ""name"": ""那須マテリアル株式会社"", ""ratio"": 0.0258, ""shares"": 684000.0}, {""rank"": 8, ""name"": ""ＢＮＹ ＧＣＭ ＣＬＩＥＮＴ ＡＣＣＯＵＮＴ ＪＰＲＤ ＡＣ ＩＳＧ（ＦＥ－ＡＣ）（常任代理人 株式会社三菱ＵＦＪ銀行）"", ""ratio"": 0.0169, ""shares"": 450000.0}, {""rank"": 9, ""name"": ""鈴木 正行"", ""ratio"": 0.0169, ""shares"": 450000.0}, {""rank"": 10, ""name"": ""本郷 邦夫"", ""ratio"": 0.0147, ""shares"": 390000.0}]","[{""name"": ""方 永義"", ""title"": ""代表取締役社長"", ""shares"": 11655461.0}, {""name"": ""遠藤 智"", ""title"": ""取締役製造部長"", ""shares"": 137069.0}, {""name"": ""大澤 一生"", ""title"": ""取締役"", ""shares"": 125278.0}, {""name"": ""戸松 清秀"", ""title"": ""取締役 経営戦略本部長兼経営管理本部長"", ""shares"": 1365.0}, {""name"": ""伊澤 太郎"", ""title"": ""取締役"", ""shares"": 1000.0}, {""name"": ""金森 浩之"", ""title"": ""取締役 監査等委員"", ""shares"": null}, {""name"": ""清水 夏子"", ""title"": ""取締役監査等委員"", ""shares"": null}, {""name"": ""張 翠萍"", ""title"": ""取締役監査等委員"", ""shares"": null}]",,2021-06-01,2026-06-01,0.4403235124205662,0.0406906786459169,0.1408089723084038,0.2957263513513513,0.2200481861166092,True,False,True,0.1861759682949404,True,2015-03-01,2015-03-01,EDINET_company_history,False,True,True,2,3,3,365/365/365/366/365,OK,26557402.0,2026-06-01,7190.0,1281878108.3333333,1222.0,0.4443091610900664,-0.5291586222888915,True,,0.3056650935737013,417,Future Moat,190947720380.0,2.489312844720821,目立つ機械的警告なし（定性確認は別途必要）
106,20260430,4261,4261.T,"AsiaQuest Co.,Ltd.",Growth Market(Domestic),5250,Information & Communication,10,"IT & SERVICES, OTHERS",-,,False,S100XVLI,アジアクエスト株式会社,2026-03-31 14:50,2025-01-01,2025-12-31,NetSalesSummaryOfBusinessResults,consolidated,2236268000.0,2612888000.0,3139811000.0,4061428000.0,4920288000.0,2021-01-01,2022-01-01,2023-01-01,2024-01-01,2025-01-01,2021-12-31,2022-12-31,2023-12-31,2024-12-31,2025-12-31,OperatingIncome,consolidated,439411000.0,CurrentYearDuration,桃井純,0.3163,467300.0,True,桃井 純（代表取締役会長CEO） / 藤田 義崇（代表取締役社長COO）,桃井 純 / 藤田 義崇,True,桃井 純,2021-12-01,2021年12月: 東京証券取引所マザーズに上場,"[{""rank"": 1, ""name"": ""桃井純"", ""ratio"": 0.3163, ""shares"": 467300.0}, {""rank"": 2, ""name"": ""ＪＨＤアセットマネジメント株式会社"", ""ratio"": 0.2707, ""shares"": 400000.0}, {""rank"": 3, ""name"": ""若杉精三郎"", ""ratio"": 0.0231, ""shares"": 34100.0}, {""rank"": 4, ""name"": ""ＪＰモルガン証券株式会社"", ""ratio"": 0.0101, ""shares"": 14900.0}, {""rank"": 5, ""name"": ""ＩＮＴＥＲＡＣＴＩＶＥ ＢＲＯＫＥＲＳ ＬＬＣ（常任代理人 インタラクティブ・ブローカーズ証券株式会社）"", ""ratio"": 0.0083, ""shares"": 12300.0}, {""rank"": 6, ""name"": ""天野豊章"", ""ratio"": 0.0081, ""shares"": 12000.0}, {""rank"": 7, ""name"": ""ＮＴＴ西日本株式会社"", ""ratio"": 0.0079, ""shares"": 11700.0}, {""rank"": 8, ""name"": ""株式会社ＳＢＩ証券"", ""ratio"": 0.0074, ""shares"": 10876.0}, {""rank"": 9, ""name"": ""岩崎友樹"", ""ratio"": 0.0068, ""shares"": 10000.0}, {""rank"": 10, ""name"": ""三菱ＵＦＪｅスマート証券株式会社"", ""ratio"": 0.0061, ""shares"": 9000.0}]","[{""name"": ""桃井 純"", ""title"": ""代表取締役会長CEO"", ""shares"": 867300.0}, {""name"": ""藤田 義崇"", ""title"": ""代表取締役社長COO"", ""shares"": 7700.0}, {""name"": ""外谷 悠一郎"", ""title"": ""取締役管理本部長"", ""shares"": null}, {""name"": ""西野 伸一郎"", ""title"": ""取締役"", ""shares"": 6000.0}, {""name"": ""早川 忠雄"", ""title"": ""監査役"", ""shares"": null}, {""name"": ""岡田 雅史"", ""title"": ""監査役"", ""shares"": null}, {""name"": ""飯谷 武士"", ""title"": ""監査役"", ""shares"": null}]",,2021-12-27,2026-06-01,0.1684145191900077,0.2016630640119285,0.2935262663899196,0.2114674936992604,0.2179141289199977,True,False,True,0.0893059511963527,False,2021-12-01,2021-12-27,local_price_first_trade,True,True,True,2,3,3,365/365/365/366/365,OK,1477500.0,2026-06-01,3550.0,16887016.666666668,1080.0,0.5973033326992259,-0.7952054794520548,False,low_liquidity,-0.0550481936096407,2299,Future Moat,5245125000.0,1.0660199159073616,"既存適格性フィルター不通過: low_liquidity / 60日平均売買代金2,000万円未満 / ローカル5年最大下落率-60%以下"
107,20260430,3984,3984.T,"User Local,Inc.",Prime Market (Domestic),5250,Information & Communication,10,"IT & SERVICES, OTHERS",7,TOPIX Small 2,False,S100WPIP,株式会社ユーザーローカル,2025-09-17 15:31,2024-07-01,2025-06-30,NetSalesSummaryOfBusinessResults,nonconsolidated,2088190000.0,2683662000.0,3288826000.0,3907679000.0,4581996000.0,2020-07-01,2021-07-01,2022-07-01,2023-07-01,2024-07-01,2021-06-30,2022-06-30,2023-06-30,2024-06-30,2025-06-30,OperatingIncome,nonconsolidated,1971441000.0,CurrentYearDuration_NonConsolidatedMember,伊藤 将雄,0.3792,6072600.0,True,伊藤 将雄（代表取締役 社長）,伊藤 将雄,True,伊藤 将雄,2017-03-01,2017年３月: 東京証券取引所マザーズに株式を上場,"[{""rank"": 1, ""name"": ""伊藤 将雄"", ""ratio"": 0.3792, ""shares"": 6072600.0}, {""rank"": 2, ""name"": ""日本マスタートラスト信託銀行株式会社（信託口）"", ""ratio"": 0.1136, ""shares"": 1820300.0}, {""rank"": 3, ""name"": ""株式会社日本カストディ銀行（信託口）"", ""ratio"": 0.0584, ""shares"": 935800.0}, {""rank"": 4, ""name"": ""渡邊 和行"", ""ratio"": 0.0455, ""shares"": 730000.0}, {""rank"": 5, ""name"": ""三上 俊輔"", ""ratio"": 0.0211, ""shares"": 338400.0}, {""rank"": 6, ""name"": ""野村證券株式会社"", ""ratio"": 0.0127, ""shares"": 204682.0}, {""rank"": 7, ""name"": ""株式会社キーバリュー"", ""ratio"": 0.0124, ""shares"": 200000.0}, {""rank"": 8, ""name"": ""中村 賀一"", ""ratio"": 0.0119, ""shares"": 192000.0}, {""rank"": 9, ""name"": ""吉岡 慎一郎"", ""ratio"": 0.0083, ""shares"": 133000.0}, {""rank"": 10, ""name"": ""本郷 寛"", ""ratio"": 0.0074, ""shares"": 119400.0}]","[{""name"": ""伊藤 将雄"", ""title"": ""代表取締役 社長"", ""shares"": 6072600.0}, {""name"": ""渡邊 和行"", ""title"": ""取締役 COO コーポレートセールス部長"", ""shares"": 730000.0}, {""name"": ""岩本 大輔"", ""title"": ""取締役 CFO 管理部長"", ""shares"": 100500.0}, {""name"": ""松崎 良太"", ""title"": ""社外取締役"", ""shares"": 3000.0}, {""name"": ""伊藤 拓"", ""title"": ""社外取締役"", ""shares"": 3000.0}, {""name"": ""渡辺 智美"", ""title"": ""社外取締役 （監査等委員）"", ""shares"": 24600.0}, {""name"": ""中村 賀一"", ""title"": ""社外取締役 （監査等委員）"", ""shares"": 192000.0}, {""name"": ""田中 裕幸"", ""title"": ""社外取締役 （監査等委員）"", ""shares"": 20700.0}]",,2021-06-01,2026-06-01,0.2851617908332096,0.225499336354578,0.1881683615977252,0.1725620246698871,0.2170857385339071,True,False,True,0.4302581233156903,True,2017-03-01,2017-03-01,EDINET_company_history,False,True,True,2,3,3,365/365/365/366/365,OK,16010500.0,2026-06-01,1812.0,181290763.33333337,1222.0,0.4517879050461045,-0.5974776300978932,True,,0.1838696066728288,786,Core Moat,29011026000.0,6.3315258241168255,目立つ機械的警告なし（定性確認は別途必要）
108,20260430,4262,4262.T,"NIFTY Lifestyle Co.,Ltd.",Growth Market(Domestic),5250,Information & Communication,10,"IT & SERVICES, OTHERS",-,,False,S100VXX9,ニフティライフスタイル株式会社,2025-06-13 16:47,2024-04-01,2025-03-31,NetSalesSummaryOfBusinessResults,consolidated,2264393000.0,2756825000.0,3007792000.0,3559637000.0,4938823000.0,2020-04-01,2021-04-01,2022-04-01,2023-04-01,2024-04-01,2021-03-31,2022-03-31,2023-03-31,2024-03-31,2025-03-31,OperatingIncome,consolidated,1004031000.0,CurrentYearDuration,ニフティ株式会社,0.652,4150000.0,False,成田 隆志（代表取締役社長兼 社長執行役員）,成田 隆志,False,,2021-12-01,2021年12月: 東京証券取引所マザーズ市場へ新規上場,"[{""rank"": 1, ""name"": ""ニフティ株式会社"", ""ratio"": 0.652, ""shares"": 4150000.0}, {""rank"": 2, ""name"": ""木下 圭一郎"", ""ratio"": 0.03, ""shares"": 189800.0}, {""rank"": 3, ""name"": ""株式会社日本カストディ銀行（信託口）"", ""ratio"": 0.03, ""shares"": 189800.0}, {""rank"": 4, ""name"": ""ヨシダ トモヒロ"", ""ratio"": 0.022, ""shares"": 141500.0}, {""rank"": 5, ""name"": ""株式会社白夜書房"", ""ratio"": 0.009, ""shares"": 54800.0}, {""rank"": 6, ""name"": ""藪 太一"", ""ratio"": 0.008, ""shares"": 51000.0}, {""rank"": 7, ""name"": ""ＢＢＨ ＬＵＸ／ＢＲＯＷＮ ＢＲＯＴＨＥＲＳ ＨＡＲＲＩＭＡＮ (ＬＵＸＥＭＢＯＵＲＧ) ＳＣＡ ＣＵＳＴＯＤＩＡＮ ＦＯＲ ＳＭＤ－ＡＭ ＦＵＮＤＳ － ＤＳＢＩ ＪＡＰＡＮ ＥＱＵＩＴＹ ＳＭＡＬＬ ＣＡＰ ＡＢＳＯＬＵＴＥ ＶＡＬＵＥ（常任代理人 株式会社三井住友銀行）"", ""ratio"": 0.005, ""shares"": 33100.0}, {""rank"": 8, ""name"": ""ＣＡＬＬＯＮ ＳＡＭ ＡＮＤＥＲＢＥＲＧ"", ""ratio"": 0.005, ""shares"": 29100.0}, {""rank"": 9, ""name"": ""池田 樹吏"", ""ratio"": 0.004, ""shares"": 28500.0}, {""rank"": 10, ""name"": ""成田 隆志"", ""ratio"": 0.004, ""shares"": 26727.0}]","[{""name"": ""成田 隆志"", ""title"": ""代表取締役社長兼 社長執行役員"", ""shares"": 26727.0}, {""name"": ""浅野 雄太"", ""title"": ""取締役兼 執行役員経営管理部長"", ""shares"": 193.0}, {""name"": ""林 丈博"", ""title"": ""取締役"", ""shares"": null}, {""name"": ""小川 卓"", ""title"": ""社外取締役"", ""shares"": null}, {""name"": ""森 泰一郎"", ""title"": ""社外取締役"", ""shares"": null}, {""name"": ""藤城 哲哉"", ""title"": ""常勤監査役"", ""shares"": null}, {""name"": ""寺西 章悟"", ""title"": ""社外監査役"", ""shares"": null}, {""name"": ""角野 里奈"", ""title"": ""社外監査役"", ""shares"": null}]",,2021-12-24,2026-06-01,0.2174675509065784,0.091034795462171,0.1834717959220584,0.3874513047257346,0.2152563934712601,True,False,True,0.2032935782472868,True,2021-12-01,2021-12-24,local_price_first_trade,True,False,False,2,3,3,365/365/365/366/365,OK,6369175.0,2026-06-01,1362.0,17123713.333333332,1081.0,0.2964865141970337,-0.5461940640990874,False,low_liquidity,0.2425147121714476,575,Discovery,8674816350.0,1.7564541895913257,"既存適格性フィルター不通過: low_liquidity / 60日平均売買代金2,000万円未満"
109,20260430,6184,6184.T,"Kamakura Shinsho,Ltd.",Prime Market (Domestic),9050,Services,10,"IT & SERVICES, OTHERS",7,TOPIX Small 2,False,S100Y0J1,株式会社鎌倉新書,2026-04-23 16:43,2025-02-01,2026-01-31,NetSalesSummaryOfBusinessResults,consolidated,3826139000.0,5004242000.0,5859844000.0,7061312000.0,8335519000.0,2021-02-01,2022-02-01,2023-02-01,2024-02-01,2025-02-01,2022-01-31,2023-01-31,2024-01-31,2025-01-31,2026-01-31,OperatingIncome,consolidated,1161949000.0,CurrentYearDuration,清水 祐孝,0.276,11383944.0,True,清水 祐孝（代表取締役会長CEO） / 小林 史生（代表取締役社長COO）,清水 祐孝 / 小林 史生,True,清水 祐孝,2015-12-01,2015年12月: 東京証券取引所マザーズに株式を上場,"[{""rank"": 1, ""name"": ""清水 祐孝"", ""ratio"": 0.276, ""shares"": 11383944.0}, {""rank"": 2, ""name"": ""ＳＯＭＰＯホールディングス株式会社"", ""ratio"": 0.1, ""shares"": 4119498.0}, {""rank"": 3, ""name"": ""株式会社かまくらホールディングス"", ""ratio"": 0.078, ""shares"": 3200000.0}, {""rank"": 4, ""name"": ""日本マスタートラスト信託銀行株式会社（信託口）"", ""ratio"": 0.071, ""shares"": 2921000.0}, {""rank"": 5, ""name"": ""株式会社日本カストディ銀行（信託口）"", ""ratio"": 0.052, ""shares"": 2141900.0}, {""rank"": 6, ""name"": ""株式会社ＳＭＢＣ信託銀行 管理信託（Ａ０１９）"", ""ratio"": 0.039, ""shares"": 1600000.0}, {""rank"": 7, ""name"": ""株式会社ＳＭＢＣ信託銀行 管理信託（Ａ０２０）"", ""ratio"": 0.039, ""shares"": 1600000.0}, {""rank"": 8, ""name"": ""THE BANK OF NEW YORK 133652（常任代理人 株式会社みずほ銀行）"", ""ratio"": 0.036, ""shares"": 1503200.0}, {""rank"": 9, ""name"": ""THE BANK OF NEW YORK MELLON 140051（常任代理人 株式会社みずほ銀行）"", ""ratio"": 0.01, ""shares"": 412400.0}, {""rank"": 10, ""name"": ""BNYM AS AGT/CLTS NON TREATY JASDEC（常任代理人 株式会社三菱UFJ銀行）"", ""ratio"": 0.01, ""shares"": 395700.0}]","[{""name"": ""清水 祐孝"", ""title"": ""代表取締役会長CEO"", ""shares"": 14583944.0}, {""name"": ""小林 史生"", ""title"": ""代表取締役社長COO"", ""shares"": 120000.0}, {""name"": ""余語 邦彦"", ""title"": ""取締役"", ""shares"": 29200.0}, {""name"": ""玉木 彰"", ""title"": ""取締役"", ""shares"": null}, {""name"": ""新森 公夫"", ""title"": ""取締役監査等委員"", ""shares"": null}, {""name"": ""河合 順子"", ""title"": ""取締役監査等委員"", ""shares"": null}, {""name"": ""下村 朱美"", ""title"": ""取締役監査等委員"", ""shares"": null}]",,2021-06-01,2026-06-01,0.3079090958274124,0.1709753445177111,0.2050341271883689,0.1804490440303445,0.2149068355226253,True,False,True,0.1393973188712064,True,2015-12-01,2015-12-01,EDINET_company_history,False,True,True,2,3,3,365/365/365/366/365,OK,41194972.0,2026-06-01,457.0,99566193.33333331,1222.0,0.447558243975527,-0.7059990083473182,True,,-0.0305873742106695,2118,Core Moat,18826102204.0,2.2585398946364346,ローカル5年最大下落率-60%以下
110,20260430,9225,9225.T,Bridge Consulting Group Inc.,Growth Market(Domestic),9050,Services,10,"IT & SERVICES, OTHERS",-,,False,S100XC8K,ブリッジコンサルティンググループ株式会社,2025-12-22 16:00,2024-10-01,2025-09-30,NetSalesSummaryOfBusinessResults,nonconsolidated,970270000.0,1270624000.0,1654667000.0,2009268000.0,2112262000.0,2020-10-01,2021-10-01,2022-10-01,2023-10-01,2024-10-01,2021-09-30,2022-09-30,2023-09-30,2024-09-30,2025-09-30,OperatingIncome,nonconsolidated,190163000.0,CurrentYearDuration_NonConsolidatedMember,宮崎 良一,0.2623,524000.0,True,宮崎 良一（代表取締役）,宮崎 良一,True,宮崎 良一,2022-05-01,2022年５月: 東京証券取引所 TOKYO PRO Marketに上場,"[{""rank"": 1, ""name"": ""宮崎 良一"", ""ratio"": 0.2623, ""shares"": 524000.0}, {""rank"": 2, ""name"": ""GOOD ONE PARTNERS合同会社"", ""ratio"": 0.2, ""shares"": 399600.0}, {""rank"": 3, ""name"": ""ＷＭグロース４号投資事業有限責任組合"", ""ratio"": 0.0965, ""shares"": 192700.0}, {""rank"": 4, ""name"": ""株式会社プロネクサス"", ""ratio"": 0.0863, ""shares"": 172500.0}, {""rank"": 5, ""name"": ""INTEACTIVE BROKERS LLC （常任代理人 インタラクティブ・ブローカーズ証券株式会社）"", ""ratio"": 0.0365, ""shares"": 72900.0}, {""rank"": 6, ""name"": ""パーソルテンプスタッフ株式会社"", ""ratio"": 0.0348, ""shares"": 69600.0}, {""rank"": 7, ""name"": ""光通信KK投資事業有限責任組合"", ""ratio"": 0.0183, ""shares"": 36500.0}, {""rank"": 8, ""name"": ""稲岡 賢"", ""ratio"": 0.0176, ""shares"": 35100.0}, {""rank"": 9, ""name"": ""田中 智行"", ""ratio"": 0.0171, ""shares"": 34200.0}, {""rank"": 10, ""name"": ""伊東 心"", ""ratio"": 0.0137, ""shares"": 27300.0}]","[{""name"": ""宮崎 良一"", ""title"": ""代表取締役"", ""shares"": 923600.0}, {""name"": ""田中 智行"", ""title"": ""取締役"", ""shares"": 34200.0}, {""name"": ""伊東 心"", ""title"": ""取締役"", ""shares"": 27300.0}, {""name"": ""徳永 康雄"", ""title"": ""社外取締役"", ""shares"": null}, {""name"": ""大友 潤"", ""title"": ""社外取締役 （監査等委員）"", ""shares"": null}, {""name"": ""山田 琴江"", ""title"": ""社外取締役 （監査等委員）"", ""shares"": null}, {""name"": ""土谷 祐三郎"", ""title"": ""社外取締役 （監査等委員）"", ""shares"": 2100.0}]",,2022-05-30,2026-06-01,0.3095571335813742,0.3022475571058001,0.2143035426463451,0.0512594636454668,0.2146853556606993,True,False,True,0.0900281309799636,False,2022-05-01,2022-05-30,local_price_first_trade,True,True,True,2,3,3,365/365/365/366/365,OK,1997800.0,2026-06-01,983.0,1033845.0,980.0,0.9867995426777892,-0.8671575846833579,False,low_liquidity,-0.4314236672818805,3446,Transformation Moat,1963837400.0,0.9297319177261154,"既存適格性フィルター不通過: low_liquidity / 60日平均売買代金2,000万円未満 / 年率ボラティリティ60%以上 / ローカル5年最大下落率-60%以下"
111,20260430,5243,5243.T,note inc.,Growth Market(Domestic),5250,Information & Communication,10,"IT & SERVICES, OTHERS",-,,False,S100XMWX,ｎｏｔｅ株式会社,2026-02-25 15:31,2024-12-01,2025-11-30,NetSalesSummaryOfBusinessResults,nonconsolidated,1884149000.0,2317088000.0,2777125000.0,3295106000.0,4079637000.0,2020-12-01,2021-12-01,2022-12-01,2023-12-01,2024-12-01,2021-11-30,2022-11-30,2023-11-30,2024-11-30,2025-11-30,OperatingIncome,nonconsolidated,264076000.0,CurrentYearDuration_NonConsolidatedMember,加藤 貞顕,0.3366,5637000.0,True,加藤 貞顕（代表取締役CEO）,加藤 貞顕,True,加藤 貞顕,2022-12-01,2022年12月: 東京証券取引所グロース市場に株式を上場,"[{""rank"": 1, ""name"": ""加藤 貞顕"", ""ratio"": 0.3366, ""shares"": 5637000.0}, {""rank"": 2, ""name"": ""Google International LLC（常任代理人 みずほ証券株式会社）"", ""ratio"": 0.0588, ""shares"": 984200.0}, {""rank"": 3, ""name"": ""GOLDMAN SACHS INTERNATIONAL（常任代理人 ゴールドマン・サックス証券株式会社）"", ""ratio"": 0.0579, ""shares"": 970000.0}, {""rank"": 4, ""name"": ""株式会社日本経済新聞社"", ""ratio"": 0.0395, ""shares"": 661000.0}, {""rank"": 5, ""name"": ""NOMURA INTERNATIONAL PLC A/C JAPAN FLOW（常任代理人 野村證券株式会社）"", ""ratio"": 0.0211, ""shares"": 353700.0}, {""rank"": 6, ""name"": ""株式会社マイナビ"", ""ratio"": 0.0178, ""shares"": 297300.0}, {""rank"": 7, ""name"": ""株式会社イード"", ""ratio"": 0.0166, ""shares"": 277700.0}, {""rank"": 8, ""name"": ""株式会社テレビ東京ホールディングス"", ""ratio"": 0.0163, ""shares"": 273400.0}, {""rank"": 9, ""name"": ""楽天証券株式会社共有口"", ""ratio"": 0.014, ""shares"": 234900.0}, {""rank"": 10, ""name"": ""JP JPMSE LUX RE UBSAG LONDON BRANCH EQCO（常任代理人 株式会社三菱UFJ銀行）"", ""ratio"": 0.0132, ""shares"": 221100.0}]","[{""name"": ""加藤 貞顕"", ""title"": ""代表取締役CEO"", ""shares"": 5637000.0}, {""name"": ""今 雄一"", ""title"": ""取締役CTO"", ""shares"": 30000.0}, {""name"": ""鹿島 幸裕"", ""title"": ""取締役CFO"", ""shares"": 58300.0}, {""name"": ""田邉 美智子"", ""title"": ""取締役（常勤監査等委員）"", ""shares"": null}, {""name"": ""水野 祐"", ""title"": ""取締役（監査等委員）"", ""shares"": null}, {""name"": ""竹川 美奈子"", ""title"": ""取締役（監査等委員）"", ""shares"": null}]",,2022-12-21,2026-06-01,0.2297795981103405,0.1985410135480396,0.1865169914930009,0.2380897609970664,0.213044042993771,True,False,True,0.0647302688940217,False,2022-12-01,2022-12-21,local_price_first_trade,True,True,True,2,3,3,365/365/365/366/365,OK,16748600.0,2026-06-01,2008.0,1689173220.0,840.0,0.7987953394009201,-0.5977999312478515,True,,-0.0637216849986841,2367,Transformation Moat,33631188800.0,8.24367187570855,年率ボラティリティ60%以上
112,20260430,7064,7064.T,"Howtelevision,Inc.",Standard Market(Domestic),9050,Services,10,"IT & SERVICES, OTHERS",-,,False,S100XVTU,株式会社ハウテレビジョン,2026-04-28 09:48,2025-02-01,2026-01-31,NetSalesSummaryOfBusinessResults,nonconsolidated,1144334000.0,1543162000.0,1842042000.0,1872799000.0,2461752000.0,2021-02-01,2022-02-01,2023-02-01,2024-02-01,2025-02-01,2022-01-31,2023-01-31,2024-01-31,2025-01-31,2026-01-31,OperatingIncome,nonconsolidated,265324000.0,CurrentYearDuration_NonConsolidatedMember,音成 洋介,0.4931,1340000.0,True,音成 洋介（代表取締役 社長）,音成 洋介,True,音成 洋介,2019-04-01,2019年４月: 東京証券取引所マザーズ市場に株式を上場,"[{""rank"": 1, ""name"": ""音成 洋介"", ""ratio"": 0.4931, ""shares"": 1340000.0}, {""rank"": 2, ""name"": ""音成 恵里"", ""ratio"": 0.0986, ""shares"": 268000.0}, {""rank"": 3, ""name"": ""株式会社くふうカンパニーホールディングス"", ""ratio"": 0.05, ""shares"": 135800.0}, {""rank"": 4, ""name"": ""株式会社SBI証券"", ""ratio"": 0.0475, ""shares"": 129096.0}, {""rank"": 5, ""name"": ""株式会社日本カストディ銀行（信託口）"", ""ratio"": 0.0339, ""shares"": 92200.0}, {""rank"": 6, ""name"": ""楽天証券株式会社共有口"", ""ratio"": 0.0263, ""shares"": 71600.0}, {""rank"": 7, ""name"": ""宮崎 羅貴"", ""ratio"": 0.0215, ""shares"": 58400.0}, {""rank"": 8, ""name"": ""薮谷 直樹"", ""ratio"": 0.0196, ""shares"": 53200.0}, {""rank"": 9, ""name"": ""中村 得郎"", ""ratio"": 0.011, ""shares"": 30000.0}, {""rank"": 10, ""name"": ""野村證券株式会社"", ""ratio"": 0.0109, ""shares"": 29600.0}]","[{""name"": ""音成 洋介"", ""title"": ""代表取締役 社長"", ""shares"": 1340000.0}, {""name"": ""清水 伸太郎"", ""title"": ""取締役"", ""shares"": 7800.0}, {""name"": ""赤池 敦史"", ""title"": ""取締役"", ""shares"": null}, {""name"": ""奥谷 直也"", ""title"": ""取締役 （常勤監査等委員）"", ""shares"": null}, {""name"": ""森下 俊光"", ""title"": ""取締役 （監査等委員）"", ""shares"": 600.0}, {""name"": ""小栗 久典"", ""title"": ""取締役 （監査等委員）"", ""shares"": null}]",,2021-06-01,2026-06-01,0.3485241197063096,0.1936802487360367,0.0166972305734613,0.3144774212288665,0.2110801178397119,True,False,True,0.1077785252129377,True,2019-04-01,2019-04-01,EDINET_company_history,False,True,True,2,3,3,365/365/365/366/365,OK,2717582.0,2026-06-01,752.0,8480251.666666666,1222.0,0.5271496081577918,-0.7107692307692308,False,low_liquidity,-0.1644999623916728,2903,Future Moat,2043621664.0,0.8301492855494785,"既存適格性フィルター不通過: low_liquidity / 60日平均売買代金2,000万円未満 / ローカル5年最大下落率-60%以下"
113,20260430,4379,4379.T,Photosynth inc.,Growth Market(Domestic),5250,Information & Communication,10,"IT & SERVICES, OTHERS",-,,False,S100XV3D,株式会社Ｐｈｏｔｏｓｙｎｔｈ,2026-03-27 15:30,2025-01-01,2025-12-31,NetSalesSummaryOfBusinessResults,consolidated,1600164000.0,1994272000.0,2493490000.0,2961529000.0,3384833000.0,2021-01-01,2022-01-01,2023-01-01,2024-01-01,2025-01-01,2021-12-31,2022-12-31,2023-12-31,2024-12-31,2025-12-31,OperatingIncome,consolidated,231162000.0,CurrentYearDuration,河瀬 航大,0.1582,2443000.0,True,河瀬 航大（代表取締役社長） / 渡邉 宏明（取締役副社長）,河瀬 航大 / 渡邉 宏明,True,河瀬 航大,2021-11-01,2021年11月: 東京証券取引所マザーズに株式を上場,"[{""rank"": 1, ""name"": ""河瀬 航大"", ""ratio"": 0.1582, ""shares"": 2443000.0}, {""rank"": 2, ""name"": ""UH Partners ２投資事業有限責任組合"", ""ratio"": 0.0778, ""shares"": 1202000.0}, {""rank"": 3, ""name"": ""光通信KK投資事業有限責任組合"", ""ratio"": 0.0675, ""shares"": 1043000.0}, {""rank"": 4, ""name"": ""BBH(LUX)FOR FIDELITY FUNDS PACIFIC POOL(常任代理人 株式会社三菱UFJ銀行)"", ""ratio"": 0.058, ""shares"": 896000.0}, {""rank"": 5, ""name"": ""MF-GB２号投資事業有限責任組合"", ""ratio"": 0.0271, ""shares"": 418000.0}, {""rank"": 6, ""name"": ""株式会社SBI証券"", ""ratio"": 0.026, ""shares"": 402000.0}, {""rank"": 7, ""name"": ""渡邉 宏明"", ""ratio"": 0.0228, ""shares"": 352000.0}, {""rank"": 8, ""name"": ""楽天証券株式会社"", ""ratio"": 0.0205, ""shares"": 317000.0}, {""rank"": 9, ""name"": ""BSP第３号投資事業有限責任組合"", ""ratio"": 0.0199, ""shares"": 308000.0}, {""rank"": 10, ""name"": ""熊谷 悠哉"", ""ratio"": 0.0179, ""shares"": 276000.0}]","[{""name"": ""河瀬 航大"", ""title"": ""代表取締役社長"", ""shares"": 2443800.0}, {""name"": ""渡邉 宏明"", ""title"": ""取締役副社長"", ""shares"": 352200.0}, {""name"": ""熊谷 悠哉"", ""title"": ""取締役"", ""shares"": 276200.0}, {""name"": ""島田 和衛"", ""title"": ""社外取締役"", ""shares"": null}, {""name"": ""鈴木 敦子"", ""title"": ""社外取締役"", ""shares"": null}, {""name"": ""中嶋 靖雄"", ""title"": ""常勤社外監査役"", ""shares"": null}, {""name"": ""矢澤 昌史"", ""title"": ""非常勤社外監査役"", ""shares"": null}, {""name"": ""西本 俊介"", ""title"": ""非常勤社外監査役"", ""shares"": null}]",,2021-11-05,2026-06-01,0.246292255043858,0.250325933473468,0.1877043822112782,0.1429342748289819,0.2059885589226555,True,False,True,0.0682934726764954,False,2021-11-01,2021-11-05,local_price_first_trade,True,True,True,2,3,3,365/365/365/366/365,OK,15444900.0,2026-06-01,418.0,73520345.0,1115.0,0.5490042376735806,-0.8192170818505338,True,,-0.0489868042013952,2258,Future Moat,6455968200.0,1.9073225178317512,ローカル5年最大下落率-60%以下
114,20260430,3979,3979.T,"ULURU.CO.,LTD.",Growth Market(Domestic),5250,Information & Communication,10,"IT & SERVICES, OTHERS",-,,False,S100W49T,株式会社うるる,2025-06-25 16:02,2024-04-01,2025-03-31,NetSalesSummaryOfBusinessResults,consolidated,3219978000.0,4029292000.0,4862379000.0,5937912000.0,6701255000.0,2020-04-01,2021-04-01,2022-04-01,2023-04-01,2024-04-01,2021-03-31,2022-03-31,2023-03-31,2024-03-31,2025-03-31,OperatingIncome,consolidated,762923000.0,CurrentYearDuration,星 知也,0.1748,1209400.0,True,星 知也（代表取締役社長） / 桶山 雄平（取締役副社長）,星 知也 / 桶山 雄平,True,星 知也,2017-03-01,2017年３月: 東京証券取引所マザーズに株式を上場,"[{""rank"": 1, ""name"": ""星 知也"", ""ratio"": 0.1748, ""shares"": 1209400.0}, {""rank"": 2, ""name"": ""株式会社エアーズロック"", ""ratio"": 0.0954, ""shares"": 660000.0}, {""rank"": 3, ""name"": ""株式会社UH Partners 3"", ""ratio"": 0.0765, ""shares"": 529200.0}, {""rank"": 4, ""name"": ""光通信株式会社"", ""ratio"": 0.0759, ""shares"": 525000.0}, {""rank"": 5, ""name"": ""株式会社UH5"", ""ratio"": 0.075, ""shares"": 518900.0}, {""rank"": 6, ""name"": ""株式会社エスアイエル"", ""ratio"": 0.0638, ""shares"": 441300.0}, {""rank"": 7, ""name"": ""桶山 雄平"", ""ratio"": 0.0551, ""shares"": 381400.0}, {""rank"": 8, ""name"": ""長屋 洋介"", ""ratio"": 0.0278, ""shares"": 192300.0}, {""rank"": 9, ""name"": ""五味 大輔"", ""ratio"": 0.0275, ""shares"": 190000.0}, {""rank"": 10, ""name"": ""日本生命保険相互会社"", ""ratio"": 0.0275, ""shares"": 190000.0}]","[{""name"": ""星 知也"", ""title"": ""代表取締役社長"", ""shares"": 1209400.0}, {""name"": ""桶山 雄平"", ""title"": ""取締役副社長"", ""shares"": 381400.0}, {""name"": ""長屋 洋介"", ""title"": ""取締役IT・リスク管理担当役員"", ""shares"": 192300.0}, {""name"": ""小林 伸輔"", ""title"": ""取締役ブランド戦略担当役員 人事担当役員"", ""shares"": 160400.0}, {""name"": ""近藤 浩計"", ""title"": ""取締役未来創造担当役員"", ""shares"": 23900.0}, {""name"": ""渡邉 貴彦"", ""title"": ""取締役Govtech事業(NJSS事業含む)担当役員"", ""shares"": 35300.0}, {""name"": ""市川 貴弘"", ""title"": ""取締役"", ""shares"": 4500.0}, {""name"": ""松岡 剛志"", ""title"": ""取締役"", ""shares"": 4400.0}, {""name"": ""鈴木 秀和"", ""title"": ""常勤監査役"", ""shares"": 4600.0}, {""name"": ""鈴木 規央"", ""title"": ""監査役"", ""shares"": 4100.0}, {""name"": ""萩原 怜奈"", ""title"": ""監査役"", ""shares"": null}]",,2021-06-01,2026-06-01,0.2513414687926438,0.2067576636292429,0.2211948101947627,0.128554111276826,0.201090715755301,True,False,True,0.1138477792592581,True,2017-03-01,2017-03-01,EDINET_company_history,False,True,True,2,3,3,365/365/365/366/365,OK,6919400.0,2026-06-01,390.0,11534126.666666666,1222.0,0.4672972571394875,-0.6112612679533008,False,low_liquidity,-0.0214100691583678,2054,Future Moat,2698566000.0,0.4026956144781836,"既存適格性フィルター不通過: low_liquidity / 60日平均売買代金2,000万円未満 / ローカル5年最大下落率-60%以下"
115,20260430,3498,3498.T,"Kasumigaseki Capital Co.,Ltd.",Prime Market (Domestic),8050,Real Estate,17,REAL ESTATE,6,TOPIX Small 1,False,S100X6TA,霞ヶ関キャピタル株式会社,2025-11-26 15:30,2024-09-01,2025-08-31,NetSalesSummaryOfBusinessResults,consolidated,14295000000.0,20780000000.0,37282000000.0,65685000000.0,96501000000.0,2020-09-01,2021-09-01,2022-09-01,2023-09-01,2024-09-01,2021-08-31,2022-08-31,2023-08-31,2024-08-31,2025-08-31,OperatingIncome,consolidated,18933000000.0,CurrentYearDuration,小川 潤之,0.2328,2300080.0,True,河本 幸士郎（代表取締役社長） / 杉本 亮（取締役副社長 インフライノベーション事業本部長 （インフライノベーション戦略本部管掌））,河本 幸士郎 / 杉本 亮,False,,2018-11-01,2018年11月: 東京証券取引所マザーズ市場上場,"[{""rank"": 1, ""name"": ""小川 潤之"", ""ratio"": 0.2328, ""shares"": 2300080.0}, {""rank"": 2, ""name"": ""日本マスタートラスト信託銀行株式会社（信託口）"", ""ratio"": 0.0847, ""shares"": 837000.0}, {""rank"": 3, ""name"": ""河本 幸士郎"", ""ratio"": 0.0826, ""shares"": 816400.0}, {""rank"": 4, ""name"": ""株式会社日本カストディ銀行（信託口）"", ""ratio"": 0.0296, ""shares"": 292400.0}, {""rank"": 5, ""name"": ""みずほ証券株式会社"", ""ratio"": 0.0175, ""shares"": 173100.0}, {""rank"": 6, ""name"": ""金森 勉"", ""ratio"": 0.0126, ""shares"": 124700.0}, {""rank"": 7, ""name"": ""UBS AG LONDON A/C IPB SEGREGATED CLIENT ACCOUNT （常任代理人 シティバンク、エヌ・エイ東京支店）"", ""ratio"": 0.0121, ""shares"": 119230.0}, {""rank"": 8, ""name"": ""BNPパリバ証券株式会社"", ""ratio"": 0.0113, ""shares"": 111500.0}, {""rank"": 9, ""name"": ""株式会社SBI証券"", ""ratio"": 0.0111, ""shares"": 109604.0}, {""rank"": 10, ""name"": ""JPモルガン証券株式会社"", ""ratio"": 0.011, ""shares"": 108632.0}]","[{""name"": ""小川 潤之"", ""title"": ""取締役会長"", ""shares"": 4250160.0}, {""name"": ""河本 幸士郎"", ""title"": ""代表取締役社長"", ""shares"": 1372800.0}, {""name"": ""杉本 亮"", ""title"": ""取締役副社長 インフライノベーション事業本部長 （インフライノベーション戦略本部管掌）"", ""shares"": 14000.0}, {""name"": ""廣瀬 一成"", ""title"": ""取締役 （管理本部・財務本部管掌）"", ""shares"": 160000.0}, {""name"": ""緒方 秀和"", ""title"": ""取締役 Hospitality and Culture 本部長 （Real Estate and Development 管掌）"", ""shares"": 30000.0}, {""name"": ""森 一雄"", ""title"": ""取締役"", ""shares"": null}, {""name"": ""原 雅彦"", ""title"": ""取締役"", ""shares"": null}, {""name"": ""早川 尚吾"", ""title"": ""取締役"", ""shares"": null}, {""name"": ""佐々木 敏夫"", ""title"": ""取締役 （常勤監査等委員）"", ""shares"": null}, {""name"": ""戸田 千史"", ""title"": ""取締役 （監査等委員）"", ""shares"": null}, {""name"": ""青山 大樹"", ""title"": ""取締役 （監査等委員）"", ""shares"": null}, {""name"": ""福原 あゆみ"", ""title"": ""取締役 （監査等委員）"", ""shares"": null}, {""name"": ""宗像 雄一郎"", ""title"": ""取締役 （監査等委員）"", ""shares"": null}, {""name"": ""小林 雅之"", ""title"": ""取締役 （監査等委員）"", ""shares"": null}]",,2021-06-01,2026-06-01,0.4536551241692899,0.7941289701636189,0.7618421758489351,0.4691482073532771,0.6118956138359761,True,True,True,0.1961948580843721,True,2018-11-01,2018-11-01,EDINET_company_history,False,False,True,2,2,3,365/365/365/366/365,OK,9881929.0,2026-06-01,5930.0,2521007666.6666665,1222.0,0.6393740975786782,-0.6864774744416113,False,repeated_negative_operating_cf,-0.1790595866525955,2949,Transformation Moat,58599838970.0,0.6072459246018176,既存適格性フィルター不通過: repeated_negative_operating_cf / 年率ボラティリティ60%以上 / ローカル5年最大下落率-60%以下
116,20260430,3399,3399.T,Maruchiyo Yamaokaya Corporation,Standard Market(Domestic),6100,Retail Trade,14,RETAIL TRADE,-,,False,S100Y1KO,株式会社丸千代山岡家,2026-04-30 10:30,2025-02-01,2026-01-31,NetSalesSummaryOfBusinessResults,nonconsolidated,15122330000.0,18676671000.0,26494136000.0,34585110000.0,43000813000.0,2021-02-01,2022-02-01,2023-02-01,2024-02-01,2025-02-01,2022-01-31,2023-01-31,2024-01-31,2025-01-31,2026-01-31,OperatingIncome,nonconsolidated,4678935000.0,CurrentYearDuration_NonConsolidatedMember,山岡 正,0.1777,3539800.0,True,一由 聡（代表取締役社長）,一由 聡,False,,2006-02-01,2006年２月: ジャスダック証券取引所へ上場(証券コード3399),"[{""rank"": 1, ""name"": ""山岡 正"", ""ratio"": 0.1777, ""shares"": 3539800.0}, {""rank"": 2, ""name"": ""㈱ＭＹコーポレーション"", ""ratio"": 0.1345, ""shares"": 2680000.0}, {""rank"": 3, ""name"": ""㈱エヌジーシー"", ""ratio"": 0.0363, ""shares"": 722400.0}, {""rank"": 4, ""name"": ""若杉 精三郎"", ""ratio"": 0.0266, ""shares"": 530400.0}, {""rank"": 5, ""name"": ""山岡 江利子"", ""ratio"": 0.0256, ""shares"": 510000.0}, {""rank"": 6, ""name"": ""一由 聡"", ""ratio"": 0.0214, ""shares"": 427200.0}, {""rank"": 7, ""name"": ""和弘食品㈱"", ""ratio"": 0.0205, ""shares"": 408000.0}, {""rank"": 8, ""name"": ""㈱三和"", ""ratio"": 0.0201, ""shares"": 400000.0}, {""rank"": 9, ""name"": ""㈱大橋製麺所"", ""ratio"": 0.0201, ""shares"": 400000.0}, {""rank"": 10, ""name"": ""STATE STREET BANK AND TRUST COMPANY 505001"", ""ratio"": 0.0173, ""shares"": 343900.0}]","[{""name"": ""一由 聡"", ""title"": ""代表取締役社長"", ""shares"": 427200.0}, {""name"": ""荒谷 健一"", ""title"": ""取締役営業本部長"", ""shares"": 60000.0}, {""name"": ""大島 正一"", ""title"": ""取締役経営企画室長"", ""shares"": 37000.0}, {""name"": ""吉村 薫"", ""title"": ""取締役北海道営業部部長"", ""shares"": 15800.0}, {""name"": ""南畑 泰道"", ""title"": ""取締役(注)１"", ""shares"": 800.0}, {""name"": ""坂本 尚幸"", ""title"": ""取締役(監査等委員)(注)１"", ""shares"": 400.0}, {""name"": ""斉藤 世司典"", ""title"": ""取締役(監査等委員)(注)１"", ""shares"": 800.0}, {""name"": ""渡辺 剛"", ""title"": ""取締役(監査等委員)(注)１"", ""shares"": null}]",,2021-06-01,2026-06-01,0.2350392432912125,0.4185684375978995,0.3053873506197748,0.2433331280426749,0.2985673791603398,True,True,True,0.1088103845850542,True,2006-02-01,2006-02-01,EDINET_company_history,False,False,True,2,2,3,365/365/365/366/365,OK,19919300.0,2026-06-01,3110.0,534956868.3333333,1222.0,0.4394449316817485,-0.3988024563424432,True,,-0.0187679774059172,2031,Core Moat,61949023000.0,1.4406477151955244,目立つ機械的警告なし（定性確認は別途必要）
117,20260430,5244,5244.T,"jig.jp co.,ltd.",Growth Market(Domestic),5250,Information & Communication,10,"IT & SERVICES, OTHERS",-,,False,S100W2W8,株式会社ｊｉｇ．ｊｐ,2025-06-23 16:23,2024-04-01,2025-03-31,NetSalesSummaryOfBusinessResults,consolidated,6700860000.0,8984223000.0,10503735000.0,12247048000.0,13796280000.0,2020-04-01,2021-04-01,2022-04-01,2023-04-01,2024-04-01,2021-03-31,2022-03-31,2023-03-31,2024-03-31,2025-03-31,OperatingIncome,consolidated,2012299000.0,CurrentYearDuration,福野 泰介,0.2502,10429200.0,True,川股 将（代表取締役社長CEO）,川股 将,False,,2022-12-01,2022年12月: 東京証券取引所グロース市場に株式を上場,"[{""rank"": 1, ""name"": ""福野 泰介"", ""ratio"": 0.2502, ""shares"": 10429200.0}, {""rank"": 2, ""name"": ""赤浦 徹"", ""ratio"": 0.1298, ""shares"": 5412000.0}, {""rank"": 3, ""name"": ""岸 周平"", ""ratio"": 0.1139, ""shares"": 4749300.0}, {""rank"": 4, ""name"": ""株式会社SBI証券"", ""ratio"": 0.0457, ""shares"": 1907200.0}, {""rank"": 5, ""name"": ""佐々木 嶺一"", ""ratio"": 0.0384, ""shares"": 1600800.0}, {""rank"": 6, ""name"": ""BNY GCM CLIENT ACCOUNT JPRD AC ISG（FE-AC）（常任代理人 株式会社三菱UFJ銀行）"", ""ratio"": 0.0293, ""shares"": 1221138.0}, {""rank"": 7, ""name"": ""三菱UFJモルガン・スタンレー証券株式会社"", ""ratio"": 0.0167, ""shares"": 700000.0}, {""rank"": 8, ""name"": ""木下 圭一郎"", ""ratio"": 0.0158, ""shares"": 661700.0}, {""rank"": 9, ""name"": ""jig.jp従業員持株会"", ""ratio"": 0.0111, ""shares"": 463500.0}, {""rank"": 10, ""name"": ""UBS AG LONDON A/C IPB SEGREGATED CLIENT ACCOUNT （常任代理人 シティバンク、エヌ・エイ東京支店）"", ""ratio"": 0.0097, ""shares"": 407900.0}]","[{""name"": ""川股 将"", ""title"": ""代表取締役社長CEO"", ""shares"": 169600.0}, {""name"": ""田中 雄一郎"", ""title"": ""取締役CFO"", ""shares"": 43000.0}, {""name"": ""福野 泰介"", ""title"": ""取締役 創業者"", ""shares"": 10429200.0}, {""name"": ""岸 周平"", ""title"": ""取締役"", ""shares"": 4749300.0}, {""name"": ""赤浦 徹"", ""title"": ""取締役"", ""shares"": 5412000.0}, {""name"": ""菅沼 匠"", ""title"": ""取締役"", ""shares"": null}, {""name"": ""矢島 里佳"", ""title"": ""取締役"", ""shares"": null}, {""name"": ""葛西 倫子"", ""title"": ""常勤監査役"", ""shares"": null}, {""name"": ""豊島 絵"", ""title"": ""監査役"", ""shares"": null}, {""name"": ""上杉 昌隆"", ""title"": ""監査役"", ""shares"": null}, {""name"": ""上松 恵理子"", ""title"": ""監査役"", ""shares"": null}]",,2022-12-22,2026-06-01,0.3407567088403578,0.1691311535788904,0.1659707713494296,0.126498401900605,0.1978649676923594,True,False,False,0.145858086382706,True,2022-12-01,2022-12-22,local_price_first_trade,True,False,True,2,2,3,365/365/365/366/365,OK,41668400.0,2026-06-01,175.0,94936770.0,839.0,0.5656459660848709,-0.6604067716610738,True,,-0.0453844942406087,2229,Future Moat,7291970000.0,0.5285461008329781,ローカル5年最大下落率-60%以下
118,20260430,5250,5250.T,"GMO PRIME STRATEGY CO.,LTD.",Standard Market(Domestic),5250,Information & Communication,10,"IT & SERVICES, OTHERS",-,,False,S100XN9A,プライム・ストラテジー株式会社,2026-02-25 16:39,2024-12-01,2025-11-30,NetSalesSummaryOfBusinessResults,consolidated,559845000.0,770988000.0,877193000.0,857213000.0,887044000.0,2020-12-01,2021-12-01,2022-12-01,2023-12-01,2024-12-01,2021-11-30,2022-11-30,2023-11-30,2024-11-30,2025-11-30,OperatingIncome,consolidated,143612000.0,CurrentYearDuration,中村 けん牛 （国内連絡先）,0.4122,1447800.0,True,吉政 忠志（代表取締役 （マーケティング部、AI事業部管掌））,吉政 忠志,False,,2023-02-01,2023年２月: 東京証券取引所スタンダード市場に株式を上場,"[{""rank"": 1, ""name"": ""中村 けん牛 （国内連絡先）"", ""ratio"": 0.4122, ""shares"": 1447800.0}, {""rank"": 2, ""name"": ""中村 八千代 （国内連絡先）"", ""ratio"": 0.1841, ""shares"": 646400.0}, {""rank"": 3, ""name"": ""株式会社エアトリ"", ""ratio"": 0.033, ""shares"": 116000.0}, {""rank"": 4, ""name"": ""大島 義裕"", ""ratio"": 0.0147, ""shares"": 51600.0}, {""rank"": 5, ""name"": ""北川 誉人"", ""ratio"": 0.012, ""shares"": 42100.0}, {""rank"": 6, ""name"": ""株式会社イントラスト"", ""ratio"": 0.0106, ""shares"": 37200.0}, {""rank"": 7, ""name"": ""楽天証券株式会社共有口"", ""ratio"": 0.0092, ""shares"": 32200.0}, {""rank"": 8, ""name"": ""ＪＰモルガン証券株式会社"", ""ratio"": 0.0081, ""shares"": 28502.0}, {""rank"": 9, ""name"": ""株式会社SBI証券"", ""ratio"": 0.0059, ""shares"": 20895.0}, {""rank"": 10, ""name"": ""宮坂 仁"", ""ratio"": 0.0058, ""shares"": 20400.0}]","[{""name"": ""吉政 忠志"", ""title"": ""代表取締役 （マーケティング部、AI事業部管掌）"", ""shares"": 1900.0}, {""name"": ""池宮 紀昭"", ""title"": ""取締役 （KUSANAGI事業部、ライセンス事業部管掌）"", ""shares"": 6400.0}, {""name"": ""城塚 紘行"", ""title"": ""取締役 （経営管理部管掌）"", ""shares"": 4600.0}, {""name"": ""小舘 亮之"", ""title"": ""取締役"", ""shares"": null}, {""name"": ""大﨑 理乃"", ""title"": ""取締役"", ""shares"": null}, {""name"": ""添田 繁永"", ""title"": ""取締役 （監査等委員）"", ""shares"": 7000.0}, {""name"": ""森田 芳玄"", ""title"": ""取締役 （監査等委員）"", ""shares"": null}, {""name"": ""鈴木 隆之"", ""title"": ""取締役 （監査等委員）"", ""shares"": null}]",,2023-02-24,2026-06-01,0.3771454599040806,0.1377518197429792,-0.022777199544456,0.0347999855345171,0.1219392448922669,True,False,False,0.1618995224588633,True,2023-02-01,2023-02-24,local_price_first_trade,True,False,True,2,2,3,365/365/365/366/365,OK,3552000.0,2026-06-01,1200.0,3891068.3333333335,797.0,0.6880748828922395,-0.822746590103647,False,low_liquidity,-0.2507383115283497,3193,Future Moat,4262400000.0,4.805173136845523,"既存適格性フィルター不通過: low_liquidity / 60日平均売買代金2,000万円未満 / 年率ボラティリティ60%以上 / ローカル5年最大下落率-60%以下"
119,20260430,9023,9023.T,"Tokyo Metro Co.,Ltd.",Prime Market (Domestic),5050,Land Transportation,12,TRANSPORTATION & LOGISTICS,4,TOPIX Mid400,False,S100W3LV,東京地下鉄株式会社,2025-06-24 11:26,2024-04-01,2025-03-31,OperatingRevenue1SummaryOfBusinessResults,consolidated,295729000000.0,306904000000.0,345370000000.0,389267000000.0,407832000000.0,2020-04-01,2021-04-01,2022-04-01,2023-04-01,2024-04-01,2021-03-31,2022-03-31,2023-03-31,2024-03-31,2025-03-31,OperatingIncome,consolidated,86942000000.0,CurrentYearDuration,財務大臣,0.2671,155171600.0,True,川 澄 俊 文（代表取締役会長） / 山 村 明 義（代表取締役社長社長執行役員） / 小 坂 彰 洋（代表取締役専務執行役員） / 小 川 孝 行（代表取締役専務執行役員）,川 澄 俊 文 / 山 村 明 義 / 小 坂 彰 洋 / 小 川 孝 行,False,,2024-04-01,2024年４月 東京メトロアセットマネジメント㈱設立 10月 東京証券取引所プライム市場に上場,"[{""rank"": 1, ""name"": ""財務大臣"", ""ratio"": 0.2671, ""shares"": 155171600.0}, {""rank"": 2, ""name"": ""東京都"", ""ratio"": 0.2329, ""shares"": 135328400.0}, {""rank"": 3, ""name"": ""日本マスタートラスト信託銀行株式会社（信託口）"", ""ratio"": 0.0745, ""shares"": 43278100.0}, {""rank"": 4, ""name"": ""東京メトロ従業員持株会"", ""ratio"": 0.0265, ""shares"": 15421000.0}, {""rank"": 5, ""name"": ""株式会社日本カストディ銀行（信託口）"", ""ratio"": 0.0217, ""shares"": 12631400.0}, {""rank"": 6, ""name"": ""NORTHERN TRUST CO．(AVFC)RE NON TREATY CLIENTS ACCOUNT（常任代理人 香港上海銀行東京支店カストディ業務部）"", ""ratio"": 0.01, ""shares"": 5825674.0}, {""rank"": 7, ""name"": ""STATE STREET BANK WESTCLIENT - TREATY 505234（常任代理人 株式会社みずほ銀行決済営業部）"", ""ratio"": 0.0085, ""shares"": 4953000.0}, {""rank"": 8, ""name"": ""MSIP CLIENT SECURITIES（常任代理人 モルガン・スタンレーMUFG証券株式会社）"", ""ratio"": 0.0081, ""shares"": 4699607.0}, {""rank"": 9, ""name"": ""ゴールドマン・サックス証券株式会社BNYM（常任代理人 株式会社三菱UFJ銀行）"", ""ratio"": 0.0055, ""shares"": 3215800.0}, {""rank"": 10, ""name"": ""J．P．MORGAN SECURITIES PLC（常任代理人 ＪＰモルガン証券株式会社）"", ""ratio"": 0.0039, ""shares"": 2281295.0}]","[{""name"": ""川 澄 俊 文"", ""title"": ""代表取締役会長"", ""shares"": 1600.0}, {""name"": ""山 村 明 義"", ""title"": ""代表取締役社長社長執行役員"", ""shares"": 1600.0}, {""name"": ""小 坂 彰 洋"", ""title"": ""代表取締役専務執行役員"", ""shares"": 1300.0}, {""name"": ""小 川 孝 行"", ""title"": ""代表取締役専務執行役員"", ""shares"": 1300.0}, {""name"": ""中 澤 英 樹"", ""title"": ""取締役常務執行役員"", ""shares"": 1100.0}, {""name"": ""堂 免 敬 一"", ""title"": ""取締役執行役員"", ""shares"": 800.0}, {""name"": ""鈴 木 信 行"", ""title"": ""取締役執行役員"", ""shares"": 800.0}, {""name"": ""杉 山 武 彦"", ""title"": ""社外取締役"", ""shares"": 100.0}, {""name"": ""小 林 英 三"", ""title"": ""社外取締役"", ""shares"": 100.0}, {""name"": ""武 井 奈 津 子"", ""title"": ""社外取締役"", ""shares"": 100.0}, {""name"": ""井 村 順 子"", ""title"": ""社外取締役"", ""shares"": 100.0}, {""name"": ""上 田 正 人"", ""title"": ""常勤監査役"", ""shares"": 100.0}, {""name"": ""徳 田 郁 生"", ""title"": ""常勤監査役"", ""shares"": null}, {""name"": ""齋 藤 宏"", ""title"": ""監査役"", ""shares"": null}, {""name"": ""延 與 桂"", ""title"": ""監査役"", ""shares"": 100.0}]",,2024-10-23,2026-06-01,0.0377879748012539,0.1253356098323905,0.1271013695457046,0.0476922009828728,0.0836694895854317,True,False,False,0.2131809176327507,True,2024-04-01,2024-10-23,local_price_first_trade,True,False,True,2,2,3,365/365/365/366/365,OK,581000000.0,2026-06-01,1421.0,3606347158.3333335,389.0,0.2204368461963547,-0.3121435101715122,False,other_data_quality_issue,0.0226037303419774,1700,Core Moat,825601000000.0,2.024365424978913,既存適格性フィルター不通過: other_data_quality_issue
120,20260430,5570,5570.T,"JENOBA CO.,LTD.",Growth Market(Domestic),5250,Information & Communication,10,"IT & SERVICES, OTHERS",-,,False,S100XC8W,株式会社ジェノバ,2025-12-22 15:48,2024-10-01,2025-09-30,NetSalesSummaryOfBusinessResults,nonconsolidated,1051899000.0,1162160000.0,1206181000.0,1265333000.0,1366994000.0,2020-10-01,2021-10-01,2022-10-01,2023-10-01,2024-10-01,2021-09-30,2022-09-30,2023-09-30,2024-09-30,2025-09-30,OperatingIncome,nonconsolidated,773994000.0,CurrentYearDuration_NonConsolidatedMember,南 安子,0.1975,2613000.0,True,戸上 敏（代表取締役社長）,戸上 敏,False,,2023-04-01,2023年４月: 東京証券取引所グロース市場に株式を上場。,"[{""rank"": 1, ""name"": ""南 安子"", ""ratio"": 0.1975, ""shares"": 2613000.0}, {""rank"": 2, ""name"": ""南 尚子"", ""ratio"": 0.1974, ""shares"": 2612000.0}, {""rank"": 3, ""name"": ""株式会社トプコン"", ""ratio"": 0.1134, ""shares"": 1500000.0}, {""rank"": 4, ""name"": ""株式会社パスコ"", ""ratio"": 0.0661, ""shares"": 875000.0}, {""rank"": 5, ""name"": ""戸上 敏"", ""ratio"": 0.0287, ""shares"": 380000.0}, {""rank"": 6, ""name"": ""菅原 光一"", ""ratio"": 0.0191, ""shares"": 253000.0}, {""rank"": 7, ""name"": ""小曽根 毅"", ""ratio"": 0.0153, ""shares"": 201900.0}, {""rank"": 8, ""name"": ""中村 敏英"", ""ratio"": 0.0147, ""shares"": 195000.0}, {""rank"": 9, ""name"": ""河野 芳道"", ""ratio"": 0.0122, ""shares"": 161000.0}, {""rank"": 10, ""name"": ""有限会社ゼンショウ"", ""ratio"": 0.0122, ""shares"": 161000.0}]","[{""name"": ""戸上 敏"", ""title"": ""代表取締役社長"", ""shares"": 380000.0}, {""name"": ""細谷 素之"", ""title"": ""取締役"", ""shares"": 100000.0}, {""name"": ""長尾 隆史"", ""title"": ""取締役"", ""shares"": null}, {""name"": ""菅原 光一"", ""title"": ""常勤監査役"", ""shares"": 253000.0}, {""name"": ""大鹿 博文"", ""title"": ""監査役"", ""shares"": 10000.0}, {""name"": ""野地 博久"", ""title"": ""監査役"", ""shares"": null}]",,2023-04-19,2026-06-01,0.1048209001054283,0.0378786053555448,0.0490407326926887,0.0803432772242562,0.0676972927562311,True,False,False,0.5662014610159225,True,2023-04-01,2023-04-19,local_price_first_trade,True,False,True,2,2,3,365/365/365/366/365,OK,13232000.0,2026-06-01,657.0,12055661.666666666,760.0,0.4591774844023115,-0.7532083116477224,False,low_liquidity,0.1883994984118842,760,Discovery,8693424000.0,6.359518768919249,"既存適格性フィルター不通過: low_liquidity / 60日平均売買代金2,000万円未満 / ローカル5年最大下落率-60%以下"
121,20260430,9253,9253.T,Slogan Inc.,Growth Market(Domestic),9050,Services,10,"IT & SERVICES, OTHERS",-,,False,S100Y4UP,スローガン株式会社,2026-05-19 09:42,2025-03-01,2026-02-28,NetSalesSummaryOfBusinessResults,consolidated,1418373000.0,1471590000.0,1418396000.0,1350205000.0,1589911000.0,2021-03-01,2022-03-01,2023-03-01,2024-03-01,2025-03-01,2022-02-28,2023-02-28,2024-02-29,2025-02-28,2026-02-28,OperatingIncome,consolidated,280068000.0,CurrentYearDuration,伊藤 豊,0.2305,578300.0,True,仁平 理斗（代表取締役社長） / 北川 裕憲（取締役副社長）,仁平 理斗 / 北川 裕憲,False,,2021-11-01,2021年11月: 東京証券取引所マザーズ市場(市場区分の変更により現在はグロース市場)に株式を上場,"[{""rank"": 1, ""name"": ""伊藤 豊"", ""ratio"": 0.2305, ""shares"": 578300.0}, {""rank"": 2, ""name"": ""Reapra Ventures Pte. Ltd. （常任代理人 ＳＭＢＣ日興証券株式会社）"", ""ratio"": 0.2148, ""shares"": 539000.0}, {""rank"": 3, ""name"": ""織田 一彰"", ""ratio"": 0.1196, ""shares"": 300000.0}, {""rank"": 4, ""name"": ""KMFG株式会社"", ""ratio"": 0.0406, ""shares"": 102000.0}, {""rank"": 5, ""name"": ""XTech１号投資事業有限責任組合"", ""ratio"": 0.0399, ""shares"": 100000.0}, {""rank"": 6, ""name"": ""スローガン社員持株会"", ""ratio"": 0.0346, ""shares"": 86781.0}, {""rank"": 7, ""name"": ""仁平 理斗"", ""ratio"": 0.0302, ""shares"": 75669.0}, {""rank"": 8, ""name"": ""楽天証券株式会社"", ""ratio"": 0.024, ""shares"": 60200.0}, {""rank"": 9, ""name"": ""渡邊 秀和"", ""ratio"": 0.0206, ""shares"": 51600.0}, {""rank"": 10, ""name"": ""アイビー投資事業有限責任組合"", ""ratio"": 0.0152, ""shares"": 38200.0}]","[{""name"": ""仁平 理斗"", ""title"": ""代表取締役社長"", ""shares"": 75669.0}, {""name"": ""北川 裕憲"", ""title"": ""取締役副社長"", ""shares"": 35000.0}, {""name"": ""杉之原 明子"", ""title"": ""取締役"", ""shares"": null}, {""name"": ""渡辺 千賀"", ""title"": ""取締役"", ""shares"": null}, {""name"": ""林田 真由子"", ""title"": ""常勤監査役"", ""shares"": null}, {""name"": ""江原 準一"", ""title"": ""監査役"", ""shares"": null}, {""name"": ""中川 紘平"", ""title"": ""監査役"", ""shares"": null}]",,2021-11-25,2026-06-01,0.037519749741429,-0.0361472964616502,-0.0480761367065333,0.1775330412789169,0.0289531230051873,True,False,False,0.1761532563772437,True,2021-11-01,2021-11-25,local_price_first_trade,True,False,True,2,2,3,365/365/366/365/365,OK,2509475.0,2026-06-01,745.0,1681180.0,1102.0,0.4385545927957375,-0.714575146716883,False,low_liquidity,0.0050034103639674,1827,Discovery,1869558875.0,1.1758890120264593,"既存適格性フィルター不通過: low_liquidity / 60日平均売買代金2,000万円未満 / ローカル5年最大下落率-60%以下"
308,20260430,9722,9722.T,FUJITA KANKO INC.,Prime Market (Domestic),9050,Services,10,"IT & SERVICES, OTHERS",6,TOPIX Small 1,False,S100XS71,藤田観光株式会社,2026-03-23 15:31,2025-01-01,2025-12-31,NetSalesSummaryOfBusinessResults,consolidated,28433000000.0,43749000000.0,64547000000.0,76211000000.0,82004000000.0,2021-01-01,2022-01-01,2023-01-01,2024-01-01,2025-01-01,2021-12-31,2022-12-31,2023-12-31,2024-12-31,2025-12-31,OperatingIncome,consolidated,13795000000.0,CurrentYearDuration,ＤＯＷＡホールディングス㈱,0.3183,3814000.0,True,山下 信典（代表取締役兼社長執行役員）,山下 信典,False,,1964-04-01,1964年４月: 東京証券取引所市場第二部上場,"[{""rank"": 1, ""name"": ""ＤＯＷＡホールディングス㈱"", ""ratio"": 0.3183, ""shares"": 3814000.0}, {""rank"": 2, ""name"": ""日本マスタートラスト信託銀行㈱（信託口）"", ""ratio"": 0.0603, ""shares"": 722000.0}, {""rank"": 3, ""name"": ""ＧＯＬＤＭＡＮ ＳＡＣＨＳ ＩＮＴＥＲＮＡＴＩＯＮＡＬ(常任代理人 ゴールドマン・サックス証券㈱)"", ""ratio"": 0.0478, ""shares"": 572000.0}, {""rank"": 4, ""name"": ""野村證券㈱"", ""ratio"": 0.0316, ""shares"": 379000.0}, {""rank"": 5, ""name"": ""明治安田生命保険(相)(常任代理人 ㈱日本カストディ銀行)"", ""ratio"": 0.0251, ""shares"": 300000.0}, {""rank"": 6, ""name"": ""ＢＮＹＭ ＡＳ ＡＧＴ/ＣＬＴＳ 10 ＰＥＲＣＥＮＴ(常任代理人 ㈱三菱ＵＦＪ銀行）"", ""ratio"": 0.0206, ""shares"": 246000.0}, {""rank"": 7, ""name"": ""ＳＴＡＴＥ ＳＴＲＥＥＴ ＢＡＮＫ ＡＮＤ ＴＲＵＳＴ ＣＯＭＰＡＮＹ ５１０３１２ (常任代理人 ㈱みずほ銀行）"", ""ratio"": 0.0184, ""shares"": 220000.0}, {""rank"": 8, ""name"": ""日本生命保険(相)(常任代理人 日本マスタートラスト信託銀行㈱）"", ""ratio"": 0.0182, ""shares"": 218000.0}, {""rank"": 9, ""name"": ""ＢＮＹ ＧＣＭ ＣＬＩＥＮＴ ＡＣＣＯＵＮＴ ＪＰＲＤ ＡＣ ＩＳＧ （ＦＥ－ＡＣ）(常任代理人 ㈱三菱ＵＦＪ銀行）"", ""ratio"": 0.0168, ""shares"": 201000.0}, {""rank"": 10, ""name"": ""ＳＴＡＴＥ ＳＴＲＥＥＴ ＢＡＮＫＡＮＤ ＴＲＵＳＴ ＣＯＭＰＡＮＹ ５１０３１１ (常任代理人 ㈱みずほ銀行）"", ""ratio"": 0.0159, ""shares"": 190000.0}]","[{""name"": ""山下 信典"", ""title"": ""代表取締役兼社長執行役員"", ""shares"": 1600.0}, {""name"": ""小宮 泰"", ""title"": ""取締役人事総務本部管掌"", ""shares"": 1300.0}, {""name"": ""岡田 哲"", ""title"": ""取締役人事総務本部管掌"", ""shares"": 900.0}, {""name"": ""吉井 出"", ""title"": ""取締役企画本部管掌"", ""shares"": 300.0}, {""name"": ""浅井 紀久子"", ""title"": ""取締役"", ""shares"": null}, {""name"": ""山田 政雄"", ""title"": ""取締役"", ""shares"": null}, {""name"": ""西田 計治"", ""title"": ""取締役"", ""shares"": null}, {""name"": ""家長 千恵子"", ""title"": ""取締役"", ""shares"": null}, {""name"": ""小室 真吾"", ""title"": ""常勤監査役"", ""shares"": 1200.0}, {""name"": ""森本 哲哉"", ""title"": ""常勤監査役"", ""shares"": 500.0}, {""name"": ""中塩 弘"", ""title"": ""常勤監査役"", ""shares"": 800.0}, {""name"": ""清常 智之"", ""title"": ""監査役"", ""shares"": null}]",,2021-06-01,2026-06-01,0.5386698554496536,0.4753937232851037,0.1807055324027453,0.0760126490926507,0.3031760444420566,True,False,True,0.1682235012926198,True,1964-04-01,1964-04-01,EDINET_company_history,False,False,True,1,2,3,365/365/365/366/365,OK,11983724.0,2026-06-01,1776.0,492975990.0,1222.0,0.4197844668074486,-0.3696098604233326,True,,0.0905783445857599,1288,Core Moat,21283093824.0,0.25953726432856933,目立つ機械的警告なし（定性確認は別途必要）
309,20260430,9165,9165.T,"Qualtec Co.,Ltd.",Growth Market(Domestic),9050,Services,10,"IT & SERVICES, OTHERS",-,,False,S100WM9C,株式会社クオルテック,2025-09-25 09:44,2024-07-01,2025-06-30,NetSalesSummaryOfBusinessResults,nonconsolidated,1475970000.0,3155813000.0,3274204000.0,3623929000.0,4025193000.0,2020-12-16,2021-07-01,2022-07-01,2023-07-01,2024-07-01,2021-06-30,2022-06-30,2023-06-30,2024-06-30,2025-06-30,OperatingIncome,nonconsolidated,384786000.0,CurrentYearDuration_NonConsolidatedMember,志方 廣一,0.4001,940200.0,True,山口 友宏（代表取締役 社長）,山口 友宏,False,,2023-07-01,2023年７月: 東京証券取引所グロース市場に株式を上場,"[{""rank"": 1, ""name"": ""志方 廣一"", ""ratio"": 0.4001, ""shares"": 940200.0}, {""rank"": 2, ""name"": ""ＣＢＣ株式会社"", ""ratio"": 0.0766, ""shares"": 180000.0}, {""rank"": 3, ""name"": ""株式会社日本カストディ銀行（信託口）"", ""ratio"": 0.0193, ""shares"": 45300.0}, {""rank"": 4, ""name"": ""小田 昌平"", ""ratio"": 0.0131, ""shares"": 30800.0}, {""rank"": 5, ""name"": ""西村 裕二"", ""ratio"": 0.0121, ""shares"": 28500.0}, {""rank"": 6, ""name"": ""NOMURA PB NOMINEES LIMITED OMNIBUS- MARGIN(CASHPB) （常任代理人 野村證券株式会社）"", ""ratio"": 0.0099, ""shares"": 23300.0}, {""rank"": 7, ""name"": ""谷口 精治"", ""ratio"": 0.0089, ""shares"": 21000.0}, {""rank"": 8, ""name"": ""望月 和寿"", ""ratio"": 0.0086, ""shares"": 20100.0}, {""rank"": 9, ""name"": ""BBH LUX/BROWN BROTHERS HARRI MAN(LUXEMBOURG） SCA CUSTODIAN FOR SMD－AM FUNDS-DSBI JAPAN EQUITY SMALL CAP ABSOLUTE VALUE （常任代理人 株式会社三井住友銀行）"", ""ratio"": 0.0086, ""shares"": 20100.0}, {""rank"": 10, ""name"": ""井原 伸介"", ""ratio"": 0.0085, ""shares"": 20000.0}, {""rank"": 11, ""name"": ""田村 光司"", ""ratio"": 0.0085, ""shares"": 20000.0}]","[{""name"": ""山口 友宏"", ""title"": ""代表取締役 社長"", ""shares"": 1500.0}, {""name"": ""大江 準三"", ""title"": ""取締役"", ""shares"": null}, {""name"": ""志方 哲明"", ""title"": ""取締役"", ""shares"": null}, {""name"": ""池田 康稔"", ""title"": ""取締役"", ""shares"": 500.0}, {""name"": ""志方 廣一"", ""title"": ""取締役"", ""shares"": 940200.0}, {""name"": ""石田 智也"", ""title"": ""取締役"", ""shares"": null}, {""name"": ""冨田 和之"", ""title"": ""取締役"", ""shares"": null}, {""name"": ""藤田 昌伸"", ""title"": ""監査役 （常勤）"", ""shares"": null}, {""name"": ""越本 幸彦"", ""title"": ""監査役"", ""shares"": null}, {""name"": ""古谷 礼理"", ""title"": ""監査役"", ""shares"": null}]",,2023-07-28,2026-06-01,1.1381281462360344,0.0375152139876475,0.1068122206191184,0.1107262311154551,0.2850715077016774,True,False,True,0.0955944224289369,False,2023-07-01,2023-07-28,local_price_first_trade,True,False,True,1,2,3,197/365/365/366/365,OK,2350000.0,2026-06-01,1826.0,49724768.333333336,692.0,0.4598134230023628,-0.542300847848367,True,,0.0605068343554594,1454,Discovery,4291100000.0,1.066060683301397,目立つ機械的警告なし（定性確認は別途必要）
310,20260430,5026,5026.T,"TRIPLEIZE CO.,LTD.",Growth Market(Domestic),5250,Information & Communication,10,"IT & SERVICES, OTHERS",-,,False,S100X79V,株式会社トリプルアイズ,2025-11-28 15:32,2024-09-01,2025-08-31,NetSalesSummaryOfBusinessResults,consolidated,2122308000.0,2424504000.0,2346256000.0,4410537000.0,5714030000.0,2020-09-01,2021-09-01,2022-09-01,2023-09-01,2024-09-01,2021-08-31,2022-08-31,2023-08-31,2024-08-31,2025-08-31,OperatingIncome,consolidated,-61846000.0,CurrentYearDuration,福原 聖子,0.2725,2285900.0,True,山田 雄一郎（代表取締役会長） / 片渕 博哉（代表取締役CEO）,山田 雄一郎 / 片渕 博哉,False,,2022-05-01,2022年５月: 東京証券取引所グロース市場に株式を上場,"[{""rank"": 1, ""name"": ""福原 聖子"", ""ratio"": 0.2725, ""shares"": 2285900.0}, {""rank"": 2, ""name"": ""株式会社コスモウエア"", ""ratio"": 0.2145, ""shares"": 1800000.0}, {""rank"": 3, ""name"": ""株式会社ゲームカード・ジョイコホールディングス"", ""ratio"": 0.0476, ""shares"": 400000.0}, {""rank"": 4, ""name"": ""一般社団法人恵那会"", ""ratio"": 0.0442, ""shares"": 370800.0}, {""rank"": 5, ""name"": ""ＪＰＥ第１号株式会社"", ""ratio"": 0.0406, ""shares"": 341100.0}, {""rank"": 6, ""name"": ""株式会社キューブシステム"", ""ratio"": 0.0357, ""shares"": 300000.0}, {""rank"": 7, ""name"": ""PROCESS UNIT FUND投資事業有限責任組合"", ""ratio"": 0.034, ""shares"": 286000.0}, {""rank"": 8, ""name"": ""株式会社ＴＯＫＡＩコミュニケーションズ"", ""ratio"": 0.0298, ""shares"": 250000.0}, {""rank"": 9, ""name"": ""間中 啓次"", ""ratio"": 0.0192, ""shares"": 161700.0}, {""rank"": 10, ""name"": ""井口 邦"", ""ratio"": 0.0147, ""shares"": 123600.0}]","[{""name"": ""山田 雄一郎"", ""title"": ""代表取締役会長"", ""shares"": 90000.0}, {""name"": ""片渕 博哉"", ""title"": ""代表取締役CEO"", ""shares"": null}, {""name"": ""加藤 慶"", ""title"": ""取締役CFO管理本部管掌"", ""shares"": 52497.0}, {""name"": ""篠田 庸介"", ""title"": ""取締役"", ""shares"": 13709.0}, {""name"": ""篠原 博"", ""title"": ""取締役監査等委員"", ""shares"": 497.0}, {""name"": ""鈴木 規央"", ""title"": ""取締役 監査等委員"", ""shares"": 2841.0}, {""name"": ""中釜 和寿"", ""title"": ""取締役 監査等委員"", ""shares"": null}]",,2022-06-01,2026-06-01,0.1423902656918787,-0.0322738176550749,0.8798191672178994,0.2955406563871927,0.2809539766268267,True,False,True,-0.0108235343531623,False,2022-05-01,2022-06-01,local_price_first_trade,True,False,True,1,2,3,365/365/365/366/365,OK,8388100.0,2026-06-01,625.0,25353313.333333332,978.0,0.7390923344523942,-0.74,False,repeated_negative_operating_cf,-0.4448035345995891,3455,Transformation Moat,5242562500.0,0.9174894951549082,既存適格性フィルター不通過: repeated_negative_operating_cf / 年率ボラティリティ60%以上 / ローカル5年最大下落率-60%以下
311,20260430,6246,6246.T,Techno Smart Corp.,Standard Market(Domestic),3600,Machinery,8,MACHINERY,-,,False,S100W6QS,株式会社テクノスマート,2025-06-26 10:11,2024-04-01,2025-03-31,NetSalesSummaryOfBusinessResults,nonconsolidated,8089061000.0,16939242000.0,19677406000.0,19242406000.0,21578662000.0,2020-04-01,2021-04-01,2022-04-01,2023-04-01,2024-04-01,2021-03-31,2022-03-31,2023-03-31,2024-03-31,2025-03-31,OperatingIncome,nonconsolidated,3512488000.0,CurrentYearDuration_NonConsolidatedMember,テクノスマート取引先持株会,0.137,1574000.0,True,飯田 陽弘（取締役社長 （代表取締役））,飯田 陽弘,False,,1964-01-01,1964年１月: 大阪証券取引所の市場第2部に上場,"[{""rank"": 1, ""name"": ""テクノスマート取引先持株会"", ""ratio"": 0.137, ""shares"": 1574000.0}, {""rank"": 2, ""name"": ""株式会社エスアイエル"", ""ratio"": 0.0942, ""shares"": 1082000.0}, {""rank"": 3, ""name"": ""光通信株式会社"", ""ratio"": 0.0808, ""shares"": 928000.0}, {""rank"": 4, ""name"": ""ECM MF (常任代理人 立花証券株式会社）"", ""ratio"": 0.0464, ""shares"": 533000.0}, {""rank"": 5, ""name"": ""株式会社UH Partners ２"", ""ratio"": 0.0358, ""shares"": 411000.0}, {""rank"": 6, ""name"": ""株式会社滋賀銀行"", ""ratio"": 0.028, ""shares"": 321000.0}, {""rank"": 7, ""name"": ""BNY GCM CLIENT ACCOUNT JPRD AC ISG(FE-AC) (常任代理人 株式会社三菱UFJ銀行）"", ""ratio"": 0.0248, ""shares"": 284000.0}, {""rank"": 8, ""name"": ""椿本興業株式会社"", ""ratio"": 0.0242, ""shares"": 278000.0}, {""rank"": 9, ""name"": ""テクノスマート従業員持株会"", ""ratio"": 0.0242, ""shares"": 277000.0}, {""rank"": 10, ""name"": ""PERSHING-DIV.OF DLJ SECS.CORP. (常任代理人 シティバンク、エヌ・エイ東京支店）"", ""ratio"": 0.0233, ""shares"": 268000.0}]","[{""name"": ""飯田 陽弘"", ""title"": ""取締役社長 （代表取締役）"", ""shares"": 8000.0}, {""name"": ""西宮 良材"", ""title"": ""常務取締役 滋賀事業所長兼 製造統括兼 資材統括"", ""shares"": 2000.0}, {""name"": ""下村 壽一"", ""title"": ""取締役 技術統括部長"", ""shares"": 4000.0}, {""name"": ""髙橋 要"", ""title"": ""取締役 管理統括部長"", ""shares"": 1000.0}, {""name"": ""三沢 浩司"", ""title"": ""取締役 営業統括部長兼東京支店長"", ""shares"": 2000.0}, {""name"": ""青木 透"", ""title"": ""取締役 (監査等委員)"", ""shares"": null}, {""name"": ""岡 健治"", ""title"": ""取締役 (監査等委員)"", ""shares"": null}, {""name"": ""平松 亜矢子"", ""title"": ""取締役 (監査等委員)"", ""shares"": null}]",,2021-06-01,2026-06-01,1.0940925034438482,0.1616461940858982,-0.0221065723805261,0.1214118442361105,0.2780021972418143,True,False,True,0.1627759867595127,True,1964-01-01,1964-01-01,EDINET_company_history,False,False,True,1,2,3,365/365/365/366/365,OK,11490720.0,2026-06-01,1943.0,24677913.333333332,1222.0,0.3071118635783537,-0.3596086150905617,False,repeated_negative_operating_cf,0.3093568662899797,405,Discovery,22326468960.0,1.0346549271683296,既存適格性フィルター不通過: repeated_negative_operating_cf
312,20260430,7119,7119.T,"halmek holdings Co.,Ltd.",Growth Market(Domestic),6100,Retail Trade,14,RETAIL TRADE,-,,False,S100W49R,株式会社ハルメクホールディングス,2025-06-25 15:30,2024-04-01,2025-03-31,RevenueIFRSSummaryOfBusinessResults,consolidated,15135000000.0,25233000000.0,28738000000.0,31415000000.0,33930000000.0,2020-08-04,2021-04-01,2022-04-01,2023-04-01,2024-04-01,2021-03-31,2022-03-31,2023-03-31,2024-03-31,2025-03-31,OperatingProfitLossIFRS,consolidated,1068000000.0,CurrentYearDuration,松島 陽介,0.1727,1900000.0,True,宮澤 孝夫（代表取締役社長）,宮澤 孝夫,False,,2023-03-01,2023年３月: 東京証券取引所グロース市場へ上場,"[{""rank"": 1, ""name"": ""松島 陽介"", ""ratio"": 0.1727, ""shares"": 1900000.0}, {""rank"": 2, ""name"": ""宮澤 孝夫"", ""ratio"": 0.1469, ""shares"": 1616162.0}, {""rank"": 3, ""name"": ""山元 雄太"", ""ratio"": 0.1382, ""shares"": 1520000.0}, {""rank"": 4, ""name"": ""ＩＨドリーム株式会社（注１、２）"", ""ratio"": 0.1091, ""shares"": 1200000.0}, {""rank"": 5, ""name"": ""土屋 淳一"", ""ratio"": 0.0728, ""shares"": 800604.0}, {""rank"": 6, ""name"": ""和田 朝子"", ""ratio"": 0.0247, ""shares"": 271858.0}, {""rank"": 7, ""name"": ""株式会社日本カストディ銀行（信託口）"", ""ratio"": 0.0245, ""shares"": 269000.0}, {""rank"": 8, ""name"": ""林 南平"", ""ratio"": 0.0218, ""shares"": 240000.0}, {""rank"": 9, ""name"": ""大谷 貴志"", ""ratio"": 0.0145, ""shares"": 160000.0}, {""rank"": 10, ""name"": ""大下 悟"", ""ratio"": 0.008, ""shares"": 88200.0}]","[{""name"": ""宮澤 孝夫"", ""title"": ""代表取締役社長"", ""shares"": 2816162.0}, {""name"": ""石井 文範"", ""title"": ""取締役ＣＦＯ"", ""shares"": 2856.0}, {""name"": ""土屋 淳一"", ""title"": ""取締役"", ""shares"": 800604.0}, {""name"": ""山岡 朝子(戸籍上の氏名：和田 朝子)"", ""title"": ""取締役"", ""shares"": 271858.0}, {""name"": ""髙橋 伸治"", ""title"": ""取締役(監査等委員)"", ""shares"": null}, {""name"": ""林 南平"", ""title"": ""取締役(監査等委員)"", ""shares"": 240000.0}, {""name"": ""中村 大"", ""title"": ""取締役(監査等委員)"", ""shares"": 50000.0}, {""name"": ""大村 由紀子(戸籍上の氏名：湯山 由紀子)"", ""title"": ""取締役(監査等委員)"", ""shares"": null}, {""name"": ""青野 雅朗"", ""title"": ""取締役(監査等委員)"", ""shares"": null}]",,2023-03-23,2026-06-01,0.6671952428146679,0.1389054016565609,0.0931519242814391,0.0800572974693618,0.2236306831164531,True,False,True,0.0314765694076038,False,2023-03-01,2023-03-23,local_price_first_trade,True,False,True,1,2,3,240/365/365/366/365,OK,10999570.0,2026-06-01,1577.0,23530686.666666668,779.0,0.3712964711039936,-0.7139881804387327,False,missing_financial_data,-0.1600300718032169,2888,Transformation Moat,17346321890.0,0.511238487768936,既存適格性フィルター不通過: missing_financial_data / ローカル5年最大下落率-60%以下
313,20260430,6342,6342.T,"Taihei Machinery Works,Limited",Standard Market(Domestic),3600,Machinery,8,MACHINERY,-,,False,S100W4LI,株式会社太平製作所,2025-06-25 11:00,2024-04-01,2025-03-31,NetSalesSummaryOfBusinessResults,consolidated,3538441000.0,4938246000.0,6437776000.0,8843428000.0,7855530000.0,2020-04-01,2021-04-01,2022-04-01,2023-04-01,2024-04-01,2021-03-31,2022-03-31,2023-03-31,2024-03-31,2025-03-31,OperatingIncome,consolidated,907977000.0,CurrentYearDuration,太平製作所自社株投資会,0.0839,108000.0,True,尾関 修康（取締役社長 （代表取締役））,尾関 修康,False,,1961-10-01,1961年10月: 名古屋証券取引所市場第二部に株式上場,"[{""rank"": 1, ""name"": ""太平製作所自社株投資会"", ""ratio"": 0.0839, ""shares"": 108000.0}, {""rank"": 2, ""name"": ""太平製作所取引先持株会"", ""ratio"": 0.0681, ""shares"": 88000.0}, {""rank"": 3, ""name"": ""インタラクティブ・ブローカーズ証券株式会社"", ""ratio"": 0.0313, ""shares"": 40000.0}, {""rank"": 4, ""name"": ""株式会社名南製作所"", ""ratio"": 0.0299, ""shares"": 38000.0}, {""rank"": 5, ""name"": ""内藤 幸男"", ""ratio"": 0.0291, ""shares"": 37000.0}, {""rank"": 6, ""name"": ""齊藤 武"", ""ratio"": 0.024, ""shares"": 31000.0}, {""rank"": 7, ""name"": ""光通信株式会社"", ""ratio"": 0.0216, ""shares"": 28000.0}, {""rank"": 8, ""name"": ""株式会社あいち銀行"", ""ratio"": 0.0193, ""shares"": 25000.0}, {""rank"": 9, ""name"": ""株式会社名古屋銀行"", ""ratio"": 0.0193, ""shares"": 25000.0}, {""rank"": 10, ""name"": ""宇藤 秀樹"", ""ratio"": 0.0187, ""shares"": 24000.0}]","[{""name"": ""尾関 修康"", ""title"": ""取締役社長 （代表取締役）"", ""shares"": 14000.0}, {""name"": ""稲山 和伸"", ""title"": ""取締役 総務部長"", ""shares"": 5000.0}, {""name"": ""指吸 隆幸"", ""title"": ""取締役 大阪事業部長"", ""shares"": 14000.0}, {""name"": ""祖父江 雅也"", ""title"": ""取締役 小牧事業部長"", ""shares"": 13000.0}, {""name"": ""溝口 祥司"", ""title"": ""取締役 新規事業推進部長兼 大阪事業部技術営業部長"", ""shares"": 11000.0}, {""name"": ""神谷 慎二"", ""title"": ""取締役 （監査等委員）"", ""shares"": 16000.0}, {""name"": ""内藤 幸男"", ""title"": ""取締役 （監査等委員）"", ""shares"": 37000.0}, {""name"": ""安達 和平"", ""title"": ""取締役 （監査等委員）"", ""shares"": 1000.0}]",,2021-06-01,2026-05-29,0.3955993614136848,0.3036563994584311,0.373677493594061,-0.1117098482624611,0.2206492348712423,True,False,True,0.1155844354231986,True,1961-10-01,1961-10-01,EDINET_company_history,False,False,True,1,2,3,365/365/365/366/365,OK,1292800.0,2026-05-29,2783.0,4930783.333333333,1221.0,0.3368414427711105,-0.3832792596145086,False,low_liquidity,0.2549379619043189,540,Discovery,3597862400.0,0.4580037756841359,"既存適格性フィルター不通過: low_liquidity / 60日平均売買代金2,000万円未満"
314,20260430,6061,6061.T,"UNIVERSAL ENGEISHA CO.,LTD",Standard Market(Domestic),9050,Services,10,"IT & SERVICES, OTHERS",-,,False,S100WRP5,株式会社ユニバーサル園芸社,2025-09-26 16:26,2024-07-01,2025-06-30,NetSalesSummaryOfBusinessResults,consolidated,9569053000.0,11599868000.0,13816284000.0,16859109000.0,20506954000.0,2020-07-01,2021-07-01,2022-07-01,2023-07-01,2024-07-01,2021-06-30,2022-06-30,2023-06-30,2024-06-30,2025-06-30,OperatingIncome,consolidated,2651452000.0,CurrentYearDuration,カーン園子,0.1582,728500.0,True,森坂 拓実（代表取締役会長） / 安部 豪（代表取締役社長）,森坂 拓実 / 安部 豪,False,,,,"[{""rank"": 1, ""name"": ""カーン園子"", ""ratio"": 0.1582, ""shares"": 728500.0}, {""rank"": 2, ""name"": ""森坂拓実"", ""ratio"": 0.1275, ""shares"": 586936.0}, {""rank"": 3, ""name"": ""森坂優子"", ""ratio"": 0.1155, ""shares"": 532080.0}, {""rank"": 4, ""name"": ""ユニバーサル園芸社社員持株会"", ""ratio"": 0.0948, ""shares"": 436400.0}, {""rank"": 5, ""name"": ""ユニバーサル商事有限会社"", ""ratio"": 0.0531, ""shares"": 244600.0}, {""rank"": 6, ""name"": ""大和リース株式会社"", ""ratio"": 0.0434, ""shares"": 200000.0}, {""rank"": 7, ""name"": ""日泰サービス株式会社"", ""ratio"": 0.0317, ""shares"": 146000.0}, {""rank"": 8, ""name"": ""株式会社東邦レオホールディングス"", ""ratio"": 0.0304, ""shares"": 140000.0}, {""rank"": 9, ""name"": ""岡山フードサービス株式会社"", ""ratio"": 0.0206, ""shares"": 94900.0}, {""rank"": 10, ""name"": ""橘 俊夫"", ""ratio"": 0.0117, ""shares"": 54000.0}]","[{""name"": ""森坂 拓実"", ""title"": ""代表取締役会長"", ""shares"": 586936.0}, {""name"": ""安部 豪"", ""title"": ""代表取締役社長"", ""shares"": 24600.0}, {""name"": ""西川 道広"", ""title"": ""常務取締役 関東事業本部長"", ""shares"": 14000.0}, {""name"": ""片岡 義雄"", ""title"": ""取締役 関西事業本部長"", ""shares"": 14000.0}, {""name"": ""平田 草介"", ""title"": ""取締役 グループ会社事業本部長"", ""shares"": 21000.0}, {""name"": ""池原 健一郎"", ""title"": ""取締役 常勤監査等委員"", ""shares"": 11500.0}, {""name"": ""井関 新吾"", ""title"": ""取締役 監査等委員"", ""shares"": null}, {""name"": ""北村 百合子"", ""title"": ""取締役 監査等委員"", ""shares"": null}]",,2021-06-01,2026-06-01,0.2122273750599981,0.1910725191010793,0.2202346882852146,0.2163723480285939,0.2099238825645961,True,False,True,0.1292952624753534,True,2021-06-01,2021-06-01,not_identified_before_local_window,False,False,True,1,2,3,365/365/365/366/365,OK,4605200.0,2026-06-01,2800.0,14067110.0,1222.0,0.3353473478612598,-0.455945182769479,False,low_liquidity,0.1392177528446107,1006,Discovery,12894560000.0,0.6287896291180055,"既存適格性フィルター不通過: low_liquidity / 60日平均売買代金2,000万円未満"
