code,company_name,sector,market_equity_final,market_equity_method,book_equity,net_income,pbr_raw,per_raw,bm_raw,bm_method,ep_raw,ep_method,bm_winsorized,ep_winsorized,bm_available,ep_available,value_metric_quality_flag,notes
9022,Central Japan Railway Company,Land Transportation,3234494414848.0,raw_market_cap,4658550000000.0,464391000000.0,0.6381434,5.930986,1.440271462091525,book_equity_over_market_equity,0.1435745252390004,net_income_over_market_equity,1.440271462091525,0.1435745252390004,True,True,A_raw_market_cap,
9501,"Tokyo Electric Power Company Holdings,Incorporated",Electric Power and Gas,895750242304.0,raw_market_cap,3786130000000.0,161846000000.0,0.26426095,2.6368184,4.226769719047491,book_equity_over_market_equity,0.18068206108848883,net_income_over_market_equity,4.226769719047491,0.18068206108848883,True,True,A_raw_market_cap,
3449,TECHNOFLEX CORPORATION,Metal Products,125215073000.0,close_times_edinet_shares_outstanding,25688017000.0,3123183000.0,,,0.20515115620305552,book_equity_over_market_equity,0.02494254825056086,net_income_over_market_equity,0.20515115620305552,0.02494254825056086,True,True,B_price_times_shares,
6178,"JAPAN POST HOLDINGS Co.,Ltd.",Services,5710855274496.0,raw_market_cap,15289540000000.0,599405000000.0,0.5878693,15.770305,2.6772767414158203,book_equity_over_market_equity,0.10495888464848188,net_income_over_market_equity,2.6772767414158203,0.10495888464848188,True,True,A_raw_market_cap,
6777,santec Holdings Corporation,Electric Appliances,298478436352.0,raw_market_cap,21428211000.0,5067844000.0,12.032057,38.927574,0.07179148772653511,book_equity_over_market_equity,0.016978928400788785,net_income_over_market_equity,0.09741440959758958,0.016978928400788785,True,True,A_raw_market_cap,
6627,"Tera Probe,Inc.",Electric Appliances,100430880000.0,close_times_edinet_shares_outstanding,59928689000.0,6952842000.0,,,0.5967157611284497,book_equity_over_market_equity,0.06923012125354273,net_income_over_market_equity,0.5967157611284497,0.06923012125354273,True,True,B_price_times_shares,
6524,"KOHOKU KOGYO CO.,LTD.",Electric Appliances,157246992000.0,close_times_edinet_shares_outstanding,23441000000.0,2992000000.0,,,0.14907121402996376,book_equity_over_market_equity,0.01902739099772414,net_income_over_market_equity,0.14907121402996376,0.01902739099772414,True,True,B_price_times_shares,
6387,SAMCO INC.,Machinery,88758915050.0,close_times_edinet_shares_outstanding,13558675000.0,1697328000.0,,,0.1527584580361542,book_equity_over_market_equity,0.01912290161550369,net_income_over_market_equity,0.1527584580361542,0.01912290161550369,True,True,B_price_times_shares,
5076,INFRONEER Holdings Inc.,Construction,611770695680.0,raw_market_cap,366903000000.0,9963000000.0,0.9985165,9.3764515,0.5997394164036857,book_equity_over_market_equity,0.016285513625208626,net_income_over_market_equity,0.5997394164036857,0.016285513625208626,True,True,A_raw_market_cap,
6800,"YOKOWO CO.,LTD.",Electric Appliances,120516722260.0,close_times_edinet_shares_outstanding,52030000000.0,2240000000.0,,,0.4317243202794022,book_equity_over_market_equity,0.01858663227802923,net_income_over_market_equity,0.4317243202794022,0.01858663227802923,True,True,B_price_times_shares,
9513,"Electric Power Development Co.,Ltd.",Electric Power and Gas,695936745472.0,raw_market_cap,1463502000000.0,102530000000.0,0.49702734,12.151945,2.1029238785306843,book_equity_over_market_equity,0.14732660786644028,net_income_over_market_equity,2.1029238785306843,0.14732660786644028,True,True,A_raw_market_cap,
8050,SEIKO GROUP CORPORATION,Precision Instruments,306377446620.0,close_times_edinet_shares_outstanding,158014000000.0,13508000000.0,,,0.5157494513490897,book_equity_over_market_equity,0.0440894071969794,net_income_over_market_equity,0.5157494513490897,0.0440894071969794,True,True,B_price_times_shares,
6617,"TAKAOKA TOKO CO.,LTD.",Electric Appliances,132633832900.0,close_times_edinet_shares_outstanding,66456000000.0,4280000000.0,,,0.5010486279930164,book_equity_over_market_equity,0.03226929288266086,net_income_over_market_equity,0.5010486279930164,0.03226929288266086,True,True,B_price_times_shares,
6356,"NIPPON GEAR CO.,LTD.",Machinery,21241489408.0,raw_market_cap,12561580000.0,1550400000.0,3.8963141,12.129095,0.5913700192449329,book_equity_over_market_equity,0.07298923207409769,net_income_over_market_equity,0.5913700192449329,0.07298923207409769,True,True,A_raw_market_cap,
1909,"Nippon Dry-Chemical CO.,LTD.",Machinery,25129170000.0,close_times_edinet_shares_outstanding,30517857000.0,4204018000.0,,,1.2144395139194808,book_equity_over_market_equity,0.16729633330507931,net_income_over_market_equity,1.2144395139194808,0.16729633330507931,True,True,B_price_times_shares,
4971,MEC COMPANY LTD.,Chemicals,204118932300.0,close_times_edinet_shares_outstanding,30472068000.0,5766868000.0,,,0.14928584848373713,book_equity_over_market_equity,0.02825248954136333,net_income_over_market_equity,0.14928584848373713,0.02825248954136333,True,True,B_price_times_shares,
6278,UNION TOOL CO.,Machinery,443256012800.0,raw_market_cap,79998000000.0,6114000000.0,4.873522,65.073906,0.18047809322351058,book_equity_over_market_equity,0.013793383109184525,net_income_over_market_equity,0.18047809322351058,0.013793383109184525,True,True,A_raw_market_cap,
9503,"The Kansai Electric Power Company,Incorporated",Electric Power and Gas,2549534162944.0,raw_market_cap,3107452000000.0,451137000000.0,0.73788524,6.7068167,1.2188312850108118,book_equity_over_market_equity,0.17694879580631417,net_income_over_market_equity,1.2188312850108118,0.17694879580631417,True,True,A_raw_market_cap,
6941,"YAMAICHI ELECTRONICS CO.,LTD.",Electric Appliances,186045759488.0,raw_market_cap,39676501000.0,5240971000.0,3.9948258,20.459528,0.21326205504059953,book_equity_over_market_equity,0.02817033301067012,net_income_over_market_equity,0.21326205504059953,0.02817033301067012,True,True,A_raw_market_cap,
6871,"MICRONICS JAPAN CO.,LTD.",Electric Appliances,562081300480.0,raw_market_cap,66052000000.0,12063000000.0,7.5972314,46.622295,0.11751324931748065,book_equity_over_market_equity,0.02146130815897731,net_income_over_market_equity,0.11751324931748065,0.02146130815897731,True,True,A_raw_market_cap,
6264,"Marumae Co.,Ltd.",Machinery,28325565100.0,close_times_edinet_shares_outstanding,8151519000.0,1355987000.0,,,0.28777957195989007,book_equity_over_market_equity,0.047871489773031926,net_income_over_market_equity,0.28777957195989007,0.047871489773031926,True,True,B_price_times_shares,
6920,Lasertec Corporation,Electric Appliances,3440025272320.0,raw_market_cap,209900000000.0,84652000000.0,15.255912,39.684425,0.061016993592736185,book_equity_over_market_equity,0.024607958749939512,net_income_over_market_equity,0.09741440959758958,0.024607958749939512,True,True,A_raw_market_cap,
5985,SUNCALL CORPORATION,Metal Products,51071107072.0,raw_market_cap,26592000000.0,-2285000000.0,1.4927381,8.226798,0.5206857952483901,book_equity_over_market_equity,,missing,0.5206857952483901,,True,False,A_raw_market_cap,net_income_nonpositive_or_missing
2153,E・J Holdings Inc.,Services,29147381120.0,close_times_edinet_shares_outstanding,34053000000.0,3203000000.0,,,1.1683039330293012,book_equity_over_market_equity,0.10988980405523308,net_income_over_market_equity,1.1683039330293012,0.10988980405523308,True,True,B_price_times_shares,
6648,KAWADEN CORPORATION,Electric Appliances,5538332800.0,close_times_edinet_shares_outstanding,17744301000.0,1963138000.0,,,3.203906598028923,book_equity_over_market_equity,0.35446371153427253,net_income_over_market_equity,3.203906598028923,0.35446371153427253,True,True,B_price_times_shares,
6327,"KITAGAWA SEIKI CO.,LTD.",Machinery,40559112000.0,close_times_edinet_shares_outstanding,5077610000.0,394688000.0,,,0.12519036412828763,book_equity_over_market_equity,0.009731179518920434,net_income_over_market_equity,0.12519036412828763,0.009731179518920434,True,True,B_price_times_shares,
4368,"FUSO CHEMICAL CO.,LTD.",Chemicals,157775075000.0,close_times_edinet_shares_outstanding,104048977000.0,11622785000.0,,,0.6594766442037818,book_equity_over_market_equity,0.07366680066544097,net_income_over_market_equity,0.6594766442037818,0.07366680066544097,True,True,B_price_times_shares,
6745,HOCHIKI CORPORATION,Electric Appliances,48405558000.0,close_times_edinet_shares_outstanding,59321000000.0,7688000000.0,,,1.2254997659566285,book_equity_over_market_equity,0.15882473661392355,net_income_over_market_equity,1.2254997659566285,0.15882473661392355,True,True,B_price_times_shares,
9502,"Chubu Electric Power Company,Incorporated",Electric Power and Gas,2142673829888.0,raw_market_cap,2858530000000.0,209137000000.0,0.6827594,9.405776,1.3340947932095752,book_equity_over_market_equity,0.09760561644183231,net_income_over_market_equity,1.3340947932095752,0.09760561644183231,True,True,A_raw_market_cap,
6695,"Castrico Co.,Ltd.",Electric Appliances,339600000.0,close_times_edinet_shares_outstanding,1475287000.0,79591000.0,,,4.3441902237926975,book_equity_over_market_equity,0.23436690223792697,net_income_over_market_equity,4.3441902237926975,0.23436690223792697,True,True,B_price_times_shares,
1662,"Japan Petroleum Exploration Co.,Ltd.",Mining,448766967808.0,raw_market_cap,557257000000.0,82848000000.0,0.7150951,8.396399,1.2417513764926127,book_equity_over_market_equity,0.18461251817323063,net_income_over_market_equity,1.2417513764926127,0.18461251817323063,True,True,A_raw_market_cap,
6994,SHIZUKI ELECTRIC COMPANY INC.,Electric Appliances,32731131888.0,close_times_edinet_shares_outstanding,23747003000.0,1254784000.0,,,0.7255173173130077,book_equity_over_market_equity,0.038336101675116016,net_income_over_market_equity,0.7255173173130077,0.038336101675116016,True,True,B_price_times_shares,
6834,"SEIKOH GIKEN Co.,Ltd.",Electric Appliances,244936032256.0,raw_market_cap,28144241000.0,2242292000.0,7.237895,39.39215,0.11490445379054912,book_equity_over_market_equity,0.009154602445982393,net_income_over_market_equity,0.11490445379054912,0.009154602445982393,True,True,A_raw_market_cap,
7762,"Citizen Watch Co.,Ltd.",Precision Instruments,564015042900.0,close_times_edinet_shares_outstanding,264147000000.0,23876000000.0,,,0.46833325338599757,book_equity_over_market_equity,0.04233220425688756,net_income_over_market_equity,0.46833325338599757,0.04233220425688756,True,True,B_price_times_shares,
6492,OKANO VALVE MFG.CO.LTD.,Machinery,27381300000.0,close_times_edinet_shares_outstanding,12001000000.0,825000000.0,,,0.4382918269037628,book_equity_over_market_equity,0.030130052261945196,net_income_over_market_equity,0.4382918269037628,0.030130052261945196,True,True,B_price_times_shares,
6914,"OPTEX GROUP Company,Limited",Electric Appliances,156018595920.0,close_times_edinet_shares_outstanding,56149000000.0,6599000000.0,,,0.3598865870372973,book_equity_over_market_equity,0.04229624014424344,net_income_over_market_equity,0.3598865870372973,0.04229624014424344,True,True,B_price_times_shares,
7999,"MUTOH HOLDINGS CO.,LTD.",Electric Appliances,34593940080.0,close_times_edinet_shares_outstanding,24604000000.0,1462000000.0,,,0.711222831024803,book_equity_over_market_equity,0.042261737073575924,net_income_over_market_equity,0.711222831024803,0.042261737073575924,True,True,B_price_times_shares,
6741,"Nippon Signal Company,Limited",Electric Appliances,99170214360.0,close_times_edinet_shares_outstanding,102623000000.0,8503000000.0,,,1.0348167608821128,book_equity_over_market_equity,0.08574147040897856,net_income_over_market_equity,1.0348167608821128,0.08574147040897856,True,True,B_price_times_shares,
6929,"NIPPON CERAMIC CO.,LTD.",Electric Appliances,84242401575.0,close_times_edinet_shares_outstanding,50037000000.0,7262000000.0,,,0.5939645483094717,book_equity_over_market_equity,0.08620362031743277,net_income_over_market_equity,0.5939645483094717,0.08620362031743277,True,True,B_price_times_shares,
6785,"SUZUKI CO.,LTD.",Electric Appliances,49086918000.0,close_times_edinet_shares_outstanding,27901814000.0,3173055000.0,,,0.5684164974464275,book_equity_over_market_equity,0.0646415609144579,net_income_over_market_equity,0.5684164974464275,0.0646415609144579,True,True,B_price_times_shares,
6824,"NEW COSMOS ELECTRIC CO.,LTD.",Electric Appliances,53214105000.0,close_times_edinet_shares_outstanding,51260878000.0,3807820000.0,,,0.9632949384378446,book_equity_over_market_equity,0.07155659199755403,net_income_over_market_equity,0.9632949384378446,0.07155659199755403,True,True,B_price_times_shares,
6703,"Oki Electric Industry Company,Limited",Electric Appliances,300884400940.0,close_times_edinet_shares_outstanding,145745000000.0,13739000000.0,,,0.4843886872987587,book_equity_over_market_equity,0.04566205478608286,net_income_over_market_equity,0.4843886872987587,0.04566205478608286,True,True,B_price_times_shares,
6248,"Yokota Manufacturing Co., Ltd.",Machinery,3138998400.0,close_times_edinet_shares_outstanding,2918999000.0,319468000.0,,,0.929914140765411,book_equity_over_market_equity,0.10177386519215811,net_income_over_market_equity,0.929914140765411,0.10177386519215811,True,True,B_price_times_shares,
3723,NIHON FALCOM CORPORATION,Information & Communication,24147015300.0,close_times_edinet_shares_outstanding,10877198000.0,903682000.0,,,0.45045724553791955,book_equity_over_market_equity,0.03742416976892378,net_income_over_market_equity,0.45045724553791955,0.03742416976892378,True,True,B_price_times_shares,
6814,"FURUNO ELECTRIC CO.,LTD.",Electric Appliances,192814009400.0,close_times_edinet_shares_outstanding,89772000000.0,16777000000.0,,,0.4655885756400852,book_equity_over_market_equity,0.08701131236369591,net_income_over_market_equity,0.4655885756400852,0.08701131236369591,True,True,B_price_times_shares,
3105,Nisshinbo Holdings Inc.,Electric Appliances,378313345858.0,close_times_edinet_shares_outstanding,316591000000.0,17195000000.0,,,0.8368486162759706,book_equity_over_market_equity,0.045451740437552915,net_income_over_market_equity,0.8368486162759706,0.045451740437552915,True,True,B_price_times_shares,
9880,INNOTECH CORPORATION,Electric Appliances,57393539500.0,close_times_edinet_shares_outstanding,26132585000.0,1304346000.0,,,0.45532276328766935,book_equity_over_market_equity,0.022726355812225173,net_income_over_market_equity,0.45532276328766935,0.022726355812225173,True,True,B_price_times_shares,
6490,PILLAR Corporation,Machinery,222355923180.0,close_times_edinet_shares_outstanding,73858000000.0,8299000000.0,,,0.3321611538101955,book_equity_over_market_equity,0.0373230444294567,net_income_over_market_equity,0.3321611538101955,0.0373230444294567,True,True,B_price_times_shares,
6894,"PULSTEC INDUSTRIAL CO.,LTD.",Electric Appliances,2905969716.0,close_times_edinet_shares_outstanding,3863469000.0,359938000.0,,,1.329493896212372,book_equity_over_market_equity,0.12386157984311218,net_income_over_market_equity,1.329493896212372,0.12386157984311218,True,True,B_price_times_shares,
6961,ENPLAS CORPORATION,Electric Appliances,114414506150.0,close_times_edinet_shares_outstanding,56216000000.0,4059000000.0,,,0.4913362989680658,book_equity_over_market_equity,0.03547627076831114,net_income_over_market_equity,0.4913362989680658,0.03547627076831114,True,True,B_price_times_shares,
6960,"FUKUDA DENSHI CO.,LTD.",Electric Appliances,334334900000.0,close_times_edinet_shares_outstanding,181652000000.0,18667000000.0,,,0.5433234759518076,book_equity_over_market_equity,0.0558332378701715,net_income_over_market_equity,0.5433234759518076,0.0558332378701715,True,True,B_price_times_shares,
6419,Mars Group Holdings Corporation,Machinery,54922062800.0,close_times_edinet_shares_outstanding,78230262000.0,8716277000.0,,,1.4243868130896205,book_equity_over_market_equity,0.1587026516418462,net_income_over_market_equity,1.4243868130896205,0.1587026516418462,True,True,B_price_times_shares,
7747,"ASAHI INTECC CO.,LTD.",Precision Instruments,997775300000.0,close_times_edinet_shares_outstanding,151354000000.0,21662000000.0,,,0.15169146800887937,book_equity_over_market_equity,0.021710298901967205,net_income_over_market_equity,0.15169146800887937,0.021710298901967205,True,True,B_price_times_shares,
5214,"Nippon Electric Glass Co.,Ltd.",Glass and Ceramics Products,507534180352.0,raw_market_cap,496181000000.0,31537000000.0,1.0313244,18.025751,0.9776307078586786,book_equity_over_market_equity,0.06213768692017459,net_income_over_market_equity,0.9776307078586786,0.06213768692017459,True,True,A_raw_market_cap,
7749,"MEDIKIT CO.,LTD.",Precision Instruments,41654745000.0,close_times_edinet_shares_outstanding,45156021000.0,3013544000.0,,,1.0840546737232457,book_equity_over_market_equity,0.07234575556758299,net_income_over_market_equity,1.0840546737232457,0.07234575556758299,True,True,B_price_times_shares,
6866,HIOKI E.E.CORPORATION,Electric Appliances,178440922700.0,close_times_edinet_shares_outstanding,43956278000.0,5457622000.0,,,0.2463351866539076,book_equity_over_market_equity,0.030585035749761902,net_income_over_market_equity,0.2463351866539076,0.030585035749761902,True,True,B_price_times_shares,
6996,NICHICON CORPORATION,Electric Appliances,266622421000.0,close_times_edinet_shares_outstanding,113814000000.0,10269000000.0,,,0.4268733273560666,book_equity_over_market_equity,0.03851514048025241,net_income_over_market_equity,0.4268733273560666,0.03851514048025241,True,True,B_price_times_shares,
6925,USHIO INC.,Electric Appliances,361138218000.0,close_times_edinet_shares_outstanding,200509000000.0,27712000000.0,,,0.555214015039527,book_equity_over_market_equity,0.0767351629342093,net_income_over_market_equity,0.555214015039527,0.0767351629342093,True,True,B_price_times_shares,
1948,"The Kodensha,Co.,Ltd.",Construction,100087056000.0,close_times_edinet_shares_outstanding,21914000000.0,2789000000.0,,,0.2189493914178073,book_equity_over_market_equity,0.027865741200340632,net_income_over_market_equity,0.2189493914178073,0.027865741200340632,True,True,B_price_times_shares,
5187,"CREATE MEDIC CO.,LTD.",Precision Instruments,9206869446.0,close_times_edinet_shares_outstanding,16332321000.0,713734000.0,,,1.7739277281808,book_equity_over_market_equity,0.07752189864168081,net_income_over_market_equity,1.7739277281808,0.07752189864168081,True,True,B_price_times_shares,
5706,"Mitsui Kinzoku Company,Limited",Nonferrous Metals,3080310489088.0,raw_market_cap,340856000000.0,67505000000.0,7.475629,33.747658,0.11065637740334372,book_equity_over_market_equity,0.021914998581843117,net_income_over_market_equity,0.11065637740334372,0.021914998581843117,True,True,A_raw_market_cap,
6136,OSG Corporation,Machinery,282985048731.0,close_times_edinet_shares_outstanding,193857000000.0,14790000000.0,,,0.6850432588906018,book_equity_over_market_equity,0.05226424528901201,net_income_over_market_equity,0.6850432588906018,0.05226424528901201,True,True,B_price_times_shares,
6855,JAPAN ELECTRONIC MATERIALS CORPORATION,Electric Appliances,109563117568.0,raw_market_cap,27914000000.0,3454000000.0,2.210824,17.561983,0.25477551770718154,book_equity_over_market_equity,0.03152520735690353,net_income_over_market_equity,0.25477551770718154,0.03152520735690353,True,True,A_raw_market_cap,
6643,"Togami Electric Mfg.Co.,Ltd.",Electric Appliances,24927454860.0,close_times_edinet_shares_outstanding,22652613000.0,2419189000.0,,,0.9087415112061705,book_equity_over_market_equity,0.097049177847754,net_income_over_market_equity,0.9087415112061705,0.097049177847754,True,True,B_price_times_shares,
4099,SHIKOKU KASEI HOLDINGS CORPORATION,Chemicals,283638144390.0,close_times_edinet_shares_outstanding,94599000000.0,8476000000.0,,,0.3335200214465061,book_equity_over_market_equity,0.02988314571803704,net_income_over_market_equity,0.3335200214465061,0.02988314571803704,True,True,B_price_times_shares,
6480,"NIPPON THOMPSON CO.,LTD.",Machinery,157110645375.0,close_times_edinet_shares_outstanding,75631000000.0,978000000.0,,,0.48138685841102574,book_equity_over_market_equity,0.006224912370932332,net_income_over_market_equity,0.48138685841102574,0.006806227117135984,True,True,B_price_times_shares,
6877,Obara Group Incorporated,Electric Appliances,95928643200.0,close_times_edinet_shares_outstanding,82205000000.0,6984000000.0,,,0.856939046126319,book_equity_over_market_equity,0.07280411529890167,net_income_over_market_equity,0.856939046126319,0.07280411529890167,True,True,B_price_times_shares,
7725,INTER ACTION Corporation,Precision Instruments,22887684300.0,close_times_edinet_shares_outstanding,11765105000.0,979266000.0,,,0.5140364942905123,book_equity_over_market_equity,0.042785717732046834,net_income_over_market_equity,0.5140364942905123,0.042785717732046834,True,True,B_price_times_shares,
7711,"SUKEGAWA ELECTRIC CO.,LTD.",Precision Instruments,29118672000.0,close_times_edinet_shares_outstanding,4890261000.0,794456000.0,,,0.1679424460016583,book_equity_over_market_equity,0.02728338709952157,net_income_over_market_equity,0.1679424460016583,0.02728338709952157,True,True,B_price_times_shares,
7746,"OKAMOTO GLASS CO.,LTD.",Precision Instruments,18504215685.0,close_times_edinet_shares_outstanding,1803533000.0,207075000.0,,,0.09746606020497216,book_equity_over_market_equity,0.0111906931655504,net_income_over_market_equity,0.09746606020497216,0.0111906931655504,True,True,B_price_times_shares,
6809,TOA CORPORATION,Electric Appliances,46157503725.0,close_times_edinet_shares_outstanding,52586000000.0,2829000000.0,,,1.139273048934797,book_equity_over_market_equity,0.06129014291706045,net_income_over_market_equity,1.139273048934797,0.06129014291706045,True,True,B_price_times_shares,
6454,"MAX CO.,LTD.",Machinery,75379198640.0,close_times_edinet_shares_outstanding,106034000000.0,11231000000.0,,,1.4066745456714502,book_equity_over_market_equity,0.14899335894558405,net_income_over_market_equity,1.4066745456714502,0.14899335894558405,True,True,B_price_times_shares,
6622,DAIHEN CORPORATION,Electric Appliances,379239340890.0,close_times_edinet_shares_outstanding,153285000000.0,12922000000.0,,,0.40419066133874804,book_equity_over_market_equity,0.034073469196720496,net_income_over_market_equity,0.40419066133874804,0.034073469196720496,True,True,B_price_times_shares,
7730,"MANI,INC.",Precision Instruments,172675192781.0,close_times_edinet_shares_outstanding,53561000000.0,4814000000.0,,,0.3101835251339791,book_equity_over_market_equity,0.02787893224538331,net_income_over_market_equity,0.3101835251339791,0.02787893224538331,True,True,B_price_times_shares,
7716,NAKANISHI INC.,Precision Instruments,253701864000.0,close_times_edinet_shares_outstanding,114074441000.0,10986418000.0,,,0.4496397432854494,book_equity_over_market_equity,0.043304443360337314,net_income_over_market_equity,0.4496397432854494,0.043304443360337314,True,True,B_price_times_shares,
6647,"MORIO DENKI CO.,LTD.",Electric Appliances,3488977500.0,close_times_edinet_shares_outstanding,5185661000.0,568705000.0,,,1.4862982062796335,book_equity_over_market_equity,0.16300047793372127,net_income_over_market_equity,1.4862982062796335,0.16300047793372127,True,True,B_price_times_shares,
6997,NIPPON CHEMI-CON CORPORATION,Electric Appliances,123074813460.0,close_times_edinet_shares_outstanding,57343000000.0,-821000000.0,,,0.46591986116344425,book_equity_over_market_equity,,missing,0.46591986116344425,,True,False,B_price_times_shares,net_income_nonpositive_or_missing
7775,"DAIKEN MEDICAL CO.,LTD.",Precision Instruments,12152155500.0,close_times_edinet_shares_outstanding,8414446000.0,1097620000.0,,,0.6924241547106602,book_equity_over_market_equity,0.0903230706684094,net_income_over_market_equity,0.6924241547106602,0.0903230706684094,True,True,B_price_times_shares,
7722,"KOKUSAI CO.,LTD.",Precision Instruments,10559172000.0,close_times_edinet_shares_outstanding,11601648000.0,1000262000.0,,,1.0987270592807845,book_equity_over_market_equity,0.09472920793410695,net_income_over_market_equity,1.0987270592807845,0.09472920793410695,True,True,B_price_times_shares,
6822,"Oi Electric Co.,Ltd.",Electric Appliances,7784800000.0,close_times_edinet_shares_outstanding,8888635000.0,1249677000.0,,,1.1417936234713801,book_equity_over_market_equity,0.16052782345082725,net_income_over_market_equity,1.1417936234713801,0.16052782345082725,True,True,B_price_times_shares,
5802,"Sumitomo Electric Industries,Ltd.",Nonferrous Metals,10279343620096.0,raw_market_cap,2530437000000.0,221826000000.0,3.7468898,27.852915,0.24616717696381163,book_equity_over_market_equity,0.02157978254237291,net_income_over_market_equity,0.24616717696381163,0.02157978254237291,True,True,A_raw_market_cap,
6592,"MABUCHI MOTOR CO.,LTD.",Electric Appliances,385884422884.0,close_times_edinet_shares_outstanding,334236000000.0,39014000000.0,,,0.8661557196375197,book_equity_over_market_equity,0.10110281132474716,net_income_over_market_equity,0.8661557196375197,0.10110281132474716,True,True,B_price_times_shares,
6870,"Fenwal Controls of Japan,Ltd.",Electric Appliances,13994486400.0,close_times_edinet_shares_outstanding,14607861000.0,1247024000.0,,,1.0438297328296378,book_equity_over_market_equity,0.08910823622651846,net_income_over_market_equity,1.0438297328296378,0.08910823622651846,True,True,B_price_times_shares,
6508,MEIDENSHA CORPORATION,Electric Appliances,449571510400.0,close_times_edinet_shares_outstanding,142212000000.0,18874000000.0,,,0.31632787378690624,book_equity_over_market_equity,0.04198219763349132,net_income_over_market_equity,0.31632787378690624,0.04198219763349132,True,True,B_price_times_shares,
6912,KIKUSUI HOLDINGS CORPORATION,Electric Appliances,17034065000.0,close_times_edinet_shares_outstanding,14062391000.0,1439924000.0,,,0.8255452236445029,book_equity_over_market_equity,0.08453202450501392,net_income_over_market_equity,0.8255452236445029,0.08453202450501392,True,True,B_price_times_shares,
6998,"Nippon Tungsten Co.,Ltd.",Electric Appliances,9947185920.0,close_times_edinet_shares_outstanding,12563000000.0,676000000.0,,,1.2629702612414828,book_equity_over_market_equity,0.06795891877730179,net_income_over_market_equity,1.2629702612414828,0.06795891877730179,True,True,B_price_times_shares,
6644,"Osaki Electric Co.,Ltd.",Electric Appliances,72308786940.0,close_times_edinet_shares_outstanding,63343000000.0,4314000000.0,,,0.8760069513067674,book_equity_over_market_equity,0.05966079895075059,net_income_over_market_equity,0.8760069513067674,0.05966079895075059,True,True,B_price_times_shares,
6861,KEYENCE CORPORATION,Electric Appliances,19455367184384.0,raw_market_cap,3108552000000.0,398656000000.0,5.6043563,43.728058,0.1597786343757677,book_equity_over_market_equity,0.020490798051860173,net_income_over_market_equity,0.1597786343757677,0.020490798051860173,True,True,A_raw_market_cap,
6928,"ENOMOTO Co.,Ltd.",Electric Appliances,25667231400.0,close_times_edinet_shares_outstanding,21902510000.0,447931000.0,,,0.8533257700711733,book_equity_over_market_equity,0.017451473165119007,net_income_over_market_equity,0.8533257700711733,0.017451473165119007,True,True,B_price_times_shares,
6134,FUJI CORPORATION,Machinery,720535552000.0,raw_market_cap,218682000000.0,10920000000.0,3.1018324,45.887688,0.3034992505130406,book_equity_over_market_equity,0.015155393748010369,net_income_over_market_equity,0.3034992505130406,0.015155393748010369,True,True,A_raw_market_cap,
6346,"KIKUKAWA ENTERPRISE,INC.",Machinery,7217280000.0,close_times_edinet_shares_outstanding,12286443000.0,743887000.0,,,1.7023647412875764,book_equity_over_market_equity,0.10307027024031214,net_income_over_market_equity,1.7023647412875764,0.10307027024031214,True,True,B_price_times_shares,
7740,"Tamron Co.,Ltd.",Precision Instruments,170195594400.0,close_times_edinet_shares_outstanding,85911000000.0,11761000000.0,,,0.5047780484733864,book_equity_over_market_equity,0.06910284629553255,net_income_over_market_equity,0.5047780484733864,0.06910284629553255,True,True,B_price_times_shares,
6498,KITZ CORPORATION,Machinery,208922012334.0,close_times_edinet_shares_outstanding,119790000000.0,11707000000.0,,,0.5733718465648981,book_equity_over_market_equity,0.05603526344215095,net_income_over_market_equity,0.5733718465648981,0.05603526344215095,True,True,B_price_times_shares,
6674,GS Yuasa Corporation,Electric Appliances,642947547136.0,raw_market_cap,390987000000.0,33900000000.0,1.6291107,20.438816,0.6081164812614117,book_equity_over_market_equity,0.052725918546554895,net_income_over_market_equity,0.6081164812614117,0.052725918546554895,True,True,A_raw_market_cap,
6417,"SANKYO CO.,LTD.",Machinery,352934077500.0,close_times_edinet_shares_outstanding,290721000000.0,59138000000.0,,,0.8237260682202047,book_equity_over_market_equity,0.16756103694747357,net_income_over_market_equity,0.8237260682202047,0.16756103694747357,True,True,B_price_times_shares,
6794,"Foster Electric Company,Limited",Electric Appliances,61590649200.0,close_times_edinet_shares_outstanding,68731000000.0,5810000000.0,,,1.1159323840996305,book_equity_over_market_equity,0.09433250136937994,net_income_over_market_equity,1.1159323840996305,0.09433250136937994,True,True,B_price_times_shares,
4975,JCU CORPORATION,Chemicals,185164880070.0,close_times_edinet_shares_outstanding,47812997000.0,8110062000.0,,,0.2582184968441354,book_equity_over_market_equity,0.04379913727124744,net_income_over_market_equity,0.2582184968441354,0.04379913727124744,True,True,B_price_times_shares,
6654,"FUJI ELECTRIC INDUSTRY CO.,LTD.",Electric Appliances,5689445600.0,close_times_edinet_shares_outstanding,10441219000.0,236018000.0,,,1.8351909367056782,book_equity_over_market_equity,0.041483479515121824,net_income_over_market_equity,1.8351909367056782,0.041483479515121824,True,True,B_price_times_shares,
7261,Mazda Motor Corporation,Transportation Equipment,706788851712.0,raw_market_cap,1810029000000.0,115085000000.0,0.37084278,20.156504,2.5609190009374183,book_equity_over_market_equity,0.16282797856989184,net_income_over_market_equity,2.5609190009374183,0.16282797856989184,True,True,A_raw_market_cap,
6853,"KYOWA ELECTRONIC INSTRUMENTS CO.,LTD.",Electric Appliances,23947064000.0,close_times_edinet_shares_outstanding,18214872000.0,1057207000.0,,,0.7606306977757273,book_equity_over_market_equity,0.04414766670352575,net_income_over_market_equity,0.7606306977757273,0.04414766670352575,True,True,B_price_times_shares,
6787,"Meiko Electronics Co.,Ltd.",Electric Appliances,989451780096.0,raw_market_cap,115605000000.0,15096000000.0,7.2605267,50.69567,0.11683742687165978,book_equity_over_market_equity,0.015256933489508033,net_income_over_market_equity,0.11683742687165978,0.015256933489508033,True,True,A_raw_market_cap,
6651,NITTO KOGYO CORPORATION,Electric Appliances,176851590000.0,close_times_edinet_shares_outstanding,116507000000.0,12097000000.0,,,0.6587840120634483,book_equity_over_market_equity,0.06840198609466841,net_income_over_market_equity,0.6587840120634483,0.06840198609466841,True,True,B_price_times_shares,
6156,A-ONE SEIMITSU INC.,Machinery,10045620300.0,close_times_edinet_shares_outstanding,7485347000.0,-221288000.0,,,0.7451353700875992,book_equity_over_market_equity,,missing,0.7451353700875992,,True,False,B_price_times_shares,net_income_nonpositive_or_missing
4022,"Rasa Industries,Ltd.",Chemicals,15614806000.0,close_times_edinet_shares_outstanding,27877000000.0,3131000000.0,,,1.7852927535571048,book_equity_over_market_equity,0.20051481907620242,net_income_over_market_equity,1.7852927535571048,0.20051481907620242,True,True,B_price_times_shares,
4966,"C.Uyemura & Co.,Ltd.",Chemicals,375849970000.0,close_times_edinet_shares_outstanding,106119189000.0,14078236000.0,,,0.28234454561749733,book_equity_over_market_equity,0.03745706298712755,net_income_over_market_equity,0.28234454561749733,0.03745706298712755,True,True,B_price_times_shares,
6505,"TOYO DENKI SEIZO K.K.(TOYO ELECTRIC MFG.CO.,LTD.)",Electric Appliances,19166634300.0,close_times_edinet_shares_outstanding,27385000000.0,2128000000.0,,,1.428785021478706,book_equity_over_market_equity,0.11102627444610867,net_income_over_market_equity,1.428785021478706,0.11102627444610867,True,True,B_price_times_shares,
6744,NOHMI BOSAI LTD.,Electric Appliances,276503503990.0,close_times_edinet_shares_outstanding,130030000000.0,11098000000.0,,,0.470265288228328,book_equity_over_market_equity,0.04013692354655068,net_income_over_market_equity,0.470265288228328,0.04013692354655068,True,True,B_price_times_shares,
6282,OILES CORPORATION,Machinery,76262424425.0,close_times_edinet_shares_outstanding,76844000000.0,6329000000.0,,,1.0076259780538703,book_equity_over_market_equity,0.08298975606557371,net_income_over_market_equity,1.0076259780538703,0.08298975606557371,True,True,B_price_times_shares,
6306,"NIKKO CO.,LTD.",Machinery,32483703200.0,close_times_edinet_shares_outstanding,34560000000.0,2009000000.0,,,1.0639181064799286,book_equity_over_market_equity,0.06184639687263243,net_income_over_market_equity,1.0639181064799286,0.06184639687263243,True,True,B_price_times_shares,
6706,"DKK Co.,Ltd.",Electric Appliances,32657362500.0,close_times_edinet_shares_outstanding,37107000000.0,777000000.0,,,1.1362522004035078,book_equity_over_market_equity,0.02379249089696083,net_income_over_market_equity,1.1362522004035078,0.02379249089696083,True,True,B_price_times_shares,
6365,DMW CORPORATION,Machinery,22994205000.0,close_times_edinet_shares_outstanding,27830000000.0,2426000000.0,,,1.2103049442239904,book_equity_over_market_equity,0.10550484350296085,net_income_over_market_equity,1.2103049442239904,0.10550484350296085,True,True,B_price_times_shares,
6850,Chino Corporation,Electric Appliances,13988941820.0,close_times_edinet_shares_outstanding,25033000000.0,2236000000.0,,,1.7894848890007036,book_equity_over_market_equity,0.15984053896079467,net_income_over_market_equity,1.7894848890007036,0.15984053896079467,True,True,B_price_times_shares,
6676,BUFFALO INC.,Electric Appliances,35976213000.0,close_times_edinet_shares_outstanding,45037000000.0,6006000000.0,,,1.2518549409299973,book_equity_over_market_equity,0.1669436413443516,net_income_over_market_equity,1.2518549409299973,0.1669436413443516,True,True,B_price_times_shares,
6969,"MATSUO ELECTRIC CO.,LTD.",Electric Appliances,6507408800.0,close_times_edinet_shares_outstanding,2759278000.0,449974000.0,,,0.42402100203079296,book_equity_over_market_equity,0.06914795332974931,net_income_over_market_equity,0.42402100203079296,0.06914795332974931,True,True,B_price_times_shares,
6743,"Daido Signal Co.,Ltd.",Electric Appliances,13557687000.0,close_times_edinet_shares_outstanding,28915402000.0,1674072000.0,,,2.1327680746723243,book_equity_over_market_equity,0.12347769940403551,net_income_over_market_equity,2.1327680746723243,0.12347769940403551,True,True,B_price_times_shares,
6143,"Sodick Co.,Ltd.",Machinery,101447421217.0,close_times_edinet_shares_outstanding,90592000000.0,4514000000.0,,,0.8929946065974429,book_equity_over_market_equity,0.04449595609083426,net_income_over_market_equity,0.8929946065974429,0.04449595609083426,True,True,B_price_times_shares,
6384,"SHOWA SHINKU CO.,LTD.",Machinery,10818730800.0,close_times_edinet_shares_outstanding,11590245000.0,561931000.0,,,1.0713128197995276,book_equity_over_market_equity,0.05194056589336708,net_income_over_market_equity,1.0713128197995276,0.05194056589336708,True,True,B_price_times_shares,
6265,CONVUM Ltd.,Machinery,5003103000.0,close_times_edinet_shares_outstanding,6040811000.0,248657000.0,,,1.2074128795669408,book_equity_over_market_equity,0.04970055583504877,net_income_over_market_equity,1.2074128795669408,0.04970055583504877,True,True,B_price_times_shares,
6848,DKK-TOA CORPORATION,Electric Appliances,16970399160.0,close_times_edinet_shares_outstanding,21919000000.0,1153000000.0,,,1.2916019118550892,book_equity_over_market_equity,0.06794183148724475,net_income_over_market_equity,1.2916019118550892,0.06794183148724475,True,True,B_price_times_shares,
6403,"SUIDO KIKO KAISHA,LTD.",Machinery,17190495520.0,close_times_edinet_shares_outstanding,10178000000.0,427000000.0,,,0.5920713564166067,book_equity_over_market_equity,0.02483930724994017,net_income_over_market_equity,0.5920713564166067,0.02483930724994017,True,True,B_price_times_shares,
6678,"Techno Medica Co.,Ltd.",Electric Appliances,13669535900.0,close_times_edinet_shares_outstanding,16265084000.0,1004583000.0,,,1.189878289869373,book_equity_over_market_equity,0.07349064425808341,net_income_over_market_equity,1.189878289869373,0.07349064425808341,True,True,B_price_times_shares,
4732,"USS Co.,Ltd.",Services,836399498400.0,close_times_edinet_shares_outstanding,214166000000.0,37988000000.0,,,0.2560570641298701,book_equity_over_market_equity,0.04541848730501343,net_income_over_market_equity,0.2560570641298701,0.04541848730501343,True,True,B_price_times_shares,
6823,"RION CO.,LTD.",Electric Appliances,44842616000.0,close_times_edinet_shares_outstanding,31435771000.0,3314616000.0,,,0.7010244674396338,book_equity_over_market_equity,0.07391665107138264,net_income_over_market_equity,0.7010244674396338,0.07391665107138264,True,True,B_price_times_shares,
6675,"SAXA,Inc.",Electric Appliances,11039741234.0,close_times_edinet_shares_outstanding,30764000000.0,6932000000.0,,,2.7866595192696706,book_equity_over_market_equity,0.6279132683518839,net_income_over_market_equity,2.7866595192696706,0.4713793788347592,True,True,B_price_times_shares,
6863,NIRECO CORPORATION,Electric Appliances,19443142257.0,close_times_edinet_shares_outstanding,16673253000.0,1567703000.0,,,0.8575390119360582,book_equity_over_market_equity,0.08063012548476259,net_income_over_market_equity,0.8575390119360582,0.08063012548476259,True,True,B_price_times_shares,
6859,ESPEC CORP.,Electric Appliances,87076383330.0,close_times_edinet_shares_outstanding,56693000000.0,6003000000.0,,,0.6510720568761592,book_equity_over_market_equity,0.06893947325820796,net_income_over_market_equity,0.6510720568761592,0.06893947325820796,True,True,B_price_times_shares,
4186,"TOKYO OHKA KOGYO CO.,LTD.",Chemicals,1280537526272.0,raw_market_cap,242299000000.0,39188000000.0,3.1217701,38.34141,0.18921663366273975,book_equity_over_market_equity,0.03060277359780868,net_income_over_market_equity,0.18921663366273975,0.03060277359780868,True,True,A_raw_market_cap,
6161,ESTIC CORPORATION,Machinery,10276552800.0,close_times_edinet_shares_outstanding,10570859000.0,1221991000.0,,,1.0286386111887635,book_equity_over_market_equity,0.11891059422182894,net_income_over_market_equity,1.0286386111887635,0.11891059422182894,True,True,B_price_times_shares,
6670,"MCJ Co.,Ltd.",Electric Appliances,214420590700.0,close_times_edinet_shares_outstanding,89522000000.0,14076000000.0,,,0.4175065449999248,book_equity_over_market_equity,0.06564668045194412,net_income_over_market_equity,0.4175065449999248,0.06564668045194412,True,True,B_price_times_shares,
6144,"Seibu Electric & Machinery Co.,Ltd.",Machinery,42024990400.0,close_times_edinet_shares_outstanding,30794000000.0,2350000000.0,,,0.7327544802960859,book_equity_over_market_equity,0.05591910855023063,net_income_over_market_equity,0.7327544802960859,0.05591910855023063,True,True,B_price_times_shares,
7713,"SIGMA KOKI CO.,LTD.",Precision Instruments,16459097872.0,close_times_edinet_shares_outstanding,17769059000.0,994099000.0,,,1.0795888777250962,book_equity_over_market_equity,0.060398146224717945,net_income_over_market_equity,1.0795888777250962,0.060398146224717945,True,True,B_price_times_shares,
6858,"ONO SOKKI Co.,Ltd.",Electric Appliances,8735395800.0,close_times_edinet_shares_outstanding,16603000000.0,446000000.0,,,1.9006580102529527,book_equity_over_market_equity,0.051056644737265365,net_income_over_market_equity,1.9006580102529527,0.051056644737265365,True,True,B_price_times_shares,
6963,ROHM COMPANY LIMITED,Electric Appliances,2000433709056.0,raw_market_cap,889655000000.0,-50065000000.0,2.6387765,59.638622,0.44473105805631824,book_equity_over_market_equity,,missing,0.44473105805631824,,True,False,A_raw_market_cap,net_income_nonpositive_or_missing
4972,"Soken Chemical & Engineering Co.,Ltd.",Chemicals,57235845000.0,close_times_edinet_shares_outstanding,38003155000.0,4378529000.0,,,0.6639747347138842,book_equity_over_market_equity,0.0764997703799079,net_income_over_market_equity,0.6639747347138842,0.0764997703799079,True,True,B_price_times_shares,
6396,"Unozawa-gumi Iron Works,Limited",Machinery,4401034000.0,close_times_edinet_shares_outstanding,3357234000.0,396864000.0,,,0.76282846258402,book_equity_over_market_equity,0.090175172470833,net_income_over_market_equity,0.76282846258402,0.090175172470833,True,True,B_price_times_shares,
6890,Ferrotec Corporation,Electric Appliances,380327165952.0,raw_market_cap,323549000000.0,19300000000.0,1.4645007,29.384092,0.8507123049969936,book_equity_over_market_equity,0.05074578344065961,net_income_over_market_equity,0.8507123049969936,0.05074578344065961,True,True,A_raw_market_cap,
6392,YAMADA CORPORATION,Machinery,18671640000.0,close_times_edinet_shares_outstanding,16703356000.0,1614720000.0,,,0.8945843000400607,book_equity_over_market_equity,0.08647981644890326,net_income_over_market_equity,0.8945843000400607,0.08647981644890326,True,True,B_price_times_shares,
6668,"ADTEC PLASMA TECHNOLOGY CO.,LTD.",Electric Appliances,27372523500.0,close_times_edinet_shares_outstanding,13183000000.0,2007000000.0,,,0.48161434586036617,book_equity_over_market_equity,0.07332170159612796,net_income_over_market_equity,0.48161434586036617,0.07332170159612796,True,True,B_price_times_shares,
6402,"KANEMATSU ENGINEERING CO.,LTD.",Machinery,6648088000.0,close_times_edinet_shares_outstanding,7281745000.0,700690000.0,,,1.0953141715332289,book_equity_over_market_equity,0.10539722097541429,net_income_over_market_equity,1.0953141715332289,0.10539722097541429,True,True,B_price_times_shares,
4800,Oricon Inc.,Information & Communication,17371435200.0,close_times_edinet_shares_outstanding,5912389000.0,1214032000.0,,,0.34035121058966966,book_equity_over_market_equity,0.06988668385902853,net_income_over_market_equity,0.34035121058966966,0.06988668385902853,True,True,B_price_times_shares,
6653,"SEIKO ELECTRIC CO.,LTD.",Electric Appliances,30188904840.0,close_times_edinet_shares_outstanding,18089000000.0,2036000000.0,,,0.5991936473307324,book_equity_over_market_equity,0.06744199601776611,net_income_over_market_equity,0.5991936473307324,0.06744199601776611,True,True,B_price_times_shares,
6488,Yoshitake Inc.,Machinery,11789443242.0,close_times_edinet_shares_outstanding,16964686000.0,936678000.0,,,1.438972617431428,book_equity_over_market_equity,0.07945057122486293,net_income_over_market_equity,1.438972617431428,0.07945057122486293,True,True,B_price_times_shares,
6235,"OPTORUN CO.,LTD.",Machinery,147291937500.0,close_times_edinet_shares_outstanding,57606618000.0,2959661000.0,,,0.3911050324801383,book_equity_over_market_equity,0.020093842543146667,net_income_over_market_equity,0.3911050324801383,0.020093842543146667,True,True,B_price_times_shares,
6380,"ORIENTAL CHAIN MFG. CO.,LTD.",Machinery,7234048260.0,close_times_edinet_shares_outstanding,1855868000.0,106728000.0,,,0.256546256438715,book_equity_over_market_equity,0.014753564831761297,net_income_over_market_equity,0.256546256438715,0.014753564831761297,True,True,B_price_times_shares,
7721,TOKYO KEIKI INC.,Precision Instruments,95125872810.0,close_times_edinet_shares_outstanding,41007000000.0,3871000000.0,,,0.43108145858388575,book_equity_over_market_equity,0.040693450537181985,net_income_over_market_equity,0.43108145858388575,0.040693450537181985,True,True,B_price_times_shares,
6742,"Kyosan Electric Manufacturing Co.,Ltd.",Electric Appliances,46802725497.0,close_times_edinet_shares_outstanding,51711000000.0,4783000000.0,,,1.1048715529037858,book_equity_over_market_equity,0.10219490316448739,net_income_over_market_equity,1.1048715529037858,0.10219490316448739,True,True,B_price_times_shares,
6302,"SUMITOMO HEAVY INDUSTRIES,LTD.",Machinery,616368701440.0,raw_market_cap,686223000000.0,32943000000.0,0.9007285,20.04739,1.1133320014413481,book_equity_over_market_equity,0.05344690592341314,net_income_over_market_equity,1.1133320014413481,0.05344690592341314,True,True,A_raw_market_cap,
6140,"Asahi Diamond Industrial Co.,Ltd.",Machinery,70695707600.0,close_times_edinet_shares_outstanding,63579000000.0,2668000000.0,,,0.8993332432533712,book_equity_over_market_equity,0.037739207804463645,net_income_over_market_equity,0.8993332432533712,0.037739207804463645,True,True,B_price_times_shares,
6267,"GENERAL PACKER CO.,LTD.",Machinery,6811767000.0,close_times_edinet_shares_outstanding,7741151000.0,799349000.0,,,1.1364380196797688,book_equity_over_market_equity,0.11734825926958453,net_income_over_market_equity,1.1364380196797688,0.11734825926958453,True,True,B_price_times_shares,
6485,"MAEZAWA KYUSO INDUSTRIES CO.,LTD.",Machinery,28783927600.0,close_times_edinet_shares_outstanding,39754000000.0,2379000000.0,,,1.3811179819671309,book_equity_over_market_equity,0.08265029126879822,net_income_over_market_equity,1.3811179819671309,0.08265029126879822,True,True,B_price_times_shares,
6209,NPR-RIKEN CORPORATION,Machinery,104385715350.0,close_times_edinet_shares_outstanding,154669000000.0,9240000000.0,,,1.4817065676218504,book_equity_over_market_equity,0.08851785868419591,net_income_over_market_equity,1.4817065676218504,0.08851785868419591,True,True,B_price_times_shares,
6507,"SINFONIA TECHNOLOGY CO.,LTD.",Electric Appliances,379473150360.0,close_times_edinet_shares_outstanding,80129000000.0,12097000000.0,,,0.21115854948889776,book_equity_over_market_equity,0.031878408231316956,net_income_over_market_equity,0.21115854948889776,0.031878408231316956,True,True,B_price_times_shares,
5105,Toyo Tire Corporation,Rubber Products,566550134784.0,raw_market_cap,522659000000.0,63614000000.0,1.0634052,8.903248,0.9225291248042263,book_equity_over_market_equity,0.11228309039985164,net_income_over_market_equity,0.9225291248042263,0.11228309039985164,True,True,A_raw_market_cap,
5406,"Kobe Steel,Ltd.",Iron and Steel,775087915008.0,raw_market_cap,1237059000000.0,120799000000.0,0.6145048,8.24222,1.5960241103581545,book_equity_over_market_equity,0.15585199776821856,net_income_over_market_equity,1.5960241103581545,0.15585199776821856,True,True,A_raw_market_cap,
6284,"NISSEI ASB MACHINE CO.,LTD.",Machinery,140466681960.0,close_times_edinet_shares_outstanding,58946000000.0,7749000000.0,,,0.4196439979751623,book_equity_over_market_equity,0.05516610695059092,net_income_over_market_equity,0.4196439979751623,0.05516610695059092,True,True,B_price_times_shares,
4461,DKS Co.Ltd.,Chemicals,110697646760.0,close_times_edinet_shares_outstanding,44504000000.0,3820000000.0,,,0.4020320332236844,book_equity_over_market_equity,0.03450841198351776,net_income_over_market_equity,0.4020320332236844,0.03450841198351776,True,True,B_price_times_shares,
6250,YAMABIKO CORPORATION,Machinery,152226243600.0,close_times_edinet_shares_outstanding,119965000000.0,14444000000.0,,,0.7880704217810706,book_equity_over_market_equity,0.09488508458471874,net_income_over_market_equity,0.7880704217810706,0.09488508458471874,True,True,B_price_times_shares,
6517,"Denyo Co.,Ltd.",Electric Appliances,73797046000.0,close_times_edinet_shares_outstanding,80658000000.0,5972000000.0,,,1.0929705777112,book_equity_over_market_equity,0.08092464839310777,net_income_over_market_equity,1.0929705777112,0.08092464839310777,True,True,B_price_times_shares,
6332,"TSUKISHIMA HOLDINGS CO.,LTD.",Machinery,111949686200.0,close_times_edinet_shares_outstanding,112054000000.0,8486000000.0,,,1.0009317918034504,book_equity_over_market_equity,0.07580190966180662,net_income_over_market_equity,1.0009317918034504,0.07580190966180662,True,True,B_price_times_shares,
6999,KOA CORPORATION,Electric Appliances,108458866128.0,close_times_edinet_shares_outstanding,78110000000.0,863000000.0,,,0.7201808647696616,book_equity_over_market_equity,0.007956933635849673,net_income_over_market_equity,0.7201808647696616,0.007956933635849673,True,True,B_price_times_shares,
6788,"NIHON TRIM CO.,LTD.",Electric Appliances,35636594000.0,close_times_edinet_shares_outstanding,25546169000.0,2553377000.0,,,0.7168521492261578,book_equity_over_market_equity,0.07165042203528205,net_income_over_market_equity,0.7168521492261578,0.07165042203528205,True,True,B_price_times_shares,
8086,NIPRO CORPORATION,Precision Instruments,282865442112.0,close_times_edinet_shares_outstanding,311621000000.0,18843000000.0,,,1.1016580805109955,book_equity_over_market_equity,0.06661471213772077,net_income_over_market_equity,1.1016580805109955,0.06661471213772077,True,True,B_price_times_shares,
6247,"HISAKA WORKS,LTD.",Machinery,38623452400.0,close_times_edinet_shares_outstanding,60019000000.0,3877000000.0,,,1.5539522303293634,book_equity_over_market_equity,0.10037942646473519,net_income_over_market_equity,1.5539522303293634,0.10037942646473519,True,True,B_price_times_shares,
6845,Azbil Corporation,Electric Appliances,884760934396.0,close_times_edinet_shares_outstanding,240517000000.0,41621000000.0,,,0.2718440548736409,book_equity_over_market_equity,0.04704208603922304,net_income_over_market_equity,0.2718440548736409,0.04704208603922304,True,True,B_price_times_shares,
6748,"SEIWA ELECTRIC MFG. CO.,LTD.",Electric Appliances,9454827100.0,close_times_edinet_shares_outstanding,19090029000.0,1251994000.0,,,2.0190775355373765,book_equity_over_market_equity,0.132418497637043,net_income_over_market_equity,2.0190775355373765,0.132418497637043,True,True,B_price_times_shares,
6923,"Stanley Electric Co.,Ltd.",Electric Appliances,534715990600.0,close_times_edinet_shares_outstanding,598906000000.0,40360000000.0,,,1.1200450529410444,book_equity_over_market_equity,0.0754793211901376,net_income_over_market_equity,1.1200450529410444,0.0754793211901376,True,True,B_price_times_shares,
6331,"Mitsubishi Kakoki Kaisha,Ltd.",Machinery,81957267750.0,close_times_edinet_shares_outstanding,38227000000.0,4879000000.0,,,0.46642599307490945,book_equity_over_market_equity,0.05953102310441529,net_income_over_market_equity,0.46642599307490945,0.05953102310441529,True,True,B_price_times_shares,
6457,GLORY LTD.,Machinery,229741524750.0,close_times_edinet_shares_outstanding,236067000000.0,24376000000.0,,,1.0275330080484286,book_equity_over_market_equity,0.10610184652742016,net_income_over_market_equity,1.0275330080484286,0.10610184652742016,True,True,B_price_times_shares,
6964,"SANKO CO.,LTD.",Electric Appliances,5847504700.0,close_times_edinet_shares_outstanding,15614166000.0,569572000.0,,,2.6702271825450605,book_equity_over_market_equity,0.0974042825480756,net_income_over_market_equity,2.6702271825450605,0.0974042825480756,True,True,B_price_times_shares,
6763,"Teikoku Tsushin Kogyo Co.,Ltd.",Electric Appliances,28052895696.0,close_times_edinet_shares_outstanding,28409473000.0,2515018000.0,,,1.0127108911630411,book_equity_over_market_equity,0.08965270563347265,net_income_over_market_equity,1.0127108911630411,0.08965270563347265,True,True,B_price_times_shares,
2461,"FAN Communications,Inc.",Services,27850380180.0,close_times_edinet_shares_outstanding,17580433000.0,1549185000.0,,,0.6312457096231998,book_equity_over_market_equity,0.05562527297607612,net_income_over_market_equity,0.6312457096231998,0.05562527297607612,True,True,B_price_times_shares,
6770,"ALPS ALPINE CO.,LTD.",Electric Appliances,455314967100.0,close_times_edinet_shares_outstanding,415515000000.0,43460000000.0,,,0.912588054476894,book_equity_over_market_equity,0.0954504093656446,net_income_over_market_equity,0.912588054476894,0.0954504093656446,True,True,B_price_times_shares,
6838,"TAMAGAWA HOLDINGS CO.,LTD.",Electric Appliances,15598292400.0,close_times_edinet_shares_outstanding,5471326000.0,268648000.0,,,0.3507644208541699,book_equity_over_market_equity,0.017222910887348158,net_income_over_market_equity,0.3507644208541699,0.017222910887348158,True,True,B_price_times_shares,
6466,"TVE Co.,Ltd.",Machinery,9008640000.0,close_times_edinet_shares_outstanding,11944057000.0,597568000.0,,,1.3258446335961922,book_equity_over_market_equity,0.066332764990054,net_income_over_market_equity,1.3258446335961922,0.066332764990054,True,True,B_price_times_shares,
6159,"MICRON MACHINERY CO.,LTD.",Machinery,9856896000.0,close_times_edinet_shares_outstanding,14749838000.0,782936000.0,,,1.4963978518186658,book_equity_over_market_equity,0.0794302790655395,net_income_over_market_equity,1.4963978518186658,0.0794302790655395,True,True,B_price_times_shares,
6371,TSUBAKIMOTO CHAIN CO.,Machinery,271693304871.0,close_times_edinet_shares_outstanding,262162000000.0,22169000000.0,,,0.964918882062532,book_equity_over_market_equity,0.08159568013840401,net_income_over_market_equity,0.964918882062532,0.08159568013840401,True,True,B_price_times_shares,
7760,IMV CORPORATION,Precision Instruments,39971486592.0,close_times_edinet_shares_outstanding,11884000000.0,1935000000.0,,,0.29731193441222914,book_equity_over_market_equity,0.04840950800131802,net_income_over_market_equity,0.29731193441222914,0.04840950800131802,True,True,B_price_times_shares,
4287,JUST PLANNING INC.,Information & Communication,5603636064.0,close_times_edinet_shares_outstanding,3926939000.0,508199000.0,,,0.7007840900354374,book_equity_over_market_equity,0.09069093606290275,net_income_over_market_equity,0.7007840900354374,0.09069093606290275,True,True,B_price_times_shares,
5983,IWABUCHI CORPORATION,Metal Products,14282870000.0,close_times_edinet_shares_outstanding,20252408000.0,1343627000.0,,,1.4179508740190172,book_equity_over_market_equity,0.09407261985861386,net_income_over_market_equity,1.4179508740190172,0.09407261985861386,True,True,B_price_times_shares,
5714,"DOWA HOLDINGS CO.,LTD.",Nonferrous Metals,616916844544.0,raw_market_cap,416035000000.0,28039000000.0,1.3541874,9.937404,0.6743777604379019,book_equity_over_market_equity,0.04545020977782718,net_income_over_market_equity,0.6743777604379019,0.04545020977782718,True,True,A_raw_market_cap,
6518,"SANSO ELECTRIC CO.,LTD.",Electric Appliances,11012426600.0,close_times_edinet_shares_outstanding,11898023000.0,118436000.0,,,1.0804179162474508,book_equity_over_market_equity,0.010754759536830874,net_income_over_market_equity,1.0804179162474508,0.010754759536830874,True,True,B_price_times_shares,
6369,TOYO KANETSU K.K.,Machinery,17523474826.0,close_times_edinet_shares_outstanding,38909000000.0,3640000000.0,,,2.2203929521027295,book_equity_over_market_equity,0.2077213586998878,net_income_over_market_equity,2.2203929521027295,0.2077213586998878,True,True,B_price_times_shares,
6989,"HOKURIKU ELECTRIC INDUSTRY CO.,LTD.",Electric Appliances,19124531789.0,close_times_edinet_shares_outstanding,22713000000.0,2194000000.0,,,1.1876369184140763,book_equity_over_market_equity,0.11472176282307416,net_income_over_market_equity,1.1876369184140763,0.11472176282307416,True,True,B_price_times_shares,
6633,CGS HOLDINGS INC.,Electric Appliances,3230582517.0,close_times_edinet_shares_outstanding,3510660000.0,315977000.0,,,1.0866956598465365,book_equity_over_market_equity,0.09780805732008485,net_income_over_market_equity,1.0866956598465365,0.09780805732008485,True,True,B_price_times_shares,
6484,KVK CORPORATION,Machinery,18785434938.0,close_times_edinet_shares_outstanding,28325666000.0,2110780000.0,,,1.5078525513775358,book_equity_over_market_equity,0.11236258340392331,net_income_over_market_equity,1.5078525513775358,0.11236258340392331,True,True,B_price_times_shares,
7991,"MAMIYA-OP CO.,LTD",Machinery,11024823600.0,close_times_edinet_shares_outstanding,25120683000.0,4746929000.0,,,2.2785564569033103,book_equity_over_market_equity,0.4305673425922207,net_income_over_market_equity,2.2785564569033103,0.4305673425922207,True,True,B_price_times_shares,
6286,SEIKO CORPORATION,Machinery,9365873350.0,close_times_edinet_shares_outstanding,15948952000.0,1045444000.0,,,1.7028793155739181,book_equity_over_market_equity,0.1116226923995294,net_income_over_market_equity,1.7028793155739181,0.1116226923995294,True,True,B_price_times_shares,
6345,AICHI CORPORATION,Machinery,100357894600.0,close_times_edinet_shares_outstanding,84023570000.0,6804406000.0,,,0.8372392658783417,book_equity_over_market_equity,0.06780140244193604,net_income_over_market_equity,0.8372392658783417,0.06780140244193604,True,True,B_price_times_shares,
6750,"ELECOM CO.,LTD.",Electric Appliances,129883971420.0,close_times_edinet_shares_outstanding,82692000000.0,9300000000.0,,,0.636660544761159,book_equity_over_market_equity,0.07160236862427778,net_income_over_market_equity,0.636660544761159,0.07160236862427778,True,True,B_price_times_shares,
6436,Amano Corporation,Machinery,254469659886.0,close_times_edinet_shares_outstanding,136563000000.0,18006000000.0,,,0.5366572976172441,book_equity_over_market_equity,0.07075892665580061,net_income_over_market_equity,0.5366572976172441,0.07075892665580061,True,True,B_price_times_shares,
4441,Tobila Systems Inc.,Information & Communication,11596292400.0,close_times_edinet_shares_outstanding,2595254000.0,625676000.0,,,0.22380032431745167,book_equity_over_market_equity,0.053954831287282824,net_income_over_market_equity,0.22380032431745167,0.053954831287282824,True,True,B_price_times_shares,
2433,HAKUHODO DY HOLDINGS INCORPORATED,Services,415329235398.0,close_times_edinet_shares_outstanding,413682000000.0,12515000000.0,,,0.9960339045325777,book_equity_over_market_equity,0.030132721064066625,net_income_over_market_equity,0.9960339045325777,0.030132721064066625,True,True,B_price_times_shares,
6820,ICOM INCORPORATED,Electric Appliances,42612275600.0,close_times_edinet_shares_outstanding,67359000000.0,2951000000.0,,,1.5807416771706038,book_equity_over_market_equity,0.0692523447398336,net_income_over_market_equity,1.5807416771706038,0.0692523447398336,True,True,B_price_times_shares,
6915,"CHIYODA INTEGRE CO.,LTD.",Electric Appliances,28178417610.0,close_times_edinet_shares_outstanding,40284000000.0,6740000000.0,,,1.429604761968747,book_equity_over_market_equity,0.23919015231033053,net_income_over_market_equity,1.429604761968747,0.23919015231033053,True,True,B_price_times_shares,
6291,"AIRTECH JAPAN,LTD.",Machinery,12494637720.0,close_times_edinet_shares_outstanding,14771504000.0,1131475000.0,,,1.1822274747794768,book_equity_over_market_equity,0.09055684729368849,net_income_over_market_equity,1.1822274747794768,0.09055684729368849,True,True,B_price_times_shares,
9104,"Mitsui O.S.K.Lines,Ltd.",Marine Transportation,1849591332864.0,raw_market_cap,2724218000000.0,426470000000.0,0.6437368,8.702468,1.4728756301975552,book_equity_over_market_equity,0.2305752586651844,net_income_over_market_equity,1.4728756301975552,0.2305752586651844,True,True,A_raw_market_cap,
6322,TACMINA CORPORATION,Machinery,10797006240.0,close_times_edinet_shares_outstanding,10298078000.0,1217452000.0,,,0.9537901313651551,book_equity_over_market_equity,0.11275829363603294,net_income_over_market_equity,0.9537901313651551,0.11275829363603294,True,True,B_price_times_shares,
6597,HPC SYSTEMS Inc.,Electric Appliances,21163980000.0,close_times_edinet_shares_outstanding,2607314000.0,455636000.0,,,0.1231958261158818,book_equity_over_market_equity,0.02152884287359939,net_income_over_market_equity,0.1231958261158818,0.02152884287359939,True,True,B_price_times_shares,
6599,"EBRAINS,INC.",Electric Appliances,5160780000.0,close_times_edinet_shares_outstanding,4786041000.0,313410000.0,,,0.9273871391533838,book_equity_over_market_equity,0.060729192098868776,net_income_over_market_equity,0.9273871391533838,0.060729192098868776,True,True,B_price_times_shares,
6463,"TPR CO.,LTD.",Machinery,45855613323.0,close_times_edinet_shares_outstanding,198635000000.0,11516000000.0,,,4.331748843938584,book_equity_over_market_equity,0.25113610233240236,net_income_over_market_equity,4.331748843938584,0.25113610233240236,True,True,B_price_times_shares,
1911,"Sumitomo Forestry Co.,Ltd.",Construction,788843921408.0,raw_market_cap,1136786000000.0,138318000000.0,0.6350615,7.3928285,1.4410784809889408,book_equity_over_market_equity,0.1753426707695453,net_income_over_market_equity,1.4410784809889408,0.1753426707695453,True,True,A_raw_market_cap,
6489,"Maezawa Industries,Inc.",Machinery,31093526412.0,close_times_edinet_shares_outstanding,29919000000.0,3077000000.0,,,0.962226014623201,book_equity_over_market_equity,0.09895950556487816,net_income_over_market_equity,0.962226014623201,0.09895950556487816,True,True,B_price_times_shares,
6328,"EBARA JITSUGYO CO.,LTD.",Machinery,57213133200.0,close_times_edinet_shares_outstanding,27941000000.0,4384000000.0,,,0.48836689125775756,book_equity_over_market_equity,0.07662576326094303,net_income_over_market_equity,0.48836689125775756,0.07662576326094303,True,True,B_price_times_shares,
2344,"HEIAN CEREMONY SERVICE CO.,LTD.",Services,17890462235.0,close_times_edinet_shares_outstanding,21648063000.0,1362443000.0,,,1.2100337439939823,book_equity_over_market_equity,0.07615471205291639,net_income_over_market_equity,1.2100337439939823,0.07615471205291639,True,True,B_price_times_shares,
7201,"NISSAN MOTOR CO.,LTD.",Transportation Equipment,1312541900800.0,raw_market_cap,5445348000000.0,-670898000000.0,0.27350432,,4.148704126459534,book_equity_over_market_equity,,missing,4.148704126459534,,True,False,A_raw_market_cap,net_income_nonpositive_or_missing
7723,"Aichi Tokei Denki Co.,Ltd.",Precision Instruments,44624342400.0,close_times_edinet_shares_outstanding,46789000000.0,3666000000.0,,,1.0485084481603475,book_equity_over_market_equity,0.08215247111406172,net_income_over_market_equity,1.0485084481603475,0.08215247111406172,True,True,B_price_times_shares,
1925,"DAIWA HOUSE INDUSTRY CO.,LTD.",Construction,2610547916800.0,raw_market_cap,2716745000000.0,329877000000.0,0.9012018,7.44108,1.040679997680401,book_equity_over_market_equity,0.12636312778520534,net_income_over_market_equity,1.040679997680401,0.12636312778520534,True,True,A_raw_market_cap,
6486,"EAGLE INDUSTRY CO.,LTD.",Machinery,130850362209.0,close_times_edinet_shares_outstanding,122519000000.0,10927000000.0,,,0.9363290856184809,book_equity_over_market_equity,0.08350760223763776,net_income_over_market_equity,0.9363290856184809,0.08350760223763776,True,True,B_price_times_shares,
5803,Fujikura Ltd.,Nonferrous Metals,7743518277632.0,raw_market_cap,435329000000.0,94470000000.0,13.818716,49.26269,0.0562185022869379,book_equity_over_market_equity,0.012199880805200259,net_income_over_market_equity,0.09741440959758958,0.012199880805200259,True,True,A_raw_market_cap,
6737,EIZO Corporation,Electric Appliances,107012672000.0,close_times_edinet_shares_outstanding,124355000000.0,4148000000.0,,,1.1620586391862078,book_equity_over_market_equity,0.03876176458802935,net_income_over_market_equity,1.1620586391862078,0.03876176458802935,True,True,B_price_times_shares,
6146,DISCO CORPORATION,Machinery,6915538550784.0,raw_market_cap,492703000000.0,124075000000.0,11.765982,51.01902,0.07124578894063764,book_equity_over_market_equity,0.017941480491918287,net_income_over_market_equity,0.09741440959758958,0.017941480491918287,True,True,A_raw_market_cap,
4464,SOFT99corporation,Chemicals,77790364360.0,close_times_edinet_shares_outstanding,56572830000.0,2913761000.0,,,0.7272472685458958,book_equity_over_market_equity,0.0374565799244188,net_income_over_market_equity,0.7272472685458958,0.0374565799244188,True,True,B_price_times_shares,
6951,JEOL Ltd.,Electric Appliances,367651502600.0,close_times_edinet_shares_outstanding,136653000000.0,18688000000.0,,,0.37169166733605513,book_equity_over_market_equity,0.050830745605118056,net_income_over_market_equity,0.37169166733605513,0.050830745605118056,True,True,B_price_times_shares,
6976,"TAIYO YUDEN CO.,LTD.",Electric Appliances,2008312315904.0,raw_market_cap,319171000000.0,2328000000.0,5.8311157,148.49745,0.15892498266950666,book_equity_over_market_equity,0.0011591822554511892,net_income_over_market_equity,0.15892498266950666,0.006806227117135984,True,True,A_raw_market_cap,
6718,"AIPHONE CO.,LTD.",Electric Appliances,43894148400.0,close_times_edinet_shares_outstanding,66763000000.0,3619000000.0,,,1.5210000064609979,book_equity_over_market_equity,0.08244834748861422,net_income_over_market_equity,1.5210000064609979,0.08244834748861422,True,True,B_price_times_shares,
7409,"AeroEdge Co.,Ltd",Transportation Equipment,11893904580.0,close_times_edinet_shares_outstanding,3890227000.0,734432000.0,,,0.3270773675569541,book_equity_over_market_equity,0.061748603670065766,net_income_over_market_equity,0.3270773675569541,0.061748603670065766,True,True,B_price_times_shares,
6157,"NS TOOL CO.,LTD.",Machinery,21081418164.0,close_times_edinet_shares_outstanding,18415890000.0,1264700000.0,,,0.8735603011493871,book_equity_over_market_equity,0.059991220237720244,net_income_over_market_equity,0.8735603011493871,0.059991220237720244,True,True,B_price_times_shares,
2181,"PERSOL HOLDINGS CO.,LTD.",Services,551450650260.0,close_times_edinet_shares_outstanding,130578000000.0,40628000000.0,,,0.23679000095191582,book_equity_over_market_equity,0.07367477031869409,net_income_over_market_equity,0.23679000095191582,0.07367477031869409,True,True,B_price_times_shares,
6874,KYORITSU ELECTRIC CORPORATION,Electric Appliances,22661370000.0,close_times_edinet_shares_outstanding,21009413000.0,2230963000.0,,,0.9271025096893966,book_equity_over_market_equity,0.0984478431798254,net_income_over_market_equity,0.9271025096893966,0.0984478431798254,True,True,B_price_times_shares,
3433,"TOCALO Co.,Ltd.",Metal Products,189662726000.0,close_times_edinet_shares_outstanding,65731000000.0,8638000000.0,,,0.3465678332599733,book_equity_over_market_equity,0.04554400425521671,net_income_over_market_equity,0.3465678332599733,0.04554400425521671,True,True,B_price_times_shares,
6382,TRINITY INDUSTRIAL CORPORATION,Machinery,20780223000.0,close_times_edinet_shares_outstanding,32879777000.0,3558993000.0,,,1.5822629526160523,book_equity_over_market_equity,0.17126827753484647,net_income_over_market_equity,1.5822629526160523,0.17126827753484647,True,True,B_price_times_shares,
7715,"NAGANO KEIKI CO.,LTD.",Precision Instruments,65010527920.0,close_times_edinet_shares_outstanding,44655889000.0,6135321000.0,,,0.6869024207117991,book_equity_over_market_equity,0.09437426823467641,net_income_over_market_equity,0.6869024207117991,0.09437426823467641,True,True,B_price_times_shares,
3891,NIPPON KODOSHI CORPORATION,Pulp and Paper,84592693460.0,close_times_edinet_shares_outstanding,23903335000.0,1781054000.0,,,0.2825697353082012,book_equity_over_market_equity,0.021054466138286265,net_income_over_market_equity,0.2825697353082012,0.021054466138286265,True,True,B_price_times_shares,
6590,SHIBAURA MECHATRONICS CORPORATION,Electric Appliances,341322792960.0,raw_market_cap,47317000000.0,10328000000.0,6.139583,30.512852,0.13862830427953615,book_equity_over_market_equity,0.030258746890103966,net_income_over_market_equity,0.13862830427953615,0.030258746890103966,True,True,A_raw_market_cap,
7965,Zojirushi Corporation,Electric Appliances,90201240800.0,close_times_edinet_shares_outstanding,89589000000.0,6098000000.0,,,0.9932125013517552,book_equity_over_market_equity,0.06760439153515502,net_income_over_market_equity,0.9932125013517552,0.06760439153515502,True,True,B_price_times_shares,
6393,"YUKEN KOGYO CO.,LTD.",Machinery,10815654528.0,close_times_edinet_shares_outstanding,27519637000.0,1510696000.0,,,2.5444264079215975,book_equity_over_market_equity,0.13967679867076466,net_income_over_market_equity,2.5444264079215975,0.13967679867076466,True,True,B_price_times_shares,
6309,"TOMOE ENGINEERING CO.,LTD.(TOMOE KOGYO CO.,LTD.)",Machinery,49541928500.0,close_times_edinet_shares_outstanding,42737093000.0,3851323000.0,,,0.8626449210591388,book_equity_over_market_equity,0.07773865726684419,net_income_over_market_equity,0.8626449210591388,0.07773865726684419,True,True,B_price_times_shares,
3712,"Information Planning CO.,LTD.",Information & Communication,2867700000.0,close_times_edinet_shares_outstanding,7856126000.0,1077526000.0,,,2.7395215678069533,book_equity_over_market_equity,0.3757457195662029,net_income_over_market_equity,2.7395215678069533,0.3757457195662029,True,True,B_price_times_shares,
5821,HIRAKAWA HEWTECH CORP.,Nonferrous Metals,54292814500.0,close_times_edinet_shares_outstanding,38719000000.0,2026000000.0,,,0.7131514613227502,book_equity_over_market_equity,0.03731617192179271,net_income_over_market_equity,0.7131514613227502,0.03731617192179271,True,True,B_price_times_shares,
9537,"HOKURIKU GAS CO.,LTD.",Electric Power and Gas,20445418500.0,close_times_edinet_shares_outstanding,52151376000.0,2019100000.0,,,2.550760993226918,book_equity_over_market_equity,0.09875562097200408,net_income_over_market_equity,2.550760993226918,0.09875562097200408,True,True,B_price_times_shares,
6798,SMK Corporation,Electric Appliances,22217888000.0,close_times_edinet_shares_outstanding,29221000000.0,-1884000000.0,,,1.315201516903857,book_equity_over_market_equity,,missing,1.315201516903857,,True,False,B_price_times_shares,net_income_nonpositive_or_missing
6333,TEIKOKU CORPORATION,Machinery,47369261576.0,close_times_edinet_shares_outstanding,33504715000.0,4132078000.0,,,0.7073092103461335,book_equity_over_market_equity,0.08723120991384736,net_income_over_market_equity,0.7073092103461335,0.08723120991384736,True,True,B_price_times_shares,
6856,"HORIBA,Ltd.",Electric Appliances,1117526163456.0,raw_market_cap,348640000000.0,37111000000.0,3.2420392,30.237078,0.3119747988018599,book_equity_over_market_equity,0.03320817105993524,net_income_over_market_equity,0.3119747988018599,0.03320817105993524,True,True,A_raw_market_cap,
5711,Mitsubishi Materials Corporation,Nonferrous Metals,665017516032.0,raw_market_cap,693276000000.0,40357000000.0,0.90342516,16.377562,1.0424928415970327,book_equity_over_market_equity,0.06068561959209817,net_income_over_market_equity,1.0424928415970327,0.06068561959209817,True,True,A_raw_market_cap,
4004,Resonac Holdings Corporation,Chemicals,3335526285312.0,raw_market_cap,458405000000.0,1770000000.0,4.6980095,114.47916,0.13743108606836282,book_equity_over_market_equity,0.0005306508924226442,net_income_over_market_equity,0.13743108606836282,0.006806227117135984,True,True,A_raw_market_cap,
9672,"TOKYOTOKEIBA CO.,LTD.",Services,121984534990.0,close_times_edinet_shares_outstanding,94902960000.0,10488923000.0,,,0.7779917348357308,book_equity_over_market_equity,0.08598567843751552,net_income_over_market_equity,0.7779917348357308,0.08598567843751552,True,True,B_price_times_shares,
6272,"RHEON AUTOMATIC MACHINERY CO.,LTD.",Machinery,38510213400.0,close_times_edinet_shares_outstanding,38715134000.0,3889835000.0,,,1.00532120136213,book_equity_over_market_equity,0.1010078796395348,net_income_over_market_equity,1.00532120136213,0.1010078796395348,True,True,B_price_times_shares,
6360,"TOKYO AUTOMATIC MACHINERY WORKS,LTD.",Machinery,5921653500.0,close_times_edinet_shares_outstanding,9439525000.0,1222328000.0,,,1.5940691227543118,book_equity_over_market_equity,0.20641667061404387,net_income_over_market_equity,1.5940691227543118,0.20641667061404387,True,True,B_price_times_shares,
6841,YOKOGAWA ELECTRIC CORPORATION,Electric Appliances,1292748193792.0,raw_market_cap,475721000000.0,55206000000.0,2.4865363,22.262661,0.36799200515962377,book_equity_over_market_equity,0.04270437217789879,net_income_over_market_equity,0.36799200515962377,0.04270437217789879,True,True,A_raw_market_cap,
9532,"OSAKA GAS CO.,LTD.",Electric Power and Gas,2043935195136.0,raw_market_cap,1739291000000.0,135054000000.0,1.1349642,13.645075,0.8509521261432511,book_equity_over_market_equity,0.0660754804366553,net_income_over_market_equity,0.8509521261432511,0.0660754804366553,True,True,A_raw_market_cap,
4976,"TOYO DRILUBE CO.,LTD.",Chemicals,1742515600.0,close_times_edinet_shares_outstanding,10372294000.0,707292000.0,,,5.952482720958137,book_equity_over_market_equity,0.4059028223334127,net_income_over_market_equity,4.561669803968577,0.4059028223334127,True,True,B_price_times_shares,
4658,"Nippon Air Conditioning Services Co.,Ltd.",Services,54770443200.0,close_times_edinet_shares_outstanding,26124000000.0,3110000000.0,,,0.4769725872877362,book_equity_over_market_equity,0.056782450867587646,net_income_over_market_equity,0.4769725872877362,0.056782450867587646,True,True,B_price_times_shares,
7734,"RIKEN KEIKI CO.,LTD.",Precision Instruments,165608653000.0,close_times_edinet_shares_outstanding,77504296000.0,8007557000.0,,,0.46799665715534805,book_equity_over_market_equity,0.04835228627818137,net_income_over_market_equity,0.46799665715534805,0.04835228627818137,True,True,B_price_times_shares,
3103,UNITIKA LTD.,Textiles and Apparels,75641847808.0,raw_market_cap,16233000000.0,-28927000000.0,1.406405,4.232258,0.21460343011719993,book_equity_over_market_equity,,missing,0.21460343011719993,,True,False,A_raw_market_cap,net_income_nonpositive_or_missing
6458,SINKO INDUSTRIES LTD.,Machinery,86073397025.0,close_times_edinet_shares_outstanding,64280000000.0,8119000000.0,,,0.7468044973446312,book_equity_over_market_equity,0.09432647345894618,net_income_over_market_equity,0.7468044973446312,0.09432647345894618,True,True,B_price_times_shares,
6229,OKUMURA ENGINEERING corp.,Machinery,7016057200.0,close_times_edinet_shares_outstanding,10312567000.0,553410000.0,,,1.4698521842153738,book_equity_over_market_equity,0.0788776351481285,net_income_over_market_equity,1.4698521842153738,0.0788776351481285,True,True,B_price_times_shares,
5869,"WASEDA GAKUSHUKENKYUKAI CO.,LTD.",Services,12361709250.0,close_times_edinet_shares_outstanding,7014190000.0,1038819000.0,,,0.5674126334916023,book_equity_over_market_equity,0.08403522352703774,net_income_over_market_equity,0.5674126334916023,0.08403522352703774,True,True,B_price_times_shares,
6357,"Sansei Technologies,Inc.",Machinery,48795403770.0,close_times_edinet_shares_outstanding,45323658000.0,2995460000.0,,,0.9288509674729964,book_equity_over_market_equity,0.0613881588954418,net_income_over_market_equity,0.9288509674729964,0.0613881588954418,True,True,B_price_times_shares,
6810,"Maxell,Ltd.",Electric Appliances,84988361000.0,close_times_edinet_shares_outstanding,94171000000.0,8323000000.0,,,1.1080458417123729,book_equity_over_market_equity,0.09793105670081106,net_income_over_market_equity,1.1080458417123729,0.09793105670081106,True,True,B_price_times_shares,
6037,"RAKUMACHI,INC.",Services,20079181200.0,close_times_edinet_shares_outstanding,5989342000.0,1170354000.0,,,0.2982861671670158,book_equity_over_market_equity,0.058286938513209895,net_income_over_market_equity,0.2982861671670158,0.058286938513209895,True,True,B_price_times_shares,
6277,HOSOKAWA MICRON CORPORATION,Machinery,76926543120.0,close_times_edinet_shares_outstanding,67219000000.0,4527000000.0,,,0.8738076257390519,book_equity_over_market_equity,0.058848348260472305,net_income_over_market_equity,0.8738076257390519,0.058848348260472305,True,True,B_price_times_shares,
7781,"HIRAYAMA HOLDINGS Co.,Ltd.",Precision Instruments,10759834800.0,close_times_edinet_shares_outstanding,5006720000.0,861135000.0,,,0.4653156942521088,book_equity_over_market_equity,0.08003236257865223,net_income_over_market_equity,0.4653156942521088,0.08003236257865223,True,True,B_price_times_shares,
6418,"JAPAN CASH MACHINE CO.,LTD.",Machinery,25907382462.0,close_times_edinet_shares_outstanding,32031025000.0,3810465000.0,,,1.2363667015369821,book_equity_over_market_equity,0.14708027743015145,net_income_over_market_equity,1.2363667015369821,0.14708027743015145,True,True,B_price_times_shares,
6336,"ISHII HYOKI CO.,LTD.",Machinery,10064693520.0,close_times_edinet_shares_outstanding,10644000000.0,890000000.0,,,1.0575582832054284,book_equity_over_market_equity,0.08842792860323481,net_income_over_market_equity,1.0575582832054284,0.08842792860323481,True,True,B_price_times_shares,
3763,Pro-Ship Incorporated,Information & Communication,20324028000.0,close_times_edinet_shares_outstanding,12437906000.0,1930537000.0,,,0.6119803613732475,book_equity_over_market_equity,0.09498791282909076,net_income_over_market_equity,0.6119803613732475,0.09498791282909076,True,True,B_price_times_shares,
6381,ANEST IWATA Corporation,Machinery,62907087845.0,close_times_edinet_shares_outstanding,53561000000.0,5437000000.0,,,0.8514302892540773,book_equity_over_market_equity,0.08642905253214873,net_income_over_market_equity,0.8514302892540773,0.08642905253214873,True,True,B_price_times_shares,
9531,"TOKYO GAS CO.,LTD.",Electric Power and Gas,2058862723072.0,raw_market_cap,1801470000000.0,178174000000.0,1.1976973,9.433386,0.874983057302651,book_equity_over_market_equity,0.08654000968755658,net_income_over_market_equity,0.874983057302651,0.08654000968755658,True,True,A_raw_market_cap,
6875,MegaChips Corporation,Electric Appliances,211330314000.0,close_times_edinet_shares_outstanding,118241401000.0,6052850000.0,,,0.5595098912312221,book_equity_over_market_equity,0.02864165526200846,net_income_over_market_equity,0.5595098912312221,0.02864165526200846,True,True,B_price_times_shares,
4450,"Power Solutions,Ltd.",Information & Communication,6025577250.0,close_times_edinet_shares_outstanding,3802344000.0,429970000.0,,,0.6310339810181672,book_equity_over_market_equity,0.07135747865484589,net_income_over_market_equity,0.6310339810181672,0.07135747865484589,True,True,B_price_times_shares,
6430,"DAIKOKU DENKI CO.,LTD.",Machinery,30849726720.0,close_times_edinet_shares_outstanding,45287432000.0,7727472000.0,,,1.4680010753754904,book_equity_over_market_equity,0.25048753495084447,net_income_over_market_equity,1.4680010753754904,0.25048753495084447,True,True,B_price_times_shares,
3407,ASAHI KASEI CORPORATION,Chemicals,2398186373120.0,raw_market_cap,1913944000000.0,140404000000.0,1.1483054,15.104655,0.7980797578755279,book_equity_over_market_equity,0.05854590851391452,net_income_over_market_equity,0.7980797578755279,0.05854590851391452,True,True,A_raw_market_cap,
6013,"TAKUMA CO.,LTD.",Machinery,255212406000.0,close_times_edinet_shares_outstanding,109563000000.0,10594000000.0,,,0.4293012307560002,book_equity_over_market_equity,0.0415105212400999,net_income_over_market_equity,0.4293012307560002,0.0415105212400999,True,True,B_price_times_shares,
6340,SHIBUYA CORPORATION,Machinery,112187158735.0,close_times_edinet_shares_outstanding,107930000000.0,10053000000.0,,,0.9620530657607976,book_equity_over_market_equity,0.08960918623268135,net_income_over_market_equity,0.9620530657607976,0.08960918623268135,True,True,B_price_times_shares,
6932,ENDO Lighting Corporation,Electric Appliances,37797573318.0,close_times_edinet_shares_outstanding,44052000000.0,4799000000.0,,,1.1654716462715746,book_equity_over_market_equity,0.12696582290150926,net_income_over_market_equity,1.1654716462715746,0.12696582290150926,True,True,B_price_times_shares,
6832,"AOI ELECTRONICS CO.,LTD.",Electric Appliances,32017941000.0,close_times_edinet_shares_outstanding,42915559000.0,178045000.0,,,1.340359737685818,book_equity_over_market_equity,0.00556078855913939,net_income_over_market_equity,1.340359737685818,0.006806227117135984,True,True,B_price_times_shares,
6118,"AIDA ENGINEERING,LTD.",Machinery,63292593100.0,close_times_edinet_shares_outstanding,83637000000.0,5101000000.0,,,1.3214342453603785,book_equity_over_market_equity,0.0805939486780168,net_income_over_market_equity,1.3214342453603785,0.0805939486780168,True,True,B_price_times_shares,
9436,OKINAWA CELLULAR TELEPHONE COMPANY,Information & Communication,169522135200.0,close_times_edinet_shares_outstanding,99193000000.0,12668000000.0,,,0.5851330263329529,book_equity_over_market_equity,0.07472770434996268,net_income_over_market_equity,0.5851330263329529,0.07472770434996268,True,True,B_price_times_shares,
6412,Heiwa Corporation,Machinery,193309429600.0,close_times_edinet_shares_outstanding,244315000000.0,13064000000.0,,,1.2638545388372509,book_equity_over_market_equity,0.06758076947944189,net_income_over_market_equity,1.2638545388372509,0.06758076947944189,True,True,B_price_times_shares,
6804,Hosiden Corporation,Electric Appliances,137549680152.0,close_times_edinet_shares_outstanding,140317000000.0,10037000000.0,,,1.0201186934418311,book_equity_over_market_equity,0.07296999883175707,net_income_over_market_equity,1.0201186934418311,0.07296999883175707,True,True,B_price_times_shares,
3444,"KIKUCHI SEISAKUSHO CO.,LTD.",Metal Products,13045860000.0,close_times_edinet_shares_outstanding,5404137000.0,711257000.0,,,0.4142415294967139,book_equity_over_market_equity,0.05451974802734354,net_income_over_market_equity,0.4142415294967139,0.05451974802734354,True,True,B_price_times_shares,
7276,"KOITO MANUFACTURING CO.,LTD.",Electric Appliances,772641915556.0,close_times_edinet_shares_outstanding,679865000000.0,50865000000.0,,,0.8799224923110249,book_equity_over_market_equity,0.06583256612915842,net_income_over_market_equity,0.8799224923110249,0.06583256612915842,True,True,B_price_times_shares,
6420,GALILEI CO.LTD.,Machinery,133813826800.0,close_times_edinet_shares_outstanding,103206000000.0,12085000000.0,,,0.7712655894241267,book_equity_over_market_equity,0.09031204240248213,net_income_over_market_equity,0.7712655894241267,0.09031204240248213,True,True,B_price_times_shares,
6768,TAMURA CORPORATION,Electric Appliances,89377444878.0,close_times_edinet_shares_outstanding,64034000000.0,2782000000.0,,,0.7164447371191497,book_equity_over_market_equity,0.03112642125535613,net_income_over_market_equity,0.7164447371191497,0.03112642125535613,True,True,B_price_times_shares,
6459,DAIWA INDUSTRIES LTD.,Machinery,85003628430.0,close_times_edinet_shares_outstanding,70549667000.0,5076080000.0,,,0.8299606534807775,book_equity_over_market_equity,0.05971603911214358,net_income_over_market_equity,0.8299606534807775,0.05971603911214358,True,True,B_price_times_shares,
4062,"IBIDEN CO.,LTD.",Electric Appliances,6086156353536.0,raw_market_cap,497298000000.0,45212000000.0,11.064334,101.89341,0.08170969838970281,book_equity_over_market_equity,0.007428662258032896,net_income_over_market_equity,0.09741440959758958,0.007428662258032896,True,True,A_raw_market_cap,
5945,"Tenryu Saw Mfg.Co.,Ltd.",Metal Products,22883941146.0,close_times_edinet_shares_outstanding,36767724000.0,1677936000.0,,,1.6067041846254186,book_equity_over_market_equity,0.07332373341177269,net_income_over_market_equity,1.6067041846254186,0.07332373341177269,True,True,B_price_times_shares,
6482,Yushin Company,Machinery,22496782026.0,close_times_edinet_shares_outstanding,35498910000.0,2070025000.0,,,1.577955014142608,book_equity_over_market_equity,0.092014271090311,net_income_over_market_equity,1.577955014142608,0.092014271090311,True,True,B_price_times_shares,
9449,"GMO internet group,Inc.",Information & Communication,336016602900.0,close_times_edinet_shares_outstanding,217404000000.0,26167000000.0,,,0.64700374363555,book_equity_over_market_equity,0.07787412816558774,net_income_over_market_equity,0.64700374363555,0.07787412816558774,True,True,B_price_times_shares,
6474,NACHI-FUJIKOSHI CORP.,Machinery,126766903680.0,close_times_edinet_shares_outstanding,174250000000.0,8910000000.0,,,1.3745701357498046,book_equity_over_market_equity,0.07028648441624538,net_income_over_market_equity,1.3745701357498046,0.07028648441624538,True,True,B_price_times_shares,
6016,Japan Engine Corporation,Transportation Equipment,70256244000.0,close_times_edinet_shares_outstanding,13880775000.0,4326113000.0,,,0.19757354236016375,book_equity_over_market_equity,0.061576206664278835,net_income_over_market_equity,0.19757354236016375,0.061576206664278835,True,True,B_price_times_shares,
5208,"Arisawa Mfg.Co.,Ltd.",Chemicals,77824726788.0,close_times_edinet_shares_outstanding,48559180000.0,3969679000.0,,,0.6239556758391019,book_equity_over_market_equity,0.051007940070431385,net_income_over_market_equity,0.6239556758391019,0.051007940070431385,True,True,B_price_times_shares,
7979,SHOFU INC.,Precision Instruments,64621315404.0,close_times_edinet_shares_outstanding,42736000000.0,4335000000.0,,,0.6613297753662668,book_equity_over_market_equity,0.06708312842130211,net_income_over_market_equity,0.6613297753662668,0.06708312842130211,True,True,B_price_times_shares,
3969,ATLED CORP.,Information & Communication,10070418500.0,close_times_edinet_shares_outstanding,5137068000.0,728342000.0,,,0.510114649157828,book_equity_over_market_equity,0.07232489891060635,net_income_over_market_equity,0.510114649157828,0.07232489891060635,True,True,B_price_times_shares,
6432,"TAKEUCHI MFG.CO.,LTD.",Machinery,307795250000.0,close_times_edinet_shares_outstanding,186935000000.0,28270000000.0,,,0.6073355582972771,book_equity_over_market_equity,0.09184677151450518,net_income_over_market_equity,0.6073355582972771,0.09184677151450518,True,True,B_price_times_shares,
6652,IDEC CORPORATION,Electric Appliances,97172466075.0,close_times_edinet_shares_outstanding,63810000000.0,4356000000.0,,,0.6566674962303616,book_equity_over_market_equity,0.04482751314181876,net_income_over_market_equity,0.6566674962303616,0.04482751314181876,True,True,B_price_times_shares,
6104,"SHIBAURA MACHINE CO.,LTD.",Machinery,95115201650.0,close_times_edinet_shares_outstanding,117171000000.0,12597000000.0,,,1.231885103194753,book_equity_over_market_equity,0.13243939750402664,net_income_over_market_equity,1.231885103194753,0.13243939750402664,True,True,B_price_times_shares,
6497,HAMAI INDUSTRIES LTD,Machinery,8683337180.0,close_times_edinet_shares_outstanding,17096976000.0,969459000.0,,,1.9689407016669598,book_equity_over_market_equity,0.11164590063747819,net_income_over_market_equity,1.9689407016669598,0.11164590063747819,True,True,B_price_times_shares,
4047,"KANTO DENKA KOGYO CO.,LTD.",Chemicals,203633013000.0,close_times_edinet_shares_outstanding,67622000000.0,3406000000.0,,,0.33207778544238303,book_equity_over_market_equity,0.01672616806981096,net_income_over_market_equity,0.33207778544238303,0.01672616806981096,True,True,B_price_times_shares,
6039,"Japan Animal Referral Medical Center Co.,Ltd.",Services,2550412800.0,close_times_edinet_shares_outstanding,4148527000.0,520982000.0,,,1.6266100138769692,book_equity_over_market_equity,0.20427359837591783,net_income_over_market_equity,1.6266100138769692,0.20427359837591783,True,True,B_price_times_shares,
7318,"SERENDIP HOLDINGS Co.,Ltd.",Transportation Equipment,10274957875.0,close_times_edinet_shares_outstanding,8132027000.0,2089642000.0,,,0.7914413955687385,book_equity_over_market_equity,0.20337231796193617,net_income_over_market_equity,0.7914413955687385,0.20337231796193617,True,True,B_price_times_shares,
6230,SANEI LTD.,Machinery,10140048500.0,close_times_edinet_shares_outstanding,14689176000.0,1293897000.0,,,1.4486297575401144,book_equity_over_market_equity,0.1276026441096411,net_income_over_market_equity,1.4486297575401144,0.1276026441096411,True,True,B_price_times_shares,
6840,"AKIBA Holdings Co.,Ltd.",Electric Appliances,9322429900.0,close_times_edinet_shares_outstanding,3978033000.0,183056000.0,,,0.4267163221039613,book_equity_over_market_equity,0.019636082219293492,net_income_over_market_equity,0.4267163221039613,0.019636082219293492,True,True,B_price_times_shares,
4626,"TAIYO HOLDINGS CO.,LTD.",Chemicals,277328418975.0,close_times_edinet_shares_outstanding,102978000000.0,10780000000.0,,,0.3713214836784651,book_equity_over_market_equity,0.03887088110134062,net_income_over_market_equity,0.3713214836784651,0.03887088110134062,True,True,B_price_times_shares,
7877,"EIDAI KAKO CO.,LTD.",Chemicals,2594196000.0,close_times_edinet_shares_outstanding,7204023000.0,185232000.0,,,2.7769771443638027,book_equity_over_market_equity,0.07140246920433152,net_income_over_market_equity,2.7769771443638027,0.07140246920433152,True,True,B_price_times_shares,
3912,"Mobile Factory,Inc.",Information & Communication,7850804500.0,close_times_edinet_shares_outstanding,4131328000.0,488458000.0,,,0.526229891471632,book_equity_over_market_equity,0.06221757273410642,net_income_over_market_equity,0.526229891471632,0.06221757273410642,True,True,B_price_times_shares,
6952,"CASIO COMPUTER CO.,LTD.",Electric Appliances,404490420224.0,raw_market_cap,218927000000.0,12084000000.0,1.7329503,22.490313,0.5412414956051664,book_equity_over_market_equity,0.0298746259387505,net_income_over_market_equity,0.5412414956051664,0.0298746259387505,True,True,A_raw_market_cap,
4204,"Sekisui Chemical Co.,Ltd.",Chemicals,928523747328.0,raw_market_cap,835366000000.0,84106000000.0,1.090859,12.596528,0.8996711203175161,book_equity_over_market_equity,0.09058034352059458,net_income_over_market_equity,0.8996711203175161,0.09058034352059458,True,True,A_raw_market_cap,
5589,"AUTOSERVER CO.,LTD.",Information & Communication,20111009600.0,close_times_edinet_shares_outstanding,13032070000.0,1498112000.0,,,0.648006751486012,book_equity_over_market_equity,0.07449213290614709,net_income_over_market_equity,0.648006751486012,0.07449213290614709,True,True,B_price_times_shares,
6862,MINATO HOLDINGS INC.,Electric Appliances,16115910450.0,close_times_edinet_shares_outstanding,5910195000.0,373955000.0,,,0.366730444323113,book_equity_over_market_equity,0.023204087734304827,net_income_over_market_equity,0.366730444323113,0.023204087734304827,True,True,B_price_times_shares,
4746,"Toukei Computer Co.,Ltd.",Information & Communication,76911600000.0,close_times_edinet_shares_outstanding,50516514000.0,5374191000.0,,,0.6568126784516249,book_equity_over_market_equity,0.06987490833632377,net_income_over_market_equity,0.6568126784516249,0.06987490833632377,True,True,B_price_times_shares,
6919,KEL CORPORATION,Electric Appliances,10019438000.0,close_times_edinet_shares_outstanding,15224531000.0,518609000.0,,,1.5194994968779687,book_equity_over_market_equity,0.05176028835150235,net_income_over_market_equity,1.5194994968779687,0.05176028835150235,True,True,B_price_times_shares,
1723,"NIHON DENGI CO.,LTD.",Construction,35708700000.0,close_times_edinet_shares_outstanding,39542000000.0,6414000000.0,,,1.1073491894132241,book_equity_over_market_equity,0.1796200925824799,net_income_over_market_equity,1.1073491894132241,0.1796200925824799,True,True,B_price_times_shares,
7701,Shimadzu Corporation,Precision Instruments,1139580207104.0,raw_market_cap,498066000000.0,53776000000.0,2.0164063,18.824877,0.43706094305176507,book_equity_over_market_equity,0.04718930678575072,net_income_over_market_equity,0.43706094305176507,0.04718930678575072,True,True,A_raw_market_cap,
7003,"MITSUI E&S Co.,Ltd.",Machinery,441852887040.0,raw_market_cap,174154000000.0,57867000000.0,1.9286042,11.49374,0.3941447597336491,book_equity_over_market_equity,0.13096440398444523,net_income_over_market_equity,0.3941447597336491,0.13096440398444523,True,True,A_raw_market_cap,
2477,"Temairazu,Inc.",Information & Communication,13349496286.0,close_times_edinet_shares_outstanding,6768403000.0,1067422000.0,,,0.5070156098023129,book_equity_over_market_equity,0.07995972111093332,net_income_over_market_equity,0.5070156098023129,0.07995972111093332,True,True,B_price_times_shares,
9790,"Fukui Computer Holdings,Inc.",Information & Communication,64299872000.0,close_times_edinet_shares_outstanding,27102000000.0,4189000000.0,,,0.4214938406098227,book_equity_over_market_equity,0.06514787463340518,net_income_over_market_equity,0.4214938406098227,0.06514787463340518,True,True,B_price_times_shares,
7727,OVAL Corporation,Precision Instruments,17071771800.0,close_times_edinet_shares_outstanding,16320712000.0,1037380000.0,,,0.9560057497956949,book_equity_over_market_equity,0.06076580756544555,net_income_over_market_equity,0.9560057497956949,0.06076580756544555,True,True,B_price_times_shares,
6637,"TERASAKI ELECTRIC CO.,LTD.",Electric Appliances,43386237000.0,close_times_edinet_shares_outstanding,51432264000.0,4451526000.0,,,1.185451137419454,book_equity_over_market_equity,0.10260226071230838,net_income_over_market_equity,1.185451137419454,0.10260226071230838,True,True,B_price_times_shares,
6543,NISSEN INC.,Services,4575596800.0,close_times_edinet_shares_outstanding,4056012000.0,862495000.0,,,0.8864443650279675,book_equity_over_market_equity,0.18849890794573507,net_income_over_market_equity,0.8864443650279675,0.18849890794573507,True,True,B_price_times_shares,
6504,"FUJI ELECTRIC CO.,LTD.",Electric Appliances,2296834686976.0,raw_market_cap,730658000000.0,96681000000.0,2.8662915,23.38232,0.3181151887609205,book_equity_over_market_equity,0.04209314695054944,net_income_over_market_equity,0.3181151887609205,0.04209314695054944,True,True,A_raw_market_cap,
6407,CKD Corporation,Machinery,449131282432.0,raw_market_cap,136521000000.0,13520000000.0,2.9252317,33.044846,0.3039668028928039,book_equity_over_market_equity,0.030102556933444005,net_income_over_market_equity,0.3039668028928039,0.030102556933444005,True,True,A_raw_market_cap,
6226,"Moriya Transportation Engineering and Manufacturing Co.,Ltd.",Machinery,36520306400.0,close_times_edinet_shares_outstanding,11487397000.0,2840888000.0,,,0.3145482098145814,book_equity_over_market_equity,0.07778927068366545,net_income_over_market_equity,0.3145482098145814,0.07778927068366545,True,True,B_price_times_shares,
2323,fonfun corporation,Information & Communication,2675199480.0,close_times_edinet_shares_outstanding,957316000.0,169348000.0,,,0.3578484547253276,book_equity_over_market_equity,0.0633029429267084,net_income_over_market_equity,0.3578484547253276,0.0633029429267084,True,True,B_price_times_shares,
6629,"TECHNO HORIZON CO.,LTD.",Electric Appliances,14231754240.0,close_times_edinet_shares_outstanding,10098037000.0,-838990000.0,,,0.7095426768696085,book_equity_over_market_equity,,missing,0.7095426768696085,,True,False,B_price_times_shares,net_income_nonpositive_or_missing
5261,"RESOL HOLDINGS Co.,Ltd.",Services,37115416000.0,close_times_edinet_shares_outstanding,16181000000.0,1955000000.0,,,0.43596439818969024,book_equity_over_market_equity,0.05267353058901455,net_income_over_market_equity,0.43596439818969024,0.05267353058901455,True,True,B_price_times_shares,
6231,"KIMURA KOHKI Co.,Ltd.",Machinery,39196300000.0,close_times_edinet_shares_outstanding,11763903000.0,2496235000.0,,,0.3001278947247572,book_equity_over_market_equity,0.06368547541477129,net_income_over_market_equity,0.3001278947247572,0.06368547541477129,True,True,B_price_times_shares,
6137,"KOIKE SANSO KOGYO CO.,LTD.",Machinery,36140005955.0,close_times_edinet_shares_outstanding,45571000000.0,4181000000.0,,,1.2609571801604869,book_equity_over_market_equity,0.11568896820897051,net_income_over_market_equity,1.2609571801604869,0.11568896820897051,True,True,B_price_times_shares,
7088,Forum Engineering Inc.,Services,89304367100.0,close_times_edinet_shares_outstanding,13533000000.0,3155000000.0,,,0.15153794197820367,book_equity_over_market_equity,0.03532861944441237,net_income_over_market_equity,0.15153794197820367,0.03532861944441237,True,True,B_price_times_shares,
6958,CMK CORPORATION,Electric Appliances,55006525472.0,close_times_edinet_shares_outstanding,81428000000.0,3903000000.0,,,1.4803334568268511,book_equity_over_market_equity,0.0709552178856806,net_income_over_market_equity,1.4803334568268511,0.0709552178856806,True,True,B_price_times_shares,
6904,"HARADA INDUSTRY CO.,LTD.",Electric Appliances,9476096000.0,close_times_edinet_shares_outstanding,13381097000.0,1563549000.0,,,1.4120896411349146,book_equity_over_market_equity,0.16499927818375837,net_income_over_market_equity,1.4120896411349146,0.16499927818375837,True,True,B_price_times_shares,
4187,OSAKA ORGANIC CHEMICAL INDUSTRY LTD.,Chemicals,121007161100.0,close_times_edinet_shares_outstanding,50536502000.0,7024438000.0,,,0.41763232473685397,book_equity_over_market_equity,0.058049771072598115,net_income_over_market_equity,0.41763232473685397,0.058049771072598115,True,True,B_price_times_shares,
4620,"FUJIKURA KASEI CO.,LTD.",Chemicals,29719606000.0,close_times_edinet_shares_outstanding,43196578000.0,827673000.0,,,1.4534707492420997,book_equity_over_market_equity,0.027849393427355665,net_income_over_market_equity,1.4534707492420997,0.027849393427355665,True,True,B_price_times_shares,
6246,Techno Smart Corp.,Machinery,22326468960.0,close_times_edinet_shares_outstanding,19631592000.0,2390888000.0,,,0.8792967681173351,book_equity_over_market_equity,0.10708760101221129,net_income_over_market_equity,0.8792967681173351,0.10708760101221129,True,True,B_price_times_shares,
6217,TSUDAKOMA Corp.,Machinery,8808300445.0,close_times_edinet_shares_outstanding,-12488000000.0,-262000000.0,,,,missing,,missing,,,False,False,B_price_times_shares,book_equity_nonpositive_or_missing;net_income_nonpositive_or_missing
6954,FANUC CORPORATION,Electric Appliances,7540854226944.0,raw_market_cap,1739890000000.0,151347000000.0,4.043634,45.307243,0.23072850205527792,book_equity_over_market_equity,0.020070272603762394,net_income_over_market_equity,0.23072850205527792,0.020070272603762394,True,True,A_raw_market_cap,
4082,"DAIICHI KIGENSO KAGAKU-KOGYO CO.,LTD",Chemicals,55100500000.0,close_times_edinet_shares_outstanding,39742000000.0,2490000000.0,,,0.7212638723786535,book_equity_over_market_equity,0.04519015253945064,net_income_over_market_equity,0.7212638723786535,0.04519015253945064,True,True,B_price_times_shares,
9024,SEIBU HOLDINGS INC.,Land Transportation,708266426368.0,raw_market_cap,567128000000.0,258453000000.0,1.2449007,18.473217,0.800726928294823,book_equity_over_market_equity,0.3649092917270561,net_income_over_market_equity,0.800726928294823,0.3649092917270561,True,True,A_raw_market_cap,
6677,"SK-Electronics CO.,LTD.",Electric Appliances,33908854000.0,close_times_edinet_shares_outstanding,34590925000.0,2731041000.0,,,1.0201148349041818,book_equity_over_market_equity,0.08054064581480695,net_income_over_market_equity,1.0201148349041818,0.08054064581480695,True,True,B_price_times_shares,
9651,"Japan Process Development Co.,Ltd.",Information & Communication,16355346800.0,close_times_edinet_shares_outstanding,11088905000.0,1478151000.0,,,0.6779987691853774,book_equity_over_market_equity,0.0903772337007247,net_income_over_market_equity,0.6779987691853774,0.0903772337007247,True,True,B_price_times_shares,
6465,HOSHIZAKI CORPORATION,Machinery,734884797000.0,close_times_edinet_shares_outstanding,413914000000.0,38728000000.0,,,0.5632365803316516,book_equity_over_market_equity,0.052699416504598064,net_income_over_market_equity,0.5632365803316516,0.052699416504598064,True,True,B_price_times_shares,
6727,"Wacom Co.,Ltd.",Electric Appliances,117153767900.0,close_times_edinet_shares_outstanding,30859475000.0,5224744000.0,,,0.26341000851411794,book_equity_over_market_equity,0.044597319349214036,net_income_over_market_equity,0.26341000851411794,0.044597319349214036,True,True,B_price_times_shares,
6224,"JRC Co.,Ltd.",Machinery,17811972880.0,close_times_edinet_shares_outstanding,5838809000.0,1423009000.0,,,0.3278024865261304,book_equity_over_market_equity,0.07989058873976906,net_income_over_market_equity,0.3278024865261304,0.07989058873976906,True,True,B_price_times_shares,
3445,"RS Technologies Co.,Ltd.",Metal Products,190995174380.0,close_times_edinet_shares_outstanding,153331000000.0,12540000000.0,,,0.8028003874848474,book_equity_over_market_equity,0.06565610906509438,net_income_over_market_equity,0.8028003874848474,0.06565610906509438,True,True,B_price_times_shares,
6986,FUTABA CORPORATION,Electric Appliances,26297696180.0,close_times_edinet_shares_outstanding,88312000000.0,5102000000.0,,,3.358164890016613,book_equity_over_market_equity,0.19400939021723843,net_income_over_market_equity,3.358164890016613,0.19400939021723843,True,True,B_price_times_shares,
6947,ZUKEN INC.,Electric Appliances,102591369940.0,close_times_edinet_shares_outstanding,39948567000.0,5247956000.0,,,0.3893950048952821,book_equity_over_market_equity,0.05115397136298344,net_income_over_market_equity,0.3893950048952821,0.05115397136298344,True,True,B_price_times_shares,
7989,TACHIKAWA CORPORATION,Metal Products,49046928000.0,close_times_edinet_shares_outstanding,56353007000.0,3239715000.0,,,1.1489609909921372,book_equity_over_market_equity,0.06605337239469922,net_income_over_market_equity,1.1489609909921372,0.06605337239469922,True,True,B_price_times_shares,
6257,"FUJISHOJI CO.,LTD.",Machinery,20802664000.0,close_times_edinet_shares_outstanding,46778000000.0,2944000000.0,,,2.2486543069676075,book_equity_over_market_equity,0.14152033604926753,net_income_over_market_equity,2.2486543069676075,0.14152033604926753,True,True,B_price_times_shares,
4374,ROBOT PAYMENT INC.,Information & Communication,9415990706.0,close_times_edinet_shares_outstanding,1293714000.0,542126000.0,,,0.13739542023715332,book_equity_over_market_equity,0.05757503558861308,net_income_over_market_equity,0.13739542023715332,0.05757503558861308,True,True,B_price_times_shares,
3441,"SANNO Co.,Ltd.",Metal Products,12215494400.0,close_times_edinet_shares_outstanding,6755438000.0,1081822000.0,,,0.5530220700686499,book_equity_over_market_equity,0.08856145847031782,net_income_over_market_equity,0.5530220700686499,0.08856145847031782,True,True,B_price_times_shares,
7745,"A&D HOLON Holdings Company,Limited",Precision Instruments,77491956360.0,close_times_edinet_shares_outstanding,43119000000.0,6494000000.0,,,0.5564319450096794,book_equity_over_market_equity,0.0838022461303105,net_income_over_market_equity,0.5564319450096794,0.0838022461303105,True,True,B_price_times_shares,
9640,"Saison Technology Co.,Ltd.",Information & Communication,33532965000.0,close_times_edinet_shares_outstanding,14362191000.0,1661115000.0,,,0.42830065876966145,book_equity_over_market_equity,0.04953677672105643,net_income_over_market_equity,0.42830065876966145,0.04953677672105643,True,True,B_price_times_shares,
4928,"Noevir Holdings Co.,Ltd.",Chemicals,148408788935.0,close_times_edinet_shares_outstanding,54209000000.0,9547000000.0,,,0.3652681245430985,book_equity_over_market_equity,0.06432907423145533,net_income_over_market_equity,0.3652681245430985,0.06432907423145533,True,True,B_price_times_shares,
7995,"VALQUA,LTD.",Chemicals,147152995880.0,close_times_edinet_shares_outstanding,50521000000.0,5156000000.0,,,0.34332294560417076,book_equity_over_market_equity,0.03503836241434462,net_income_over_market_equity,0.34332294560417076,0.03503836241434462,True,True,B_price_times_shares,
9202,ANA HOLDINGS INC.,Air Transportation,1305071190016.0,raw_market_cap,1297906000000.0,153878000000.0,0.88671684,9.075204,0.9945097324415596,book_equity_over_market_equity,0.11790774417303126,net_income_over_market_equity,0.9945097324415596,0.11790774417303126,True,True,A_raw_market_cap,
9795,"STEP CO.,LTD.",Services,34428966200.0,close_times_edinet_shares_outstanding,27422634000.0,2689679000.0,,,0.7964989085266232,book_equity_over_market_equity,0.07812256064778385,net_income_over_market_equity,0.7964989085266232,0.07812256064778385,True,True,B_price_times_shares,
9476,"CHUOKEIZAI-SHA HOLDINGS,INC.",Information & Communication,3976065184.0,close_times_edinet_shares_outstanding,4353748000.0,245313000.0,,,1.094989090601388,book_equity_over_market_equity,0.06169742915361621,net_income_over_market_equity,1.094989090601388,0.06169742915361621,True,True,B_price_times_shares,
6807,"Japan Aviation Electronics Industry,Limited",Electric Appliances,168906675448.0,close_times_edinet_shares_outstanding,133696000000.0,11592000000.0,,,0.791537691718762,book_equity_over_market_equity,0.06862961436695106,net_income_over_market_equity,0.791537691718762,0.06862961436695106,True,True,B_price_times_shares,
6368,ORGANO CORPORATION,Machinery,724221952000.0,raw_market_cap,121194000000.0,24186000000.0,5.0657797,25.499878,0.16734372613991133,book_equity_over_market_equity,0.03339583940145465,net_income_over_market_equity,0.16734372613991133,0.03339583940145465,True,True,A_raw_market_cap,
3003,"Hulic Co.,Ltd.",Real Estate,1253636833280.0,raw_market_cap,939180000000.0,115261000000.0,1.3791306,10.967914,0.7491643313819529,book_equity_over_market_equity,0.09194129985669976,net_income_over_market_equity,0.7491643313819529,0.09194129985669976,True,True,A_raw_market_cap,
9661,"Kabuki-Za Co.,Ltd.",Services,53932665000.0,close_times_edinet_shares_outstanding,11367812000.0,284536000.0,,,0.21077786532521617,book_equity_over_market_equity,0.0052757637695077745,net_income_over_market_equity,0.21077786532521617,0.006806227117135984,True,True,B_price_times_shares,
6249,"Gamecard Holdings,Inc.",Machinery,32393130000.0,close_times_edinet_shares_outstanding,58600000000.0,6586000000.0,,,1.8090255557274026,book_equity_over_market_equity,0.20331471518806613,net_income_over_market_equity,1.8090255557274026,0.20331471518806613,True,True,B_price_times_shares,
7735,"SCREEN Holdings Co.,Ltd.",Electric Appliances,2056330149888.0,raw_market_cap,420694000000.0,99472000000.0,4.226201,22.327845,0.2045848523024931,book_equity_over_market_equity,0.04837355519269016,net_income_over_market_equity,0.2045848523024931,0.04837355519269016,True,True,A_raw_market_cap,
6351,"TSURUMI MANUFACTURING CO.,LTD.",Machinery,51056179200.0,close_times_edinet_shares_outstanding,95852000000.0,8929000000.0,,,1.8773829436888219,book_equity_over_market_equity,0.17488578542124827,net_income_over_market_equity,1.8773829436888219,0.17488578542124827,True,True,B_price_times_shares,
6307,"SANSEI CO.,LTD.",Machinery,3543986400.0,close_times_edinet_shares_outstanding,4677342000.0,346003000.0,,,1.3197968254054249,book_equity_over_market_equity,0.09763101799713453,net_income_over_market_equity,1.3197968254054249,0.09763101799713453,True,True,B_price_times_shares,
6238,FURYU CORPORATION,Machinery,35615659300.0,close_times_edinet_shares_outstanding,22424034000.0,1774625000.0,,,0.6296116495027231,book_equity_over_market_equity,0.049827099508445716,net_income_over_market_equity,0.6296116495027231,0.049827099508445716,True,True,B_price_times_shares,
5819,"Canare Electric Co.,Ltd.",Nonferrous Metals,12006235800.0,close_times_edinet_shares_outstanding,19048821000.0,1200929000.0,,,1.5865772851137907,book_equity_over_market_equity,0.10002543844757739,net_income_over_market_equity,1.5865772851137907,0.10002543844757739,True,True,B_price_times_shares,
4762,XNET Corporation,Information & Communication,6479000000.0,close_times_edinet_shares_outstanding,6636498000.0,581342000.0,,,1.0243089983022071,book_equity_over_market_equity,0.08972711838246643,net_income_over_market_equity,1.0243089983022071,0.08972711838246643,True,True,B_price_times_shares,
7743,"SEED CO.,LTD.",Precision Instruments,14769769936.0,close_times_edinet_shares_outstanding,18386144000.0,1135375000.0,,,1.244849722078975,book_equity_over_market_equity,0.07687154267939032,net_income_over_market_equity,1.244849722078975,0.07687154267939032,True,True,B_price_times_shares,
6158,"WAIDA MFG.CO.,LTD.",Machinery,6459663600.0,close_times_edinet_shares_outstanding,10355703000.0,441991000.0,,,1.6031334820593444,book_equity_over_market_equity,0.0684232225343747,net_income_over_market_equity,1.6031334820593444,0.0684232225343747,True,True,B_price_times_shares,
3800,UNIRITA Inc.,Information & Communication,14863128900.0,close_times_edinet_shares_outstanding,11971981000.0,716887000.0,,,0.8054818793908193,book_equity_over_market_equity,0.04823257638571647,net_income_over_market_equity,0.8054818793908193,0.04823257638571647,True,True,B_price_times_shares,
6378,"KIMURA CHEMICAL PLANTS CO.,LTD.",Machinery,23957683700.0,close_times_edinet_shares_outstanding,19133000000.0,2309000000.0,,,0.7986164371975576,book_equity_over_market_equity,0.0963782654831527,net_income_over_market_equity,0.7986164371975576,0.0963782654831527,True,True,B_price_times_shares,
7269,SUZUKI MOTOR CORPORATION,Transportation Equipment,3743755796480.0,raw_market_cap,3407147000000.0,231123000000.0,1.106938,8.520681,0.9100879398179522,book_equity_over_market_equity,0.06173559723561812,net_income_over_market_equity,0.9100879398179522,0.06173559723561812,True,True,A_raw_market_cap,
9769,"GAKKYUSHA CO.,LTD.",Services,27051089184.0,close_times_edinet_shares_outstanding,7354075000.0,1862870000.0,,,0.27185873921667225,book_equity_over_market_equity,0.06886487961090447,net_income_over_market_equity,0.27185873921667225,0.06886487961090447,True,True,B_price_times_shares,
3834,"Asahi Net,Inc.",Information & Communication,15947177400.0,close_times_edinet_shares_outstanding,14095000000.0,1752000000.0,,,0.8838554715018094,book_equity_over_market_equity,0.10986270209799008,net_income_over_market_equity,0.8838554715018094,0.10986270209799008,True,True,B_price_times_shares,
4917,MANDOM CORPORATION,Chemicals,139248607520.0,close_times_edinet_shares_outstanding,76673000000.0,2587000000.0,,,0.5506195097066777,book_equity_over_market_equity,0.018578282728094316,net_income_over_market_equity,0.5506195097066777,0.018578282728094316,True,True,B_price_times_shares,
6203,"Howa Machinery,Ltd.",Machinery,20988797544.0,close_times_edinet_shares_outstanding,18736000000.0,749000000.0,,,0.8926666694803581,book_equity_over_market_equity,0.03568570321524275,net_income_over_market_equity,0.8926666694803581,0.03568570321524275,True,True,B_price_times_shares,
4970,"Toyo Gosei Co.,Ltd.",Chemicals,131591978200.0,close_times_edinet_shares_outstanding,24831000000.0,3279000000.0,,,0.18869691252958154,book_equity_over_market_equity,0.02491793226952188,net_income_over_market_equity,0.18869691252958154,0.02491793226952188,True,True,B_price_times_shares,
5951,"Dainichi Co.,Ltd.",Metal Products,15472943172.0,close_times_edinet_shares_outstanding,27939956000.0,1161135000.0,,,1.805729891812725,book_equity_over_market_equity,0.07504293055901622,net_income_over_market_equity,1.805729891812725,0.07504293055901622,True,True,B_price_times_shares,
6496,"NAKAKITA SEISAKUSHO CO.,LTD.",Machinery,17140810000.0,close_times_edinet_shares_outstanding,25456650000.0,1730055000.0,,,1.4851486014954953,book_equity_over_market_equity,0.10093192795439655,net_income_over_market_equity,1.4851486014954953,0.10093192795439655,True,True,B_price_times_shares,
6918,AVAL DATA CORPORATION,Electric Appliances,21720845550.0,close_times_edinet_shares_outstanding,20059154000.0,1137953000.0,,,0.923497842375662,book_equity_over_market_equity,0.05238990339397722,net_income_over_market_equity,0.923497842375662,0.05238990339397722,True,True,B_price_times_shares,
6310,"ISEKI & CO.,LTD.",Machinery,40760742726.0,close_times_edinet_shares_outstanding,78428000000.0,2898000000.0,,,1.9241062540789582,book_equity_over_market_equity,0.07109782124140385,net_income_over_market_equity,1.9241062540789582,0.07109782124140385,True,True,B_price_times_shares,
6433,"HEPHAIST CO.,LTD.",Machinery,8034544000.0,close_times_edinet_shares_outstanding,2818636000.0,-203461000.0,,,0.3508146822022507,book_equity_over_market_equity,,missing,0.3508146822022507,,True,False,B_price_times_shares,net_income_nonpositive_or_missing
7702,"JMS CO.,LTD.",Precision Instruments,10536619380.0,close_times_edinet_shares_outstanding,40927000000.0,1270000000.0,,,3.8842629238069715,book_equity_over_market_equity,0.12053201830661553,net_income_over_market_equity,3.8842629238069715,0.12053201830661553,True,True,B_price_times_shares,
6849,NIHON KOHDEN CORPORATION,Electric Appliances,230002702930.0,close_times_edinet_shares_outstanding,181294000000.0,16761000000.0,,,0.7882255194852027,book_equity_over_market_equity,0.07287305664882171,net_income_over_market_equity,0.7882255194852027,0.07287305664882171,True,True,B_price_times_shares,
6364,AIRMAN CORPORATION,Machinery,45823961268.0,close_times_edinet_shares_outstanding,41040241000.0,4825182000.0,,,0.8956065749090839,book_equity_over_market_equity,0.10529822971392792,net_income_over_market_equity,0.8956065749090839,0.10529822971392792,True,True,B_price_times_shares,
3939,"Kanamic Network Co.,LTD",Information & Communication,23871021900.0,close_times_edinet_shares_outstanding,4813548000.0,1111528000.0,,,0.20164817493632312,book_equity_over_market_equity,0.04656390516737786,net_income_over_market_equity,0.20164817493632312,0.04656390516737786,True,True,B_price_times_shares,
4684,"OBIC Co.,Ltd.",Information & Communication,1800259895296.0,raw_market_cap,433850000000.0,64621000000.0,3.4943073,24.258148,0.24099298169871528,book_equity_over_market_equity,0.035895372756373584,net_income_over_market_equity,0.24099298169871528,0.035895372756373584,True,True,A_raw_market_cap,
4272,"NIPPON KAYAKU CO.,LTD.",Chemicals,338192651635.0,close_times_edinet_shares_outstanding,268520000000.0,17578000000.0,,,0.7939853178412778,book_equity_over_market_equity,0.05197629195968263,net_income_over_market_equity,0.7939853178412778,0.05197629195968263,True,True,B_price_times_shares,
4733,"OBIC BUSINESS CONSULTANTS CO.,LTD.",Information & Communication,479546428200.0,close_times_edinet_shares_outstanding,158990007000.0,16182920000.0,,,0.3315424694054681,book_equity_over_market_equity,0.03374630494224167,net_income_over_market_equity,0.3315424694054681,0.03374630494224167,True,True,B_price_times_shares,
9446,"SAKAI Holdings CO.,LTD",Information & Communication,5200726000.0,close_times_edinet_shares_outstanding,4822136000.0,1006899000.0,,,0.9272043941557391,book_equity_over_market_equity,0.19360739250635392,net_income_over_market_equity,0.9272043941557391,0.19360739250635392,True,True,B_price_times_shares,
6907,"GEOMATEC CO.,LTD.",Electric Appliances,5062592000.0,close_times_edinet_shares_outstanding,9104509000.0,360456000.0,,,1.7983888490322744,book_equity_over_market_equity,0.07119989128098808,net_income_over_market_equity,1.7983888490322744,0.07119989128098808,True,True,B_price_times_shares,
6316,"MARUYAMA MFG.CO.,INC.",Machinery,9889534232.0,close_times_edinet_shares_outstanding,20794000000.0,785000000.0,,,2.1026268287454775,book_equity_over_market_equity,0.07937684238555351,net_income_over_market_equity,2.1026268287454775,0.07937684238555351,True,True,B_price_times_shares,
9635,"Musashino Kogyo Co.,Ltd.",Services,2656301800.0,close_times_edinet_shares_outstanding,3615295000.0,64961000.0,,,1.3610256936918839,book_equity_over_market_equity,0.02445542897271688,net_income_over_market_equity,1.3610256936918839,0.02445542897271688,True,True,B_price_times_shares,
9636,Kin-Ei Corp.,Services,11681720000.0,close_times_edinet_shares_outstanding,2759534000.0,200279000.0,,,0.23622668579626974,book_equity_over_market_equity,0.01714464993168814,net_income_over_market_equity,0.23622668579626974,0.01714464993168814,True,True,B_price_times_shares,
6908,"IRISO ELECTRONICS CO.,LTD.",Electric Appliances,69191339775.0,close_times_edinet_shares_outstanding,71196000000.0,3931000000.0,,,1.028972704264997,book_equity_over_market_equity,0.05681346845982504,net_income_over_market_equity,1.028972704264997,0.05681346845982504,True,True,B_price_times_shares,
5444,"YAMATO KOGYO CO.,LTD.",Iron and Steel,721142379000.0,close_times_edinet_shares_outstanding,602940000000.0,45555000000.0,,,0.8360900947689277,book_equity_over_market_equity,0.06317060448336237,net_income_over_market_equity,0.8360900947689277,0.06317060448336237,True,True,B_price_times_shares,
4345,"CTS Co.,Ltd.",Services,33670258000.0,close_times_edinet_shares_outstanding,12925000000.0,2190000000.0,,,0.38386994242812156,book_equity_over_market_equity,0.06504256664739545,net_income_over_market_equity,0.38386994242812156,0.06504256664739545,True,True,B_price_times_shares,
6445,JANOME Corporation,Machinery,21822328605.0,close_times_edinet_shares_outstanding,35442000000.0,1848000000.0,,,1.6241163187268393,book_equity_over_market_equity,0.08468390488706051,net_income_over_market_equity,1.6241163187268393,0.08468390488706051,True,True,B_price_times_shares,
2124,"JAC Recruitment Co.,Ltd.",Services,137997820800.0,close_times_edinet_shares_outstanding,23949000000.0,8400000000.0,,,0.17354621878202878,book_equity_over_market_equity,0.060870526442400166,net_income_over_market_equity,0.17354621878202878,0.060870526442400166,True,True,B_price_times_shares,
9414,Nippon BS Broadcasting Corporation,Information & Communication,16088508996.0,close_times_edinet_shares_outstanding,24426185000.0,1413743000.0,,,1.5182379551811143,book_equity_over_market_equity,0.08787284143928387,net_income_over_market_equity,1.5182379551811143,0.08787284143928387,True,True,B_price_times_shares,
1928,"Sekisui House,Ltd.",Construction,2126218788864.0,raw_market_cap,2188237000000.0,236579000000.0,0.9937397,9.159452,1.0291683111168137,book_equity_over_market_equity,0.11126747691210077,net_income_over_market_equity,1.0291683111168137,0.11126747691210077,True,True,A_raw_market_cap,
5992,"CHUO SPRING CO.,LTD.",Metal Products,99796499180.0,close_times_edinet_shares_outstanding,81045550000.0,1935584000.0,,,0.8121081467378984,book_equity_over_market_equity,0.019395309614106244,net_income_over_market_equity,0.8121081467378984,0.019395309614106244,True,True,B_price_times_shares,
6349,KOMORI CORPORATION,Machinery,77322160440.0,close_times_edinet_shares_outstanding,115499000000.0,7913000000.0,,,1.4937373625200792,book_equity_over_market_equity,0.10233806136521863,net_income_over_market_equity,1.4937373625200792,0.10233806136521863,True,True,B_price_times_shares,
4828,Business Engineering Corporation,Information & Communication,12563790600.0,close_times_edinet_shares_outstanding,13384526000.0,3330791000.0,,,1.0653254599770232,book_equity_over_market_equity,0.2651103561054257,net_income_over_market_equity,1.0653254599770232,0.2651103561054257,True,True,B_price_times_shares,
9679,"HORAI Co.,Ltd.",Services,10047251900.0,close_times_edinet_shares_outstanding,9865029000.0,497924000.0,,,0.9818634088391872,book_equity_over_market_equity,0.04955822795684062,net_income_over_market_equity,0.9818634088391872,0.04955822795684062,True,True,B_price_times_shares,
9445,"FORVAL TELECOM,INC.",Information & Communication,9132020000.0,close_times_edinet_shares_outstanding,3320530000.0,776001000.0,,,0.3636139649278035,book_equity_over_market_equity,0.08497583229121268,net_income_over_market_equity,0.3636139649278035,0.08497583229121268,True,True,B_price_times_shares,
6757,"OSG CORPORATION CO.,LTD.",Electric Appliances,4301609600.0,close_times_edinet_shares_outstanding,2813844000.0,106689000.0,,,0.654137465194424,book_equity_over_market_equity,0.02480211128411095,net_income_over_market_equity,0.654137465194424,0.02480211128411095,True,True,B_price_times_shares,
6408,"OGURA CLUTCH CO.,LTD.",Machinery,6508570050.0,close_times_edinet_shares_outstanding,17701000000.0,1162000000.0,,,2.719645000978364,book_equity_over_market_equity,0.17853383939533693,net_income_over_market_equity,2.719645000978364,0.17853383939533693,True,True,B_price_times_shares,
6287,SATO CORPORATION,Machinery,72350366298.0,close_times_edinet_shares_outstanding,80237000000.0,7831000000.0,,,1.1090061337010537,book_equity_over_market_equity,0.10823718525135476,net_income_over_market_equity,1.1090061337010537,0.10823718525135476,True,True,B_price_times_shares,
6138,"DIJET INDUSTRIAL CO.,LTD.",Machinery,3298585890.0,close_times_edinet_shares_outstanding,7939070000.0,205422000.0,,,2.4068101497881567,book_equity_over_market_equity,0.062275777211913075,net_income_over_market_equity,2.4068101497881567,0.062275777211913075,True,True,B_price_times_shares,
6513,"Origin Company,Limited",Electric Appliances,5675092234.0,close_times_edinet_shares_outstanding,25892133000.0,484058000.0,,,4.562416244951553,book_equity_over_market_equity,0.08529517760080867,net_income_over_market_equity,4.561669803968577,0.08529517760080867,True,True,B_price_times_shares,
6905,"COSEL CO.,LTD.",Electric Appliances,61084287000.0,close_times_edinet_shares_outstanding,55836089000.0,818032000.0,,,0.914082683816871,book_equity_over_market_equity,0.013391856403267833,net_income_over_market_equity,0.914082683816871,0.013391856403267833,True,True,B_price_times_shares,
2480,"System Location Co.,Ltd.",Information & Communication,5998110000.0,close_times_edinet_shares_outstanding,3701024000.0,330829000.0,,,0.6170316983183036,book_equity_over_market_equity,0.055155540661975186,net_income_over_market_equity,0.6170316983183036,0.055155540661975186,True,True,B_price_times_shares,
6237,"IWAKI CO.,LTD.",Machinery,75191714000.0,close_times_edinet_shares_outstanding,38109972000.0,4591308000.0,,,0.5068373890240087,book_equity_over_market_equity,0.06106135577651548,net_income_over_market_equity,0.5068373890240087,0.06106135577651548,True,True,B_price_times_shares,
6339,"Sintokogio,Ltd.",Machinery,64774515868.0,close_times_edinet_shares_outstanding,127125000000.0,3374000000.0,,,1.962577385511614,book_equity_over_market_equity,0.0520883862239228,net_income_over_market_equity,1.962577385511614,0.0520883862239228,True,True,B_price_times_shares,
4109,STELLA CHEMIFA CORPORATION,Chemicals,84055121920.0,close_times_edinet_shares_outstanding,44992000000.0,2892000000.0,,,0.535267797753258,book_equity_over_market_equity,0.03440599375672168,net_income_over_market_equity,0.535267797753258,0.03440599375672168,True,True,B_price_times_shares,
4743,ITFOR Inc.,Information & Communication,44064602300.0,close_times_edinet_shares_outstanding,19044606000.0,2914336000.0,,,0.43219738760696813,book_equity_over_market_equity,0.06613780331338653,net_income_over_market_equity,0.43219738760696813,0.06613780331338653,True,True,B_price_times_shares,
9412,SKY Perfect JSAT Corporation,Information & Communication,1119587139584.0,raw_market_cap,284174000000.0,19651000000.0,3.6883004,48.024315,0.25382035033520417,book_equity_over_market_equity,0.017552005828953728,net_income_over_market_equity,0.25382035033520417,0.017552005828953728,True,True,A_raw_market_cap,
5906,"MK SEIKO CO.,LTD.",Metal Products,11524937850.0,close_times_edinet_shares_outstanding,16690068000.0,1334649000.0,,,1.4481698918662715,book_equity_over_market_equity,0.11580530996095567,net_income_over_market_equity,1.4481698918662715,0.11580530996095567,True,True,B_price_times_shares,
7729,"TOKYO SEIMITSU CO.,LTD.",Precision Instruments,682683334656.0,raw_market_cap,176229000000.0,25744000000.0,3.5609405,27.721924,0.2581416464323107,book_equity_over_market_equity,0.03771001677223049,net_income_over_market_equity,0.2581416464323107,0.03771001677223049,True,True,A_raw_market_cap,
9441,"Bell-Park Co.,Ltd.",Information & Communication,33661958000.0,close_times_edinet_shares_outstanding,27069970000.0,4525014000.0,,,0.8041709873204642,book_equity_over_market_equity,0.13442515732447888,net_income_over_market_equity,0.8041709873204642,0.13442515732447888,True,True,B_price_times_shares,
7244,"ICHIKOH INDUSTRIES,LTD.",Electric Appliances,50627100766.0,close_times_edinet_shares_outstanding,80120000000.0,7895000000.0,,,1.582551613419798,book_equity_over_market_equity,0.15594414613017107,net_income_over_market_equity,1.582551613419798,0.15594414613017107,True,True,B_price_times_shares,
6772,"Tokyo Cosmos Electric Co.,Ltd.",Electric Appliances,1632914000.0,close_times_edinet_shares_outstanding,7575524000.0,841521000.0,,,4.639266979155057,book_equity_over_market_equity,0.5153492468066291,net_income_over_market_equity,4.561669803968577,0.4713793788347592,True,True,B_price_times_shares,
5703,"Nippon Light Metal Holdings Company,Ltd.",Nonferrous Metals,193868287500.0,close_times_edinet_shares_outstanding,250481000000.0,13727000000.0,,,1.2920163644608456,book_equity_over_market_equity,0.07080580417258805,net_income_over_market_equity,1.2920163644608456,0.07080580417258805,True,True,B_price_times_shares,
5817,"JMACS Japan Co.,Ltd.",Nonferrous Metals,5428950075.0,close_times_edinet_shares_outstanding,5653393000.0,400489000.0,,,1.0413418657197726,book_equity_over_market_equity,0.07376914402735597,net_income_over_market_equity,1.0413418657197726,0.07376914402735597,True,True,B_price_times_shares,
6151,"NITTO KOHKI CO.,LTD.",Machinery,30317319900.0,close_times_edinet_shares_outstanding,58183000000.0,1755000000.0,,,1.9191340194949091,book_equity_over_market_equity,0.05788770266596026,net_income_over_market_equity,1.9191340194949091,0.05788770266596026,True,True,B_price_times_shares,
6566,"KANAME KOGYO CO.,LTD.",Services,19521822000.0,close_times_edinet_shares_outstanding,19574889000.0,1513972000.0,,,1.0027183425809332,book_equity_over_market_equity,0.07755280219233635,net_income_over_market_equity,1.0027183425809332,0.07755280219233635,True,True,B_price_times_shares,
8035,Tokyo Electron Limited,Electric Appliances,24238719238144.0,raw_market_cap,1855209000000.0,544133000000.0,11.659127,42.351776,0.0765390688250761,book_equity_over_market_equity,0.022448917150032766,net_income_over_market_equity,0.09741440959758958,0.022448917150032766,True,True,A_raw_market_cap,
7780,"Menicon Co.,Ltd.",Precision Instruments,124708818000.0,close_times_edinet_shares_outstanding,86154000000.0,5624000000.0,,,0.6908412843749349,book_equity_over_market_equity,0.045097051597425934,net_income_over_market_equity,0.6908412843749349,0.045097051597425934,True,True,B_price_times_shares,
4224,LONSEAL CORPORATION,Chemicals,9285944135.0,close_times_edinet_shares_outstanding,19015000000.0,13000000.0,,,2.0477185435921212,book_equity_over_market_equity,0.001399965346657774,net_income_over_market_equity,2.0477185435921212,0.006806227117135984,True,True,B_price_times_shares,
6323,RORZE CORPORATION,Machinery,667365343232.0,raw_market_cap,139961000000.0,19048000000.0,5.1245513,35.192978,0.20972170853550687,book_equity_over_market_equity,0.028542087468540055,net_income_over_market_equity,0.20972170853550687,0.028542087468540055,True,True,A_raw_market_cap,
4680,ROUND ONE Corporation,Services,235727007558.0,close_times_edinet_shares_outstanding,72354000000.0,4281000000.0,,,0.3069397976479106,book_equity_over_market_equity,0.018160838014908712,net_income_over_market_equity,0.3069397976479106,0.018160838014908712,True,True,B_price_times_shares,
6239,NAGAOKA INTERNATIONAL CORPORATION,Machinery,9083012400.0,close_times_edinet_shares_outstanding,7507777000.0,1023047000.0,,,0.8265734614652733,book_equity_over_market_equity,0.11263300708474207,net_income_over_market_equity,0.8265734614652733,0.11263300708474207,True,True,B_price_times_shares,
3964,AUCNET INC.,Information & Communication,65743002700.0,close_times_edinet_shares_outstanding,26622589000.0,6998664000.0,,,0.4049493924316907,book_equity_over_market_equity,0.1064548881640905,net_income_over_market_equity,0.4049493924316907,0.1064548881640905,True,True,B_price_times_shares,
6087,"ABIST Co.,Ltd.",Services,13509384000.0,close_times_edinet_shares_outstanding,7405345000.0,649573000.0,,,0.5481630398543709,book_equity_over_market_equity,0.04808309542463224,net_income_over_market_equity,0.5481630398543709,0.04808309542463224,True,True,B_price_times_shares,
7004,Kanadevia Corporation,Machinery,230195646738.0,close_times_edinet_shares_outstanding,197895000000.0,22291000000.0,,,0.8596817655080881,book_equity_over_market_equity,0.09683501975765325,net_income_over_market_equity,0.8596817655080881,0.09683501975765325,True,True,B_price_times_shares,
9701,"Tokyo Kaikan Co.,Ltd.",Services,13396550580.0,close_times_edinet_shares_outstanding,10957493000.0,889486000.0,,,0.8179339102678176,book_equity_over_market_equity,0.06639664402327065,net_income_over_market_equity,0.8179339102678176,0.06639664402327065,True,True,B_price_times_shares,
8898,CENTURY21 REAL ESTATE OF JAPAN LTD.,Real Estate,11493440000.0,close_times_edinet_shares_outstanding,6611474000.0,802247000.0,,,0.5752389188963444,book_equity_over_market_equity,0.06980042528607623,net_income_over_market_equity,0.5752389188963444,0.06980042528607623,True,True,B_price_times_shares,
6294,OKADA AIYON CORPORATION,Machinery,15692625000.0,close_times_edinet_shares_outstanding,17238918000.0,1475214000.0,,,1.09853628695008,book_equity_over_market_equity,0.09400683442062753,net_income_over_market_equity,1.09853628695008,0.09400683442062753,True,True,B_price_times_shares,
9845,PARKER CORPORATION,Chemicals,33180036552.0,close_times_edinet_shares_outstanding,48477000000.0,3359000000.0,,,1.461029131900638,book_equity_over_market_equity,0.10123557262318715,net_income_over_market_equity,1.461029131900638,0.10123557262318715,True,True,B_price_times_shares,
4617,"Chugoku Marine Paints,Ltd.",Chemicals,162865044000.0,close_times_edinet_shares_outstanding,89435000000.0,15525000000.0,,,0.5491356389527025,book_equity_over_market_equity,0.09532432263365244,net_income_over_market_equity,0.5491356389527025,0.09532432263365244,True,True,B_price_times_shares,
2303,Dawn Corporation,Information & Communication,3961719000.0,close_times_edinet_shares_outstanding,2758768000.0,418774000.0,,,0.6963563039175671,book_equity_over_market_equity,0.10570512446743446,net_income_over_market_equity,0.6963563039175671,0.10570512446743446,True,True,B_price_times_shares,
4403,NOF CORPORATION,Chemicals,626132821896.0,close_times_edinet_shares_outstanding,279550000000.0,36605000000.0,,,0.4464707650263269,book_equity_over_market_equity,0.05846203667962331,net_income_over_market_equity,0.4464707650263269,0.05846203667962331,True,True,B_price_times_shares,
7284,"MEIWA INDUSTRY CO.,LTD.",Transportation Equipment,4548776700.0,close_times_edinet_shares_outstanding,12003681000.0,552883000.0,,,2.6388811303927056,book_equity_over_market_equity,0.12154542560860374,net_income_over_market_equity,2.6388811303927056,0.12154542560860374,True,True,B_price_times_shares,
6317,Kitagawa Corporation,Machinery,15124739011.0,close_times_edinet_shares_outstanding,41739000000.0,1246000000.0,,,2.7596509248618335,book_equity_over_market_equity,0.08238158682234467,net_income_over_market_equity,2.7596509248618335,0.08238158682234467,True,True,B_price_times_shares,
4043,Tokuyama Corporation,Chemicals,374730860400.0,close_times_edinet_shares_outstanding,273858000000.0,31677000000.0,,,0.7308125082297066,book_equity_over_market_equity,0.08453266957033358,net_income_over_market_equity,0.7308125082297066,0.08453266957033358,True,True,B_price_times_shares,
9021,West Japan Railway Company,Land Transportation,1150679515136.0,raw_market_cap,1280165000000.0,118604000000.0,0.9527818,9.100889,1.1125295820085022,book_equity_over_market_equity,0.10307300898285486,net_income_over_market_equity,1.1125295820085022,0.10307300898285486,True,True,A_raw_market_cap,
4064,"Nippon Carbide Industries Company,Incorporated",Chemicals,30364158340.0,close_times_edinet_shares_outstanding,37906000000.0,2450000000.0,,,1.2483797369105671,book_equity_over_market_equity,0.0806872356732678,net_income_over_market_equity,1.2483797369105671,0.0806872356732678,True,True,B_price_times_shares,
5991,"NHK SPRING CO.,LTD.",Metal Products,728716054080.0,close_times_edinet_shares_outstanding,423172000000.0,49955000000.0,,,0.5807090397291333,book_equity_over_market_equity,0.06855207830307501,net_income_over_market_equity,0.5807090397291333,0.06855207830307501,True,True,B_price_times_shares,
6363,"Torishima Pump Mfg.Co.,Ltd.",Machinery,70544259486.0,close_times_edinet_shares_outstanding,56417000000.0,4153000000.0,,,0.7997390632641959,book_equity_over_market_equity,0.05887084264913422,net_income_over_market_equity,0.7997390632641959,0.05887084264913422,True,True,B_price_times_shares,
6342,"Taihei Machinery Works,Limited",Machinery,3597862400.0,close_times_edinet_shares_outstanding,6895502000.0,616177000.0,,,1.9165552301277557,book_equity_over_market_equity,0.171261969329344,net_income_over_market_equity,1.9165552301277557,0.171261969329344,True,True,B_price_times_shares,
9101,Nippon Yusen Kabushiki Kaisha,Marine Transportation,2128760537088.0,raw_market_cap,2969973000000.0,486711000000.0,0.6962808,10.450926,1.3951653782828581,book_equity_over_market_equity,0.2286358618174065,net_income_over_market_equity,1.3951653782828581,0.2286358618174065,True,True,A_raw_market_cap,
4092,"Nippon Chemical Industrial Co.,Ltd.",Chemicals,48658266750.0,close_times_edinet_shares_outstanding,46395000000.0,2559000000.0,,,0.9534864905560986,book_equity_over_market_equity,0.052591269087898615,net_income_over_market_equity,0.9534864905560986,0.052591269087898615,True,True,B_price_times_shares,
6470,"TAIHO KOGYO CO.,LTD.",Machinery,32358738051.0,close_times_edinet_shares_outstanding,69283000000.0,-4187000000.0,,,2.141090913088278,book_equity_over_market_equity,,missing,2.141090913088278,,True,False,B_price_times_shares,net_income_nonpositive_or_missing
6343,FREESIA MACROSS CORPORATION,Machinery,6030243880.0,close_times_edinet_shares_outstanding,19530140000.0,1571388000.0,,,3.2386982000469273,book_equity_over_market_equity,0.2605844856808677,net_income_over_market_equity,3.2386982000469273,0.2605844856808677,True,True,B_price_times_shares,
6467,NICHIDAI CORPORATION,Machinery,3059305600.0,close_times_edinet_shares_outstanding,11170402000.0,68070000.0,,,3.6512867495159687,book_equity_over_market_equity,0.02225014722295151,net_income_over_market_equity,3.6512867495159687,0.02225014722295151,True,True,B_price_times_shares,
6149,"Odawara Engineering Co.,Ltd.",Machinery,11752240344.0,close_times_edinet_shares_outstanding,18528421000.0,2315350000.0,,,1.5765862897332181,book_equity_over_market_equity,0.19701349974365365,net_income_over_market_equity,1.5765862897332181,0.19701349974365365,True,True,B_price_times_shares,
4320,"CE Holdings Co.,Ltd.",Information & Communication,28739525100.0,close_times_edinet_shares_outstanding,8842416000.0,1686053000.0,,,0.30767439507899175,book_equity_over_market_equity,0.058666696618449,net_income_over_market_equity,0.30767439507899175,0.058666696618449,True,True,B_price_times_shares,
4275,"Carlit Co.,Ltd.",Chemicals,54671699600.0,close_times_edinet_shares_outstanding,37479000000.0,3457000000.0,,,0.6855283496619154,book_equity_over_market_equity,0.06323198337152115,net_income_over_market_equity,0.6855283496619154,0.06323198337152115,True,True,B_price_times_shares,
9746,TKC Corporation,Information & Communication,177368119370.0,close_times_edinet_shares_outstanding,108497000000.0,12094000000.0,,,0.6117051947406009,book_equity_over_market_equity,0.06818587265263397,net_income_over_market_equity,0.6117051947406009,0.06818587265263397,True,True,B_price_times_shares,
2391,"PLANET,INC.",Services,7897282800.0,close_times_edinet_shares_outstanding,5635688000.0,400784000.0,,,0.7136236782605785,book_equity_over_market_equity,0.050749607194008554,net_income_over_market_equity,0.7136236782605785,0.050749607194008554,True,True,B_price_times_shares,
6227,"AIMECHATEC,Ltd.",Machinery,111929278464.0,raw_market_cap,10861129000.0,354431000.0,10.177499,37.477955,0.09703563847678409,book_equity_over_market_equity,0.003166562001147861,net_income_over_market_equity,0.09741440959758958,0.006806227117135984,True,True,A_raw_market_cap,
6155,"TAKAMATSU MACHINERY CO.,LTD.",Machinery,5169840000.0,close_times_edinet_shares_outstanding,16282000000.0,-645000000.0,,,3.1494204849666527,book_equity_over_market_equity,,missing,3.1494204849666527,,True,False,B_price_times_shares,net_income_nonpositive_or_missing
9744,MEITEC Group Holdings Inc.,Services,233011027800.0,close_times_edinet_shares_outstanding,48776000000.0,12740000000.0,,,0.20932914832625787,book_equity_over_market_equity,0.05467552381655989,net_income_over_market_equity,0.20932914832625787,0.05467552381655989,True,True,B_price_times_shares,
6273,SMC CORPORATION,Machinery,4200010350592.0,raw_market_cap,1928306000000.0,169154000000.0,1.985737,25.19697,0.4591193447245199,book_equity_over_market_equity,0.04027466265080928,net_income_over_market_equity,0.4591193447245199,0.04027466265080928,True,True,A_raw_market_cap,
6325,"TAKAKITA CO.,LTD.",Machinery,4540107600.0,close_times_edinet_shares_outstanding,8089490000.0,566419000.0,,,1.781783762129338,book_equity_over_market_equity,0.12475893743135075,net_income_over_market_equity,1.781783762129338,0.12475893743135075,True,True,B_price_times_shares,
4623,ASAHIPEN CORPORATION,Chemicals,6634042800.0,close_times_edinet_shares_outstanding,14216863000.0,799205000.0,,,2.14301647254974,book_equity_over_market_equity,0.12047028095748795,net_income_over_market_equity,2.14301647254974,0.12047028095748795,True,True,B_price_times_shares,
9336,"Daiei Kankyo Co.,Ltd.",Services,390561223000.0,close_times_edinet_shares_outstanding,94681000000.0,14440000000.0,,,0.242422940180111,book_equity_over_market_equity,0.036972436457164616,net_income_over_market_equity,0.242422940180111,0.036972436457164616,True,True,B_price_times_shares,
4182,"Mitsubishi Gas Chemical Company,Inc.",Chemicals,1066193846272.0,raw_market_cap,697375000000.0,50937000000.0,1.647309,19.785788,0.654078995520755,book_equity_over_market_equity,0.047774614511332775,net_income_over_market_equity,0.654078995520755,0.047774614511332775,True,True,A_raw_market_cap,
7208,KANEMITSU CORPORATION,Transportation Equipment,5926288043.0,close_times_edinet_shares_outstanding,11671189000.0,540606000.0,,,1.9693927995595404,book_equity_over_market_equity,0.09122168819292403,net_income_over_market_equity,1.9693927995595404,0.09122168819292403,True,True,B_price_times_shares,
4973,"JAPAN PURE CHEMICAL CO.,LTD.",Chemicals,31944045000.0,close_times_edinet_shares_outstanding,13594720000.0,1579736000.0,,,0.4255791650681684,book_equity_over_market_equity,0.04945322359770029,net_income_over_market_equity,0.4255791650681684,0.04945322359770029,True,True,B_price_times_shares,
3997,"TRADE WORKS Co.,Ltd",Information & Communication,15139811700.0,close_times_edinet_shares_outstanding,1875751000.0,114960000.0,,,0.123895266147861,book_equity_over_market_equity,0.007593225218250238,net_income_over_market_equity,0.123895266147861,0.007593225218250238,True,True,B_price_times_shares,
6165,"PUNCH INDUSTRY CO.,LTD.",Machinery,14829021900.0,close_times_edinet_shares_outstanding,22038000000.0,873000000.0,,,1.4861398242321027,book_equity_over_market_equity,0.05887104394929783,net_income_over_market_equity,1.4861398242321027,0.05887104394929783,True,True,B_price_times_shares,
7940,"WAVELOCK HOLDINGS CO.,LTD.",Chemicals,8908631238.0,close_times_edinet_shares_outstanding,16702901000.0,533786000.0,,,1.874912155837514,book_equity_over_market_equity,0.0599178466073578,net_income_over_market_equity,1.874912155837514,0.0599178466073578,True,True,B_price_times_shares,
6258,HIRATA Corporation,Machinery,90764518690.0,close_times_edinet_shares_outstanding,68839271000.0,5000081000.0,,,0.7584381209040045,book_equity_over_market_equity,0.055088497930313875,net_income_over_market_equity,0.7584381209040045,0.055088497930313875,True,True,B_price_times_shares,
6395,TADANO LTD.,Machinery,158098628355.0,close_times_edinet_shares_outstanding,205946000000.0,22941000000.0,,,1.3026425475214238,book_equity_over_market_equity,0.14510562323467793,net_income_over_market_equity,1.3026425475214238,0.14510562323467793,True,True,B_price_times_shares,
6135,"Makino Milling Machine Co.,Ltd.",Machinery,330010902510.0,close_times_edinet_shares_outstanding,226650000000.0,14432000000.0,,,0.6867954915311686,book_equity_over_market_equity,0.04373188852317593,net_income_over_market_equity,0.6867954915311686,0.04373188852317593,True,True,B_price_times_shares,
6901,"SAWAFUJI ELECTRIC CO.,LTD.",Electric Appliances,5592110400.0,close_times_edinet_shares_outstanding,12778000000.0,512000000.0,,,2.285004959844856,book_equity_over_market_equity,0.09155756295512335,net_income_over_market_equity,2.285004959844856,0.09155756295512335,True,True,B_price_times_shares,
4045,"TOAGOSEI CO.,LTD.",Chemicals,186455939000.0,close_times_edinet_shares_outstanding,215944000000.0,12840000000.0,,,1.1581502909381718,book_equity_over_market_equity,0.0688634541160955,net_income_over_market_equity,1.1581502909381718,0.0688634541160955,True,True,B_price_times_shares,
4659,"AJIS CO.,LTD.",Services,37319565000.0,close_times_edinet_shares_outstanding,27415611000.0,3836434000.0,,,0.7346176462667773,book_equity_over_market_equity,0.10279953691850374,net_income_over_market_equity,0.7346176462667773,0.10279953691850374,True,True,B_price_times_shares,
7717,"V Technology Co.,Ltd.",Precision Instruments,57914835000.0,close_times_edinet_shares_outstanding,33581000000.0,800000000.0,,,0.5798341651150348,book_equity_over_market_equity,0.013813386501057975,net_income_over_market_equity,0.5798341651150348,0.013813386501057975,True,True,B_price_times_shares,
4262,"NIFTY Lifestyle Co.,Ltd.",Information & Communication,8674816350.0,close_times_edinet_shares_outstanding,5924976000.0,735222000.0,,,0.6830088109012245,book_equity_over_market_equity,0.08475360979832156,net_income_over_market_equity,0.6830088109012245,0.08475360979832156,True,True,B_price_times_shares,
6366,Chiyoda Corporation,Construction,188411641856.0,raw_market_cap,39396000000.0,27625000000.0,1.6548227,8.964242,0.20909535956440384,book_equity_over_market_equity,0.14662045151707423,net_income_over_market_equity,0.20909535956440384,0.14662045151707423,True,True,A_raw_market_cap,
3104,"Fujibo Holdings,Inc.",Textiles and Apparels,46110514500.0,close_times_edinet_shares_outstanding,47460000000.0,4477000000.0,,,1.0292663292663975,book_equity_over_market_equity,0.09709282250580831,net_income_over_market_equity,1.0292663292663975,0.09709282250580831,True,True,B_price_times_shares,
4628,"SK KAKEN CO.,LTD.",Chemicals,132069890150.0,close_times_edinet_shares_outstanding,163520000000.0,10729000000.0,,,1.2381323238346011,book_equity_over_market_equity,0.08123729025453422,net_income_over_market_equity,1.2381323238346011,0.08123729025453422,True,True,B_price_times_shares,
4767,"TOW CO.,LTD.",Services,14346603600.0,close_times_edinet_shares_outstanding,9892005000.0,1132201000.0,,,0.6895015207641201,book_equity_over_market_equity,0.0789177028631362,net_income_over_market_equity,0.6895015207641201,0.0789177028631362,True,True,B_price_times_shares,
7719,TOKYO KOKI CO.LTD.,Precision Instruments,3146221249.0,close_times_edinet_shares_outstanding,1902474000.0,133490000.0,,,0.6046853826966827,book_equity_over_market_equity,0.04242867536490915,net_income_over_market_equity,0.6046853826966827,0.04242867536490915,True,True,B_price_times_shares,
6882,"Sansha Electric Manufacturing Co.,Ltd.",Electric Appliances,17839167000.0,close_times_edinet_shares_outstanding,24341000000.0,502000000.0,,,1.3644695405340395,book_equity_over_market_equity,0.028140327404300884,net_income_over_market_equity,1.3644695405340395,0.028140327404300884,True,True,B_price_times_shares,
6440,JUKI CORPORATION,Machinery,16583466724.0,close_times_edinet_shares_outstanding,32687000000.0,4143000000.0,,,1.9710595223551521,book_equity_over_market_equity,0.24982713620452765,net_income_over_market_equity,1.9710595223551521,0.24982713620452765,True,True,B_price_times_shares,
6103,OKUMA Corporation,Machinery,247754494260.0,close_times_edinet_shares_outstanding,238065000000.0,9762000000.0,,,0.9608907427131005,book_equity_over_market_equity,0.03940190884995815,net_income_over_market_equity,0.9608907427131005,0.03940190884995815,True,True,B_price_times_shares,
6626,SEMITEC Corporation,Electric Appliances,23688646800.0,close_times_edinet_shares_outstanding,23224524000.0,3331944000.0,,,0.9804073738817365,book_equity_over_market_equity,0.14065573386825964,net_income_over_market_equity,0.9804073738817365,0.14065573386825964,True,True,B_price_times_shares,
3817,"SRA Holdings,Inc.",Information & Communication,57737380000.0,close_times_edinet_shares_outstanding,31103000000.0,3437000000.0,,,0.5386978072091252,book_equity_over_market_equity,0.05952816009316668,net_income_over_market_equity,0.5386978072091252,0.05952816009316668,True,True,B_price_times_shares,
6150,"TAKEDA MACHINERY CO.,LTD.",Machinery,2515478400.0,close_times_edinet_shares_outstanding,5216019000.0,293670000.0,,,2.073569385449702,book_equity_over_market_equity,0.11674518850966878,net_income_over_market_equity,2.073569385449702,0.11674518850966878,True,True,B_price_times_shares,
6778,"Artiza Networks,Inc.",Electric Appliances,5522368400.0,close_times_edinet_shares_outstanding,6743929000.0,133054000.0,,,1.2212023015342475,book_equity_over_market_equity,0.02409364793554881,net_income_over_market_equity,1.2212023015342475,0.02409364793554881,True,True,B_price_times_shares,
9687,"KSK CO.,LTD",Information & Communication,26170358750.0,close_times_edinet_shares_outstanding,16719000000.0,1860000000.0,,,0.63885253388053,book_equity_over_market_equity,0.07107277426985979,net_income_over_market_equity,0.63885253388053,0.07107277426985979,True,True,B_price_times_shares,
7970,"Shin-Etsu Polymer Co.,Ltd.",Chemicals,185983929312.0,close_times_edinet_shares_outstanding,123154000000.0,11233000000.0,,,0.6621754925577534,book_equity_over_market_equity,0.06039769157235043,net_income_over_market_equity,0.6621754925577534,0.06039769157235043,True,True,B_price_times_shares,
6835,ALLIED TELESIS HOLDINGS K.K.,Electric Appliances,30033482336.0,close_times_edinet_shares_outstanding,21333639000.0,2921999000.0,,,0.7103285180629278,book_equity_over_market_equity,0.09729138190870096,net_income_over_market_equity,0.7103285180629278,0.09729138190870096,True,True,B_price_times_shares,
4437,"gooddays holdings,Inc.",Information & Communication,6147684000.0,close_times_edinet_shares_outstanding,3040565000.0,785648000.0,,,0.4945870672598006,book_equity_over_market_equity,0.12779576829257977,net_income_over_market_equity,0.4945870672598006,0.12779576829257977,True,True,B_price_times_shares,
7202,ISUZU MOTORS LIMITED,Transportation Equipment,1579958140928.0,raw_market_cap,1606413000000.0,77672000000.0,1.0678937,11.908832,1.0167440252920001,book_equity_over_market_equity,0.04916079609196405,net_income_over_market_equity,1.0167440252920001,0.04916079609196405,True,True,A_raw_market_cap,
6167,"Fuji Die Co.,Ltd.",Machinery,19595590000.0,close_times_edinet_shares_outstanding,20748000000.0,426000000.0,,,1.0588096607450963,book_equity_over_market_equity,0.021739585284239974,net_income_over_market_equity,1.0588096607450963,0.021739585284239974,True,True,B_price_times_shares,
6391,KAJI TECHNOLOGY CORPORATION,Machinery,7163552000.0,close_times_edinet_shares_outstanding,7818377000.0,578915000.0,,,1.0914106577295732,book_equity_over_market_equity,0.08081395933190685,net_income_over_market_equity,1.0914106577295732,0.08081395933190685,True,True,B_price_times_shares,
4078,"Sakai Chemical Industry Co.,Ltd.",Chemicals,91467828000.0,close_times_edinet_shares_outstanding,79386000000.0,6235000000.0,,,0.8679117208293171,book_equity_over_market_equity,0.0681660441308391,net_income_over_market_equity,0.8679117208293171,0.0681660441308391,True,True,B_price_times_shares,
7988,NIFCO INC.,Chemicals,410875117900.0,close_times_edinet_shares_outstanding,278725000000.0,45808000000.0,,,0.6783691390819069,book_equity_over_market_equity,0.11148886365795674,net_income_over_market_equity,0.6783691390819069,0.11148886365795674,True,True,B_price_times_shares,
6588,TOSHIBA TEC CORPORATION,Electric Appliances,168916369600.0,close_times_edinet_shares_outstanding,115685000000.0,30503000000.0,,,0.6848655359687531,book_equity_over_market_equity,0.1805804853149058,net_income_over_market_equity,0.6848655359687531,0.1805804853149058,True,True,B_price_times_shares,
4462,"ISHIHARA CHEMICAL CO.,LTD.",Chemicals,37216905500.0,close_times_edinet_shares_outstanding,21918409000.0,2465418000.0,,,0.5889369012692364,book_equity_over_market_equity,0.06624457264454725,net_income_over_market_equity,0.5889369012692364,0.06624457264454725,True,True,B_price_times_shares,
6946,"Nippon Avionics Co.,Ltd.",Electric Appliances,84496095900.0,close_times_edinet_shares_outstanding,13958000000.0,1964000000.0,,,0.16519106417081217,book_equity_over_market_equity,0.02324367746320928,net_income_over_market_equity,0.16519106417081217,0.02324367746320928,True,True,B_price_times_shares,
4220,RIKEN TECHNOS CORPORATION,Chemicals,78251191051.0,close_times_edinet_shares_outstanding,75780109000.0,9258306000.0,,,0.9684211573292286,book_equity_over_market_equity,0.11831520869715484,net_income_over_market_equity,0.9684211573292286,0.11831520869715484,True,True,B_price_times_shares,
6899,ASTI CORPORATION,Electric Appliances,7033063500.0,close_times_edinet_shares_outstanding,24583298000.0,633134000.0,,,3.4953897401893217,book_equity_over_market_equity,0.09002250583973825,net_income_over_market_equity,3.4953897401893217,0.09002250583973825,True,True,B_price_times_shares,
9757,Funai Soken Holdings Incorporated,Services,102123475000.0,close_times_edinet_shares_outstanding,28220914000.0,6532353000.0,,,0.27634110570561765,book_equity_over_market_equity,0.06396524403424383,net_income_over_market_equity,0.27634110570561765,0.06396524403424383,True,True,B_price_times_shares,
6844,"Shindengen Electric Manufacturing Co.,Ltd.",Electric Appliances,35954689240.0,close_times_edinet_shares_outstanding,66144000000.0,-3333000000.0,,,1.8396487745585643,book_equity_over_market_equity,,missing,1.8396487745585643,,True,False,B_price_times_shares,net_income_nonpositive_or_missing
5019,"Idemitsu Kosan Co.,Ltd.",Oil and Coal Products,1644286967808.0,raw_market_cap,1737699000000.0,104055000000.0,0.8618828,9.664554,1.0568100544617998,book_equity_over_market_equity,0.06328274932368758,net_income_over_market_equity,1.0568100544617998,0.06328274932368758,True,True,A_raw_market_cap,
3635,"KOEI TECMO HOLDINGS CO.,LTD.",Information & Communication,478672681522.0,close_times_edinet_shares_outstanding,189421000000.0,37628000000.0,,,0.3957213505431563,book_equity_over_market_equity,0.0786090400654515,net_income_over_market_equity,0.3957213505431563,0.0786090400654515,True,True,B_price_times_shares,
4119,Nippon Pigment Holdings Company Limited,Chemicals,8632794500.0,close_times_edinet_shares_outstanding,21581061000.0,5026157000.0,,,2.4998928214959824,book_equity_over_market_equity,0.5822166854545188,net_income_over_market_equity,2.4998928214959824,0.4713793788347592,True,True,B_price_times_shares,
9709,"NCS&A CO.,LTD.",Information & Communication,21489164800.0,close_times_edinet_shares_outstanding,14226599000.0,2109184000.0,,,0.6620359205398247,book_equity_over_market_equity,0.09815104587033555,net_income_over_market_equity,0.6620359205398247,0.09815104587033555,True,True,B_price_times_shares,
4095,"NIHON PARKERIZING CO.,LTD.",Chemicals,160112591136.0,close_times_edinet_shares_outstanding,223298000000.0,14188000000.0,,,1.3946311056219818,book_equity_over_market_equity,0.0886126437610936,net_income_over_market_equity,1.3946311056219818,0.0886126437610936,True,True,B_price_times_shares,
6455,MORITA HOLDINGS CORPORATION,Transportation Equipment,105331772030.0,close_times_edinet_shares_outstanding,97702000000.0,9566000000.0,,,0.9275643817344407,book_equity_over_market_equity,0.09081780184307035,net_income_over_market_equity,0.9275643817344407,0.09081780184307035,True,True,B_price_times_shares,
4668,"MEIKO NETWORK JAPAN CO.,LTD.",Services,17237705100.0,close_times_edinet_shares_outstanding,12953000000.0,1952000000.0,,,0.7514341337699297,book_equity_over_market_equity,0.11324013194772661,net_income_over_market_equity,0.7514341337699297,0.11324013194772661,True,True,B_price_times_shares,
9347,"NIPPON KANZAI Holdings Co.,Ltd.",Services,98103577406.0,close_times_edinet_shares_outstanding,70038000000.0,6348000000.0,,,0.7139189196959548,book_equity_over_market_equity,0.06470712045218198,net_income_over_market_equity,0.7139189196959548,0.06470712045218198,True,True,B_price_times_shares,
3101,"TOYOBO CO.,LTD.",Chemicals,168850705180.0,close_times_edinet_shares_outstanding,232044000000.0,5199000000.0,,,1.3742554391622708,book_equity_over_market_equity,0.030790513989608203,net_income_over_market_equity,1.3742554391622708,0.030790513989608203,True,True,B_price_times_shares,
4341,SEIRYO ELECTRIC CORPORATION,Services,2889513200.0,close_times_edinet_shares_outstanding,5434000000.0,81000000.0,,,1.8805935892592565,book_equity_over_market_equity,0.0280324035204269,net_income_over_market_equity,1.8805935892592565,0.0280324035204269,True,True,B_price_times_shares,
7925,"MAEZAWA KASEI INDUSTRIES CO.,LTD.",Chemicals,28766543400.0,close_times_edinet_shares_outstanding,41513000000.0,1724000000.0,,,1.443100042391607,book_equity_over_market_equity,0.059930731893217314,net_income_over_market_equity,1.443100042391607,0.059930731893217314,True,True,B_price_times_shares,
6289,GIKEN LTD.,Machinery,46652557392.0,close_times_edinet_shares_outstanding,40285000000.0,1487000000.0,,,0.86351107532013,book_equity_over_market_equity,0.03187392252702081,net_income_over_market_equity,0.86351107532013,0.03187392252702081,True,True,B_price_times_shares,
5921,"Kawagishi Bridge Works Co.,Ltd.",Metal Products,11358918000.0,close_times_edinet_shares_outstanding,28956238000.0,1447253000.0,,,2.54920741570632,book_equity_over_market_equity,0.1274111671551815,net_income_over_market_equity,2.54920741570632,0.1274111671551815,True,True,B_price_times_shares,
4923,"COTA CO.,LTD.",Chemicals,29941670577.0,close_times_edinet_shares_outstanding,13989551000.0,1304523000.0,,,0.4672268023263277,book_equity_over_market_equity,0.04356881145443109,net_income_over_market_equity,0.4672268023263277,0.04356881145443109,True,True,B_price_times_shares,
2207,"MEITO CO.,LTD.",Foods,50055528256.0,close_times_edinet_shares_outstanding,54912000000.0,4719000000.0,,,1.0970216859796673,book_equity_over_market_equity,0.09427530113887767,net_income_over_market_equity,1.0970216859796673,0.09427530113887767,True,True,B_price_times_shares,
2485,TEAR Corporation,Services,10013568000.0,close_times_edinet_shares_outstanding,8627000000.0,891000000.0,,,0.8615310746379312,book_equity_over_market_equity,0.08897927292249876,net_income_over_market_equity,0.8615310746379312,0.08897927292249876,True,True,B_price_times_shares,
4635,"TOKYO PRINTING INK MFG.CO.,LTD.",Chemicals,3188868550.0,close_times_edinet_shares_outstanding,29831000000.0,1460000000.0,,,9.354728654462726,book_equity_over_market_equity,0.457842641397056,net_income_over_market_equity,4.561669803968577,0.457842641397056,True,True,B_price_times_shares,
4686,JUSTSYSTEMS CORPORATION,Information & Communication,270382619000.0,close_times_edinet_shares_outstanding,105123000000.0,12327000000.0,,,0.38879348232069605,book_equity_over_market_equity,0.04559094828503011,net_income_over_market_equity,0.38879348232069605,0.04559094828503011,True,True,B_price_times_shares,
9534,"HOKKAIDO GAS CO.,LTD.",Electric Power and Gas,64521649560.0,close_times_edinet_shares_outstanding,88486000000.0,10428000000.0,,,1.3714156504587667,book_equity_over_market_equity,0.16162017045616278,net_income_over_market_equity,1.3714156504587667,0.16162017045616278,True,True,B_price_times_shares,
3837,Ad-Sol Nissin Corporation,Information & Communication,24744762000.0,close_times_edinet_shares_outstanding,7074955000.0,1209503000.0,,,0.2859172781698203,book_equity_over_market_equity,0.048879152686940375,net_income_over_market_equity,0.2859172781698203,0.048879152686940375,True,True,B_price_times_shares,
4248,"Takemoto Yohki Co.,Ltd.",Chemicals,10413821000.0,close_times_edinet_shares_outstanding,12067270000.0,1316502000.0,,,1.1587744786471748,book_equity_over_market_equity,0.12641872757367348,net_income_over_market_equity,1.1587744786471748,0.12641872757367348,True,True,B_price_times_shares,
6266,"TAZMO CO.,LTD.",Machinery,56077534820.0,close_times_edinet_shares_outstanding,27037398000.0,3586404000.0,,,0.4821431271325632,book_equity_over_market_equity,0.06395438051105115,net_income_over_market_equity,0.4821431271325632,0.06395438051105115,True,True,B_price_times_shares,
7942,JSP Corporation,Chemicals,67326741237.0,close_times_edinet_shares_outstanding,105855000000.0,5120000000.0,,,1.5722578882494087,book_equity_over_market_equity,0.07604704915060198,net_income_over_market_equity,1.5722578882494087,0.07604704915060198,True,True,B_price_times_shares,
7280,MITSUBA Corporation,Electric Appliances,56931485696.0,close_times_edinet_shares_outstanding,110886000000.0,15435000000.0,,,1.947709578353597,book_equity_over_market_equity,0.27111535578781604,net_income_over_market_equity,1.947709578353597,0.27111535578781604,True,True,B_price_times_shares,
4094,"NIHON KAGAKU SANGYO CO.,LTD.",Chemicals,39711369000.0,close_times_edinet_shares_outstanding,46478870000.0,2357304000.0,,,1.1704172172961351,book_equity_over_market_equity,0.059360935151845304,net_income_over_market_equity,1.1704172172961351,0.059360935151845304,True,True,B_price_times_shares,
6472,NTN CORPORATION,Machinery,234426968307.0,close_times_edinet_shares_outstanding,248699000000.0,-23801000000.0,,,1.0608805027683919,book_equity_over_market_equity,,missing,1.0608805027683919,,True,False,B_price_times_shares,net_income_nonpositive_or_missing
4644,"Imagineer Co.,Ltd.",Information & Communication,9795845700.0,close_times_edinet_shares_outstanding,12168656000.0,631359000.0,,,1.2422261816557605,book_equity_over_market_equity,0.0644517093608365,net_income_over_market_equity,1.2422261816557605,0.0644517093608365,True,True,B_price_times_shares,
6539,"MATCHING SERVICE JAPAN CO.,LTD.",Services,23007396000.0,close_times_edinet_shares_outstanding,10134193000.0,1334343000.0,,,0.44047544537417443,book_equity_over_market_equity,0.05799626346241009,net_income_over_market_equity,0.44047544537417443,0.05799626346241009,True,True,B_price_times_shares,
6469,"HODEN SEIMITSU KAKO KENKYUSHO CO.,LTD.",Machinery,28517736000.0,close_times_edinet_shares_outstanding,9688712000.0,852370000.0,,,0.3397433793482063,book_equity_over_market_equity,0.029889118827665703,net_income_over_market_equity,0.3397433793482063,0.029889118827665703,True,True,B_price_times_shares,
2393,"Nippon Care Supply Co.,Ltd.",Services,38889274735.0,close_times_edinet_shares_outstanding,17518584000.0,1796244000.0,,,0.4504734047979926,book_equity_over_market_equity,0.04618867315577363,net_income_over_market_equity,0.4504734047979926,0.04618867315577363,True,True,B_price_times_shares,
4041,"Nippon Soda Co.,Ltd.",Chemicals,196943098380.0,close_times_edinet_shares_outstanding,188102000000.0,15127000000.0,,,0.955108361487534,book_equity_over_market_equity,0.07680898759301828,net_income_over_market_equity,0.955108361487534,0.07680898759301828,True,True,B_price_times_shares,
9605,"TOEI COMPANY,LTD.",Information & Communication,374403052450.0,close_times_edinet_shares_outstanding,354323000000.0,29189000000.0,,,0.9463678185351291,book_equity_over_market_equity,0.07796143703688974,net_income_over_market_equity,0.9463678185351291,0.07796143703688974,True,True,B_price_times_shares,
4728,"TOSE CO.,LTD.",Information & Communication,4873644220.0,close_times_edinet_shares_outstanding,6161896000.0,253959000.0,,,1.2643302879421099,book_equity_over_market_equity,0.05210864571480763,net_income_over_market_equity,1.2643302879421099,0.05210864571480763,True,True,B_price_times_shares,
4206,"Aica Kogyo Company,Limited",Chemicals,213947086184.0,close_times_edinet_shares_outstanding,189723000000.0,18701000000.0,,,0.8867753395661269,book_equity_over_market_equity,0.08740946340309892,net_income_over_market_equity,0.8867753395661269,0.08740946340309892,True,True,B_price_times_shares,
2180,SUNNY SIDE UP GROUP Inc.,Services,19649903400.0,close_times_edinet_shares_outstanding,4701060000.0,954110000.0,,,0.23924087077191433,book_equity_over_market_equity,0.048555454985086594,net_income_over_market_equity,0.23924087077191433,0.048555454985086594,True,True,B_price_times_shares,
5333,NGK Corporation,Glass and Ceramics Products,1827767320576.0,raw_market_cap,727506000000.0,55005000000.0,2.2586346,30.864498,0.3980298760187565,book_equity_over_market_equity,0.030094093148938565,net_income_over_market_equity,0.3980298760187565,0.030094093148938565,True,True,A_raw_market_cap,
9759,"NSD CO.,LTD.",Information & Communication,199227733650.0,close_times_edinet_shares_outstanding,68252000000.0,11929000000.0,,,0.34258282594281775,book_equity_over_market_equity,0.05987620187938628,net_income_over_market_equity,0.34258282594281775,0.05987620187938628,True,True,B_price_times_shares,
2121,"MIXI,Inc.",Information & Communication,183977223750.0,close_times_edinet_shares_outstanding,181333000000.0,17645000000.0,,,0.9856274396574592,book_equity_over_market_equity,0.09590861107882111,net_income_over_market_equity,0.9856274396574592,0.09590861107882111,True,True,B_price_times_shares,
2169,"CDS Co.,Ltd.",Services,12002672000.0,close_times_edinet_shares_outstanding,9367365000.0,683787000.0,,,0.7804399720328941,book_equity_over_market_equity,0.056969564776909676,net_income_over_market_equity,0.7804399720328941,0.056969564776909676,True,True,B_price_times_shares,
4008,"Sumitomo Seika Chemicals Company,Limited.",Chemicals,16671620640.0,close_times_edinet_shares_outstanding,94312000000.0,5961000000.0,,,5.6570385109242745,book_equity_over_market_equity,0.35755372130396557,net_income_over_market_equity,4.561669803968577,0.35755372130396557,True,True,B_price_times_shares,
4247,"POVAL KOGYO CO.,LTD.",Chemicals,3343307400.0,close_times_edinet_shares_outstanding,5717895000.0,172795000.0,,,1.7102510525954029,book_equity_over_market_equity,0.051683850548711135,net_income_over_market_equity,1.7102510525954029,0.051683850548711135,True,True,B_price_times_shares,
6666,RIVER ELETEC CORPORATION,Electric Appliances,9637390892.0,close_times_edinet_shares_outstanding,4497657000.0,-85360000.0,,,0.46668824066620623,book_equity_over_market_equity,,missing,0.46668824066620623,,True,False,B_price_times_shares,net_income_nonpositive_or_missing
4752,SHOWA SYSTEM ENGINEERING CORPORATION,Information & Communication,6417518800.0,close_times_edinet_shares_outstanding,5342674000.0,714133000.0,,,0.8325139616264154,book_equity_over_market_equity,0.11127867673718385,net_income_over_market_equity,0.8325139616264154,0.11127867673718385,True,True,B_price_times_shares,
9622,"SPACE CO.,LTD.",Services,34617218609.0,close_times_edinet_shares_outstanding,34916802000.0,3781444000.0,,,1.0086541727798464,book_equity_over_market_equity,0.10923592801349086,net_income_over_market_equity,1.0086541727798464,0.10923592801349086,True,True,B_price_times_shares,
6521,OXIDE Corporation,Electric Appliances,61808689152.0,raw_market_cap,5137977000.0,-538075000.0,13.129631,115.11879,0.08312709864085098,book_equity_over_market_equity,,missing,0.09741440959758958,,True,False,A_raw_market_cap,net_income_nonpositive_or_missing
4401,ADEKA CORPORATION,Chemicals,422313955902.0,close_times_edinet_shares_outstanding,351776000000.0,28516000000.0,,,0.8329727092457994,book_equity_over_market_equity,0.06752322437247912,net_income_over_market_equity,0.8329727092457994,0.06752322437247912,True,True,B_price_times_shares,
6413,RISO KAGAKU CORPORATION,Machinery,62966822000.0,close_times_edinet_shares_outstanding,66505000000.0,5014000000.0,,,1.0561911477762052,book_equity_over_market_equity,0.07962923712427475,net_income_over_market_equity,1.0561911477762052,0.07962923712427475,True,True,B_price_times_shares,
6728,"ULVAC, Inc.",Electric Appliances,441187270656.0,raw_market_cap,231080000000.0,18437000000.0,1.9213357,35.356243,0.5237685113997235,book_equity_over_market_equity,0.041789510319701836,net_income_over_market_equity,0.5237685113997235,0.041789510319701836,True,True,A_raw_market_cap,
2359,CORE CORPORATION,Information & Communication,29430333440.0,close_times_edinet_shares_outstanding,18532134000.0,2242340000.0,,,0.629695006269015,book_equity_over_market_equity,0.07619145751683336,net_income_over_market_equity,0.629695006269015,0.07619145751683336,True,True,B_price_times_shares,
6337,TESEC Corporation,Machinery,13485838890.0,close_times_edinet_shares_outstanding,14165000000.0,633000000.0,,,1.050361057664986,book_equity_over_market_equity,0.04693812562668098,net_income_over_market_equity,1.050361057664986,0.04693812562668098,True,True,B_price_times_shares,
4218,"NICHIBAN CO.,LTD.",Chemicals,37111733438.0,close_times_edinet_shares_outstanding,43187000000.0,1959000000.0,,,1.1637020424322007,book_equity_over_market_equity,0.05278653995703988,net_income_over_market_equity,1.1637020424322007,0.05278653995703988,True,True,B_price_times_shares,
6730,AXELL CORPORATION,Electric Appliances,12543146616.0,close_times_edinet_shares_outstanding,13015000000.0,985000000.0,,,1.0376184221109324,book_equity_over_market_equity,0.0785289393606814,net_income_over_market_equity,1.0376184221109324,0.0785289393606814,True,True,B_price_times_shares,
4229,"Gun Ei Chemical Industry Co.,Ltd.",Chemicals,30943915320.0,close_times_edinet_shares_outstanding,51731000000.0,2055000000.0,,,1.6717664673340373,book_equity_over_market_equity,0.06641047129132333,net_income_over_market_equity,1.6717664673340373,0.06641047129132333,True,True,B_price_times_shares,
4926,"C'BON COSMETICS Co.,Ltd.",Chemicals,5141000600.0,close_times_edinet_shares_outstanding,5803671000.0,144372000.0,,,1.1288991096402516,book_equity_over_market_equity,0.028082470949332316,net_income_over_market_equity,1.1288991096402516,0.028082470949332316,True,True,B_price_times_shares,
9049,"Keifuku Electric Railroad Co.,Ltd.",Land Transportation,14507290000.0,close_times_edinet_shares_outstanding,13656000000.0,1908000000.0,,,0.9413198467804808,book_equity_over_market_equity,0.13152008404050652,net_income_over_market_equity,0.9413198467804808,0.13152008404050652,True,True,B_price_times_shares,
3682,"Encourage Technologies Co.,Ltd.",Information & Communication,3921443200.0,close_times_edinet_shares_outstanding,3513011000.0,220239000.0,,,0.8958464577531048,book_equity_over_market_equity,0.05616274130911803,net_income_over_market_equity,0.8958464577531048,0.05616274130911803,True,True,B_price_times_shares,
9551,"METAWATER Co.,Ltd.",Electric Power and Gas,145971786000.0,close_times_edinet_shares_outstanding,85350000000.0,7294000000.0,,,0.5847020327613173,book_equity_over_market_equity,0.04996856036275393,net_income_over_market_equity,0.5847020327613173,0.04996856036275393,True,True,B_price_times_shares,
4951,S.T.CORPORATION,Chemicals,30491223600.0,close_times_edinet_shares_outstanding,33236000000.0,3387000000.0,,,1.0900185717702717,book_equity_over_market_equity,0.11108114401811019,net_income_over_market_equity,1.0900185717702717,0.11108114401811019,True,True,B_price_times_shares,
7769,"RHYTHM CO.,LTD.",Precision Instruments,30003264555.0,close_times_edinet_shares_outstanding,31308000000.0,1084000000.0,,,1.0434864493698093,book_equity_over_market_equity,0.036129401786025084,net_income_over_market_equity,1.0434864493698093,0.036129401786025084,True,True,B_price_times_shares,
3710,"Jorudan Co.,Ltd.",Information & Communication,3121689600.0,close_times_edinet_shares_outstanding,4602885000.0,262787000.0,,,1.4744851634191944,book_equity_over_market_equity,0.08418101530658269,net_income_over_market_equity,1.4744851634191944,0.08418101530658269,True,True,B_price_times_shares,
6658,"Shirai Electronics Industrial Co.,Ltd.",Electric Appliances,6865449500.0,close_times_edinet_shares_outstanding,10054000000.0,2098000000.0,,,1.4644343389314858,book_equity_over_market_equity,0.3055881483069681,net_income_over_market_equity,1.4644343389314858,0.3055881483069681,True,True,B_price_times_shares,
4116,"Dainichiseika Color & Chemicals Mfg.Co.,Ltd.",Chemicals,17277310470.0,close_times_edinet_shares_outstanding,130497000000.0,13182000000.0,,,7.553085315367375,book_equity_over_market_equity,0.762965973372359,net_income_over_market_equity,4.561669803968577,0.4713793788347592,True,True,B_price_times_shares,
9367,"DAITO KOUN CO.,LTD.",Warehousing and Harbor Transportation Service,15772715200.0,close_times_edinet_shares_outstanding,9569539000.0,633529000.0,,,0.60671475257475,book_equity_over_market_equity,0.0401661344902747,net_income_over_market_equity,0.60671475257475,0.0401661344902747,True,True,B_price_times_shares,
7782,"Sincere Co.,LTD.",Precision Instruments,2868206500.0,close_times_edinet_shares_outstanding,2868341000.0,279906000.0,,,1.0000468934157984,book_equity_over_market_equity,0.09758920775055771,net_income_over_market_equity,1.0000468934157984,0.09758920775055771,True,True,B_price_times_shares,
4627,"NATOCO CO.,LTD.",Chemicals,14021708800.0,close_times_edinet_shares_outstanding,24584945000.0,1137776000.0,,,1.7533487073986302,book_equity_over_market_equity,0.08114389025109407,net_income_over_market_equity,1.7533487073986302,0.08114389025109407,True,True,B_price_times_shares,
9405,ASAHI BROADCASTING GROUP HOLDINGS CORPORATION,Information & Communication,33679095900.0,close_times_edinet_shares_outstanding,78226000000.0,2502000000.0,,,2.3226870528908705,book_equity_over_market_equity,0.07428940513809933,net_income_over_market_equity,2.3226870528908705,0.07428940513809933,True,True,B_price_times_shares,
5959,"OKABE CO.,LTD.",Metal Products,41332683032.0,close_times_edinet_shares_outstanding,61906000000.0,3286000000.0,,,1.4977493706874054,book_equity_over_market_equity,0.07950125080087252,net_income_over_market_equity,1.4977493706874054,0.07950125080087252,True,True,B_price_times_shares,
1961,"SANKI ENGINEERING CO.,LTD.",Construction,114465804816.0,close_times_edinet_shares_outstanding,106380000000.0,17203000000.0,,,0.9293605209957886,book_equity_over_market_equity,0.1502894251051941,net_income_over_market_equity,0.9293605209957886,0.1502894251051941,True,True,B_price_times_shares,
4216,ASAHI YUKIZAI CORPORATION,Chemicals,127989784000.0,close_times_edinet_shares_outstanding,78262000000.0,7811000000.0,,,0.6114706780034882,book_equity_over_market_equity,0.06102830832185794,net_income_over_market_equity,0.6114706780034882,0.06102830832185794,True,True,B_price_times_shares,
5997,KYORITSU AIR TECH INC.,Metal Products,3845285900.0,close_times_edinet_shares_outstanding,9862448000.0,464647000.0,,,2.5648152716030816,book_equity_over_market_equity,0.12083548846133911,net_income_over_market_equity,2.5648152716030816,0.12083548846133911,True,True,B_price_times_shares,
6570,Kyowa Corporation,Services,9934241380.0,close_times_edinet_shares_outstanding,4871897000.0,917229000.0,,,0.49041459872399434,book_equity_over_market_equity,0.09233004966505051,net_income_over_market_equity,0.49041459872399434,0.09233004966505051,True,True,B_price_times_shares,
3913,"GreenBee,Inc.",Information & Communication,2347564210.0,close_times_edinet_shares_outstanding,1390467000.0,203898000.0,,,0.5923020099203166,book_equity_over_market_equity,0.08685513228198347,net_income_over_market_equity,0.5923020099203166,0.08685513228198347,True,True,B_price_times_shares,
6292,"KAWATA MFG. CO.,LTD.",Machinery,5877811000.0,close_times_edinet_shares_outstanding,13480115000.0,639226000.0,,,2.2933903454874613,book_equity_over_market_equity,0.10875239098365021,net_income_over_market_equity,2.2933903454874613,0.10875239098365021,True,True,B_price_times_shares,
5801,"Furukawa Electric Co.,Ltd.",Nonferrous Metals,3667335577600.0,raw_market_cap,373336000000.0,37331000000.0,8.793557,50.57286,0.10180033762940255,book_equity_over_market_equity,0.010179324801367204,net_income_over_market_equity,0.10180033762940255,0.010179324801367204,True,True,A_raw_market_cap,
2173,Hakuten Corporation,Services,11086941480.0,close_times_edinet_shares_outstanding,5003044000.0,1920070000.0,,,0.4512555612406822,book_equity_over_market_equity,0.17318301927214647,net_income_over_market_equity,0.4512555612406822,0.17318301927214647,True,True,B_price_times_shares,
2493,"E-SUPPORTLINK,Ltd.",Services,4021870500.0,close_times_edinet_shares_outstanding,3707858000.0,146761000.0,,,0.9219237665658305,book_equity_over_market_equity,0.03649073235948298,net_income_over_market_equity,0.9219237665658305,0.03649073235948298,True,True,B_price_times_shares,
4246,DaikyoNishikawa Corporation,Chemicals,76619718600.0,close_times_edinet_shares_outstanding,89949000000.0,6727000000.0,,,1.1739667234956408,book_equity_over_market_equity,0.08779724231459132,net_income_over_market_equity,1.1739667234956408,0.08779724231459132,True,True,B_price_times_shares,
6072,"Jibannet Holdings Co.,Ltd.",Services,35975664000.0,close_times_edinet_shares_outstanding,1193036000.0,74227000.0,,,0.033162306608156,book_equity_over_market_equity,0.0020632558720806377,net_income_over_market_equity,0.09741440959758958,0.006806227117135984,True,True,B_price_times_shares,
4624,"Isamu Paint Co.,Ltd.",Chemicals,6822048000.0,close_times_edinet_shares_outstanding,17639961000.0,567752000.0,,,2.5857280687558926,book_equity_over_market_equity,0.08322310250528873,net_income_over_market_equity,2.5857280687558926,0.08322310250528873,True,True,B_price_times_shares,
5982,"MARUZEN CO.,LTD.",Metal Products,56621650000.0,close_times_edinet_shares_outstanding,54683409000.0,5216826000.0,,,0.9657685531947585,book_equity_over_market_equity,0.09213482828564692,net_income_over_market_equity,0.9657685531947585,0.09213482828564692,True,True,B_price_times_shares,
5911,Yokogawa Bridge Holdings Corp.,Metal Products,111859739530.0,close_times_edinet_shares_outstanding,129091000000.0,12887000000.0,,,1.1540434524736105,book_equity_over_market_equity,0.11520677639825719,net_income_over_market_equity,1.1540434524736105,0.11520677639825719,True,True,B_price_times_shares,
2349,"Nippon Information Development Co.,Ltd.",Information & Communication,25598657370.0,close_times_edinet_shares_outstanding,21651768000.0,2367179000.0,,,0.8458165476043481,book_equity_over_market_equity,0.09247277955968829,net_income_over_market_equity,0.8458165476043481,0.09247277955968829,True,True,B_price_times_shares,
3839,"ODK Solutions Company,Ltd.",Information & Communication,5110687500.0,close_times_edinet_shares_outstanding,6357325000.0,324066000.0,,,1.2439275537782344,book_equity_over_market_equity,0.06340947279597901,net_income_over_market_equity,1.2439275537782344,0.06340947279597901,True,True,B_price_times_shares,
5915,KOMAIHALTEC Inc.,Metal Products,10397890025.0,close_times_edinet_shares_outstanding,32300000000.0,1557000000.0,,,3.1063994639624015,book_equity_over_market_equity,0.1497419184331102,net_income_over_market_equity,3.1063994639624015,0.1497419184331102,True,True,B_price_times_shares,
4665,"DUSKIN CO.,LTD.",Services,193847977400.0,close_times_edinet_shares_outstanding,151542000000.0,8854000000.0,,,0.7817569315531069,book_equity_over_market_equity,0.045674967150830845,net_income_over_market_equity,0.7817569315531069,0.045674967150830845,True,True,B_price_times_shares,
4629,"DAISHIN CHEMICAL CO.,LTD.",Chemicals,8830136000.0,close_times_edinet_shares_outstanding,16520182000.0,588158000.0,,,1.8708864733227213,book_equity_over_market_equity,0.06660803412314374,net_income_over_market_equity,1.8708864733227213,0.06660803412314374,True,True,B_price_times_shares,
4028,"ISHIHARA SANGYO KAISHA,LTD.",Chemicals,127593574905.0,close_times_edinet_shares_outstanding,114448000000.0,8462000000.0,,,0.8969730653382229,book_equity_over_market_equity,0.06631995385583009,net_income_over_market_equity,0.8969730653382229,0.06631995385583009,True,True,B_price_times_shares,
9678,"KANAMOTO CO.,LTD.",Services,171688438130.0,close_times_edinet_shares_outstanding,157463000000.0,11740000000.0,,,0.9171438782661142,book_equity_over_market_equity,0.06837967732638259,net_income_over_market_equity,0.9171438782661142,0.06837967732638259,True,True,B_price_times_shares,
4380,M - mart Inc.,Information & Communication,5687535200.0,close_times_edinet_shares_outstanding,2134185000.0,423109000.0,,,0.3752389963230469,book_equity_over_market_equity,0.07439233079383843,net_income_over_market_equity,0.3752389963230469,0.07439233079383843,True,True,B_price_times_shares,
4977,Nitta Gelatin Inc.,Chemicals,21801448800.0,close_times_edinet_shares_outstanding,25374000000.0,4060000000.0,,,1.1638676049822891,book_equity_over_market_equity,0.18622615575896956,net_income_over_market_equity,1.1638676049822891,0.18622615575896956,True,True,B_price_times_shares,
6145,"NITTOKU CO.,LTD.",Machinery,56437585935.0,close_times_edinet_shares_outstanding,36603000000.0,2362000000.0,,,0.6485571520042728,book_equity_over_market_equity,0.04185154203300528,net_income_over_market_equity,0.6485571520042728,0.04185154203300528,True,True,B_price_times_shares,
6223,"Seibu Giken Co.,Ltd.",Machinery,42995817500.0,close_times_edinet_shares_outstanding,32224000000.0,3490000000.0,,,0.7494682476964184,book_equity_over_market_equity,0.08117068596265206,net_income_over_market_equity,0.7494682476964184,0.08117068596265206,True,True,B_price_times_shares,
6424,"TAKAMISAWA CYBERNETICS COMPANY,LTD.",Machinery,3879565200.0,close_times_edinet_shares_outstanding,6038794000.0,1001137000.0,,,1.556564637707339,book_equity_over_market_equity,0.2580539180009141,net_income_over_market_equity,1.556564637707339,0.2580539180009141,True,True,B_price_times_shares,
4521,"KAKEN PHARMACEUTICAL CO.,LTD.",Pharmaceutical,149947879350.0,close_times_edinet_shares_outstanding,153484000000.0,16449000000.0,,,1.0235823318430946,book_equity_over_market_equity,0.10969811691438236,net_income_over_market_equity,1.0235823318430946,0.10969811691438236,True,True,B_price_times_shares,
7871,"FUKUVI CHEMICAL INDUSTRY CO.,LTD.",Chemicals,17258696875.0,close_times_edinet_shares_outstanding,37520000000.0,1531000000.0,,,2.1739764173243814,book_equity_over_market_equity,0.08870889911843359,net_income_over_market_equity,2.1739764173243814,0.08870889911843359,True,True,B_price_times_shares,
5186,Nitta Corporation,Rubber Products,164066037700.0,close_times_edinet_shares_outstanding,154176000000.0,12200000000.0,,,0.9397191652907212,book_equity_over_market_equity,0.07436030132152086,net_income_over_market_equity,0.9397191652907212,0.07436030132152086,True,True,B_price_times_shares,
9385,SHOEI CORPORATION,Chemicals,5262291300.0,close_times_edinet_shares_outstanding,4276814000.0,597951000.0,,,0.8127284781821181,book_equity_over_market_equity,0.11362939942150295,net_income_over_market_equity,0.8127284781821181,0.11362939942150295,True,True,B_price_times_shares,
5990,"SUPER TOOL CO.,LTD.",Metal Products,4598266239.0,close_times_edinet_shares_outstanding,10276143000.0,256083000.0,,,2.2347864316431547,book_equity_over_market_equity,0.055691207661714516,net_income_over_market_equity,2.2347864316431547,0.055691207661714516,True,True,B_price_times_shares,
9708,"Imperial Hotel,Ltd.",Services,125739320000.0,close_times_edinet_shares_outstanding,45347000000.0,2585000000.0,,,0.3606429556005234,book_equity_over_market_equity,0.02055840607377231,net_income_over_market_equity,0.3606429556005234,0.02055840607377231,True,True,B_price_times_shares,
7595,ARGO GRAPHICS Inc.,Information & Communication,27628723000.0,close_times_edinet_shares_outstanding,59669909000.0,7615639000.0,,,2.159705644014021,book_equity_over_market_equity,0.27564209174633225,net_income_over_market_equity,2.159705644014021,0.27564209174633225,True,True,B_price_times_shares,
3826,System Integrator Corp.,Information & Communication,4836585400.0,close_times_edinet_shares_outstanding,4465003000.0,458447000.0,,,0.9231725754289379,book_equity_over_market_equity,0.09478732661269663,net_income_over_market_equity,0.9231725754289379,0.09478732661269663,True,True,B_price_times_shares,
4471,"SANYO CHEMICAL INDUSTRIES,LTD.",Chemicals,117173611520.0,close_times_edinet_shares_outstanding,138302000000.0,4906000000.0,,,1.1803169519648513,book_equity_over_market_equity,0.04186949549782043,net_income_over_market_equity,1.1803169519648513,0.04186949549782043,True,True,B_price_times_shares,
7224,"ShinMaywa Industries,LTD.",Transportation Equipment,144144034800.0,close_times_edinet_shares_outstanding,113066000000.0,9150000000.0,,,0.784395970023173,book_equity_over_market_equity,0.0634781731529552,net_income_over_market_equity,0.784395970023173,0.0634781731529552,True,True,B_price_times_shares,
4994,"Taisei Lamick Group Head Quarter & Innovation Co.,Ltd.",Chemicals,13814314800.0,close_times_edinet_shares_outstanding,25157659000.0,1690889000.0,,,1.821129702357731,book_equity_over_market_equity,0.12240122108698435,net_income_over_market_equity,1.821129702357731,0.12240122108698435,True,True,B_price_times_shares,
5942,"NIPPON FILCON CO.,LTD.",Metal Products,10914742160.0,close_times_edinet_shares_outstanding,22552810000.0,-1038097000.0,,,2.066270523792199,book_equity_over_market_equity,,missing,2.066270523792199,,True,False,B_price_times_shares,net_income_nonpositive_or_missing
2179,"SEIGAKUSHA CO.,LTD.",Services,4438320000.0,close_times_edinet_shares_outstanding,3871183000.0,473179000.0,,,0.8722180915301285,book_equity_over_market_equity,0.10661218659312532,net_income_over_market_equity,0.8722180915301285,0.10661218659312532,True,True,B_price_times_shares,
4465,"Niitaka Co., Ltd.",Chemicals,12710132156.0,close_times_edinet_shares_outstanding,14756733000.0,1805495000.0,,,1.161021208818342,book_equity_over_market_equity,0.14205163076512073,net_income_over_market_equity,1.161021208818342,0.14205163076512073,True,True,B_price_times_shares,
7040,"SUN-LIFE HOLDING CO.,LTD.",Services,6006859200.0,close_times_edinet_shares_outstanding,6604078000.0,835466000.0,,,1.0994228065142595,book_equity_over_market_equity,0.13908533098295361,net_income_over_market_equity,1.0994228065142595,0.13908533098295361,True,True,B_price_times_shares,
6040,"Nippon Ski Resort Development Co.,Ltd.",Services,21485178000.0,close_times_edinet_shares_outstanding,8702591000.0,1733258000.0,,,0.40505091463519644,book_equity_over_market_equity,0.08067226624792218,net_income_over_market_equity,0.40505091463519644,0.08067226624792218,True,True,B_price_times_shares,
5393,NICHIAS CORPORATION,Glass and Ceramics Products,226502468857.0,close_times_edinet_shares_outstanding,216434000000.0,32184000000.0,,,0.955548083392607,book_equity_over_market_equity,0.1420911664336826,net_income_over_market_equity,0.955548083392607,0.1420911664336826,True,True,B_price_times_shares,
7317,"Matsuya R&D Co.,Ltd",Transportation Equipment,23677260900.0,close_times_edinet_shares_outstanding,6932227000.0,1560404000.0,,,0.29277993891599174,book_equity_over_market_equity,0.06590306229214207,net_income_over_market_equity,0.29277993891599174,0.06590306229214207,True,True,B_price_times_shares,
6771,"IKEGAMI TSUSHINKI CO.,LTD.",Electric Appliances,4102365440.0,close_times_edinet_shares_outstanding,14151000000.0,235000000.0,,,3.449473287294464,book_equity_over_market_equity,0.057284023921574376,net_income_over_market_equity,3.449473287294464,0.057284023921574376,True,True,B_price_times_shares,
3435,"SANKO TECHNO CO.,LTD.",Metal Products,10801792528.0,close_times_edinet_shares_outstanding,18755073000.0,1133290000.0,,,1.7362926524818734,book_equity_over_market_equity,0.10491684570522238,net_income_over_market_equity,1.7362926524818734,0.10491684570522238,True,True,B_price_times_shares,
9716,"NOMURA Co.,Ltd.",Services,122194212360.0,close_times_edinet_shares_outstanding,62035000000.0,9134000000.0,,,0.5076754357009712,book_equity_over_market_equity,0.07474985781724303,net_income_over_market_equity,0.5076754357009712,0.07474985781724303,True,True,B_price_times_shares,
6245,"HIRANO TECSEED CO.,LTD.",Machinery,37901443174.0,close_times_edinet_shares_outstanding,38240540000.0,905898000.0,,,1.008946805124102,book_equity_over_market_equity,0.023901411770553282,net_income_over_market_equity,1.008946805124102,0.023901411770553282,True,True,B_price_times_shares,
9639,"SANKYO FRONTIER CO.,LTD.",Services,47739514800.0,close_times_edinet_shares_outstanding,48797000000.0,5502000000.0,,,1.0221511509790209,book_equity_over_market_equity,0.11525043819674514,net_income_over_market_equity,1.0221511509790209,0.11525043819674514,True,True,B_price_times_shares,
5941,"NAKANISHI MFG. CO.,LTD.",Metal Products,15663262800.0,close_times_edinet_shares_outstanding,20519641000.0,1807390000.0,,,1.3100489509759103,book_equity_over_market_equity,0.11539038979796726,net_income_over_market_equity,1.3100489509759103,0.11539038979796726,True,True,B_price_times_shares,
2185,CMC CORPORATION,Services,23570295600.0,close_times_edinet_shares_outstanding,21919478000.0,2702481000.0,,,0.9299619475285664,book_equity_over_market_equity,0.11465622009424438,net_income_over_market_equity,0.9299619475285664,0.11465622009424438,True,True,B_price_times_shares,
6254,"Nomura Micro Science Co.,Ltd.",Machinery,174738206500.0,close_times_edinet_shares_outstanding,37013936000.0,10199642000.0,,,0.21182508817841164,book_equity_over_market_equity,0.0583709894035109,net_income_over_market_equity,0.21182508817841164,0.0583709894035109,True,True,B_price_times_shares,
5975,Topre Corporation,Metal Products,136162824320.0,close_times_edinet_shares_outstanding,223257000000.0,14310000000.0,,,1.6396325584090234,book_equity_over_market_equity,0.10509476482633523,net_income_over_market_equity,1.6396325584090234,0.10509476482633523,True,True,B_price_times_shares,
6262,"PEGASUS CO.,LTD.",Machinery,13918802700.0,close_times_edinet_shares_outstanding,33637431000.0,1117648000.0,,,2.4166899786574314,book_equity_over_market_equity,0.0802977112392002,net_income_over_market_equity,2.4166899786574314,0.0802977112392002,True,True,B_price_times_shares,
4071,"Plus Alpha Consulting Co.,LTD.",Information & Communication,114103487200.0,close_times_edinet_shares_outstanding,15252929000.0,3551553000.0,,,0.1336762738308317,book_equity_over_market_equity,0.031125718303200114,net_income_over_market_equity,0.1336762738308317,0.031125718303200114,True,True,B_price_times_shares,
3437,"TOKUDEN CO.,LTD.",Metal Products,4366722000.0,close_times_edinet_shares_outstanding,7654887000.0,475219000.0,,,1.7530053435964095,book_equity_over_market_equity,0.10882739959173036,net_income_over_market_equity,1.7530053435964095,0.10882739959173036,True,True,B_price_times_shares,
7034,"Prored Partners CO.,LTD.",Services,4154008000.0,close_times_edinet_shares_outstanding,11892298000.0,4686344000.0,,,2.86284908454678,book_equity_over_market_equity,1.1281499698604336,net_income_over_market_equity,2.86284908454678,0.4713793788347592,True,True,B_price_times_shares,
5903,"SHINPO CO.,LTD.",Metal Products,9334772750.0,close_times_edinet_shares_outstanding,6921570000.0,622847000.0,,,0.7414824319103002,book_equity_over_market_equity,0.06672331685846343,net_income_over_market_equity,0.7414824319103002,0.06672331685846343,True,True,B_price_times_shares,
5902,HOKKAN HOLDINGS LIMITED,Metal Products,28199077140.0,close_times_edinet_shares_outstanding,62225000000.0,3484000000.0,,,2.2066324969101454,book_equity_over_market_equity,0.12355014253491275,net_income_over_market_equity,2.2066324969101454,0.12355014253491275,True,True,B_price_times_shares,
4631,DIC Corporation,Chemicals,468900154752.0,close_times_edinet_shares_outstanding,490844000000.0,33212000000.0,,,1.046798545544533,book_equity_over_market_equity,0.070829577818258,net_income_over_market_equity,1.046798545544533,0.070829577818258,True,True,B_price_times_shares,
4625,"ATOMIX CO.,LTD.",Chemicals,4122792000.0,close_times_edinet_shares_outstanding,10351739000.0,228836000.0,,,2.5108564778431703,book_equity_over_market_equity,0.05550510430795442,net_income_over_market_equity,2.5108564778431703,0.05550510430795442,True,True,B_price_times_shares,
4482,WILLs Inc.,Information & Communication,14782501300.0,close_times_edinet_shares_outstanding,2771650000.0,882542000.0,,,0.18749533274182767,book_equity_over_market_equity,0.059701804321843695,net_income_over_market_equity,0.18749533274182767,0.059701804321843695,True,True,B_price_times_shares,
7912,"Dai Nippon Printing Co.,Ltd.",Other Products,1184930332672.0,raw_market_cap,1208778000000.0,113555000000.0,0.99531823,11.662915,1.0201257969945152,book_equity_over_market_equity,0.09583263831548239,net_income_over_market_equity,1.0201257969945152,0.09583263831548239,True,True,A_raw_market_cap,
7272,"Yamaha Motor Co.,Ltd.",Transportation Equipment,1240628461568.0,raw_market_cap,645141000000.0,69275000000.0,1.0668685,7.960772,0.520011445799512,book_equity_over_market_equity,0.055838635132104755,net_income_over_market_equity,0.520011445799512,0.055838635132104755,True,True,A_raw_market_cap,
3420,KFC Ltd,Metal Products,11127639600.0,close_times_edinet_shares_outstanding,21249703000.0,997440000.0,,,1.9096325693366274,book_equity_over_market_equity,0.08963626032604435,net_income_over_market_equity,1.9096325693366274,0.08963626032604435,True,True,B_price_times_shares,
5570,"JENOBA CO.,LTD.",Information & Communication,8693424000.0,close_times_edinet_shares_outstanding,3327369000.0,542549000.0,,,0.38274550970940796,book_equity_over_market_equity,0.06240912671462936,net_income_over_market_equity,0.38274550970940796,0.06240912671462936,True,True,B_price_times_shares,
4318,"QUICK CO.,LTD.",Services,13739591304.0,close_times_edinet_shares_outstanding,17842102000.0,3583794000.0,,,1.2985904460495588,book_equity_over_market_equity,0.2608370162332741,net_income_over_market_equity,1.2985904460495588,0.2608370162332741,True,True,B_price_times_shares,
6943,"NKK SWITCHES CO.,LTD.",Electric Appliances,4122328200.0,close_times_edinet_shares_outstanding,12702443000.0,-493163000.0,,,3.0813759564316108,book_equity_over_market_equity,,missing,3.0813759564316108,,True,False,B_price_times_shares,net_income_nonpositive_or_missing
6635,KK DI-NIKKO ENGINEERING,Electric Appliances,5219147900.0,close_times_edinet_shares_outstanding,8237848000.0,-477894000.0,,,1.578389453190242,book_equity_over_market_equity,,missing,1.578389453190242,,True,False,B_price_times_shares,net_income_nonpositive_or_missing
4042,TOSOH CORPORATION,Chemicals,842543209120.0,close_times_edinet_shares_outstanding,902418000000.0,71485000000.0,,,1.0710643563818367,book_equity_over_market_equity,0.0848443132960065,net_income_over_market_equity,1.0710643563818367,0.0848443132960065,True,True,B_price_times_shares,
6197,Solasto Corporation,Services,102223185844.0,close_times_edinet_shares_outstanding,22684000000.0,3960000000.0,,,0.2219066037974734,book_equity_over_market_equity,0.03873876525471675,net_income_over_market_equity,0.2219066037974734,0.03873876525471675,True,True,B_price_times_shares,
2408,"KG Intelligence CO.,LTD.",Services,6836973400.0,close_times_edinet_shares_outstanding,6054991000.0,342344000.0,,,0.8856244782230687,book_equity_over_market_equity,0.05007244872416792,net_income_over_market_equity,0.8856244782230687,0.05007244872416792,True,True,B_price_times_shares,
5971,"KYOWAKOGYOSYO CO.,LTD.",Metal Products,9020088000.0,close_times_edinet_shares_outstanding,15656145000.0,708295000.0,,,1.7356975896465756,book_equity_over_market_equity,0.07852417847808137,net_income_over_market_equity,1.7356975896465756,0.07852417847808137,True,True,B_price_times_shares,
6018,"THE HANSHIN DIESEL WORKS,LTD.",Transportation Equipment,19628630880.0,close_times_edinet_shares_outstanding,14796530000.0,536295000.0,,,0.7538238448956965,book_equity_over_market_equity,0.027322078818367387,net_income_over_market_equity,0.7538238448956965,0.027322078818367387,True,True,B_price_times_shares,
9743,"TANSEISHA CO.,LTD.",Services,65952874941.0,close_times_edinet_shares_outstanding,37665000000.0,5993000000.0,,,0.5710895853091209,book_equity_over_market_equity,0.09086791144982242,net_income_over_market_equity,0.5710895853091209,0.09086791144982242,True,True,B_price_times_shares,
5121,FUJIKURA COMPOSITES Inc.,Rubber Products,48790538381.0,close_times_edinet_shares_outstanding,34433837000.0,3888092000.0,,,0.7057482483818874,book_equity_over_market_equity,0.07968946703638138,net_income_over_market_equity,0.7057482483818874,0.07968946703638138,True,True,B_price_times_shares,
6460,SEGA SAMMY HOLDINGS INC.,Machinery,517293396372.0,close_times_edinet_shares_outstanding,381604000000.0,45058000000.0,,,0.7376935462086935,book_equity_over_market_equity,0.08710337366765368,net_income_over_market_equity,0.7376935462086935,0.08710337366765368,True,True,B_price_times_shares,
5974,"CHUGOKUKOGYO CO.,LTD.",Metal Products,2445756000.0,close_times_edinet_shares_outstanding,5866000000.0,394000000.0,,,2.3984404004324227,book_equity_over_market_equity,0.16109538318622135,net_income_over_market_equity,2.3984404004324227,0.16109538318622135,True,True,B_price_times_shares,
9761,"TOKAI LEASE CO.,LTD.",Services,7490075652.0,close_times_edinet_shares_outstanding,17079901000.0,1075844000.0,,,2.2803375818292735,book_equity_over_market_equity,0.1436359323971218,net_income_over_market_equity,2.2803375818292735,0.1436359323971218,True,True,B_price_times_shares,
6091,Wesco Holdings Inc.,Services,11432131226.0,close_times_edinet_shares_outstanding,16255788000.0,774166000.0,,,1.4219385413482306,book_equity_over_market_equity,0.06771843190876962,net_income_over_market_equity,1.4219385413482306,0.06771843190876962,True,True,B_price_times_shares,
9853,"GINZA RENOIR CO.,LTD.",Retail Trade,5509870608.0,close_times_edinet_shares_outstanding,3107049000.0,-77750000.0,,,0.5639059827446314,book_equity_over_market_equity,,missing,0.5639059827446314,,True,False,B_price_times_shares,net_income_nonpositive_or_missing
4769,"IC CO.,LTD.",Information & Communication,7821272840.0,close_times_edinet_shares_outstanding,6479254000.0,535904000.0,,,0.828414266136252,book_equity_over_market_equity,0.06851877066086343,net_income_over_market_equity,0.828414266136252,0.06851877066086343,True,True,B_price_times_shares,
2411,GENDAI AGENCY INC.,Information & Communication,5461200000.0,close_times_edinet_shares_outstanding,4205000000.0,515000000.0,,,0.7699772943675383,book_equity_over_market_equity,0.0943016186918626,net_income_over_market_equity,0.7699772943675383,0.0943016186918626,True,True,B_price_times_shares,
4681,"RESORTTRUST,INC.",Services,355741855182.0,close_times_edinet_shares_outstanding,150742000000.0,20426000000.0,,,0.4237398490061827,book_equity_over_market_equity,0.057418039801782436,net_income_over_market_equity,0.4237398490061827,0.057418039801782436,True,True,B_price_times_shares,
4832,"JFE Systems, Inc.",Information & Communication,61879473000.0,close_times_edinet_shares_outstanding,34144984000.0,5636235000.0,,,0.5517982352564638,book_equity_over_market_equity,0.09108408211556682,net_income_over_market_equity,0.5517982352564638,0.09108408211556682,True,True,B_price_times_shares,
6073,ASANTE INCORPORATED,Services,13101275000.0,close_times_edinet_shares_outstanding,11718142000.0,688118000.0,,,0.8944276034202778,book_equity_over_market_equity,0.05252297963366161,net_income_over_market_equity,0.8944276034202778,0.05252297963366161,True,True,B_price_times_shares,
5715,"FURUKAWA CO.,LTD.",Nonferrous Metals,141559072000.0,close_times_edinet_shares_outstanding,133572000000.0,18762000000.0,,,0.9435778160512384,book_equity_over_market_equity,0.13253830881287496,net_income_over_market_equity,0.9435778160512384,0.13253830881287496,True,True,B_price_times_shares,
5956,"TOSO CO.,LTD.",Metal Products,5002341600.0,close_times_edinet_shares_outstanding,14781102000.0,505273000.0,,,2.9548365909277368,book_equity_over_market_equity,0.1010072962630141,net_income_over_market_equity,2.9548365909277368,0.1010072962630141,True,True,B_price_times_shares,
3984,"User Local,Inc.",Information & Communication,29032045200.0,close_times_edinet_shares_outstanding,8699226000.0,1429454000.0,,,0.2996422036433038,book_equity_over_market_equity,0.04923710989537864,net_income_over_market_equity,0.2996422036433038,0.04923710989537864,True,True,B_price_times_shares,
3922,PR TIMES Corporation,Information & Communication,30795521031.0,close_times_edinet_shares_outstanding,9275966000.0,2397942000.0,,,0.30121152977611393,book_equity_over_market_equity,0.07786658318221458,net_income_over_market_equity,0.30121152977611393,0.07786658318221458,True,True,B_price_times_shares,
9733,Nagase Brothers Inc.,Services,59075828988.0,close_times_edinet_shares_outstanding,31172000000.0,2608000000.0,,,0.5276608138047785,book_equity_over_market_equity,0.044146650917581874,net_income_over_market_equity,0.5276608138047785,0.044146650917581874,True,True,B_price_times_shares,
3861,Oji Holdings Corporation,Pulp and Paper,662417571840.0,raw_market_cap,1132791000000.0,47940000000.0,0.6124871,22.324638,1.7100859762120166,book_equity_over_market_equity,0.07237126857434785,net_income_over_market_equity,1.7100859762120166,0.07237126857434785,True,True,A_raw_market_cap,
4118,KANEKA CORPORATION,Chemicals,349436407500.0,close_times_edinet_shares_outstanding,492419000000.0,26805000000.0,,,1.4091805817343175,book_equity_over_market_equity,0.07670923642952115,net_income_over_market_equity,1.4091805817343175,0.07670923642952115,True,True,B_price_times_shares,
3521,"THERMAE-YU HOLDINGS CO.,LTD.",Services,3941298234.0,close_times_edinet_shares_outstanding,4950521000.0,191559000.0,,,1.256063536956894,book_equity_over_market_equity,0.04860302078830201,net_income_over_market_equity,1.256063536956894,0.04860302078830201,True,True,B_price_times_shares,
4765,"SBI Global Asset Management Co.,Ltd.",Services,52997038500.0,close_times_edinet_shares_outstanding,15607984000.0,1670325000.0,,,0.29450672040853754,book_equity_over_market_equity,0.03151732714272327,net_income_over_market_equity,0.29450672040853754,0.03151732714272327,True,True,B_price_times_shares,
3901,"MarkLines Co.,Ltd.",Information & Communication,16557833400.0,close_times_edinet_shares_outstanding,6738689000.0,1525529000.0,,,0.4069789106586856,book_equity_over_market_equity,0.09213337054109991,net_income_over_market_equity,0.4069789106586856,0.09213337054109991,True,True,B_price_times_shares,
9698,"CREO CO.,LTD.",Information & Communication,9665427108.0,close_times_edinet_shares_outstanding,7334000000.0,701000000.0,,,0.7587869545805901,book_equity_over_market_equity,0.07252654147272888,net_income_over_market_equity,0.7587869545805901,0.07252654147272888,True,True,B_price_times_shares,
9632,"Subaru Enterprise Co.,Ltd.",Services,47489296000.0,close_times_edinet_shares_outstanding,37047711000.0,3054653000.0,,,0.7801276102303139,book_equity_over_market_equity,0.06432297922462359,net_income_over_market_equity,0.7801276102303139,0.06432297922462359,True,True,B_price_times_shares,
3649,FINDEX Inc.,Information & Communication,19019120000.0,close_times_edinet_shares_outstanding,6789554000.0,1278403000.0,,,0.3569857070148356,book_equity_over_market_equity,0.06721672716718755,net_income_over_market_equity,0.3569857070148356,0.06721672716718755,True,True,B_price_times_shares,
4107,ISE CHEMICALS CORPORATION,Chemicals,210379405000.0,close_times_edinet_shares_outstanding,40070000000.0,6498000000.0,,,0.19046541176404602,book_equity_over_market_equity,0.030887053796924656,net_income_over_market_equity,0.19046541176404602,0.030887053796924656,True,True,B_price_times_shares,
4619,"Nihon Tokushu Toryo Co.,Ltd.",Chemicals,50206282500.0,close_times_edinet_shares_outstanding,64114000000.0,5524000000.0,,,1.2770114975152762,book_equity_over_market_equity,0.11002607094042463,net_income_over_market_equity,1.2770114975152762,0.11002607094042463,True,True,B_price_times_shares,
2341,"ARBEIT-TIMES CO.,LTD.",Services,3199264938.0,close_times_edinet_shares_outstanding,3102120000.0,257326000.0,,,0.9696352318790048,book_equity_over_market_equity,0.08043285097884569,net_income_over_market_equity,0.9696352318790048,0.08043285097884569,True,True,B_price_times_shares,
9543,"SHIZUOKA GAS CO.,LTD.",Electric Power and Gas,90272953900.0,close_times_edinet_shares_outstanding,138703000000.0,10650000000.0,,,1.5364845616290397,book_equity_over_market_equity,0.11797553464127865,net_income_over_market_equity,1.5364845616290397,0.11797553464127865,True,True,B_price_times_shares,
5998,Advanex Inc.,Metal Products,11944266730.0,close_times_edinet_shares_outstanding,8093444000.0,-628784000.0,,,0.6776007420926039,book_equity_over_market_equity,,missing,0.6776007420926039,,True,False,B_price_times_shares,net_income_nonpositive_or_missing
4410,"HARIMA CHEMICALS GROUP,INC.",Chemicals,25721319760.0,close_times_edinet_shares_outstanding,38010000000.0,2147000000.0,,,1.4777624303365062,book_equity_over_market_equity,0.08347161110056509,net_income_over_market_equity,1.4777624303365062,0.08347161110056509,True,True,B_price_times_shares,
7917,ZACROS Corporation,Chemicals,23212116840.0,close_times_edinet_shares_outstanding,100695000000.0,7447000000.0,,,4.338036065132955,book_equity_over_market_equity,0.3208238202199227,net_income_over_market_equity,4.338036065132955,0.3208238202199227,True,True,B_price_times_shares,
2311,"EPCO Co.,Ltd.",Services,6983184000.0,close_times_edinet_shares_outstanding,4674890000.0,424869000.0,,,0.6694496378729244,book_equity_over_market_equity,0.0608417306489418,net_income_over_market_equity,0.6694496378729244,0.0608417306489418,True,True,B_price_times_shares,
6927,"Helios Techno Holding Co.,Ltd.",Electric Appliances,17222262200.0,close_times_edinet_shares_outstanding,16106834000.0,728296000.0,,,0.9352333516325166,book_equity_over_market_equity,0.042288056675852954,net_income_over_market_equity,0.9352333516325166,0.042288056675852954,True,True,B_price_times_shares,
5184,"NICHIRIN CO.,LTD.",Rubber Products,54558430500.0,close_times_edinet_shares_outstanding,68119000000.0,6861000000.0,,,1.2485513123402625,book_equity_over_market_equity,0.12575508380872502,net_income_over_market_equity,1.2485513123402625,0.12575508380872502,True,True,B_price_times_shares,
6819,"Izu Shaboten Resort Co.,Ltd",Services,8526518616.0,close_times_edinet_shares_outstanding,5762380000.0,906862000.0,,,0.6758186147845736,book_equity_over_market_equity,0.10635782795316658,net_income_over_market_equity,0.6758186147845736,0.10635782795316658,True,True,B_price_times_shares,
6616,TOREX SEMICONDUCTOR LTD.,Electric Appliances,28545933000.0,close_times_edinet_shares_outstanding,17400632000.0,-2358567000.0,,,0.6095660632286918,book_equity_over_market_equity,,missing,0.6095660632286918,,True,False,B_price_times_shares,net_income_nonpositive_or_missing
5038,"eWeLL Co.,Ltd.",Information & Communication,28291788490.0,close_times_edinet_shares_outstanding,3375049000.0,1088240000.0,,,0.1192942963359472,book_equity_over_market_equity,0.038464871189908996,net_income_over_market_equity,0.1192942963359472,0.038464871189908996,True,True,B_price_times_shares,
9691,"RYOMO SYSTEMS CO.,LTD.",Information & Communication,18123266000.0,close_times_edinet_shares_outstanding,13630110000.0,1569534000.0,,,0.7520780194916302,book_equity_over_market_equity,0.08660326455507522,net_income_over_market_equity,0.7520780194916302,0.08660326455507522,True,True,B_price_times_shares,
4058,"Toyokumo,Inc.",Information & Communication,23808995800.0,close_times_edinet_shares_outstanding,4174000000.0,1207000000.0,,,0.1753118877865483,book_equity_over_market_equity,0.05069512423535309,net_income_over_market_equity,0.1753118877865483,0.05069512423535309,True,True,B_price_times_shares,
6358,"SAKAI HEAVY INDUSTRIES,LTD.",Machinery,17812590192.0,close_times_edinet_shares_outstanding,30130504000.0,1439356000.0,,,1.6915285017634454,book_equity_over_market_equity,0.08080554172556242,net_income_over_market_equity,1.6915285017634454,0.08080554172556242,True,True,B_price_times_shares,
3804,System D Inc.,Information & Communication,3046412500.0,close_times_edinet_shares_outstanding,5015527000.0,627894000.0,,,1.6463715928161402,book_equity_over_market_equity,0.2061093171065967,net_income_over_market_equity,1.6463715928161402,0.2061093171065967,True,True,B_price_times_shares,
9799,"ASAHI INTELLIGENCE SERVICE CO.,LTD.",Information & Communication,14394484800.0,close_times_edinet_shares_outstanding,11684137000.0,1189246000.0,,,0.8117092874348654,book_equity_over_market_equity,0.08261817053709349,net_income_over_market_equity,0.8117092874348654,0.08261817053709349,True,True,B_price_times_shares,
4705,CLIP Corporation,Services,3065472200.0,close_times_edinet_shares_outstanding,5385611000.0,136859000.0,,,1.7568617976701926,book_equity_over_market_equity,0.044645324136359806,net_income_over_market_equity,1.7568617976701926,0.044645324136359806,True,True,B_price_times_shares,
2449,"PRAP Japan,Inc.",Services,4687594560.0,close_times_edinet_shares_outstanding,5600396000.0,526164000.0,,,1.1947270456769197,book_equity_over_market_equity,0.11224605568276792,net_income_over_market_equity,1.1947270456769197,0.11224605568276792,True,True,B_price_times_shares,
9682,DTS CORPORATION,Information & Communication,40779584384.0,close_times_edinet_shares_outstanding,59344000000.0,10669000000.0,,,1.4552379798967203,book_equity_over_market_equity,0.2616260111808794,net_income_over_market_equity,1.4552379798967203,0.2616260111808794,True,True,B_price_times_shares,
4102,"Maruo Calcium Co.,Ltd.",Chemicals,3078378600.0,close_times_edinet_shares_outstanding,10208959000.0,169817000.0,,,3.3163428955749628,book_equity_over_market_equity,0.05516442974233254,net_income_over_market_equity,3.3163428955749628,0.05516442974233254,True,True,B_price_times_shares,
9753,IX Knowledge Incorporated,Information & Communication,11926432700.0,close_times_edinet_shares_outstanding,10059430000.0,1326531000.0,,,0.8434567362292666,book_equity_over_market_equity,0.11122613386314585,net_income_over_market_equity,0.8434567362292666,0.11122613386314585,True,True,B_price_times_shares,
3045,"Kawasaki & Co.,Ltd.",Wholesale Trade,3152278400.0,close_times_edinet_shares_outstanding,5755510000.0,338186000.0,,,1.8258254093293282,book_equity_over_market_equity,0.10728303692973311,net_income_over_market_equity,1.8258254093293282,0.10728303692973311,True,True,B_price_times_shares,
7085,"CURVES HOLDINGS Co.,Ltd.",Services,79027840706.0,close_times_edinet_shares_outstanding,20160000000.0,4303000000.0,,,0.25509997261597206,book_equity_over_market_equity,0.054449165782069826,net_income_over_market_equity,0.25509997261597206,0.054449165782069826,True,True,B_price_times_shares,
5957,"NITTOSEIKO CO.,LTD.",Metal Products,27749644101.0,close_times_edinet_shares_outstanding,41002483000.0,2388906000.0,,,1.4775859052737335,book_equity_over_market_equity,0.08608780679511173,net_income_over_market_equity,1.4775859052737335,0.08608780679511173,True,True,B_price_times_shares,
4221,"Okura Industrial Co.,Ltd.",Chemicals,53939211750.0,close_times_edinet_shares_outstanding,63134000000.0,4148000000.0,,,1.170465751198153,book_equity_over_market_equity,0.07690138334288876,net_income_over_market_equity,1.170465751198153,0.07690138334288876,True,True,B_price_times_shares,
6208,"Ishikawa Seisakusho,Ltd.",Machinery,11896596280.0,close_times_edinet_shares_outstanding,5385789000.0,423589000.0,,,0.4527168001030964,book_equity_over_market_equity,0.03560589853016345,net_income_over_market_equity,0.4527168001030964,0.03560589853016345,True,True,B_price_times_shares,
4044,"Central Glass Co.,Ltd.",Chemicals,102404568000.0,close_times_edinet_shares_outstanding,121063000000.0,6943000000.0,,,1.182203122032603,book_equity_over_market_equity,0.06779970987231741,net_income_over_market_equity,1.182203122032603,0.06779970987231741,True,True,B_price_times_shares,
1847,"ICHIKEN Co.,Ltd.",Construction,19083648100.0,close_times_edinet_shares_outstanding,34087000000.0,4697000000.0,,,1.786188878634793,book_equity_over_market_equity,0.24612694466945237,net_income_over_market_equity,1.786188878634793,0.24612694466945237,True,True,B_price_times_shares,
9408,"BSN MEDIA HOLDINGS,INC.",Information & Communication,17156568000.0,close_times_edinet_shares_outstanding,25489852000.0,1243248000.0,,,1.4857197546735454,book_equity_over_market_equity,0.07246484261887343,net_income_over_market_equity,1.4857197546735454,0.07246484261887343,True,True,B_price_times_shares,
3940,"Nomura System Corporation Co,Ltd.",Information & Communication,5536056000.0,close_times_edinet_shares_outstanding,3525879000.0,403659000.0,,,0.6368936658155192,book_equity_over_market_equity,0.07291454421703826,net_income_over_market_equity,0.6368936658155192,0.07291454421703826,True,True,B_price_times_shares,
6405,"Suzumo Machinery Co.,Ltd.",Machinery,12900581800.0,close_times_edinet_shares_outstanding,15969038000.0,1467553000.0,,,1.2378540943013903,book_equity_over_market_equity,0.11375866784550756,net_income_over_market_equity,1.2378540943013903,0.11375866784550756,True,True,B_price_times_shares,
5922,"NASU DENKI-TEKKO CO.,LTD.",Metal Products,21006864000.0,close_times_edinet_shares_outstanding,29142359000.0,1915468000.0,,,1.3872779392488093,book_equity_over_market_equity,0.0911829581035989,net_income_over_market_equity,1.3872779392488093,0.0911829581035989,True,True,B_price_times_shares,
6736,SUNCORPORATION,Electric Appliances,210648922880.0,close_times_edinet_shares_outstanding,47608278000.0,17228604000.0,,,0.22600769730553488,book_equity_over_market_equity,0.08178823686563348,net_income_over_market_equity,0.22600769730553488,0.08178823686563348,True,True,B_price_times_shares,
6663,"TAIYO TECHNOLEX CO.,LTD.",Electric Appliances,2364549000.0,close_times_edinet_shares_outstanding,2698410000.0,136695000.0,,,1.1411943672979499,book_equity_over_market_equity,0.057810178600654925,net_income_over_market_equity,1.1411943672979499,0.057810178600654925,True,True,B_price_times_shares,
4634,"artience Co.,Ltd.",Chemicals,198944703580.0,close_times_edinet_shares_outstanding,277220000000.0,10340000000.0,,,1.393452527317591,book_equity_over_market_equity,0.05197424115310544,net_income_over_market_equity,1.393452527317591,0.05197424115310544,True,True,B_price_times_shares,
6367,"DAIKIN INDUSTRIES,LTD.",Machinery,6919847149568.0,raw_market_cap,2866693000000.0,275448000000.0,2.126141,25.181427,0.4142711447288204,book_equity_over_market_equity,0.03980550350988547,net_income_over_market_equity,0.4142711447288204,0.03980550350988547,True,True,A_raw_market_cap,
5976,"Neturen Co.,Ltd.",Metal Products,43518197700.0,close_times_edinet_shares_outstanding,66329000000.0,2216000000.0,,,1.5241669808398337,book_equity_over_market_equity,0.05092122645511121,net_income_over_market_equity,1.5241669808398337,0.05092122645511121,True,True,B_price_times_shares,
4317,Ray Corporation,Services,6433223364.0,close_times_edinet_shares_outstanding,7772939000.0,1303847000.0,,,1.208249513532669,book_equity_over_market_equity,0.20267398257866553,net_income_over_market_equity,1.208249513532669,0.20267398257866553,True,True,B_price_times_shares,
3436,SUMCO CORPORATION,Metal Products,1528946229248.0,raw_market_cap,647785000000.0,-11751000000.0,2.6854196,88.80764,0.42368069432932765,book_equity_over_market_equity,,missing,0.42368069432932765,,True,False,A_raw_market_cap,net_income_nonpositive_or_missing
5742,"NIC Autotec,Inc.",Nonferrous Metals,3775879800.0,close_times_edinet_shares_outstanding,3424798000.0,212061000.0,,,0.9070198685879778,book_equity_over_market_equity,0.05616201024195738,net_income_over_market_equity,0.9070198685879778,0.05616201024195738,True,True,B_price_times_shares,
9507,"Shikoku Electric Power Company,Incorporated",Electric Power and Gas,289821502032.0,close_times_edinet_shares_outstanding,440843000000.0,68505000000.0,,,1.5210845189509965,book_equity_over_market_equity,0.236369625854869,net_income_over_market_equity,1.5210845189509965,0.236369625854869,True,True,B_price_times_shares,
5946,"CHOFU SEISAKUSHO CO.,LTD.",Metal Products,66950552328.0,close_times_edinet_shares_outstanding,137732000000.0,2174000000.0,,,2.057219772067479,book_equity_over_market_equity,0.032471726138259084,net_income_over_market_equity,2.057219772067479,0.032471726138259084,True,True,B_price_times_shares,
4367,"KOEI CHEMICAL COMPANY,LIMITED",Chemicals,14052130300.0,close_times_edinet_shares_outstanding,21616144000.0,288382000.0,,,1.5382823485489598,book_equity_over_market_equity,0.02052229760494037,net_income_over_market_equity,1.5382823485489598,0.02052229760494037,True,True,B_price_times_shares,
1717,Meiho Facility Works Ltd.,Services,11085372100.0,close_times_edinet_shares_outstanding,5597405000.0,910529000.0,,,0.5049361401228922,book_equity_over_market_equity,0.0821378833102048,net_income_over_market_equity,0.5049361401228922,0.0821378833102048,True,True,B_price_times_shares,
7963,KOKEN LTD.,Other Products,9003526370.0,close_times_edinet_shares_outstanding,13797084000.0,885292000.0,,,1.5324089065782345,book_equity_over_market_equity,0.09832725130342457,net_income_over_market_equity,1.5324089065782345,0.09832725130342457,True,True,B_price_times_shares,
6662,"Ubiteq,INC.",Electric Appliances,3224568800.0,close_times_edinet_shares_outstanding,1515008000.0,-493937000.0,,,0.4698327416676611,book_equity_over_market_equity,,missing,0.4698327416676611,,True,False,B_price_times_shares,net_income_nonpositive_or_missing
6962,DAISHINKU CORP.,Electric Appliances,31999117767.0,close_times_edinet_shares_outstanding,45219993000.0,971474000.0,,,1.4131637418652336,book_equity_over_market_equity,0.030359399502003153,net_income_over_market_equity,1.4131637418652336,0.030359399502003153,True,True,B_price_times_shares,
3816,"DAIWA COMPUTER CO.,LTD.",Information & Communication,4402297632.0,close_times_edinet_shares_outstanding,5365134000.0,417508000.0,,,1.2187122381279285,book_equity_over_market_equity,0.09483865810552265,net_income_over_market_equity,1.2187122381279285,0.09483865810552265,True,True,B_price_times_shares,
5909,CORONA CORPORATION,Metal Products,26404894416.0,close_times_edinet_shares_outstanding,76282000000.0,1103000000.0,,,2.8889341043445738,book_equity_over_market_equity,0.04177255862578413,net_income_over_market_equity,2.8889341043445738,0.04177255862578413,True,True,B_price_times_shares,
5900,"DAIKEN CO.,LTD.",Metal Products,4490970120.0,close_times_edinet_shares_outstanding,13687029000.0,296043000.0,,,3.0476775917627346,book_equity_over_market_equity,0.0659196102600656,net_income_over_market_equity,3.0476775917627346,0.0659196102600656,True,True,B_price_times_shares,
6638,"MIMAKI ENGINEERING CO.,LTD.",Electric Appliances,52622024000.0,close_times_edinet_shares_outstanding,32373992000.0,6172864000.0,,,0.6152175370525467,book_equity_over_market_equity,0.11730571214820623,net_income_over_market_equity,0.6152175370525467,0.11730571214820623,True,True,B_price_times_shares,
3440,"NISSO GROUP Co.,Ltd.",Metal Products,6016289600.0,close_times_edinet_shares_outstanding,12648000000.0,990000000.0,,,2.1022924162427286,book_equity_over_market_equity,0.16455324889945458,net_income_over_market_equity,2.1022924162427286,0.16455324889945458,True,True,B_price_times_shares,
4366,Daito Chemix Corporation,Chemicals,5861583000.0,close_times_edinet_shares_outstanding,14855000000.0,820000000.0,,,2.5342983286255607,book_equity_over_market_equity,0.13989395014964387,net_income_over_market_equity,2.5342983286255607,0.13989395014964387,True,True,B_price_times_shares,
7551,"WEDS CO.,LTD.",Transportation Equipment,10665380390.0,close_times_edinet_shares_outstanding,18817991000.0,1602878000.0,,,1.7643994224194754,book_equity_over_market_equity,0.1502879354873155,net_income_over_market_equity,1.7643994224194754,0.1502879354873155,True,True,B_price_times_shares,
2152,Youji Corporation,Services,15977045400.0,close_times_edinet_shares_outstanding,10278446000.0,872328000.0,,,0.6433258304442196,book_equity_over_market_equity,0.054598830895229225,net_income_over_market_equity,0.6433258304442196,0.054598830895229225,True,True,B_price_times_shares,
4990,"Showa Chemical Industry Co.,Ltd.",Chemicals,5122938600.0,close_times_edinet_shares_outstanding,8119682000.0,411843000.0,,,1.5849657069870016,book_equity_over_market_equity,0.08039194535729942,net_income_over_market_equity,1.5849657069870016,0.08039194535729942,True,True,B_price_times_shares,
4633,SAKATA INX CORPORATION,Chemicals,114420435903.0,close_times_edinet_shares_outstanding,126519000000.0,13158000000.0,,,1.105737790644816,book_equity_over_market_equity,0.11499693997980136,net_income_over_market_equity,1.105737790644816,0.11499693997980136,True,True,B_price_times_shares,
6400,"FUJI SEIKI CO.,LTD.",Machinery,2177958500.0,close_times_edinet_shares_outstanding,3703084000.0,230783000.0,,,1.7002546191766281,book_equity_over_market_equity,0.1059629924077984,net_income_over_market_equity,1.7002546191766281,0.1059629924077984,True,True,B_price_times_shares,
7022,Sanoyas Holdings Corporation,Machinery,9426498506.0,close_times_edinet_shares_outstanding,10171000000.0,1182000000.0,,,1.078979643769754,book_equity_over_market_equity,0.12539120430005402,net_income_over_market_equity,1.078979643769754,0.12539120430005402,True,True,B_price_times_shares,
2481,"TOWNNEWS-SHA CO.,LTD.",Services,3671278800.0,close_times_edinet_shares_outstanding,5108088000.0,389136000.0,,,1.3913647745848123,book_equity_over_market_equity,0.1059946741173675,net_income_over_market_equity,1.3913647745848123,0.1059946741173675,True,True,B_price_times_shares,
3835,"eBASE Co.,Ltd.",Information & Communication,17733604000.0,close_times_edinet_shares_outstanding,7741704000.0,1250789000.0,,,0.4365555924221608,book_equity_over_market_equity,0.07053213774255927,net_income_over_market_equity,0.4365555924221608,0.07053213774255927,True,True,B_price_times_shares,
4998,FUMAKILLA LIMITED,Chemicals,18621948000.0,close_times_edinet_shares_outstanding,27723000000.0,1772000000.0,,,1.4887271729037155,book_equity_over_market_equity,0.09515653249595585,net_income_over_market_equity,1.4887271729037155,0.09515653249595585,True,True,B_price_times_shares,
6383,"DAIFUKU CO.,LTD.",Machinery,2656703610880.0,raw_market_cap,451560000000.0,103468000000.0,5.7965736,35.67725,0.16997003284473514,book_equity_over_market_equity,0.03894600796877282,net_income_over_market_equity,0.16997003284473514,0.03894600796877282,True,True,A_raw_market_cap,
2335,CUBE SYSTEM INC.,Information & Communication,15920419200.0,close_times_edinet_shares_outstanding,10874000000.0,1261000000.0,,,0.6830222158974306,book_equity_over_market_equity,0.07920645707620563,net_income_over_market_equity,0.6830222158974306,0.07920645707620563,True,True,B_price_times_shares,
4212,Sekisui Jushi Corporation,Chemicals,66045454944.0,close_times_edinet_shares_outstanding,97441000000.0,3681000000.0,,,1.4753626889635374,book_equity_over_market_equity,0.055734342402836395,net_income_over_market_equity,1.4753626889635374,0.055734342402836395,True,True,B_price_times_shares,
9536,"SAIBU GAS HOLDINGS CO.,LTD.",Electric Power and Gas,81438543199.0,close_times_edinet_shares_outstanding,111709000000.0,7143000000.0,,,1.3716969338097356,book_equity_over_market_equity,0.08771031159712236,net_income_over_market_equity,1.3716969338097356,0.08771031159712236,True,True,B_price_times_shares,
4369,Tri Chemical Laboratories Inc.,Chemicals,135836791200.0,close_times_edinet_shares_outstanding,36149551000.0,5515240000.0,,,0.2661248891456441,book_equity_over_market_equity,0.04060196027363167,net_income_over_market_equity,0.2661248891456441,0.04060196027363167,True,True,B_price_times_shares,
6494,"NFK HOLDINGS CO.,Ltd",Machinery,4405087400.0,close_times_edinet_shares_outstanding,5189238000.0,105630000.0,,,1.178010225177371,book_equity_over_market_equity,0.023979092900631212,net_income_over_market_equity,1.178010225177371,0.023979092900631212,True,True,B_price_times_shares,
9633,"TOKYO THEATRES COMPANY,INCORPORATED",Real Estate,11433236400.0,close_times_edinet_shares_outstanding,15555428000.0,3039717000.0,,,1.3605445961040392,book_equity_over_market_equity,0.2658667146950622,net_income_over_market_equity,1.3605445961040392,0.2658667146950622,True,True,B_price_times_shares,
7235,"TOKYO RADIATOR MFG.CO.,LTD.",Transportation Equipment,14235755100.0,close_times_edinet_shares_outstanding,23950895000.0,1878786000.0,,,1.6824464056704656,book_equity_over_market_equity,0.13197656090613696,net_income_over_market_equity,1.6824464056704656,0.13197656090613696,True,True,B_price_times_shares,
3421,"INABA SEISAKUSHO Co.,Ltd.",Metal Products,27741914257.0,close_times_edinet_shares_outstanding,44020126000.0,1546607000.0,,,1.586773197847823,book_equity_over_market_equity,0.05574982986654395,net_income_over_market_equity,1.586773197847823,0.05574982986654395,True,True,B_price_times_shares,
5965,FUJIMAK CORPORATION,Metal Products,15019819800.0,close_times_edinet_shares_outstanding,26438519000.0,2385821000.0,,,1.760242090254638,book_equity_over_market_equity,0.1588448484581686,net_income_over_market_equity,1.760242090254638,0.1588448484581686,True,True,B_price_times_shares,
3040,SOLITON SYSTEMS K.K.,Information & Communication,40772732112.0,close_times_edinet_shares_outstanding,13585000000.0,2298000000.0,,,0.3331883662513197,book_equity_over_market_equity,0.05636119732392585,net_income_over_market_equity,0.3331883662513197,0.05636119732392585,True,True,B_price_times_shares,
4027,TAYCA CORPORATION,Chemicals,52710767340.0,close_times_edinet_shares_outstanding,59400000000.0,2466000000.0,,,1.1269044826620047,book_equity_over_market_equity,0.046783610340816566,net_income_over_market_equity,1.1269044826620047,0.046783610340816566,True,True,B_price_times_shares,
4825,WEATHERNEWS INC.,Information & Communication,45669492900.0,close_times_edinet_shares_outstanding,21545584000.0,3119878000.0,,,0.4717719123174236,book_equity_over_market_equity,0.068314268494976,net_income_over_market_equity,0.4717719123174236,0.068314268494976,True,True,B_price_times_shares,
3294,"e'grand Co.,Ltd",Real Estate,29401137500.0,close_times_edinet_shares_outstanding,11493815000.0,880149000.0,,,0.39093096313025305,book_equity_over_market_equity,0.02993588258277422,net_income_over_market_equity,0.39093096313025305,0.02993588258277422,True,True,B_price_times_shares,
7236,"T.RAD Co., Ltd.",Transportation Equipment,97343448520.0,close_times_edinet_shares_outstanding,48744000000.0,5675000000.0,,,0.5007424818115536,book_equity_over_market_equity,0.058298735932228916,net_income_over_market_equity,0.5007424818115536,0.058298735932228916,True,True,B_price_times_shares,
2332,"Quest Co.,Ltd.",Information & Communication,10216706544.0,close_times_edinet_shares_outstanding,7308130000.0,845570000.0,,,0.7153117267806689,book_equity_over_market_equity,0.082763461626152,net_income_over_market_equity,0.7153117267806689,0.082763461626152,True,True,B_price_times_shares,
4172,"Hi-CRATES CO.,LTD.",Information & Communication,4946160000.0,close_times_edinet_shares_outstanding,4203322000.0,448093000.0,,,0.8498152101832532,book_equity_over_market_equity,0.09059411745677455,net_income_over_market_equity,0.8498152101832532,0.09059411745677455,True,True,B_price_times_shares,
4641,Altech Corporation,Services,45217127375.0,close_times_edinet_shares_outstanding,20436685000.0,3997391000.0,,,0.45196778712880364,book_equity_over_market_equity,0.08840435543037413,net_income_over_market_equity,0.45196778712880364,0.08840435543037413,True,True,B_price_times_shares,
6171,C.E.Management Integrated Laboratory Co.Ltd,Services,5474890575.0,close_times_edinet_shares_outstanding,5559313000.0,501849000.0,,,1.0154199291919181,book_equity_over_market_equity,0.09166374982754792,net_income_over_market_equity,1.0154199291919181,0.09166374982754792,True,True,B_price_times_shares,
9702,ISB CORPORATION,Information & Communication,27018387637.0,close_times_edinet_shares_outstanding,14522000000.0,1435000000.0,,,0.5374858113336498,book_equity_over_market_equity,0.053111977638327194,net_income_over_market_equity,0.5374858113336498,0.053111977638327194,True,True,B_price_times_shares,
4202,Daicel Corporation,Chemicals,343638652427.0,close_times_edinet_shares_outstanding,375037000000.0,58758000000.0,,,1.091370244153981,book_equity_over_market_equity,0.1709877500246632,net_income_over_market_equity,1.091370244153981,0.1709877500246632,True,True,B_price_times_shares,
7213,LECIP HOLDINGS CORPORATION,Transportation Equipment,9343968800.0,close_times_edinet_shares_outstanding,10179788000.0,2255463000.0,,,1.0894501274447748,book_equity_over_market_equity,0.24138169211352675,net_income_over_market_equity,1.0894501274447748,0.24138169211352675,True,True,B_price_times_shares,
3799,Keyware Solutions Inc.,Information & Communication,8332701200.0,close_times_edinet_shares_outstanding,7569625000.0,1430678000.0,,,0.9084239094040718,book_equity_over_market_equity,0.17169438404919643,net_income_over_market_equity,0.9084239094040718,0.17169438404919643,True,True,B_price_times_shares,
6033,"EXTREME CO.,LTD.",Services,7473871296.0,close_times_edinet_shares_outstanding,6208912000.0,1150353000.0,,,0.8307491197129654,book_equity_over_market_equity,0.15391661890346794,net_income_over_market_equity,0.8307491197129654,0.15391661890346794,True,True,B_price_times_shares,
5943,NORITZ CORPORATION,Metal Products,101512603830.0,close_times_edinet_shares_outstanding,145029000000.0,3613000000.0,,,1.4286797356008674,book_equity_over_market_equity,0.035591639497796534,net_income_over_market_equity,1.4286797356008674,0.035591639497796534,True,True,B_price_times_shares,
4611,"Dai Nippon Toryo Company,Limited",Chemicals,36333646950.0,close_times_edinet_shares_outstanding,76170000000.0,9643000000.0,,,2.0964039229208176,book_equity_over_market_equity,0.26540137887259346,net_income_over_market_equity,2.0964039229208176,0.26540137887259346,True,True,B_price_times_shares,
5933,ALINCO INCORPORATED,Metal Products,20291515068.0,close_times_edinet_shares_outstanding,31994615000.0,1959988000.0,,,1.5767484533698497,book_equity_over_market_equity,0.096591506027607,net_income_over_market_equity,1.5767484533698497,0.096591506027607,True,True,B_price_times_shares,
4205,ZEON CORPORATION,Chemicals,427761390068.0,close_times_edinet_shares_outstanding,357992000000.0,26355000000.0,,,0.8368964761945696,book_equity_over_market_equity,0.06161145117798131,net_income_over_market_equity,0.8368964761945696,0.06161145117798131,True,True,B_price_times_shares,
4025,"TAKI CHEMICAL CO.,LTD.",Chemicals,41527562640.0,close_times_edinet_shares_outstanding,43328000000.0,3292000000.0,,,1.0433552379562434,book_equity_over_market_equity,0.07927265148061191,net_income_over_market_equity,1.0433552379562434,0.07927265148061191,True,True,B_price_times_shares,
7771,"Nihon Seimitsu Co.,Ltd.",Precision Instruments,7511752259.0,close_times_edinet_shares_outstanding,-3136556000.0,-198211000.0,,,,missing,,missing,,,False,False,B_price_times_shares,book_equity_nonpositive_or_missing;net_income_nonpositive_or_missing
4255,THECOO Inc.,Information & Communication,5046492000.0,close_times_edinet_shares_outstanding,540857000.0,174505000.0,,,0.10717484541737111,book_equity_over_market_equity,0.03457946629064308,net_income_over_market_equity,0.10717484541737111,0.03457946629064308,True,True,B_price_times_shares,
7240,NOK CORPORATION,Transportation Equipment,473351725075.5,close_times_edinet_shares_outstanding,623421000000.0,41629000000.0,,,1.317035445261267,book_equity_over_market_equity,0.08794517436977786,net_income_over_market_equity,1.317035445261267,0.08794517436977786,True,True,B_price_times_shares,
4531,"Yuki Gosei Kogyo Co.,Ltd.",Chemicals,8444816800.0,close_times_edinet_shares_outstanding,13106000000.0,896000000.0,,,1.5519578826150497,book_equity_over_market_equity,0.10610058468053446,net_income_over_market_equity,1.5519578826150497,0.10610058468053446,True,True,B_price_times_shares,
4754,TOSNET CORPORATION,Services,6991238800.0,close_times_edinet_shares_outstanding,8476474000.0,757668000.0,,,1.2124423499881023,book_equity_over_market_equity,0.10837392652071905,net_income_over_market_equity,1.2124423499881023,0.10837392652071905,True,True,B_price_times_shares,
4801,"CENTRAL SPORTS CO.,LTD.",Services,25492793200.0,close_times_edinet_shares_outstanding,25840000000.0,1359000000.0,,,1.013619802164323,book_equity_over_market_equity,0.05330918386769795,net_income_over_market_equity,1.013619802164323,0.05330918386769795,True,True,B_price_times_shares,
2705,"OOTOYA Holdings Co.,Ltd.",Retail Trade,55335812000.0,close_times_edinet_shares_outstanding,4948000000.0,1273000000.0,,,0.08941768126579583,book_equity_over_market_equity,0.02300499358354044,net_income_over_market_equity,0.09741440959758958,0.02300499358354044,True,True,B_price_times_shares,
5918,"The Takigami Steel Construction Co.,Ltd.",Metal Products,15114818000.0,close_times_edinet_shares_outstanding,43265000000.0,200000000.0,,,2.8624228224249872,book_equity_over_market_equity,0.013232048179475268,net_income_over_market_equity,2.8624228224249872,0.013232048179475268,True,True,B_price_times_shares,
6977,"JAPAN RESISTOR MFG. CO.,LTD.",Electric Appliances,1620863000.0,close_times_edinet_shares_outstanding,1654746000.0,-376511000.0,,,1.0209042960447614,book_equity_over_market_equity,,missing,1.0209042960447614,,True,False,B_price_times_shares,net_income_nonpositive_or_missing
4958,"T.HASEGAWA CO.,LTD.",Chemicals,123370529700.0,close_times_edinet_shares_outstanding,123324000000.0,8453000000.0,,,0.99962284590888,book_equity_over_market_equity,0.06851717359530798,net_income_over_market_equity,0.99962284590888,0.06851717359530798,True,True,B_price_times_shares,
9511,"The Okinawa Electric Power Company,Incorporated",Electric Power and Gas,48859430170.0,close_times_edinet_shares_outstanding,123550000000.0,4493000000.0,,,2.528682785904869,book_equity_over_market_equity,0.09195768318146966,net_income_over_market_equity,2.528682785904869,0.09195768318146966,True,True,B_price_times_shares,
6837,"KYOSHA CO.,LTD.",Electric Appliances,5477960800.0,close_times_edinet_shares_outstanding,10100000000.0,642000000.0,,,1.843751784423138,book_equity_over_market_equity,0.1171968956039262,net_income_over_market_equity,1.843751784423138,0.1171968956039262,True,True,B_price_times_shares,
7544,"Three F Co.,Ltd.",Retail Trade,4188640435.0,close_times_edinet_shares_outstanding,5814000000.0,889000000.0,,,1.3880398879356184,book_equity_over_market_equity,0.21224070525881747,net_income_over_market_equity,1.3880398879356184,0.21224070525881747,True,True,B_price_times_shares,
5947,RINNAI CORPORATION,Metal Products,471142897850.0,close_times_edinet_shares_outstanding,461718000000.0,37188000000.0,,,0.9799956703305742,book_equity_over_market_equity,0.07893146680063023,net_income_over_market_equity,0.9799956703305742,0.07893146680063023,True,True,B_price_times_shares,
5958,"SANYO INDUSTRIES,LTD.",Metal Products,13289624000.0,close_times_edinet_shares_outstanding,20970000000.0,1651000000.0,,,1.577922746347075,book_equity_over_market_equity,0.1242322581887945,net_income_over_market_equity,1.577922746347075,0.1242322581887945,True,True,B_price_times_shares,
7299,FUJI OOZX Inc.,Transportation Equipment,17617213350.0,close_times_edinet_shares_outstanding,30971944000.0,2621991000.0,,,1.7580501175005638,book_equity_over_market_equity,0.14883119979925769,net_income_over_market_equity,1.7580501175005638,0.14883119979925769,True,True,B_price_times_shares,
9409,TV Asahi Holdings Corporation,Information & Communication,328407156000.0,close_times_edinet_shares_outstanding,447842000000.0,26185000000.0,,,1.3636791763453535,book_equity_over_market_equity,0.0797333417424071,net_income_over_market_equity,1.3636791763453535,0.0797333417424071,True,True,B_price_times_shares,
3854,I'LL INC,Information & Communication,64926595632.0,close_times_edinet_shares_outstanding,11286903000.0,3488354000.0,,,0.17384097980392318,book_equity_over_market_equity,0.053727659151756216,net_income_over_market_equity,0.17384097980392318,0.053727659151756216,True,True,B_price_times_shares,
3623,Billing System Corporation,Information & Communication,6264242400.0,close_times_edinet_shares_outstanding,3276997000.0,432296000.0,,,0.5231274255925984,book_equity_over_market_equity,0.069010100886262,net_income_over_market_equity,0.5231274255925984,0.069010100886262,True,True,B_price_times_shares,
5727,"TOHO TITANIUM COMPANY,LIMITED",Nonferrous Metals,200064801210.0,close_times_edinet_shares_outstanding,58426000000.0,4903000000.0,,,0.2920353787704643,book_equity_over_market_equity,0.024507059564433414,net_income_over_market_equity,0.2920353787704643,0.024507059564433414,True,True,B_price_times_shares,
3110,"NITTO BOSEKI CO.,LTD.",Glass and Ceramics Products,882460131328.0,raw_market_cap,135829000000.0,13165000000.0,5.0835056,21.13155,0.15392083469605944,book_equity_over_market_equity,0.014918520999003326,net_income_over_market_equity,0.15392083469605944,0.014918520999003326,True,True,A_raw_market_cap,
2136,HIP CORPORATION,Services,5392657600.0,close_times_edinet_shares_outstanding,3979882000.0,413669000.0,,,0.7380186719067793,book_equity_over_market_equity,0.07670967279658178,net_income_over_market_equity,0.7380186719067793,0.07670967279658178,True,True,B_price_times_shares,
2331,"ALSOK CO.,LTD.",Services,522833244780.0,close_times_edinet_shares_outstanding,376000000000.0,29006000000.0,,,0.7191585534279001,book_equity_over_market_equity,0.05547849202321721,net_income_over_market_equity,0.7191585534279001,0.05547849202321721,True,True,B_price_times_shares,
6042,"NIKKI CO.,LTD.",Transportation Equipment,7656780500.0,close_times_edinet_shares_outstanding,13063390000.0,630548000.0,,,1.706120477137878,book_equity_over_market_equity,0.08235158367149222,net_income_over_market_equity,1.706120477137878,0.08235158367149222,True,True,B_price_times_shares,
5757,"CK SAN-ETSU Co.,Ltd.",Nonferrous Metals,42435357500.0,close_times_edinet_shares_outstanding,59038000000.0,5802000000.0,,,1.3912454961643719,book_equity_over_market_equity,0.13672560670662431,net_income_over_market_equity,1.3912454961643719,0.13672560670662431,True,True,B_price_times_shares,
4956,"KONISHI CO.,LTD.",Chemicals,92304645680.0,close_times_edinet_shares_outstanding,86672000000.0,8199000000.0,,,0.9389776577494577,book_equity_over_market_equity,0.08882543169521649,net_income_over_market_equity,0.9389776577494577,0.08882543169521649,True,True,B_price_times_shares,
4021,Nissan Chemical Corporation,Chemicals,1000488501248.0,raw_market_cap,236180000000.0,43043000000.0,3.919292,20.275045,0.23606468210818143,book_equity_over_market_equity,0.043021983707267564,net_income_over_market_equity,0.23606468210818143,0.043021983707267564,True,True,A_raw_market_cap,
4299,"HIMACS,Ltd.",Information & Communication,13075992576.0,close_times_edinet_shares_outstanding,11782000000.0,1293000000.0,,,0.9010405849896989,book_equity_over_market_equity,0.09888350673838743,net_income_over_market_equity,0.9010405849896989,0.09888350673838743,True,True,B_price_times_shares,
4725,CAC Holdings Corporation,Information & Communication,31023982500.0,close_times_edinet_shares_outstanding,35812000000.0,4928000000.0,,,1.1543327810992674,book_equity_over_market_equity,0.15884485494407433,net_income_over_market_equity,1.1543327810992674,0.15884485494407433,True,True,B_price_times_shares,
9765,"OHBA CO.,LTD.",Services,17582481000.0,close_times_edinet_shares_outstanding,13167828000.0,1334261000.0,,,0.7489175162481336,book_equity_over_market_equity,0.0758858206643306,net_income_over_market_equity,0.7489175162481336,0.0758858206643306,True,True,B_price_times_shares,
6864,NF HOLDINGS CORPORATION,Electric Appliances,13411532800.0,close_times_edinet_shares_outstanding,13666773000.0,776587000.0,,,1.019031396620079,book_equity_over_market_equity,0.05790441790516294,net_income_over_market_equity,1.019031396620079,0.05790441790516294,True,True,B_price_times_shares,
2805,S&B FOODS INC.,Foods,141126862320.0,close_times_edinet_shares_outstanding,80267000000.0,7565000000.0,,,0.5687577735413512,book_equity_over_market_equity,0.053604252766894504,net_income_over_market_equity,0.5687577735413512,0.053604252766894504,True,True,B_price_times_shares,
4377,ONE CAREER Inc.,Information & Communication,34962276160.0,close_times_edinet_shares_outstanding,5531729000.0,1515352000.0,,,0.1582199332413259,book_equity_over_market_equity,0.0433424870012811,net_income_over_market_equity,0.1582199332413259,0.0433424870012811,True,True,B_price_times_shares,
4750,"DAISAN CO.,LTD.",Services,3648940100.0,close_times_edinet_shares_outstanding,5566424000.0,335244000.0,,,1.5254906486406834,book_equity_over_market_equity,0.09187435003386325,net_income_over_market_equity,1.5254906486406834,0.09187435003386325,True,True,B_price_times_shares,
5729,"NIHON SEIKO CO.,LTD",Nonferrous Metals,3778631200.0,close_times_edinet_shares_outstanding,11932841000.0,2456081000.0,,,3.157979799669256,book_equity_over_market_equity,0.6499922511622728,net_income_over_market_equity,3.157979799669256,0.4713793788347592,True,True,B_price_times_shares,
9474,"ZENRIN CO.,LTD.",Information & Communication,46699655550.0,close_times_edinet_shares_outstanding,49847000000.0,2657000000.0,,,1.0673954531983694,book_equity_over_market_equity,0.05689549459642642,net_income_over_market_equity,1.0673954531983694,0.05689549459642642,True,True,B_price_times_shares,
7102,"NIPPON SHARYO,LTD.",Transportation Equipment,46747406880.0,close_times_edinet_shares_outstanding,64648000000.0,6416000000.0,,,1.3829216274166949,book_equity_over_market_equity,0.13724825457099238,net_income_over_market_equity,1.3829216274166949,0.13724825457099238,True,True,B_price_times_shares,
5741,UACJ Corporation,Nonferrous Metals,144375230670.0,close_times_edinet_shares_outstanding,188100000000.0,10256000000.0,,,1.3028550612669993,book_equity_over_market_equity,0.07103711594021449,net_income_over_market_equity,1.3028550612669993,0.07103711594021449,True,True,B_price_times_shares,
1997,"AKATSUKI EAZIMA CO.,LTD.",Construction,7077350000.0,close_times_edinet_shares_outstanding,7554229000.0,796697000.0,,,1.0673810112542124,book_equity_over_market_equity,0.11256995909485895,net_income_over_market_equity,1.0673810112542124,0.11256995909485895,True,True,B_price_times_shares,
3513,"ICHIKAWA CO.,LTD.",Textiles and Apparels,13589977590.0,close_times_edinet_shares_outstanding,22265000000.0,782000000.0,,,1.6383397141422364,book_equity_over_market_equity,0.05754240541025057,net_income_over_market_equity,1.6383397141422364,0.05754240541025057,True,True,B_price_times_shares,
7971,TOLI Corporation,Chemicals,35005755249.0,close_times_edinet_shares_outstanding,48377000000.0,3565000000.0,,,1.381972754362498,book_equity_over_market_equity,0.10184039666168437,net_income_over_market_equity,1.381972754362498,0.10184039666168437,True,True,B_price_times_shares,
9552,"Quants Research Institute Holdings,Inc.",Services,51834654865.0,close_times_edinet_shares_outstanding,5320478000.0,6444963000.0,,,0.1026432608427092,book_equity_over_market_equity,0.1243369521179506,net_income_over_market_equity,0.1026432608427092,0.1243369521179506,True,True,B_price_times_shares,
9475,"Shobunsha Holdings,Inc.",Information & Communication,8470516018.0,close_times_edinet_shares_outstanding,13021008000.0,541404000.0,,,1.5372154390984116,book_equity_over_market_equity,0.0639162949281374,net_income_over_market_equity,1.5372154390984116,0.0639162949281374,True,True,B_price_times_shares,
6942,"SOPHIA HOLDINGS CO.,LTD.",Information & Communication,6049737040.0,close_times_edinet_shares_outstanding,2822395000.0,-82603000.0,,,0.4665318478040824,book_equity_over_market_equity,,missing,0.4665318478040824,,True,False,B_price_times_shares,net_income_nonpositive_or_missing
2305,"STUDIO ALICE Co.,Ltd.",Services,30061414500.0,close_times_edinet_shares_outstanding,30229393000.0,1162055000.0,,,1.005587844178124,book_equity_over_market_equity,0.03865603197081761,net_income_over_market_equity,1.005587844178124,0.03865603197081761,True,True,B_price_times_shares,
6045,"Rentracks CO.,LTD.",Services,11171516400.0,close_times_edinet_shares_outstanding,3631368000.0,744411000.0,,,0.3250559610689915,book_equity_over_market_equity,0.06663473187937136,net_income_over_market_equity,0.3250559610689915,0.06663473187937136,True,True,B_price_times_shares,
2109,"Mitsui DM Sugar Co.,Ltd.",Foods,104565723000.0,close_times_edinet_shares_outstanding,119341000000.0,6306000000.0,,,1.1413013421233649,book_equity_over_market_equity,0.06030656910391181,net_income_over_market_equity,1.1413013421233649,0.06030656910391181,True,True,B_price_times_shares,
9052,"Sanyo Electric Railway Co.,Ltd.",Land Transportation,41714996250.0,close_times_edinet_shares_outstanding,57572000000.0,3031000000.0,,,1.3801271766864895,book_equity_over_market_equity,0.07265972126271017,net_income_over_market_equity,1.3801271766864895,0.07265972126271017,True,True,B_price_times_shares,
4061,Denka Company Limited,Chemicals,357937300260.0,close_times_edinet_shares_outstanding,308296000000.0,-17056000000.0,,,0.861312860593346,book_equity_over_market_equity,,missing,0.861312860593346,,True,False,B_price_times_shares,net_income_nonpositive_or_missing
2163,"ARTNER CO.,LTD.",Services,20453933500.0,close_times_edinet_shares_outstanding,5223031000.0,1398394000.0,,,0.2553558219009561,book_equity_over_market_equity,0.06836797430675132,net_income_over_market_equity,0.2553558219009561,0.06836797430675132,True,True,B_price_times_shares,
9739,NSW Inc.,Information & Communication,38753339400.0,close_times_edinet_shares_outstanding,35414000000.0,3662000000.0,,,0.9138309252389227,book_equity_over_market_equity,0.09449508240314382,net_income_over_market_equity,0.9138309252389227,0.09449508240314382,True,True,B_price_times_shares,
9535,"HIROSHIMA GAS CO.,LTD.",Electric Power and Gas,26617409936.0,close_times_edinet_shares_outstanding,71592000000.0,1742000000.0,,,2.6896681597547905,book_equity_over_market_equity,0.06544588689089346,net_income_over_market_equity,2.6896681597547905,0.06544588689089346,True,True,B_price_times_shares,
6061,"UNIVERSAL ENGEISHA CO.,LTD",Services,12894560000.0,close_times_edinet_shares_outstanding,13900364000.0,1809210000.0,,,1.0780021962750184,book_equity_over_market_equity,0.1403080058567334,net_income_over_market_equity,1.0780021962750184,0.1403080058567334,True,True,B_price_times_shares,
9656,GREENLAND RESORT COMPANY LIMITED,Services,6181814834.0,close_times_edinet_shares_outstanding,10963683000.0,487127000.0,,,1.7735379163574605,book_equity_over_market_equity,0.07879999855718746,net_income_over_market_equity,1.7735379163574605,0.07879999855718746,True,True,B_price_times_shares,
3921,NEOJAPAN Inc.,Information & Communication,22092210400.0,close_times_edinet_shares_outstanding,7482063000.0,1809529000.0,,,0.3386742595933271,book_equity_over_market_equity,0.08190801043611282,net_income_over_market_equity,0.3386742595933271,0.08190801043611282,True,True,B_price_times_shares,
3974,SCAT Inc.,Information & Communication,1824371400.0,close_times_edinet_shares_outstanding,2321319000.0,125510000.0,,,1.2723938776939827,book_equity_over_market_equity,0.06879629882380309,net_income_over_market_equity,1.2723938776939827,0.06879629882380309,True,True,B_price_times_shares,
5331,"NORITAKE CO.,LIMITED",Glass and Ceramics Products,127156319160.0,close_times_edinet_shares_outstanding,150862000000.0,12970000000.0,,,1.1864294358046907,book_equity_over_market_equity,0.10200043604344924,net_income_over_market_equity,1.1864294358046907,0.10200043604344924,True,True,B_price_times_shares,
3741,"Systems Engineering Consultants Co.,LTD.",Information & Communication,20578903500.0,close_times_edinet_shares_outstanding,9330262000.0,1344002000.0,,,0.453389657033962,book_equity_over_market_equity,0.06530969932387311,net_income_over_market_equity,0.453389657033962,0.06530969932387311,True,True,B_price_times_shares,
7292,MURAKAMI CORPORATION,Transportation Equipment,75939872000.0,close_times_edinet_shares_outstanding,92261000000.0,6918000000.0,,,1.2149217212270256,book_equity_over_market_equity,0.09109838899912816,net_income_over_market_equity,1.2149217212270256,0.09109838899912816,True,True,B_price_times_shares,
5966,"KYOTO TOOL CO.,LTD.",Metal Products,5848014700.0,close_times_edinet_shares_outstanding,12253512000.0,596359000.0,,,2.0953285223445146,book_equity_over_market_equity,0.10197631685159751,net_income_over_market_equity,2.0953285223445146,0.10197631685159751,True,True,B_price_times_shares,
9788,"NAC CO.,LTD.",Services,20296770900.0,close_times_edinet_shares_outstanding,24268000000.0,1617000000.0,,,1.195658172404163,book_equity_over_market_equity,0.07966784509549743,net_income_over_market_equity,1.195658172404163,0.07966784509549743,True,True,B_price_times_shares,
6546,Fulltech Co.Ltd.,Services,5963514700.0,close_times_edinet_shares_outstanding,6996906000.0,250059000.0,,,1.173285612928899,book_equity_over_market_equity,0.04193148044055295,net_income_over_market_equity,1.173285612928899,0.04193148044055295,True,True,B_price_times_shares,
4337,PIA CORPORATION,Services,42149508387.0,close_times_edinet_shares_outstanding,7240000000.0,1591000000.0,,,0.17176950045360442,book_equity_over_market_equity,0.037746584975370805,net_income_over_market_equity,0.17176950045360442,0.037746584975370805,True,True,B_price_times_shares,
7245,"DAIDO METAL CO.,LTD.",Transportation Equipment,51937122629.0,close_times_edinet_shares_outstanding,82095000000.0,3653000000.0,,,1.5806613043703892,book_equity_over_market_equity,0.0703350477479144,net_income_over_market_equity,1.5806613043703892,0.0703350477479144,True,True,B_price_times_shares,
5973,TOAMI CORPORATION,Metal Products,3521658400.0,close_times_edinet_shares_outstanding,10800513000.0,27208000.0,,,3.0668826368849404,book_equity_over_market_equity,0.007725905499522612,net_income_over_market_equity,3.0668826368849404,0.007725905499522612,True,True,B_price_times_shares,
2488,"JTP CO.,LTD.",Services,7902244800.0,close_times_edinet_shares_outstanding,3655271000.0,562703000.0,,,0.46256109403241974,book_equity_over_market_equity,0.07120799396141207,net_income_over_market_equity,0.46256109403241974,0.07120799396141207,True,True,B_price_times_shares,
3350,Metaplanet Inc.,Wholesale Trade,377558761472.0,raw_market_cap,529841000000.0,-95046000000.0,0.846468,,1.4033338755914246,book_equity_over_market_equity,,missing,1.4033338755914246,,True,False,A_raw_market_cap,net_income_nonpositive_or_missing
6255,NPC Incorporated,Machinery,17906018328.0,close_times_edinet_shares_outstanding,10835614000.0,1325483000.0,,,0.605138105050196,book_equity_over_market_equity,0.07402444115268862,net_income_over_market_equity,0.605138105050196,0.07402444115268862,True,True,B_price_times_shares,
4491,"Computer Management Co.,Ltd.",Information & Communication,5985840000.0,close_times_edinet_shares_outstanding,3580184000.0,397887000.0,,,0.5981088702671639,book_equity_over_market_equity,0.06647137243895594,net_income_over_market_equity,0.5981088702671639,0.06647137243895594,True,True,B_price_times_shares,
1736,OTEC CORPORATION,Construction,38117792200.0,close_times_edinet_shares_outstanding,22902212000.0,2927187000.0,,,0.6008273480225331,book_equity_over_market_equity,0.07679319370443496,net_income_over_market_equity,0.6008273480225331,0.07679319370443496,True,True,B_price_times_shares,
7058,"Kyoei Security Service Co.,Ltd.",Services,4413960000.0,close_times_edinet_shares_outstanding,4532325000.0,-80888000.0,,,1.02681605633037,book_equity_over_market_equity,,missing,1.02681605633037,,True,False,B_price_times_shares,net_income_nonpositive_or_missing
9729,TOKAI Corp.,Services,77684645662.0,close_times_edinet_shares_outstanding,85845000000.0,5972000000.0,,,1.10504462327736,book_equity_over_market_equity,0.07687490815088117,net_income_over_market_equity,1.10504462327736,0.07687490815088117,True,True,B_price_times_shares,
5984,KANEFUSA CORPORATION,Metal Products,10008072000.0,close_times_edinet_shares_outstanding,30556144000.0,1255833000.0,,,3.0531498974028164,book_equity_over_market_equity,0.12548201092078473,net_income_over_market_equity,3.0531498974028164,0.12548201092078473,True,True,B_price_times_shares,
4356,"APPLIED TECHNOLOGY CO.,LTD.",Information & Communication,8741550700.0,close_times_edinet_shares_outstanding,6252519000.0,914874000.0,,,0.7152642837157027,book_equity_over_market_equity,0.10465809001142097,net_income_over_market_equity,0.7152642837157027,0.10465809001142097,True,True,B_price_times_shares,
7678,"ASAKUMA CO.,LTD.",Retail Trade,34754998800.0,close_times_edinet_shares_outstanding,3395654000.0,325147000.0,,,0.09770260731529647,book_equity_over_market_equity,0.009355402423434986,net_income_over_market_equity,0.09770260731529647,0.009355402423434986,True,True,B_price_times_shares,
5071,VIS co.ltd.,Services,11483587500.0,close_times_edinet_shares_outstanding,6936617000.0,1357636000.0,,,0.6040461658867492,book_equity_over_market_equity,0.11822403060019354,net_income_over_market_equity,0.6040461658867492,0.11822403060019354,True,True,B_price_times_shares,
4097,"KOATSU GAS KOGYO CO.,LTD.",Chemicals,58930452168.0,close_times_edinet_shares_outstanding,79692000000.0,4810000000.0,,,1.3523059312834154,book_equity_over_market_equity,0.08162163742249194,net_income_over_market_equity,1.3523059312834154,0.08162163742249194,True,True,B_price_times_shares,
5901,"Toyo Seikan Group Holdings,Ltd.",Metal Products,628262767094.0,close_times_edinet_shares_outstanding,694820000000.0,24517000000.0,,,1.1059385282592145,book_equity_over_market_equity,0.03902348075376524,net_income_over_market_equity,1.1059385282592145,0.03902348075376524,True,True,B_price_times_shares,
7256,"KASAI KOGYO CO.,LTD.",Transportation Equipment,14296221504.0,close_times_edinet_shares_outstanding,-47297000000.0,-33314000000.0,,,,missing,,missing,,,False,False,B_price_times_shares,book_equity_nonpositive_or_missing;net_income_nonpositive_or_missing
4992,"HOKKO CHEMICAL INDUSTRY CO.,LTD.",Chemicals,44651533292.0,close_times_edinet_shares_outstanding,52900000000.0,4452000000.0,,,1.1847297528185408,book_equity_over_market_equity,0.0997054226757683,net_income_over_market_equity,1.1847297528185408,0.0997054226757683,True,True,B_price_times_shares,
4430,"TOKAI SOFT CO.,LTD.",Information & Communication,8139965400.0,close_times_edinet_shares_outstanding,6057757000.0,848337000.0,,,0.7441993549505751,book_equity_over_market_equity,0.10421874766199866,net_income_over_market_equity,0.7441993549505751,0.10421874766199866,True,True,B_price_times_shares,
2326,Digital Arts Inc.,Information & Communication,55363396000.0,close_times_edinet_shares_outstanding,18231000000.0,3187000000.0,,,0.32929699615970087,book_equity_over_market_equity,0.05756511034836086,net_income_over_market_equity,0.32929699615970087,0.05756511034836086,True,True,B_price_times_shares,
7833,IFIS JAPAN LTD.,Other Products,6060226300.0,close_times_edinet_shares_outstanding,5945422000.0,556292000.0,,,0.9810561034659713,book_equity_over_market_equity,0.09179393185366691,net_income_over_market_equity,0.9810561034659713,0.09179393185366691,True,True,B_price_times_shares,
5192,Mitsuboshi Belting Ltd.,Rubber Products,109288167250.0,close_times_edinet_shares_outstanding,95786000000.0,9060000000.0,,,0.8764535302425432,book_equity_over_market_equity,0.08290010005634896,net_income_over_market_equity,0.8764535302425432,0.08290010005634896,True,True,B_price_times_shares,
4290,Prestige International Inc.,Services,81019896300.0,close_times_edinet_shares_outstanding,49641933000.0,5515005000.0,,,0.6127128676663093,book_equity_over_market_equity,0.06806976127911929,net_income_over_market_equity,0.6127128676663093,0.06806976127911929,True,True,B_price_times_shares,
2301,"GAKUJO CO.,Ltd.",Services,20923183100.0,close_times_edinet_shares_outstanding,14887256000.0,1892164000.0,,,0.7115196540052264,book_equity_over_market_equity,0.09043384990498889,net_income_over_market_equity,0.7115196540052264,0.09043384990498889,True,True,B_price_times_shares,
6240,YAMASHIN-FILTER CORP.,Machinery,39122652449.0,close_times_edinet_shares_outstanding,22619539000.0,2037035000.0,,,0.5781698730546622,book_equity_over_market_equity,0.05206791647512816,net_income_over_market_equity,0.5781698730546622,0.05206791647512816,True,True,B_price_times_shares,
2818,"PIETRO Co.,Ltd.",Foods,11893216860.0,close_times_edinet_shares_outstanding,6577424000.0,104934000.0,,,0.553039945157445,book_equity_over_market_equity,0.008823012414153524,net_income_over_market_equity,0.553039945157445,0.008823012414153524,True,True,B_price_times_shares,
6535,"i-mobile Co.,Ltd.",Services,27407074932.0,close_times_edinet_shares_outstanding,17134000000.0,3056000000.0,,,0.6251670432730001,book_equity_over_market_equity,0.11150405534272723,net_income_over_market_equity,0.6251670432730001,0.11150405534272723,True,True,B_price_times_shares,
9768,"IDEA Consultants,Inc.",Services,21881111625.0,close_times_edinet_shares_outstanding,30711979000.0,2381070000.0,,,1.4035840375180209,book_equity_over_market_equity,0.10881851163720298,net_income_over_market_equity,1.4035840375180209,0.10881851163720298,True,True,B_price_times_shares,
9619,"ICHINEN HOLDINGS CO.,LTD.",Services,49695620970.0,close_times_edinet_shares_outstanding,65395000000.0,6657000000.0,,,1.3159107125248988,book_equity_over_market_equity,0.13395546468809927,net_income_over_market_equity,1.3159107125248988,0.13395546468809927,True,True,B_price_times_shares,
1379,HOKUTO CORPORATION,"Fishery, Agriculture and Forestry",58187696260.0,close_times_edinet_shares_outstanding,56808000000.0,4441000000.0,,,0.9762888660545159,book_equity_over_market_equity,0.07632197673123689,net_income_over_market_equity,0.9762888660545159,0.07632197673123689,True,True,B_price_times_shares,
6888,ACMOS INC.,Information & Communication,5272493000.0,close_times_edinet_shares_outstanding,3666971000.0,405429000.0,,,0.6954909186223671,book_equity_over_market_equity,0.07689512342643225,net_income_over_market_equity,0.6954909186223671,0.07689512342643225,True,True,B_price_times_shares,
4481,"BASE CO.,LTD.",Information & Communication,56501739000.0,close_times_edinet_shares_outstanding,14621087000.0,4228477000.0,,,0.2587723361930506,book_equity_over_market_equity,0.07483799746411345,net_income_over_market_equity,0.2587723361930506,0.07483799746411345,True,True,B_price_times_shares,
2208,BOURBON CORPORATION,Foods,69866617000.0,close_times_edinet_shares_outstanding,61492000000.0,5566000000.0,,,0.880134213454188,book_equity_over_market_equity,0.07966608716720891,net_income_over_market_equity,0.880134213454188,0.07966608716720891,True,True,B_price_times_shares,
2198,IKK Holdings Inc.,Services,23312192000.0,close_times_edinet_shares_outstanding,12202999000.0,2078632000.0,,,0.52345995606076,book_equity_over_market_equity,0.08916501717213036,net_income_over_market_equity,0.52345995606076,0.08916501717213036,True,True,B_price_times_shares,
1941,CHUDENKO CORPORATION,Construction,262322917365.0,close_times_edinet_shares_outstanding,229601000000.0,20088000000.0,,,0.8752609276624115,book_equity_over_market_equity,0.07657737342120688,net_income_over_market_equity,0.8752609276624115,0.07657737342120688,True,True,B_price_times_shares,
3150,"grems,Inc.",Electric Power and Gas,54751977000.0,close_times_edinet_shares_outstanding,16309094000.0,4558108000.0,,,0.29787223938963886,book_equity_over_market_equity,0.08325010802806262,net_income_over_market_equity,0.29787223938963886,0.08325010802806262,True,True,B_price_times_shares,
4463,"NICCA CHEMICAL CO.,LTD.",Chemicals,29386341000.0,close_times_edinet_shares_outstanding,38354000000.0,2697000000.0,,,1.305164191758341,book_equity_over_market_equity,0.09177733287720305,net_income_over_market_equity,1.305164191758341,0.09177733287720305,True,True,B_price_times_shares,
5930,"Bunka Shutter Co.,Ltd.",Metal Products,131140724706.0,close_times_edinet_shares_outstanding,113450000000.0,13166000000.0,,,0.8651012128714384,book_equity_over_market_equity,0.10039596799176163,net_income_over_market_equity,0.8651012128714384,0.10039596799176163,True,True,B_price_times_shares,
6059,"UCHIYAMA HOLDINGS Co.,Ltd.",Services,6751821900.0,close_times_edinet_shares_outstanding,14242203000.0,3463690000.0,,,2.1093866531046976,book_equity_over_market_equity,0.5130007946447758,net_income_over_market_equity,2.1093866531046976,0.4713793788347592,True,True,B_price_times_shares,
4362,"Nippon Fine Chemical Co.,Ltd.",Chemicals,55122175150.0,close_times_edinet_shares_outstanding,49069302000.0,3968548000.0,,,0.8901916854055786,book_equity_over_market_equity,0.07199548982239319,net_income_over_market_equity,0.8901916854055786,0.07199548982239319,True,True,B_price_times_shares,
9404,"Nippon Television Holdings,Inc.",Information & Communication,708567524320.0,close_times_edinet_shares_outstanding,990992000000.0,47427000000.0,,,1.3985851256039965,book_equity_over_market_equity,0.0669336349355199,net_income_over_market_equity,1.3985851256039965,0.0669336349355199,True,True,B_price_times_shares,
9699,"NISHIO HOLDINGS CO.,LTD.",Services,103554363720.0,close_times_edinet_shares_outstanding,140289000000.0,12172000000.0,,,1.354737694872295,book_equity_over_market_equity,0.11754212534115699,net_income_over_market_equity,1.354737694872295,0.11754212534115699,True,True,B_price_times_shares,
3431,"MIYAJI ENGINEERING GROUP,INC.",Metal Products,38638206312.0,close_times_edinet_shares_outstanding,48330000000.0,6625000000.0,,,1.2508344618727807,book_equity_over_market_equity,0.17146241071605986,net_income_over_market_equity,1.2508344618727807,0.17146241071605986,True,True,B_price_times_shares,
3553,"KYOWA LEATHER CLOTH CO.,LTD.",Chemicals,20589811200.0,close_times_edinet_shares_outstanding,37400000000.0,1337000000.0,,,1.8164323915704481,book_equity_over_market_equity,0.06493502961309329,net_income_over_market_equity,1.8164323915704481,0.06493502961309329,True,True,B_price_times_shares,
3096,OCEAN SYSTEM CORPORATION,Retail Trade,15193711800.0,close_times_edinet_shares_outstanding,11204651000.0,1049738000.0,,,0.7374531745429053,book_equity_over_market_equity,0.06909029299871279,net_income_over_market_equity,0.7374531745429053,0.06909029299871279,True,True,B_price_times_shares,
7266,"Imasen Electric Industrial Co.,Ltd.",Transportation Equipment,19923532080.0,close_times_edinet_shares_outstanding,53041000000.0,3296000000.0,,,2.6622287547720807,book_equity_over_market_equity,0.16543251401234474,net_income_over_market_equity,2.6622287547720807,0.16543251401234474,True,True,B_price_times_shares,
9928,"MIROKU JYOHO SERVICE CO.,LTD.",Information & Communication,51661227036.0,close_times_edinet_shares_outstanding,29637000000.0,4710000000.0,,,0.573679753664146,book_equity_over_market_equity,0.09117088908317737,net_income_over_market_equity,0.573679753664146,0.09117088908317737,True,True,B_price_times_shares,
7966,LINTEC Corporation,Other Products,397499153400.0,close_times_edinet_shares_outstanding,246126000000.0,14493000000.0,,,0.6191862244102078,book_equity_over_market_equity,0.03646045501238041,net_income_over_market_equity,0.6191862244102078,0.03646045501238041,True,True,B_price_times_shares,
4390,"IPS,Inc.",Information & Communication,52769178000.0,close_times_edinet_shares_outstanding,20982000000.0,3436000000.0,,,0.3976184734202227,book_equity_over_market_equity,0.06511376773767444,net_income_over_market_equity,0.3976184734202227,0.06511376773767444,True,True,B_price_times_shares,
7600,"Japan Medical Dynamic Marketing,INC.",Precision Instruments,22279555760.0,close_times_edinet_shares_outstanding,24741493000.0,518672000.0,,,1.1105020794184812,book_equity_over_market_equity,0.023280176929344663,net_income_over_market_equity,1.1105020794184812,0.023280176929344663,True,True,B_price_times_shares,
3766,"SYSTEMS DESIGN Co.,Ltd.",Information & Communication,4344913500.0,close_times_edinet_shares_outstanding,4616819000.0,297649000.0,,,1.0625801871544738,book_equity_over_market_equity,0.06850516126500562,net_income_over_market_equity,1.0625801871544738,0.06850516126500562,True,True,B_price_times_shares,
7377,"DN HOLDINGS CO.,LTD.",Services,15163323800.0,close_times_edinet_shares_outstanding,15498746000.0,1922581000.0,,,1.0221206250307733,book_equity_over_market_equity,0.12679152838508928,net_income_over_market_equity,1.0221206250307733,0.12679152838508928,True,True,B_price_times_shares,
3771,"SYSTEM RESEARCH CO.,LTD.",Information & Communication,29155808000.0,close_times_edinet_shares_outstanding,11829067000.0,2197791000.0,,,0.40571905947521675,book_equity_over_market_equity,0.07538089837880672,net_income_over_market_equity,0.40571905947521675,0.07538089837880672,True,True,B_price_times_shares,
9340,"ASO INTERNATIONAL,INC.",Services,6539853600.0,close_times_edinet_shares_outstanding,2946433000.0,438584000.0,,,0.45053500891824244,book_equity_over_market_equity,0.06706327493324928,net_income_over_market_equity,0.45053500891824244,0.06706327493324928,True,True,B_price_times_shares,
9067,MARUWN CORPORATION,Land Transportation,27209527758.0,close_times_edinet_shares_outstanding,25694000000.0,1130000000.0,,,0.9443015780546058,book_equity_over_market_equity,0.041529570452312,net_income_over_market_equity,0.9443015780546058,0.041529570452312,True,True,B_price_times_shares,
5122,"OKAMOTO INDUSTRIES,INC.",Rubber Products,97082535200.0,close_times_edinet_shares_outstanding,94464000000.0,8751000000.0,,,0.9730277418630905,book_equity_over_market_equity,0.09013979684370665,net_income_over_market_equity,0.9730277418630905,0.09013979684370665,True,True,B_price_times_shares,
5936,"TOYO SHUTTER CO.,LTD.",Metal Products,5661633162.0,close_times_edinet_shares_outstanding,9493483000.0,792635000.0,,,1.6768099819180762,book_equity_over_market_equity,0.1400011228774133,net_income_over_market_equity,1.6768099819180762,0.1400011228774133,True,True,B_price_times_shares,
2325,"NJS Co.,Ltd.",Services,47769183000.0,close_times_edinet_shares_outstanding,28576426000.0,2184890000.0,,,0.5982188558678092,book_equity_over_market_equity,0.045738483741704354,net_income_over_market_equity,0.5982188558678092,0.045738483741704354,True,True,B_price_times_shares,
7931,"MIRAI INDUSTRY CO.,LTD.",Chemicals,52835885020.0,close_times_edinet_shares_outstanding,54691000000.0,4902000000.0,,,1.0351108906247672,book_equity_over_market_equity,0.09277785350135505,net_income_over_market_equity,1.0351108906247672,0.09277785350135505,True,True,B_price_times_shares,
9083,"Shinki Bus Co.,Ltd.",Land Transportation,11941578000.0,close_times_edinet_shares_outstanding,49463000000.0,2471000000.0,,,4.1420823948057786,book_equity_over_market_equity,0.20692407653326889,net_income_over_market_equity,4.1420823948057786,0.20692407653326889,True,True,B_price_times_shares,
9686,"TOYO TEC CO.,LTD.",Services,17419647000.0,close_times_edinet_shares_outstanding,21785262000.0,729326000.0,,,1.250614435527884,book_equity_over_market_equity,0.04186801259520356,net_income_over_market_equity,1.250614435527884,0.04186801259520356,True,True,B_price_times_shares,
7081,"Koyou Rentia Co.,Ltd.",Services,14514210000.0,close_times_edinet_shares_outstanding,12627428000.0,1937406000.0,,,0.8700044990392174,book_equity_over_market_equity,0.1334833931712439,net_income_over_market_equity,0.8700044990392174,0.1334833931712439,True,True,B_price_times_shares,
9780,HARIMA B.STEM CORPORATION,Services,8271962450.0,close_times_edinet_shares_outstanding,9194727000.0,865549000.0,,,1.1115532808058142,book_equity_over_market_equity,0.10463647595498937,net_income_over_market_equity,1.1115532808058142,0.10463647595498937,True,True,B_price_times_shares,
9539,"KEIYO GAS CO.,LTD.",Electric Power and Gas,44084240800.0,close_times_edinet_shares_outstanding,104535000000.0,3398000000.0,,,2.37125553492576,book_equity_over_market_equity,0.07707969873896524,net_income_over_market_equity,2.37125553492576,0.07707969873896524,True,True,B_price_times_shares,
4685,"Ryoyu Systems Co.,Ltd.",Information & Communication,18585324288.0,close_times_edinet_shares_outstanding,20704000000.0,3547000000.0,,,1.1139972420802993,book_equity_over_market_equity,0.19084950819449484,net_income_over_market_equity,1.1139972420802993,0.19084950819449484,True,True,B_price_times_shares,
4189,"KH Neochem Co.,Ltd.",Chemicals,97417276000.0,close_times_edinet_shares_outstanding,72629000000.0,7953000000.0,,,0.7455453794458388,book_equity_over_market_equity,0.08163849705672328,net_income_over_market_equity,0.7455453794458388,0.08163849705672328,True,True,B_price_times_shares,
4709,ID Holdings Corporation,Information & Communication,35603540016.0,close_times_edinet_shares_outstanding,15253029000.0,2915214000.0,,,0.428413269948589,book_equity_over_market_equity,0.08187989168183618,net_income_over_market_equity,0.428413269948589,0.08187989168183618,True,True,B_price_times_shares,
9889,JBCC Holdings Inc.,Information & Communication,85708916248.0,close_times_edinet_shares_outstanding,24182000000.0,4987000000.0,,,0.2821410077106684,book_equity_over_market_equity,0.05818531161413875,net_income_over_market_equity,0.2821410077106684,0.05818531161413875,True,True,B_price_times_shares,
3252,"JINUSHI Co.,Ltd.",Real Estate,59932378800.0,close_times_edinet_shares_outstanding,51906000000.0,11842000000.0,,,0.8660760850693949,book_equity_over_market_equity,0.19758935382020912,net_income_over_market_equity,0.8660760850693949,0.19758935382020912,True,True,B_price_times_shares,
2483,HONYAKU Center Inc.,Services,7102424000.0,close_times_edinet_shares_outstanding,6760747000.0,723716000.0,,,0.9518929030426795,book_equity_over_market_equity,0.10189704247451292,net_income_over_market_equity,0.9518929030426795,0.10189704247451292,True,True,B_price_times_shares,
4335,"IPS HOLDINGS CO.,LTD.",Information & Communication,2832544000.0,close_times_edinet_shares_outstanding,1677879000.0,271969000.0,,,0.5923576120971112,book_equity_over_market_equity,0.09601580769795633,net_income_over_market_equity,0.5923576120971112,0.09601580769795633,True,True,B_price_times_shares,
4112,"Hodogaya Chemical Co.,Ltd.",Chemicals,36994059720.0,close_times_edinet_shares_outstanding,58530000000.0,4577000000.0,,,1.582145902423277,book_equity_over_market_equity,0.1237225661266246,net_income_over_market_equity,1.582145902423277,0.1237225661266246,True,True,B_price_times_shares,
4925,"HABA LABORATORIES,INC.",Chemicals,6447457500.0,close_times_edinet_shares_outstanding,8927115000.0,576566000.0,,,1.384594625090588,book_equity_over_market_equity,0.08942532773577802,net_income_over_market_equity,1.384594625090588,0.08942532773577802,True,True,B_price_times_shares,
6897,TWINBIRD CORPORATION,Electric Appliances,4286136600.0,close_times_edinet_shares_outstanding,6567192000.0,-1218298000.0,,,1.5321938176212115,book_equity_over_market_equity,,missing,1.5321938176212115,,True,False,B_price_times_shares,net_income_nonpositive_or_missing
8864,"AIRPORT FACILITIES Co.,LTD.",Real Estate,43751038500.0,close_times_edinet_shares_outstanding,62594282000.0,2627525000.0,,,1.4306924851623808,book_equity_over_market_equity,0.060056288721009446,net_income_over_market_equity,1.4306924851623808,0.060056288721009446,True,True,B_price_times_shares,
4671,"FALCO HOLDINGS Co.,Ltd.",Services,26444108532.0,close_times_edinet_shares_outstanding,25253000000.0,2168000000.0,,,0.9549575085672243,book_equity_over_market_equity,0.08198423468790807,net_income_over_market_equity,0.9549575085672243,0.08198423468790807,True,True,B_price_times_shares,
3371,SOFTCREATE HOLDINGS CORP.,Information & Communication,40007512468.0,close_times_edinet_shares_outstanding,24598317000.0,4020364000.0,,,0.6148424503941593,book_equity_over_market_equity,0.10049022675967888,net_income_over_market_equity,0.6148424503941593,0.10049022675967888,True,True,B_price_times_shares,
2186,Sobal Corporation,Services,7119904690.0,close_times_edinet_shares_outstanding,4537349000.0,460210000.0,,,0.6372766487131164,book_equity_over_market_equity,0.06463710120254433,net_income_over_market_equity,0.6372766487131164,0.06463710120254433,True,True,B_price_times_shares,
5970,G-TEKT CORPORATION,Metal Products,94451670320.0,close_times_edinet_shares_outstanding,212357000000.0,13153000000.0,,,2.2483138654990382,book_equity_over_market_equity,0.13925640441760267,net_income_over_market_equity,2.2483138654990382,0.13925640441760267,True,True,B_price_times_shares,
4012,"AXIS CO.,LTD.",Information & Communication,6944526100.0,close_times_edinet_shares_outstanding,4076459000.0,642849000.0,,,0.5870031937816462,book_equity_over_market_equity,0.09256916753470046,net_income_over_market_equity,0.5870031937816462,0.09256916753470046,True,True,B_price_times_shares,
2410,"CAREER DESIGN CENTER CO.,LTD.",Services,13590767043.0,close_times_edinet_shares_outstanding,4628417000.0,1100768000.0,,,0.34055598078872906,book_equity_over_market_equity,0.08099380973253872,net_income_over_market_equity,0.34055598078872906,0.08099380973253872,True,True,B_price_times_shares,
2702,"McDonald's Holdings Company(Japan),Ltd.",Retail Trade,1030430195712.0,raw_market_cap,284536000000.0,33909000000.0,3.6280324,30.424372,0.2761332123069173,book_equity_over_market_equity,0.032907614840003575,net_income_over_market_equity,0.2761332123069173,0.032907614840003575,True,True,A_raw_market_cap,
6995,"TOKAI RIKA CO.,LTD.",Transportation Equipment,243639555363.0,close_times_edinet_shares_outstanding,337877000000.0,29599000000.0,,,1.3867904146212837,book_equity_over_market_equity,0.1214868413131861,net_income_over_market_equity,1.3867904146212837,0.1214868413131861,True,True,B_price_times_shares,
6540,SEMBA CORPORATION,Services,15759971066.0,close_times_edinet_shares_outstanding,14589615000.0,1515125000.0,,,0.9257386919621392,book_equity_over_market_equity,0.09613754959669163,net_income_over_market_equity,0.9257386919621392,0.09613754959669163,True,True,B_price_times_shares,
4674,CRESCO LTD.,Information & Communication,63176309600.0,close_times_edinet_shares_outstanding,30815917000.0,4405567000.0,,,0.4877764654996562,book_equity_over_market_equity,0.06973447844443259,net_income_over_market_equity,0.4877764654996562,0.06973447844443259,True,True,B_price_times_shares,
8803,"HEIWA REAL ESTATE CO.,LTD.",Real Estate,77615712648.0,close_times_edinet_shares_outstanding,117999000000.0,9565000000.0,,,1.5202978362789097,book_equity_over_market_equity,0.12323535626579692,net_income_over_market_equity,1.5202978362789097,0.12323535626579692,True,True,B_price_times_shares,
9723,"THE KYOTO HOTEL,LTD.",Services,7576945600.0,close_times_edinet_shares_outstanding,2660305000.0,771543000.0,,,0.3511051999634259,book_equity_over_market_equity,0.10182770746037823,net_income_over_market_equity,0.3511051999634259,0.10182770746037823,True,True,B_price_times_shares,
2317,Systena Corporation,Information & Communication,149706544500.0,close_times_edinet_shares_outstanding,39817000000.0,8480000000.0,,,0.26596699651964784,book_equity_over_market_equity,0.05664415024955706,net_income_over_market_equity,0.26596699651964784,0.05664415024955706,True,True,B_price_times_shares,
6200,"Insource Co.,Ltd.",Services,51140105100.0,close_times_edinet_shares_outstanding,12487074000.0,4130091000.0,,,0.24417380401511923,book_equity_over_market_equity,0.0807603150584843,net_income_over_market_equity,0.24417380401511923,0.0807603150584843,True,True,B_price_times_shares,
7219,"HKS CO.,LTD.",Transportation Equipment,3325015000.0,close_times_edinet_shares_outstanding,10650925000.0,361443000.0,,,3.2032712634379092,book_equity_over_market_equity,0.10870417125937777,net_income_over_market_equity,3.2032712634379092,0.10870417125937777,True,True,B_price_times_shares,
6428,OIZUMI Corporation,Machinery,7175968800.0,close_times_edinet_shares_outstanding,18307307000.0,-463859000.0,,,2.5511965715347036,book_equity_over_market_equity,,missing,2.5511965715347036,,True,False,B_price_times_shares,net_income_nonpositive_or_missing
4985,Earth Corporation,Chemicals,101482102000.0,close_times_edinet_shares_outstanding,81290000000.0,5591000000.0,,,0.8010279487510025,book_equity_over_market_equity,0.055093458746055535,net_income_over_market_equity,0.8010279487510025,0.055093458746055535,True,True,B_price_times_shares,
2612,KADOYA SESAME MILLS INCORPORATED,Foods,13416457600.0,close_times_edinet_shares_outstanding,35265000000.0,2357000000.0,,,2.62848816367146,book_equity_over_market_equity,0.17567975618243672,net_income_over_market_equity,2.62848816367146,0.17567975618243672,True,True,B_price_times_shares,
4231,TIGERS POLYMER CORPORATION,Chemicals,19407178050.0,close_times_edinet_shares_outstanding,46966013000.0,3777543000.0,,,2.4200330866753705,book_equity_over_market_equity,0.19464669156266126,net_income_over_market_equity,2.4200330866753705,0.19464669156266126,True,True,B_price_times_shares,
7043,"Alue Co.,Ltd.",Services,2373863800.0,close_times_edinet_shares_outstanding,1415251000.0,283115000.0,,,0.5961803705840243,book_equity_over_market_equity,0.11926337138634491,net_income_over_market_equity,0.5961803705840243,0.11926337138634491,True,True,B_price_times_shares,
4372,"YMIRLINK,Inc.",Information & Communication,4386495000.0,close_times_edinet_shares_outstanding,3038722000.0,386583000.0,,,0.6927448908524916,book_equity_over_market_equity,0.08813027257525656,net_income_over_market_equity,0.6927448908524916,0.08813027257525656,True,True,B_price_times_shares,
3443,"KAWADA TECHNOLOGIES,INC.",Metal Products,20252837650.0,close_times_edinet_shares_outstanding,91569000000.0,11157000000.0,,,4.521292353321165,book_equity_over_market_equity,0.5508857668643782,net_income_over_market_equity,4.521292353321165,0.4713793788347592,True,True,B_price_times_shares,
6493,NITTAN Corporation,Transportation Equipment,13754526480.0,close_times_edinet_shares_outstanding,38045922000.0,1320742000.0,,,2.7660655606953326,book_equity_over_market_equity,0.09602235321735336,net_income_over_market_equity,2.7660655606953326,0.09602235321735336,True,True,B_price_times_shares,
7314,"ODAWARA AUTO-MACHINE MFG.CO.,LTD.",Transportation Equipment,3651365706.0,close_times_edinet_shares_outstanding,4156604000.0,96621000.0,,,1.1383696771785368,book_equity_over_market_equity,0.026461605815388572,net_income_over_market_equity,1.1383696771785368,0.026461605815388572,True,True,B_price_times_shares,
7264,MURO CORPORATION,Transportation Equipment,7854600000.0,close_times_edinet_shares_outstanding,22069620000.0,486277000.0,,,2.8097700710411733,book_equity_over_market_equity,0.06190983627428513,net_income_over_market_equity,2.8097700710411733,0.06190983627428513,True,True,B_price_times_shares,
9793,"Daiseki Co.,Ltd.",Services,190797396000.0,close_times_edinet_shares_outstanding,83403000000.0,9893000000.0,,,0.43712860735269154,book_equity_over_market_equity,0.05185081247125616,net_income_over_market_equity,0.43712860735269154,0.05185081247125616,True,True,B_price_times_shares,
4613,"KANSAI PAINT CO.,LTD.",Chemicals,423039993420.0,close_times_edinet_shares_outstanding,350009000000.0,45234000000.0,,,0.8273662193742193,book_equity_over_market_equity,0.10692606066464987,net_income_over_market_equity,0.8273662193742193,0.10692606066464987,True,True,B_price_times_shares,
3848,"Data Applications Company,Limited",Information & Communication,5713645300.0,close_times_edinet_shares_outstanding,4845901000.0,338280000.0,,,0.8481277267946612,book_equity_over_market_equity,0.0592056353235648,net_income_over_market_equity,0.8481277267946612,0.0592056353235648,True,True,B_price_times_shares,
9322,"KAWANISHI WAREHOUSE CO.,LTD.",Warehousing and Harbor Transportation Service,17251529620.0,close_times_edinet_shares_outstanding,24424841000.0,903174000.0,,,1.4158072668341162,book_equity_over_market_equity,0.05235327068928048,net_income_over_market_equity,1.4158072668341162,0.05235327068928048,True,True,B_price_times_shares,
4847,INTELLIGENT WAVE INC.,Information & Communication,24729385900.0,close_times_edinet_shares_outstanding,9475383000.0,1349786000.0,,,0.38316289123863767,book_equity_over_market_equity,0.05458226926694528,net_income_over_market_equity,0.38316289123863767,0.05458226926694528,True,True,B_price_times_shares,
3426,"ATOM LIVIN TECH Co.,Ltd.",Metal Products,5222648200.0,close_times_edinet_shares_outstanding,10430277000.0,390857000.0,,,1.9971241792621606,book_equity_over_market_equity,0.07483885282566036,net_income_over_market_equity,1.9971241792621606,0.07483885282566036,True,True,B_price_times_shares,
7246,"PRESS KOGYO CO.,LTD.",Transportation Equipment,82292177200.0,close_times_edinet_shares_outstanding,127481000000.0,7408000000.0,,,1.5491265918287067,book_equity_over_market_equity,0.09002070733887449,net_income_over_market_equity,1.5491265918287067,0.09002070733887449,True,True,B_price_times_shares,
2874,"YOKOREI CO.,LTD.",Wholesale Trade,148364211072.0,close_times_edinet_shares_outstanding,82417000000.0,3023000000.0,,,0.5555045883673635,book_equity_over_market_equity,0.020375533817471394,net_income_over_market_equity,0.5555045883673635,0.020375533817471394,True,True,B_price_times_shares,
6055,"JAPAN MATERIAL Co.,Ltd.",Services,216505037840.0,close_times_edinet_shares_outstanding,54583000000.0,7969000000.0,,,0.25210960698446905,book_equity_over_market_equity,0.03680745759777282,net_income_over_market_equity,0.25210960698446905,0.03680745759777282,True,True,B_price_times_shares,
4662,Focus Systems Corporation,Information & Communication,23569806978.0,close_times_edinet_shares_outstanding,14047384000.0,1566852000.0,,,0.5959906253416413,book_equity_over_market_equity,0.06647708237333025,net_income_over_market_equity,0.5959906253416413,0.06647708237333025,True,True,B_price_times_shares,
9074,"Japan Oil Transportation Co.,Ltd.",Land Transportation,18766197450.0,close_times_edinet_shares_outstanding,25947000000.0,1262000000.0,,,1.3826455822567294,book_equity_over_market_equity,0.06724857304536142,net_income_over_market_equity,1.3826455822567294,0.06724857304536142,True,True,B_price_times_shares,
6664,"OPTOELECTRONICS CO.,LTD.",Electric Appliances,3679200000.0,close_times_edinet_shares_outstanding,5169711000.0,2114942000.0,,,1.4051182322243967,book_equity_over_market_equity,0.5748374646662318,net_income_over_market_equity,1.4051182322243967,0.4713793788347592,True,True,B_price_times_shares,
4389,"Property Data Bank,Inc.",Information & Communication,5152988900.0,close_times_edinet_shares_outstanding,3849086000.0,662561000.0,,,0.746961826368382,book_equity_over_market_equity,0.1285779986834437,net_income_over_market_equity,0.746961826368382,0.1285779986834437,True,True,B_price_times_shares,
6298,"Y.A.C.HOLDINGS CO.,LTD.",Machinery,22562410150.0,close_times_edinet_shares_outstanding,17093000000.0,890000000.0,,,0.7575875044537297,book_equity_over_market_equity,0.039446140464741083,net_income_over_market_equity,0.7575875044537297,0.039446140464741083,True,True,B_price_times_shares,
6196,"Strike Group Co.,Ltd.",Services,23945891600.0,close_times_edinet_shares_outstanding,21474522000.0,4719993000.0,,,0.8967935860863916,book_equity_over_market_equity,0.19711076450375312,net_income_over_market_equity,0.8967935860863916,0.19711076450375312,True,True,B_price_times_shares,
4301,AMUSE INC.,Services,31353759360.0,close_times_edinet_shares_outstanding,37120000000.0,3312000000.0,,,1.1839090672921462,book_equity_over_market_equity,0.10563326591787685,net_income_over_market_equity,1.1839090672921462,0.10563326591787685,True,True,B_price_times_shares,
9742,INES Corporation,Information & Communication,44575257200.0,close_times_edinet_shares_outstanding,39192000000.0,2833000000.0,,,0.879232167391734,book_equity_over_market_equity,0.06355543810524553,net_income_over_market_equity,0.879232167391734,0.06355543810524553,True,True,B_price_times_shares,
2268,"B-R 31 ICE CREAM CO.,LTD.",Foods,39314284320.0,close_times_edinet_shares_outstanding,14981425000.0,1893840000.0,,,0.3810682366250944,book_equity_over_market_equity,0.048171804034000024,net_income_over_market_equity,0.3810682366250944,0.048171804034000024,True,True,B_price_times_shares,
6038,"IID,Inc.",Services,4425785000.0,close_times_edinet_shares_outstanding,4638432000.0,321274000.0,,,1.0480472955645157,book_equity_over_market_equity,0.0725914159860906,net_income_over_market_equity,1.0480472955645157,0.0725914159860906,True,True,B_price_times_shares,
4931,"Shinnihonseiyaku Co.,Ltd.",Chemicals,39965562000.0,close_times_edinet_shares_outstanding,22935000000.0,2554000000.0,,,0.5738690725780361,book_equity_over_market_equity,0.06390501902613055,net_income_over_market_equity,0.5738690725780361,0.06390501902613055,True,True,B_price_times_shares,
3593,"HOGY MEDICAL CO.,LTD.",Textiles and Apparels,143588687580.0,close_times_edinet_shares_outstanding,74332000000.0,1520000000.0,,,0.5176730928652451,book_equity_over_market_equity,0.010585792137372497,net_income_over_market_equity,0.5176730928652451,0.010585792137372497,True,True,B_price_times_shares,
2749,"JP-HOLDINGS,INC.",Services,51581223000.0,close_times_edinet_shares_outstanding,19554338000.0,3920895000.0,,,0.3790979907552793,book_equity_over_market_equity,0.07601399834974831,net_income_over_market_equity,0.3790979907552793,0.07601399834974831,True,True,B_price_times_shares,
4245,"Daiki Axis Co.,Ltd.",Chemicals,8955160000.0,close_times_edinet_shares_outstanding,9638000000.0,502000000.0,,,1.0762510105905423,book_equity_over_market_equity,0.056057066540407985,net_income_over_market_equity,1.0762510105905423,0.056057066540407985,True,True,B_price_times_shares,
3010,"Polaris Holdings Co.,Ltd.",Services,38335505120.0,close_times_edinet_shares_outstanding,28329421000.0,2610672000.0,,,0.738986506407614,book_equity_over_market_equity,0.06810062869467677,net_income_over_market_equity,0.738986506407614,0.06810062869467677,True,True,B_price_times_shares,
9505,Hokuriku Electric Power Company,Electric Power and Gas,168014590923.0,close_times_edinet_shares_outstanding,400847000000.0,66813000000.0,,,2.385786840285232,book_equity_over_market_equity,0.39766189134501995,net_income_over_market_equity,2.385786840285232,0.39766189134501995,True,True,B_price_times_shares,
5923,"TAKADAKIKO(Steel Construction)CO.,LTD.",Metal Products,6191564892.0,close_times_edinet_shares_outstanding,20481829000.0,343687000.0,,,3.308021373799081,book_equity_over_market_equity,0.05550890703642164,net_income_over_market_equity,3.308021373799081,0.05550890703642164,True,True,B_price_times_shares,
2497,"UNITED,Inc.",Services,19445723550.0,close_times_edinet_shares_outstanding,21770259000.0,1505806000.0,,,1.119539673801441,book_equity_over_market_equity,0.07743635746585527,net_income_over_market_equity,1.119539673801441,0.07743635746585527,True,True,B_price_times_shares,
5290,Vertex Corporation,Glass and Ceramics Products,38246112100.0,close_times_edinet_shares_outstanding,36534679000.0,4826177000.0,,,0.9552521026052214,book_equity_over_market_equity,0.12618738833848683,net_income_over_market_equity,0.9552521026052214,0.12618738833848683,True,True,B_price_times_shares,
7368,"HYOJITO Co.,Ltd.",Services,7911130620.0,close_times_edinet_shares_outstanding,7864042000.0,725806000.0,,,0.9940478014759413,book_equity_over_market_equity,0.09174491420544893,net_income_over_market_equity,0.9940478014759413,0.09174491420544893,True,True,B_price_times_shares,
4691,WASHINGTON HOTEL CORPORATION,Services,20407952300.0,close_times_edinet_shares_outstanding,10228375000.0,2015575000.0,,,0.5011955560088212,book_equity_over_market_equity,0.09876419595512284,net_income_over_market_equity,0.5011955560088212,0.09876419595512284,True,True,B_price_times_shares,
4093,"Toho Acetylene Co.,Ltd.",Chemicals,13356343000.0,close_times_edinet_shares_outstanding,20392378000.0,1417778000.0,,,1.5267935242453716,book_equity_over_market_equity,0.10615016400821692,net_income_over_market_equity,1.5267935242453716,0.10615016400821692,True,True,B_price_times_shares,
5355,"Nippon Crucible Co.,Ltd.",Glass and Ceramics Products,4393253400.0,close_times_edinet_shares_outstanding,5609706000.0,369278000.0,,,1.2768910620999008,book_equity_over_market_equity,0.08405570231846858,net_income_over_market_equity,1.2768910620999008,0.08405570231846858,True,True,B_price_times_shares,
9950,"HACHI-BAN CO.,LTD.",Retail Trade,10329729565.0,close_times_edinet_shares_outstanding,3673513000.0,236203000.0,,,0.35562528301291496,book_equity_over_market_equity,0.022866329511696176,net_income_over_market_equity,0.35562528301291496,0.022866329511696176,True,True,B_price_times_shares,
6090,"Human Metabolome Technologies,Inc.",Services,3608852898.0,close_times_edinet_shares_outstanding,1914775000.0,256420000.0,,,0.5305771817579914,book_equity_over_market_equity,0.07105304850250507,net_income_over_market_equity,0.5305771817579914,0.07105304850250507,True,True,B_price_times_shares,
9247,TRE HOLDINGS CORPORATION,Services,85063677580.0,close_times_edinet_shares_outstanding,75426000000.0,12474000000.0,,,0.8867004360241063,book_equity_over_market_equity,0.14664308380352534,net_income_over_market_equity,0.8867004360241063,0.14664308380352534,True,True,B_price_times_shares,
4544,"H.U. Group Holdings,Inc.",Services,182274634692.0,close_times_edinet_shares_outstanding,137295000000.0,22069000000.0,,,0.7532315191962684,book_equity_over_market_equity,0.12107554096756944,net_income_over_market_equity,0.7532315191962684,0.12107554096756944,True,True,B_price_times_shares,
4718,"WASEDA ACADEMY CO.,LTD.",Services,47658964632.0,close_times_edinet_shares_outstanding,15184688000.0,2361941000.0,,,0.31861136970240506,book_equity_over_market_equity,0.04955921762543085,net_income_over_market_equity,0.31861136970240506,0.04955921762543085,True,True,B_price_times_shares,
5280,"Yoshicon Co.,Ltd.",Real Estate,15112953696.0,close_times_edinet_shares_outstanding,27684817000.0,3050243000.0,,,1.8318601086779907,book_equity_over_market_equity,0.20182970591693924,net_income_over_market_equity,1.8318601086779907,0.20182970591693924,True,True,B_price_times_shares,
9042,"Hankyu Hanshin Holdings,Inc.",Land Transportation,1078914908160.0,raw_market_cap,1132460000000.0,68859000000.0,0.9775201,13.775557,1.0496286513746638,book_equity_over_market_equity,0.06382245669163411,net_income_over_market_equity,1.0496286513746638,0.06382245669163411,True,True,A_raw_market_cap,
7226,"KYOKUTO KAIHATSU KOGYO CO.,LTD.",Transportation Equipment,82565439600.0,close_times_edinet_shares_outstanding,117271000000.0,5868000000.0,,,1.4203400426151185,book_equity_over_market_equity,0.07107089877348634,net_income_over_market_equity,1.4203400426151185,0.07107089877348634,True,True,B_price_times_shares,
9612,"LUCKLAND CO.,LTD.",Services,14696108700.0,close_times_edinet_shares_outstanding,13166000000.0,2127000000.0,,,0.8958834116407971,book_equity_over_market_equity,0.14473219022937683,net_income_over_market_equity,0.8958834116407971,0.14473219022937683,True,True,B_price_times_shares,
6233,KLASS Corporation,Machinery,2156400000.0,close_times_edinet_shares_outstanding,3066309000.0,172739000.0,,,1.421957429048414,book_equity_over_market_equity,0.0801052680393248,net_income_over_market_equity,1.421957429048414,0.0801052680393248,True,True,B_price_times_shares,
2573,"HOKKAIDO COCA-COLA BOTTLING CO.,LTD.",Foods,57898193480.0,close_times_edinet_shares_outstanding,43368000000.0,1878000000.0,,,0.7490389145730562,book_equity_over_market_equity,0.03243624519388027,net_income_over_market_equity,0.7490389145730562,0.03243624519388027,True,True,B_price_times_shares,
4722,Future Corporation,Information & Communication,141792924000.0,close_times_edinet_shares_outstanding,62755000000.0,11712000000.0,,,0.4425820289875678,book_equity_over_market_equity,0.0825993263246338,net_income_over_market_equity,0.4425820289875678,0.0825993263246338,True,True,B_price_times_shares,
3636,"Mitsubishi Research Institute,Inc.",Information & Communication,75885755000.0,close_times_edinet_shares_outstanding,81346000000.0,7225000000.0,,,1.0719534911394109,book_equity_over_market_equity,0.09520890976178599,net_income_over_market_equity,1.0719534911394109,0.09520890976178599,True,True,B_price_times_shares,
7443,"YOKOHAMA GYORUI CO.,LTD.",Wholesale Trade,3854558400.0,close_times_edinet_shares_outstanding,2515638000.0,181119000.0,,,0.6526397420778474,book_equity_over_market_equity,0.046988262001686106,net_income_over_market_equity,0.6526397420778474,0.046988262001686106,True,True,B_price_times_shares,
4792,"YAMADA Consulting Group Co.,Ltd.",Services,31245964000.0,close_times_edinet_shares_outstanding,18580027000.0,2989666000.0,,,0.5946376626434057,book_equity_over_market_equity,0.09568166947897655,net_income_over_market_equity,0.5946376626434057,0.09568166947897655,True,True,B_price_times_shares,
2597,UNICAFE INC.,Foods,14480514200.0,close_times_edinet_shares_outstanding,7099398000.0,674337000.0,,,0.4902725070356963,book_equity_over_market_equity,0.04656858110743056,net_income_over_market_equity,0.4902725070356963,0.04656858110743056,True,True,B_price_times_shares,
1950,"NIPPON DENSETSU KOGYO CO.,LTD.",Construction,261499661220.0,close_times_edinet_shares_outstanding,209649000000.0,13922000000.0,,,0.8017180558548488,book_equity_over_market_equity,0.053239074708733194,net_income_over_market_equity,0.8017180558548488,0.053239074708733194,True,True,B_price_times_shares,
4812,DENTSU SOKEN INC.,Information & Communication,427426918640.0,close_times_edinet_shares_outstanding,100159000000.0,16365000000.0,,,0.23433011734190481,book_equity_over_market_equity,0.038287246980304036,net_income_over_market_equity,0.23433011734190481,0.038287246980304036,True,True,B_price_times_shares,
1434,"JESCO Holdings,Inc.",Construction,13694032800.0,close_times_edinet_shares_outstanding,7561332000.0,1076152000.0,,,0.5521625448421593,book_equity_over_market_equity,0.07858546972371791,net_income_over_market_equity,0.5521625448421593,0.07858546972371791,True,True,B_price_times_shares,
4409,"TOHO CHEMICAL INDUSTRY COMPANY,LIMITED",Chemicals,15161188000.0,close_times_edinet_shares_outstanding,21077000000.0,1546000000.0,,,1.3901944887168474,book_equity_over_market_equity,0.10197090096105925,net_income_over_market_equity,1.3901944887168474,0.10197090096105925,True,True,B_price_times_shares,
9697,"CAPCOM CO.,LTD.",Information & Communication,1283789815808.0,raw_market_cap,226303000000.0,48453000000.0,4.7956495,21.155304,0.17627729805409614,book_equity_over_market_equity,0.03774215950568539,net_income_over_market_equity,0.17627729805409614,0.03774215950568539,True,True,A_raw_market_cap,
9644,"TANABE CONSULTING GROUP CO.,LTD.",Services,23832451500.0,close_times_edinet_shares_outstanding,11141003000.0,1223918000.0,,,0.4674719677914796,book_equity_over_market_equity,0.05135510293601143,net_income_over_market_equity,0.4674719677914796,0.05135510293601143,True,True,B_price_times_shares,
4967,"KOBAYASHI PHARMACEUTICAL CO.,LTD.",Chemicals,431908428000.0,close_times_edinet_shares_outstanding,211008000000.0,3660000000.0,,,0.48854800305031326,book_equity_over_market_equity,0.008474018478750315,net_income_over_market_equity,0.48854800305031326,0.008474018478750315,True,True,B_price_times_shares,
9466,Aidma Marketing Communication Corporation,Information & Communication,2955876600.0,close_times_edinet_shares_outstanding,3298417000.0,473040000.0,,,1.1158845399703086,book_equity_over_market_equity,0.16003374430448145,net_income_over_market_equity,1.1158845399703086,0.16003374430448145,True,True,B_price_times_shares,
9072,"NIKKON Holdings Co.,Ltd.",Land Transportation,734251191996.0,close_times_edinet_shares_outstanding,249679000000.0,16810000000.0,,,0.34004575371715595,book_equity_over_market_equity,0.02289407246899175,net_income_over_market_equity,0.34004575371715595,0.02289407246899175,True,True,B_price_times_shares,
6564,"MIDAC HOLDINGS CO.,LTD.",Services,58220511000.0,close_times_edinet_shares_outstanding,15452026000.0,2919867000.0,,,0.2654051937125732,book_equity_over_market_equity,0.05015186142904173,net_income_over_market_equity,0.2654051937125732,0.05015186142904173,True,True,B_price_times_shares,
5753,"NIPPON SHINDO CO.,LTD.",Nonferrous Metals,5062789900.0,close_times_edinet_shares_outstanding,11909000000.0,964000000.0,,,2.3522603614264144,book_equity_over_market_equity,0.1904088494764517,net_income_over_market_equity,2.3522603614264144,0.1904088494764517,True,True,B_price_times_shares,
4914,TAKASAGO INTERNATIONAL CORPORATION,Chemicals,21303113221.0,close_times_edinet_shares_outstanding,146394000000.0,13651000000.0,,,6.871953337584902,book_equity_over_market_equity,0.6407983593000498,net_income_over_market_equity,4.561669803968577,0.4713793788347592,True,True,B_price_times_shares,
7297,"CAR MATE MFG. CO.,LTD.",Transportation Equipment,6031242675.0,close_times_edinet_shares_outstanding,14837097000.0,-332080000.0,,,2.460039796027607,book_equity_over_market_equity,,missing,2.460039796027607,,True,False,B_price_times_shares,net_income_nonpositive_or_missing
2114,Fuji Nihon Corporation,Foods,15749898200.0,close_times_edinet_shares_outstanding,23874385000.0,2845999000.0,,,1.5158437658981185,book_equity_over_market_equity,0.18069951715624422,net_income_over_market_equity,1.5158437658981185,0.18069951715624422,True,True,B_price_times_shares,
9508,"Kyushu Electric Power Company,Incorporated",Electric Power and Gas,749350331233.0,close_times_edinet_shares_outstanding,1031280000000.0,130515000000.0,,,1.3762321267051498,book_equity_over_market_equity,0.17417087116682436,net_income_over_market_equity,1.3762321267051498,0.17417087116682436,True,True,B_price_times_shares,
5929,Sanwa Holdings Corporation,Metal Products,773205920900.0,close_times_edinet_shares_outstanding,324192000000.0,57877000000.0,,,0.4192828730833378,book_equity_over_market_equity,0.0748532809120655,net_income_over_market_equity,0.4192828730833378,0.0748532809120655,True,True,B_price_times_shares,
9020,East Japan Railway Company,Land Transportation,3785506684928.0,raw_market_cap,2872216000000.0,225582000000.0,1.2427838,15.287844,0.7587401737885531,book_equity_over_market_equity,0.05959096595923474,net_income_over_market_equity,0.7587401737885531,0.05959096595923474,True,True,A_raw_market_cap,
7908,"KIMOTO CO.,LTD.",Chemicals,10654495216.0,close_times_edinet_shares_outstanding,18982000000.0,579000000.0,,,1.7815954313344167,book_equity_over_market_equity,0.05434325965349422,net_income_over_market_equity,1.7815954313344167,0.05434325965349422,True,True,B_price_times_shares,
1926,"RAITO KOGYO CO.,LTD.",Construction,181135836250.0,close_times_edinet_shares_outstanding,88674000000.0,9919000000.0,,,0.48954421077458105,book_equity_over_market_equity,0.05476000887151893,net_income_over_market_equity,0.48954421077458105,0.05476000887151893,True,True,B_price_times_shares,
5816,"Onamba Co.,Ltd.",Nonferrous Metals,22484555595.0,close_times_edinet_shares_outstanding,28409117000.0,1514728000.0,,,1.2634947077325145,book_equity_over_market_equity,0.06736748669993003,net_income_over_market_equity,1.2634947077325145,0.06736748669993003,True,True,B_price_times_shares,
1450,TANAKEN Inc.,Construction,12308802000.0,close_times_edinet_shares_outstanding,8223073000.0,1576283000.0,,,0.6680644468893073,book_equity_over_market_equity,0.12806144740974792,net_income_over_market_equity,0.6680644468893073,0.12806144740974792,True,True,B_price_times_shares,
1414,"SHO-BOND Holdings Co.,Ltd.",Construction,63810440610.0,close_times_edinet_shares_outstanding,106392000000.0,15061000000.0,,,1.667313357860232,book_equity_over_market_equity,0.2360272058306353,net_income_over_market_equity,1.667313357860232,0.2360272058306353,True,True,B_price_times_shares,
6125,"OKAMOTO MACHINE TOOL WORKS,LTD.",Machinery,35303247300.0,close_times_edinet_shares_outstanding,40563000000.0,2024000000.0,,,1.1489877873076,book_equity_over_market_equity,0.057331836439873336,net_income_over_market_equity,1.1489877873076,0.057331836439873336,True,True,B_price_times_shares,
2816,"DAISHO CO.,LTD.",Foods,13504267200.0,close_times_edinet_shares_outstanding,9799000000.0,458000000.0,,,0.725622490645031,book_equity_over_market_equity,0.0339152057062378,net_income_over_market_equity,0.725622490645031,0.0339152057062378,True,True,B_price_times_shares,
9376,"EURASIA TRAVEL Co.,Ltd.",Services,2826540000.0,close_times_edinet_shares_outstanding,1844340000.0,123031000.0,,,0.652508013330786,book_equity_over_market_equity,0.04352706842995323,net_income_over_market_equity,0.652508013330786,0.04352706842995323,True,True,B_price_times_shares,
2911,"ASAHIMATSU FOODS CO.,LTD.",Foods,4131817680.0,close_times_edinet_shares_outstanding,8265795000.0,241906000.0,,,2.000522685211996,book_equity_over_market_equity,0.05854711382134364,net_income_over_market_equity,2.000522685211996,0.05854711382134364,True,True,B_price_times_shares,
4929,"ADJUVANT HOLDINGS CO.,LTD.",Chemicals,5851242000.0,close_times_edinet_shares_outstanding,4178925000.0,-49839000.0,,,0.7141945248547231,book_equity_over_market_equity,,missing,0.7141945248547231,,True,False,B_price_times_shares,net_income_nonpositive_or_missing
1976,"MEISEI INDUSTRIAL Co.,Ltd.",Construction,80721437338.0,close_times_edinet_shares_outstanding,69206000000.0,8660000000.0,,,0.8573435048018024,book_equity_over_market_equity,0.10728252971683971,net_income_over_market_equity,0.8573435048018024,0.10728252971683971,True,True,B_price_times_shares,
6707,"Sanken Electric Co.,Ltd.",Electric Appliances,208344269760.0,close_times_edinet_shares_outstanding,147928000000.0,79345000000.0,,,0.7100171277588009,book_equity_over_market_equity,0.38083600807164336,net_income_over_market_equity,0.7100171277588009,0.38083600807164336,True,True,B_price_times_shares,
3512,Nippon Felt Company Limited,Textiles and Apparels,15071680650.0,close_times_edinet_shares_outstanding,20719943000.0,503854000.0,,,1.3747599541926334,book_equity_over_market_equity,0.03343051194493031,net_income_over_market_equity,1.3747599541926334,0.03343051194493031,True,True,B_price_times_shares,
6315,TOWA CORPORATION,Machinery,216680906752.0,raw_market_cap,61386368000.0,8121050000.0,3.068658,47.11256,0.2833030787999201,book_equity_over_market_equity,0.03747930596069947,net_income_over_market_equity,0.2833030787999201,0.03747930596069947,True,True,A_raw_market_cap,
7021,"NITCHITSU CO.,LTD.",Machinery,3819294900.0,close_times_edinet_shares_outstanding,11232652000.0,241946000.0,,,2.941027675029755,book_equity_over_market_equity,0.06334834212461572,net_income_over_market_equity,2.941027675029755,0.06334834212461572,True,True,B_price_times_shares,
4063,"Shin-Etsu Chemical Co.,Ltd.",Chemicals,14470073024512.0,raw_market_cap,4837585000000.0,799524000000.0,3.2410333,30.907433,0.3343165574773004,book_equity_over_market_equity,0.055253625786519746,net_income_over_market_equity,0.3343165574773004,0.055253625786519746,True,True,A_raw_market_cap,
4495,"i Cubed Systems,Inc.",Information & Communication,10170575350.0,close_times_edinet_shares_outstanding,2860908000.0,577599000.0,,,0.28129264093205897,book_equity_over_market_equity,0.05679118241821,net_income_over_market_equity,0.28129264093205897,0.05679118241821,True,True,B_price_times_shares,
2354,YE DIGITAL Corporation,Information & Communication,17986434000.0,close_times_edinet_shares_outstanding,8132800000.0,1303317000.0,,,0.4521630024050348,book_equity_over_market_equity,0.07246111152438554,net_income_over_market_equity,0.4521630024050348,0.07246111152438554,True,True,B_price_times_shares,
7927,MUTO SEIKO CO.,Chemicals,15926463168.0,close_times_edinet_shares_outstanding,19309704000.0,1968921000.0,,,1.212428886207311,book_equity_over_market_equity,0.12362575288881615,net_income_over_market_equity,1.212428886207311,0.12362575288881615,True,True,B_price_times_shares,
2961,NITCHO CORPORATION,Metal Products,5674627200.0,close_times_edinet_shares_outstanding,7474261000.0,601133000.0,,,1.3171369213470094,book_equity_over_market_equity,0.10593347876667564,net_income_over_market_equity,1.3171369213470094,0.10593347876667564,True,True,B_price_times_shares,
2329,TOHOKUSHINSHA FILM CORPORATION,Information & Communication,74333215080.0,close_times_edinet_shares_outstanding,85768000000.0,16414000000.0,,,1.153831431987618,book_equity_over_market_equity,0.22081649478412416,net_income_over_market_equity,1.153831431987618,0.22081649478412416,True,True,B_price_times_shares,
6334,"Meiji Machine Co.,Ltd.",Machinery,4771404464.0,close_times_edinet_shares_outstanding,3038356000.0,121194000.0,,,0.6367844149294487,book_equity_over_market_equity,0.025400068452465615,net_income_over_market_equity,0.6367844149294487,0.025400068452465615,True,True,B_price_times_shares,
7521,"MUSASHI CO.,LTD.",Wholesale Trade,17840099200.0,close_times_edinet_shares_outstanding,33965000000.0,3432000000.0,,,1.9038571265343636,book_equity_over_market_equity,0.19237561190242708,net_income_over_market_equity,1.9038571265343636,0.19237561190242708,True,True,B_price_times_shares,
2814,"SATO FOODS INDUSTRIES CO.,LTD.",Foods,11929678980.0,close_times_edinet_shares_outstanding,19294294000.0,596432000.0,,,1.6173355571718828,book_equity_over_market_equity,0.04999564539833074,net_income_over_market_equity,1.6173355571718828,0.04999564539833074,True,True,B_price_times_shares,
4838,SPACE SHOWER SKIYAKI HOLDINGS INC.,Information & Communication,11165245875.0,close_times_edinet_shares_outstanding,8082104000.0,331681000.0,,,0.7238626081756574,book_equity_over_market_equity,0.02970655583525159,net_income_over_market_equity,0.7238626081756574,0.02970655583525159,True,True,B_price_times_shares,
3842,"Nextgen,Inc.",Information & Communication,3045226000.0,close_times_edinet_shares_outstanding,2204463000.0,204883000.0,,,0.7239078478904357,book_equity_over_market_equity,0.06728006394270901,net_income_over_market_equity,0.7239078478904357,0.06728006394270901,True,True,B_price_times_shares,
1878,"DAITO TRUST CONSTRUCTION CO.,LTD.",Real Estate,1006075576320.0,raw_market_cap,467433000000.0,99914000000.0,2.0336683,10.374833,0.46461022511824174,book_equity_over_market_equity,0.09931063068389268,net_income_over_market_equity,0.46461022511824174,0.09931063068389268,True,True,A_raw_market_cap,
4927,POLA ORBIS HOLDINGS INC.,Chemicals,283995849764.0,close_times_edinet_shares_outstanding,164159000000.0,12475000000.0,,,0.578033094978028,book_equity_over_market_equity,0.04392669826114255,net_income_over_market_equity,0.578033094978028,0.04392669826114255,True,True,B_price_times_shares,
5724,"Asaka Riken Co.,Ltd.",Nonferrous Metals,13210693200.0,close_times_edinet_shares_outstanding,4925747000.0,300240000.0,,,0.37286060053230213,book_equity_over_market_equity,0.022727043574064684,net_income_over_market_equity,0.37286060053230213,0.022727043574064684,True,True,B_price_times_shares,
8157,"TSUZUKI DENKI CO.,LTD.",Information & Communication,77350091280.0,close_times_edinet_shares_outstanding,44629000000.0,4895000000.0,,,0.5769741090343029,book_equity_over_market_equity,0.06328370036798746,net_income_over_market_equity,0.5769741090343029,0.06328370036798746,True,True,B_price_times_shares,
3991,"Wantedly,Inc",Information & Communication,8475159600.0,close_times_edinet_shares_outstanding,5065311000.0,1239091000.0,,,0.5976655590061101,book_equity_over_market_equity,0.14620267446054938,net_income_over_market_equity,0.5976655590061101,0.14620267446054938,True,True,B_price_times_shares,
3640,"DENSAN CO.,LTD.",Information & Communication,13276992500.0,close_times_edinet_shares_outstanding,12711173000.0,1842221000.0,,,0.9573834586409535,book_equity_over_market_equity,0.1387528839833268,net_income_over_market_equity,0.9573834586409535,0.1387528839833268,True,True,B_price_times_shares,
9206,Star Flyer Inc.,Air Transportation,7257580800.0,close_times_edinet_shares_outstanding,5308000000.0,1923000000.0,,,0.7313731870542868,book_equity_over_market_equity,0.2649643253024479,net_income_over_market_equity,0.7313731870542868,0.2649643253024479,True,True,B_price_times_shares,
4234,"Sun A.Kaken Company,Limited",Chemicals,6536055600.0,close_times_edinet_shares_outstanding,21018312000.0,241910000.0,,,3.2157486542801137,book_equity_over_market_equity,0.037011619056606555,net_income_over_market_equity,3.2157486542801137,0.037011619056606555,True,True,B_price_times_shares,
7483,"DOSHISHA CO.,LTD.",Wholesale Trade,102361210648.0,close_times_edinet_shares_outstanding,89239000000.0,6480000000.0,,,0.8718048510277522,book_equity_over_market_equity,0.06330523016461227,net_income_over_market_equity,0.8718048510277522,0.06330523016461227,True,True,B_price_times_shares,
8285,"MITANI SANGYO CO.,LTD.",Wholesale Trade,38586520500.0,close_times_edinet_shares_outstanding,47572000000.0,2463000000.0,,,1.2328657620217403,book_equity_over_market_equity,0.0638305804225079,net_income_over_market_equity,1.2328657620217403,0.0638305804225079,True,True,B_price_times_shares,
3925,Double Standard Inc.,Information & Communication,15908214300.0,close_times_edinet_shares_outstanding,6382788000.0,2220827000.0,,,0.4012259251498768,book_equity_over_market_equity,0.13960253225907324,net_income_over_market_equity,0.4012259251498768,0.13960253225907324,True,True,B_price_times_shares,
9692,COMPUTER ENGINEERING & CONSULTING LTD.,Information & Communication,64387261500.0,close_times_edinet_shares_outstanding,42603000000.0,5201000000.0,,,0.6616681468895831,book_equity_over_market_equity,0.08077684745141708,net_income_over_market_equity,0.6616681468895831,0.08077684745141708,True,True,B_price_times_shares,
4645,"ICHISHIN HOLDINGS CO.,LTD.",Services,3393381336.0,close_times_edinet_shares_outstanding,2521610000.0,636670000.0,,,0.7430965607220514,book_equity_over_market_equity,0.18762111798212588,net_income_over_market_equity,0.7430965607220514,0.18762111798212588,True,True,B_price_times_shares,
3293,"AZUMA HOUSE Co.,Ltd.",Real Estate,6150352800.0,close_times_edinet_shares_outstanding,17070206000.0,765328000.0,,,2.775484034021593,book_equity_over_market_equity,0.12443643883323247,net_income_over_market_equity,2.775484034021593,0.12443643883323247,True,True,B_price_times_shares,
9791,BIKEN TECHNO CORPORATION,Services,8866360272.0,close_times_edinet_shares_outstanding,21650535000.0,979058000.0,,,2.4418740425394705,book_equity_over_market_equity,0.11042389097269924,net_income_over_market_equity,2.4418740425394705,0.11042389097269924,True,True,B_price_times_shares,
7374,Interworks Confidence Inc.,Services,9521817511.0,close_times_edinet_shares_outstanding,5816940000.0,1039183000.0,,,0.610906478020612,book_equity_over_market_equity,0.10913704225054645,net_income_over_market_equity,0.610906478020612,0.10913704225054645,True,True,B_price_times_shares,
4120,"SUGAI CHEMICAL INDUSTRY CO.,LTD.",Chemicals,3213744000.0,close_times_edinet_shares_outstanding,7452576000.0,363122000.0,,,2.3189700237480024,book_equity_over_market_equity,0.11299033152609542,net_income_over_market_equity,2.3189700237480024,0.11299033152609542,True,True,B_price_times_shares,
6218,ENSHU Limited,Machinery,3751031130.0,close_times_edinet_shares_outstanding,10379000000.0,-2261000000.0,,,2.766972504437733,book_equity_over_market_equity,,missing,2.766972504437733,,True,False,B_price_times_shares,net_income_nonpositive_or_missing
4284,"SOLXYZ Co.,Ltd.",Information & Communication,8553179856.0,close_times_edinet_shares_outstanding,7465252000.0,904045000.0,,,0.8728042816454017,book_equity_over_market_equity,0.10569694724305585,net_income_over_market_equity,0.8728042816454017,0.10569694724305585,True,True,B_price_times_shares,
3434,ALPHA Corporation,Metal Products,11820670400.0,close_times_edinet_shares_outstanding,36371000000.0,1320000000.0,,,3.076898244282321,book_equity_over_market_equity,0.11166879333679755,net_income_over_market_equity,3.076898244282321,0.11166879333679755,True,True,B_price_times_shares,
8153,"MOS FOOD SERVICES,INC.",Wholesale Trade,110044843150.0,close_times_edinet_shares_outstanding,54326000000.0,3167000000.0,,,0.49367147469099737,book_equity_over_market_equity,0.028779176827787592,net_income_over_market_equity,0.49367147469099737,0.028779176827787592,True,True,B_price_times_shares,
4783,"NCD Co.,Ltd.",Information & Communication,19002604600.0,close_times_edinet_shares_outstanding,7854038000.0,1917049000.0,,,0.41331376226183225,book_equity_over_market_equity,0.10088348625640509,net_income_over_market_equity,0.41331376226183225,0.10088348625640509,True,True,B_price_times_shares,
3836,AVANT GROUP CORPORATION,Information & Communication,41069489153.0,close_times_edinet_shares_outstanding,16490130000.0,3434688000.0,,,0.4015177773107374,book_equity_over_market_equity,0.0836311352012302,net_income_over_market_equity,0.4015177773107374,0.0836311352012302,True,True,B_price_times_shares,
7844,Marvelous Inc.,Information & Communication,27744772800.0,close_times_edinet_shares_outstanding,26187000000.0,1027000000.0,,,0.9438534670574055,book_equity_over_market_equity,0.03701598161942778,net_income_over_market_equity,0.9438534670574055,0.03701598161942778,True,True,B_price_times_shares,
9934,"INABA DENKISANGYO CO.,LTD.",Wholesale Trade,151922795400.0,close_times_edinet_shares_outstanding,173023000000.0,18783000000.0,,,1.1388876800512058,book_equity_over_market_equity,0.12363516581264802,net_income_over_market_equity,1.1388876800512058,0.12363516581264802,True,True,B_price_times_shares,
9470,"GAKKEN HOLDINGS CO.,LTD.",Information & Communication,38972580212.0,close_times_edinet_shares_outstanding,59471000000.0,4736000000.0,,,1.52597030210713,book_equity_over_market_equity,0.12152133562205727,net_income_over_market_equity,1.52597030210713,0.12152133562205727,True,True,B_price_times_shares,
4251,KEIWA Incorporated,Chemicals,23618819904.0,close_times_edinet_shares_outstanding,23864387000.0,2268882000.0,,,1.0103970942239333,book_equity_over_market_equity,0.09606246244401695,net_income_over_market_equity,1.0103970942239333,0.09606246244401695,True,True,B_price_times_shares,
8046,"MARUFUJI SHEET PILING CO.,LTD.",Wholesale Trade,2963412000.0,close_times_edinet_shares_outstanding,30926000000.0,1534000000.0,,,10.435943432772763,book_equity_over_market_equity,0.5176465506652467,net_income_over_market_equity,4.561669803968577,0.4713793788347592,True,True,B_price_times_shares,
4960,"CHEMIPRO KASEI KAISHA,LTD.",Chemicals,10057285865.0,close_times_edinet_shares_outstanding,4777291000.0,128077000.0,,,0.47500797572288156,book_equity_over_market_equity,0.01273474789512707,net_income_over_market_equity,0.47500797572288156,0.01273474789512707,True,True,B_price_times_shares,
8045,"Yokohama Maruuo Co.,Ltd.",Wholesale Trade,9951474078.0,close_times_edinet_shares_outstanding,17429298000.0,530284000.0,,,1.7514287695861492,book_equity_over_market_equity,0.05328697998342914,net_income_over_market_equity,1.7514287695861492,0.05328697998342914,True,True,B_price_times_shares,
9715,transcosmos inc.,Services,144645455760.0,close_times_edinet_shares_outstanding,129068000000.0,12225000000.0,,,0.8923059443647744,book_equity_over_market_equity,0.08451700010738035,net_income_over_market_equity,0.8923059443647744,0.08451700010738035,True,True,B_price_times_shares,
3916,Digital Information Technologies Corporation,Information & Communication,12703756640.0,close_times_edinet_shares_outstanding,8182226000.0,2188090000.0,,,0.6440792461528135,book_equity_over_market_equity,0.172239602977785,net_income_over_market_equity,0.6440792461528135,0.172239602977785,True,True,B_price_times_shares,
3123,"SAIBO Co.,Ltd.",Textiles and Apparels,8310631500.0,close_times_edinet_shares_outstanding,20131698000.0,895637000.0,,,2.4224029184785776,book_equity_over_market_equity,0.10777002926913556,net_income_over_market_equity,2.4224029184785776,0.10777002926913556,True,True,B_price_times_shares,
3986,"bBreak Systems Company,Limited",Information & Communication,826315680.0,close_times_edinet_shares_outstanding,1714468000.0,91836000.0,,,2.0748341602328058,book_equity_over_market_equity,0.11113912300441885,net_income_over_market_equity,2.0748341602328058,0.11113912300441885,True,True,B_price_times_shares,
6058,VECTOR INC.,Services,67214061087.0,close_times_edinet_shares_outstanding,27141000000.0,6335000000.0,,,0.4037994366218915,book_equity_over_market_equity,0.09425111200765199,net_income_over_market_equity,0.4037994366218915,0.09425111200765199,True,True,B_price_times_shares,
4194,"Visional,Inc.",Information & Communication,331884584000.0,close_times_edinet_shares_outstanding,67759000000.0,16061000000.0,,,0.20416434889304771,book_equity_over_market_equity,0.04839332941116663,net_income_over_market_equity,0.20416434889304771,0.04839332941116663,True,True,B_price_times_shares,
3167,TOKAI Holdings Corporation,Wholesale Trade,142788186299.0,close_times_edinet_shares_outstanding,95855000000.0,9327000000.0,,,0.6713090381250351,book_equity_over_market_equity,0.06532052995245112,net_income_over_market_equity,0.6713090381250351,0.06532052995245112,True,True,B_price_times_shares,
9628,"SAN HOLDINGS,INC.",Services,27541930200.0,close_times_edinet_shares_outstanding,37172000000.0,4721000000.0,,,1.3496512310527895,book_equity_over_market_equity,0.17141137043474172,net_income_over_market_equity,1.3496512310527895,0.17141137043474172,True,True,B_price_times_shares,
2001,NIPPN CORPORATION,Foods,208424248578.0,close_times_edinet_shares_outstanding,246484000000.0,25077000000.0,,,1.182607118325566,book_equity_over_market_equity,0.12031709444122221,net_income_over_market_equity,1.182607118325566,0.12031709444122221,True,True,B_price_times_shares,
3802,"ECOMIC CO.,LTD",Information & Communication,2210497200.0,close_times_edinet_shares_outstanding,1801074000.0,58914000.0,,,0.8147823032754803,book_equity_over_market_equity,0.026651922472464566,net_income_over_market_equity,0.8147823032754803,0.026651922472464566,True,True,B_price_times_shares,
9364,"Kamigumi Co.,Ltd.",Warehousing and Harbor Transportation Service,468444789495.0,close_times_edinet_shares_outstanding,384518000000.0,27026000000.0,,,0.8208395282067796,book_equity_over_market_equity,0.05769303150780048,net_income_over_market_equity,0.8208395282067796,0.05769303150780048,True,True,B_price_times_shares,
4208,UBE Corporation,Chemicals,283398514826.0,close_times_edinet_shares_outstanding,412013000000.0,9748000000.0,,,1.4538290726504557,book_equity_over_market_equity,0.034396792820121314,net_income_over_market_equity,1.4538290726504557,0.034396792820121314,True,True,B_price_times_shares,
4046,"OSAKA SODA CO.,LTD.",Chemicals,233336254590.0,close_times_edinet_shares_outstanding,115596000000.0,10332000000.0,,,0.49540522626077177,book_equity_over_market_equity,0.0442794456358896,net_income_over_market_equity,0.49540522626077177,0.0442794456358896,True,True,B_price_times_shares,
3671,"SOFTMAX CO.,LTD",Information & Communication,7262858400.0,close_times_edinet_shares_outstanding,3925692000.0,573459000.0,,,0.5405161141514201,book_equity_over_market_equity,0.07895775580589592,net_income_over_market_equity,0.5405161141514201,0.07895775580589592,True,True,B_price_times_shares,
9033,"Hiroshima Electric Railway Co.,Ltd.",Land Transportation,18685422000.0,close_times_edinet_shares_outstanding,42762000000.0,1478000000.0,,,2.2885220360557015,book_equity_over_market_equity,0.07909909661125128,net_income_over_market_equity,2.2885220360557015,0.07909909661125128,True,True,B_price_times_shares,
4243,"NIX,INC.",Chemicals,2071937600.0,close_times_edinet_shares_outstanding,4470001000.0,194094000.0,,,2.1574013618942964,book_equity_over_market_equity,0.09367753160133781,net_income_over_market_equity,2.1574013618942964,0.09367753160133781,True,True,B_price_times_shares,
3297,"Toubujyuhan Co.,Ltd.",Real Estate,3157732500.0,close_times_edinet_shares_outstanding,4428023000.0,343138000.0,,,1.4022793254336774,book_equity_over_market_equity,0.10866594937981605,net_income_over_market_equity,1.4022793254336774,0.10866594937981605,True,True,B_price_times_shares,
8944,"LAND BUSINESS  CO.,LTD.",Real Estate,4921836520.0,close_times_edinet_shares_outstanding,16328241000.0,-358389000.0,,,3.317509822532667,book_equity_over_market_equity,,missing,3.317509822532667,,True,False,B_price_times_shares,net_income_nonpositive_or_missing
7888,SANKO GOSEI LTD.,Chemicals,24387015200.0,close_times_edinet_shares_outstanding,32779000000.0,3918000000.0,,,1.3441169298980058,book_equity_over_market_equity,0.1606592675597299,net_income_over_market_equity,1.3441169298980058,0.1606592675597299,True,True,B_price_times_shares,
7228,DAYTONA CORPORATION,Transportation Equipment,8697072500.0,close_times_edinet_shares_outstanding,9441946000.0,1159043000.0,,,1.0856464632208136,book_equity_over_market_equity,0.13326817730908877,net_income_over_market_equity,1.0856464632208136,0.13326817730908877,True,True,B_price_times_shares,
9722,FUJITA KANKO INC.,Services,108004633920.0,close_times_edinet_shares_outstanding,36818000000.0,9292000000.0,,,0.3408927808344911,book_equity_over_market_equity,0.08603334563295374,net_income_over_market_equity,0.3408927808344911,0.08603334563295374,True,True,B_price_times_shares,
9401,"TBS HOLDINGS,INC.",Information & Communication,949736036365.0,close_times_edinet_shares_outstanding,949232000000.0,45501000000.0,,,0.999469287943491,book_equity_over_market_equity,0.04790910132687982,net_income_over_market_equity,0.999469287943491,0.04790910132687982,True,True,B_price_times_shares,
4060,rakumo Inc.,Information & Communication,6080064200.0,close_times_edinet_shares_outstanding,1887017000.0,292467000.0,,,0.31036136098694483,book_equity_over_market_equity,0.048102617074339445,net_income_over_market_equity,0.31036136098694483,0.048102617074339445,True,True,B_price_times_shares,
1435,robot home Inc.,Real Estate,14471340100.0,close_times_edinet_shares_outstanding,11167035000.0,1991823000.0,,,0.7716655764313078,book_equity_over_market_equity,0.13763915340501187,net_income_over_market_equity,0.7716655764313078,0.13763915340501187,True,True,B_price_times_shares,
5988,"PIOLAX,INC.",Metal Products,53593898900.0,close_times_edinet_shares_outstanding,91781000000.0,9478000000.0,,,1.7125270204963572,book_equity_over_market_equity,0.1768484882520835,net_income_over_market_equity,1.7125270204963572,0.1768484882520835,True,True,B_price_times_shares,
2221,"IWATSUKA CONFECTIONERY CO.,LTD.",Foods,31492278000.0,close_times_edinet_shares_outstanding,67952167000.0,2909027000.0,,,2.157740605490654,book_equity_over_market_equity,0.09237270800162503,net_income_over_market_equity,2.157740605490654,0.09237270800162503,True,True,B_price_times_shares,
9478,"SE Holdings and Incubations Co.,Ltd.",Information & Communication,8206816474.0,close_times_edinet_shares_outstanding,9045000000.0,580000000.0,,,1.102132602654811,book_equity_over_market_equity,0.07067295848975019,net_income_over_market_equity,1.102132602654811,0.07067295848975019,True,True,B_price_times_shares,
2425,"Care Service Co.,Ltd.",Services,2507305200.0,close_times_edinet_shares_outstanding,2951853000.0,374023000.0,,,1.1773010321998296,book_equity_over_market_equity,0.14917330367280376,net_income_over_market_equity,1.1773010321998296,0.14917330367280376,True,True,B_price_times_shares,
9319,"Chuo Warehouse Co.,Ltd.",Warehousing and Harbor Transportation Service,32827155078.0,close_times_edinet_shares_outstanding,46077588000.0,1604012000.0,,,1.4036424384177029,book_equity_over_market_equity,0.04886235179956157,net_income_over_market_equity,1.4036424384177029,0.04886235179956157,True,True,B_price_times_shares,
3091,"BRONCO BILLY Co.,LTD.",Retail Trade,62303350500.0,close_times_edinet_shares_outstanding,21717000000.0,1969000000.0,,,0.3485687338757167,book_equity_over_market_equity,0.0316034368007223,net_income_over_market_equity,0.3485687338757167,0.0316034368007223,True,True,B_price_times_shares,
2436,"KYODO PUBLIC RELATIONS CO.,LTD.",Services,9129320640.0,close_times_edinet_shares_outstanding,4699002000.0,977021000.0,,,0.514715408221219,book_equity_over_market_equity,0.10702012105032166,net_income_over_market_equity,0.514715408221219,0.10702012105032166,True,True,B_price_times_shares,
4997,"NIHON NOHYAKU CO.,LTD.",Chemicals,78141706944.0,close_times_edinet_shares_outstanding,79423000000.0,-2731000000.0,,,1.0163970446271187,book_equity_over_market_equity,,missing,1.0163970446271187,,True,False,B_price_times_shares,net_income_nonpositive_or_missing
3329,"TOWA FOOD SERVICE CO.,LTD.",Retail Trade,16131130400.0,close_times_edinet_shares_outstanding,7171897000.0,720703000.0,,,0.44459977832675635,book_equity_over_market_equity,0.04467777410069167,net_income_over_market_equity,0.44459977832675635,0.04467777410069167,True,True,B_price_times_shares,
3633,"GMO Pepabo,Inc.",Information & Communication,8512185000.0,close_times_edinet_shares_outstanding,2798654000.0,878436000.0,,,0.3287820929643799,book_equity_over_market_equity,0.10319747514886013,net_income_over_market_equity,0.3287820929643799,0.10319747514886013,True,True,B_price_times_shares,
6565,"ABHOTEL CO.,LTD.",Services,19675732800.0,close_times_edinet_shares_outstanding,12749068000.0,2542465000.0,,,0.6479589924091671,book_equity_over_market_equity,0.12921831302771097,net_income_over_market_equity,0.6479589924091671,0.12921831302771097,True,True,B_price_times_shares,
4694,"BML,INC.",Services,138863588560.0,close_times_edinet_shares_outstanding,133772000000.0,6509000000.0,,,0.963333883181335,book_equity_over_market_equity,0.046873338558347855,net_income_over_market_equity,0.963333883181335,0.046873338558347855,True,True,B_price_times_shares,
6279,ZUIKO CORPORATION,Machinery,22979692400.0,close_times_edinet_shares_outstanding,36324115000.0,5527332000.0,,,1.5807050141367427,book_equity_over_market_equity,0.2405311569792814,net_income_over_market_equity,1.5807050141367427,0.2405311569792814,True,True,B_price_times_shares,
4394,"eXmotion Co.,Ltd.",Information & Communication,1246506000.0,close_times_edinet_shares_outstanding,1673584000.0,127466000.0,,,1.3426200916802646,book_equity_over_market_equity,0.1022586333318893,net_income_over_market_equity,1.3426200916802646,0.1022586333318893,True,True,B_price_times_shares,
3733,"Software Service,Inc.",Information & Communication,53973881000.0,close_times_edinet_shares_outstanding,41896000000.0,6112000000.0,,,0.7762273014979226,book_equity_over_market_equity,0.11323995767508362,net_income_over_market_equity,0.7762273014979226,0.11323995767508362,True,True,B_price_times_shares,
3076,Ai Holdings Corporation,Wholesale Trade,151830358500.0,close_times_edinet_shares_outstanding,112065000000.0,21284000000.0,,,0.7380934953137188,book_equity_over_market_equity,0.14018276852056566,net_income_over_market_equity,0.7380934953137188,0.14018276852056566,True,True,B_price_times_shares,
3236,"PROPERST CO.,LTD.",Real Estate,9288234370.0,close_times_edinet_shares_outstanding,12175000000.0,1957000000.0,,,1.3107981038165815,book_equity_over_market_equity,0.2106966644081355,net_income_over_market_equity,1.3107981038165815,0.2106966644081355,True,True,B_price_times_shares,
2224,"COMO CO.,LTD.",Foods,12126354000.0,close_times_edinet_shares_outstanding,3946250000.0,42638000.0,,,0.325427576994701,book_equity_over_market_equity,0.003516143434374421,net_income_over_market_equity,0.325427576994701,0.006806227117135984,True,True,B_price_times_shares,
8920,"TOSHO CO.,LTD.",Services,27810156000.0,close_times_edinet_shares_outstanding,42265798000.0,2435804000.0,,,1.5197972280342475,book_equity_over_market_equity,0.08758685136465973,net_income_over_market_equity,1.5197972280342475,0.08758685136465973,True,True,B_price_times_shares,
2669,"Kanemi Co.,Ltd.",Retail Trade,37014797000.0,close_times_edinet_shares_outstanding,29885053000.0,1807608000.0,,,0.8073812480992398,book_equity_over_market_equity,0.048834740333710325,net_income_over_market_equity,0.8073812480992398,0.048834740333710325,True,True,B_price_times_shares,
9220,"FB CARE SERVICE CO.,LTD.",Services,3109776000.0,close_times_edinet_shares_outstanding,3641578000.0,406359000.0,,,1.1710097447533199,book_equity_over_market_equity,0.1306714695849476,net_income_over_market_equity,1.1710097447533199,0.1306714695849476,True,True,B_price_times_shares,
8154,"KAGA ELECTRONICS CO.,LTD.",Wholesale Trade,243001366500.0,close_times_edinet_shares_outstanding,166379000000.0,17083000000.0,,,0.6846833925108812,book_equity_over_market_equity,0.07030001619353034,net_income_over_market_equity,0.6846833925108812,0.07030001619353034,True,True,B_price_times_shares,
7239,"TACHI-S CO.,LTD.",Transportation Equipment,76045081762.0,close_times_edinet_shares_outstanding,98185000000.0,11310000000.0,,,1.291142013724067,book_equity_over_market_equity,0.1487275670949656,net_income_over_market_equity,1.291142013724067,0.1487275670949656,True,True,B_price_times_shares,
7079,"WDB coco CO.,LTD.",Services,6151734200.0,close_times_edinet_shares_outstanding,4296023000.0,912899000.0,,,0.6983434037185807,book_equity_over_market_equity,0.14839701624299698,net_income_over_market_equity,0.6983434037185807,0.14839701624299698,True,True,B_price_times_shares,
3648,AGS Corporation,Information & Communication,17420085144.0,close_times_edinet_shares_outstanding,14661584000.0,1379546000.0,,,0.8416482398795788,book_equity_over_market_equity,0.07919283910475931,net_income_over_market_equity,0.8416482398795788,0.07919283910475931,True,True,B_price_times_shares,
8008,YONDOSHI HOLDINGS INC.,Retail Trade,38838047664.0,close_times_edinet_shares_outstanding,41067000000.0,1792000000.0,,,1.0573909470239946,book_equity_over_market_equity,0.04614032135454253,net_income_over_market_equity,1.0573909470239946,0.04614032135454253,True,True,B_price_times_shares,
2379,dip Corporation,Services,92159936000.0,close_times_edinet_shares_outstanding,41887744000.0,5956060000.0,,,0.4545114267440464,book_equity_over_market_equity,0.06462743203293891,net_income_over_market_equity,0.4545114267440464,0.06462743203293891,True,True,B_price_times_shares,
4642,"ORIGINAL ENGINEERING CONSULTANTS CO.,LTD.",Services,8613046500.0,close_times_edinet_shares_outstanding,7898265000.0,671016000.0,,,0.9170117681356997,book_equity_over_market_equity,0.07790692875047174,net_income_over_market_equity,0.9170117681356997,0.07790692875047174,True,True,B_price_times_shares,
9271,"Wagokoro co.,ltd.",Retail Trade,6489545036.0,close_times_edinet_shares_outstanding,1267524000.0,706854000.0,,,0.19531785247941993,book_equity_over_market_equity,0.10892196541958014,net_income_over_market_equity,0.19531785247941993,0.10892196541958014,True,True,B_price_times_shares,
6078,"Value HR Co.,Ltd.",Services,36801872000.0,close_times_edinet_shares_outstanding,6900367000.0,889973000.0,,,0.1875004347604926,book_equity_over_market_equity,0.02418281874356826,net_income_over_market_equity,0.1875004347604926,0.02418281874356826,True,True,B_price_times_shares,
4826,"Computer Institute of Japan, Ltd.",Information & Communication,27033953464.0,close_times_edinet_shares_outstanding,14516447000.0,2393489000.0,,,0.5369709250750525,book_equity_over_market_equity,0.08853640305282431,net_income_over_market_equity,0.5369709250750525,0.08853640305282431,True,True,B_price_times_shares,
4996,"KUMIAI CHEMICAL INDUSTRY CO.,LTD.",Chemicals,88270141096.0,close_times_edinet_shares_outstanding,151107000000.0,5471000000.0,,,1.7118699270646967,book_equity_over_market_equity,0.06198018868067631,net_income_over_market_equity,1.7118699270646967,0.06198018868067631,True,True,B_price_times_shares,
3454,"First Brothers Co.,Ltd.",Real Estate,16885257200.0,close_times_edinet_shares_outstanding,26252831000.0,1834175000.0,,,1.5547782713075877,book_equity_over_market_equity,0.1086258253738652,net_income_over_market_equity,1.5547782713075877,0.1086258253738652,True,True,B_price_times_shares,
1381,"AXYZ CO.,Ltd.","Fishery, Agriculture and Forestry",21227724000.0,close_times_edinet_shares_outstanding,21601000000.0,2030000000.0,,,1.017584362788964,book_equity_over_market_equity,0.09562965864828467,net_income_over_market_equity,1.017584362788964,0.09562965864828467,True,True,B_price_times_shares,
2668,Tabio Corporation,Wholesale Trade,8481629880.0,close_times_edinet_shares_outstanding,5364932000.0,569724000.0,,,0.6325355003583344,book_equity_over_market_equity,0.06717152340535755,net_income_over_market_equity,0.6325355003583344,0.06717152340535755,True,True,B_price_times_shares,
5981,"TOKYO ROPE MFG.CO.,LTD",Metal Products,27946385718.0,close_times_edinet_shares_outstanding,36685000000.0,3247000000.0,,,1.3126921087463392,book_equity_over_market_equity,0.11618675963198484,net_income_over_market_equity,1.3126921087463392,0.11618675963198484,True,True,B_price_times_shares,
9046,"Kobe Electric Railway Co.,Ltd.",Land Transportation,18554732770.0,close_times_edinet_shares_outstanding,23539000000.0,1150000000.0,,,1.268625115316064,book_equity_over_market_equity,0.06197879615164083,net_income_over_market_equity,1.268625115316064,0.06197879615164083,True,True,B_price_times_shares,
6495,"MIYAIRI VALVE MFG.CO.,LTD.",Machinery,6838057570.0,close_times_edinet_shares_outstanding,3975568000.0,-74849000.0,,,0.5813884950956913,book_equity_over_market_equity,,missing,0.5813884950956913,,True,False,B_price_times_shares,net_income_nonpositive_or_missing
4820,"EM SYSTEMS CO.,LTD.",Information & Communication,33503012400.0,close_times_edinet_shares_outstanding,20432000000.0,2464000000.0,,,0.6098556080885431,book_equity_over_market_equity,0.07354562540770214,net_income_over_market_equity,0.6098556080885431,0.07354562540770214,True,True,B_price_times_shares,
9107,"Kawasaki Kisen Kaisha,Ltd.",Marine Transportation,1633964785664.0,raw_market_cap,1677449000000.0,307596000000.0,0.9063971,12.284954,1.0266126998069478,book_equity_over_market_equity,0.18825130302609375,net_income_over_market_equity,1.0266126998069478,0.18825130302609375,True,True,A_raw_market_cap,
9242,"Media Research Institute,Inc.",Services,2288381100.0,close_times_edinet_shares_outstanding,1575918000.0,218393000.0,,,0.6886606431070419,book_equity_over_market_equity,0.09543558981500065,net_income_over_market_equity,0.6886606431070419,0.09543558981500065,True,True,B_price_times_shares,
8830,"Sumitomo Realty & Development Co.,Ltd.",Real Estate,3325942300672.0,raw_market_cap,2168107000000.0,195566000000.0,1.3461481,16.819242,0.6518775144000358,book_equity_over_market_equity,0.05880017821129557,net_income_over_market_equity,0.6518775144000358,0.05880017821129557,True,True,A_raw_market_cap,
9017,"Niigata Kotsu Co.,Ltd.",Land Transportation,7609219100.0,close_times_edinet_shares_outstanding,19030464000.0,1086996000.0,,,2.5009746400915174,book_equity_over_market_equity,0.1428525037477236,net_income_over_market_equity,2.5009746400915174,0.1428525037477236,True,True,B_price_times_shares,
8996,"HouseFreedom Co.,Ltd.",Real Estate,3806367600.0,close_times_edinet_shares_outstanding,4002779000.0,658806000.0,,,1.0516007439743864,book_equity_over_market_equity,0.1730799726227178,net_income_over_market_equity,1.0516007439743864,0.1730799726227178,True,True,B_price_times_shares,
4919,"Milbon Co.,Ltd.",Chemicals,82788551570.0,close_times_edinet_shares_outstanding,49058760000.0,3437911000.0,,,0.5925790350193465,book_equity_over_market_equity,0.0415264059438599,net_income_over_market_equity,0.5925790350193465,0.0415264059438599,True,True,B_price_times_shares,
7849,Starts Publishing Corporation,Information & Communication,13246620000.0,close_times_edinet_shares_outstanding,10772951000.0,1377253000.0,,,0.813260363775816,book_equity_over_market_equity,0.10397014483694708,net_income_over_market_equity,0.813260363775816,0.10397014483694708,True,True,B_price_times_shares,
6776,"Tensho Electric Industries Co.,Ltd.",Chemicals,4457668000.0,close_times_edinet_shares_outstanding,10624000000.0,1418000000.0,,,2.3833089409081163,book_equity_over_market_equity,0.31810354651804484,net_income_over_market_equity,2.3833089409081163,0.31810354651804484,True,True,B_price_times_shares,
3965,"Capital Asset Planning,Inc.",Information & Communication,4596892800.0,close_times_edinet_shares_outstanding,3930158000.0,418224000.0,,,0.8549596805912029,book_equity_over_market_equity,0.0909797156896937,net_income_over_market_equity,0.8549596805912029,0.0909797156896937,True,True,B_price_times_shares,
2798,Y's table corporation,Retail Trade,9854722800.0,close_times_edinet_shares_outstanding,883599000.0,205247000.0,,,0.08966249157206127,book_equity_over_market_equity,0.020827272787419245,net_income_over_market_equity,0.09741440959758958,0.020827272787419245,True,True,B_price_times_shares,
7075,"QLS Holdings Co.,Ltd",Services,5833136400.0,close_times_edinet_shares_outstanding,1623408000.0,372226000.0,,,0.27830790996075455,book_equity_over_market_equity,0.06381232573268816,net_income_over_market_equity,0.27830790996075455,0.06381232573268816,True,True,B_price_times_shares,
9735,"SECOM CO.,LTD.",Services,2585315770368.0,raw_market_cap,1447736000000.0,125306000000.0,1.9666821,23.140974,0.559984206414339,book_equity_over_market_equity,0.04846835401548014,net_income_over_market_equity,0.559984206414339,0.04846835401548014,True,True,A_raw_market_cap,
1721,COMSYS Holdings Corporation,Construction,632786992000.0,close_times_edinet_shares_outstanding,380983000000.0,30953000000.0,,,0.6020714787386148,book_equity_over_market_equity,0.04891535444205212,net_income_over_market_equity,0.6020714787386148,0.04891535444205212,True,True,B_price_times_shares,
6083,"ERI HOLDINGS CO.,LTD.",Services,9723853300.0,close_times_edinet_shares_outstanding,6384369000.0,1310256000.0,,,0.6565678032185039,book_equity_over_market_equity,0.13474658240679135,net_income_over_market_equity,0.6565678032185039,0.13474658240679135,True,True,B_price_times_shares,
7608,"SK JAPAN CO.,LTD.",Wholesale Trade,12439606322.0,close_times_edinet_shares_outstanding,6656305000.0,1333668000.0,,,0.5350896827199448,book_equity_over_market_equity,0.10721143141333568,net_income_over_market_equity,0.5350896827199448,0.10721143141333568,True,True,B_price_times_shares,
3140,"BRUNO,Inc.",Wholesale Trade,14988069250.0,close_times_edinet_shares_outstanding,5223000000.0,192000000.0,,,0.3484771729353999,book_equity_over_market_equity,0.01281018901083607,net_income_over_market_equity,0.3484771729353999,0.01281018901083607,True,True,B_price_times_shares,
2613,"J-OIL MILLS, INC.",Foods,65598056928.0,close_times_edinet_shares_outstanding,106288000000.0,7053000000.0,,,1.6202918954849685,book_equity_over_market_equity,0.10751842859829411,net_income_over_market_equity,1.6202918954849685,0.10751842859829411,True,True,B_price_times_shares,
2993,Choei Inc.,Real Estate,9022216000.0,close_times_edinet_shares_outstanding,11932774000.0,2067597000.0,,,1.322599015585528,book_equity_over_market_equity,0.2291673132188367,net_income_over_market_equity,1.322599015585528,0.2291673132188367,True,True,B_price_times_shares,
6965,HAMAMATSU PHOTONICS K.K.,Electric Appliances,844289081344.0,raw_market_cap,323455000000.0,14562000000.0,2.6482544,63.523247,0.3831093012420593,book_equity_over_market_equity,0.017247646951467337,net_income_over_market_equity,0.3831093012420593,0.017247646951467337,True,True,A_raw_market_cap,
7987,"NAKABAYASHI CO.,LTD.",Other Products,15160842288.0,close_times_edinet_shares_outstanding,29377000000.0,1995000000.0,,,1.9376891759669759,book_equity_over_market_equity,0.1315889949979275,net_income_over_market_equity,1.9376891759669759,0.1315889949979275,True,True,B_price_times_shares,
3405,"KURARAY CO.,LTD.",Chemicals,494333116830.0,close_times_edinet_shares_outstanding,755175000000.0,38297000000.0,,,1.5276641889637002,book_equity_over_market_equity,0.07747205011387139,net_income_over_market_equity,1.5276641889637002,0.07747205011387139,True,True,B_price_times_shares,
9684,"SQUARE ENIX HOLDINGS CO.,LTD.",Information & Communication,300971091176.0,close_times_edinet_shares_outstanding,343700000000.0,24440000000.0,,,1.1419701429032374,book_equity_over_market_equity,0.08120381231467885,net_income_over_market_equity,1.1419701429032374,0.08120381231467885,True,True,B_price_times_shares,
6093,"Escrow Agent Japan,Inc.",Services,6489134462.0,close_times_edinet_shares_outstanding,3498031000.0,189442000.0,,,0.5390597190556413,book_equity_over_market_equity,0.029193723925642397,net_income_over_market_equity,0.5390597190556413,0.029193723925642397,True,True,B_price_times_shares,
8060,Canon Marketing Japan Inc.,Wholesale Trade,384788792108.0,close_times_edinet_shares_outstanding,413814000000.0,41544000000.0,,,1.075431531498073,book_equity_over_market_equity,0.10796572263035069,net_income_over_market_equity,1.075431531498073,0.10796572263035069,True,True,B_price_times_shares,
2112,"Ensuiko Sugar Refining Co.,Ltd.",Foods,11719698200.0,close_times_edinet_shares_outstanding,16618000000.0,2136000000.0,,,1.417954602278069,book_equity_over_market_equity,0.18225725300673698,net_income_over_market_equity,1.417954602278069,0.18225725300673698,True,True,B_price_times_shares,
6044,SANKI SERVICE CORPORATION,Services,10042533030.0,close_times_edinet_shares_outstanding,4812812000.0,689068000.0,,,0.47924283501211445,book_equity_over_market_equity,0.0686149597856986,net_income_over_market_equity,0.47924283501211445,0.0686149597856986,True,True,B_price_times_shares,
4816,"TOEI ANIMATION CO.,LTD.",Information & Communication,488743178200.0,close_times_edinet_shares_outstanding,153198000000.0,23623000000.0,,,0.31345296841628634,book_equity_over_market_equity,0.04833417846772107,net_income_over_market_equity,0.31345296841628634,0.04833417846772107,True,True,B_price_times_shares,
4076,"CNS Co.,Ltd.",Information & Communication,4797806000.0,close_times_edinet_shares_outstanding,3959471000.0,427349000.0,,,0.8252670074613271,book_equity_over_market_equity,0.08907175488129365,net_income_over_market_equity,0.8252670074613271,0.08907175488129365,True,True,B_price_times_shares,
3923,"RAKUS Co.,Ltd.",Information & Communication,188239578200.0,close_times_edinet_shares_outstanding,21977000000.0,8003000000.0,,,0.11675015536132348,book_equity_over_market_equity,0.04251496989382863,net_income_over_market_equity,0.11675015536132348,0.04251496989382863,True,True,B_price_times_shares,
4809,Paraca Inc.,Real Estate,20046553800.0,close_times_edinet_shares_outstanding,20912000000.0,2044000000.0,,,1.0431718193877293,book_equity_over_market_equity,0.10196266253005541,net_income_over_market_equity,1.0431718193877293,0.10196266253005541,True,True,B_price_times_shares,
6086,"Shin Maint Holdings Co.,Ltd.",Services,20338283400.0,close_times_edinet_shares_outstanding,5315146000.0,1239496000.0,,,0.26133700152885075,book_equity_over_market_equity,0.06094398310921363,net_income_over_market_equity,0.26133700152885075,0.06094398310921363,True,True,B_price_times_shares,
3646,"Ekitan & Co.,Ltd.",Information & Communication,1520097600.0,close_times_edinet_shares_outstanding,1684051000.0,57923000.0,,,1.1078571533827828,book_equity_over_market_equity,0.03810479011347692,net_income_over_market_equity,1.1078571533827828,0.03810479011347692,True,True,B_price_times_shares,
9223,"ASNOVA Co.,Ltd.",Services,4937846300.0,close_times_edinet_shares_outstanding,3221568000.0,72604000.0,,,0.6524237095026632,book_equity_over_market_equity,0.014703576334484126,net_income_over_market_equity,0.6524237095026632,0.014703576334484126,True,True,B_price_times_shares,
5237,NOZAWA CORPORATION,Glass and Ceramics Products,13070587500.0,close_times_edinet_shares_outstanding,20665720000.0,1156714000.0,,,1.5810857775138263,book_equity_over_market_equity,0.08849747572555557,net_income_over_market_equity,1.5810857775138263,0.08849747572555557,True,True,B_price_times_shares,
7505,"FUSO DENTSU CO.,LTD.",Wholesale Trade,27036581040.0,close_times_edinet_shares_outstanding,15407628000.0,2517769000.0,,,0.5698807840090716,book_equity_over_market_equity,0.093124533618915,net_income_over_market_equity,0.5698807840090716,0.093124533618915,True,True,B_price_times_shares,
9037,"HAMAKYOREX CO.,LTD.",Land Transportation,139874364000.0,close_times_edinet_shares_outstanding,101896000000.0,9858000000.0,,,0.7284823114548711,book_equity_over_market_equity,0.07047753225172841,net_income_over_market_equity,0.7284823114548711,0.07047753225172841,True,True,B_price_times_shares,
4559,"ZERIA PHARMACEUTICAL CO.,LTD.",Pharmaceutical,98297485700.0,close_times_edinet_shares_outstanding,89797027000.0,9968005000.0,,,0.9135231319553476,book_equity_over_market_equity,0.10140651033966376,net_income_over_market_equity,0.9135231319553476,0.10140651033966376,True,True,B_price_times_shares,
4968,"ARAKAWA CHEMICAL INDUSTRIES,LTD.",Chemicals,28766260000.0,close_times_edinet_shares_outstanding,57237000000.0,2644000000.0,,,1.9897268536125308,book_equity_over_market_equity,0.09191323446287421,net_income_over_market_equity,1.9897268536125308,0.09191323446287421,True,True,B_price_times_shares,
2204,"NAKAMURAYA CO.,LTD.",Foods,17646611775.0,close_times_edinet_shares_outstanding,27037947000.0,884947000.0,,,1.532189144564552,book_equity_over_market_equity,0.05014826706017904,net_income_over_market_equity,1.532189144564552,0.05014826706017904,True,True,B_price_times_shares,
6023,"DAIHATSU INFINEARTH MFG.CO.,LTD.",Transportation Equipment,72591485200.0,close_times_edinet_shares_outstanding,49298000000.0,5720000000.0,,,0.6791154618778897,book_equity_over_market_equity,0.07879712040937827,net_income_over_market_equity,0.6791154618778897,0.07879712040937827,True,True,B_price_times_shares,
2428,WELLNET CORPORATION,Services,11479590200.0,close_times_edinet_shares_outstanding,8860702000.0,1077892000.0,,,0.7718657064953416,book_equity_over_market_equity,0.09389638316531543,net_income_over_market_equity,0.7718657064953416,0.09389638316531543,True,True,B_price_times_shares,
4486,Unite and Grow Inc.,Information & Communication,5542248000.0,close_times_edinet_shares_outstanding,2240342000.0,410894000.0,,,0.40422983597991285,book_equity_over_market_equity,0.074138508417523,net_income_over_market_equity,0.40422983597991285,0.074138508417523,True,True,B_price_times_shares,
3184,"International Conglomerate of Distribution for Automobile Holdings Co.,Ltd.",Retail Trade,9333611000.0,close_times_edinet_shares_outstanding,10757999000.0,1304700000.0,,,1.152608459898318,book_equity_over_market_equity,0.13978512710675428,net_income_over_market_equity,1.152608459898318,0.13978512710675428,True,True,B_price_times_shares,
2540,"YOMEISHU SEIZO CO.,LTD.",Foods,55974882000.0,close_times_edinet_shares_outstanding,46062182000.0,679583000.0,,,0.8229080679437609,book_equity_over_market_equity,0.01214085632194812,net_income_over_market_equity,0.8229080679437609,0.01214085632194812,True,True,B_price_times_shares,
5384,FUJIMI INCORPORATED,Glass and Ceramics Products,310486626000.0,close_times_edinet_shares_outstanding,76895000000.0,9442000000.0,,,0.2476596206111628,book_equity_over_market_equity,0.030410327561097593,net_income_over_market_equity,0.2476596206111628,0.030410327561097593,True,True,B_price_times_shares,
9416,VISION INC.,Information & Communication,51914131100.0,close_times_edinet_shares_outstanding,21289297000.0,4522061000.0,,,0.41008674418514923,book_equity_over_market_equity,0.08710655276670902,net_income_over_market_equity,0.41008674418514923,0.08710655276670902,True,True,B_price_times_shares,
6189,Global Kids Company Corp.,Services,8922384573.0,close_times_edinet_shares_outstanding,7714000000.0,518000000.0,,,0.8645670825872392,book_equity_over_market_equity,0.058056228776275594,net_income_over_market_equity,0.8645670825872392,0.058056228776275594,True,True,B_price_times_shares,
2139,"CHUCO CO.,LTD.",Services,3366049500.0,close_times_edinet_shares_outstanding,2113848000.0,184850000.0,,,0.6279907648416935,book_equity_over_market_equity,0.054916007622585465,net_income_over_market_equity,0.6279907648416935,0.054916007622585465,True,True,B_price_times_shares,
1965,TECHNO RYOWA LTD.,Construction,127953006120.0,close_times_edinet_shares_outstanding,52948000000.0,7257000000.0,,,0.41380817540420284,book_equity_over_market_equity,0.056716135244169755,net_income_over_market_equity,0.41380817540420284,0.056716135244169755,True,True,B_price_times_shares,
2464,"Aoba-BBT,Inc.",Services,4547195200.0,close_times_edinet_shares_outstanding,4563163000.0,242700000.0,,,1.0035115712648535,book_equity_over_market_equity,0.053373560915088936,net_income_over_market_equity,1.0035115712648535,0.053373560915088936,True,True,B_price_times_shares,
9621,"CTI Engineering Co.,Ltd.",Services,72060456936.0,close_times_edinet_shares_outstanding,66815000000.0,6006000000.0,,,0.9272075537814211,book_equity_over_market_equity,0.08334668215237918,net_income_over_market_equity,0.9272075537814211,0.08334668215237918,True,True,B_price_times_shares,
4396,System Support Holdings Inc.,Information & Communication,10917964400.0,close_times_edinet_shares_outstanding,6012008000.0,1457638000.0,,,0.550652830485507,book_equity_over_market_equity,0.13350822063497478,net_income_over_market_equity,0.550652830485507,0.13350822063497478,True,True,B_price_times_shares,
6088,SIGMAXYZ Holdings Inc.,Services,46598164200.0,close_times_edinet_shares_outstanding,14272037000.0,4394662000.0,,,0.3062789542254113,book_equity_over_market_equity,0.09430976682124315,net_income_over_market_equity,0.3062789542254113,0.09430976682124315,True,True,B_price_times_shares,
3021,"Pacific Net Co.,Ltd.",Services,8713121600.0,close_times_edinet_shares_outstanding,3386736000.0,586127000.0,,,0.3886937604543474,book_equity_over_market_equity,0.06726946172770044,net_income_over_market_equity,0.3886937604543474,0.06726946172770044,True,True,B_price_times_shares,
3569,"SEIREN CO.,LTD.",Textiles and Apparels,195826691640.0,close_times_edinet_shares_outstanding,143882000000.0,13964000000.0,,,0.7347415145250319,book_equity_over_market_equity,0.07130795032615299,net_income_over_market_equity,0.7347415145250319,0.07130795032615299,True,True,B_price_times_shares,
4776,"Cybozu,Inc.",Information & Communication,120095927700.0,close_times_edinet_shares_outstanding,17815000000.0,7081000000.0,,,0.14833975090730742,book_equity_over_market_equity,0.058961199897538244,net_income_over_market_equity,0.14833975090730742,0.058961199897538244,True,True,B_price_times_shares,
4678,"SHUEI YOBIKO Co.,Ltd.",Services,2026329400.0,close_times_edinet_shares_outstanding,4536898000.0,298101000.0,,,2.2389735844527547,book_equity_over_market_equity,0.14711379107463968,net_income_over_market_equity,2.2389735844527547,0.14711379107463968,True,True,B_price_times_shares,
5142,Achilles Corporation,Chemicals,15963189152.0,close_times_edinet_shares_outstanding,39336000000.0,1514000000.0,,,2.4641692600047693,book_equity_over_market_equity,0.09484320367213801,net_income_over_market_equity,2.4641692600047693,0.09484320367213801,True,True,B_price_times_shares,
2157,"KOSHIDAKA HOLDINGS Co.,LTD.",Services,77914730400.0,close_times_edinet_shares_outstanding,35105556000.0,5258817000.0,,,0.4505637871012899,book_equity_over_market_equity,0.06749451577387477,net_income_over_market_equity,0.4505637871012899,0.06749451577387477,True,True,B_price_times_shares,
1384,"Hokuryo Co.,Ltd.","Fishery, Agriculture and Forestry",17078721000.0,close_times_edinet_shares_outstanding,14153000000.0,2181000000.0,,,0.8286920314466171,book_equity_over_market_equity,0.12770277118526616,net_income_over_market_equity,0.8286920314466171,0.12770277118526616,True,True,B_price_times_shares,
2209,"IMURAYA GROUP CO.,LTD.",Foods,28230843800.0,close_times_edinet_shares_outstanding,22123281000.0,2198442000.0,,,0.7836563850776576,book_equity_over_market_equity,0.07787376160538283,net_income_over_market_equity,0.7836563850776576,0.07787376160538283,True,True,B_price_times_shares,
1828,TANABE ENGINEERING CORPORATION,Construction,23144690200.0,close_times_edinet_shares_outstanding,24988184000.0,2778337000.0,,,1.079650830668712,book_equity_over_market_equity,0.12004209069084883,net_income_over_market_equity,1.079650830668712,0.12004209069084883,True,True,B_price_times_shares,
3932,Akatsuki Inc.,Information & Communication,47401904000.0,close_times_edinet_shares_outstanding,41455000000.0,-2719000000.0,,,0.8745429297523576,book_equity_over_market_equity,,missing,0.8745429297523576,,True,False,B_price_times_shares,net_income_nonpositive_or_missing
2127,Nihon M&A Center Holdings Inc.,Services,207592178624.75583,close_times_edinet_shares_outstanding,56944323000.0,10968168000.0,,,0.2743086149836729,book_equity_over_market_equity,0.052835169767287284,net_income_over_market_equity,0.2743086149836729,0.052835169767287284,True,True,B_price_times_shares,
3423,S E Corporation,Metal Products,8246811300.0,close_times_edinet_shares_outstanding,11221856000.0,543833000.0,,,1.3607509122950345,book_equity_over_market_equity,0.06594463971789921,net_income_over_market_equity,1.3607509122950345,0.06594463971789921,True,True,B_price_times_shares,
2469,Hibino Corporation,Services,27011579220.0,close_times_edinet_shares_outstanding,12007000000.0,1779000000.0,,,0.444513069828577,book_equity_over_market_equity,0.06586064389314887,net_income_over_market_equity,0.444513069828577,0.06586064389314887,True,True,B_price_times_shares,
3670,"Kyoritsu Computer & Communication Co.,Ltd.",Information & Communication,1950181200.0,close_times_edinet_shares_outstanding,2119478000.0,171821000.0,,,1.0868108050677547,book_equity_over_market_equity,0.0881051463320434,net_income_over_market_equity,1.0868108050677547,0.0881051463320434,True,True,B_price_times_shares,
6176,Brangista Inc.,Services,11794768000.0,close_times_edinet_shares_outstanding,6099194000.0,711788000.0,,,0.5171101288300033,book_equity_over_market_equity,0.06034777453867681,net_income_over_market_equity,0.5171101288300033,0.06034777453867681,True,True,B_price_times_shares,
7502,"PLAZA HOLDINGS CO.,LTD.",Services,3880183303.0,close_times_edinet_shares_outstanding,2303767000.0,280800000.0,,,0.5937263320057125,book_equity_over_market_equity,0.0723677151496675,net_income_over_market_equity,0.5937263320057125,0.0723677151496675,True,True,B_price_times_shares,
7947,FP CORPORATION,Chemicals,198165369624.0,close_times_edinet_shares_outstanding,154114000000.0,12493000000.0,,,0.7777039968810732,book_equity_over_market_equity,0.0630433058192977,net_income_over_market_equity,0.7777039968810732,0.0630433058192977,True,True,B_price_times_shares,
4249,"MORIROKU COMPANY,LTD.",Chemicals,34387066000.0,close_times_edinet_shares_outstanding,64911000000.0,-7814000000.0,,,1.8876574116558824,book_equity_over_market_equity,,missing,1.8876574116558824,,True,False,B_price_times_shares,net_income_nonpositive_or_missing
4386,"SIG Group Co.,Ltd.",Information & Communication,4799278900.0,close_times_edinet_shares_outstanding,2451315000.0,480567000.0,,,0.5107673571544259,book_equity_over_market_equity,0.10013316792237267,net_income_over_market_equity,0.5107673571544259,0.10013316792237267,True,True,B_price_times_shares,
1835,"TOTETSU KOGYO CO.,LTD.",Construction,140524483000.0,close_times_edinet_shares_outstanding,120777353000.0,11680620000.0,,,0.8594755192943851,book_equity_over_market_equity,0.08312160095262545,net_income_over_market_equity,0.8594755192943851,0.08312160095262545,True,True,B_price_times_shares,
3063,j-Group Holdings Corp.,Retail Trade,12356529200.0,close_times_edinet_shares_outstanding,1743723000.0,312119000.0,,,0.14111753970524343,book_equity_over_market_equity,0.025259439357776938,net_income_over_market_equity,0.14111753970524343,0.025259439357776938,True,True,B_price_times_shares,
9413,TV TOKYO Holdings Corporation,Information & Communication,96991978000.0,close_times_edinet_shares_outstanding,101900000000.0,6207000000.0,,,1.0506023498149506,book_equity_over_market_equity,0.06399498317273208,net_income_over_market_equity,1.0506023498149506,0.06399498317273208,True,True,B_price_times_shares,
4556,"KAINOS Laboratories,Inc.",Pharmaceutical,10072898240.0,close_times_edinet_shares_outstanding,6775178000.0,641019000.0,,,0.672614558250516,book_equity_over_market_equity,0.06363799025135392,net_income_over_market_equity,0.672614558250516,0.06363799025135392,True,True,B_price_times_shares,
4595,"MIZUHO MEDY CO.,LTD.",Pharmaceutical,32249449100.0,close_times_edinet_shares_outstanding,18684000000.0,3425000000.0,,,0.5793587339140004,book_equity_over_market_equity,0.1062033645715827,net_income_over_market_equity,0.5793587339140004,0.1062033645715827,True,True,B_price_times_shares,
1802,OBAYASHI CORPORATION,Construction,2177063845888.0,raw_market_cap,1210201000000.0,150534000000.0,1.7299913,12.691353,0.5558867748806754,book_equity_over_market_equity,0.0691454227602585,net_income_over_market_equity,0.5558867748806754,0.0691454227602585,True,True,A_raw_market_cap,
5695,"Powdertech Co.,Ltd.",Iron and Steel,7631987000.0,close_times_edinet_shares_outstanding,12783131000.0,332622000.0,,,1.6749414012366635,book_equity_over_market_equity,0.0435826214064568,net_income_over_market_equity,1.6749414012366635,0.0435826214064568,True,True,B_price_times_shares,
3988,"SYS Holdings Co.,Ltd.",Information & Communication,5688219060.0,close_times_edinet_shares_outstanding,3755433000.0,423426000.0,,,0.6602124426621502,book_equity_over_market_equity,0.07443911627411902,net_income_over_market_equity,0.6602124426621502,0.07443911627411902,True,True,B_price_times_shares,
3798,"ULS Group,Inc.",Information & Communication,2882628800.0,close_times_edinet_shares_outstanding,10479000000.0,1695000000.0,,,3.635223515424532,book_equity_over_market_equity,0.5880049488161639,net_income_over_market_equity,3.635223515424532,0.4713793788347592,True,True,B_price_times_shares,
4676,"FUJI MEDIA HOLDINGS,INC.",Information & Communication,794152252800.0,close_times_edinet_shares_outstanding,830023000000.0,-20134000000.0,,,1.0451686022088684,book_equity_over_market_equity,,missing,1.0451686022088684,,True,False,B_price_times_shares,net_income_nonpositive_or_missing
3692,"FFRI Security,Inc.",Information & Communication,46271745000.0,close_times_edinet_shares_outstanding,2788963000.0,687022000.0,,,0.0602735643533651,book_equity_over_market_equity,0.014847548974001305,net_income_over_market_equity,0.09741440959758958,0.014847548974001305,True,True,B_price_times_shares,
8818,"Keihanshin Building Co.,Ltd.",Real Estate,104085077114.0,close_times_edinet_shares_outstanding,76323011000.0,4857928000.0,,,0.7332752505568749,book_equity_over_market_equity,0.046672665618331784,net_income_over_market_equity,0.7332752505568749,0.046672665618331784,True,True,B_price_times_shares,
2286,"Hayashikane Sangyo Co.,Ltd.",Foods,7324849500.0,close_times_edinet_shares_outstanding,11791000000.0,1291000000.0,,,1.609725906313843,book_equity_over_market_equity,0.1762493550208779,net_income_over_market_equity,1.609725906313843,0.1762493550208779,True,True,B_price_times_shares,
4013,"Kinjiro Co.,Ltd.",Information & Communication,11302502200.0,close_times_edinet_shares_outstanding,10275294000.0,1013085000.0,,,0.9091167440781387,book_equity_over_market_equity,0.08963369190938976,net_income_over_market_equity,0.9091167440781387,0.08963369190938976,True,True,B_price_times_shares,
6080,"M&A Capital Partners Co.,Ltd.",Services,106391310000.0,close_times_edinet_shares_outstanding,44432338000.0,5096849000.0,,,0.4176312708246566,book_equity_over_market_equity,0.047906628840269,net_income_over_market_equity,0.4176312708246566,0.047906628840269,True,True,B_price_times_shares,
5018,MORESCO Corporation,Oil and Coal Products,17840476800.0,close_times_edinet_shares_outstanding,26883000000.0,1735000000.0,,,1.506854345955597,book_equity_over_market_equity,0.09725076406029687,net_income_over_market_equity,1.506854345955597,0.09725076406029687,True,True,B_price_times_shares,
4661,"ORIENTAL LAND CO.,LTD.",Services,3685630869504.0,raw_market_cap,977408000000.0,124160000000.0,3.3509276,30.227242,0.2651942190107433,book_equity_over_market_equity,0.033687584133109086,net_income_over_market_equity,0.2651942190107433,0.033687584133109086,True,True,A_raw_market_cap,
7265,"EIKEN INDUSTRIES CO.,LTD",Transportation Equipment,3923835000.0,close_times_edinet_shares_outstanding,6055815000.0,326533000.0,,,1.5433408897163108,book_equity_over_market_equity,0.08321782134060174,net_income_over_market_equity,1.5433408897163108,0.08321782134060174,True,True,B_price_times_shares,
1377,SAKATA SEED CORPORATION,"Fishery, Agriculture and Forestry",179707657500.0,close_times_edinet_shares_outstanding,161768000000.0,9759000000.0,,,0.9001731047548711,book_equity_over_market_equity,0.05430486455481175,net_income_over_market_equity,0.9001731047548711,0.05430486455481175,True,True,B_price_times_shares,
2378,"RENAISSANCE,INCORPORATED",Services,18744931200.0,close_times_edinet_shares_outstanding,12205628000.0,766000000.0,,,0.6511428540212514,book_equity_over_market_equity,0.040864380446485715,net_income_over_market_equity,0.6511428540212514,0.040864380446485715,True,True,B_price_times_shares,
3954,SHOWA PAXXS CORPORATION,Pulp and Paper,12687389000.0,close_times_edinet_shares_outstanding,24279208000.0,1345800000.0,,,1.9136488997066299,book_equity_over_market_equity,0.10607383441935926,net_income_over_market_equity,1.9136488997066299,0.10607383441935926,True,True,B_price_times_shares,
9740,"CENTRAL SECURITY PATROLS CO.,LTD.",Services,35713201140.0,close_times_edinet_shares_outstanding,44189255000.0,2869026000.0,,,1.2373367155403645,book_equity_over_market_equity,0.08033516762479724,net_income_over_market_equity,1.2373367155403645,0.08033516762479724,True,True,B_price_times_shares,
9755,OYO Corporation,Services,64261314000.0,close_times_edinet_shares_outstanding,78805000000.0,4331000000.0,,,1.2263210179611328,book_equity_over_market_equity,0.0673966921996024,net_income_over_market_equity,1.2263210179611328,0.0673966921996024,True,True,B_price_times_shares,
4540,TSUMURA & CO.,Pharmaceutical,285060287070.0,close_times_edinet_shares_outstanding,330110000000.0,34523000000.0,,,1.1580357383101123,book_equity_over_market_equity,0.12110771498494444,net_income_over_market_equity,1.1580357383101123,0.12110771498494444,True,True,B_price_times_shares,
2831,HAGOROMO FOODS CORPORATION,Foods,32795819025.0,close_times_edinet_shares_outstanding,41385780000.0,2459725000.0,,,1.2619224410420102,book_equity_over_market_equity,0.07500117615983216,net_income_over_market_equity,1.2619224410420102,0.07500117615983216,True,True,B_price_times_shares,
9165,"Qualtec Co.,Ltd.",Services,4291100000.0,close_times_edinet_shares_outstanding,3277086000.0,219807000.0,,,0.76369369159423,book_equity_over_market_equity,0.0512239285963972,net_income_over_market_equity,0.76369369159423,0.0512239285963972,True,True,B_price_times_shares,
9601,"Shochiku Co.,Ltd.",Information & Communication,141264488540.0,close_times_edinet_shares_outstanding,110189000000.0,5246000000.0,,,0.7800191055715976,book_equity_over_market_equity,0.037136013829226155,net_income_over_market_equity,0.7800191055715976,0.037136013829226155,True,True,B_price_times_shares,
1905,TENOX CORPORATION,Construction,9993686040.0,close_times_edinet_shares_outstanding,13291330000.0,799431000.0,,,1.329972739467809,book_equity_over_market_equity,0.07999360764389192,net_income_over_market_equity,1.329972739467809,0.07999360764389192,True,True,B_price_times_shares,
4323,"Japan System Techniques Co.,Ltd.",Information & Communication,40641176940.0,close_times_edinet_shares_outstanding,14828680000.0,2689302000.0,,,0.36486837036959097,book_equity_over_market_equity,0.0661718533390485,net_income_over_market_equity,0.36486837036959097,0.0661718533390485,True,True,B_price_times_shares,
8065,SATO SHO-JI CORPORATION,Wholesale Trade,67784941500.0,close_times_edinet_shares_outstanding,68454000000.0,6018000000.0,,,1.0098703116827208,book_equity_over_market_equity,0.08878078031534482,net_income_over_market_equity,1.0098703116827208,0.08878078031534482,True,True,B_price_times_shares,
3920,"Internetworking and Broadband Consulting Co.,Ltd.",Information & Communication,5501925000.0,close_times_edinet_shares_outstanding,2273076000.0,410714000.0,,,0.4131419457735247,book_equity_over_market_equity,0.07464914552633851,net_income_over_market_equity,0.4131419457735247,0.07464914552633851,True,True,B_price_times_shares,
1980,"DAI-DAN CO.,LTD.",Construction,105870139900.0,close_times_edinet_shares_outstanding,109206000000.0,17508000000.0,,,1.031508979804418,book_equity_over_market_equity,0.16537240827807767,net_income_over_market_equity,1.031508979804418,0.16537240827807767,True,True,B_price_times_shares,
9986,"ZAOH COMPANY,LTD.",Wholesale Trade,13529664000.0,close_times_edinet_shares_outstanding,12876730000.0,616598000.0,,,0.9517405605933746,book_equity_over_market_equity,0.04557378512873638,net_income_over_market_equity,0.9517405605933746,0.04557378512873638,True,True,B_price_times_shares,
1430,First-corporation Inc.,Construction,11369220800.0,close_times_edinet_shares_outstanding,9784096000.0,1669537000.0,,,0.8605775340382166,book_equity_over_market_equity,0.14684709087539227,net_income_over_market_equity,0.8605775340382166,0.14684709087539227,True,True,B_price_times_shares,
8198,"Maxvalu Tokai Co.,Ltd.",Retail Trade,104426807200.0,close_times_edinet_shares_outstanding,97052000000.0,10256000000.0,,,0.9293782181248188,book_equity_over_market_equity,0.09821232952528687,net_income_over_market_equity,0.9293782181248188,0.09821232952528687,True,True,B_price_times_shares,
7726,KURODA PRECISION INDUSTRIES LTD.,Machinery,8054249940.0,close_times_edinet_shares_outstanding,11582289000.0,421023000.0,,,1.438034464572377,book_equity_over_market_equity,0.05227339642255999,net_income_over_market_equity,1.438034464572377,0.05227339642255999,True,True,B_price_times_shares,
1401,"mbs,inc.",Construction,9186016000.0,close_times_edinet_shares_outstanding,3696628000.0,472287000.0,,,0.40241906828814583,book_equity_over_market_equity,0.0514136922905425,net_income_over_market_equity,0.40241906828814583,0.0514136922905425,True,True,B_price_times_shares,
5015,BP Castrol K.K.,Oil and Coal Products,23302155835.0,close_times_edinet_shares_outstanding,10076058000.0,1050738000.0,,,0.43240883252809126,book_equity_over_market_equity,0.04509187937116892,net_income_over_market_equity,0.43240883252809126,0.04509187937116892,True,True,B_price_times_shares,
5013,Yushiro Inc.,Oil and Coal Products,44598064500.0,close_times_edinet_shares_outstanding,44970000000.0,4604000000.0,,,1.0083397229043427,book_equity_over_market_equity,0.10323317954751153,net_income_over_market_equity,1.0083397229043427,0.10323317954751153,True,True,B_price_times_shares,
8908,"MAINICHI COMNET CO.,LTD.",Real Estate,14785613100.0,close_times_edinet_shares_outstanding,13349774000.0,1613480000.0,,,0.9028894446047692,book_equity_over_market_equity,0.10912499800228101,net_income_over_market_equity,0.9028894446047692,0.10912499800228101,True,True,B_price_times_shares,
8801,"Mitsui Fudosan Co.,Ltd.",Real Estate,4030134222848.0,raw_market_cap,3270723000000.0,248799000000.0,1.2256762,14.637164,0.8115667665501864,book_equity_over_market_equity,0.06173466843597573,net_income_over_market_equity,0.8115667665501864,0.06173466843597573,True,True,A_raw_market_cap,
5940,"FUJISASH CO.,LTD.",Metal Products,8840789082.0,close_times_edinet_shares_outstanding,23591000000.0,2225000000.0,,,2.668426967456071,book_equity_over_market_equity,0.2516743674532558,net_income_over_market_equity,2.668426967456071,0.2516743674532558,True,True,B_price_times_shares,
7131,NOMURA CORPORATION,Wholesale Trade,4799858250.0,close_times_edinet_shares_outstanding,2349925000.0,519756000.0,,,0.48958216630668205,book_equity_over_market_equity,0.10828569781201351,net_income_over_market_equity,0.48958216630668205,0.10828569781201351,True,True,B_price_times_shares,
3221,"Yossix Holdings Co.,Ltd.",Retail Trade,31895136000.0,close_times_edinet_shares_outstanding,11459015000.0,1758418000.0,,,0.35927155162467406,book_equity_over_market_equity,0.05513122753262441,net_income_over_market_equity,0.35927155162467406,0.05513122753262441,True,True,B_price_times_shares,
7218,"TANAKA SEIMITSU KOGYO CO.,LTD.",Transportation Equipment,9706073400.0,close_times_edinet_shares_outstanding,31055573000.0,2354595000.0,,,3.1996021171651146,book_equity_over_market_equity,0.24258986131302077,net_income_over_market_equity,3.1996021171651146,0.24258986131302077,True,True,B_price_times_shares,
7839,"SHOEI CO.,LTD.",Other Products,97583684096.0,close_times_edinet_shares_outstanding,32235738000.0,6318367000.0,,,0.33033942404026695,book_equity_over_market_equity,0.06474819083264138,net_income_over_market_equity,0.33033942404026695,0.06474819083264138,True,True,B_price_times_shares,
9906,Fujii Sangyo Corporation,Wholesale Trade,32176500000.0,close_times_edinet_shares_outstanding,40078698000.0,4318783000.0,,,1.2455891100647989,book_equity_over_market_equity,0.13422165244821532,net_income_over_market_equity,1.2455891100647989,0.13422165244821532,True,True,B_price_times_shares,
3773,"Advanced Media,Inc.",Information & Communication,16832857496.0,close_times_edinet_shares_outstanding,12309103000.0,1408637000.0,,,0.7312545123681478,book_equity_over_market_equity,0.08368377147698987,net_income_over_market_equity,0.7312545123681478,0.08368377147698987,True,True,B_price_times_shares,
2751,"TENPOS HOLDINGS Co.,Ltd.",Wholesale Trade,41623108000.0,close_times_edinet_shares_outstanding,17222000000.0,2064000000.0,,,0.4137605485875778,book_equity_over_market_equity,0.04958783952414125,net_income_over_market_equity,0.4137605485875778,0.04958783952414125,True,True,B_price_times_shares,
7460,"YAGI & CO.,LTD.",Wholesale Trade,37952512500.0,close_times_edinet_shares_outstanding,43176000000.0,2625000000.0,,,1.1376321923350925,book_equity_over_market_equity,0.06916538134333004,net_income_over_market_equity,1.1376321923350925,0.06916538134333004,True,True,B_price_times_shares,
9057,"ENSHU TRUCK CO.,LTD.",Land Transportation,24391835500.0,close_times_edinet_shares_outstanding,23204000000.0,2390000000.0,,,0.9513019223174082,book_equity_over_market_equity,0.09798360603079666,net_income_over_market_equity,0.9513019223174082,0.09798360603079666,True,True,B_price_times_shares,
5032,ANYCOLOR Inc.,Information & Communication,177594877143.0,close_times_edinet_shares_outstanding,21968000000.0,11510000000.0,,,0.12369726173076091,book_equity_over_market_equity,0.06481042800988066,net_income_over_market_equity,0.12369726173076091,0.06481042800988066,True,True,B_price_times_shares,
3560,"Hobonichi Co.,Ltd.",Retail Trade,9575775000.0,close_times_edinet_shares_outstanding,4893564000.0,448354000.0,,,0.5110358169443204,book_equity_over_market_equity,0.046821693283311275,net_income_over_market_equity,0.5110358169443204,0.046821693283311275,True,True,B_price_times_shares,
5185,"Fukoku Co.,Ltd.",Rubber Products,28015569340.0,close_times_edinet_shares_outstanding,45936000000.0,3204000000.0,,,1.639659699309184,book_equity_over_market_equity,0.11436497902705126,net_income_over_market_equity,1.639659699309184,0.11436497902705126,True,True,B_price_times_shares,
7523,"ART VIVANT CO.,LTD.",Retail Trade,14899241776.0,close_times_edinet_shares_outstanding,15321399000.0,1326611000.0,,,1.028334141451414,book_equity_over_market_equity,0.08903882626677902,net_income_over_market_equity,1.028334141451414,0.08903882626677902,True,True,B_price_times_shares,
2659,"SAN-A CO.,LTD.",Retail Trade,192036822840.0,close_times_edinet_shares_outstanding,160958000000.0,11644000000.0,,,0.8381621692111931,book_equity_over_market_equity,0.06063420456451455,net_income_over_market_equity,0.8381621692111931,0.06063420456451455,True,True,B_price_times_shares,
9428,CROPS CORPORATION,Information & Communication,11999917800.0,close_times_edinet_shares_outstanding,14346000000.0,1476000000.0,,,1.1955081892310961,book_equity_over_market_equity,0.12300084255577151,net_income_over_market_equity,1.1955081892310961,0.12300084255577151,True,True,B_price_times_shares,
3395,"Saint Marc Holdings Co.,Ltd.",Retail Trade,53919246304.0,close_times_edinet_shares_outstanding,30884812000.0,2540608000.0,,,0.5727975466472499,book_equity_over_market_equity,0.04711875951818572,net_income_over_market_equity,0.5727975466472499,0.04711875951818572,True,True,B_price_times_shares,
6147,"YAMAZAKI CO.,LTD.",Machinery,758778300.0,close_times_edinet_shares_outstanding,1413117000.0,57305000.0,,,1.8623582145140418,book_equity_over_market_equity,0.07552271855955818,net_income_over_market_equity,1.8623582145140418,0.07552271855955818,True,True,B_price_times_shares,
1951,"EXEO Group,Inc.",Construction,581274699711.0,close_times_edinet_shares_outstanding,326783000000.0,26932000000.0,,,0.5621834223345193,book_equity_over_market_equity,0.046332654790222486,net_income_over_market_equity,0.5621834223345193,0.046332654790222486,True,True,B_price_times_shares,
9303,"The Sumitomo Warehouse Co.,Ltd.",Warehousing and Harbor Transportation Service,303026642800.0,close_times_edinet_shares_outstanding,274145000000.0,21134000000.0,,,0.9046894275264696,book_equity_over_market_equity,0.06974304240947093,net_income_over_market_equity,0.9046894275264696,0.06974304240947093,True,True,B_price_times_shares,
2737,TOMEN DEVICES CORPORATION,Wholesale Trade,97730370000.0,close_times_edinet_shares_outstanding,49621000000.0,5588000000.0,,,0.5077336758266647,book_equity_over_market_equity,0.057177722748824135,net_income_over_market_equity,0.5077336758266647,0.057177722748824135,True,True,B_price_times_shares,
3089,"Techno Alpha Co.,Ltd.",Wholesale Trade,2210656400.0,close_times_edinet_shares_outstanding,2744143000.0,412655000.0,,,1.241324974790293,book_equity_over_market_equity,0.18666627703880168,net_income_over_market_equity,1.241324974790293,0.18666627703880168,True,True,B_price_times_shares,
7014,"Namura Shipbuilding Co.,Ltd.",Transportation Equipment,244865875968.0,raw_market_cap,105142000000.0,26532000000.0,1.949652,11.343524,0.42938608568610986,book_equity_over_market_equity,0.10835319496893599,net_income_over_market_equity,0.42938608568610986,0.10835319496893599,True,True,A_raw_market_cap,
4274,"HOSOYA PYRO-ENGINEERING CO.,LTD.",Chemicals,4510817500.0,close_times_edinet_shares_outstanding,3197000000.0,219802000.0,,,0.7087407105253094,book_equity_over_market_equity,0.048727752785387574,net_income_over_market_equity,0.7087407105253094,0.048727752785387574,True,True,B_price_times_shares,
6547,"GREENS CO.,LTD.",Services,26703805535.0,close_times_edinet_shares_outstanding,10404000000.0,5260000000.0,,,0.3896073908403707,book_equity_over_market_equity,0.19697567049407438,net_income_over_market_equity,0.3896073908403707,0.19697567049407438,True,True,B_price_times_shares,
9506,"Tohoku Electric Power Company,Incorporated",Electric Power and Gas,495828243307.5,close_times_edinet_shares_outstanding,1008809000000.0,184776000000.0,,,2.0345936594304943,book_equity_over_market_equity,0.3726613045828586,net_income_over_market_equity,2.0345936594304943,0.3726613045828586,True,True,B_price_times_shares,
1968,"TAIHEI DENGYO KAISHA,LTD.",Construction,55123901980.0,close_times_edinet_shares_outstanding,115057000000.0,9753000000.0,,,2.087243389296804,book_equity_over_market_equity,0.17692869426294558,net_income_over_market_equity,2.087243389296804,0.17692869426294558,True,True,B_price_times_shares,
9706,"Japan Airport Terminal Co.,ltd.",Real Estate,444270297500.0,close_times_edinet_shares_outstanding,198347000000.0,40648000000.0,,,0.4464556850100923,book_equity_over_market_equity,0.09149385009246538,net_income_over_market_equity,0.4464556850100923,0.09149385009246538,True,True,B_price_times_shares,
7939,"KENSOH CO.,LTD.",Other Products,2137436810.0,close_times_edinet_shares_outstanding,3266838000.0,175029000.0,,,1.5283904463121882,book_equity_over_market_equity,0.08188733308097187,net_income_over_market_equity,1.5283904463121882,0.08188733308097187,True,True,B_price_times_shares,
2498,Oriental Consultants Holdings Company Limited,Services,35723109420.0,close_times_edinet_shares_outstanding,28691743000.0,3840121000.0,,,0.8031703697085392,book_equity_over_market_equity,0.10749682942913316,net_income_over_market_equity,0.8031703697085392,0.10749682942913316,True,True,B_price_times_shares,
7217,"TEIN,INC.",Transportation Equipment,2202133500.0,close_times_edinet_shares_outstanding,6201280000.0,247681000.0,,,2.8160327246281844,book_equity_over_market_equity,0.112473199286056,net_income_over_market_equity,2.8160327246281844,0.112473199286056,True,True,B_price_times_shares,
5268,"ASAHI CONCRETE WORKS CO.,LTD.",Glass and Ceramics Products,12078860400.0,close_times_edinet_shares_outstanding,12126382000.0,411747000.0,,,1.0039342784357372,book_equity_over_market_equity,0.034088232363377595,net_income_over_market_equity,1.0039342784357372,0.034088232363377595,True,True,B_price_times_shares,
1959,KRAFTIA CORPORATION,Construction,634735110343.0,close_times_edinet_shares_outstanding,312152000000.0,29056000000.0,,,0.4917830996166549,book_equity_over_market_equity,0.045776575970878045,net_income_over_market_equity,0.4917830996166549,0.045776575970878045,True,True,B_price_times_shares,
9005,TOKYU CORPORATION,Land Transportation,929016643584.0,raw_market_cap,872295000000.0,82566000000.0,1.0619017,19.258034,0.9389444269101823,book_equity_over_market_equity,0.08887461873823203,net_income_over_market_equity,0.9389444269101823,0.08887461873823203,True,True,A_raw_market_cap,
8117,CENTRAL AUTOMOTIVE PRODUCTS LTD.,Wholesale Trade,115936382800.0,close_times_edinet_shares_outstanding,55701681000.0,8681893000.0,,,0.4804503957665307,book_equity_over_market_equity,0.07488497389966871,net_income_over_market_equity,0.4804503957665307,0.07488497389966871,True,True,B_price_times_shares,
4326,INTAGE HOLDINGS Inc.,Information & Communication,65508912000.0,close_times_edinet_shares_outstanding,33321053000.0,3505060000.0,,,0.508649159064037,book_equity_over_market_equity,0.05350508645296994,net_income_over_market_equity,0.508649159064037,0.05350508645296994,True,True,B_price_times_shares,
4421,"D.I.System Co.,Ltd.",Information & Communication,2612012600.0,close_times_edinet_shares_outstanding,1635897000.0,256229000.0,,,0.6262975147975932,book_equity_over_market_equity,0.09809638743702845,net_income_over_market_equity,0.6262975147975932,0.09809638743702845,True,True,B_price_times_shares,
2288,"MARUDAI FOOD CO.,LTD.",Foods,53782957657.0,close_times_edinet_shares_outstanding,67007000000.0,5557000000.0,,,1.2458779308370531,book_equity_over_market_equity,0.10332269257930521,net_income_over_market_equity,1.2458779308370531,0.10332269257930521,True,True,B_price_times_shares,
7821,"MAEDA KOSEN CO.,LTD.",Other Products,120247387216.0,close_times_edinet_shares_outstanding,68446000000.0,9489000000.0,,,0.5692098729517563,book_equity_over_market_equity,0.07891231751218793,net_income_over_market_equity,0.5692098729517563,0.07891231751218793,True,True,B_price_times_shares,
7255,SAKURAI LTD.,Transportation Equipment,1610139300.0,close_times_edinet_shares_outstanding,5075919000.0,284762000.0,,,3.1524719631400835,book_equity_over_market_equity,0.1768555056074962,net_income_over_market_equity,3.1524719631400835,0.1768555056074962,True,True,B_price_times_shares,
4361,"KAWAGUCHI CHEMICAL INDUSTRY CO.,LTD.",Chemicals,1738447200.0,close_times_edinet_shares_outstanding,3133512000.0,298393000.0,,,1.8024775213190254,book_equity_over_market_equity,0.17164340682880677,net_income_over_market_equity,1.8024775213190254,0.17164340682880677,True,True,B_price_times_shares,
9824,"SENSHU ELECTRIC CO.,LTD.",Wholesale Trade,111861032000.0,close_times_edinet_shares_outstanding,58923000000.0,6749000000.0,,,0.5267518003946182,book_equity_over_market_equity,0.06033378987599542,net_income_over_market_equity,0.5267518003946182,0.06033378987599542,True,True,B_price_times_shares,
5252,"Nihon Knowledge Co,Ltd.",Information & Communication,1070528000.0,close_times_edinet_shares_outstanding,1139202000.0,82904000.0,,,1.0641496532552162,book_equity_over_market_equity,0.07744215938303342,net_income_over_market_equity,1.0641496532552162,0.07744215938303342,True,True,B_price_times_shares,
4524,"MORISHITA JINTAN CO.,LTD.",Pharmaceutical,8852924000.0,close_times_edinet_shares_outstanding,12180000000.0,601000000.0,,,1.3758166228468696,book_equity_over_market_equity,0.06788717490402041,net_income_over_market_equity,1.3758166228468696,0.06788717490402041,True,True,B_price_times_shares,
4526,"RIKEN VITAMIN CO.,LTD.",Foods,85165320000.0,close_times_edinet_shares_outstanding,79200000000.0,9398000000.0,,,0.9299559961730902,book_equity_over_market_equity,0.11035008146508461,net_income_over_market_equity,0.9299559961730902,0.11035008146508461,True,True,B_price_times_shares,
3153,"Yashima Denki Co.,Ltd.",Wholesale Trade,58652455400.0,close_times_edinet_shares_outstanding,30830000000.0,4034000000.0,,,0.5256386930392687,book_equity_over_market_equity,0.06877802425301363,net_income_over_market_equity,0.5256386930392687,0.06877802425301363,True,True,B_price_times_shares,
9629,PCA CORPORATION,Information & Communication,25425936000.0,close_times_edinet_shares_outstanding,19283000000.0,1778000000.0,,,0.7583988255142308,book_equity_over_market_equity,0.0699285957456984,net_income_over_market_equity,0.7583988255142308,0.0699285957456984,True,True,B_price_times_shares,
2499,"NIHONWASOU HOLDINGS,INC.",Services,2529302400.0,close_times_edinet_shares_outstanding,3732606000.0,231242000.0,,,1.4757452489666716,book_equity_over_market_equity,0.09142520878484123,net_income_over_market_equity,1.4757452489666716,0.09142520878484123,True,True,B_price_times_shares,
3934,"BENEFIT JAPAN Co.,LTD.",Information & Communication,13807770948.0,close_times_edinet_shares_outstanding,7940571000.0,830895000.0,,,0.5750798611813704,book_equity_over_market_equity,0.06017589682861532,net_income_over_market_equity,0.5750798611813704,0.06017589682861532,True,True,B_price_times_shares,
9900,Sagami Holdings Corporation,Retail Trade,47514943296.0,close_times_edinet_shares_outstanding,17824478000.0,1356062000.0,,,0.37513415282767554,book_equity_over_market_equity,0.028539695218665215,net_income_over_market_equity,0.37513415282767554,0.028539695218665215,True,True,B_price_times_shares,
2674,"HARD OFF CORPORATION Co.,Ltd.",Retail Trade,33031980500.0,close_times_edinet_shares_outstanding,18373110000.0,2320108000.0,,,0.55622187110458,book_equity_over_market_equity,0.07023823473133863,net_income_over_market_equity,0.55622187110458,0.07023823473133863,True,True,B_price_times_shares,
9034,"NANSO Transport Co.,Ltd.",Land Transportation,14727473200.0,close_times_edinet_shares_outstanding,21975276000.0,1389504000.0,,,1.4921280590074337,book_equity_over_market_equity,0.09434775274281267,net_income_over_market_equity,1.4921280590074337,0.09434775274281267,True,True,B_price_times_shares,
1719,HAZAMA ANDO CORPORATION,Construction,280758315589.5,close_times_edinet_shares_outstanding,172183000000.0,26444000000.0,,,0.6132783623468905,book_equity_over_market_equity,0.09418777123119687,net_income_over_market_equity,0.6132783623468905,0.09418777123119687,True,True,B_price_times_shares,
9304,Shibusawa Logistics Corporation,Warehousing and Harbor Transportation Service,20278700247.0,close_times_edinet_shares_outstanding,65328000000.0,4981000000.0,,,3.221508242850255,book_equity_over_market_equity,0.24562718218278717,net_income_over_market_equity,3.221508242850255,0.24562718218278717,True,True,B_price_times_shares,
2201,"Morinaga & Co.,Ltd.",Foods,216251621651.0,close_times_edinet_shares_outstanding,132393000000.0,17846000000.0,,,0.6122173743217698,book_equity_over_market_equity,0.0825242366450364,net_income_over_market_equity,0.6122173743217698,0.0825242366450364,True,True,B_price_times_shares,
9214,"Recovery International Co.,Ltd.",Services,1718191900.0,close_times_edinet_shares_outstanding,839829000.0,193165000.0,,,0.4887864970146815,book_equity_over_market_equity,0.11242341440440966,net_income_over_market_equity,0.4887864970146815,0.11242341440440966,True,True,B_price_times_shares,
8006,"YUASA FUNASHOKU Co.,Ltd.",Wholesale Trade,6769117082.0,close_times_edinet_shares_outstanding,39310000000.0,2059000000.0,,,5.807256622068278,book_equity_over_market_equity,0.3041755630841665,net_income_over_market_equity,4.561669803968577,0.3041755630841665,True,True,B_price_times_shares,
6082,"RIDE ON EXPRESS HOLDINGS Co.,Ltd.",Services,9504244188.0,close_times_edinet_shares_outstanding,8030381000.0,1019193000.0,,,0.8449257869593786,book_equity_over_market_equity,0.10723556548418935,net_income_over_market_equity,0.8449257869593786,0.10723556548418935,True,True,B_price_times_shares,
4687,TDC SOFT Inc.,Information & Communication,45447050000.0,close_times_edinet_shares_outstanding,20881279000.0,3433822000.0,,,0.4594639035977033,book_equity_over_market_equity,0.07555654327398588,net_income_over_market_equity,0.4594639035977033,0.07555654327398588,True,True,B_price_times_shares,
5357,"YOTAI REFRACTORIES CO.,LTD.",Glass and Ceramics Products,31698912000.0,close_times_edinet_shares_outstanding,32948720000.0,2623217000.0,,,1.0394274730943447,book_equity_over_market_equity,0.0827541651902753,net_income_over_market_equity,1.0394274730943447,0.0827541651902753,True,True,B_price_times_shares,
5136,"tripla Co.,Ltd.",Information & Communication,8991693158.0,close_times_edinet_shares_outstanding,2114007000.0,505441000.0,,,0.2351066659919491,book_equity_over_market_equity,0.056211993794550705,net_income_over_market_equity,0.2351066659919491,0.056211993794550705,True,True,B_price_times_shares,
7564,"WORKMAN CO.,LTD.",Retail Trade,651249523680.0,close_times_edinet_shares_outstanding,135781000000.0,16892000000.0,,,0.2084930507630095,book_equity_over_market_equity,0.02593783087095217,net_income_over_market_equity,0.2084930507630095,0.02593783087095217,True,True,B_price_times_shares,
3495,"Koryojyuhan Co.,Ltd.",Real Estate,6584746000.0,close_times_edinet_shares_outstanding,6198740000.0,1015589000.0,,,0.9413787562952314,book_equity_over_market_equity,0.15423358774962617,net_income_over_market_equity,0.9413787562952314,0.15423358774962617,True,True,B_price_times_shares,
2922,"NATORI CO.,LTD.",Foods,23579809266.0,close_times_edinet_shares_outstanding,26212712000.0,1352046000.0,,,1.1116592040376005,book_equity_over_market_equity,0.057339140649858046,net_income_over_market_equity,1.1116592040376005,0.057339140649858046,True,True,B_price_times_shares,
5967,"TONE CO.,LTD.",Metal Products,10326285000.0,close_times_edinet_shares_outstanding,11298788000.0,787047000.0,,,1.0941774316707316,book_equity_over_market_equity,0.0762178266433669,net_income_over_market_equity,1.0941774316707316,0.0762178266433669,True,True,B_price_times_shares,
8061,SEIKA CORPORATION,Wholesale Trade,38350959000.0,close_times_edinet_shares_outstanding,47667000000.0,7887000000.0,,,1.242915463991396,book_equity_over_market_equity,0.205653266714921,net_income_over_market_equity,1.242915463991396,0.205653266714921,True,True,B_price_times_shares,
7804,"B&P Co.,Ltd.",Other Products,4942047700.0,close_times_edinet_shares_outstanding,3819427000.0,500466000.0,,,0.7728430059467051,book_equity_over_market_equity,0.10126693030502316,net_income_over_market_equity,0.7728430059467051,0.10126693030502316,True,True,B_price_times_shares,
9003,"Sotetsu Holdings,Inc.",Land Transportation,229733802138.5,close_times_edinet_shares_outstanding,182079000000.0,22407000000.0,,,0.7925651267035999,book_equity_over_market_equity,0.09753462394920646,net_income_over_market_equity,0.7925651267035999,0.09753462394920646,True,True,B_price_times_shares,
7030,SPRIX Inc.,Services,19724594500.0,close_times_edinet_shares_outstanding,9981000000.0,1092000000.0,,,0.5060180071128966,book_equity_over_market_equity,0.055362354850945095,net_income_over_market_equity,0.5060180071128966,0.055362354850945095,True,True,B_price_times_shares,
2226,KOIKE-YA Inc.,Foods,49765287000.0,close_times_edinet_shares_outstanding,19410000000.0,2773000000.0,,,0.3900309064830672,book_equity_over_market_equity,0.05572157154443819,net_income_over_market_equity,0.3900309064830672,0.05572157154443819,True,True,B_price_times_shares,
2415,"Human Holdings Co.,Ltd.",Services,16023630456.0,close_times_edinet_shares_outstanding,18096087000.0,2607053000.0,,,1.1293375149714573,book_equity_over_market_equity,0.16270051953324952,net_income_over_market_equity,1.1293375149714573,0.16270051953324952,True,True,B_price_times_shares,
1994,TAKAHASHI CURTAIN WALL CORPORATION,Construction,4516572270.0,close_times_edinet_shares_outstanding,10798276000.0,190520000.0,,,2.390812181114507,book_equity_over_market_equity,0.04218243141274921,net_income_over_market_equity,2.390812181114507,0.04218243141274921,True,True,B_price_times_shares,
9726,"KNT-CT Holdings Co.,Ltd.",Services,54640026000.0,close_times_edinet_shares_outstanding,57459000000.0,8645000000.0,,,1.0515917397257462,book_equity_over_market_equity,0.15821734784679642,net_income_over_market_equity,1.0515917397257462,0.15821734784679642,True,True,B_price_times_shares,
7399,"NANSIN CO.,LTD.",Transportation Equipment,3833007500.0,close_times_edinet_shares_outstanding,11741379000.0,212726000.0,,,3.0632288092313935,book_equity_over_market_equity,0.055498456499237216,net_income_over_market_equity,3.0632288092313935,0.055498456499237216,True,True,B_price_times_shares,
7596,"UORIKI CO.,LTD.",Retail Trade,30143232000.0,close_times_edinet_shares_outstanding,17747218000.0,1428467000.0,,,0.5887629435357165,book_equity_over_market_equity,0.04738931113956194,net_income_over_market_equity,0.5887629435357165,0.04738931113956194,True,True,B_price_times_shares,
2883,"DAIREI CO.,LTD.",Foods,11642109000.0,close_times_edinet_shares_outstanding,8794337000.0,-574629000.0,,,0.7553903678448638,book_equity_over_market_equity,,missing,0.7553903678448638,,True,False,B_price_times_shares,net_income_nonpositive_or_missing
4258,AMIYA Corporation,Information & Communication,29926358500.0,close_times_edinet_shares_outstanding,2833597000.0,752185000.0,,,0.09468565980054004,book_equity_over_market_equity,0.02513453148668255,net_income_over_market_equity,0.09741440959758958,0.02513453148668255,True,True,B_price_times_shares,
7211,MITSUBISHI MOTORS CORPORATION,Transportation Equipment,466683592704.0,raw_market_cap,973565000000.0,50649000000.0,0.50755805,46.680058,2.0861350500005598,book_equity_over_market_equity,0.10852963505002579,net_income_over_market_equity,2.0861350500005598,0.10852963505002579,True,True,A_raw_market_cap,
9504,"The Chugoku Electric Power Company,Incorporated",Electric Power and Gas,306321121252.61816,close_times_edinet_shares_outstanding,705865000000.0,98474000000.0,,,2.3043301653949104,book_equity_over_market_equity,0.32147309854872874,net_income_over_market_equity,2.3043301653949104,0.32147309854872874,True,True,B_price_times_shares,
9173,"Tokai Kisen Co.,Ltd.",Marine Transportation,6577515900.0,close_times_edinet_shares_outstanding,6924627000.0,429285000.0,,,1.052772369581045,book_equity_over_market_equity,0.0652655206808394,net_income_over_market_equity,1.052772369581045,0.0652655206808394,True,True,B_price_times_shares,
9782,DMS INC.,Services,18496977200.0,close_times_edinet_shares_outstanding,16937065000.0,841330000.0,,,0.9156666420067815,book_equity_over_market_equity,0.04548472925619436,net_income_over_market_equity,0.9156666420067815,0.04548472925619436,True,True,B_price_times_shares,
6022,Akasaka Diesels Ltd.,Machinery,3660930000.0,close_times_edinet_shares_outstanding,8959354000.0,38035000.0,,,2.447289076819278,book_equity_over_market_equity,0.010389436563933208,net_income_over_market_equity,2.447289076819278,0.010389436563933208,True,True,B_price_times_shares,
9273,"KOA SHOJI HOLDINGS CO.,LTD.",Wholesale Trade,32726136660.0,close_times_edinet_shares_outstanding,28120664000.0,3637996000.0,,,0.859272339175033,book_equity_over_market_equity,0.1111648477727771,net_income_over_market_equity,0.859272339175033,0.1111648477727771,True,True,B_price_times_shares,
3245,"DEAR LIFE CO.,LTD.",Real Estate,48328494400.0,close_times_edinet_shares_outstanding,28492000000.0,5332000000.0,,,0.5895486783465781,book_equity_over_market_equity,0.11032828699087303,net_income_over_market_equity,0.5895486783465781,0.11032828699087303,True,True,B_price_times_shares,
1860,TODA CORPORATION,Construction,483343267860.0,close_times_edinet_shares_outstanding,353197000000.0,26208000000.0,,,0.7307373940755977,book_equity_over_market_equity,0.054222333779543046,net_income_over_market_equity,0.7307373940755977,0.054222333779543046,True,True,B_price_times_shares,
8150,"SANSHIN ELECTRONICS CO.,LTD.",Wholesale Trade,34765768422.0,close_times_edinet_shares_outstanding,40551000000.0,3522000000.0,,,1.1664059746293158,book_equity_over_market_equity,0.10130654836241894,net_income_over_market_equity,1.1664059746293158,0.10130654836241894,True,True,B_price_times_shares,
7279,HI-LEX CORPORATION,Transportation Equipment,86855945732.0,close_times_edinet_shares_outstanding,191692000000.0,9655000000.0,,,2.20701068170369,book_equity_over_market_equity,0.11116107157236152,net_income_over_market_equity,2.20701068170369,0.11116107157236152,True,True,B_price_times_shares,
7059,"COPRO-HOLDINGS.Co.,Ltd.",Services,14188003500.0,close_times_edinet_shares_outstanding,8399948000.0,1820790000.0,,,0.5920458082773944,book_equity_over_market_equity,0.12833306673486514,net_income_over_market_equity,0.5920458082773944,0.12833306673486514,True,True,B_price_times_shares,
7509,I.A GROUP CORPORATION,Retail Trade,6862401000.0,close_times_edinet_shares_outstanding,15711785000.0,1277043000.0,,,2.2895463264242353,book_equity_over_market_equity,0.18609273926137512,net_income_over_market_equity,2.2895463264242353,0.18609273926137512,True,True,B_price_times_shares,
7371,Zenken Corporation,Services,8561414400.0,close_times_edinet_shares_outstanding,12416534000.0,342190000.0,,,1.450290036188413,book_equity_over_market_equity,0.039968863088790565,net_income_over_market_equity,1.450290036188413,0.039968863088790565,True,True,B_price_times_shares,
4650,"SD ENTERTAINMENT,Inc.",Services,2390744700.0,close_times_edinet_shares_outstanding,1584857000.0,93821000.0,,,0.6629135264840281,book_equity_over_market_equity,0.03924342067975723,net_income_over_market_equity,0.6629135264840281,0.03924342067975723,True,True,B_price_times_shares,
6544,"JAPAN ELEVATOR SERVICE HOLDINGS CO.,LTD.",Services,154380829550.0,close_times_edinet_shares_outstanding,20315000000.0,5614000000.0,,,0.131590172557147,book_equity_over_market_equity,0.03636461869238609,net_income_over_market_equity,0.131590172557147,0.03636461869238609,True,True,B_price_times_shares,
8032,JAPAN PULP AND PAPER COMPANY LIMITED,Wholesale Trade,141617479850.0,close_times_edinet_shares_outstanding,145565000000.0,8710000000.0,,,1.0278745261826518,book_equity_over_market_equity,0.061503707093400875,net_income_over_market_equity,1.0278745261826518,0.061503707093400875,True,True,B_price_times_shares,
5161,"NISHIKAWA RUBBER CO.,LTD.",Rubber Products,116433773388.0,close_times_edinet_shares_outstanding,91721000000.0,5080000000.0,,,0.7877525337459607,book_equity_over_market_equity,0.04362995248012429,net_income_over_market_equity,0.7877525337459607,0.04362995248012429,True,True,B_price_times_shares,
3941,"Rengo Co.,Ltd.",Pulp and Paper,352582963677.0,close_times_edinet_shares_outstanding,500244000000.0,30561000000.0,,,1.4187979895088514,book_equity_over_market_equity,0.08667747210837114,net_income_over_market_equity,1.4187979895088514,0.08667747210837114,True,True,B_price_times_shares,
1939,YONDENKO CORPORATION,Construction,88221886260.0,close_times_edinet_shares_outstanding,64890000000.0,5202000000.0,,,0.7355317682594288,book_equity_over_market_equity,0.05896496006296114,net_income_over_market_equity,0.7355317682594288,0.05896496006296114,True,True,B_price_times_shares,
8945,SUNNEXTA GROUP Inc.,Real Estate,10571385300.0,close_times_edinet_shares_outstanding,7729283000.0,434375000.0,,,0.731151384672357,book_equity_over_market_equity,0.04108969521714434,net_income_over_market_equity,0.731151384672357,0.04108969521714434,True,True,B_price_times_shares,
2907,"AHJIKAN CO.,LTD.",Foods,10366182000.0,close_times_edinet_shares_outstanding,17388775000.0,1548947000.0,,,1.6774522191487666,book_equity_over_market_equity,0.1494230952148052,net_income_over_market_equity,1.6774522191487666,0.1494230952148052,True,True,B_price_times_shares,
7937,"TSUTSUMI JEWELRY CO.,LTD.",Other Products,43286236000.0,close_times_edinet_shares_outstanding,67800000000.0,1986000000.0,,,1.5663177551404561,book_equity_over_market_equity,0.04588063512845053,net_income_over_market_equity,1.5663177551404561,0.04588063512845053,True,True,B_price_times_shares,
5162,ASAHI RUBBER INC.,Rubber Products,3169459800.0,close_times_edinet_shares_outstanding,4880443000.0,-253166000.0,,,1.5398343276037134,book_equity_over_market_equity,,missing,1.5398343276037134,,True,False,B_price_times_shares,net_income_nonpositive_or_missing
9564,FCE Inc.,Services,10068806800.0,close_times_edinet_shares_outstanding,3896880000.0,668328000.0,,,0.38702500479004126,book_equity_over_market_equity,0.0663760873830651,net_income_over_market_equity,0.38702500479004126,0.0663760873830651,True,True,B_price_times_shares,
9007,"Odakyu Electric Railway Co.,Ltd.",Land Transportation,548813269441.5,close_times_edinet_shares_outstanding,479263000000.0,52088000000.0,,,0.8732715236417701,book_equity_over_market_equity,0.09491024160732733,net_income_over_market_equity,0.8732715236417701,0.09491024160732733,True,True,B_price_times_shares,
4719,ALPHA SYSTEMS INC.,Information & Communication,45275130000.0,close_times_edinet_shares_outstanding,43472508000.0,3211456000.0,,,0.9601851612574056,book_equity_over_market_equity,0.07093201057622585,net_income_over_market_equity,0.9601851612574056,0.07093201057622585,True,True,B_price_times_shares,
6180,"GMO Media,Inc.",Services,6433770840.0,close_times_edinet_shares_outstanding,3190335000.0,681137000.0,,,0.49587327235298295,book_equity_over_market_equity,0.10586901786511252,net_income_over_market_equity,0.49587327235298295,0.10586901786511252,True,True,B_price_times_shares,
4979,"OAT Agrio Co.,Ltd.",Chemicals,26316722100.0,close_times_edinet_shares_outstanding,19956000000.0,2459000000.0,,,0.7583011259597562,book_equity_over_market_equity,0.09343868855156547,net_income_over_market_equity,0.7583011259597562,0.09343868855156547,True,True,B_price_times_shares,
5858,"STG CO.,LTD.",Nonferrous Metals,2286092600.0,close_times_edinet_shares_outstanding,2423661000.0,389156000.0,,,1.060176215084201,book_equity_over_market_equity,0.1702275752084583,net_income_over_market_equity,1.060176215084201,0.1702275752084583,True,True,B_price_times_shares,
7806,"MTG Co.,Ltd.",Other Products,292472292480.0,close_times_edinet_shares_outstanding,51214000000.0,8365000000.0,,,0.17510718559263916,book_equity_over_market_equity,0.02860099987273844,net_income_over_market_equity,0.17510718559263916,0.02860099987273844,True,True,B_price_times_shares,
3352,"BUFFALO CO.,LTD.",Retail Trade,3983905800.0,close_times_edinet_shares_outstanding,6202128000.0,348606000.0,,,1.556795845925875,book_equity_over_market_equity,0.08750357500922838,net_income_over_market_equity,1.556795845925875,0.08750357500922838,True,True,B_price_times_shares,
9142,Kyushu Railway Company,Land Transportation,540802213200.0,close_times_edinet_shares_outstanding,458620000000.0,43696000000.0,,,0.8480364702767825,book_equity_over_market_equity,0.0807984859038295,net_income_over_market_equity,0.8480364702767825,0.0807984859038295,True,True,B_price_times_shares,
3850,NTT DATA INTRAMART CORPORATION,Information & Communication,12535846400.0,close_times_edinet_shares_outstanding,5117937000.0,341309000.0,,,0.408264175923534,book_equity_over_market_equity,0.027226641832497244,net_income_over_market_equity,0.408264175923534,0.027226641832497244,True,True,B_price_times_shares,
7811,"NAKAMOTO PACKS CO.,LTD.",Other Products,16641531006.0,close_times_edinet_shares_outstanding,22093551000.0,2275538000.0,,,1.3276152892443795,book_equity_over_market_equity,0.1367385007533002,net_income_over_market_equity,1.3276152892443795,0.1367385007533002,True,True,B_price_times_shares,
1979,Taikisha Ltd.,Construction,290432821020.0,close_times_edinet_shares_outstanding,156486000000.0,12512000000.0,,,0.5388027408556003,book_equity_over_market_equity,0.04308053048570013,net_income_over_market_equity,0.5388027408556003,0.04308053048570013,True,True,B_price_times_shares,
9778,"SUBARU CO.,LTD.",Services,3483762560.0,close_times_edinet_shares_outstanding,3621300000.0,40751000.0,,,1.039479567746431,book_equity_over_market_equity,0.011697410285045373,net_income_over_market_equity,1.039479567746431,0.011697410285045373,True,True,B_price_times_shares,
5302,"Nippon Carbon Co.,Ltd.",Glass and Ceramics Products,51349081000.0,close_times_edinet_shares_outstanding,63607000000.0,5388000000.0,,,1.2387173978829338,book_equity_over_market_equity,0.10492884965166173,net_income_over_market_equity,1.2387173978829338,0.10492884965166173,True,True,B_price_times_shares,
7609,"Daitron Co.,Ltd.",Wholesale Trade,75456782870.0,close_times_edinet_shares_outstanding,35586000000.0,4943407000.0,,,0.4716077024024335,book_equity_over_market_equity,0.06551308990361678,net_income_over_market_equity,0.4716077024024335,0.06551308990361678,True,True,B_price_times_shares,
5851,RYOBI LIMITED,Nonferrous Metals,86203666410.0,close_times_edinet_shares_outstanding,189550000000.0,11702000000.0,,,2.1988623905909805,book_equity_over_market_equity,0.1357482864399665,net_income_over_market_equity,2.1988623905909805,0.1357482864399665,True,True,B_price_times_shares,
9533,"TOHO GAS CO.,LTD.",Electric Power and Gas,118091020850.0,close_times_edinet_shares_outstanding,448394000000.0,25454000000.0,,,3.7970202710801613,book_equity_over_market_equity,0.21554560047653276,net_income_over_market_equity,3.7970202710801613,0.21554560047653276,True,True,B_price_times_shares,
9313,Maruhachi Warehouse Company Limited,Warehousing and Harbor Transportation Service,6223181200.0,close_times_edinet_shares_outstanding,12842306000.0,312224000.0,,,2.0636239870373694,book_equity_over_market_equity,0.05017112469744574,net_income_over_market_equity,2.0636239870373694,0.05017112469744574,True,True,B_price_times_shares,
9272,"Boutiques,Inc.",Services,14456326500.0,close_times_edinet_shares_outstanding,2243660000.0,250944000.0,,,0.15520263740584442,book_equity_over_market_equity,0.017358766765540334,net_income_over_market_equity,0.15520263740584442,0.017358766765540334,True,True,B_price_times_shares,
2809,Kewpie Corporation,Foods,566992839000.0,close_times_edinet_shares_outstanding,347600000000.0,33890000000.0,,,0.6130588890911901,book_equity_over_market_equity,0.05977147799568594,net_income_over_market_equity,0.6130588890911901,0.05977147799568594,True,True,B_price_times_shares,
1795,MASARU CORPORATION,Construction,4279221310.0,close_times_edinet_shares_outstanding,5277444000.0,405234000.0,,,1.23327204126304,book_equity_over_market_equity,0.09469807019632738,net_income_over_market_equity,1.23327204126304,0.09469807019632738,True,True,B_price_times_shares,
9720,"HOTEL NEWGRAND CO.,LTD.",Services,6494114000.0,close_times_edinet_shares_outstanding,4131557000.0,201371000.0,,,0.6362002576486954,book_equity_over_market_equity,0.031008232993754038,net_income_over_market_equity,0.6362002576486954,0.031008232993754038,True,True,B_price_times_shares,
3201,"THE JAPAN WOOL TEXTILE CO.,LTD.",Textiles and Apparels,116317829488.0,close_times_edinet_shares_outstanding,132152000000.0,9118000000.0,,,1.1361284902039335,book_equity_over_market_equity,0.07838867042253969,net_income_over_market_equity,1.1361284902039335,0.07838867042253969,True,True,B_price_times_shares,
3583,AuBEX CORPORATION,Textiles and Apparels,3580018156.0,close_times_edinet_shares_outstanding,6707800000.0,580136000.0,,,1.8736776484660935,book_equity_over_market_equity,0.162048340181658,net_income_over_market_equity,1.8736776484660935,0.162048340181658,True,True,B_price_times_shares,
6740,Japan Display Inc.,Electric Appliances,209541251072.0,raw_market_cap,-161043000000.0,-82016000000.0,,,,missing,,missing,,,False,False,A_raw_market_cap,book_equity_nonpositive_or_missing;net_income_nonpositive_or_missing
1801,TAISEI CORPORATION,Construction,2168836325376.0,raw_market_cap,900699000000.0,127944000000.0,2.287626,12.973779,0.41529136590971216,book_equity_over_market_equity,0.05899200345504127,net_income_over_market_equity,0.41529136590971216,0.05899200345504127,True,True,A_raw_market_cap,
7575,"Japan Lifeline Co.,Ltd.",Wholesale Trade,91024002720.0,close_times_edinet_shares_outstanding,59914000000.0,9317000000.0,,,0.6582219877135282,book_equity_over_market_equity,0.10235761690968626,net_income_over_market_equity,0.6582219877135282,0.10235761690968626,True,True,B_price_times_shares,
3744,SIOS Corporation,Information & Communication,4923460500.0,close_times_edinet_shares_outstanding,1856735000.0,320134000.0,,,0.377119913930456,book_equity_over_market_equity,0.06502215260993767,net_income_over_market_equity,0.377119913930456,0.06502215260993767,True,True,B_price_times_shares,
3843,"FreeBit Co.,Ltd.",Information & Communication,31212889500.0,close_times_edinet_shares_outstanding,10618527000.0,3914338000.0,,,0.34019686001835875,book_equity_over_market_equity,0.1254077422085514,net_income_over_market_equity,0.34019686001835875,0.1254077422085514,True,True,B_price_times_shares,
8118,"KING Co.,Ltd.",Textiles and Apparels,17483257473.0,close_times_edinet_shares_outstanding,22475000000.0,1067000000.0,,,1.2855155873960513,book_equity_over_market_equity,0.06102981676314068,net_income_over_market_equity,1.2855155873960513,0.06102981676314068,True,True,B_price_times_shares,
3951,"ASAHI PRINTING CO.,LTD.",Pulp and Paper,17980570134.0,close_times_edinet_shares_outstanding,35572091000.0,1761973000.0,,,1.9783627957789651,book_equity_over_market_equity,0.09799316633838169,net_income_over_market_equity,1.9783627957789651,0.09799316633838169,True,True,B_price_times_shares,
9450,Fibergate Inc.,Information & Communication,13883766000.0,close_times_edinet_shares_outstanding,6502000000.0,1319000000.0,,,0.4683167376920642,book_equity_over_market_equity,0.0950030416819183,net_income_over_market_equity,0.4683167376920642,0.0950030416819183,True,True,B_price_times_shares,
9850,"GOURMET KINEYA CO.,LTD.",Retail Trade,21959112000.0,close_times_edinet_shares_outstanding,10176001000.0,655857000.0,,,0.46340676253210966,book_equity_over_market_equity,0.029867191350907086,net_income_over_market_equity,0.46340676253210966,0.029867191350907086,True,True,B_price_times_shares,
1780,YAMAURA CORPORATION,Construction,25400455388.0,close_times_edinet_shares_outstanding,23268906000.0,3002397000.0,,,0.91608223728906,book_equity_over_market_equity,0.11820248708684293,net_income_over_market_equity,0.91608223728906,0.11820248708684293,True,True,B_price_times_shares,
1871,"PS Construction Co.,Ltd.",Construction,99149354668.0,close_times_edinet_shares_outstanding,57880000000.0,8217000000.0,,,0.5837657763261318,book_equity_over_market_equity,0.08287497208140679,net_income_over_market_equity,0.5837657763261318,0.08287497208140679,True,True,B_price_times_shares,
6568,"KNC Laboratories Co.,Ltd.",Services,9610503100.0,close_times_edinet_shares_outstanding,13520228000.0,737329000.0,,,1.4068179219462507,book_equity_over_market_equity,0.07672116561722976,net_income_over_market_equity,1.4068179219462507,0.07672116561722976,True,True,B_price_times_shares,
3276,"Japan Property Management Center Co.,Ltd.",Real Estate,22059180000.0,close_times_edinet_shares_outstanding,9594526000.0,2552940000.0,,,0.43494481662509665,book_equity_over_market_equity,0.11573140978041795,net_income_over_market_equity,0.43494481662509665,0.11573140978041795,True,True,B_price_times_shares,
9685,"KYCOM HOLDINGS CO.,LTD.",Information & Communication,2920707900.0,close_times_edinet_shares_outstanding,4489030000.0,468768000.0,,,1.536966432007802,book_equity_over_market_equity,0.16049807651083492,net_income_over_market_equity,1.536966432007802,0.16049807651083492,True,True,B_price_times_shares,
4240,"CLUSTER TECHNOLOGY CO.,LTD.",Chemicals,1895635800.0,close_times_edinet_shares_outstanding,1651709000.0,100655000.0,,,0.8713219068768379,book_equity_over_market_equity,0.053098279743397966,net_income_over_market_equity,0.8713219068768379,0.053098279743397966,True,True,B_price_times_shares,
8023,"DAIKO XTECH,LTD.",Information & Communication,12603362544.0,close_times_edinet_shares_outstanding,12720434000.0,1690064000.0,,,1.009288906479623,book_equity_over_market_equity,0.13409627741007718,net_income_over_market_equity,1.009288906479623,0.13409627741007718,True,True,B_price_times_shares,
7080,"Sportsfield Co.,Ltd.",Services,5965094820.0,close_times_edinet_shares_outstanding,2482610000.0,826902000.0,,,0.416189528400489,book_equity_over_market_equity,0.13862344605613494,net_income_over_market_equity,0.416189528400489,0.13862344605613494,True,True,B_price_times_shares,
7962,"KING JIM CO.,LTD.",Other Products,22219691680.0,close_times_edinet_shares_outstanding,24052288000.0,821245000.0,,,1.0824762263307877,book_equity_over_market_equity,0.03696023382445062,net_income_over_market_equity,1.0824762263307877,0.03696023382445062,True,True,B_price_times_shares,
1967,YAMATO CORPORATION,Construction,51940522488.0,close_times_edinet_shares_outstanding,41236123000.0,3957686000.0,,,0.7939104388009752,book_equity_over_market_equity,0.07619649958111911,net_income_over_market_equity,0.7939104388009752,0.07619649958111911,True,True,B_price_times_shares,
5126,PORTERS CORPORATION,Information & Communication,2160370800.0,close_times_edinet_shares_outstanding,1586000000.0,129000000.0,,,0.7341332330542516,book_equity_over_market_equity,0.05971197166708604,net_income_over_market_equity,0.7341332330542516,0.05971197166708604,True,True,B_price_times_shares,
1720,"TOKYU CONSTRUCTION CO., LTD.",Construction,121619446520.0,close_times_edinet_shares_outstanding,102667000000.0,6836000000.0,,,0.8441659860959545,book_equity_over_market_equity,0.05620811634655678,net_income_over_market_equity,0.8441659860959545,0.05620811634655678,True,True,B_price_times_shares,
5368,"JAPAN INSULATION CO.,LTD.",Glass and Ceramics Products,8003747500.0,close_times_edinet_shares_outstanding,13773657000.0,784205000.0,,,1.7209009904422896,book_equity_over_market_equity,0.09797972762134238,net_income_over_market_equity,1.7209009904422896,0.09797972762134238,True,True,B_price_times_shares,
5702,"DAIKI ALUMINIUM INDUSTRY CO.,LTD.",Nonferrous Metals,75781404525.0,close_times_edinet_shares_outstanding,73712000000.0,-728000000.0,,,0.9726924495795363,book_equity_over_market_equity,,missing,0.9726924495795363,,True,False,B_price_times_shares,net_income_nonpositive_or_missing
7874,"LEC,INC.",Chemicals,29527668560.0,close_times_edinet_shares_outstanding,36047000000.0,1746000000.0,,,1.220787205964222,book_equity_over_market_equity,0.05913098070889482,net_income_over_market_equity,1.220787205964222,0.05913098070889482,True,True,B_price_times_shares,
8850,STARTS CORPORATION INC.,Real Estate,216959435550.0,close_times_edinet_shares_outstanding,178239000000.0,24909000000.0,,,0.8215314514815072,book_equity_over_market_equity,0.1148094801079049,net_income_over_market_equity,0.8215314514815072,0.1148094801079049,True,True,B_price_times_shares,
1799,DAIICHI KENSETSU CORPORATION,Construction,58925525740.0,close_times_edinet_shares_outstanding,71657146000.0,5242713000.0,,,1.2160629048296718,book_equity_over_market_equity,0.08897184936682077,net_income_over_market_equity,1.2160629048296718,0.08897184936682077,True,True,B_price_times_shares,
5644,METALART CORPORATION,Iron and Steel,22118436840.0,close_times_edinet_shares_outstanding,26514000000.0,2346000000.0,,,1.1987284721699167,book_equity_over_market_equity,0.10606536153393017,net_income_over_market_equity,1.1987284721699167,0.10606536153393017,True,True,B_price_times_shares,
9036,"TOHBU NETWORK CO.,LTD.",Land Transportation,7675850700.0,close_times_edinet_shares_outstanding,20345953000.0,398622000.0,,,2.6506447031336866,book_equity_over_market_equity,0.051931963710550026,net_income_over_market_equity,2.6506447031336866,0.051931963710550026,True,True,B_price_times_shares,
6867,LEADER ELECTRONICS CORPORATION,Electric Appliances,1447188827.0,close_times_edinet_shares_outstanding,3246965000.0,-867762000.0,,,2.2436360338207613,book_equity_over_market_equity,,missing,2.2436360338207613,,True,False,B_price_times_shares,net_income_nonpositive_or_missing
5356,"MINO CERAMIC CO.,LTD.",Glass and Ceramics Products,14741673408.0,close_times_edinet_shares_outstanding,14507589000.0,1217519000.0,,,0.9841209066622676,book_equity_over_market_equity,0.08259028444757688,net_income_over_market_equity,0.9841209066622676,0.08259028444757688,True,True,B_price_times_shares,
5928,"ALMETAX MANUFACTURING CO,LTD.",Metal Products,2935274015.0,close_times_edinet_shares_outstanding,9187765000.0,27798000.0,,,3.1301217375441523,book_equity_over_market_equity,0.009470325379485908,net_income_over_market_equity,3.1301217375441523,0.009470325379485908,True,True,B_price_times_shares,
3388,"MEIJI ELECTRIC INDUSTRIES CO.,LTD.",Wholesale Trade,26424959000.0,close_times_edinet_shares_outstanding,34770668000.0,2489231000.0,,,1.3158267530329943,book_equity_over_market_equity,0.09419999478523315,net_income_over_market_equity,1.3158267530329943,0.09419999478523315,True,True,B_price_times_shares,
5189,"SAKURA RUBBER CO.,LTD.",Rubber Products,5784753000.0,close_times_edinet_shares_outstanding,9059750000.0,425918000.0,,,1.5661429277965715,book_equity_over_market_equity,0.07362768989445184,net_income_over_market_equity,1.5661429277965715,0.07362768989445184,True,True,B_price_times_shares,
8207,"TEN ALLIED Co.,Ltd.",Retail Trade,11097596787.0,close_times_edinet_shares_outstanding,11137441000.0,145494000.0,,,1.0035903460690403,book_equity_over_market_equity,0.013110406044886698,net_income_over_market_equity,1.0035903460690403,0.013110406044886698,True,True,B_price_times_shares,
4057,"Interfactory,Inc.",Information & Communication,1448349600.0,close_times_edinet_shares_outstanding,1181660000.0,137570000.0,,,0.8158665559751596,book_equity_over_market_equity,0.09498397348264535,net_income_over_market_equity,0.8158665559751596,0.09498397348264535,True,True,B_price_times_shares,
7840,"FRANCE BED HOLDINGS CO.,LTD.",Other Products,41641908000.0,close_times_edinet_shares_outstanding,40607000000.0,2946000000.0,,,0.9751474404102713,book_equity_over_market_equity,0.07074603786166571,net_income_over_market_equity,0.9751474404102713,0.07074603786166571,True,True,B_price_times_shares,
9837,"MORITO CO.,LTD.",Wholesale Trade,45784311200.0,close_times_edinet_shares_outstanding,39832596000.0,2916860000.0,,,0.8700053567694603,book_equity_over_market_equity,0.06370872300029273,net_income_over_market_equity,0.8700053567694603,0.06370872300029273,True,True,B_price_times_shares,
9832,"AUTOBACS SEVEN CO.,LTD.",Wholesale Trade,114282466480.0,close_times_edinet_shares_outstanding,131963000000.0,8148000000.0,,,1.1547090648686182,book_equity_over_market_equity,0.07129702614027796,net_income_over_market_equity,1.1547090648686182,0.07129702614027796,True,True,B_price_times_shares,
4615,"SHINTO PAINT COMPANY,LIMITED",Chemicals,4322711700.0,close_times_edinet_shares_outstanding,14617000000.0,-318000000.0,,,3.3814422553324572,book_equity_over_market_equity,,missing,3.3814422553324572,,True,False,B_price_times_shares,net_income_nonpositive_or_missing
4554,"Fuji Pharma Co.,Ltd.",Pharmaceutical,55898731000.0,close_times_edinet_shares_outstanding,46908000000.0,3000000000.0,,,0.8391603737837984,book_equity_over_market_equity,0.05366848131131993,net_income_over_market_equity,0.8391603737837984,0.05366848131131993,True,True,B_price_times_shares,
9647,"KYOWA ENGINEERING CONSULTANTS CO.,LTD.",Services,4298280000.0,close_times_edinet_shares_outstanding,4592821000.0,610898000.0,,,1.0685253171035856,book_equity_over_market_equity,0.14212615278669607,net_income_over_market_equity,1.0685253171035856,0.14212615278669607,True,True,B_price_times_shares,
1952,"Shin Nippon Air Technologies Co.,Ltd.",Construction,146834370000.0,close_times_edinet_shares_outstanding,69294000000.0,9656000000.0,,,0.47191948315642995,book_equity_over_market_equity,0.06576117022193101,net_income_over_market_equity,0.47191948315642995,0.06576117022193101,True,True,B_price_times_shares,
5463,Maruichi Steel Tube Ltd.,Iron and Steel,138189166500.0,close_times_edinet_shares_outstanding,359726000000.0,28299000000.0,,,2.6031418316717323,book_equity_over_market_equity,0.2047845045798145,net_income_over_market_equity,2.6031418316717323,0.2047845045798145,True,True,B_price_times_shares,
3943,"OHISHI SANGYO CO.,LTD.",Pulp and Paper,9652127100.0,close_times_edinet_shares_outstanding,18724000000.0,944000000.0,,,1.9398832823077932,book_equity_over_market_equity,0.0978022761428411,net_income_over_market_equity,1.9398832823077932,0.0978022761428411,True,True,B_price_times_shares,
3687,Fixstars Corporation,Information & Communication,82889953000.0,close_times_edinet_shares_outstanding,8522059000.0,2012086000.0,,,0.10281172435940457,book_equity_over_market_equity,0.024274184351389366,net_income_over_market_equity,0.10281172435940457,0.024274184351389366,True,True,B_price_times_shares,
4569,"KYORIN Pharmaceutical Co.,Ltd.",Pharmaceutical,70561001504.0,close_times_edinet_shares_outstanding,142789000000.0,9382000000.0,,,2.023624905492668,book_equity_over_market_equity,0.1329629653778107,net_income_over_market_equity,2.023624905492668,0.1329629653778107,True,True,B_price_times_shares,
2806,YUTAKA FOODS CORPORATION,Foods,13645304404.0,close_times_edinet_shares_outstanding,22766000000.0,553000000.0,,,1.6684127613398165,book_equity_over_market_equity,0.04052676170697174,net_income_over_market_equity,1.6684127613398165,0.04052676170697174,True,True,B_price_times_shares,
1921,TOMOE CORPORATION,Construction,65233800528.0,close_times_edinet_shares_outstanding,72962893000.0,14849605000.0,,,1.1184829399703988,book_equity_over_market_equity,0.22763666810469174,net_income_over_market_equity,1.1184829399703988,0.22763666810469174,True,True,B_price_times_shares,
5563,"Nippon Denko Co.,Ltd.",Iron and Steel,64266114580.0,close_times_edinet_shares_outstanding,71025000000.0,2975000000.0,,,1.1051702824135474,book_equity_over_market_equity,0.0462918914492123,net_income_over_market_equity,1.1051702824135474,0.0462918914492123,True,True,B_price_times_shares,
3002,GUNZE LIMITED,Textiles and Apparels,124558867880.0,close_times_edinet_shares_outstanding,120982000000.0,6330000000.0,,,0.9712837155565194,book_equity_over_market_equity,0.05081934436091954,net_income_over_market_equity,0.9712837155565194,0.05081934436091954,True,True,B_price_times_shares,
2810,House Foods Group Inc.,Foods,327824355424.0,close_times_edinet_shares_outstanding,322878000000.0,14305000000.0,,,0.9849115682158438,book_equity_over_market_equity,0.04363617212485101,net_income_over_market_equity,0.9849115682158438,0.04363617212485101,True,True,B_price_times_shares,
9767,"NIKKEN KOGAKU CO.,LTD.",Services,2605895600.0,close_times_edinet_shares_outstanding,4599706000.0,289898000.0,,,1.7651152256444962,book_equity_over_market_equity,0.11124697397700814,net_income_over_market_equity,1.7651152256444962,0.11124697397700814,True,True,B_price_times_shares,
4829,"Nihon Enterprise Co.,Ltd.",Information & Communication,4007629600.0,close_times_edinet_shares_outstanding,4896788000.0,38052000.0,,,1.2218664120057403,book_equity_over_market_equity,0.009494889447867139,net_income_over_market_equity,1.2218664120057403,0.009494889447867139,True,True,B_price_times_shares,
4667,"AISAN TECHNOLOGY CO.,LTD.",Information & Communication,8593052349.0,close_times_edinet_shares_outstanding,6349315000.0,302409000.0,,,0.7388893657489343,book_equity_over_market_equity,0.03519226785988244,net_income_over_market_equity,0.7388893657489343,0.03519226785988244,True,True,B_price_times_shares,
4839,WOWOW INC.,Information & Communication,28263200000.0,close_times_edinet_shares_outstanding,68034000000.0,637000000.0,,,2.4071584250898694,book_equity_over_market_equity,0.022538141470180306,net_income_over_market_equity,2.4071584250898694,0.022538141470180306,True,True,B_price_times_shares,
9343,ibis inc.,Services,14458703050.0,close_times_edinet_shares_outstanding,2983416000.0,933067000.0,,,0.20634049884577996,book_equity_over_market_equity,0.06453324318048015,net_income_over_market_equity,0.20634049884577996,0.06453324318048015,True,True,B_price_times_shares,
9361,"FUSHIKI KAIRIKU UNSO CO.,LTD.",Warehousing and Harbor Transportation Service,5461710600.0,close_times_edinet_shares_outstanding,12883291000.0,771465000.0,,,2.3588380900298893,book_equity_over_market_equity,0.1412497029776715,net_income_over_market_equity,2.3588380900298893,0.1412497029776715,True,True,B_price_times_shares,
4530,"HISAMITSU PHARMACEUTICAL CO.,INC.",Pharmaceutical,442713849800.0,close_times_edinet_shares_outstanding,279407000000.0,22301000000.0,,,0.6311232416293835,book_equity_over_market_equity,0.0503733958403937,net_income_over_market_equity,0.6311232416293835,0.0503733958403937,True,True,B_price_times_shares,
2730,EDION Corporation,Retail Trade,245300178240.0,close_times_edinet_shares_outstanding,224870000000.0,14232000000.0,,,0.9167135613737253,book_equity_over_market_equity,0.05801871039031822,net_income_over_market_equity,0.9167135613737253,0.05801871039031822,True,True,B_price_times_shares,
2300,"Kyokuto Co.,Ltd.",Services,2614731910.0,close_times_edinet_shares_outstanding,2302971000.0,53880000.0,,,0.8807675430097918,book_equity_over_market_equity,0.020606319062362304,net_income_over_market_equity,0.8807675430097918,0.020606319062362304,True,True,B_price_times_shares,
2908,"FUJICCO CO.,LTD.",Foods,42025981248.0,close_times_edinet_shares_outstanding,68596000000.0,981000000.0,,,1.6322283968863776,book_equity_over_market_equity,0.02334270303436842,net_income_over_market_equity,1.6322283968863776,0.02334270303436842,True,True,B_price_times_shares,
4768,OTSUKA CORPORATION,Information & Communication,1161493217280.0,raw_market_cap,399588000000.0,65198000000.0,2.96047,18.123188,0.3440295595834476,book_equity_over_market_equity,0.05613291496671976,net_income_over_market_equity,0.3440295595834476,0.05613291496671976,True,True,A_raw_market_cap,
2404,"TETSUJIN Holdings,Inc.",Services,7735475898.0,close_times_edinet_shares_outstanding,656077000.0,335722000.0,,,0.08481404488243938,book_equity_over_market_equity,0.04340030328150859,net_income_over_market_equity,0.09741440959758958,0.04340030328150859,True,True,B_price_times_shares,
8927,"MEIHO ENTERPRISE CO.,LTD.",Real Estate,12386976000.0,close_times_edinet_shares_outstanding,9526604000.0,1894341000.0,,,0.7690823006357645,book_equity_over_market_equity,0.15293006138059845,net_income_over_market_equity,0.7690823006357645,0.15293006138059845,True,True,B_price_times_shares,
9616,"KYORITSU MAINTENANCE CO.,LTD.",Services,186551935272.0,close_times_edinet_shares_outstanding,99360000000.0,14562000000.0,,,0.5326130755766711,book_equity_over_market_equity,0.07805869169230562,net_income_over_market_equity,0.5326130755766711,0.07805869169230562,True,True,B_price_times_shares,
3963,"Synchro Food Co.,Ltd.",Information & Communication,9243259200.0,close_times_edinet_shares_outstanding,5326112000.0,659265000.0,,,0.5762158005912027,book_equity_over_market_equity,0.07132386810055051,net_income_over_market_equity,0.5762158005912027,0.07132386810055051,True,True,B_price_times_shares,
7463,"ADVAN GROUP CO.,LTD.",Retail Trade,31969792800.0,close_times_edinet_shares_outstanding,53863037000.0,6012061000.0,,,1.6848103250766142,book_equity_over_market_equity,0.1880544249257693,net_income_over_market_equity,1.6848103250766142,0.1880544249257693,True,True,B_price_times_shares,
4547,"KISSEI PHARMACEUTICAL CO.,LTD.",Pharmaceutical,163087373850.0,close_times_edinet_shares_outstanding,210126000000.0,11975000000.0,,,1.2884259218819962,book_equity_over_market_equity,0.07342689821600804,net_income_over_market_equity,1.2884259218819962,0.07342689821600804,True,True,B_price_times_shares,
6036,"KeePer Technical Laboratory Co.,Ltd.",Services,72185329800.0,close_times_edinet_shares_outstanding,18042145000.0,4888857000.0,,,0.2499419902906643,book_equity_over_market_equity,0.06772646206016225,net_income_over_market_equity,0.2499419902906643,0.06772646206016225,True,True,B_price_times_shares,
1975,"ASAHI KOGYOSHA CO.,LTD.",Construction,99674172000.0,close_times_edinet_shares_outstanding,42027000000.0,6229000000.0,,,0.4216438336703715,book_equity_over_market_equity,0.06249362171777058,net_income_over_market_equity,0.4216438336703715,0.06249362171777058,True,True,B_price_times_shares,
7621,"UKAI CO.,LTD.",Retail Trade,18513462000.0,close_times_edinet_shares_outstanding,4769015000.0,136924000.0,,,0.2575971474162963,book_equity_over_market_equity,0.007395915469510781,net_income_over_market_equity,0.2575971474162963,0.007395915469510781,True,True,B_price_times_shares,
3597,"JICHODO Co.,Ltd.",Textiles and Apparels,29598632960.0,close_times_edinet_shares_outstanding,38120014000.0,1128671000.0,,,1.2878977908039169,book_equity_over_market_equity,0.03813253813192324,net_income_over_market_equity,1.2878977908039169,0.03813253813192324,True,True,B_price_times_shares,
6545,internet infinity INC.,Services,3885854436.0,close_times_edinet_shares_outstanding,1647054000.0,255060000.0,,,0.42385890339614357,book_equity_over_market_equity,0.06563807373663547,net_income_over_market_equity,0.42385890339614357,0.06563807373663547,True,True,B_price_times_shares,
7417,NANYO CORPORATION,Wholesale Trade,18312851600.0,close_times_edinet_shares_outstanding,25663000000.0,2038000000.0,,,1.40136558524834,book_equity_over_market_equity,0.11128796566013782,net_income_over_market_equity,1.40136558524834,0.11128796566013782,True,True,B_price_times_shares,
9366,SANRITSU CORPORATION,Warehousing and Harbor Transportation Service,5452815302.0,close_times_edinet_shares_outstanding,11796981000.0,473400000.0,,,2.1634660898330935,book_equity_over_market_equity,0.08681753805715094,net_income_over_market_equity,2.1634660898330935,0.08681753805715094,True,True,B_price_times_shares,
9311,ASAGAMI CORPORATION,Warehousing and Harbor Transportation Service,10963150000.0,close_times_edinet_shares_outstanding,21313300000.0,1175523000.0,,,1.9440854134076428,book_equity_over_market_equity,0.10722493079087671,net_income_over_market_equity,1.9440854134076428,0.10722493079087671,True,True,B_price_times_shares,
9044,"NANKAI Co.,Ltd.",Land Transportation,298597530710.0,close_times_edinet_shares_outstanding,328225000000.0,23495000000.0,,,1.0992220840525784,book_equity_over_market_equity,0.07868450869012211,net_income_over_market_equity,1.0992220840525784,0.07868450869012211,True,True,B_price_times_shares,
3708,"Tokushu Tokai Paper Co.,Ltd.",Pulp and Paper,20247385200.0,close_times_edinet_shares_outstanding,85834000000.0,3927000000.0,,,4.239263448200709,book_equity_over_market_equity,0.19395097002451459,net_income_over_market_equity,4.239263448200709,0.19395097002451459,True,True,B_price_times_shares,
5132,"pluszero,Inc.",Information & Communication,11971338450.0,close_times_edinet_shares_outstanding,1515790000.0,366545000.0,,,0.1266182562902981,book_equity_over_market_equity,0.030618547920178468,net_income_over_market_equity,0.1266182562902981,0.030618547920178468,True,True,B_price_times_shares,
7490,"NISSIN SHOJI CO.,LTD.",Wholesale Trade,14721682500.0,close_times_edinet_shares_outstanding,23595445000.0,631668000.0,,,1.6027682297862353,book_equity_over_market_equity,0.04290732394208339,net_income_over_market_equity,1.6027682297862353,0.04290732394208339,True,True,B_price_times_shares,
5576,O.B.System Inc.,Information & Communication,6683644500.0,close_times_edinet_shares_outstanding,5183873000.0,555309000.0,,,0.7756057342666864,book_equity_over_market_equity,0.08308476011852516,net_income_over_market_equity,0.7756057342666864,0.08308476011852516,True,True,B_price_times_shares,
4494,Vario Secure Inc.,Information & Communication,2928076787.0,close_times_edinet_shares_outstanding,3922941000.0,105811000.0,,,1.3397671186141609,book_equity_over_market_equity,0.03613668892488645,net_income_over_market_equity,1.3397671186141609,0.03613668892488645,True,True,B_price_times_shares,
3845,I-FREEK MOBILE INC.,Information & Communication,5121513840.0,close_times_edinet_shares_outstanding,859783000.0,-110605000.0,,,0.1678767307597474,book_equity_over_market_equity,,missing,0.1678767307597474,,True,False,B_price_times_shares,net_income_nonpositive_or_missing
7949,"KOMATSU WALL INDUSTRY CO.,LTD.",Other Products,43480179960.0,close_times_edinet_shares_outstanding,37790000000.0,2650000000.0,,,0.8691316373291293,book_equity_over_market_equity,0.06094730984181511,net_income_over_market_equity,0.8691316373291293,0.06094730984181511,True,True,B_price_times_shares,
9301,Mitsubishi Logistics Corporation,Warehousing and Harbor Transportation Service,534419811655.0,close_times_edinet_shares_outstanding,379276000000.0,32222000000.0,,,0.7096967435122808,book_equity_over_market_equity,0.060293423442170646,net_income_over_market_equity,0.7096967435122808,0.060293423442170646,True,True,B_price_times_shares,
2009,"THE TORIGOE CO.,LTD.",Foods,25370966676.0,close_times_edinet_shares_outstanding,36794097000.0,1135307000.0,,,1.4502441893475766,book_equity_over_market_equity,0.044748275243054046,net_income_over_market_equity,1.4502441893475766,0.044748275243054046,True,True,B_price_times_shares,
4124,OSAKA YUKA INDUSTRY LTD.,Chemicals,2657260200.0,close_times_edinet_shares_outstanding,1647773000.0,-32110000.0,,,0.6201022391409016,book_equity_over_market_equity,,missing,0.6201022391409016,,True,False,B_price_times_shares,net_income_nonpositive_or_missing
2211,"Fujiya Co.,Ltd.",Foods,59026259110.0,close_times_edinet_shares_outstanding,66104000000.0,2398000000.0,,,1.1199083424346794,book_equity_over_market_equity,0.04062598640261348,net_income_over_market_equity,1.1199083424346794,0.04062598640261348,True,True,B_price_times_shares,
2004,"Showa Sangyo Co.,Ltd.",Foods,102285603000.0,close_times_edinet_shares_outstanding,138619000000.0,11705000000.0,,,1.3552151616097918,book_equity_over_market_equity,0.11443448204533731,net_income_over_market_equity,1.3552151616097918,0.11443448204533731,True,True,B_price_times_shares,
2429,"WORLD HOLDINGS CO.,LTD.",Services,42813929600.0,close_times_edinet_shares_outstanding,53342000000.0,7178000000.0,,,1.2459029222115598,book_equity_over_market_equity,0.1676557154893813,net_income_over_market_equity,1.2459029222115598,0.1676557154893813,True,True,B_price_times_shares,
8160,"KISOJI CO.,LTD.",Retail Trade,64571542677.0,close_times_edinet_shares_outstanding,30345000000.0,3166000000.0,,,0.469943859817503,book_equity_over_market_equity,0.049030886807784294,net_income_over_market_equity,0.469943859817503,0.049030886807784294,True,True,B_price_times_shares,
7800,"Amifa Co.,Ltd.",Other Products,2810316600.0,close_times_edinet_shares_outstanding,2141412000.0,194503000.0,,,0.7619824755687669,book_equity_over_market_equity,0.06921035160237818,net_income_over_market_equity,0.7619824755687669,0.06921035160237818,True,True,B_price_times_shares,
9602,"TOHO CO.,LTD",Information & Communication,1007371878400.0,raw_market_cap,532990000000.0,53079000000.0,1.9722998,19.787582,0.5290896156904275,book_equity_over_market_equity,0.05269057151397249,net_income_over_market_equity,0.5290896156904275,0.05269057151397249,True,True,A_raw_market_cap,
8804,"Tokyo Tatemono Co.,Ltd.",Real Estate,668725629984.0,close_times_edinet_shares_outstanding,603137000000.0,59713000000.0,,,0.9019199698005155,book_equity_over_market_equity,0.08929372125520103,net_income_over_market_equity,0.9019199698005155,0.08929372125520103,True,True,B_price_times_shares,
3241,"WILL,Co.,Ltd.",Real Estate,6674686200.0,close_times_edinet_shares_outstanding,5409000000.0,664000000.0,,,0.8103751753902678,book_equity_over_market_equity,0.09948033212407799,net_income_over_market_equity,0.8103751753902678,0.09948033212407799,True,True,B_price_times_shares,
2875,"TOYO SUISAN KAISHA,LTD.",Foods,1053244063744.0,raw_market_cap,493644000000.0,63269000000.0,1.9838775,15.172762,0.4686890883061121,book_equity_over_market_equity,0.06007059728881422,net_income_over_market_equity,0.4686890883061121,0.06007059728881422,True,True,A_raw_market_cap,
3191,"JOYFUL HONDA CO.,LTD.",Retail Trade,132521947344.0,close_times_edinet_shares_outstanding,121791000000.0,8327000000.0,,,0.9190251308627042,book_equity_over_market_equity,0.06283487502930216,net_income_over_market_equity,0.9190251308627042,0.06283487502930216,True,True,B_price_times_shares,
8115,"MOONBAT Co.,Ltd.",Wholesale Trade,7374791884.0,close_times_edinet_shares_outstanding,5469735000.0,587583000.0,,,0.7416799126042971,book_equity_over_market_equity,0.07967451953116024,net_income_over_market_equity,0.7416799126042971,0.07967451953116024,True,True,B_price_times_shares,
9713,"THE ROYAL HOTEL,LIMITED",Services,13715395562.0,close_times_edinet_shares_outstanding,23035000000.0,1836000000.0,,,1.679499500825261,book_equity_over_market_equity,0.13386416685544517,net_income_over_market_equity,1.679499500825261,0.13386416685544517,True,True,B_price_times_shares,
2229,"CALBEE,Inc.",Foods,359292734650.0,close_times_edinet_shares_outstanding,215067000000.0,21505000000.0,,,0.5985843276499997,book_equity_over_market_equity,0.059853701247114824,net_income_over_market_equity,0.5985843276499997,0.059853701247114824,True,True,B_price_times_shares,
7611,HIDAY HIDAKA Corp.,Retail Trade,93284073556.0,close_times_edinet_shares_outstanding,27576929000.0,4731726000.0,,,0.29562312138357794,book_equity_over_market_equity,0.05072383548044206,net_income_over_market_equity,0.29562312138357794,0.05072383548044206,True,True,B_price_times_shares,
8151,TOYO Corporation,Wholesale Trade,44927371500.0,close_times_edinet_shares_outstanding,28120839000.0,1540418000.0,,,0.6259177437077529,book_equity_over_market_equity,0.034286848942409194,net_income_over_market_equity,0.6259177437077529,0.034286848942409194,True,True,B_price_times_shares,
3087,"DOUTOR・NICHIRES Holdings Co.,Ltd.",Retail Trade,109636600749.0,close_times_edinet_shares_outstanding,105554000000.0,7267000000.0,,,0.9627624285949303,book_equity_over_market_equity,0.0662826095515031,net_income_over_market_equity,0.9627624285949303,0.0662826095515031,True,True,B_price_times_shares,
9467,"AlphaPolis Co.,Ltd.",Information & Communication,30543426300.0,close_times_edinet_shares_outstanding,13708452000.0,2019583000.0,,,0.44881840908595116,book_equity_over_market_equity,0.06612169113456666,net_income_over_market_equity,0.44881840908595116,0.06612169113456666,True,True,B_price_times_shares,
5304,"SEC CARBON,LIMITED",Glass and Ceramics Products,52164479680.0,close_times_edinet_shares_outstanding,73801000000.0,5752000000.0,,,1.4147749666579248,book_equity_over_market_equity,0.11026660354488942,net_income_over_market_equity,1.4147749666579248,0.11026660354488942,True,True,B_price_times_shares,
1879,SHINNIHON CORPORATION,Construction,133532030760.0,close_times_edinet_shares_outstanding,122313000000.0,12816000000.0,,,0.915982474795398,book_equity_over_market_equity,0.09597697216957984,net_income_over_market_equity,0.915982474795398,0.09597697216957984,True,True,B_price_times_shares,
8200,"RINGER HUT CO.,LTD.",Retail Trade,54347343120.0,close_times_edinet_shares_outstanding,15231157000.0,1727752000.0,,,0.28025577931876644,book_equity_over_market_equity,0.03179091931292924,net_income_over_market_equity,0.28025577931876644,0.03179091931292924,True,True,B_price_times_shares,
2670,"ABC-MART,INC.",Retail Trade,634022401599.0,close_times_edinet_shares_outstanding,401000000000.0,46521000000.0,,,0.6324697660345767,book_equity_over_market_equity,0.07337437901669462,net_income_over_market_equity,0.6324697660345767,0.07337437901669462,True,True,B_price_times_shares,
3177,"ARIGATOU SERVICES COMPANY,LIMITED",Retail Trade,3097336000.0,close_times_edinet_shares_outstanding,3789955000.0,580045000.0,,,1.2236176507811873,book_equity_over_market_equity,0.18727222361409934,net_income_over_market_equity,1.2236176507811873,0.18727222361409934,True,True,B_price_times_shares,
1417,MIRAIT ONE Corporation,Construction,350351777178.0,close_times_edinet_shares_outstanding,269877000000.0,17876000000.0,,,0.7703029285987782,book_equity_over_market_equity,0.051023003633624796,net_income_over_market_equity,0.7703029285987782,0.051023003633624796,True,True,B_price_times_shares,
8935,"FJ NEXT HOLDINGS CO.,LTD.",Real Estate,58491011800.0,close_times_edinet_shares_outstanding,72922000000.0,6483000000.0,,,1.2467214663569899,book_equity_over_market_equity,0.1108375423931374,net_income_over_market_equity,1.2467214663569899,0.1108375423931374,True,True,B_price_times_shares,
1798,MORIYA CORPORATION,Construction,2146029000.0,close_times_edinet_shares_outstanding,15940610000.0,1651794000.0,,,7.427956472163237,book_equity_over_market_equity,0.7696978931785171,net_income_over_market_equity,4.561669803968577,0.4713793788347592,True,True,B_price_times_shares,
6769,"THine Electronics,Inc.",Electric Appliances,13129987600.0,close_times_edinet_shares_outstanding,8917368000.0,-376317000.0,,,0.6791604281484622,book_equity_over_market_equity,,missing,0.6791604281484622,,True,False,B_price_times_shares,net_income_nonpositive_or_missing
1944,KINDEN CORPORATION,Construction,1350851493888.0,raw_market_cap,599738000000.0,47250000000.0,2.0425544,19.475367,0.44397034219790016,book_equity_over_market_equity,0.034977938147742485,net_income_over_market_equity,0.44397034219790016,0.034977938147742485,True,True,A_raw_market_cap,
9381,AIT CORPORATION,Warehousing and Harbor Transportation Service,51098580000.0,close_times_edinet_shares_outstanding,20858000000.0,3293000000.0,,,0.40819138222627716,book_equity_over_market_equity,0.06444406087214165,net_income_over_market_equity,0.40819138222627716,0.06444406087214165,True,True,B_price_times_shares,
1982,"Hibiya Engineering,Ltd.",Construction,66891283525.0,close_times_edinet_shares_outstanding,71684000000.0,5971000000.0,,,1.0716493423722204,book_equity_over_market_equity,0.08926424618191686,net_income_over_market_equity,1.0716493423722204,0.08926424618191686,True,True,B_price_times_shares,
9324,Yasuda Logistics Corporation,Warehousing and Harbor Transportation Service,64291619600.0,close_times_edinet_shares_outstanding,94185000000.0,2847000000.0,,,1.4649654276247226,book_equity_over_market_equity,0.04428259884745538,net_income_over_market_equity,1.4649654276247226,0.04428259884745538,True,True,B_price_times_shares,
7466,SPK CORPORATION,Wholesale Trade,12410946000.0,close_times_edinet_shares_outstanding,27062497000.0,2504631000.0,,,2.180534586162892,book_equity_over_market_equity,0.2018082263833877,net_income_over_market_equity,2.180534586162892,0.2018082263833877,True,True,B_price_times_shares,
9351,"TOYO WHARF & WAREHOUSE CO.,LTD.",Warehousing and Harbor Transportation Service,13220356000.0,close_times_edinet_shares_outstanding,27530000000.0,1150000000.0,,,2.0823947554816225,book_equity_over_market_equity,0.08698706751921052,net_income_over_market_equity,2.0823947554816225,0.08698706751921052,True,True,B_price_times_shares,
2220,"KAMEDA SEIKA CO.,LTD.",Foods,25194603250.0,close_times_edinet_shares_outstanding,78908000000.0,5882000000.0,,,3.1319405674705356,book_equity_over_market_equity,0.23346269602399872,net_income_over_market_equity,3.1319405674705356,0.23346269602399872,True,True,B_price_times_shares,
7472,"TOBA,INC.",Wholesale Trade,14268590000.0,close_times_edinet_shares_outstanding,20982178000.0,1231441000.0,,,1.4705151665301197,book_equity_over_market_equity,0.08630432299197048,net_income_over_market_equity,1.4705151665301197,0.08630432299197048,True,True,B_price_times_shares,
4171,"Global Information,Inc.",Information & Communication,4972070000.0,close_times_edinet_shares_outstanding,2520552000.0,232163000.0,,,0.5069421790119608,book_equity_over_market_equity,0.0466934294971712,net_income_over_market_equity,0.5069421790119608,0.0466934294971712,True,True,B_price_times_shares,
2594,KEY COFFEE INC,Foods,42294948600.0,close_times_edinet_shares_outstanding,32459000000.0,358000000.0,,,0.7674438928151339,book_equity_over_market_equity,0.008464367775588217,net_income_over_market_equity,0.7674438928151339,0.008464367775588217,True,True,B_price_times_shares,
5805,SWCC Corporation,Nonferrous Metals,453127602176.0,raw_market_cap,85618000000.0,12196000000.0,4.6051188,24.03242,0.1889489838819066,book_equity_over_market_equity,0.0269151557782678,net_income_over_market_equity,0.1889489838819066,0.0269151557782678,True,True,A_raw_market_cap,
3844,COMTURE CORPORATION,Information & Communication,42763014900.0,close_times_edinet_shares_outstanding,18468000000.0,3863000000.0,,,0.43186852103825824,book_equity_over_market_equity,0.0903350713001295,net_income_over_market_equity,0.43186852103825824,0.0903350713001295,True,True,B_price_times_shares,
3768,Riskmonster.com,Information & Communication,4037873602.0,close_times_edinet_shares_outstanding,5982175000.0,-165689000.0,,,1.4815161616344226,book_equity_over_market_equity,,missing,1.4815161616344226,,True,False,B_price_times_shares,net_income_nonpositive_or_missing
6071,"IBJ,Inc.",Services,30524509600.0,close_times_edinet_shares_outstanding,11923329000.0,2213465000.0,,,0.3906149240805494,book_equity_over_market_equity,0.07251435089394524,net_income_over_market_equity,0.3906149240805494,0.07251435089394524,True,True,B_price_times_shares,
6074,JSS CORPORATION,Services,2008802344.0,close_times_edinet_shares_outstanding,3011136000.0,192605000.0,,,1.4989707718102903,book_equity_over_market_equity,0.09588051336921379,net_income_over_market_equity,1.4989707718102903,0.09588051336921379,True,True,B_price_times_shares,
8144,"Denkyo Group Holdings Co.,Ltd.",Wholesale Trade,7970764478.0,close_times_edinet_shares_outstanding,26415000000.0,420000000.0,,,3.313985762960088,book_equity_over_market_equity,0.052692561818786184,net_income_over_market_equity,3.313985762960088,0.052692561818786184,True,True,B_price_times_shares,
4059,"Magmag,Inc.",Information & Communication,1084938000.0,close_times_edinet_shares_outstanding,845330000.0,14267000.0,,,0.7791505136699055,book_equity_over_market_equity,0.013150060187771099,net_income_over_market_equity,0.7791505136699055,0.013150060187771099,True,True,B_price_times_shares,
1848,FUJI P.S CORPORATION,Construction,10770424912.0,close_times_edinet_shares_outstanding,12308000000.0,2226000000.0,,,1.1427589998131729,book_equity_over_market_equity,0.20667708267664306,net_income_over_market_equity,1.1427589998131729,0.20667708267664306,True,True,B_price_times_shares,
7283,"AISAN INDUSTRY CO.,LTD.",Transportation Equipment,117086809667.0,close_times_edinet_shares_outstanding,140338000000.0,16491000000.0,,,1.1985807829176267,book_equity_over_market_equity,0.14084421675593625,net_income_over_market_equity,1.1985807829176267,0.14084421675593625,True,True,B_price_times_shares,
9438,MTI Ltd.,Information & Communication,31138546600.0,close_times_edinet_shares_outstanding,22446125000.0,3546198000.0,,,0.7208469068366858,book_equity_over_market_equity,0.11388450609316493,net_income_over_market_equity,0.7208469068366858,0.11388450609316493,True,True,B_price_times_shares,
1960,Sanyo Engineering & Construction Inc.,Construction,20744469900.0,close_times_edinet_shares_outstanding,30589000000.0,1802000000.0,,,1.4745616613707733,book_equity_over_market_equity,0.08686652436464525,net_income_over_market_equity,1.4745616613707733,0.08686652436464525,True,True,B_price_times_shares,
9221,FULUHASHI EPO CORPORATION,Services,13079976000.0,close_times_edinet_shares_outstanding,5591732000.0,1033234000.0,,,0.4275032308927784,book_equity_over_market_equity,0.0789935700187829,net_income_over_market_equity,0.4275032308927784,0.0789935700187829,True,True,B_price_times_shares,
3796,"e-Seikatsu Co.,Ltd.",Information & Communication,1904786400.0,close_times_edinet_shares_outstanding,1872662000.0,-43693000.0,,,0.9831349068850974,book_equity_over_market_equity,,missing,0.9831349068850974,,True,False,B_price_times_shares,net_income_nonpositive_or_missing
7883,"Sun Messe Co.,Ltd.",Other Products,5795859300.0,close_times_edinet_shares_outstanding,11938795000.0,335714000.0,,,2.0598835102846613,book_equity_over_market_equity,0.05792307622098418,net_income_over_market_equity,2.0598835102846613,0.05792307622098418,True,True,B_price_times_shares,
1853,"Mori-Gumi Co.,Ltd.",Construction,10217906400.0,close_times_edinet_shares_outstanding,14901000000.0,921000000.0,,,1.458322225382687,book_equity_over_market_equity,0.09013588145610729,net_income_over_market_equity,1.458322225382687,0.09013588145610729,True,True,B_price_times_shares,
8934,"Sun Frontier Fudousan Co.,Ltd.",Real Estate,110379579200.0,close_times_edinet_shares_outstanding,105892000000.0,14163000000.0,,,0.9593441175213322,book_equity_over_market_equity,0.12831177743790492,net_income_over_market_equity,0.9593441175213322,0.12831177743790492,True,True,B_price_times_shares,
2462,"LIKE,Inc.",Services,28631629200.0,close_times_edinet_shares_outstanding,17798030000.0,2097221000.0,,,0.6216212802867677,book_equity_over_market_equity,0.07324839901181732,net_income_over_market_equity,0.6216212802867677,0.07324839901181732,True,True,B_price_times_shares,
2418,TSUKADA GLOBAL HOLDINGS Inc.,Services,27034851500.0,close_times_edinet_shares_outstanding,39792000000.0,4768000000.0,,,1.4718778832574686,book_equity_over_market_equity,0.17636494137946346,net_income_over_market_equity,1.4718778832574686,0.17636494137946346,True,True,B_price_times_shares,
9955,"THE YONKYU CO.,LTD.",Wholesale Trade,32908622208.0,close_times_edinet_shares_outstanding,38857650000.0,1479111000.0,,,1.1807741373795286,book_equity_over_market_equity,0.04494600201282301,net_income_over_market_equity,1.1807741373795286,0.04494600201282301,True,True,B_price_times_shares,
8012,"NAGASE & CO.,LTD.",Wholesale Trade,125766466402.5,close_times_edinet_shares_outstanding,406459000000.0,26270000000.0,,,3.2318551329825733,book_equity_over_market_equity,0.20887920883398375,net_income_over_market_equity,3.2318551329825733,0.20887920883398375,True,True,B_price_times_shares,
8181,"Totenko Co.,Ltd.",Retail Trade,2486086328.0,close_times_edinet_shares_outstanding,8741080000.0,618342000.0,,,3.5160001893546475,book_equity_over_market_equity,0.2487210492394454,net_income_over_market_equity,3.5160001893546475,0.2487210492394454,True,True,B_price_times_shares,
1718,"MIKIKOGYO CO.,LTD.",Construction,7770966930.0,close_times_edinet_shares_outstanding,19532122000.0,1739617000.0,,,2.513473828410694,book_equity_over_market_equity,0.22386107361802915,net_income_over_market_equity,2.513473828410694,0.22386107361802915,True,True,B_price_times_shares,
6966,"Mitsui High-tec,Inc.",Electric Appliances,170215040250.0,close_times_edinet_shares_outstanding,113614000000.0,3173000000.0,,,0.6674733315759387,book_equity_over_market_equity,0.01864112592717846,net_income_over_market_equity,0.6674733315759387,0.01864112592717846,True,True,B_price_times_shares,
7562,"ANRAKUTEI Co.,Ltd",Retail Trade,8590350480.0,close_times_edinet_shares_outstanding,7427265000.0,589601000.0,,,0.8646055847537434,book_equity_over_market_equity,0.06863526713755223,net_income_over_market_equity,0.8646055847537434,0.06863526713755223,True,True,B_price_times_shares,
5133,Terilogy Holdings Corporation,Information & Communication,5141694642.0,close_times_edinet_shares_outstanding,2870884000.0,184355000.0,,,0.5583536557284337,book_equity_over_market_equity,0.0358549102652059,net_income_over_market_equity,0.5583536557284337,0.0358549102652059,True,True,B_price_times_shares,
3372,"KANMONKAI Co.,Ltd.",Retail Trade,3000037200.0,close_times_edinet_shares_outstanding,1300337000.0,379561000.0,,,0.43344029200704576,book_equity_over_market_equity,0.12651876450065352,net_income_over_market_equity,0.43344029200704576,0.12651876450065352,True,True,B_price_times_shares,
4440,WITZ Corporation,Information & Communication,4402862400.0,close_times_edinet_shares_outstanding,2837744000.0,427615000.0,,,0.6445225269815382,book_equity_over_market_equity,0.09712204496783729,net_income_over_market_equity,0.6445225269815382,0.09712204496783729,True,True,B_price_times_shares,
7707,"Precision System Science Co.,Ltd.",Precision Instruments,6852081600.0,close_times_edinet_shares_outstanding,5825117000.0,-253097000.0,,,0.8501237054736768,book_equity_over_market_equity,,missing,0.8501237054736768,,True,False,B_price_times_shares,net_income_nonpositive_or_missing
7875,"TAKEDA iP HOLDINGS CO.,LTD.",Other Products,6003334400.0,close_times_edinet_shares_outstanding,18345000000.0,1253000000.0,,,3.0558017890857454,book_equity_over_market_equity,0.20871734214905635,net_income_over_market_equity,3.0558017890857454,0.20871734214905635,True,True,B_price_times_shares,
5388,"KUNIMINE INDUSTRIES CO.,LTD.",Glass and Ceramics Products,14955320800.0,close_times_edinet_shares_outstanding,22351609000.0,1136729000.0,,,1.494558979971864,book_equity_over_market_equity,0.07600833276675684,net_income_over_market_equity,1.494558979971864,0.07600833276675684,True,True,B_price_times_shares,
9039,"Sakai Moving Service Co.,Ltd.",Land Transportation,116043069200.0,close_times_edinet_shares_outstanding,96000000000.0,8765000000.0,,,0.8272790495961821,book_equity_over_market_equity,0.07553230072615143,net_income_over_market_equity,0.8272790495961821,0.07553230072615143,True,True,B_price_times_shares,
3937,"Ubicom Holdings,Inc.",Information & Communication,11589893920.0,close_times_edinet_shares_outstanding,5601792000.0,1063938000.0,,,0.4833341908620334,book_equity_over_market_equity,0.09179876945758965,net_income_over_market_equity,0.4833341908620334,0.09179876945758965,True,True,B_price_times_shares,
3242,"URBANET CORPORATION CO.,LTD.",Real Estate,18945332000.0,close_times_edinet_shares_outstanding,17347836000.0,1850600000.0,,,0.9156786484396262,book_equity_over_market_equity,0.09768105409818102,net_income_over_market_equity,0.9156786484396262,0.09768105409818102,True,True,B_price_times_shares,
9338,INFORICH INC.,Services,44809265100.0,close_times_edinet_shares_outstanding,8257752000.0,2611170000.0,,,0.18428670904491135,book_equity_over_market_equity,0.05827299318952678,net_income_over_market_equity,0.18428670904491135,0.05827299318952678,True,True,B_price_times_shares,
2753,"AMIYAKI TEI CO.,LTD.",Retail Trade,26646735300.0,close_times_edinet_shares_outstanding,21941000000.0,1736000000.0,,,0.8234029329664261,book_equity_over_market_equity,0.06514869384393217,net_income_over_market_equity,0.8234029329664261,0.06514869384393217,True,True,B_price_times_shares,
3361,"Toell Co.,Ltd.",Retail Trade,16255329920.0,close_times_edinet_shares_outstanding,20537960000.0,857337000.0,,,1.263460052861234,book_equity_over_market_equity,0.05274190091615194,net_income_over_market_equity,1.263460052861234,0.05274190091615194,True,True,B_price_times_shares,
2304,"CSS HOLDINGS,LTD.",Services,4671487600.0,close_times_edinet_shares_outstanding,3089813000.0,587056000.0,,,0.66141950157376,book_equity_over_market_equity,0.12566789217207813,net_income_over_market_equity,0.66141950157376,0.12566789217207813,True,True,B_price_times_shares,
3935,"Edia Co.,Ltd.",Information & Communication,3744726400.0,close_times_edinet_shares_outstanding,1615553000.0,476251000.0,,,0.4314208375810847,book_equity_over_market_equity,0.12717911781218516,net_income_over_market_equity,0.4314208375810847,0.12717911781218516,True,True,B_price_times_shares,
3641,"PAPYLESS CO.,LTD.",Information & Communication,7985765600.0,close_times_edinet_shares_outstanding,9892000000.0,-365000000.0,,,1.2387040260735926,book_equity_over_market_equity,,missing,1.2387040260735926,,True,False,B_price_times_shares,net_income_nonpositive_or_missing
1814,"DAISUE CONSTRUCTION CO.,LTD.",Construction,33221539500.0,close_times_edinet_shares_outstanding,23537000000.0,3596000000.0,,,0.7084861314148311,book_equity_over_market_equity,0.10824302708789278,net_income_over_market_equity,0.7084861314148311,0.10824302708789278,True,True,B_price_times_shares,
4439,"TOUMEI CO.,LTD.",Information & Communication,23266440000.0,close_times_edinet_shares_outstanding,9797903000.0,2488540000.0,,,0.4211174120320943,book_equity_over_market_equity,0.10695834859136163,net_income_over_market_equity,0.4211174120320943,0.10695834859136163,True,True,B_price_times_shares,
9663,"NAGAWA CO.,Ltd",Services,74311682070.0,close_times_edinet_shares_outstanding,61672000000.0,4213000000.0,,,0.8299098914475695,book_equity_over_market_equity,0.05669364334979586,net_income_over_market_equity,0.8299098914475695,0.05669364334979586,True,True,B_price_times_shares,
7984,"KOKUYO CO.,LTD.",Other Products,348950461731.1997,close_times_edinet_shares_outstanding,255457000000.0,21712000000.0,,,0.7320723942666145,book_equity_over_market_equity,0.06222086622921562,net_income_over_market_equity,0.7320723942666145,0.06222086622921562,True,True,B_price_times_shares,
3075,"Choushimaru Co.,Ltd.",Retail Trade,20008238400.0,close_times_edinet_shares_outstanding,10653950000.0,1006946000.0,,,0.5324781615956755,book_equity_over_market_equity,0.050326569479500004,net_income_over_market_equity,0.5324781615956755,0.050326569479500004,True,True,B_price_times_shares,
7902,"SONOCOM CO.,LTD.",Other Products,3883437500.0,close_times_edinet_shares_outstanding,8910745000.0,210719000.0,,,2.2945508972398807,book_equity_over_market_equity,0.05426094793594592,net_income_over_market_equity,2.2945508972398807,0.05426094793594592,True,True,B_price_times_shares,
9936,OHSHO FOOD SERVICE CORP.,Retail Trade,151560061380.0,close_times_edinet_shares_outstanding,74238000000.0,8071000000.0,,,0.48982561318622236,book_equity_over_market_equity,0.05325281559344272,net_income_over_market_equity,0.48982561318622236,0.05325281559344272,True,True,B_price_times_shares,
5363,TYK CORPORATION,Glass and Ceramics Products,31502358900.0,close_times_edinet_shares_outstanding,47371758000.0,3799650000.0,,,1.5037527237365071,book_equity_over_market_equity,0.12061477720006548,net_income_over_market_equity,1.5037527237365071,0.12061477720006548,True,True,B_price_times_shares,
7777,"3-D Matrix,Ltd.",Precision Instruments,43563505488.0,close_times_edinet_shares_outstanding,-29016787000.0,-2501245000.0,,,,missing,,missing,,,False,False,B_price_times_shares,book_equity_nonpositive_or_missing;net_income_nonpositive_or_missing
4406,"New Japan Chemical Co.,Ltd.",Chemicals,7680278636.0,close_times_edinet_shares_outstanding,18995000000.0,568000000.0,,,2.4732175615301464,book_equity_over_market_equity,0.07395565016841923,net_income_over_market_equity,2.4732175615301464,0.07395565016841923,True,True,B_price_times_shares,
8081,KANADEN CORPORATION,Wholesale Trade,57106971900.0,close_times_edinet_shares_outstanding,47989000000.0,5383000000.0,,,0.8403352235876475,book_equity_over_market_equity,0.09426169556715719,net_income_over_market_equity,0.8403352235876475,0.09426169556715719,True,True,B_price_times_shares,
1867,UEKI CORPORATION,Construction,14926566200.0,close_times_edinet_shares_outstanding,29062224000.0,1942970000.0,,,1.9470133727072474,book_equity_over_market_equity,0.13016858492209682,net_income_over_market_equity,1.9470133727072474,0.13016858492209682,True,True,B_price_times_shares,
1899,FUKUDA CORPORATION,Construction,60114075870.0,close_times_edinet_shares_outstanding,90166000000.0,5607000000.0,,,1.4999149316540927,book_equity_over_market_equity,0.09327266399512564,net_income_over_market_equity,1.4999149316540927,0.09327266399512564,True,True,B_price_times_shares,
7506,"HOUSE OF ROSE Co.,Ltd.",Retail Trade,6376539828.0,close_times_edinet_shares_outstanding,5652547000.0,79624000.0,,,0.8864599222260202,book_equity_over_market_equity,0.012487023079564775,net_income_over_market_equity,0.8864599222260202,0.012487023079564775,True,True,B_price_times_shares,
3947,"Dynapac Co.,Ltd.",Pulp and Paper,19930412404.0,close_times_edinet_shares_outstanding,47840573000.0,3206040000.0,,,2.4003804853731214,book_equity_over_market_equity,0.16086169894590607,net_income_over_market_equity,2.4003804853731214,0.16086169894590607,True,True,B_price_times_shares,
4980,Dexerials Corporation,Chemicals,760831082496.0,raw_market_cap,93253000000.0,34747000000.0,6.957412,28.405254,0.12256728483551442,book_equity_over_market_equity,0.045669795568824806,net_income_over_market_equity,0.12256728483551442,0.045669795568824806,True,True,A_raw_market_cap,
1332,Nissui Corporation,"Fishery, Agriculture and Forestry",407133725804.5,close_times_edinet_shares_outstanding,285939000000.0,27213000000.0,,,0.7023220673624665,book_equity_over_market_equity,0.06684044645583428,net_income_over_market_equity,0.7023220673624665,0.06684044645583428,True,True,B_price_times_shares,
4242,TAKAGI SEIKO CORPORATION,Chemicals,4615722432.0,close_times_edinet_shares_outstanding,15638000000.0,-2802000000.0,,,3.387985354488491,book_equity_over_market_equity,,missing,3.387985354488491,,True,False,B_price_times_shares,net_income_nonpositive_or_missing
6099,ELAN Corporation,Services,41449716000.0,close_times_edinet_shares_outstanding,14681563000.0,2829782000.0,,,0.35420177547175474,book_equity_over_market_equity,0.06827023857051276,net_income_over_market_equity,0.35420177547175474,0.06827023857051276,True,True,B_price_times_shares,
9993,"YAMAZAWA CO.,LTD.",Retail Trade,11868565300.0,close_times_edinet_shares_outstanding,26744000000.0,1552000000.0,,,2.2533473359244187,book_equity_over_market_equity,0.1307655947260955,net_income_over_market_equity,2.2533473359244187,0.1307655947260955,True,True,B_price_times_shares,
1716,DAI-ICHI CUTTER KOGYO K.K.,Construction,15743766000.0,close_times_edinet_shares_outstanding,19358154000.0,1338223000.0,,,1.2295758206772127,book_equity_over_market_equity,0.08500018356472015,net_income_over_market_equity,1.2295758206772127,0.08500018356472015,True,True,B_price_times_shares,
2795,NIPPON PRIMEX INC.,Wholesale Trade,4841768640.0,close_times_edinet_shares_outstanding,7886030000.0,408822000.0,,,1.628749861125128,book_equity_over_market_equity,0.0844365004602946,net_income_over_market_equity,1.628749861125128,0.0844365004602946,True,True,B_price_times_shares,
9820,MT GENEX CORPORATION,Real Estate,3767400000.0,close_times_edinet_shares_outstanding,4128465000.0,264994000.0,,,1.0958393056219142,book_equity_over_market_equity,0.07033869512130382,net_income_over_market_equity,1.0958393056219142,0.07033869512130382,True,True,B_price_times_shares,
7887,"NANKAI PLYWOOD CO.,LTD.",Other Products,1513920720.0,close_times_edinet_shares_outstanding,24466020000.0,-395953000.0,,,16.160700938157447,book_equity_over_market_equity,,missing,4.561669803968577,,True,False,B_price_times_shares,net_income_nonpositive_or_missing
7921,TAKARA & COMPANY LTD.,Other Products,37759090537.0,close_times_edinet_shares_outstanding,30727178000.0,4110462000.0,,,0.8137690172884473,book_equity_over_market_equity,0.1088601960889967,net_income_over_market_equity,0.8137690172884473,0.1088601960889967,True,True,B_price_times_shares,
5631,"The Japan Steel Works,Ltd.",Machinery,552375287808.0,raw_market_cap,195101000000.0,18153000000.0,2.6002817,28.694887,0.35320370825100184,book_equity_over_market_equity,0.0328635266650629,net_income_over_market_equity,0.35320370825100184,0.0328635266650629,True,True,A_raw_market_cap,
9253,Slogan Inc.,Services,1870676375.0,close_times_edinet_shares_outstanding,1633716000.0,189575000.0,,,0.8733290385409395,book_equity_over_market_equity,0.10134035075949467,net_income_over_market_equity,0.8733290385409395,0.10134035075949467,True,True,B_price_times_shares,
2002,NISSHIN SEIFUN GROUP INC.,Foods,555102222147.0,close_times_edinet_shares_outstanding,502570000000.0,35930000000.0,,,0.9053647777812559,book_equity_over_market_equity,0.06472681709151068,net_income_over_market_equity,0.9053647777812559,0.06472681709151068,True,True,B_price_times_shares,
4072,"Densan System Holdings Co.,Ltd.",Information & Communication,32359331277.0,close_times_edinet_shares_outstanding,24881000000.0,2912000000.0,,,0.768897224328138,book_equity_over_market_equity,0.08998949870357051,net_income_over_market_equity,0.768897224328138,0.08998949870357051,True,True,B_price_times_shares,
9009,"Keisei Electric Railway Co.,Ltd.",Land Transportation,525094007400.0,close_times_edinet_shares_outstanding,524658000000.0,72061000000.0,,,0.9991696583966766,book_equity_over_market_equity,0.13723447417884205,net_income_over_market_equity,0.9991696583966766,0.13723447417884205,True,True,B_price_times_shares,
7254,UNIVANCE CORPORATION,Transportation Equipment,15247623684.0,close_times_edinet_shares_outstanding,26643355000.0,2952560000.0,,,1.7473775292577585,book_equity_over_market_equity,0.19364066566636548,net_income_over_market_equity,1.7473775292577585,0.19364066566636548,True,True,B_price_times_shares,
2108,"Nippon Beet Sugar Manufacturing Co.,Ltd.",Foods,51928351140.0,close_times_edinet_shares_outstanding,73829000000.0,2973000000.0,,,1.4217474342860486,book_equity_over_market_equity,0.057251962265944575,net_income_over_market_equity,1.4217474342860486,0.057251962265944575,True,True,B_price_times_shares,
7916,"MITSUMURA PRINTING CO.,LTD.",Other Products,5661015360.0,close_times_edinet_shares_outstanding,17770462000.0,265119000.0,,,3.139094468028435,book_equity_over_market_equity,0.04683241135032003,net_income_over_market_equity,3.139094468028435,0.04683241135032003,True,True,B_price_times_shares,
6390,"KATO WORKS CO.,LTD.",Machinery,14137887835.0,close_times_edinet_shares_outstanding,44603000000.0,-6103000000.0,,,3.1548559813567087,book_equity_over_market_equity,,missing,3.1548559813567087,,True,False,B_price_times_shares,net_income_nonpositive_or_missing
4422,VALUENEX Japan Inc.,Information & Communication,2014030900.0,close_times_edinet_shares_outstanding,794326000.0,-82265000.0,,,0.3943961336442256,book_equity_over_market_equity,,missing,0.3943961336442256,,True,False,B_price_times_shares,net_income_nonpositive_or_missing
8041,OUG Holdings Inc.,Wholesale Trade,22971859960.0,close_times_edinet_shares_outstanding,35555000000.0,4527000000.0,,,1.5477632225649351,book_equity_over_market_equity,0.19706719472792747,net_income_over_market_equity,1.5477632225649351,0.19706719472792747,True,True,B_price_times_shares,
8892,ES-CON JAPAN Ltd.,Real Estate,104596502799.0,close_times_edinet_shares_outstanding,78946000000.0,11203000000.0,,,0.7547671087216767,book_equity_over_market_equity,0.10710683149252584,net_income_over_market_equity,0.7547671087216767,0.10710683149252584,True,True,B_price_times_shares,
3401,TEIJIN LIMITED,Textiles and Apparels,311623238619.0,close_times_edinet_shares_outstanding,460748000000.0,-56000000.0,,,1.4785418508640957,book_equity_over_market_equity,,missing,1.4785418508640957,,True,False,B_price_times_shares,net_income_nonpositive_or_missing
1815,TEKKEN CORPORATION,Construction,62804354340.0,close_times_edinet_shares_outstanding,70116000000.0,3436000000.0,,,1.1164194065337796,book_equity_over_market_equity,0.05470958241842185,net_income_over_market_equity,1.1164194065337796,0.05470958241842185,True,True,B_price_times_shares,
5199,"FUJI LATEX CO.,LTD.",Rubber Products,2446659070.0,close_times_edinet_shares_outstanding,4068064000.0,298156000.0,,,1.6627016202956304,book_equity_over_market_equity,0.12186250371205172,net_income_over_market_equity,1.6627016202956304,0.12186250371205172,True,True,B_price_times_shares,
1808,HASEKO Corporation,Construction,737793622968.5,close_times_edinet_shares_outstanding,532033000000.0,37469000000.0,,,0.7211135789699216,book_equity_over_market_equity,0.050785204471196325,net_income_over_market_equity,0.7211135789699216,0.050785204471196325,True,True,B_price_times_shares,
1969,"Takasago Thermal Engineering Co.,Ltd.",Construction,296874392880.0,close_times_edinet_shares_outstanding,184283000000.0,28024000000.0,,,0.6207440062858142,book_equity_over_market_equity,0.09439682462383214,net_income_over_market_equity,0.6207440062858142,0.09439682462383214,True,True,B_price_times_shares,
4534,"Mochida Pharmaceutical Co.,Ltd.",Pharmaceutical,119290932500.0,close_times_edinet_shares_outstanding,130694000000.0,5685000000.0,,,1.095590396193776,book_equity_over_market_equity,0.04765659787260025,net_income_over_market_equity,1.095590396193776,0.04765659787260025,True,True,B_price_times_shares,
6694,ZOOM CORPORATION,Electric Appliances,2798549328.0,close_times_edinet_shares_outstanding,7420327000.0,-1728030000.0,,,2.651490515374614,book_equity_over_market_equity,,missing,2.651490515374614,,True,False,B_price_times_shares,net_income_nonpositive_or_missing
7818,"TRANSACTION CO.,Ltd.",Other Products,74176254800.0,close_times_edinet_shares_outstanding,19663355000.0,6000175000.0,,,0.26508961733128644,book_equity_over_market_equity,0.08089077854062807,net_income_over_market_equity,0.26508961733128644,0.08089077854062807,True,True,B_price_times_shares,
2222,"Kotobuki Spirits Co.,Ltd.",Foods,318913342332.0,close_times_edinet_shares_outstanding,40274000000.0,12122000000.0,,,0.12628508956540724,book_equity_over_market_equity,0.03801032566201188,net_income_over_market_equity,0.12628508956540724,0.03801032566201188,True,True,B_price_times_shares,
5445,"TOKYO TEKKO CO.,LTD.",Iron and Steel,15695891420.0,close_times_edinet_shares_outstanding,59713000000.0,11063000000.0,,,3.8043713735119606,book_equity_over_market_equity,0.7048341316825955,net_income_over_market_equity,3.8043713735119606,0.4713793788347592,True,True,B_price_times_shares,
4238,"Miraial Co.,Ltd.",Chemicals,14741467300.0,close_times_edinet_shares_outstanding,22989620000.0,606384000.0,,,1.5595204691733773,book_equity_over_market_equity,0.04113457552492078,net_income_over_market_equity,1.5595204691733773,0.04113457552492078,True,True,B_price_times_shares,
3169,"Misawa & Co.,Ltd.",Retail Trade,4681774500.0,close_times_edinet_shares_outstanding,3240816000.0,124830000.0,,,0.6922195846895232,book_equity_over_market_equity,0.026662967214674694,net_income_over_market_equity,0.6922195846895232,0.026662967214674694,True,True,B_price_times_shares,
3698,"CRI Middleware Co.,Ltd.",Information & Communication,5571075900.0,close_times_edinet_shares_outstanding,4098049000.0,429315000.0,,,0.7355938194990307,book_equity_over_market_equity,0.0770614164491997,net_income_over_market_equity,0.7355938194990307,0.0770614164491997,True,True,B_price_times_shares,
4811,DreamArts Corporation,Information & Communication,9204297900.0,close_times_edinet_shares_outstanding,2916247000.0,771393000.0,,,0.31683535579612215,book_equity_over_market_equity,0.08380791325756634,net_income_over_market_equity,0.31683535579612215,0.08380791325756634,True,True,B_price_times_shares,
5962,"ASAKA INDUSTRIAL CO.,LTD.",Other Products,1688875440.0,close_times_edinet_shares_outstanding,4222910000.0,227649000.0,,,2.5004271481382903,book_equity_over_market_equity,0.13479324443252014,net_income_over_market_equity,2.5004271481382903,0.13479324443252014,True,True,B_price_times_shares,
7981,"TAKARA STANDARD CO.,LTD.",Other Products,199576315792.0,close_times_edinet_shares_outstanding,194509000000.0,11090000000.0,,,0.9746096335535064,book_equity_over_market_equity,0.0555677158183343,net_income_over_market_equity,0.9746096335535064,0.0555677158183343,True,True,B_price_times_shares,
9846,"TENMAYA STORE CO.,LTD.",Retail Trade,11215050000.0,close_times_edinet_shares_outstanding,27750371000.0,1353679000.0,,,2.4743867392477075,book_equity_over_market_equity,0.12070200311188983,net_income_over_market_equity,2.4743867392477075,0.12070200311188983,True,True,B_price_times_shares,
7087,"WILLTEC Co.,Ltd.",Services,8224846735.0,close_times_edinet_shares_outstanding,8076000000.0,710000000.0,,,0.9819027952987138,book_equity_over_market_equity,0.08632379701115488,net_income_over_market_equity,0.9819027952987138,0.08632379701115488,True,True,B_price_times_shares,
3109,SHIKIBO LTD.,Textiles and Apparels,12633046355.0,close_times_edinet_shares_outstanding,35238000000.0,1446000000.0,,,2.789350961738001,book_equity_over_market_equity,0.11446170301019211,net_income_over_market_equity,2.789350961738001,0.11446170301019211,True,True,B_price_times_shares,
5659,"Nippon Seisen Co.,Ltd.",Iron and Steel,43380389580.0,close_times_edinet_shares_outstanding,41904000000.0,3299000000.0,,,0.9659664287413253,book_equity_over_market_equity,0.07604818748610233,net_income_over_market_equity,0.9659664287413253,0.07604818748610233,True,True,B_price_times_shares,
4716,ORACLE CORPORATION JAPAN,Information & Communication,1170294964224.0,raw_market_cap,163681000000.0,60725000000.0,6.2223406,19.095015,0.1398630302647963,book_equity_over_market_equity,0.05188862795822212,net_income_over_market_equity,0.1398630302647963,0.05188862795822212,True,True,A_raw_market_cap,
8282,K'S HOLDINGS CORPORATION,Retail Trade,327589257500.0,close_times_edinet_shares_outstanding,251258000000.0,9525000000.0,,,0.7669909627607371,book_equity_over_market_equity,0.029076045022630205,net_income_over_market_equity,0.7669909627607371,0.029076045022630205,True,True,B_price_times_shares,
9306,"Toyo Logistics Co.,Ltd.",Warehousing and Harbor Transportation Service,15036095550.0,close_times_edinet_shares_outstanding,26645842000.0,1495378000.0,,,1.7721250780426172,book_equity_over_market_equity,0.0994525470410435,net_income_over_market_equity,1.7721250780426172,0.0994525470410435,True,True,B_price_times_shares,
3489,"FaithNetwork Co.,Ltd",Real Estate,6943671600.0,close_times_edinet_shares_outstanding,9919325000.0,2802470000.0,,,1.4285417818434847,book_equity_over_market_equity,0.4036005965489497,net_income_over_market_equity,1.4285417818434847,0.4036005965489497,True,True,B_price_times_shares,
8059,"DAIICHI JITSUGYO CO.,LTD.",Wholesale Trade,96922496000.0,close_times_edinet_shares_outstanding,79852000000.0,8881000000.0,,,0.823874779287566,book_equity_over_market_equity,0.09162991427707351,net_income_over_market_equity,0.823874779287566,0.09162991427707351,True,True,B_price_times_shares,
2894,"Ishii Food Co.,Ltd.",Foods,5393563200.0,close_times_edinet_shares_outstanding,3851667000.0,288796000.0,,,0.7141229011648552,book_equity_over_market_equity,0.05354456586324974,net_income_over_market_equity,0.7141229011648552,0.05354456586324974,True,True,B_price_times_shares,
9948,"ARCS COMPANY,LIMITED",Retail Trade,171823059300.0,close_times_edinet_shares_outstanding,196142000000.0,12732000000.0,,,1.1415347904936297,book_equity_over_market_equity,0.07409948380543123,net_income_over_market_equity,1.1415347904936297,0.07409948380543123,True,True,B_price_times_shares,
7456,"MATSUDA SANGYO Co.,Ltd.",Wholesale Trade,165351614780.0,close_times_edinet_shares_outstanding,100134000000.0,9545000000.0,,,0.6055822323430472,book_equity_over_market_equity,0.057725471944737906,net_income_over_market_equity,0.6055822323430472,0.057725471944737906,True,True,B_price_times_shares,
4391,"Logizard Co.,Ltd.",Information & Communication,3491305700.0,close_times_edinet_shares_outstanding,2176741000.0,283173000.0,,,0.6234747647563489,book_equity_over_market_equity,0.08110805077882467,net_income_over_market_equity,0.6234747647563489,0.08110805077882467,True,True,B_price_times_shares,
4974,TAKARA BIO INC.,Chemicals,137634916500.0,close_times_edinet_shares_outstanding,115849000000.0,1087000000.0,,,0.8417122845422731,book_equity_over_market_equity,0.007897705230925178,net_income_over_market_equity,0.8417122845422731,0.007897705230925178,True,True,B_price_times_shares,
7068,Feedforce Group Inc.,Services,12166454988.0,close_times_edinet_shares_outstanding,5300000000.0,1002000000.0,,,0.4356240174502341,book_equity_over_market_equity,0.08235759726134614,net_income_over_market_equity,0.4356240174502341,0.08235759726134614,True,True,B_price_times_shares,
9554,"AViC Co.,Ltd.",Services,10669883400.0,close_times_edinet_shares_outstanding,2363545000.0,539634000.0,,,0.22151554158501863,book_equity_over_market_equity,0.05057543552912678,net_income_over_market_equity,0.22151554158501863,0.05057543552912678,True,True,B_price_times_shares,
8802,"Mitsubishi Estate Company,Limited",Real Estate,4736601817088.0,raw_market_cap,2740873000000.0,206865000000.0,1.7611508,21.605854,0.5786580983252361,book_equity_over_market_equity,0.04367371545856009,net_income_over_market_equity,0.5786580983252361,0.04367371545856009,True,True,A_raw_market_cap,
3878,TOMOEGAWA CORPORATION,Chemicals,8559792894.0,close_times_edinet_shares_outstanding,19630000000.0,1044000000.0,,,2.2932797841124963,book_equity_over_market_equity,0.12196556773374662,net_income_over_market_equity,2.2932797841124963,0.12196556773374662,True,True,B_price_times_shares,
5726,"OSAKA Titanium technologies Co.,Ltd.",Nonferrous Metals,101637457000.0,close_times_edinet_shares_outstanding,42838000000.0,7090000000.0,,,0.4214784712687174,book_equity_over_market_equity,0.06975774689049924,net_income_over_market_equity,0.4214784712687174,0.06975774689049924,True,True,B_price_times_shares,
9068,"Maruzen Showa Unyu Co.,Ltd.",Land Transportation,150049700640.0,close_times_edinet_shares_outstanding,132151000000.0,9955000000.0,,,0.8807148527210817,book_equity_over_market_equity,0.06634468417823829,net_income_over_market_equity,0.8807148527210817,0.06634468417823829,True,True,B_price_times_shares,
3661,"m-up holdings,Inc.",Information & Communication,22717514456.0,close_times_edinet_shares_outstanding,8785000000.0,1944000000.0,,,0.3867060376263902,book_equity_over_market_equity,0.0855727418492547,net_income_over_market_equity,0.3867060376263902,0.0855727418492547,True,True,B_price_times_shares,
1803,SHIMIZU CORPORATION,Construction,1744188866560.0,raw_market_cap,923809000000.0,70385000000.0,1.7834722,13.759846,0.5296496369811113,book_equity_over_market_equity,0.04035400142119802,net_income_over_market_equity,0.5296496369811113,0.04035400142119802,True,True,A_raw_market_cap,
2916,"Semba Tohka Industries Co.,Ltd",Foods,8184808400.0,close_times_edinet_shares_outstanding,11858292000.0,702613000.0,,,1.4488172991318893,book_equity_over_market_equity,0.08584354888502949,net_income_over_market_equity,1.4488172991318893,0.08584354888502949,True,True,B_price_times_shares,
3001,"Katakura Industries Co.,Ltd.",Textiles and Apparels,77973172800.0,close_times_edinet_shares_outstanding,99761000000.0,5815000000.0,,,1.2794272237181554,book_equity_over_market_equity,0.07457693192651511,net_income_over_market_equity,1.2794272237181554,0.07457693192651511,True,True,B_price_times_shares,
4679,"TAYA Co.,Ltd.",Services,1422442100.0,close_times_edinet_shares_outstanding,3144769000.0,-62325000.0,,,2.2108239062946744,book_equity_over_market_equity,,missing,2.2108239062946744,,True,False,B_price_times_shares,net_income_nonpositive_or_missing
8130,Sangetsu Corporation,Wholesale Trade,169022807600.0,close_times_edinet_shares_outstanding,113781000000.0,12585000000.0,,,0.673169506622253,book_equity_over_market_equity,0.07445740713160418,net_income_over_market_equity,0.673169506622253,0.07445740713160418,True,True,B_price_times_shares,
2676,"TAKACHIHO KOHEKI CO.,LTD.",Wholesale Trade,38920898400.0,close_times_edinet_shares_outstanding,16834559000.0,1458106000.0,,,0.4325326416411806,book_equity_over_market_equity,0.03746331816431041,net_income_over_market_equity,0.4325326416411806,0.03746331816431041,True,True,B_price_times_shares,
3622,Netyear Group Corporation,Information & Communication,3527445600.0,close_times_edinet_shares_outstanding,2641732000.0,-33753000.0,,,0.748907934965744,book_equity_over_market_equity,,missing,0.748907934965744,,True,False,B_price_times_shares,net_income_nonpositive_or_missing
7419,"Nojima Co.,Ltd.",Retail Trade,144905624144.0,close_times_edinet_shares_outstanding,208307000000.0,32632000000.0,,,1.4375356459111268,book_equity_over_market_equity,0.22519484797616926,net_income_over_market_equity,1.4375356459111268,0.22519484797616926,True,True,B_price_times_shares,
5532,REALGATE INC.,Real Estate,21619006500.0,close_times_edinet_shares_outstanding,3351607000.0,559220000.0,,,0.1550305746011039,book_equity_over_market_equity,0.025867053603966492,net_income_over_market_equity,0.1550305746011039,0.025867053603966492,True,True,B_price_times_shares,
9929,"HEIWA PAPER CO.,LTD.",Wholesale Trade,4398721905.0,close_times_edinet_shares_outstanding,9916558000.0,153373000.0,,,2.254418036459161,book_equity_over_market_equity,0.03486762821392775,net_income_over_market_equity,2.254418036459161,0.03486762821392775,True,True,B_price_times_shares,
1897,"The Kaneshita Construction Co.,Ltd.",Construction,6978273900.0,close_times_edinet_shares_outstanding,19819000000.0,244000000.0,,,2.8401006157124327,book_equity_over_market_equity,0.03496566679619727,net_income_over_market_equity,2.8401006157124327,0.03496566679619727,True,True,B_price_times_shares,
1946,TOENEC CORPORATION,Construction,194351783100.0,close_times_edinet_shares_outstanding,136681000000.0,10765000000.0,,,0.7032659943730662,book_equity_over_market_equity,0.055389252561995145,net_income_over_market_equity,0.7032659943730662,0.055389252561995145,True,True,B_price_times_shares,
5367,NIKKATO CORPORATION,Glass and Ceramics Products,17000220170.0,close_times_edinet_shares_outstanding,13113360000.0,503567000.0,,,0.7713641275741195,book_equity_over_market_equity,0.029621204605845997,net_income_over_market_equity,0.7713641275741195,0.029621204605845997,True,True,B_price_times_shares,
9882,YELLOW HAT LTD.,Wholesale Trade,138581870632.0,close_times_edinet_shares_outstanding,120594000000.0,11261000000.0,,,0.8702004053635107,book_equity_over_market_equity,0.08125882518863703,net_income_over_market_equity,0.8702004053635107,0.08125882518863703,True,True,B_price_times_shares,
1726,Br.Holdings Corporation,Construction,23628656400.0,close_times_edinet_shares_outstanding,15067000000.0,1268000000.0,,,0.6376579245530016,book_equity_over_market_equity,0.05366365224219859,net_income_over_market_equity,0.6376579245530016,0.05366365224219859,True,True,B_price_times_shares,
5033,Nulab Inc.,Information & Communication,4603711710.0,close_times_edinet_shares_outstanding,1908259000.0,552682000.0,,,0.41450445210436515,book_equity_over_market_equity,0.12005139218415568,net_income_over_market_equity,0.41450445210436515,0.12005139218415568,True,True,B_price_times_shares,
8914,"Arealink Co.,Ltd.",Real Estate,47934576000.0,close_times_edinet_shares_outstanding,29228662000.0,3704733000.0,,,0.6097615633441714,book_equity_over_market_equity,0.07728728006272549,net_income_over_market_equity,0.6097615633441714,0.07728728006272549,True,True,B_price_times_shares,
1663,K&O Energy Group Inc.,Mining,109980767320.0,close_times_edinet_shares_outstanding,108888000000.0,9237000000.0,,,0.9900640144033503,book_equity_over_market_equity,0.08398741184560049,net_income_over_market_equity,0.9900640144033503,0.08398741184560049,True,True,B_price_times_shares,
6753,Sharp Corporation,Electric Appliances,408928967066.3778,close_times_edinet_shares_outstanding,-206573000000.0,-36722000000.0,,,,missing,,missing,,,False,False,B_price_times_shares,book_equity_nonpositive_or_missing;net_income_nonpositive_or_missing
8132,"SINANEN HOLDINGS CO.,LTD.",Wholesale Trade,81854797230.0,close_times_edinet_shares_outstanding,55230000000.0,3155000000.0,,,0.6747313764007231,book_equity_over_market_equity,0.03854386189651062,net_income_over_market_equity,0.6747313764007231,0.03854386189651062,True,True,B_price_times_shares,
3198,"SFP Holdings Co.,Ltd.",Retail Trade,51261568872.0,close_times_edinet_shares_outstanding,9181997000.0,1643862000.0,,,0.17912048347422652,book_equity_over_market_equity,0.032068117230370355,net_income_over_market_equity,0.17912048347422652,0.032068117230370355,True,True,B_price_times_shares,
7277,"TBK Co.,Ltd.",Transportation Equipment,9441502070.0,close_times_edinet_shares_outstanding,29112000000.0,-1204000000.0,,,3.083407680701806,book_equity_over_market_equity,,missing,3.083407680701806,,True,False,B_price_times_shares,net_income_nonpositive_or_missing
8917,"First Juken Co.,Ltd.",Real Estate,14108390400.0,close_times_edinet_shares_outstanding,42140579000.0,1511262000.0,,,2.986916140341566,book_equity_over_market_equity,0.10711796010408105,net_income_over_market_equity,2.986916140341566,0.10711796010408105,True,True,B_price_times_shares,
3439,Mitsuchi Corporation,Metal Products,3123767800.0,close_times_edinet_shares_outstanding,9647152000.0,-117318000.0,,,3.0883063715555297,book_equity_over_market_equity,,missing,3.0883063715555297,,True,False,B_price_times_shares,net_income_nonpositive_or_missing
4404,"Miyoshi Oil & Fat Co.,Ltd.",Foods,19305156220.0,close_times_edinet_shares_outstanding,42672000000.0,9691000000.0,,,2.210393923453058,book_equity_over_market_equity,0.5019902397868293,net_income_over_market_equity,2.210393923453058,0.4713793788347592,True,True,B_price_times_shares,
3565,Ascentech K.K.,Wholesale Trade,7130862000.0,close_times_edinet_shares_outstanding,6219982000.0,2059334000.0,,,0.8722622875046523,book_equity_over_market_equity,0.2887917337342947,net_income_over_market_equity,0.8722622875046523,0.2887917337342947,True,True,B_price_times_shares,
9956,"VALOR HOLDINGS CO.,LTD.",Retail Trade,172754972720.0,close_times_edinet_shares_outstanding,188043000000.0,14853000000.0,,,1.0884954397508355,book_equity_over_market_equity,0.08597726459702919,net_income_over_market_equity,1.0884954397508355,0.08597726459702919,True,True,B_price_times_shares,
5484,"Tohoku Steel Co.,Ltd.",Iron and Steel,33239405000.0,close_times_edinet_shares_outstanding,27920572000.0,1008124000.0,,,0.8399841092221717,book_equity_over_market_equity,0.030329183088566115,net_income_over_market_equity,0.8399841092221717,0.030329183088566115,True,True,B_price_times_shares,
3981,Beaglee Inc.,Information & Communication,6812242534.0,close_times_edinet_shares_outstanding,8063722000.0,683683000.0,,,1.1837103508505236,book_equity_over_market_equity,0.10036093057282215,net_income_over_market_equity,1.1837103508505236,0.10036093057282215,True,True,B_price_times_shares,
5451,"YODOKO,Ltd.",Iron and Steel,35331109200.0,close_times_edinet_shares_outstanding,215120000000.0,15028000000.0,,,6.088685152290662,book_equity_over_market_equity,0.42534752914012675,net_income_over_market_equity,4.561669803968577,0.42534752914012675,True,True,B_price_times_shares,
2122,"Interspace Co.,Ltd.",Services,7777079100.0,close_times_edinet_shares_outstanding,5654406000.0,206005000.0,,,0.7270603689758023,book_equity_over_market_equity,0.026488736626068262,net_income_over_market_equity,0.7270603689758023,0.026488736626068262,True,True,B_price_times_shares,
4771,"F&M CO.,LTD.",Services,37085048200.0,close_times_edinet_shares_outstanding,13811442000.0,1999851000.0,,,0.3724261574507,book_equity_over_market_equity,0.053926072556648316,net_income_over_market_equity,0.3724261574507,0.053926072556648316,True,True,B_price_times_shares,
2819,"EBARA Foods Industry,Inc.",Foods,22789297432.0,close_times_edinet_shares_outstanding,34217000000.0,1399000000.0,,,1.501450411189666,book_equity_over_market_equity,0.061388465536263925,net_income_over_market_equity,1.501450411189666,0.061388465536263925,True,True,B_price_times_shares,
5867,"ES NETWORKS CO.,LTD.",Services,3603378900.0,close_times_edinet_shares_outstanding,1825431000.0,225625000.0,,,0.5065886909644722,book_equity_over_market_equity,0.06261484186411814,net_income_over_market_equity,0.5065886909644722,0.06261484186411814,True,True,B_price_times_shares,
9339,"COACH A Co.,Ltd.",Services,2935370124.0,close_times_edinet_shares_outstanding,3178677000.0,98819000.0,,,1.0828879717793298,book_equity_over_market_equity,0.03366491986548542,net_income_over_market_equity,1.0828879717793298,0.03366491986548542,True,True,B_price_times_shares,
7630,"ICHIBANYA CO.,LTD.",Retail Trade,138377881800.0,close_times_edinet_shares_outstanding,32885000000.0,2754000000.0,,,0.23764636061946137,book_equity_over_market_equity,0.01990202454450347,net_income_over_market_equity,0.23764636061946137,0.01990202454450347,True,True,B_price_times_shares,
7857,"SEKI CO.,LTD.",Other Products,5431812000.0,close_times_edinet_shares_outstanding,15779705000.0,292696000.0,,,2.905053599056816,book_equity_over_market_equity,0.05388551739272272,net_income_over_market_equity,2.905053599056816,0.05388551739272272,True,True,B_price_times_shares,
5994,"FINE SINTER CO.,LTD.",Metal Products,4359585000.0,close_times_edinet_shares_outstanding,16993773000.0,-1176259000.0,,,3.898025385443798,book_equity_over_market_equity,,missing,3.898025385443798,,True,False,B_price_times_shares,net_income_nonpositive_or_missing
5949,UNIPRES CORPORATION,Transportation Equipment,56685624513.0,close_times_edinet_shares_outstanding,153522000000.0,-21053000000.0,,,2.708305700412492,book_equity_over_market_equity,,missing,2.708305700412492,,True,False,B_price_times_shares,net_income_nonpositive_or_missing
3392,"DELICA FOODS HOLDINGS CO.,LTD.",Wholesale Trade,13027533600.0,close_times_edinet_shares_outstanding,9030506000.0,542013000.0,,,0.6931861607326808,book_equity_over_market_equity,0.04160518918178035,net_income_over_market_equity,0.6931861607326808,0.04160518918178035,True,True,B_price_times_shares,
4493,"Cyber Security Cloud,Inc.",Information & Communication,18578978572.0,close_times_edinet_shares_outstanding,4421506000.0,821903000.0,,,0.23798434251189468,book_equity_over_market_equity,0.044238330800309617,net_income_over_market_equity,0.23798434251189468,0.044238330800309617,True,True,B_price_times_shares,
7482,"SHIMOJIMA Co.,Ltd.",Wholesale Trade,29399571234.0,close_times_edinet_shares_outstanding,40931000000.0,2090000000.0,,,1.392231188482917,book_equity_over_market_equity,0.07108947213430643,net_income_over_market_equity,1.392231188482917,0.07108947213430643,True,True,B_price_times_shares,
7986,"NIHON ISK Company,Limited",Other Products,2821824000.0,close_times_edinet_shares_outstanding,4708691000.0,429296000.0,,,1.6686692720736658,book_equity_over_market_equity,0.15213422240366514,net_income_over_market_equity,1.6686692720736658,0.15213422240366514,True,True,B_price_times_shares,
2353,"NIPPON PARKING DEVELOPMENT Co.,Ltd.",Real Estate,76695432000.0,close_times_edinet_shares_outstanding,22875363000.0,5550922000.0,,,0.29826239195054016,book_equity_over_market_equity,0.07237617489396239,net_income_over_market_equity,0.29826239195054016,0.07237617489396239,True,True,B_price_times_shares,
8904,"AVANTIA CO.,LTD.",Real Estate,11776920000.0,close_times_edinet_shares_outstanding,28022540000.0,1204585000.0,,,2.3794455596200024,book_equity_over_market_equity,0.10228353423475747,net_income_over_market_equity,2.3794455596200024,0.10228353423475747,True,True,B_price_times_shares,
7953,"KIKUSUI CHEMICAL INDUSTRIES CO.,LTD.",Other Products,4851328790.0,close_times_edinet_shares_outstanding,9667348000.0,200278000.0,,,1.9927216683246076,book_equity_over_market_equity,0.041283122350484924,net_income_over_market_equity,1.9927216683246076,0.041283122350484924,True,True,B_price_times_shares,
5905,NIHON SEIKAN K.K.,Metal Products,1787167200.0,close_times_edinet_shares_outstanding,5019990000.0,-335325000.0,,,2.8089089817673467,book_equity_over_market_equity,,missing,2.8089089817673467,,True,False,B_price_times_shares,net_income_nonpositive_or_missing
3484,"Innovation Holdings CO.,LTD.",Real Estate,17696359000.0,close_times_edinet_shares_outstanding,4240873000.0,1029126000.0,,,0.2396466414362412,book_equity_over_market_equity,0.058154674642393954,net_income_over_market_equity,0.2396466414362412,0.058154674642393954,True,True,B_price_times_shares,
9029,"HIGASHI HOLDINGS CO.,LTD.",Land Transportation,25687272000.0,close_times_edinet_shares_outstanding,13509874000.0,1805858000.0,,,0.5259365027162091,book_equity_over_market_equity,0.07030166535395428,net_income_over_market_equity,0.5259365027162091,0.07030166535395428,True,True,B_price_times_shares,
3551,DYNIC CORPORATION,Textiles and Apparels,11720271447.0,close_times_edinet_shares_outstanding,26593896000.0,1315457000.0,,,2.2690512007558623,book_equity_over_market_equity,0.11223775882227653,net_income_over_market_equity,2.2690512007558623,0.11223775882227653,True,True,B_price_times_shares,
7914,"Kyodo Printing Co.,Ltd.",Other Products,49901544000.0,close_times_edinet_shares_outstanding,62913000000.0,4497000000.0,,,1.2607425533767052,book_equity_over_market_equity,0.09011745207723432,net_income_over_market_equity,1.2607425533767052,0.09011745207723432,True,True,B_price_times_shares,
1380,"AKIKAWA FOODS & FARMS CO.,LTD.","Fishery, Agriculture and Forestry",4190046000.0,close_times_edinet_shares_outstanding,2186880000.0,37829000.0,,,0.5219226710160223,book_equity_over_market_equity,0.009028301837259067,net_income_over_market_equity,0.5219226710160223,0.009028301837259067,True,True,B_price_times_shares,
5284,"YAMAU HOLDINGS CO.,LTD.",Glass and Ceramics Products,13443223300.0,close_times_edinet_shares_outstanding,12372666000.0,2441337000.0,,,0.9203645378709138,book_equity_over_market_equity,0.18160354444160726,net_income_over_market_equity,0.9203645378709138,0.18160354444160726,True,True,B_price_times_shares,
9332,"NISSO HOLDINGS Co.,Ltd.",Services,18806876400.0,close_times_edinet_shares_outstanding,16795000000.0,1974000000.0,,,0.8930244258956261,book_equity_over_market_equity,0.10496160861672915,net_income_over_market_equity,0.8930244258956261,0.10496160861672915,True,True,B_price_times_shares,
4848,"FULLCAST HOLDINGS CO.,LTD.",Services,52766309439.0,close_times_edinet_shares_outstanding,32654000000.0,8189000000.0,,,0.6188418395595651,book_equity_over_market_equity,0.15519372279516377,net_income_over_market_equity,0.6188418395595651,0.15519372279516377,True,True,B_price_times_shares,
2769,"Village Vanguard CO.,LTD.",Retail Trade,6391067000.0,close_times_edinet_shares_outstanding,-4249000000.0,-4247000000.0,,,,missing,,missing,,,False,False,B_price_times_shares,book_equity_nonpositive_or_missing;net_income_nonpositive_or_missing
5599,S&J Corporation,Information & Communication,4764573000.0,close_times_edinet_shares_outstanding,2003866000.0,309111000.0,,,0.42057619853867284,book_equity_over_market_equity,0.06487695749440715,net_income_over_market_equity,0.42057619853867284,0.06487695749440715,True,True,B_price_times_shares,
3930,"Hatena Co.,Ltd.",Information & Communication,2741416000.0,close_times_edinet_shares_outstanding,2816196000.0,230882000.0,,,1.0272778739162536,book_equity_over_market_equity,0.08421997974769244,net_income_over_market_equity,1.0272778739162536,0.08421997974769244,True,True,B_price_times_shares,
2003,"NITTO FUJI FLOUR MILLING CO.,LTD.",Foods,15435655776.0,close_times_edinet_shares_outstanding,49426000000.0,3564000000.0,,,3.20206674191644,book_equity_over_market_equity,0.230893980257156,net_income_over_market_equity,3.20206674191644,0.230893980257156,True,True,B_price_times_shares,
4384,RAKSUL INC.,Information & Communication,109505486790.0,close_times_edinet_shares_outstanding,18551000000.0,2854000000.0,,,0.16940703652206468,book_equity_over_market_equity,0.026062621003394564,net_income_over_market_equity,0.16940703652206468,0.026062621003394564,True,True,B_price_times_shares,
9991,GECOSS CORPORATION,Wholesale Trade,50150215864.0,close_times_edinet_shares_outstanding,66287000000.0,4908000000.0,,,1.3217689865934092,book_equity_over_market_equity,0.09786597954652425,net_income_over_market_equity,1.3217689865934092,0.09786597954652425,True,True,B_price_times_shares,
2475,"WDB HOLDINGS CO.,LTD.",Services,35703702000.0,close_times_edinet_shares_outstanding,33241048000.0,3350340000.0,,,0.931025247746018,book_equity_over_market_equity,0.0938373281291671,net_income_over_market_equity,0.931025247746018,0.0938373281291671,True,True,B_price_times_shares,
4840,TriIs Incorporated,Services,6626275200.0,close_times_edinet_shares_outstanding,4681645000.0,-694235000.0,,,0.7065274016992231,book_equity_over_market_equity,,missing,0.7065274016992231,,True,False,B_price_times_shares,net_income_nonpositive_or_missing
4347,Broadmedia Corporation,Services,13003672500.0,close_times_edinet_shares_outstanding,5780993000.0,693014000.0,,,0.4445661792851212,book_equity_over_market_equity,0.053293713756632985,net_income_over_market_equity,0.4445661792851212,0.053293713756632985,True,True,B_price_times_shares,
9119,"IINO KAIUN KAISHA,LTD.",Marine Transportation,159974287200.0,close_times_edinet_shares_outstanding,145645000000.0,18652000000.0,,,0.9104275602610717,book_equity_over_market_equity,0.11659373719653617,net_income_over_market_equity,0.9104275602610717,0.11659373719653617,True,True,B_price_times_shares,
7539,"AINAVO HOLDINGS Co.,Ltd.",Wholesale Trade,17284191360.0,close_times_edinet_shares_outstanding,26298928000.0,1679268000.0,,,1.5215596409596799,book_equity_over_market_equity,0.097156295311926,net_income_over_market_equity,1.5215596409596799,0.097156295311926,True,True,B_price_times_shares,
1942,"KANDENKO CO.,LTD.",Construction,1211397832704.0,raw_market_cap,380949000000.0,43732000000.0,3.1040063,24.119349,0.3144705972848503,book_equity_over_market_equity,0.036100444312653586,net_income_over_market_equity,0.3144705972848503,0.036100444312653586,True,True,A_raw_market_cap,
9059,"Kanda Holdings Co.,Ltd.",Land Transportation,18683227840.0,close_times_edinet_shares_outstanding,25766000000.0,2206000000.0,,,1.3790978850472553,book_equity_over_market_equity,0.11807381566460627,net_income_over_market_equity,1.3790978850472553,0.11807381566460627,True,True,B_price_times_shares,
6444,SANDEN CORPORATION,Machinery,17819577267.0,close_times_edinet_shares_outstanding,-28144000000.0,-972000000.0,,,,missing,,missing,,,False,False,B_price_times_shares,book_equity_nonpositive_or_missing;net_income_nonpositive_or_missing
7673,"DAIKO TSUSAN CO.,LTD.",Wholesale Trade,8761428940.0,close_times_edinet_shares_outstanding,8411982000.0,816342000.0,,,0.9601153028355213,book_equity_over_market_equity,0.0931745273049033,net_income_over_market_equity,0.9601153028355213,0.0931745273049033,True,True,B_price_times_shares,
3665,Enigmo Inc.,Information & Communication,14044100400.0,close_times_edinet_shares_outstanding,12591627000.0,707043000.0,,,0.8965776832526774,book_equity_over_market_equity,0.05034448486283963,net_income_over_market_equity,0.8965776832526774,0.05034448486283963,True,True,B_price_times_shares,
7110,Kurashicom Inc.,Retail Trade,14814504000.0,close_times_edinet_shares_outstanding,5366166000.0,763198000.0,,,0.36222380445541746,book_equity_over_market_equity,0.05151694582552342,net_income_over_market_equity,0.36222380445541746,0.05151694582552342,True,True,B_price_times_shares,
7438,KONDOTEC INC.,Wholesale Trade,36184967000.0,close_times_edinet_shares_outstanding,38350000000.0,3275000000.0,,,1.0598323884059366,book_equity_over_market_equity,0.090507198749138,net_income_over_market_equity,1.0598323884059366,0.090507198749138,True,True,B_price_times_shares,
9960,TOTECH CORPORATION,Wholesale Trade,148952832000.0,close_times_edinet_shares_outstanding,61229000000.0,11194000000.0,,,0.4110630135585472,book_equity_over_market_equity,0.0751513069587022,net_income_over_market_equity,0.4110630135585472,0.0751513069587022,True,True,B_price_times_shares,
8125,"Wakita & Co.,LTD.",Wholesale Trade,82126756656.0,close_times_edinet_shares_outstanding,103175000000.0,3548000000.0,,,1.2562897184916684,book_equity_over_market_equity,0.04320151123051553,net_income_over_market_equity,1.2562897184916684,0.04320151123051553,True,True,B_price_times_shares,
7458,"DAIICHIKOSHO CO.,LTD.",Wholesale Trade,169688349600.0,close_times_edinet_shares_outstanding,117862000000.0,18217000000.0,,,0.6945792111116154,book_equity_over_market_equity,0.10735563191546298,net_income_over_market_equity,0.6945792111116154,0.10735563191546298,True,True,B_price_times_shares,
4428,sinops Inc.,Information & Communication,3922425200.0,close_times_edinet_shares_outstanding,1898768000.0,217039000.0,,,0.484080104319134,book_equity_over_market_equity,0.05533285886496956,net_income_over_market_equity,0.484080104319134,0.05533285886496956,True,True,B_price_times_shares,
2206,"Ezaki Glico Co.,Ltd.",Foods,341734765592.0,close_times_edinet_shares_outstanding,278532000000.0,5085000000.0,,,0.8150531583097451,book_equity_over_market_equity,0.014879961045786674,net_income_over_market_equity,0.8150531583097451,0.014879961045786674,True,True,B_price_times_shares,
3946,"TOMOKU CO.,LTD.",Pulp and Paper,63092906800.0,close_times_edinet_shares_outstanding,93371000000.0,6576000000.0,,,1.4798969446118466,book_equity_over_market_equity,0.10422724730127667,net_income_over_market_equity,1.4798969446118466,0.10422724730127667,True,True,B_price_times_shares,
9012,"Chichibu Railway Co.,Ltd.",Land Transportation,3192124600.0,close_times_edinet_shares_outstanding,7017686000.0,115730000.0,,,2.1984373667619366,book_equity_over_market_equity,0.03625485045289272,net_income_over_market_equity,2.1984373667619366,0.03625485045289272,True,True,B_price_times_shares,
1333,Umios Corporation,"Fishery, Agriculture and Forestry",63594946114.5,close_times_edinet_shares_outstanding,275396000000.0,29825000000.0,,,4.33046990092831,book_equity_over_market_equity,0.46898380802621253,net_income_over_market_equity,4.33046990092831,0.46898380802621253,True,True,B_price_times_shares,
7634,"HOSHIIRYO-SANKI CO.,LTD.",Wholesale Trade,15148490000.0,close_times_edinet_shares_outstanding,18715939000.0,2225774000.0,,,1.23549865366119,book_equity_over_market_equity,0.1469304201276827,net_income_over_market_equity,1.23549865366119,0.1469304201276827,True,True,B_price_times_shares,
4360,"MANAC Chemical Partners Co.,Ltd",Chemicals,6119426000.0,close_times_edinet_shares_outstanding,11821000000.0,-895000000.0,,,1.93171712510291,book_equity_over_market_equity,,missing,1.93171712510291,,True,False,B_price_times_shares,net_income_nonpositive_or_missing
3159,"Maruzen CHI Holdings Co.,Ltd.",Retail Trade,32945979060.0,close_times_edinet_shares_outstanding,54630000000.0,3360000000.0,,,1.6581689650354559,book_equity_over_market_equity,0.10198513129268043,net_income_over_market_equity,1.6581689650354559,0.10198513129268043,True,True,B_price_times_shares,
9006,Keikyu Corporation,Land Transportation,407211068913.0,close_times_edinet_shares_outstanding,372587000000.0,24441000000.0,,,0.9149726725125015,book_equity_over_market_equity,0.06002047062532522,net_income_over_market_equity,0.9149726725125015,0.06002047062532522,True,True,B_price_times_shares,
7643,"DAIICHI CO.,LTD.",Retail Trade,19049370240.0,close_times_edinet_shares_outstanding,17214101000.0,979425000.0,,,0.9036572224237477,book_equity_over_market_equity,0.05141508552043346,net_income_over_market_equity,0.9036572224237477,0.05141508552043346,True,True,B_price_times_shares,
7487,OZU CORPORATION,Wholesale Trade,14342555250.0,close_times_edinet_shares_outstanding,19219350000.0,428213000.0,,,1.3400227271217937,book_equity_over_market_equity,0.029856116468507242,net_income_over_market_equity,1.3400227271217937,0.029856116468507242,True,True,B_price_times_shares,
3992,Needs Well Inc.,Information & Communication,15528422000.0,close_times_edinet_shares_outstanding,4786044000.0,887846000.0,,,0.30821187110963366,book_equity_over_market_equity,0.057175545589886724,net_income_over_market_equity,0.30821187110963366,0.057175545589886724,True,True,B_price_times_shares,
8163,"SRS HOLDINGS CO.,LTD.",Retail Trade,47731836484.0,close_times_edinet_shares_outstanding,17021684000.0,1025941000.0,,,0.35661070794344507,book_equity_over_market_equity,0.02149385139086156,net_income_over_market_equity,0.35661070794344507,0.02149385139086156,True,True,B_price_times_shares,
4343,"AEON Fantasy Co.,LTD.",Services,50502999225.0,close_times_edinet_shares_outstanding,10441193000.0,2790686000.0,,,0.2067440183796332,book_equity_over_market_equity,0.055257827115712255,net_income_over_market_equity,0.2067440183796332,0.055257827115712255,True,True,B_price_times_shares,
2602,"The Nisshin OilliO Group,Ltd.",Foods,56517946923.0,close_times_edinet_shares_outstanding,198086000000.0,14134000000.0,,,3.5048336109921365,book_equity_over_market_equity,0.25007985550600675,net_income_over_market_equity,3.5048336109921365,0.25007985550600675,True,True,B_price_times_shares,
8098,"Inabata & Co.,Ltd.",Wholesale Trade,206805689195.0,close_times_edinet_shares_outstanding,216555000000.0,20945000000.0,,,1.0471423723542115,book_equity_over_market_equity,0.10127864509689898,net_income_over_market_equity,1.0471423723542115,0.10127864509689898,True,True,B_price_times_shares,
7231,"TOPY INDUSTRIES,LIMITED",Transportation Equipment,60116984910.0,close_times_edinet_shares_outstanding,136713000000.0,6508000000.0,,,2.2741160456511658,book_equity_over_market_equity,0.1082555954817595,net_income_over_market_equity,2.2741160456511658,0.1082555954817595,True,True,B_price_times_shares,
3386,"COSMO BIO COMPANY,LIMITED",Wholesale Trade,6933628000.0,close_times_edinet_shares_outstanding,9955000000.0,362000000.0,,,1.4357562880500656,book_equity_over_market_equity,0.05220931956545693,net_income_over_market_equity,1.4357562880500656,0.05220931956545693,True,True,B_price_times_shares,
9368,"KIMURA UNITY CO.,LTD.",Warehousing and Harbor Transportation Service,37605699200.0,close_times_edinet_shares_outstanding,41171000000.0,3581000000.0,,,1.0948074593970054,book_equity_over_market_equity,0.09522492803431241,net_income_over_market_equity,1.0948074593970054,0.09522492803431241,True,True,B_price_times_shares,
3765,"GungHo Online Entertainment,Inc.",Information & Communication,125260651880.0,close_times_edinet_shares_outstanding,152249000000.0,4291000000.0,,,1.2154575097202505,book_equity_over_market_equity,0.03425656768983438,net_income_over_market_equity,1.2154575097202505,0.03425656768983438,True,True,B_price_times_shares,
7685,"BuySell Technologies Co.,Ltd.",Wholesale Trade,125424111600.0,close_times_edinet_shares_outstanding,21429526000.0,5270087000.0,,,0.17085651017678805,book_equity_over_market_equity,0.04201813297914561,net_income_over_market_equity,0.17085651017678805,0.04201813297914561,True,True,B_price_times_shares,
2683,"UOKI CO.,LTD.",Retail Trade,2523793512.0,close_times_edinet_shares_outstanding,903049000.0,47710000.0,,,0.35781413800543915,book_equity_over_market_equity,0.018904082197355294,net_income_over_market_equity,0.35781413800543915,0.018904082197355294,True,True,B_price_times_shares,
2175,"SMS CO.,LTD.",Services,171794175000.0,close_times_edinet_shares_outstanding,49742000000.0,6551000000.0,,,0.2895441594570945,book_equity_over_market_equity,0.03813284123282992,net_income_over_market_equity,0.2895441594570945,0.03813284123282992,True,True,B_price_times_shares,
7928,"ASAHI KAGAKU KOGYO CO.,LTD.",Chemicals,1882935600.0,close_times_edinet_shares_outstanding,5290968000.0,-49945000.0,,,2.8099569629465817,book_equity_over_market_equity,,missing,2.8099569629465817,,True,False,B_price_times_shares,net_income_nonpositive_or_missing
8005,Scroll Corporation,Retail Trade,56770348000.0,close_times_edinet_shares_outstanding,37694000000.0,2768000000.0,,,0.6639733827243758,book_equity_over_market_equity,0.04875784802305598,net_income_over_market_equity,0.6639733827243758,0.04875784802305598,True,True,B_price_times_shares,
7846,PILOT CORPORATION,Other Products,182782863000.0,close_times_edinet_shares_outstanding,146079000000.0,12141000000.0,,,0.79919417828574,book_equity_over_market_equity,0.06642307599700963,net_income_over_market_equity,0.79919417828574,0.06642307599700963,True,True,B_price_times_shares,
5137,SmartDrive inc.,Information & Communication,7911824800.0,close_times_edinet_shares_outstanding,1173488000.0,471747000.0,,,0.14832077676947547,book_equity_over_market_equity,0.059625561981605055,net_income_over_market_equity,0.14832077676947547,0.059625561981605055,True,True,B_price_times_shares,
9076,"SEINO HOLDINGS CO.,LTD.",Land Transportation,413749010304.0,close_times_edinet_shares_outstanding,423571000000.0,48824000000.0,,,1.0237390046897836,book_equity_over_market_equity,0.11800390764470182,net_income_over_market_equity,1.0237390046897836,0.11800390764470182,True,True,B_price_times_shares,
9341,"GENOVA,Inc.",Services,9745304800.0,close_times_edinet_shares_outstanding,6998656000.0,1429907000.0,,,0.7181567066019321,book_equity_over_market_equity,0.14672778628740274,net_income_over_market_equity,0.7181567066019321,0.14672778628740274,True,True,B_price_times_shares,
3547,UNISIA HOLDINGS CO.,Retail Trade,17685107166.0,close_times_edinet_shares_outstanding,4542733000.0,1219624000.0,,,0.2568677111967691,book_equity_over_market_equity,0.06896333669635621,net_income_over_market_equity,0.2568677111967691,0.06896333669635621,True,True,B_price_times_shares,
4763,"CREEK & RIVER Co.,Ltd.",Services,27310866000.0,close_times_edinet_shares_outstanding,19395900000.0,4160265000.0,,,0.7101898563011514,book_equity_over_market_equity,0.15233002864134737,net_income_over_market_equity,0.7101898563011514,0.15233002864134737,True,True,B_price_times_shares,
3202,"Daitobo Co.,Ltd.",Textiles and Apparels,4495515000.0,close_times_edinet_shares_outstanding,5043946000.0,55973000.0,,,1.1219951440491245,book_equity_over_market_equity,0.012450853795393853,net_income_over_market_equity,1.1219951440491245,0.012450853795393853,True,True,B_price_times_shares,
8030,"Chuo Gyorui Co.,Ltd.",Wholesale Trade,13960078500.0,close_times_edinet_shares_outstanding,33811000000.0,3047000000.0,,,2.421977784723775,book_equity_over_market_equity,0.21826524829355365,net_income_over_market_equity,2.421977784723775,0.21826524829355365,True,True,B_price_times_shares,
3950,THE PACK CORPORATION,Pulp and Paper,69257788600.0,close_times_edinet_shares_outstanding,76997000000.0,6024000000.0,,,1.1117449972983977,book_equity_over_market_equity,0.0869793870374891,net_income_over_market_equity,1.1117449972983977,0.0869793870374891,True,True,B_price_times_shares,
1929,"NITTOC CONSTRUCTION CO.,LTD.",Construction,45965720565.0,close_times_edinet_shares_outstanding,34567000000.0,2453000000.0,,,0.7520169285961459,book_equity_over_market_equity,0.0533658554646439,net_income_over_market_equity,0.7520169285961459,0.0533658554646439,True,True,B_price_times_shares,
3776,"BroadBand Tower,Inc.",Information & Communication,16347828000.0,close_times_edinet_shares_outstanding,12069404000.0,300208000.0,,,0.7382879242429025,book_equity_over_market_equity,0.018363785085088978,net_income_over_market_equity,0.7382879242429025,0.018363785085088978,True,True,B_price_times_shares,
4392,"Future Innovation Group,Inc.",Information & Communication,61204156416.0,raw_market_cap,8863000000.0,786000000.0,9.9600115,79.112686,0.14481042659519497,book_equity_over_market_equity,0.012842265068692684,net_income_over_market_equity,0.14481042659519497,0.012842265068692684,True,True,A_raw_market_cap,
1930,"HOKURIKU ELECTRICAL CONSTRUCTION CO.,LTD.",Construction,45532276593.0,close_times_edinet_shares_outstanding,44053000000.0,3280000000.0,,,0.9675114730980217,book_equity_over_market_equity,0.07203681092687243,net_income_over_market_equity,0.9675114730980217,0.07203681092687243,True,True,B_price_times_shares,
1833,OKUMURA CORPORATION,Construction,204025083340.0,close_times_edinet_shares_outstanding,172455000000.0,6956000000.0,,,0.84526371550409,book_equity_over_market_equity,0.03409384711980777,net_income_over_market_equity,0.84526371550409,0.03409384711980777,True,True,B_price_times_shares,
9065,SANKYU INC.,Land Transportation,467830023528.0,close_times_edinet_shares_outstanding,297063000000.0,31154000000.0,,,0.6349806234319644,book_equity_over_market_equity,0.06659256232650791,net_income_over_market_equity,0.6349806234319644,0.06659256232650791,True,True,B_price_times_shares,
2792,"HONEYS HOLDINGS CO.,LTD.",Retail Trade,37658854800.0,close_times_edinet_shares_outstanding,45980988000.0,4250536000.0,,,1.2209874209982614,book_equity_over_market_equity,0.11286949702995216,net_income_over_market_equity,1.2209874209982614,0.11286949702995216,True,True,B_price_times_shares,
1762,"TAKAMATSU CONSTRUCTION GROUP CO.,LTD.",Construction,120124094100.0,close_times_edinet_shares_outstanding,137756000000.0,6463000000.0,,,1.146780760613453,book_equity_over_market_equity,0.053802695024860965,net_income_over_market_equity,1.146780760613453,0.053802695024860965,True,True,B_price_times_shares,
1893,"PENTA-OCEAN CONSTRUCTION CO.,LTD.",Construction,461920993280.0,raw_market_cap,172121000000.0,12467000000.0,2.3298643,13.471647,0.37261999888293973,book_equity_over_market_equity,0.026989463958921975,net_income_over_market_equity,0.37261999888293973,0.026989463958921975,True,True,A_raw_market_cap,
4673,"Kawasaki Geological Engineering Co.,Ltd.",Services,4071052200.0,close_times_edinet_shares_outstanding,5248286000.0,620503000.0,,,1.2891718755166048,book_equity_over_market_equity,0.1524183354858481,net_income_over_market_equity,1.2891718755166048,0.1524183354858481,True,True,B_price_times_shares,
1963,JGC HOLDINGS CORPORATION,Construction,636671950848.0,raw_market_cap,392260000000.0,-1055000000.0,1.4826459,15.217642,0.6161100696795873,book_equity_over_market_equity,,missing,0.6161100696795873,,True,False,A_raw_market_cap,net_income_nonpositive_or_missing
4228,"Sekisui Kasei Co.,Ltd.",Chemicals,24996459950.0,close_times_edinet_shares_outstanding,49670000000.0,-8405000000.0,,,1.98708137469682,book_equity_over_market_equity,,missing,1.98708137469682,,True,False,B_price_times_shares,net_income_nonpositive_or_missing
3317,"FLYING GARDEN CO.,LTD.",Retail Trade,1972790820.0,close_times_edinet_shares_outstanding,3259148000.0,352141000.0,,,1.6520494555018257,book_equity_over_market_equity,0.1784989044099465,net_income_over_market_equity,1.6520494555018257,0.1784989044099465,True,True,B_price_times_shares,
2294,"Kakiyasu Honten Co.,Ltd.",Foods,24155968200.0,close_times_edinet_shares_outstanding,18530000000.0,707000000.0,,,0.7670982113645936,book_equity_over_market_equity,0.02926812927332799,net_income_over_market_equity,0.7670982113645936,0.02926812927332799,True,True,B_price_times_shares,
8084,RYODEN CORPORATION,Wholesale Trade,80777698935.0,close_times_edinet_shares_outstanding,89213000000.0,4703000000.0,,,1.1044261123579133,book_equity_over_market_equity,0.05822151487360885,net_income_over_market_equity,1.1044261123579133,0.05822151487360885,True,True,B_price_times_shares,
8085,"NARASAKI SANGYO CO.,LTD.",Wholesale Trade,20383600000.0,close_times_edinet_shares_outstanding,26700000000.0,2281000000.0,,,1.3098765674365667,book_equity_over_market_equity,0.11190368727800781,net_income_over_market_equity,1.3098765674365667,0.11190368727800781,True,True,B_price_times_shares,
8218,"KOMERI CO.,LTD.",Retail Trade,163454084720.0,close_times_edinet_shares_outstanding,246316000000.0,13719000000.0,,,1.5069430685806602,book_equity_over_market_equity,0.08393182723760567,net_income_over_market_equity,1.5069430685806602,0.08393182723760567,True,True,B_price_times_shares,
1787,"Nakabohtec Corrosion Protecting Co.,Ltd.",Construction,13187744000.0,close_times_edinet_shares_outstanding,8730632000.0,1047212000.0,,,0.6620261964442137,book_equity_over_market_equity,0.07940797152265013,net_income_over_market_equity,0.6620261964442137,0.07940797152265013,True,True,B_price_times_shares,
1852,ASANUMA CORPORATION,Construction,63761473790.0,close_times_edinet_shares_outstanding,46138000000.0,4773000000.0,,,0.7236030985098721,book_equity_over_market_equity,0.07485711537534397,net_income_over_market_equity,0.7236030985098721,0.07485711537534397,True,True,B_price_times_shares,
4055,T&S Group Inc.,Information & Communication,15469147200.0,close_times_edinet_shares_outstanding,2913059000.0,509237000.0,,,0.18831413020622106,book_equity_over_market_equity,0.03291952642353807,net_income_over_market_equity,0.18831413020622106,0.03291952642353807,True,True,B_price_times_shares,
7872,"ESTELLE HOLDINGS CO.,LTD.",Other Products,6202752816.0,close_times_edinet_shares_outstanding,12238000000.0,-421000000.0,,,1.9729949528912518,book_equity_over_market_equity,,missing,1.9729949528912518,,True,False,B_price_times_shares,net_income_nonpositive_or_missing
2924,"Ifuji Sangyo Co.,Ltd.",Foods,17248680400.0,close_times_edinet_shares_outstanding,11161000000.0,2102000000.0,,,0.6470639922112534,book_equity_over_market_equity,0.12186439491336393,net_income_over_market_equity,0.6470639922112534,0.12186439491336393,True,True,B_price_times_shares,
2053,"CHUBU SHIRYO CO.,LTD.",Foods,50507281664.0,close_times_edinet_shares_outstanding,67517000000.0,3503000000.0,,,1.3367775452489654,book_equity_over_market_equity,0.06935633604880438,net_income_over_market_equity,1.3367775452489654,0.06935633604880438,True,True,B_price_times_shares,
3020,"Applied Co.,Ltd.",Retail Trade,11352600000.0,close_times_edinet_shares_outstanding,11953000000.0,1780000000.0,,,1.0528865634304037,book_equity_over_market_equity,0.15679227665909132,net_income_over_market_equity,1.0528865634304037,0.15679227665909132,True,True,B_price_times_shares,
9509,"Hokkaido Electric Power Company,Incorporated",Electric Power and Gas,186161341626.02023,close_times_edinet_shares_outstanding,407336000000.0,65194000000.0,,,2.1880804921265438,book_equity_over_market_equity,0.35020160163525416,net_income_over_market_equity,2.1880804921265438,0.35020160163525416,True,True,B_price_times_shares,
3391,TSURUHA HOLDINGS INC.,Retail Trade,881590468608.0,raw_market_cap,895706000000.0,45356000000.0,1.006481,13.502637,1.0160114382977483,book_equity_over_market_equity,0.05144792464874934,net_income_over_market_equity,1.0160114382977483,0.05144792464874934,True,True,A_raw_market_cap,
8066,MITANI CORPORATION,Wholesale Trade,215029651900.0,close_times_edinet_shares_outstanding,192161000000.0,21599000000.0,,,0.8936488447154483,book_equity_over_market_equity,0.10044661194003449,net_income_over_market_equity,0.8936488447154483,0.10044661194003449,True,True,B_price_times_shares,
9110,"NS United Kaiun Kaisha,Ltd.",Marine Transportation,181220071510.0,close_times_edinet_shares_outstanding,162738000000.0,18621000000.0,,,0.8980131099386519,book_equity_over_market_equity,0.10275351866292838,net_income_over_market_equity,0.8980131099386519,0.10275351866292838,True,True,B_price_times_shares,
4449,giftee Inc.,Information & Communication,34453495414.0,close_times_edinet_shares_outstanding,10082000000.0,1481000000.0,,,0.29262633236055435,book_equity_over_market_equity,0.04298547889565374,net_income_over_market_equity,0.29262633236055435,0.04298547889565374,True,True,B_price_times_shares,
9360,SUZUYO SHINWART CORPORATION,Information & Communication,8298865000.0,close_times_edinet_shares_outstanding,4510000000.0,1106000000.0,,,0.5434478088268697,book_equity_over_market_equity,0.13327123648836317,net_income_over_market_equity,0.5434478088268697,0.13327123648836317,True,True,B_price_times_shares,
9069,"SENKO Group Holdings Co.,Ltd.",Land Transportation,331538295044.0,close_times_edinet_shares_outstanding,243216000000.0,20563000000.0,,,0.7335985122554897,book_equity_over_market_equity,0.06202300098476102,net_income_over_market_equity,0.7335985122554897,0.06202300098476102,True,True,B_price_times_shares,
3399,Maruchiyo Yamaokaya Corporation,Retail Trade,61949023000.0,close_times_edinet_shares_outstanding,10129840000.0,3688198000.0,,,0.1635189630028548,book_equity_over_market_equity,0.05953601560431389,net_income_over_market_equity,0.1635189630028548,0.05953601560431389,True,True,B_price_times_shares,
3302,"TEIKOKU SEN-I Co.,Ltd.",Textiles and Apparels,87778542500.0,close_times_edinet_shares_outstanding,72388598000.0,3742171000.0,,,0.824673045807294,book_equity_over_market_equity,0.04263195643741749,net_income_over_market_equity,0.824673045807294,0.04263195643741749,True,True,B_price_times_shares,
3148,"CREATE SD HOLDINGS CO.,LTD.",Retail Trade,208019541240.0,close_times_edinet_shares_outstanding,142720000000.0,15685000000.0,,,0.6860893892431892,book_equity_over_market_equity,0.07540156999915515,net_income_over_market_equity,0.6860893892431892,0.07540156999915515,True,True,B_price_times_shares,
9424,Japan Communications Inc.,Information & Communication,19079504985.0,close_times_edinet_shares_outstanding,3913314000.0,902826000.0,,,0.20510563576343224,book_equity_over_market_equity,0.047319152185016713,net_income_over_market_equity,0.20510563576343224,0.047319152185016713,True,True,B_price_times_shares,
1418,"INTERLIFE HOLDINGS CO.,LTD.",Construction,8113110719.0,close_times_edinet_shares_outstanding,4676056000.0,828031000.0,,,0.5763579669939914,book_equity_over_market_equity,0.10206085294273673,net_income_over_market_equity,0.5763579669939914,0.10206085294273673,True,True,B_price_times_shares,
7084,Smile Holdings Inc.,Services,7423546400.0,close_times_edinet_shares_outstanding,6497494000.0,206720000.0,,,0.8752547165327882,book_equity_over_market_equity,0.02784652898512226,net_income_over_market_equity,0.8752547165327882,0.02784652898512226,True,True,B_price_times_shares,
3668,"COLOPL,Inc.",Information & Communication,49582421434.0,close_times_edinet_shares_outstanding,68940000000.0,-662000000.0,,,1.3904121260347722,book_equity_over_market_equity,,missing,1.3904121260347722,,True,False,B_price_times_shares,net_income_nonpositive_or_missing
9418,"U-NEXT HOLDINGS Co.,Ltd.",Information & Communication,283188644810.0,close_times_edinet_shares_outstanding,108708000000.0,19366000000.0,,,0.38387132391178874,book_equity_over_market_equity,0.06838551034768095,net_income_over_market_equity,0.38387132391178874,0.06838551034768095,True,True,B_price_times_shares,
9913,NIPPO LTD.,Wholesale Trade,31786354620.0,close_times_edinet_shares_outstanding,16530000000.0,1447000000.0,,,0.5200344675447405,book_equity_over_market_equity,0.04552267843540468,net_income_over_market_equity,0.5200344675447405,0.04552267843540468,True,True,B_price_times_shares,
6092,"EnBio Holdings,Inc",Services,6334356400.0,close_times_edinet_shares_outstanding,9230526000.0,452689000.0,,,1.457216079600447,book_equity_over_market_equity,0.07146566618828079,net_income_over_market_equity,1.457216079600447,0.07146566618828079,True,True,B_price_times_shares,
3106,KURABO INDUSTRIES LTD.,Textiles and Apparels,169844892000.0,close_times_edinet_shares_outstanding,121182000000.0,9058000000.0,,,0.7134862789986054,book_equity_over_market_equity,0.05333101215666822,net_income_over_market_equity,0.7134862789986054,0.05333101215666822,True,True,B_price_times_shares,
1904,"TAISEI ONCHO CO.,LTD.",Construction,30717641610.0,close_times_edinet_shares_outstanding,27628955000.0,2487400000.0,,,0.8994490967368246,book_equity_over_market_equity,0.08097626867260009,net_income_over_market_equity,0.8994490967368246,0.08097626867260009,True,True,B_price_times_shares,
9763,"Maruken Lease Co.,Ltd.",Wholesale Trade,3870986800.0,close_times_edinet_shares_outstanding,17469000000.0,1262000000.0,,,4.512802781967637,book_equity_over_market_equity,0.3260150615858468,net_income_over_market_equity,4.512802781967637,0.3260150615858468,True,True,B_price_times_shares,
9218,"Mental Health Technologies Co.,Ltd.",Services,7281768100.0,close_times_edinet_shares_outstanding,1566553000.0,433822000.0,,,0.21513360196131487,book_equity_over_market_equity,0.05957646467758291,net_income_over_market_equity,0.21513360196131487,0.05957646467758291,True,True,B_price_times_shares,
7361,"Human Creation Holdings,Inc.",Services,3588112000.0,close_times_edinet_shares_outstanding,1718363000.0,398482000.0,,,0.4789045046531435,book_equity_over_market_equity,0.11105617661879005,net_income_over_market_equity,0.4789045046531435,0.11105617661879005,True,True,B_price_times_shares,
1786,Oriental Shiraishi Corporation,Construction,42117602700.0,close_times_edinet_shares_outstanding,51268000000.0,3839000000.0,,,1.217258265271589,book_equity_over_market_equity,0.09114953734059512,net_income_over_market_equity,1.217258265271589,0.09114953734059512,True,True,B_price_times_shares,
1812,KAJIMA CORPORATION,Construction,2622327619584.0,raw_market_cap,1277988000000.0,126454000000.0,1.8532178,14.817545,0.48734871663470375,book_equity_over_market_equity,0.04822204481835888,net_income_over_market_equity,0.48734871663470375,0.04822204481835888,True,True,A_raw_market_cap,
9081,"Kanagawa Chuo Kotsu Co.,Ltd.",Land Transportation,40494960000.0,close_times_edinet_shares_outstanding,63402000000.0,5625000000.0,,,1.5656763212014533,book_equity_over_market_equity,0.13890617499066552,net_income_over_market_equity,1.5656763212014533,0.13890617499066552,True,True,B_price_times_shares,
2815,"ARIAKE JAPAN Co.,Ltd.",Foods,171345914540.0,close_times_edinet_shares_outstanding,128383495000.0,8325784000.0,,,0.7492649903247586,book_equity_over_market_equity,0.048590501981629564,net_income_over_market_equity,0.7492649903247586,0.048590501981629564,True,True,B_price_times_shares,
8227,"SHIMAMURA Co.,Ltd.",Retail Trade,693732881506.0,close_times_edinet_shares_outstanding,491905000000.0,44460000000.0,,,0.7090697487657511,book_equity_over_market_equity,0.06408806787921507,net_income_over_market_equity,0.7090697487657511,0.06408806787921507,True,True,B_price_times_shares,
7932,"Nippi,Incorporated",Other Products,33244248000.0,close_times_edinet_shares_outstanding,40569000000.0,2517000000.0,,,1.220331408910197,book_equity_over_market_equity,0.07571234578685612,net_income_over_market_equity,1.220331408910197,0.07571234578685612,True,True,B_price_times_shares,
4193,"Fabrica Holdings Co.,Ltd.",Information & Communication,11907728700.0,close_times_edinet_shares_outstanding,3663524000.0,345335000.0,,,0.30765934396876204,book_equity_over_market_equity,0.02900091265935543,net_income_over_market_equity,0.30765934396876204,0.02900091265935543,True,True,B_price_times_shares,
8289,Olympic Group Corporation,Retail Trade,21959819988.0,close_times_edinet_shares_outstanding,21455000000.0,-3798000000.0,,,0.9770116518133637,book_equity_over_market_equity,,missing,0.9770116518133637,,True,False,B_price_times_shares,net_income_nonpositive_or_missing
3979,"ULURU.CO.,LTD.",Information & Communication,2698566000.0,close_times_edinet_shares_outstanding,3028073000.0,458072000.0,,,1.1221044806760332,book_equity_over_market_equity,0.16974645052224033,net_income_over_market_equity,1.1221044806760332,0.16974645052224033,True,True,B_price_times_shares,
4549,"EIKEN CHEMICAL CO.,LTD.",Pharmaceutical,89849810382.0,close_times_edinet_shares_outstanding,43910000000.0,2514000000.0,,,0.48870442590045443,book_equity_over_market_equity,0.02798002565961609,net_income_over_market_equity,0.48870442590045443,0.02798002565961609,True,True,B_price_times_shares,
8860,FUJI CORPORATION LIMITED,Real Estate,26736399208.0,close_times_edinet_shares_outstanding,54674606000.0,4764305000.0,,,2.044950240855186,book_equity_over_market_equity,0.1781954616601639,net_income_over_market_equity,2.044950240855186,0.1781954616601639,True,True,B_price_times_shares,
7464,"SAFTEC CO.,LTD.",Wholesale Trade,2787378000.0,close_times_edinet_shares_outstanding,8121367000.0,229982000.0,,,2.9136224078686133,book_equity_over_market_equity,0.08250836449164771,net_income_over_market_equity,2.9136224078686133,0.08250836449164771,True,True,B_price_times_shares,
3626,TIS Inc.,Information & Communication,751438790656.0,raw_market_cap,356064000000.0,52014000000.0,2.405894,17.32637,0.4738429855200302,book_equity_over_market_equity,0.06921921072851749,net_income_over_market_equity,0.4738429855200302,0.06921921072851749,True,True,A_raw_market_cap,
3248,"EARLY AGE CO.,Ltd.",Real Estate,2726031300.0,close_times_edinet_shares_outstanding,4727768000.0,280133000.0,,,1.7343043713401236,book_equity_over_market_equity,0.10276220966355008,net_income_over_market_equity,1.7343043713401236,0.10276220966355008,True,True,B_price_times_shares,
3446,JTEC CORPORATION,Metal Products,10519004200.0,close_times_edinet_shares_outstanding,2848559000.0,60348000.0,,,0.2708012037869516,book_equity_over_market_equity,0.005737044957164292,net_income_over_market_equity,0.2708012037869516,0.006806227117135984,True,True,B_price_times_shares,
2445,"Takamiya Co.,Ltd.",Services,18025918200.0,close_times_edinet_shares_outstanding,22583000000.0,1230000000.0,,,1.252807194032424,book_equity_over_market_equity,0.06823508163928094,net_income_over_market_equity,1.252807194032424,0.06823508163928094,True,True,B_price_times_shares,
3271,The Global Ltd.,Real Estate,35920314000.0,close_times_edinet_shares_outstanding,11019800000.0,4059596000.0,,,0.30678462331927275,book_equity_over_market_equity,0.11301671806098354,net_income_over_market_equity,0.30678462331927275,0.11301671806098354,True,True,B_price_times_shares,
7425,"HATSUHO SHOUJI CO.,LTD.",Wholesale Trade,8401952760.0,close_times_edinet_shares_outstanding,11290561000.0,933686000.0,,,1.3438020091891114,book_equity_over_market_equity,0.1111272613249018,net_income_over_market_equity,1.3438020091891114,0.1111272613249018,True,True,B_price_times_shares,
4657,"ENVIRONMENTAL CONTROL CENTER CO.,LTD.",Services,2241083988.0,close_times_edinet_shares_outstanding,2447918000.0,41782000.0,,,1.0922919502827664,book_equity_over_market_equity,0.01864365647326199,net_income_over_market_equity,1.0922919502827664,0.01864365647326199,True,True,B_price_times_shares,
7447,"NAGAILEBEN Co.,Ltd.",Wholesale Trade,49743033600.0,close_times_edinet_shares_outstanding,45403317000.0,2573481000.0,,,0.9127572991446987,book_equity_over_market_equity,0.05173550573320884,net_income_over_market_equity,0.9127572991446987,0.05173550573320884,True,True,B_price_times_shares,
5969,"LOBTEX Co.,Ltd.",Metal Products,2242747400.0,close_times_edinet_shares_outstanding,4841987000.0,131522000.0,,,2.1589533444560005,book_equity_over_market_equity,0.05864325157616948,net_income_over_market_equity,2.1589533444560005,0.05864325157616948,True,True,B_price_times_shares,
3355,KURIYAMA HOLDINGS CORPORATION,Wholesale Trade,31181892400.0,close_times_edinet_shares_outstanding,49256923000.0,3944771000.0,,,1.579664324670686,book_equity_over_market_equity,0.12650838985000154,net_income_over_market_equity,1.579664324670686,0.12650838985000154,True,True,B_price_times_shares,
9051,"SENKON LOGISTICS CO.,LTD",Land Transportation,6413493000.0,close_times_edinet_shares_outstanding,6123975000.0,506407000.0,,,0.9548579845647294,book_equity_over_market_equity,0.07895962465383528,net_income_over_market_equity,0.9548579845647294,0.07895962465383528,True,True,B_price_times_shares,
1885,TOA CORPORATION,Construction,184082026008.0,close_times_edinet_shares_outstanding,107873000000.0,15154000000.0,,,0.5860050670852132,book_equity_over_market_equity,0.08232199703919721,net_income_over_market_equity,0.5860050670852132,0.08232199703919721,True,True,B_price_times_shares,
5537,"AlbaLink Co.,Ltd.",Real Estate,18396732800.0,close_times_edinet_shares_outstanding,2016140000.0,981647000.0,,,0.10959228586502055,book_equity_over_market_equity,0.05335985528908698,net_income_over_market_equity,0.10959228586502055,0.05335985528908698,True,True,B_price_times_shares,
3050,"DCM Holdings Co.,Ltd.",Retail Trade,204945751000.0,close_times_edinet_shares_outstanding,298177000000.0,17310000000.0,,,1.454906962184349,book_equity_over_market_equity,0.0844613753421997,net_income_over_market_equity,1.454906962184349,0.0844613753421997,True,True,B_price_times_shares,
7819,SHOBIDO Corporation,Other Products,11215120200.0,close_times_edinet_shares_outstanding,7810624000.0,1025520000.0,,,0.696436940551025,book_equity_over_market_equity,0.09144083894883266,net_income_over_market_equity,0.696436940551025,0.09144083894883266,True,True,B_price_times_shares,
5571,"Excite Holdings Co.,Ltd.",Information & Communication,5034685050.0,close_times_edinet_shares_outstanding,3638124000.0,1511584000.0,,,0.7226120331002631,book_equity_over_market_equity,0.3002340732316513,net_income_over_market_equity,0.7226120331002631,0.3002340732316513,True,True,B_price_times_shares,
8018,"SANKYO SEIKO CO.,LTD.",Wholesale Trade,32908969800.0,close_times_edinet_shares_outstanding,51178000000.0,2349000000.0,,,1.555138319765938,book_equity_over_market_equity,0.07137871572023503,net_income_over_market_equity,1.555138319765938,0.07137871572023503,True,True,B_price_times_shares,
9063,"Okayamaken Freight Transportation CO.,LTD.",Land Transportation,7894386000.0,close_times_edinet_shares_outstanding,23404186000.0,960446000.0,,,2.964661976244891,book_equity_over_market_equity,0.1216618999881688,net_income_over_market_equity,2.964661976244891,0.1216618999881688,True,True,B_price_times_shares,
8928,ANABUKI KOSAN INC.,Real Estate,26187239500.0,close_times_edinet_shares_outstanding,43653760000.0,3722466000.0,,,1.6669859379412633,book_equity_over_market_equity,0.14214808704827403,net_income_over_market_equity,1.6669859379412633,0.14214808704827403,True,True,B_price_times_shares,
7486,"SANRIN CO.,LTD.",Wholesale Trade,8954918500.0,close_times_edinet_shares_outstanding,20898000000.0,821000000.0,,,2.333689580759445,book_equity_over_market_equity,0.09168145974751193,net_income_over_market_equity,2.333689580759445,0.09168145974751193,True,True,B_price_times_shares,
1793,"OHMOTO GUMI CO.,LTD.",Construction,48308233600.0,close_times_edinet_shares_outstanding,64862000000.0,1788000000.0,,,1.3426696686338786,book_equity_over_market_equity,0.037012324126875135,net_income_over_market_equity,1.3426696686338786,0.037012324126875135,True,True,B_price_times_shares,
3023,Rasa Corporation,Wholesale Trade,18648881056.0,close_times_edinet_shares_outstanding,21861000000.0,2603000000.0,,,1.1722419127643344,book_equity_over_market_equity,0.1395794199224904,net_income_over_market_equity,1.1722419127643344,0.1395794199224904,True,True,B_price_times_shares,
3333,"ASAHI CO.,LTD.",Retail Trade,32616692900.0,close_times_edinet_shares_outstanding,40159044000.0,2268821000.0,,,1.2312420551992873,book_equity_over_market_equity,0.06956011778864313,net_income_over_market_equity,1.2312420551992873,0.06956011778864313,True,True,B_price_times_shares,
1861,"Kumagai Gumi Co.,Ltd.",Construction,59700134260.0,close_times_edinet_shares_outstanding,181829000000.0,9354000000.0,,,3.0457050432770667,book_equity_over_market_equity,0.15668306471912447,net_income_over_market_equity,3.0457050432770667,0.15668306471912447,True,True,B_price_times_shares,
3538,WILLPLUS Holdings Corporation,Retail Trade,8702336300.0,close_times_edinet_shares_outstanding,12204734000.0,4278570000.0,,,1.4024663698643778,book_equity_over_market_equity,0.4916576253206854,net_income_over_market_equity,1.4024663698643778,0.4713793788347592,True,True,B_price_times_shares,
9890,"MAKIYA CO.,LTD.",Retail Trade,14580516500.0,close_times_edinet_shares_outstanding,20795336000.0,1497862000.0,,,1.4262413817782107,book_equity_over_market_equity,0.1027303799560187,net_income_over_market_equity,1.4262413817782107,0.1027303799560187,True,True,B_price_times_shares,
3544,"SATUDORA HOLDINGS CO.,LTD.",Retail Trade,11325026472.0,close_times_edinet_shares_outstanding,9922000000.0,781000000.0,,,0.8761127423879456,book_equity_over_market_equity,0.06896231120792033,net_income_over_market_equity,0.8761127423879456,0.06896231120792033,True,True,B_price_times_shares,
9861,"YOSHINOYA HOLDINGS CO.,LTD.",Retail Trade,204703850054.0,close_times_edinet_shares_outstanding,68712000000.0,4743000000.0,,,0.3356654014170914,book_equity_over_market_equity,0.023170057616155322,net_income_over_market_equity,0.3356654014170914,0.023170057616155322,True,True,B_price_times_shares,
7039,BRIDGE International Group Corp.,Services,5871775500.0,close_times_edinet_shares_outstanding,4700811000.0,536407000.0,,,0.8005774403329964,book_equity_over_market_equity,0.09135345859186884,net_income_over_market_equity,0.8005774403329964,0.09135345859186884,True,True,B_price_times_shares,
2664,CAWACHI LIMITED,Retail Trade,73926599200.0,close_times_edinet_shares_outstanding,115277000000.0,5038000000.0,,,1.5593440148400604,book_equity_over_market_equity,0.06814867793891431,net_income_over_market_equity,1.5593440148400604,0.06814867793891431,True,True,B_price_times_shares,
5868,Rococo Co.Ltd.,Services,3488940000.0,close_times_edinet_shares_outstanding,2960196000.0,327761000.0,,,0.848451392113364,book_equity_over_market_equity,0.09394285943581718,net_income_over_market_equity,0.848451392113364,0.09394285943581718,True,True,B_price_times_shares,
4113,"TAOKA CHEMICAL COMPANY,LIMITED",Chemicals,10631969600.0,close_times_edinet_shares_outstanding,18499000000.0,1478000000.0,,,1.739941017137596,book_equity_over_market_equity,0.13901469394720617,net_income_over_market_equity,1.739941017137596,0.13901469394720617,True,True,B_price_times_shares,
2915,"KENKO Mayonnaise Co.,Ltd.",Foods,28829497200.0,close_times_edinet_shares_outstanding,39963000000.0,3503000000.0,,,1.3861844250270172,book_equity_over_market_equity,0.12150749545503693,net_income_over_market_equity,1.3861844250270172,0.12150749545503693,True,True,B_price_times_shares,
5282,GEOSTR Corporation,Glass and Ceramics Products,11731837500.0,close_times_edinet_shares_outstanding,23740528000.0,1153762000.0,,,2.0235984346015705,book_equity_over_market_equity,0.09834452616651057,net_income_over_market_equity,2.0235984346015705,0.09834452616651057,True,True,B_price_times_shares,
9048,"Nagoya Railroad Co., Ltd.",Land Transportation,352091071836.0,close_times_edinet_shares_outstanding,498311000000.0,37733000000.0,,,1.4152900765177812,book_equity_over_market_equity,0.10716829541640749,net_income_over_market_equity,1.4152900765177812,0.10716829541640749,True,True,B_price_times_shares,
3480,"J.S.B.Co.,Ltd.",Real Estate,146239785000.0,close_times_edinet_shares_outstanding,41629349000.0,5151212000.0,,,0.28466500412319395,book_equity_over_market_equity,0.03522442268360829,net_income_over_market_equity,0.28466500412319395,0.03522442268360829,True,True,B_price_times_shares,
2871,NICHIREI CORPORATION,Foods,476917369971.0,close_times_edinet_shares_outstanding,275966000000.0,27049000000.0,,,0.5786453112764182,book_equity_over_market_equity,0.05671632383958834,net_income_over_market_equity,0.5786453112764182,0.05671632383958834,True,True,B_price_times_shares,
8174,"NIPPON GAS CO.,LTD.",Retail Trade,300037754550.0,close_times_edinet_shares_outstanding,67811000000.0,11733000000.0,,,0.22600822387070488,book_equity_over_market_equity,0.039105078684505176,net_income_over_market_equity,0.22600822387070488,0.039105078684505176,True,True,B_price_times_shares,
6379,RAIZNEXT Corporation,Construction,117253674069.0,close_times_edinet_shares_outstanding,85654000000.0,8156000000.0,,,0.7305016297365265,book_equity_over_market_equity,0.06955858794838665,net_income_over_market_equity,0.7305016297365265,0.06955858794838665,True,True,B_price_times_shares,
1934,YURTEC CORPORATION,Construction,160324513770.0,close_times_edinet_shares_outstanding,147713000000.0,11987000000.0,,,0.9213375829220205,book_equity_over_market_equity,0.07476710652742995,net_income_over_market_equity,0.9213375829220205,0.07476710652742995,True,True,B_price_times_shares,
1992,"KANDA TSUSHINKI CO.,LTD.",Construction,6286659666.0,close_times_edinet_shares_outstanding,6115618000.0,431625000.0,,,0.9727929178471294,book_equity_over_market_equity,0.06865728748358174,net_income_over_market_equity,0.9727929178471294,0.06865728748358174,True,True,B_price_times_shares,
9908,"NIHON DENKEI CO.,LTD",Wholesale Trade,28270243809.0,close_times_edinet_shares_outstanding,30699909000.0,3448782000.0,,,1.0859442602410985,book_equity_over_market_equity,0.12199335892894067,net_income_over_market_equity,1.0859442602410985,0.12199335892894067,True,True,B_price_times_shares,
5952,Amatei Incorporated,Metal Products,2074275000.0,close_times_edinet_shares_outstanding,1484715000.0,142008000.0,,,0.7157753914018151,book_equity_over_market_equity,0.0684615106482988,net_income_over_market_equity,0.7157753914018151,0.0684615106482988,True,True,B_price_times_shares,
3065,"Life Foods Co.,Ltd.",Retail Trade,5001358400.0,close_times_edinet_shares_outstanding,1710146000.0,35783000.0,,,0.34193630274527015,book_equity_over_market_equity,0.007154656222997336,net_income_over_market_equity,0.34193630274527015,0.007154656222997336,True,True,B_price_times_shares,
9193,"Tokyo Kisen Co.,Ltd.",Warehousing and Harbor Transportation Service,9045913500.0,close_times_edinet_shares_outstanding,24794980000.0,2264596000.0,,,2.741014492345079,book_equity_over_market_equity,0.25034464457348615,net_income_over_market_equity,2.741014492345079,0.25034464457348615,True,True,B_price_times_shares,
7826,"FURUYA METAL CO.,LTD.",Other Products,234923360256.0,raw_market_cap,64580000000.0,6468000000.0,3.1766477,31.023619,0.27489816223310476,book_equity_over_market_equity,0.0275323832970536,net_income_over_market_equity,0.27489816223310476,0.0275323832970536,True,True,A_raw_market_cap,
7097,"SAKURASAKU PLUS,Co.,Ltd.",Services,13170656400.0,close_times_edinet_shares_outstanding,5821000000.0,611000000.0,,,0.44196734188586073,book_equity_over_market_equity,0.046391005994203906,net_income_over_market_equity,0.44196734188586073,0.046391005994203906,True,True,B_price_times_shares,
6898,"TOMITA ELECTRIC CO.,LTD.",Electric Appliances,2937039505.0,close_times_edinet_shares_outstanding,3981571000.0,123761000.0,,,1.355640941574601,book_equity_over_market_equity,0.042138009989075714,net_income_over_market_equity,1.355640941574601,0.042138009989075714,True,True,B_price_times_shares,
9854,"AIGAN CO.,LTD.",Retail Trade,4560657690.0,close_times_edinet_shares_outstanding,14283000000.0,-32000000.0,,,3.131785143909803,book_equity_over_market_equity,,missing,3.131785143909803,,True,False,B_price_times_shares,net_income_nonpositive_or_missing
8141,"Shinko Shoji Co.,Ltd.",Wholesale Trade,47006684280.0,close_times_edinet_shares_outstanding,52539000000.0,551000000.0,,,1.1176921070851586,book_equity_over_market_equity,0.0117217372048178,net_income_over_market_equity,1.1176921070851586,0.0117217372048178,True,True,B_price_times_shares,
3204,Toabo Corporation,Textiles and Apparels,4510877028.0,close_times_edinet_shares_outstanding,13975000000.0,656000000.0,,,3.098067163714311,book_equity_over_market_equity,0.14542626543088286,net_income_over_market_equity,3.098067163714311,0.14542626543088286,True,True,B_price_times_shares,
3143,O'will Corporation,Wholesale Trade,1934576200.0,close_times_edinet_shares_outstanding,5266175000.0,916372000.0,,,2.7221336642102805,book_equity_over_market_equity,0.47368100569003174,net_income_over_market_equity,2.7221336642102805,0.4713793788347592,True,True,B_price_times_shares,
9887,"MATSUYA FOODS HOLDINGS CO.,LTD.",Retail Trade,89597829600.0,close_times_edinet_shares_outstanding,45615389000.0,2185996000.0,,,0.5091126560056762,book_equity_over_market_equity,0.024397867780493646,net_income_over_market_equity,0.5091126560056762,0.024397867780493646,True,True,B_price_times_shares,
6184,"Kamakura Shinsho,Ltd.",Services,18826102204.0,close_times_edinet_shares_outstanding,6436725000.0,777265000.0,,,0.341904284288459,book_equity_over_market_equity,0.04128656009499692,net_income_over_market_equity,0.341904284288459,0.04128656009499692,True,True,B_price_times_shares,
3048,BIC CAMERA INC.,Retail Trade,299975344608.0,close_times_edinet_shares_outstanding,211767000000.0,20397000000.0,,,0.7059480180837249,book_equity_over_market_equity,0.06799558819293723,net_income_over_market_equity,0.7059480180837249,0.06799558819293723,True,True,B_price_times_shares,
7955,Cleanup Corporation,Other Products,32314306304.0,close_times_edinet_shares_outstanding,57097000000.0,1719000000.0,,,1.7669263719559498,book_equity_over_market_equity,0.05319625257705795,net_income_over_market_equity,1.7669263719559498,0.05319625257705795,True,True,B_price_times_shares,
2882,"EAT&HOLDINGS Co.,Ltd",Foods,22488206400.0,close_times_edinet_shares_outstanding,11477000000.0,373000000.0,,,0.5103563972980967,book_equity_over_market_equity,0.01658647174280649,net_income_over_market_equity,0.5103563972980967,0.01658647174280649,True,True,B_price_times_shares,
9895,CONSEC CORPORATION,Wholesale Trade,2228920337.0,close_times_edinet_shares_outstanding,8140348000.0,-232206000.0,,,3.652148470661112,book_equity_over_market_equity,,missing,3.652148470661112,,True,False,B_price_times_shares,net_income_nonpositive_or_missing
7774,"Japan Tissue Engineering Co.,Ltd.",Precision Instruments,24690880000.0,close_times_edinet_shares_outstanding,5825035000.0,-255304000.0,,,0.2359184848818673,book_equity_over_market_equity,,missing,0.2359184848818673,,True,False,B_price_times_shares,net_income_nonpositive_or_missing
9307,"Sugimura Warehouse Co.,Ltd.",Warehousing and Harbor Transportation Service,16456158060.0,close_times_edinet_shares_outstanding,16775290000.0,917299000.0,,,1.019392858213711,book_equity_over_market_equity,0.05574199012038415,net_income_over_market_equity,1.019392858213711,0.05574199012038415,True,True,B_price_times_shares,
9996,"Satoh&Co.,Ltd.",Wholesale Trade,17697989280.0,close_times_edinet_shares_outstanding,26268555000.0,1315196000.0,,,1.4842677653605179,book_equity_over_market_equity,0.07431330074802713,net_income_over_market_equity,1.4842677653605179,0.07431330074802713,True,True,B_price_times_shares,
7813,"PLATZ Co.,Ltd.",Other Products,3245522600.0,close_times_edinet_shares_outstanding,3133245000.0,192979000.0,,,0.9654053864853691,book_equity_over_market_equity,0.05946006969724999,net_income_over_market_equity,0.9654053864853691,0.05946006969724999,True,True,B_price_times_shares,
7565,MANSEI CORPORATION,Wholesale Trade,9807752000.0,close_times_edinet_shares_outstanding,11730460000.0,873064000.0,,,1.196039622535317,book_equity_over_market_equity,0.08901774840962537,net_income_over_market_equity,1.196039622535317,0.08901774840962537,True,True,B_price_times_shares,
7555,"Ota Floriculture Auction Co.,Ltd.",Wholesale Trade,4070160000.0,close_times_edinet_shares_outstanding,5201023000.0,221684000.0,,,1.2778423944021857,book_equity_over_market_equity,0.05446567211117008,net_income_over_market_equity,1.2778423944021857,0.05446567211117008,True,True,B_price_times_shares,
1766,TOKEN CORPORATION,Construction,161997790000.0,close_times_edinet_shares_outstanding,133751000000.0,15778000000.0,,,0.8256347200785887,book_equity_over_market_equity,0.09739639040754815,net_income_over_market_equity,0.8256347200785887,0.09739639040754815,True,True,B_price_times_shares,
9731,"Hakuyosha Company,Ltd.",Services,13706033500.0,close_times_edinet_shares_outstanding,12890000000.0,2168000000.0,,,0.9404617316891863,book_equity_over_market_equity,0.15817851313437983,net_income_over_market_equity,0.9404617316891863,0.15817851313437983,True,True,B_price_times_shares,
5621,"Human Technologies,Inc.",Information & Communication,13286582000.0,close_times_edinet_shares_outstanding,4431379000.0,670296000.0,,,0.33352287292548227,book_equity_over_market_equity,0.05044909217434552,net_income_over_market_equity,0.33352287292548227,0.05044909217434552,True,True,B_price_times_shares,
5852,AHRESTY CORPORATION,Nonferrous Metals,17931279891.0,close_times_edinet_shares_outstanding,51989000000.0,-5623000000.0,,,2.8993468573369445,book_equity_over_market_equity,,missing,2.8993468573369445,,True,False,B_price_times_shares,net_income_nonpositive_or_missing
9904,"Verite Co.,Ltd.",Retail Trade,6593665275.0,close_times_edinet_shares_outstanding,4467000000.0,569000000.0,,,0.6774684206274029,book_equity_over_market_equity,0.08629494769128995,net_income_over_market_equity,0.6774684206274029,0.08629494769128995,True,True,B_price_times_shares,
1301,"KYOKUYO CO.,LTD.","Fishery, Agriculture and Forestry",51402126900.0,close_times_edinet_shares_outstanding,68355000000.0,8006000000.0,,,1.3298087865698802,book_equity_over_market_equity,0.15575230993019473,net_income_over_market_equity,1.3298087865698802,0.15575230993019473,True,True,B_price_times_shares,
5288,ASIA PILE HOLDINGS CORPORATION,Glass and Ceramics Products,60180449360.0,close_times_edinet_shares_outstanding,49314000000.0,2346000000.0,,,0.8194355563050585,book_equity_over_market_equity,0.0389827597658204,net_income_over_market_equity,0.8194355563050585,0.0389827597658204,True,True,B_price_times_shares,
5138,"Rebase,Inc.",Information & Communication,2195976900.0,close_times_edinet_shares_outstanding,1380255000.0,362919000.0,,,0.6285380324355871,book_equity_over_market_equity,0.16526539964969578,net_income_over_market_equity,0.6285380324355871,0.16526539964969578,True,True,B_price_times_shares,
3068,WDI Corporation,Retail Trade,18226254080.0,close_times_edinet_shares_outstanding,8109802000.0,930006000.0,,,0.44495165953485927,book_equity_over_market_equity,0.0510256246795392,net_income_over_market_equity,0.44495165953485927,0.0510256246795392,True,True,B_price_times_shares,
6347,"PLACO CO.,LTD.",Machinery,2475735772.0,close_times_edinet_shares_outstanding,1585120000.0,-95803000.0,,,0.6402621870747844,book_equity_over_market_equity,,missing,0.6402621870747844,,True,False,B_price_times_shares,net_income_nonpositive_or_missing
4553,"TOWA PHARMACEUTICAL CO.,LTD.",Pharmaceutical,189770470500.0,close_times_edinet_shares_outstanding,171625000000.0,21100000000.0,,,0.9043820123742593,book_equity_over_market_equity,0.1111869509750728,net_income_over_market_equity,0.9043820123742593,0.1111869509750728,True,True,B_price_times_shares,
3232,"Mie Kotsu Group Holdings,Inc.",Real Estate,50829834081.0,close_times_edinet_shares_outstanding,63184554000.0,6079945000.0,,,1.2430604022691105,book_equity_over_market_equity,0.11961370934855482,net_income_over_market_equity,1.2430604022691105,0.11961370934855482,True,True,B_price_times_shares,
2789,"Karula Co.,LTD.",Retail Trade,2617043048.0,close_times_edinet_shares_outstanding,2191871000.0,239981000.0,,,0.8375372356503935,book_equity_over_market_equity,0.09169929404997697,net_income_over_market_equity,0.8375372356503935,0.09169929404997697,True,True,B_price_times_shares,
2296,ITOHAM YONEKYU HOLDINGS INC.,Foods,271471285635.0,close_times_edinet_shares_outstanding,286318000000.0,13170000000.0,,,1.0546898149108919,book_equity_over_market_equity,0.04851341816573337,net_income_over_market_equity,1.0546898149108919,0.04851341816573337,True,True,B_price_times_shares,
2877,NittoBest Corporation,Foods,8892000600.0,close_times_edinet_shares_outstanding,16583678000.0,439957000.0,,,1.8650108952984101,book_equity_over_market_equity,0.04947784191557522,net_income_over_market_equity,1.8650108952984101,0.04947784191557522,True,True,B_price_times_shares,
5279,"NIHON KOGYO CO.,LTD.",Glass and Ceramics Products,3278277300.0,close_times_edinet_shares_outstanding,7913472000.0,393683000.0,,,2.413911721256771,book_equity_over_market_equity,0.12008837690454069,net_income_over_market_equity,2.413911721256771,0.12008837690454069,True,True,B_price_times_shares,
3539,"JM HOLDINGS CO.,LTD.",Retail Trade,31797792000.0,close_times_edinet_shares_outstanding,45347000000.0,6489000000.0,,,1.4261053094504172,book_equity_over_market_equity,0.2040707732159516,net_income_over_market_equity,1.4261053094504172,0.2040707732159516,True,True,B_price_times_shares,
4177,"i-plug,Inc.",Information & Communication,5869179304.0,close_times_edinet_shares_outstanding,1408290000.0,631413000.0,,,0.23994666495198286,book_equity_over_market_equity,0.10758113993376815,net_income_over_market_equity,0.23994666495198286,0.10758113993376815,True,True,B_price_times_shares,
7241,"FUTABA INDUSTRIAL CO.,LTD.",Transportation Equipment,88236969422.0,close_times_edinet_shares_outstanding,123165000000.0,12933000000.0,,,1.3958434974228777,book_equity_over_market_equity,0.14657121708415605,net_income_over_market_equity,1.3958434974228777,0.14657121708415605,True,True,B_price_times_shares,
7510,TAKEBISHI CORPORATION,Wholesale Trade,38268433200.0,close_times_edinet_shares_outstanding,40846000000.0,2666000000.0,,,1.0673549080655855,book_equity_over_market_equity,0.06966577351277606,net_income_over_market_equity,1.0673549080655855,0.06966577351277606,True,True,B_price_times_shares,
6926,"OKAYA ELECTRIC INDUSTRIES CO.,LTD.",Electric Appliances,5201588898.0,close_times_edinet_shares_outstanding,7068921000.0,-1705900000.0,,,1.3589926344848178,book_equity_over_market_equity,,missing,1.3589926344848178,,True,False,B_price_times_shares,net_income_nonpositive_or_missing
8255,Axial Retailing Inc.,Retail Trade,92080889856.0,close_times_edinet_shares_outstanding,89294000000.0,9006000000.0,,,0.9697343296708116,book_equity_over_market_equity,0.09780531024498096,net_income_over_market_equity,0.9697343296708116,0.09780531024498096,True,True,B_price_times_shares,
3917,"iRidge,Inc.",Information & Communication,3422599406.0,close_times_edinet_shares_outstanding,2572580000.0,-106129000.0,,,0.7516450787346394,book_equity_over_market_equity,,missing,0.7516450787346394,,True,False,B_price_times_shares,net_income_nonpositive_or_missing
4498,"Cybertrust Japan Co.,Ltd.",Information & Communication,9116651700.0,close_times_edinet_shares_outstanding,6578081000.0,969684000.0,,,0.7215457183693877,book_equity_over_market_equity,0.10636405030149391,net_income_over_market_equity,0.7215457183693877,0.10636405030149391,True,True,B_price_times_shares,
9249,"Japan Ecosystem Co.,Ltd.",Services,13687965900.0,close_times_edinet_shares_outstanding,5676530000.0,341735000.0,,,0.4147095369371135,book_equity_over_market_equity,0.024966090834577546,net_income_over_market_equity,0.4147095369371135,0.024966090834577546,True,True,B_price_times_shares,
2479,JTEC CORPORATION,Services,1905594600.0,close_times_edinet_shares_outstanding,1418955000.0,228153000.0,,,0.744625850640005,book_equity_over_market_equity,0.11972798411582401,net_income_over_market_equity,0.744625850640005,0.11972798411582401,True,True,B_price_times_shares,
1820,"Nishimatsu Construction Co.,Ltd.",Construction,211732607268.0,close_times_edinet_shares_outstanding,181190000000.0,17579000000.0,,,0.8557491561545796,book_equity_over_market_equity,0.08302452903604698,net_income_over_market_equity,0.8557491561545796,0.08302452903604698,True,True,B_price_times_shares,
9075,"FUKUYAMA TRANSPORTING CO.,LTD.",Land Transportation,261537659910.0,close_times_edinet_shares_outstanding,287773000000.0,10086000000.0,,,1.1003119019227596,book_equity_over_market_equity,0.03856423584836991,net_income_over_market_equity,1.1003119019227596,0.03856423584836991,True,True,B_price_times_shares,
2692,"ITOCHU-SHOKUHIN Co.,Ltd.",Wholesale Trade,164169780000.0,close_times_edinet_shares_outstanding,115592000000.0,8818000000.0,,,0.7041003526958494,book_equity_over_market_equity,0.05371268695127691,net_income_over_market_equity,0.7041003526958494,0.05371268695127691,True,True,B_price_times_shares,
3656,KLab Inc.,Information & Communication,18141147136.0,raw_market_cap,10625928000.0,-4535543000.0,1.7041861,6.0263157,0.5857362778847371,book_equity_over_market_equity,,missing,0.5857362778847371,,True,False,A_raw_market_cap,net_income_nonpositive_or_missing
2269,"Meiji Holdings Co.,Ltd.",Foods,1015819010048.0,raw_market_cap,791783000000.0,54085000000.0,1.3148315,28.99257,0.7794528278837647,book_equity_over_market_equity,0.05324275236534936,net_income_over_market_equity,0.7794528278837647,0.05324275236534936,True,True,A_raw_market_cap,
1972,"SANKO METAL INDUSTRIAL CO.,LTD.",Construction,4615153200.0,close_times_edinet_shares_outstanding,27103000000.0,2941000000.0,,,5.872611119388193,book_equity_over_market_equity,0.6372486183123889,net_income_over_market_equity,4.561669803968577,0.4713793788347592,True,True,B_price_times_shares,
6062,CHARM CARE CORPORATION,Services,43644982400.0,close_times_edinet_shares_outstanding,20887000000.0,3581000000.0,,,0.47856589352181755,book_equity_over_market_equity,0.08204837768476222,net_income_over_market_equity,0.47856589352181755,0.08204837768476222,True,True,B_price_times_shares,
1810,"MATSUI CONSTRUCTION CO.,LTD.",Construction,38466295800.0,close_times_edinet_shares_outstanding,50616000000.0,2726000000.0,,,1.3158532410599306,book_equity_over_market_equity,0.07086723437508635,net_income_over_market_equity,1.3158532410599306,0.07086723437508635,True,True,B_price_times_shares,
2734,SALA CORPORATION,Retail Trade,64046138590.0,close_times_edinet_shares_outstanding,93567000000.0,6024000000.0,,,1.4609311671228422,book_equity_over_market_equity,0.09405719271482468,net_income_over_market_equity,1.4609311671228422,0.09405719271482468,True,True,B_price_times_shares,
7050,FRONTIER INTERNATIONAL INC.,Services,5887217700.0,close_times_edinet_shares_outstanding,9028830000.0,876068000.0,,,1.5336327718949478,book_equity_over_market_equity,0.14880849403615565,net_income_over_market_equity,1.5336327718949478,0.14880849403615565,True,True,B_price_times_shares,
7856,HAGIHARA INDUSTRIES INC.,Other Products,22985088300.0,close_times_edinet_shares_outstanding,30965374000.0,1796443000.0,,,1.3471940414516486,book_equity_over_market_equity,0.07815688922108688,net_income_over_market_equity,1.3471940414516486,0.07815688922108688,True,True,B_price_times_shares,
9259,"TAKAYOSHI Holdings,INC.",Services,4701599000.0,close_times_edinet_shares_outstanding,3236554000.0,401999000.0,,,0.6883943101059874,book_equity_over_market_equity,0.08550261304717821,net_income_over_market_equity,0.6883943101059874,0.08550261304717821,True,True,B_price_times_shares,
2164,"CHIIKISHINBUNSHA CO.,LTD.",Services,2202656232.0,close_times_edinet_shares_outstanding,653233000.0,41336000.0,,,0.2965660235627726,book_equity_over_market_equity,0.018766432727664966,net_income_over_market_equity,0.2965660235627726,0.018766432727664966,True,True,B_price_times_shares,
7271,YASUNAGA CORPORATION,Transportation Equipment,12096119986.0,close_times_edinet_shares_outstanding,11388000000.0,742000000.0,,,0.9414589151877152,book_equity_over_market_equity,0.061341984112160575,net_income_over_market_equity,0.9414589151877152,0.061341984112160575,True,True,B_price_times_shares,
4922,KOSE Holdings Corporation,Chemicals,305576021714.0,close_times_edinet_shares_outstanding,304784000000.0,16091000000.0,,,0.9974081025416933,book_equity_over_market_equity,0.05265792750931278,net_income_over_market_equity,0.9974081025416933,0.05265792750931278,True,True,B_price_times_shares,
7628,OHASHI TECHNICA INC.,Wholesale Trade,14188653060.0,close_times_edinet_shares_outstanding,39653735000.0,1542116000.0,,,2.7947497787362208,book_equity_over_market_equity,0.10868656760291523,net_income_over_market_equity,2.7947497787362208,0.10868656760291523,True,True,B_price_times_shares,
7434,OTAKE CORPORATION,Wholesale Trade,6868137800.0,close_times_edinet_shares_outstanding,15422519000.0,882294000.0,,,2.2455168269920267,book_equity_over_market_equity,0.12846189545003014,net_income_over_market_equity,2.2455168269920267,0.12846189545003014,True,True,B_price_times_shares,
8127,YAMATO INTERNATIONAL INC.,Textiles and Apparels,12058029204.0,close_times_edinet_shares_outstanding,17314441000.0,143178000.0,,,1.4359262784217088,book_equity_over_market_equity,0.011874079717148444,net_income_over_market_equity,1.4359262784217088,0.011874079717148444,True,True,B_price_times_shares,
7357,"GEOCODE CO.,Ltd.",Services,4155004600.0,close_times_edinet_shares_outstanding,1218505000.0,69366000.0,,,0.2932620098663669,book_equity_over_market_equity,0.016694566354992724,net_income_over_market_equity,0.2932620098663669,0.016694566354992724,True,True,B_price_times_shares,
9927,"WATT MANN CO.,LTD.",Retail Trade,8425317816.0,close_times_edinet_shares_outstanding,3527815000.0,345124000.0,,,0.4187159555335165,book_equity_over_market_equity,0.04096272776139036,net_income_over_market_equity,0.4187159555335165,0.04096272776139036,True,True,B_price_times_shares,
4714,RISO KYOIKU GROUP CORPORATION,Services,32187013551.0,close_times_edinet_shares_outstanding,12265789000.0,1615853000.0,,,0.38107881554667944,book_equity_over_market_equity,0.05020201695443714,net_income_over_market_equity,0.38107881554667944,0.05020201695443714,True,True,B_price_times_shares,
8233,"Takashimaya Company,Limited",Retail Trade,579142993224.0,close_times_edinet_shares_outstanding,477749000000.0,-19715000000.0,,,0.8249240784912976,book_equity_over_market_equity,,missing,0.8249240784912976,,True,False,B_price_times_shares,net_income_nonpositive_or_missing
2904,"ICHIMASA KAMABOKO CO.,LTD.",Foods,14227200000.0,close_times_edinet_shares_outstanding,14908270000.0,746874000.0,,,1.0478709795321637,book_equity_over_market_equity,0.052496204453441296,net_income_over_market_equity,1.0478709795321637,0.052496204453441296,True,True,B_price_times_shares,
4431,"Smaregi,Inc.",Information & Communication,47227972000.0,close_times_edinet_shares_outstanding,7676714000.0,1649104000.0,,,0.16254591664448348,book_equity_over_market_equity,0.03491795074325868,net_income_over_market_equity,0.16254591664448348,0.03491795074325868,True,True,B_price_times_shares,
9060,JAPAN LOGISTIC SYSTEMS CORP.,Land Transportation,5498498600.0,close_times_edinet_shares_outstanding,15594987000.0,468125000.0,,,2.836226420063106,book_equity_over_market_equity,0.08513687718316415,net_income_over_market_equity,2.836226420063106,0.08513687718316415,True,True,B_price_times_shares,
3396,FELISSIMO CORPORATION,Retail Trade,5897512800.0,close_times_edinet_shares_outstanding,19651000000.0,359000000.0,,,3.3320826365989404,book_equity_over_market_equity,0.060873119258003136,net_income_over_market_equity,3.3320826365989404,0.060873119258003136,True,True,B_price_times_shares,
6199,"SERAKU Co.,Ltd.",Information & Communication,16089052000.0,close_times_edinet_shares_outstanding,8912336000.0,1709688000.0,,,0.5539379200216396,book_equity_over_market_equity,0.10626406080358246,net_income_over_market_equity,0.5539379200216396,0.10626406080358246,True,True,B_price_times_shares,
2653,"AEON KYUSHU CO.,LTD.",Retail Trade,97380029916.0,close_times_edinet_shares_outstanding,60568000000.0,6491000000.0,,,0.6219755739677422,book_equity_over_market_equity,0.06665637714015014,net_income_over_market_equity,0.6219755739677422,0.06665637714015014,True,True,B_price_times_shares,
5658,"NICHIA STEEL WORKS,LTD.",Iron and Steel,17168752470.0,close_times_edinet_shares_outstanding,55375632000.0,1086233000.0,,,3.22537307802423,book_equity_over_market_equity,0.06326802147669382,net_income_over_market_equity,3.22537307802423,0.06326802147669382,True,True,B_price_times_shares,
2903,"SHINOBU FOODS PRODUCTS CO.,LTD.",Foods,17668358400.0,close_times_edinet_shares_outstanding,15136000000.0,999000000.0,,,0.8566726832980703,book_equity_over_market_equity,0.056541755458164124,net_income_over_market_equity,0.8566726832980703,0.056541755458164124,True,True,B_price_times_shares,
2975,"Star Mica Holdings Co.,Ltd.",Real Estate,51580288000.0,close_times_edinet_shares_outstanding,29699793000.0,4184941000.0,,,0.5757973472346646,book_equity_over_market_equity,0.08113450238975013,net_income_over_market_equity,0.5757973472346646,0.08113450238975013,True,True,B_price_times_shares,
8252,"MARUI GROUP CO.,LTD.",Retail Trade,491444557362.5,close_times_edinet_shares_outstanding,246636000000.0,26763000000.0,,,0.501859256156287,book_equity_over_market_equity,0.05445782153663987,net_income_over_market_equity,0.501859256156287,0.05445782153663987,True,True,B_price_times_shares,
4125,SANWAYUKA INDUSTRY CORPORATION,Chemicals,10829293200.0,close_times_edinet_shares_outstanding,12513209000.0,591472000.0,,,1.1554963716376245,book_equity_over_market_equity,0.054617784289006044,net_income_over_market_equity,1.1554963716376245,0.054617784289006044,True,True,B_price_times_shares,
7619,"TANAKA CO.,LTD.",Wholesale Trade,7182002633.0,close_times_edinet_shares_outstanding,14890286000.0,886500000.0,,,2.073277713876327,book_equity_over_market_equity,0.12343353870781017,net_income_over_market_equity,2.073277713876327,0.12343353870781017,True,True,B_price_times_shares,
9346,"Cocorport,Inc.",Services,6168206550.0,close_times_edinet_shares_outstanding,2938255000.0,561980000.0,,,0.4763548328322436,book_equity_over_market_equity,0.09110914095443189,net_income_over_market_equity,0.4763548328322436,0.09110914095443189,True,True,B_price_times_shares,
7823,ARTNATURE INC.,Other Products,26720365000.0,close_times_edinet_shares_outstanding,27055000000.0,949000000.0,,,1.0125235938955175,book_equity_over_market_equity,0.03551598191117524,net_income_over_market_equity,1.0125235938955175,0.03551598191117524,True,True,B_price_times_shares,
9215,"CaSy Co.,Ltd.",Services,1732432500.0,close_times_edinet_shares_outstanding,556252000.0,47870000.0,,,0.32108148513722756,book_equity_over_market_equity,0.027631668189092504,net_income_over_market_equity,0.32108148513722756,0.027631668189092504,True,True,B_price_times_shares,
2373,CARE TWENTYONE CORPORATION,Services,5525508200.0,close_times_edinet_shares_outstanding,4491848000.0,447619000.0,,,0.8129293881058759,book_equity_over_market_equity,0.08100956216117823,net_income_over_market_equity,0.8129293881058759,0.08100956216117823,True,True,B_price_times_shares,
8052,"TSUBAKIMOTO KOGYO CO.,LTD.",Wholesale Trade,49752835011.0,close_times_edinet_shares_outstanding,44017000000.0,4703000000.0,,,0.8847134035732467,book_equity_over_market_equity,0.09452727666594678,net_income_over_market_equity,0.8847134035732467,0.09452727666594678,True,True,B_price_times_shares,
9045,"Keihan Holdings Co.,Ltd.",Land Transportation,320273468656.0,close_times_edinet_shares_outstanding,314508000000.0,29233000000.0,,,0.9819982945193859,book_equity_over_market_equity,0.09127512223436354,net_income_over_market_equity,0.9819982945193859,0.09127512223436354,True,True,B_price_times_shares,
8037,KAMEI CORPORATION,Wholesale Trade,105875200740.0,close_times_edinet_shares_outstanding,166463000000.0,11348000000.0,,,1.5722567592460746,book_equity_over_market_equity,0.10718279559976965,net_income_over_market_equity,1.5722567592460746,0.10718279559976965,True,True,B_price_times_shares,
7550,"ZENSHO HOLDINGS CO.,LTD.",Retail Trade,1237773189120.0,raw_market_cap,240371000000.0,39304000000.0,3.6302378,28.644363,0.19419632135584772,book_equity_over_market_equity,0.03175379814773928,net_income_over_market_equity,0.19419632135584772,0.03175379814773928,True,True,A_raw_market_cap,
7367,"CELM,Inc.",Services,6988625000.0,close_times_edinet_shares_outstanding,2806743000.0,582640000.0,,,0.4016159115705879,book_equity_over_market_equity,0.0833697615768481,net_income_over_market_equity,0.4016159115705879,0.0833697615768481,True,True,B_price_times_shares,
6522,Asterisk Inc.,Electric Appliances,7367900400.0,close_times_edinet_shares_outstanding,1729225000.0,-210820000.0,,,0.23469711941274343,book_equity_over_market_equity,,missing,0.23469711941274343,,True,False,B_price_times_shares,net_income_nonpositive_or_missing
2935,"PICKLES HOLDINGS CO.,LTD.",Foods,13517960170.0,close_times_edinet_shares_outstanding,20053000000.0,1384000000.0,,,1.4834338722570743,book_equity_over_market_equity,0.1023823108364729,net_income_over_market_equity,1.4834338722570743,0.1023823108364729,True,True,B_price_times_shares,
7129,Miahelsa Holdings Corporation,Retail Trade,3186528000.0,close_times_edinet_shares_outstanding,3794546000.0,299868000.0,,,1.190808930597817,book_equity_over_market_equity,0.09410493176272106,net_income_over_market_equity,1.190808930597817,0.09410493176272106,True,True,B_price_times_shares,
5139,OpenWork Inc.,Information & Communication,18957793500.0,close_times_edinet_shares_outstanding,6868471000.0,837093000.0,,,0.3623032923108905,book_equity_over_market_equity,0.04415561336291589,net_income_over_market_equity,0.3623032923108905,0.04415561336291589,True,True,B_price_times_shares,
5351,"SHINAGAWA REFRA CO.,LTD.",Glass and Ceramics Products,85597638110.0,close_times_edinet_shares_outstanding,93828000000.0,10115000000.0,,,1.0961517405354493,book_equity_over_market_equity,0.1181691483940409,net_income_over_market_equity,1.0961517405354493,0.1181691483940409,True,True,B_price_times_shares,
8074,"YUASA CO.,LTD.",Wholesale Trade,119571066000.0,close_times_edinet_shares_outstanding,109416000000.0,10316000000.0,,,0.9150708750894635,book_equity_over_market_equity,0.08627505252817601,net_income_over_market_equity,0.9150708750894635,0.08627505252817601,True,True,B_price_times_shares,
9031,"Nishi-Nippon Railroad Co.,Ltd.",Land Transportation,214429155444.0,close_times_edinet_shares_outstanding,256039000000.0,21508000000.0,,,1.1940493794784672,book_equity_over_market_equity,0.10030352428271816,net_income_over_market_equity,1.1940493794784672,0.10030352428271816,True,True,B_price_times_shares,
2982,"A.D.Works Group Co.,Ltd.",Real Estate,19270457104.0,close_times_edinet_shares_outstanding,20576812000.0,3315372000.0,,,1.0677905505276695,book_equity_over_market_equity,0.17204428426930377,net_income_over_market_equity,1.0677905505276695,0.17204428426930377,True,True,B_price_times_shares,
5254,Arent Inc.,Information & Communication,24843963000.0,close_times_edinet_shares_outstanding,4805411000.0,633499000.0,,,0.19342369009324317,book_equity_over_market_equity,0.025499112198806607,net_income_over_market_equity,0.19342369009324317,0.025499112198806607,True,True,B_price_times_shares,
5034,"unerry,Inc.",Information & Communication,7533460350.0,close_times_edinet_shares_outstanding,2016886000.0,331860000.0,,,0.26772371610079554,book_equity_over_market_equity,0.04405146965431364,net_income_over_market_equity,0.26772371610079554,0.04405146965431364,True,True,B_price_times_shares,
4548,SEIKAGAKU CORPORATION,Pharmaceutical,39732560504.0,close_times_edinet_shares_outstanding,73187000000.0,1214000000.0,,,1.8419905254440383,book_equity_over_market_equity,0.030554285568325828,net_income_over_market_equity,1.8419905254440383,0.030554285568325828,True,True,B_price_times_shares,
1898,"SEIKITOKYU KOGYO CO.,LTD.",Construction,52460850331.0,close_times_edinet_shares_outstanding,41692000000.0,3887000000.0,,,0.7947259668294682,book_equity_over_market_equity,0.07409334723846644,net_income_over_market_equity,0.7947259668294682,0.07409334723846644,True,True,B_price_times_shares,
3931,VALUE GOLF Inc.,Information & Communication,3252420000.0,close_times_edinet_shares_outstanding,1073153000.0,15368000.0,,,0.3299552333339483,book_equity_over_market_equity,0.004725097004691891,net_income_over_market_equity,0.3299552333339483,0.006806227117135984,True,True,B_price_times_shares,
8093,"Kyokuto Boeki Kaisha,Limited",Wholesale Trade,21437100344.0,close_times_edinet_shares_outstanding,29356000000.0,3719000000.0,,,1.3694016228373167,book_equity_over_market_equity,0.17348428380337855,net_income_over_market_equity,1.3694016228373167,0.17348428380337855,True,True,B_price_times_shares,
9831,"YAMADA HOLDINGS CO.,LTD.",Retail Trade,421316418252.7201,close_times_edinet_shares_outstanding,645275000000.0,27439000000.0,,,1.5315686074520405,book_equity_over_market_equity,0.06512682347817061,net_income_over_market_equity,1.5315686074520405,0.06512682347817061,True,True,B_price_times_shares,
3288,"Open House Group Co.,Ltd.",Real Estate,936740507600.0,close_times_edinet_shares_outstanding,538834000000.0,104303000000.0,,,0.5752222687375114,book_equity_over_market_equity,0.11134673813480339,net_income_over_market_equity,0.5752222687375114,0.11134673813480339,True,True,B_price_times_shares,
9959,"ASEED HOLDINGS CO.,LTD.",Retail Trade,11052986304.0,close_times_edinet_shares_outstanding,7267000000.0,748000000.0,,,0.6574693752556378,book_equity_over_market_equity,0.06767401853463836,net_income_over_market_equity,0.6574693752556378,0.06767401853463836,True,True,B_price_times_shares,
4098,"Titan Kogyo ,Ltd.",Chemicals,3444949386.0,close_times_edinet_shares_outstanding,5652000000.0,233000000.0,,,1.640662711321472,book_equity_over_market_equity,0.06763524623812862,net_income_over_market_equity,1.640662711321472,0.06763524623812862,True,True,B_price_times_shares,
5244,"jig.jp co.,ltd.",Information & Communication,7291970000.0,close_times_edinet_shares_outstanding,4095757000.0,1077496000.0,,,0.5616804512360857,book_equity_over_market_equity,0.14776473298710774,net_income_over_market_equity,0.5616804512360857,0.14776473298710774,True,True,B_price_times_shares,
4784,"GMO internet,Inc.",Services,139317490224.0,close_times_edinet_shares_outstanding,14069000000.0,5775000000.0,,,0.10098516688306201,book_equity_over_market_equity,0.0414520817932819,net_income_over_market_equity,0.10098516688306201,0.0414520817932819,True,True,B_price_times_shares,
2531,TAKARA HOLDINGS INC.,Foods,435420752890.0,close_times_edinet_shares_outstanding,300903000000.0,17322000000.0,,,0.6910626055437851,book_equity_over_market_equity,0.039782210390821776,net_income_over_market_equity,0.6910626055437851,0.039782210390821776,True,True,B_price_times_shares,
5932,"Sankyo Tateyama,Inc.",Metal Products,19380613567.0,close_times_edinet_shares_outstanding,94804000000.0,-2336000000.0,,,4.891692395199802,book_equity_over_market_equity,,missing,4.561669803968577,,True,False,B_price_times_shares,net_income_nonpositive_or_missing
5471,"Daido Steel Co.,Ltd.",Iron and Steel,418225890205.0,close_times_edinet_shares_outstanding,301516000000.0,34993000000.0,,,0.7209405420888869,book_equity_over_market_equity,0.08367009508389744,net_income_over_market_equity,0.7209405420888869,0.08367009508389744,True,True,B_price_times_shares,
7614,"OM2Network Co.,Ltd.",Retail Trade,10262033694.0,close_times_edinet_shares_outstanding,18108822000.0,944255000.0,,,1.764642617631226,book_equity_over_market_equity,0.09201441236273532,net_income_over_market_equity,1.764642617631226,0.09201441236273532,True,True,B_price_times_shares,
2384,"SBS Holdings,Inc.",Land Transportation,189849172000.0,close_times_edinet_shares_outstanding,126553000000.0,13473000000.0,,,0.6665975872678549,book_equity_over_market_equity,0.0709668620519451,net_income_over_market_equity,0.6665975872678549,0.0709668620519451,True,True,B_price_times_shares,
6551,TSUNAGU GROUP HOLDINGS Inc.,Services,4480607880.0,close_times_edinet_shares_outstanding,2061705000.0,511417000.0,,,0.46013957374015957,book_equity_over_market_equity,0.11414009297327754,net_income_over_market_equity,0.46013957374015957,0.11414009297327754,True,True,B_price_times_shares,
2270,"MEGMILK SNOW BRAND Co.,Ltd.",Foods,232816637200.0,close_times_edinet_shares_outstanding,248037000000.0,14077000000.0,,,1.0653748932337899,book_equity_over_market_equity,0.06046389196794051,net_income_over_market_equity,1.0653748932337899,0.06046389196794051,True,True,B_price_times_shares,
8039,"TSUKIJI UOICHIBA COMPANY,LIMITED",Wholesale Trade,8253266400.0,close_times_edinet_shares_outstanding,6537000000.0,287000000.0,,,0.7920500421505842,book_equity_over_market_equity,0.03477411076904049,net_income_over_market_equity,0.7920500421505842,0.03477411076904049,True,True,B_price_times_shares,
8203,MrMax Holdings Ltd.,Retail Trade,23527615204.0,close_times_edinet_shares_outstanding,38374000000.0,2715000000.0,,,1.6310195345882705,book_equity_over_market_equity,0.11539631095030893,net_income_over_market_equity,1.6310195345882705,0.11539631095030893,True,True,B_price_times_shares,
5194,"SAGAMI RUBBER INDUSTRIES CO.,LTD.",Rubber Products,6969840258.0,close_times_edinet_shares_outstanding,11841271000.0,557326000.0,,,1.698930041676143,book_equity_over_market_equity,0.07996252128738529,net_income_over_market_equity,1.698930041676143,0.07996252128738529,True,True,B_price_times_shares,
3524,"NITTO SEIMO CO.,LTD.",Textiles and Apparels,3734496000.0,close_times_edinet_shares_outstanding,7456022000.0,534763000.0,,,1.9965269744565264,book_equity_over_market_equity,0.14319549411754626,net_income_over_market_equity,1.9965269744565264,0.14319549411754626,True,True,B_price_times_shares,
5253,COVER Corporation,Information & Communication,107206613300.0,close_times_edinet_shares_outstanding,16947000000.0,5559000000.0,,,0.1580779345447339,book_equity_over_market_equity,0.05185314439925508,net_income_over_market_equity,0.1580779345447339,0.05185314439925508,True,True,B_price_times_shares,
4256,"CYND Co.,Ltd.",Information & Communication,5993664000.0,close_times_edinet_shares_outstanding,3780774000.0,281358000.0,,,0.6307951196463465,book_equity_over_market_equity,0.04694257135535125,net_income_over_market_equity,0.6307951196463465,0.04694257135535125,True,True,B_price_times_shares,
3928,Mynet Inc.,Information & Communication,2095346330.0,close_times_edinet_shares_outstanding,1521161000.0,573204000.0,,,0.7259711572358541,book_equity_over_market_equity,0.27356050491185385,net_income_over_market_equity,0.7259711572358541,0.27356050491185385,True,True,B_price_times_shares,
8179,"ROYAL HOLDINGS Co., Ltd.",Retail Trade,124904198496.0,close_times_edinet_shares_outstanding,55481000000.0,5818000000.0,,,0.4441884313582682,book_equity_over_market_equity,0.046579699241945965,net_income_over_market_equity,0.4441884313582682,0.046579699241945965,True,True,B_price_times_shares,
3190,"HOTMAN Co.,Ltd.",Retail Trade,4014579500.0,close_times_edinet_shares_outstanding,7386507000.0,334419000.0,,,1.8399204698773557,book_equity_over_market_equity,0.0833011278018034,net_income_over_market_equity,1.8399204698773557,0.0833011278018034,True,True,B_price_times_shares,
3183,"WIN-Partners Co.,Ltd.",Wholesale Trade,34450962050.0,close_times_edinet_shares_outstanding,24069262000.0,2056087000.0,,,0.6986528261552568,book_equity_over_market_equity,0.05968155539505463,net_income_over_market_equity,0.6986528261552568,0.05968155539505463,True,True,B_price_times_shares,
4198,"TENDA Co.,LTD.",Information & Communication,3423505200.0,close_times_edinet_shares_outstanding,2794013000.0,275062000.0,,,0.8161264075194044,book_equity_over_market_equity,0.08034513866080881,net_income_over_market_equity,0.8161264075194044,0.08034513866080881,True,True,B_price_times_shares,
3918,"PCI Holdings,INC.",Information & Communication,11785879000.0,close_times_edinet_shares_outstanding,9452247000.0,613989000.0,,,0.8019976278392134,book_equity_over_market_equity,0.05209530829223684,net_income_over_market_equity,0.8019976278392134,0.05209530829223684,True,True,B_price_times_shares,
7677,"Yashima & Co.,Ltd.",Wholesale Trade,7618522500.0,close_times_edinet_shares_outstanding,9364065000.0,-691889000.0,,,1.2291182443839996,book_equity_over_market_equity,,missing,1.2291182443839996,,True,False,B_price_times_shares,net_income_nonpositive_or_missing
4379,Photosynth inc.,Information & Communication,6455968200.0,close_times_edinet_shares_outstanding,2531438000.0,410602000.0,,,0.39210818913265405,book_equity_over_market_equity,0.06360037523109237,net_income_over_market_equity,0.39210818913265405,0.06360037523109237,True,True,B_price_times_shares,
9994,YAMAYA CORPORATION,Retail Trade,22983916400.0,close_times_edinet_shares_outstanding,37330000000.0,4517000000.0,,,1.6241792456223867,book_equity_over_market_equity,0.1965287343283236,net_income_over_market_equity,1.6241792456223867,0.1965287343283236,True,True,B_price_times_shares,
2747,"Hokuyu Lucky Co.,Ltd.",Retail Trade,3848697300.0,close_times_edinet_shares_outstanding,5916253000.0,108349000.0,,,1.5372092266128594,book_equity_over_market_equity,0.028152123057326436,net_income_over_market_equity,1.5372092266128594,0.028152123057326436,True,True,B_price_times_shares,
7481,"OIE SANGYO CO.,LTD.",Wholesale Trade,19891920000.0,close_times_edinet_shares_outstanding,14476000000.0,2812000000.0,,,0.7277326673342744,book_equity_over_market_equity,0.1413639306814023,net_income_over_market_equity,0.7277326673342744,0.1413639306814023,True,True,B_price_times_shares,
3173,"Cominix Co.,Ltd.",Wholesale Trade,6600666940.0,close_times_edinet_shares_outstanding,7848000000.0,443000000.0,,,1.1889707617939589,book_equity_over_market_equity,0.06711443010636134,net_income_over_market_equity,1.1889707617939589,0.06711443010636134,True,True,B_price_times_shares,
1882,TOA ROAD CORPORATION,Construction,69787570840.0,close_times_edinet_shares_outstanding,56931000000.0,4267000000.0,,,0.815775636187769,book_equity_over_market_equity,0.061142692726514736,net_income_over_market_equity,0.815775636187769,0.061142692726514736,True,True,B_price_times_shares,
3156,Restar Corporation,Wholesale Trade,121188765330.0,close_times_edinet_shares_outstanding,100061000000.0,18934000000.0,,,0.825662343597044,book_equity_over_market_equity,0.15623560441796935,net_income_over_market_equity,0.825662343597044,0.15623560441796935,True,True,B_price_times_shares,
1770,"FUJITA ENGINEERING CO.,LTD.",Construction,15362765000.0,close_times_edinet_shares_outstanding,18984443000.0,1787461000.0,,,1.2357438911550103,book_equity_over_market_equity,0.1163502143006158,net_income_over_market_equity,1.2357438911550103,0.1163502143006158,True,True,B_price_times_shares,
7291,"NIHON PLAST CO.,LTD.",Transportation Equipment,8982265500.0,close_times_edinet_shares_outstanding,34538000000.0,3612000000.0,,,3.845132388927938,book_equity_over_market_equity,0.40212572206866964,net_income_over_market_equity,3.845132388927938,0.40212572206866964,True,True,B_price_times_shares,
9857,EIWA CORPORATION,Wholesale Trade,15726819500.0,close_times_edinet_shares_outstanding,16956756000.0,1954217000.0,,,1.078206308656369,book_equity_over_market_equity,0.12426015317337367,net_income_over_market_equity,1.078206308656369,0.12426015317337367,True,True,B_price_times_shares,
7911,TOPPAN Holdings Inc.,Other Products,1302448570368.0,raw_market_cap,1418608000000.0,99495000000.0,0.9681991,20.212156,1.0891854252634172,book_equity_over_market_equity,0.07639073224356814,net_income_over_market_equity,1.0891854252634172,0.07639073224356814,True,True,A_raw_market_cap,
8841,"TOC Co.,Ltd.",Real Estate,87405359632.0,close_times_edinet_shares_outstanding,100824000000.0,1801000000.0,,,1.1535219398958607,book_equity_over_market_equity,0.020605143752999735,net_income_over_market_equity,1.1535219398958607,0.020605143752999735,True,True,B_price_times_shares,
9312,"THE KEIHIN CO.,LTD.",Warehousing and Harbor Transportation Service,18319377870.0,close_times_edinet_shares_outstanding,30256000000.0,2188000000.0,,,1.6515844705374811,book_equity_over_market_equity,0.11943637035748311,net_income_over_market_equity,1.6515844705374811,0.11943637035748311,True,True,B_price_times_shares,
4496,Commerce One Holdings Inc.,Information & Communication,4875213500.0,close_times_edinet_shares_outstanding,2523215000.0,91594000.0,,,0.5175598976332011,book_equity_over_market_equity,0.018787690016037247,net_income_over_market_equity,0.5175598976332011,0.018787690016037247,True,True,B_price_times_shares,
3168,MERF Inc.,Wholesale Trade,19975863600.0,close_times_edinet_shares_outstanding,9218102000.0,-203114000.0,,,0.46146200157273803,book_equity_over_market_equity,,missing,0.46146200157273803,,True,False,B_price_times_shares,net_income_nonpositive_or_missing
3477,"FORLIFE Co.,Ltd.",Real Estate,3163446300.0,close_times_edinet_shares_outstanding,3973869000.0,550784000.0,,,1.2561834857130338,book_equity_over_market_equity,0.17410885084409367,net_income_over_market_equity,1.2561834857130338,0.17410885084409367,True,True,B_price_times_shares,
9248,"People, Dreams & Technologies Group Co.,Ltd.",Services,13223922600.0,close_times_edinet_shares_outstanding,20912000000.0,1564000000.0,,,1.5813764669191273,book_equity_over_market_equity,0.11827050469881002,net_income_over_market_equity,1.5813764669191273,0.11827050469881002,True,True,B_price_times_shares,
7442,"NAKAYAMAFUKU CO.,LTD.",Wholesale Trade,8729987840.0,close_times_edinet_shares_outstanding,22402922000.0,526983000.0,,,2.5662031162691745,book_equity_over_market_equity,0.06036468889285417,net_income_over_market_equity,2.5662031162691745,0.06036468889285417,True,True,B_price_times_shares,
4766,"PA Co.,Ltd.",Services,2053803900.0,close_times_edinet_shares_outstanding,521276000.0,95876000.0,,,0.253810015649498,book_equity_over_market_equity,0.046682158895501175,net_income_over_market_equity,0.253810015649498,0.046682158895501175,True,True,B_price_times_shares,
9233,"Asia Air Survey Co.,Ltd.",Air Transportation,19709568000.0,close_times_edinet_shares_outstanding,22248372000.0,1832214000.0,,,1.1288107380131316,book_equity_over_market_equity,0.09296063718900384,net_income_over_market_equity,1.1288107380131316,0.09296063718900384,True,True,B_price_times_shares,
3107,"Daiwabo Holdings Co.,Ltd.",Wholesale Trade,312076776960.0,close_times_edinet_shares_outstanding,152310000000.0,24751000000.0,,,0.48805297684653454,book_equity_over_market_equity,0.07931061144986262,net_income_over_market_equity,0.48805297684653454,0.07931061144986262,True,True,B_price_times_shares,
2698,"CAN DO CO.,LTD.",Retail Trade,51044147000.0,close_times_edinet_shares_outstanding,10533000000.0,446000000.0,,,0.2063507888573395,book_equity_over_market_equity,0.008737534589421192,net_income_over_market_equity,0.2063507888573395,0.008737534589421192,True,True,B_price_times_shares,
2910,"ROCK FIELD CO.,LTD.",Foods,32167443188.0,close_times_edinet_shares_outstanding,28908000000.0,329000000.0,,,0.8986726060585403,book_equity_over_market_equity,0.010227732371428662,net_income_over_market_equity,0.8986726060585403,0.010227732371428662,True,True,B_price_times_shares,
7120,SHINKO Inc.,Wholesale Trade,1574272000.0,close_times_edinet_shares_outstanding,2014542000.0,512872000.0,,,1.279665775672819,book_equity_over_market_equity,0.3257836002927067,net_income_over_market_equity,1.279665775672819,0.3257836002927067,True,True,B_price_times_shares,
8152,SOMAR CORPORATION,Wholesale Trade,14981775820.0,close_times_edinet_shares_outstanding,20173016000.0,2586595000.0,,,1.3465036616733996,book_equity_over_market_equity,0.17264942628142996,net_income_over_market_equity,1.3465036616733996,0.17264942628142996,True,True,B_price_times_shares,
5391,A&A Material Corporation,Glass and Ceramics Products,10869238200.0,close_times_edinet_shares_outstanding,18652000000.0,-962000000.0,,,1.7160356279614886,book_equity_over_market_equity,,missing,1.7160356279614886,,True,False,B_price_times_shares,net_income_nonpositive_or_missing
6549,"DM Solutions Co.,Ltd",Services,5659335000.0,close_times_edinet_shares_outstanding,3347617000.0,496106000.0,,,0.5915212653076731,book_equity_over_market_equity,0.08766153620522553,net_income_over_market_equity,0.5915212653076731,0.08766153620522553,True,True,B_price_times_shares,
3652,Digital Media Professionals Inc.,Information & Communication,10394886000.0,close_times_edinet_shares_outstanding,3611482000.0,157122000.0,,,0.3474287260100784,book_equity_over_market_equity,0.01511531728197885,net_income_over_market_equity,0.3474287260100784,0.01511531728197885,True,True,B_price_times_shares,
9468,KADOKAWA CORPORATION,Information & Communication,479803337000.0,close_times_edinet_shares_outstanding,277408000000.0,9938000000.0,,,0.5781702181033392,book_equity_over_market_equity,0.020712652942636786,net_income_over_market_equity,0.5781702181033392,0.020712652942636786,True,True,B_price_times_shares,
3321,"MITACHI CO.,LTD.",Wholesale Trade,14224654290.0,close_times_edinet_shares_outstanding,15706805000.0,1710438000.0,,,1.1041959038007665,book_equity_over_market_equity,0.12024460947373927,net_income_over_market_equity,1.1041959038007665,0.12024460947373927,True,True,B_price_times_shares,
3577,Tokai Senko K.K.,Textiles and Apparels,2957595524.0,close_times_edinet_shares_outstanding,8588339000.0,508350000.0,,,2.9038247219094724,book_equity_over_market_equity,0.17187948652034815,net_income_over_market_equity,2.9038247219094724,0.17187948652034815,True,True,B_price_times_shares,
8769,"Advantage Risk Management Co.,Ltd.",Services,7826493900.0,close_times_edinet_shares_outstanding,3959913000.0,744364000.0,,,0.5059625741227499,book_equity_over_market_equity,0.09510823230821147,net_income_over_market_equity,0.5059625741227499,0.09510823230821147,True,True,B_price_times_shares,
4577,"Daito Pharmaceutical Co.,Ltd.",Pharmaceutical,34644234840.0,close_times_edinet_shares_outstanding,52067000000.0,1908000000.0,,,1.5029051800527513,book_equity_over_market_equity,0.05507409844125165,net_income_over_market_equity,1.5029051800527513,0.05507409844125165,True,True,B_price_times_shares,
2395,"SHIN NIPPON BIOMEDICAL LABORATORIES,LTD.",Services,46336304700.0,close_times_edinet_shares_outstanding,40085590000.0,4924848000.0,,,0.8651011395822421,book_equity_over_market_equity,0.10628486738175304,net_income_over_market_equity,0.8651011395822421,0.10628486738175304,True,True,B_price_times_shares,
3571,"SOTOH CO.,LTD.",Textiles and Apparels,8798073243.0,close_times_edinet_shares_outstanding,14826925000.0,406794000.0,,,1.6852468251269366,book_equity_over_market_equity,0.046236714421951076,net_income_over_market_equity,1.6852468251269366,0.046236714421951076,True,True,B_price_times_shares,
7461,"KIMURA CO.,LTD.",Wholesale Trade,6630216900.0,close_times_edinet_shares_outstanding,19094919000.0,1396103000.0,,,2.87998406205987,book_equity_over_market_equity,0.21056671615071898,net_income_over_market_equity,2.87998406205987,0.21056671615071898,True,True,B_price_times_shares,
7607,"Shinwa Co.,Ltd.",Wholesale Trade,39199574700.0,close_times_edinet_shares_outstanding,43609317000.0,3314145000.0,,,1.1124946465299277,book_equity_over_market_equity,0.08454543258093053,net_income_over_market_equity,1.1124946465299277,0.08454543258093053,True,True,B_price_times_shares,
9025,"Konoike Transport Co.,Ltd.",Land Transportation,142765944980.0,close_times_edinet_shares_outstanding,150424000000.0,14590000000.0,,,1.0536406285201476,book_equity_over_market_equity,0.10219523992254528,net_income_over_market_equity,1.0536406285201476,0.10219523992254528,True,True,B_price_times_shares,
4261,"AsiaQuest Co.,Ltd.",Information & Communication,5245125000.0,close_times_edinet_shares_outstanding,1985049000.0,290954000.0,,,0.3784559948523629,book_equity_over_market_equity,0.055471318605371654,net_income_over_market_equity,0.3784559948523629,0.055471318605371654,True,True,B_price_times_shares,
2492,Infomart Corporation,Services,89328636684.0,close_times_edinet_shares_outstanding,12832710000.0,2462482000.0,,,0.14365729150659384,book_equity_over_market_equity,0.02756654631046289,net_income_over_market_equity,0.14365729150659384,0.02756654631046289,True,True,B_price_times_shares,
1811,THE ZENITAKA CORPORATION,Construction,57580389600.0,close_times_edinet_shares_outstanding,96867000000.0,3509000000.0,,,1.6822915001603254,book_equity_over_market_equity,0.060940886721613984,net_income_over_market_equity,1.6822915001603254,0.060940886721613984,True,True,B_price_times_shares,
9990,SAC'S BAR HOLDINGS INC.,Retail Trade,20688014400.0,close_times_edinet_shares_outstanding,29541784000.0,2545172000.0,,,1.4279661367598429,book_equity_over_market_equity,0.12302640315254228,net_income_over_market_equity,1.4279661367598429,0.12302640315254228,True,True,B_price_times_shares,
3683,"CYBERLINKS CO.,LTD.",Information & Communication,12131732760.0,close_times_edinet_shares_outstanding,9516000000.0,1303000000.0,,,0.7843891872870434,book_equity_over_market_equity,0.1074042781667736,net_income_over_market_equity,0.7843891872870434,0.1074042781667736,True,True,B_price_times_shares,
7444,"Harima-Kyowa Co.,LTD.",Wholesale Trade,10530063408.0,close_times_edinet_shares_outstanding,24805855000.0,1290270000.0,,,2.3557175335861946,book_equity_over_market_equity,0.12253202568749433,net_income_over_market_equity,2.3557175335861946,0.12253202568749433,True,True,B_price_times_shares,
3121,"MBK Co.,Ltd.",Services,6994392750.0,close_times_edinet_shares_outstanding,4678186000.0,-85849000.0,,,0.6688480568952895,book_equity_over_market_equity,,missing,0.6688480568952895,,True,False,B_price_times_shares,net_income_nonpositive_or_missing
8079,SHOEI FOODS CORPORATION,Wholesale Trade,65547797000.0,close_times_edinet_shares_outstanding,55931216000.0,3129616000.0,,,0.8532890281575748,book_equity_over_market_equity,0.047745555811738415,net_income_over_market_equity,0.8532890281575748,0.047745555811738415,True,True,B_price_times_shares,
2146,"UT Group Co.,Ltd.",Services,7221725889.0,close_times_edinet_shares_outstanding,36323000000.0,10808000000.0,,,5.029684116829541,book_equity_over_market_equity,1.4965951582934693,net_income_over_market_equity,4.561669803968577,0.4713793788347592,True,True,B_price_times_shares,
5542,Shinhokoku Material Corp.,Iron and Steel,5631652800.0,close_times_edinet_shares_outstanding,5806498000.0,401136000.0,,,1.0310468713554217,book_equity_over_market_equity,0.07122882291323072,net_income_over_market_equity,1.0310468713554217,0.07122882291323072,True,True,B_price_times_shares,
1383,"Berg Earth co.,ltd.","Fishery, Agriculture and Forestry",4593377600.0,close_times_edinet_shares_outstanding,2174388000.0,53250000.0,,,0.47337453816119973,book_equity_over_market_equity,0.011592776522443964,net_income_over_market_equity,0.47337453816119973,0.011592776522443964,True,True,B_price_times_shares,
7994,OKAMURA CORPORATION,Other Products,215142443880.0,close_times_edinet_shares_outstanding,186795000000.0,22081000000.0,,,0.8682387195721764,book_equity_over_market_equity,0.10263432729394911,net_income_over_market_equity,0.8682387195721764,0.10263432729394911,True,True,B_price_times_shares,
4259,ExaWizards Inc.,Information & Communication,99415507200.0,close_times_edinet_shares_outstanding,4588000000.0,-2576000000.0,,,0.046149741918733576,book_equity_over_market_equity,,missing,0.09741440959758958,,True,False,B_price_times_shares,net_income_nonpositive_or_missing
7500,"NISHIKAWA KEISOKU Co.,Ltd.",Wholesale Trade,33879750000.0,close_times_edinet_shares_outstanding,20480298000.0,2681935000.0,,,0.6044996790117991,book_equity_over_market_equity,0.07916041293102812,net_income_over_market_equity,0.6044996790117991,0.07916041293102812,True,True,B_price_times_shares,
7162,"ASTMAX Co.,Ltd.",Electric Power and Gas,3682859400.0,close_times_edinet_shares_outstanding,5392752000.0,-146994000.0,,,1.4642839745660667,book_equity_over_market_equity,,missing,1.4642839745660667,,True,False,B_price_times_shares,net_income_nonpositive_or_missing
5458,TAKASAGO TEKKO K.K.,Iron and Steel,3665686200.0,close_times_edinet_shares_outstanding,4736000000.0,333000000.0,,,1.2919818395802674,book_equity_over_market_equity,0.09084247309548756,net_income_over_market_equity,1.2919818395802674,0.09084247309548756,True,True,B_price_times_shares,
9001,"TOBU RAILWAY CO.,LTD.",Land Transportation,541169856542.0,close_times_edinet_shares_outstanding,560753000000.0,51633000000.0,,,1.0361866856057607,book_equity_over_market_equity,0.09540997041100492,net_income_over_market_equity,1.0361866856057607,0.09540997041100492,True,True,B_price_times_shares,
4886,"ASKA Pharmaceutical Holdings Co.,Ltd.",Pharmaceutical,77069875883.0,close_times_edinet_shares_outstanding,69195000000.0,5101000000.0,,,0.897821609380105,book_equity_over_market_equity,0.06618669021530335,net_income_over_market_equity,0.897821609380105,0.06618669021530335,True,True,B_price_times_shares,
4476,AI CROSS Inc.,Information & Communication,3695577450.0,close_times_edinet_shares_outstanding,2135174000.0,223297000.0,,,0.5777646467671784,book_equity_over_market_equity,0.060422762889193404,net_income_over_market_equity,0.5777646467671784,0.060422762889193404,True,True,B_price_times_shares,
5592,"Kusurinomadoguchi,Inc.",Information & Communication,28843110000.0,close_times_edinet_shares_outstanding,8516850000.0,2071415000.0,,,0.29528195815222424,book_equity_over_market_equity,0.07181663142428123,net_income_over_market_equity,0.29528195815222424,0.07181663142428123,True,True,B_price_times_shares,
8051,YAMAZEN CORPORATION,Wholesale Trade,146544814485.0,close_times_edinet_shares_outstanding,127933000000.0,8091000000.0,,,0.8729957484309002,book_equity_over_market_equity,0.05521177960771977,net_income_over_market_equity,0.8729957484309002,0.05521177960771977,True,True,B_price_times_shares,
2752,FUJIO FOOD GROUP INC.,Retail Trade,58496259717.0,close_times_edinet_shares_outstanding,11523000000.0,297000000.0,,,0.1969869536231429,book_equity_over_market_equity,0.005077247698175253,net_income_over_market_equity,0.1969869536231429,0.006806227117135984,True,True,B_price_times_shares,
4075,"Brains Technology,Inc.",Information & Communication,6216937500.0,close_times_edinet_shares_outstanding,1643356000.0,133691000.0,,,0.2643352937036925,book_equity_over_market_equity,0.021504317841380904,net_income_over_market_equity,0.2643352937036925,0.021504317841380904,True,True,B_price_times_shares,
3289,Tokyu Fudosan Holdings Corporation,Real Estate,936409937874.0,close_times_edinet_shares_outstanding,843500000000.0,78392000000.0,,,0.9007807007207332,book_equity_over_market_equity,0.08371547206982777,net_income_over_market_equity,0.9007807007207332,0.08371547206982777,True,True,B_price_times_shares,
7501,TIEMCO LTD.,Wholesale Trade,4200135520.0,close_times_edinet_shares_outstanding,4373886000.0,-128865000.0,,,1.0413678271028741,book_equity_over_market_equity,,missing,1.0413678271028741,,True,False,B_price_times_shares,net_income_nonpositive_or_missing
7446,"TOHOKU CHEMICAL Co.,LTD.",Wholesale Trade,4324800000.0,close_times_edinet_shares_outstanding,8019651000.0,432126000.0,,,1.8543403163152052,book_equity_over_market_equity,0.09991814650388457,net_income_over_market_equity,1.8543403163152052,0.09991814650388457,True,True,B_price_times_shares,
9982,"Takihyo Co.,Ltd.",Wholesale Trade,23392376800.0,close_times_edinet_shares_outstanding,32555000000.0,1615000000.0,,,1.391692698794079,book_equity_over_market_equity,0.06903958557986292,net_income_over_market_equity,1.391692698794079,0.06903958557986292,True,True,B_price_times_shares,
6615,"UMC Electronics Co.,Ltd.",Electric Appliances,6528438240.0,close_times_edinet_shares_outstanding,15317000000.0,-2508000000.0,,,2.3461966609643534,book_equity_over_market_equity,,missing,2.3461966609643534,,True,False,B_price_times_shares,net_income_nonpositive_or_missing
4761,SAKURA KCS Corporation,Information & Communication,15455034000.0,close_times_edinet_shares_outstanding,19866000000.0,1801000000.0,,,1.2854064248580754,book_equity_over_market_equity,0.11653161034779995,net_income_over_market_equity,1.2854064248580754,0.11653161034779995,True,True,B_price_times_shares,
1807,"WATANABE SATO CO.,LTD.",Construction,11207230300.0,close_times_edinet_shares_outstanding,21426700000.0,895375000.0,,,1.9118639865908706,book_equity_over_market_equity,0.07989262074858942,net_income_over_market_equity,1.9118639865908706,0.07989262074858942,True,True,B_price_times_shares,
6561,"HANATOUR JAPAN CO.,LTD.",Services,9491958000.0,close_times_edinet_shares_outstanding,4485272000.0,1385131000.0,,,0.4725339071243257,book_equity_over_market_equity,0.14592679402921926,net_income_over_market_equity,0.4725339071243257,0.14592679402921926,True,True,B_price_times_shares,
1446,"CANDEAL Co.,Ltd.",Construction,4863442500.0,close_times_edinet_shares_outstanding,2972385000.0,196374000.0,,,0.6111689405189842,book_equity_over_market_equity,0.040377572059297505,net_income_over_market_equity,0.6111689405189842,0.040377572059297505,True,True,B_price_times_shares,
7037,teno.Holdings Company Limited,Services,4088897000.0,close_times_edinet_shares_outstanding,1804000000.0,110000000.0,,,0.44119477697775217,book_equity_over_market_equity,0.026902120547423913,net_income_over_market_equity,0.44119477697775217,0.026902120547423913,True,True,B_price_times_shares,
3546,"Alleanza Holdings Co.,Ltd.",Retail Trade,43593666072.0,close_times_edinet_shares_outstanding,33384000000.0,2572000000.0,,,0.7657993238022801,book_equity_over_market_equity,0.0589993967415368,net_income_over_market_equity,0.7657993238022801,0.0589993967415368,True,True,B_price_times_shares,
8043,Starzen Company Limited,Wholesale Trade,67128009832.0,close_times_edinet_shares_outstanding,88747000000.0,12198000000.0,,,1.3220561762832748,book_equity_over_market_equity,0.1817125225450256,net_income_over_market_equity,1.3220561762832748,0.1817125225450256,True,True,B_price_times_shares,
3058,Sanyodo Holdings Inc.,Retail Trade,4967278800.0,close_times_edinet_shares_outstanding,2820871000.0,178124000.0,,,0.5678906124616964,book_equity_over_market_equity,0.035859472997569614,net_income_over_market_equity,0.5678906124616964,0.035859472997569614,True,True,B_price_times_shares,
2376,SCINEX CORPORATION,Services,4368678740.0,close_times_edinet_shares_outstanding,8044470000.0,304900000.0,,,1.8413965591802706,book_equity_over_market_equity,0.06979226858874041,net_income_over_market_equity,1.8413965591802706,0.06979226858874041,True,True,B_price_times_shares,
7976,"MITSUBISHI PENCIL COMPANY,LIMITED",Other Products,137931774600.0,close_times_edinet_shares_outstanding,140432000000.0,8117000000.0,,,1.018126536885722,book_equity_over_market_equity,0.05884793423081211,net_income_over_market_equity,1.018126536885722,0.05884793423081211,True,True,B_price_times_shares,
9849,KYODO PAPER HOLDINGS,Wholesale Trade,3025296900.0,close_times_edinet_shares_outstanding,3899075000.0,28016000.0,,,1.2888239167534268,book_equity_over_market_equity,0.009260578688987517,net_income_over_market_equity,1.2888239167534268,0.009260578688987517,True,True,B_price_times_shares,
7504,KOHSOKU CORPORATION,Wholesale Trade,54399699900.0,close_times_edinet_shares_outstanding,39769719000.0,3465564000.0,,,0.7310650439819798,book_equity_over_market_equity,0.0637055720228339,net_income_over_market_equity,0.7310650439819798,0.0637055720228339,True,True,B_price_times_shares,
9419,"WirelessGate,Inc.",Information & Communication,3372977940.0,close_times_edinet_shares_outstanding,1650160000.0,334274000.0,,,0.48922940776778395,book_equity_over_market_equity,0.0991035239323267,net_income_over_market_equity,0.48922940776778395,0.0991035239323267,True,True,B_price_times_shares,
7459,MEDIPAL HOLDINGS CORPORATION,Wholesale Trade,554707270535.0,close_times_edinet_shares_outstanding,757947000000.0,51530000000.0,,,1.3663909601707236,book_equity_over_market_equity,0.092895843875096,net_income_over_market_equity,1.3663909601707236,0.092895843875096,True,True,B_price_times_shares,
8173,Joshin Corporation,Retail Trade,81231678000.0,close_times_edinet_shares_outstanding,104665000000.0,3407000000.0,,,1.2884751685173856,book_equity_over_market_equity,0.04194176562498192,net_income_over_market_equity,1.2884751685173856,0.04194176562498192,True,True,B_price_times_shares,
4415,"BROAD ENTERPRISE CO.,LTD.",Information & Communication,7711598500.0,close_times_edinet_shares_outstanding,1627361000.0,416997000.0,,,0.21102771364458356,book_equity_over_market_equity,0.0540740029450444,net_income_over_market_equity,0.21102771364458356,0.0540740029450444,True,True,B_price_times_shares,
9989,"SUNDRUG CO.,LTD.",Retail Trade,421082582400.0,close_times_edinet_shares_outstanding,271350000000.0,30750000000.0,,,0.6444104110253505,book_equity_over_market_equity,0.07302605542299438,net_income_over_market_equity,0.6444104110253505,0.07302605542299438,True,True,B_price_times_shares,
9216,"Bewith,Inc.",Services,21387369600.0,close_times_edinet_shares_outstanding,8952625000.0,461869000.0,,,0.4185940191541834,book_equity_over_market_equity,0.02159540928305648,net_income_over_market_equity,0.4185940191541834,0.02159540928305648,True,True,B_price_times_shares,
7421,"KAPPA・CREATE CO.,LTD.",Retail Trade,69581917980.0,close_times_edinet_shares_outstanding,10889000000.0,1155000000.0,,,0.15649180586154346,book_equity_over_market_equity,0.01659914002847669,net_income_over_market_equity,0.15649180586154346,0.01659914002847669,True,True,B_price_times_shares,
8076,CANOX CORPORATION,Wholesale Trade,19312142500.0,close_times_edinet_shares_outstanding,31695421000.0,1989403000.0,,,1.641217229005016,book_equity_over_market_equity,0.1030130654845779,net_income_over_market_equity,1.641217229005016,0.1030130654845779,True,True,B_price_times_shares,
5257,"NOVA SYSTEM CO.,LTD.",Information & Communication,3572420400.0,close_times_edinet_shares_outstanding,2551931000.0,234059000.0,,,0.714342298571579,book_equity_over_market_equity,0.06551832477499009,net_income_over_market_equity,0.714342298571579,0.06551832477499009,True,True,B_price_times_shares,
2060,"FEED ONE CO.,LTD.",Foods,45247456128.0,close_times_edinet_shares_outstanding,55347000000.0,5488000000.0,,,1.2232068879945321,book_equity_over_market_equity,0.1212885865776644,net_income_over_market_equity,1.2232068879945321,0.1212885865776644,True,True,B_price_times_shares,
1788,SANTO CORPORATION,Construction,2835032000.0,close_times_edinet_shares_outstanding,3429963000.0,238259000.0,,,1.2098498359101415,book_equity_over_market_equity,0.08404102669740589,net_income_over_market_equity,1.2098498359101415,0.08404102669740589,True,True,B_price_times_shares,
2217,Morozoff Limited,Foods,29954415744.0,close_times_edinet_shares_outstanding,19873385000.0,765124000.0,,,0.6634542689747078,book_equity_over_market_equity,0.025542945205107453,net_income_over_market_equity,0.6634542689747078,0.025542945205107453,True,True,B_price_times_shares,
7215,"FALTEC Co.,Ltd.",Transportation Equipment,4248188700.0,close_times_edinet_shares_outstanding,21435000000.0,556000000.0,,,5.045679821143538,book_equity_over_market_equity,0.13087930863334768,net_income_over_market_equity,4.561669803968577,0.13087930863334768,True,True,B_price_times_shares,
2334,eole Inc.,Services,1603588920.0,close_times_edinet_shares_outstanding,-1465720000.0,-493222000.0,,,,missing,,missing,,,False,False,B_price_times_shares,book_equity_nonpositive_or_missing;net_income_nonpositive_or_missing
7095,"Macbee Planet,Inc.",Services,16025823660.0,close_times_edinet_shares_outstanding,11261000000.0,1935000000.0,,,0.7026783920072162,book_equity_over_market_equity,0.12074262397069206,net_income_over_market_equity,0.7026783920072162,0.12074262397069206,True,True,B_price_times_shares,
7938,REGAL CORPORATION,Other Products,6532462300.0,close_times_edinet_shares_outstanding,12746000000.0,719000000.0,,,1.9511785012521237,book_equity_over_market_equity,0.11006569452379389,net_income_over_market_equity,1.9511785012521237,0.11006569452379389,True,True,B_price_times_shares,
1813,Fudo Tetra Corporation,Construction,41510044886.0,close_times_edinet_shares_outstanding,34675000000.0,2210000000.0,,,0.8353399784372375,book_equity_over_market_equity,0.05324012551827815,net_income_over_market_equity,0.8353399784372375,0.05324012551827815,True,True,B_price_times_shares,
7475,"ALBIS Co.,Ltd.",Retail Trade,20463829636.0,close_times_edinet_shares_outstanding,32322000000.0,1622000000.0,,,1.5794697559023405,book_equity_over_market_equity,0.07926180137595434,net_income_over_market_equity,1.5794697559023405,0.07926180137595434,True,True,B_price_times_shares,
3719,"AI storm Co.,Ltd.",Information & Communication,6022480256.0,close_times_edinet_shares_outstanding,2057720000.0,177799000.0,,,0.3416731832287804,book_equity_over_market_equity,0.02952255423716245,net_income_over_market_equity,0.3416731832287804,0.02952255423716245,True,True,B_price_times_shares,
9355,RINKO CORPORATION,Warehousing and Harbor Transportation Service,5902232836.0,close_times_edinet_shares_outstanding,18422319000.0,526841000.0,,,3.1212457237598548,book_equity_over_market_equity,0.08926130409268049,net_income_over_market_equity,3.1212457237598548,0.08926130409268049,True,True,B_price_times_shares,
3176,"Sanyo Trading Co.,Ltd.",Wholesale Trade,44367720320.0,close_times_edinet_shares_outstanding,51321083000.0,4615401000.0,,,1.1567212069912363,book_equity_over_market_equity,0.1040261020109135,net_income_over_market_equity,1.1567212069912363,0.1040261020109135,True,True,B_price_times_shares,
3178,"CHIMNEY CO.,LTD.",Retail Trade,20296236000.0,close_times_edinet_shares_outstanding,6069996000.0,1076442000.0,,,0.29907003446353303,book_equity_over_market_equity,0.05303653347349725,net_income_over_market_equity,0.29907003446353303,0.05303653347349725,True,True,B_price_times_shares,
6630,YA-MAN LTD.,Electric Appliances,39395236480.0,close_times_edinet_shares_outstanding,24440000000.0,-1197000000.0,,,0.6203795733630788,book_equity_over_market_equity,,missing,0.6203795733630788,,True,False,B_price_times_shares,net_income_nonpositive_or_missing
6070,"CAREERLINK CO.,LTD.",Services,25417309700.0,close_times_edinet_shares_outstanding,14912900000.0,1845789000.0,,,0.5867222053009017,book_equity_over_market_equity,0.0726193693111431,net_income_over_market_equity,0.5867222053009017,0.0726193693111431,True,True,B_price_times_shares,
2264,"MORINAGA MILK INDUSTRY CO.,LTD.",Foods,406931888286.0,close_times_edinet_shares_outstanding,271103000000.0,5459000000.0,,,0.6662122281492555,book_equity_over_market_equity,0.013415021425313575,net_income_over_market_equity,0.6662122281492555,0.013415021425313575,True,True,B_price_times_shares,
8214,AOKI Holdings Inc.,Retail Trade,134976975420.0,close_times_edinet_shares_outstanding,142140000000.0,9574000000.0,,,1.0530684922944171,book_equity_over_market_equity,0.07093061590844765,net_income_over_market_equity,1.0530684922944171,0.07093061590844765,True,True,B_price_times_shares,
7082,"Jimoty,Inc.",Services,13842569616.0,close_times_edinet_shares_outstanding,1694086000.0,472234000.0,,,0.1223823355774843,book_equity_over_market_equity,0.0341146198357685,net_income_over_market_equity,0.1223823355774843,0.0341146198357685,True,True,B_price_times_shares,
5243,note inc.,Information & Communication,36652827200.0,close_times_edinet_shares_outstanding,2878649000.0,440642000.0,,,0.07853825256895872,book_equity_over_market_equity,0.0120220466922126,net_income_over_market_equity,0.09741440959758958,0.0120220466922126,True,True,B_price_times_shares,
3031,"RACCOON HOLDINGS,Inc.",Information & Communication,13113797863.0,close_times_edinet_shares_outstanding,4584273000.0,836932000.0,,,0.3495763048883286,book_equity_over_market_equity,0.06382071835660717,net_income_over_market_equity,0.3495763048883286,0.06382071835660717,True,True,B_price_times_shares,
9558,"Japaniace Co.,Ltd.",Services,7726030900.0,close_times_edinet_shares_outstanding,3379529000.0,765152000.0,,,0.4374211084245081,book_equity_over_market_equity,0.0990355863060294,net_income_over_market_equity,0.4374211084245081,0.0990355863060294,True,True,B_price_times_shares,
3036,ALCONIX CORPORATION,Wholesale Trade,73732504800.0,close_times_edinet_shares_outstanding,70312000000.0,4873000000.0,,,0.9536092689475538,book_equity_over_market_equity,0.0660902544029672,net_income_over_market_equity,0.9536092689475538,0.0660902544029672,True,True,B_price_times_shares,
8276,"HEIWADO CO.,LTD.",Retail Trade,123637425000.0,close_times_edinet_shares_outstanding,197962000000.0,9540000000.0,,,1.6011494901321344,book_equity_over_market_equity,0.07716110231186067,net_income_over_market_equity,1.6011494901321344,0.07716110231186067,True,True,B_price_times_shares,
8881,"NISSHIN GROUP HOLDINGS Company,Limited",Real Estate,29268944640.0,close_times_edinet_shares_outstanding,69376669000.0,2057620000.0,,,2.3703167248875565,book_equity_over_market_equity,0.070300450710067,net_income_over_market_equity,2.3703167248875565,0.070300450710067,True,True,B_price_times_shares,
2782,"Seria Co.,Ltd.",Retail Trade,279138545000.0,close_times_edinet_shares_outstanding,108002000000.0,11218000000.0,,,0.3869118111223228,book_equity_over_market_equity,0.04018792890104088,net_income_over_market_equity,0.3869118111223228,0.04018792890104088,True,True,B_price_times_shares,
5344,"MARUWA CO.,LTD.",Glass and Ceramics Products,945482039296.0,raw_market_cap,127854000000.0,19242000000.0,6.4204073,51.984177,0.13522625992472506,book_equity_over_market_equity,0.020351523561809248,net_income_over_market_equity,0.13522625992472506,0.020351523561809248,True,True,A_raw_market_cap,
4918,IVY COSMETICS CORPORATION,Chemicals,1517023200.0,close_times_edinet_shares_outstanding,2585957000.0,43013000.0,,,1.7046258752008538,book_equity_over_market_equity,0.028353554513866366,net_income_over_market_equity,1.7046258752008538,0.028353554513866366,True,True,B_price_times_shares,
7864,"FUJI SEAL INTERNATIONAL,INC.",Other Products,141760863276.0,close_times_edinet_shares_outstanding,145269000000.0,12199000000.0,,,1.0247468634355723,book_equity_over_market_equity,0.0860533698659077,net_income_over_market_equity,1.0247468634355723,0.0860533698659077,True,True,B_price_times_shares,
7462,CAPITA Inc.,Retail Trade,2281268700.0,close_times_edinet_shares_outstanding,1524214000.0,30110000.0,,,0.6681431257966236,book_equity_over_market_equity,0.013198795915623618,net_income_over_market_equity,0.6681431257966236,0.013198795915623618,True,True,B_price_times_shares,
5602,"Kurimoto,Ltd.",Iron and Steel,16771126200.0,close_times_edinet_shares_outstanding,88678000000.0,7023000000.0,,,5.287539962581643,book_equity_over_market_equity,0.41875542025317297,net_income_over_market_equity,4.561669803968577,0.41875542025317297,True,True,B_price_times_shares,
8057,"UCHIDA YOKO CO.,LTD.",Wholesale Trade,19983965601.0,close_times_edinet_shares_outstanding,70805000000.0,9867000000.0,,,3.543090566391733,book_equity_over_market_equity,0.4937458458948836,net_income_over_market_equity,3.543090566391733,0.4713793788347592,True,True,B_price_times_shares,
1938,"NIPPON RIETEC CO.,LTD.",Construction,67620324844.0,close_times_edinet_shares_outstanding,63728897000.0,4733323000.0,,,0.9424518019844252,book_equity_over_market_equity,0.06999852501329697,net_income_over_market_equity,0.9424518019844252,0.06999852501329697,True,True,B_price_times_shares,
8078,"HANWA CO.,LTD.",Wholesale Trade,71275536100.0,close_times_edinet_shares_outstanding,389470000000.0,46140000000.0,,,5.464287205831343,book_equity_over_market_equity,0.6473469373175293,net_income_over_market_equity,4.561669803968577,0.4713793788347592,True,True,B_price_times_shares,
2784,Alfresa Holdings Corporation,Wholesale Trade,394106386800.0,close_times_edinet_shares_outstanding,482247000000.0,27436000000.0,,,1.2236467516186926,book_equity_over_market_equity,0.06961572032052134,net_income_over_market_equity,1.2236467516186926,0.06961572032052134,True,True,B_price_times_shares,
2804,"BULL-DOG SAUCE CO.,LTD.",Foods,22791362880.0,close_times_edinet_shares_outstanding,21445241000.0,623684000.0,,,0.9409371924317322,book_equity_over_market_equity,0.02736492781426856,net_income_over_market_equity,0.9409371924317322,0.02736492781426856,True,True,B_price_times_shares,
7850,"SOUGOU SHOUKEN CO.,LTD.",Other Products,2570494370.0,close_times_edinet_shares_outstanding,3173627000.0,321125000.0,,,1.2346368220211275,book_equity_over_market_equity,0.12492733061306024,net_income_over_market_equity,1.2346368220211275,0.12492733061306024,True,True,B_price_times_shares,
1420,Sanyo Homes Corporation,Construction,7235382400.0,close_times_edinet_shares_outstanding,15350070000.0,673078000.0,,,2.121528504146512,book_equity_over_market_equity,0.09302590558309676,net_income_over_market_equity,2.121528504146512,0.09302590558309676,True,True,B_price_times_shares,
6836,"PLAT'HOME CO.,LTD.",Electric Appliances,4161184000.0,close_times_edinet_shares_outstanding,570715000.0,12046000.0,,,0.13715207018002568,book_equity_over_market_equity,0.002894849158316479,net_income_over_market_equity,0.13715207018002568,0.006806227117135984,True,True,B_price_times_shares,
2281,"Prima Meat Packers,Ltd.",Foods,119899635018.0,close_times_edinet_shares_outstanding,130228000000.0,8043000000.0,,,1.0861417549807342,book_equity_over_market_equity,0.06708110494908963,net_income_over_market_equity,1.0861417549807342,0.06708110494908963,True,True,B_price_times_shares,
4413,"baudroie,inc.",Information & Communication,78206637156.0,close_times_edinet_shares_outstanding,6495380000.0,1443182000.0,,,0.08305407617826047,book_equity_over_market_equity,0.018453446567728803,net_income_over_market_equity,0.09741440959758958,0.018453446567728803,True,True,B_price_times_shares,
2923,"SATO FOODS CO.,LTD.",Foods,36819010000.0,close_times_edinet_shares_outstanding,22475845000.0,1949451000.0,,,0.6104413182212124,book_equity_over_market_equity,0.052946860874314654,net_income_over_market_equity,0.6104413182212124,0.052946860874314654,True,True,B_price_times_shares,
9979,DAISYO CORPORATION,Retail Trade,21929494290.0,close_times_edinet_shares_outstanding,11286000000.0,1173000000.0,,,0.5146493508127314,book_equity_over_market_equity,0.05348960557357203,net_income_over_market_equity,0.5146493508127314,0.05348960557357203,True,True,B_price_times_shares,
7860,Avex Inc.,Information & Communication,50603988600.0,close_times_edinet_shares_outstanding,51112000000.0,-3831000000.0,,,1.0100389596562356,book_equity_over_market_equity,,missing,1.0100389596562356,,True,False,B_price_times_shares,net_income_nonpositive_or_missing
7638,"NEW ART HOLDINGS Co.,Ltd.",Retail Trade,21151786656.0,close_times_edinet_shares_outstanding,10672369000.0,1984825000.0,,,0.5045611121920348,book_equity_over_market_equity,0.09383722672131702,net_income_over_market_equity,0.5045611121920348,0.09383722672131702,True,True,B_price_times_shares,
2742,"HALOWS CO.,LTD.",Retail Trade,79415676000.0,close_times_edinet_shares_outstanding,77739000000.0,8987000000.0,,,0.9788873420909998,book_equity_over_market_equity,0.11316405592266192,net_income_over_market_equity,0.9788873420909998,0.11316405592266192,True,True,B_price_times_shares,
7649,"SUGI HOLDINGS Co.,LTD.",Retail Trade,499394756183.0,close_times_edinet_shares_outstanding,290474000000.0,44982000000.0,,,0.5816520826533422,book_equity_over_market_equity,0.09007303229174604,net_income_over_market_equity,0.5816520826533422,0.09007303229174604,True,True,B_price_times_shares,
7919,"Nozaki Insatsu Shigyo Co.,Ltd.",Other Products,3108993300.0,close_times_edinet_shares_outstanding,4627317000.0,526870000.0,,,1.488365060162722,book_equity_over_market_equity,0.16946643146513052,net_income_over_market_equity,1.488365060162722,0.16946643146513052,True,True,B_price_times_shares,
7956,PIGEON CORPORATION,Other Products,222392437002.0,close_times_edinet_shares_outstanding,85887000000.0,8837000000.0,,,0.38619568703780877,book_equity_over_market_equity,0.03973606350615479,net_income_over_market_equity,0.38619568703780877,0.03973606350615479,True,True,B_price_times_shares,
3877,"Chuetsu Pulp & Paper Co.,Ltd.",Pulp and Paper,24997783296.0,close_times_edinet_shares_outstanding,55941000000.0,1761000000.0,,,2.237838425015523,book_equity_over_market_equity,0.07044624633904178,net_income_over_market_equity,2.237838425015523,0.07044624633904178,True,True,B_price_times_shares,
3360,"SHIP HEALTHCARE HOLDINGS,INC.",Wholesale Trade,187049271500.0,close_times_edinet_shares_outstanding,150280000000.0,15128000000.0,,,0.8034246741238978,book_equity_over_market_equity,0.08087708590728192,net_income_over_market_equity,0.8034246741238978,0.08087708590728192,True,True,B_price_times_shares,
7525,RIX CORPORATION,Wholesale Trade,27753576000.0,close_times_edinet_shares_outstanding,26053476000.0,2889781000.0,,,0.9387430290064243,book_equity_over_market_equity,0.104122834477258,net_income_over_market_equity,0.9387430290064243,0.104122834477258,True,True,B_price_times_shares,
3166,"OCHI HOLDINGS CO.,LTD.",Wholesale Trade,18063196250.0,close_times_edinet_shares_outstanding,23531000000.0,1295000000.0,,,1.302704110298309,book_equity_over_market_equity,0.07169273821071395,net_income_over_market_equity,1.302704110298309,0.07169273821071395,True,True,B_price_times_shares,
3851,"Nippon Ichi Software,Inc.",Information & Communication,4184868100.0,close_times_edinet_shares_outstanding,7868184000.0,-382660000.0,,,1.8801510136006436,book_equity_over_market_equity,,missing,1.8801510136006436,,True,False,B_price_times_shares,net_income_nonpositive_or_missing
9087,TAKASE CORPORATION,Land Transportation,4339185900.0,close_times_edinet_shares_outstanding,7349224000.0,175443000.0,,,1.6936872882076797,book_equity_over_market_equity,0.04043223868329771,net_income_over_market_equity,1.6936872882076797,0.04043223868329771,True,True,B_price_times_shares,
9008,Keio Corporation,Land Transportation,86220575748.90503,close_times_edinet_shares_outstanding,414757000000.0,42976000000.0,,,4.810417889203984,book_equity_over_market_equity,0.49844250779716903,net_income_over_market_equity,4.561669803968577,0.4713793788347592,True,True,B_price_times_shares,
4419,Finatext Holdings Ltd.,Information & Communication,67613678098.0,close_times_edinet_shares_outstanding,12285908000.0,686851000.0,,,0.18170743473225448,book_equity_over_market_equity,0.010158462301140765,net_income_over_market_equity,0.18170743473225448,0.010158462301140765,True,True,B_price_times_shares,
8999,Grandy House Corporation,Real Estate,14802219900.0,close_times_edinet_shares_outstanding,24866354000.0,1172801000.0,,,1.679907079342876,book_equity_over_market_equity,0.07923142663216347,net_income_over_market_equity,1.679907079342876,0.07923142663216347,True,True,B_price_times_shares,
9302,"MITSUI-SOKO HOLDINGS Co.,Ltd.",Warehousing and Harbor Transportation Service,292352286918.0,close_times_edinet_shares_outstanding,129749000000.0,13269000000.0,,,0.44381044994661684,book_equity_over_market_equity,0.045387023101077145,net_income_over_market_equity,0.44381044994661684,0.045387023101077145,True,True,B_price_times_shares,
2689,"OLBA HEALTHCARE HOLDINGS,Inc.",Wholesale Trade,12736567800.0,close_times_edinet_shares_outstanding,12255637000.0,1430099000.0,,,0.962240157038225,book_equity_over_market_equity,0.11228291816575577,net_income_over_market_equity,0.962240157038225,0.11228291816575577,True,True,B_price_times_shares,
2340,"GOKURAKUYU HOLDINGS CO.,LTD.",Services,14859105800.0,close_times_edinet_shares_outstanding,-6835768000.0,864873000.0,,,,missing,0.05820491566861311,net_income_over_market_equity,,0.05820491566861311,False,True,B_price_times_shares,book_equity_nonpositive_or_missing
3556,"RenetJapanGroup,Inc.",Retail Trade,12639466500.0,close_times_edinet_shares_outstanding,1362051000.0,863908000.0,,,0.10776174769718326,book_equity_over_market_equity,0.06835003676777023,net_income_over_market_equity,0.10776174769718326,0.06835003676777023,True,True,B_price_times_shares,
3970,Innovation Inc.,Information & Communication,2247542400.0,close_times_edinet_shares_outstanding,4067249000.0,152846000.0,,,1.8096428347692128,book_equity_over_market_equity,0.06800583606342643,net_income_over_market_equity,1.8096428347692128,0.06800583606342643,True,True,B_price_times_shares,
1438,"Gifu landscape architect Co.,Ltd.",Construction,5985733500.0,close_times_edinet_shares_outstanding,4144481000.0,384527000.0,,,0.692393171196145,book_equity_over_market_equity,0.06424058137569941,net_income_over_market_equity,0.692393171196145,0.06424058137569941,True,True,B_price_times_shares,
1981,"KYOWANISSEI CO.,LTD.",Construction,14306579300.0,close_times_edinet_shares_outstanding,18869872000.0,1133684000.0,,,1.3189646248981404,book_equity_over_market_equity,0.07924214280907806,net_income_over_market_equity,1.3189646248981404,0.07924214280907806,True,True,B_price_times_shares,
5233,TAIHEIYO CEMENT CORPORATION,Glass and Ceramics Products,496366995924.0,close_times_edinet_shares_outstanding,676124000000.0,58812000000.0,,,1.362145359284772,book_equity_over_market_equity,0.11848491233894377,net_income_over_market_equity,1.362145359284772,0.11848491233894377,True,True,B_price_times_shares,
4527,"ROHTO PHARMACEUTICAL CO.,LTD.",Pharmaceutical,529660577040.0,close_times_edinet_shares_outstanding,271440000000.0,31006000000.0,,,0.5124791456387754,book_equity_over_market_equity,0.05853937661979027,net_income_over_market_equity,0.5124791456387754,0.05853937661979027,True,True,B_price_times_shares,
9265,"YAMASHITA HEALTH CARE HOLDINGS,INC.",Wholesale Trade,7644910000.0,close_times_edinet_shares_outstanding,8988000000.0,718000000.0,,,1.1756842134178165,book_equity_over_market_equity,0.09391869884668361,net_income_over_market_equity,1.1756842134178165,0.09391869884668361,True,True,B_price_times_shares,
3933,"CHIeru Co.,Ltd.",Information & Communication,4055683200.0,close_times_edinet_shares_outstanding,3841165000.0,473552000.0,,,0.9471067661300567,book_equity_over_market_equity,0.1167625715933631,net_income_over_market_equity,0.9471067661300567,0.1167625715933631,True,True,B_price_times_shares,
5575,Globee Inc.,Information & Communication,3455681551.0,close_times_edinet_shares_outstanding,901925000.0,281636000.0,,,0.2609977183050916,book_equity_over_market_equity,0.0814994078139233,net_income_over_market_equity,0.2609977183050916,0.0814994078139233,True,True,B_price_times_shares,
3353,"Medical Ikkou Group Co.,Ltd.",Retail Trade,10205589000.0,close_times_edinet_shares_outstanding,16338518000.0,1314435000.0,,,1.60093827019685,book_equity_over_market_equity,0.12879560405577767,net_income_over_market_equity,1.60093827019685,0.12879560405577767,True,True,B_price_times_shares,
9842,ARCLANDS CORPORATION,Retail Trade,116788090848.0,close_times_edinet_shares_outstanding,137558000000.0,8133000000.0,,,1.1778426978400742,book_equity_over_market_equity,0.06963894983594791,net_income_over_market_equity,1.1778426978400742,0.06963894983594791,True,True,B_price_times_shares,
3694,OPTiM CORPORATION,Information & Communication,23747551768.0,close_times_edinet_shares_outstanding,8519286000.0,1178528000.0,,,0.358743759492707,book_equity_over_market_equity,0.04962734733725584,net_income_over_market_equity,0.358743759492707,0.04962734733725584,True,True,B_price_times_shares,
3042,SecuAvail Inc.,Information & Communication,2268432000.0,close_times_edinet_shares_outstanding,1186082000.0,42811000.0,,,0.5228642516063959,book_equity_over_market_equity,0.01887250752943002,net_income_over_market_equity,0.5228642516063959,0.01887250752943002,True,True,B_price_times_shares,
1431,"Lib Work Co.,Ltd.",Construction,15194484300.0,close_times_edinet_shares_outstanding,4714566000.0,494687000.0,,,0.3102814091558211,book_equity_over_market_equity,0.03255701149396693,net_income_over_market_equity,0.3102814091558211,0.03255701149396693,True,True,B_price_times_shares,
5590,"NETSTARS Co.,Ltd.",Information & Communication,12110703600.0,close_times_edinet_shares_outstanding,7724800000.0,485016000.0,,,0.6378489850911717,book_equity_over_market_equity,0.04004854020207381,net_income_over_market_equity,0.6378489850911717,0.04004854020207381,True,True,B_price_times_shares,
8283,PALTAC CORPORATION,Wholesale Trade,409097571300.0,close_times_edinet_shares_outstanding,287669000000.0,22864000000.0,,,0.7031794373304802,book_equity_over_market_equity,0.05588886760521328,net_income_over_market_equity,0.7031794373304802,0.05588886760521328,True,True,B_price_times_shares,
8016,"ONWARD HOLDINGS CO.,LTD.",Textiles and Apparels,98610997525.0,close_times_edinet_shares_outstanding,96612000000.0,10094000000.0,,,0.9797284524528492,book_equity_over_market_equity,0.10236180804723079,net_income_over_market_equity,0.9797284524528492,0.10236180804723079,True,True,B_price_times_shares,
9603,"H.I.S.Co.,Ltd.",Services,79371263232.0,close_times_edinet_shares_outstanding,67205000000.0,5768000000.0,,,0.846717026583811,book_equity_over_market_equity,0.07267113770307897,net_income_over_market_equity,0.846717026583811,0.07267113770307897,True,True,B_price_times_shares,
5660,"KOBELCO WIRE COMPANY,LTD.",Iron and Steel,10838754766.0,close_times_edinet_shares_outstanding,24022000000.0,1034000000.0,,,2.2163062564487954,book_equity_over_market_equity,0.09539841267038775,net_income_over_market_equity,2.2163062564487954,0.09539841267038775,True,True,B_price_times_shares,
7122,"THE KINKI SHARYO CO.,LTD.",Transportation Equipment,16093393601.0,close_times_edinet_shares_outstanding,33611000000.0,1277000000.0,,,2.0884967355742483,book_equity_over_market_equity,0.07934933002077639,net_income_over_market_equity,2.0884967355742483,0.07934933002077639,True,True,B_price_times_shares,
3059,"HIRAKI CO.,LTD.",Retail Trade,3475395000.0,close_times_edinet_shares_outstanding,6507401000.0,-778001000.0,,,1.8724205450027982,book_equity_over_market_equity,,missing,1.8724205450027982,,True,False,B_price_times_shares,net_income_nonpositive_or_missing
3097,The Monogatari Corporation,Retail Trade,181807230320.0,close_times_edinet_shares_outstanding,40364000000.0,6355000000.0,,,0.22201537270522784,book_equity_over_market_equity,0.03495460542913792,net_income_over_market_equity,0.22201537270522784,0.03495460542913792,True,True,B_price_times_shares,
3160,"OOMITSU CO.,LTD.",Wholesale Trade,8149231500.0,close_times_edinet_shares_outstanding,6376536000.0,524693000.0,,,0.7824708378943462,book_equity_over_market_equity,0.06438558040718317,net_income_over_market_equity,0.7824708378943462,0.06438558040718317,True,True,B_price_times_shares,
5580,"Prodelight Co.,Ltd.",Information & Communication,2423376000.0,close_times_edinet_shares_outstanding,985567000.0,149580000.0,,,0.4066917391275642,book_equity_over_market_equity,0.06172381008972607,net_income_over_market_equity,0.4066917391275642,0.06172381008972607,True,True,B_price_times_shares,
4492,GENETEC CORPORATION,Information & Communication,4011545600.0,close_times_edinet_shares_outstanding,2633069000.0,580960000.0,,,0.6563726958506966,book_equity_over_market_equity,0.14482198582012878,net_income_over_market_equity,0.6563726958506966,0.14482198582012878,True,True,B_price_times_shares,
4031,Katakura & Co-op Agri Corporation,Chemicals,10060754548.0,close_times_edinet_shares_outstanding,23865000000.0,350000000.0,,,2.3720884836360687,book_equity_over_market_equity,0.034788643170862096,net_income_over_market_equity,2.3720884836360687,0.034788643170862096,True,True,B_price_times_shares,
6699,"DIAMOND ELECTRIC HOLDINGS Co.,Ltd.",Electric Appliances,4308227672.0,close_times_edinet_shares_outstanding,11553000000.0,-2787000000.0,,,2.6816131550069113,book_equity_over_market_equity,,missing,2.6816131550069113,,True,False,B_price_times_shares,net_income_nonpositive_or_missing
9380,"Azuma Shipping Co.,Ltd.",Warehousing and Harbor Transportation Service,11538612000.0,close_times_edinet_shares_outstanding,17585130000.0,592564000.0,,,1.5240247267175635,book_equity_over_market_equity,0.0513548769990706,net_income_over_market_equity,1.5240247267175635,0.0513548769990706,True,True,B_price_times_shares,
5232,"Sumitomo Osaka Cement Co.,Ltd.",Glass and Ceramics Products,178540831800.0,close_times_edinet_shares_outstanding,193660000000.0,9208000000.0,,,1.0846818514710201,book_equity_over_market_equity,0.051573636725938,net_income_over_market_equity,1.0846818514710201,0.051573636725938,True,True,B_price_times_shares,
7972,ITOKI CORPORATION,Other Products,124606849900.0,close_times_edinet_shares_outstanding,56813000000.0,9400000000.0,,,0.4559380166146067,book_equity_over_market_equity,0.0754372653473202,net_income_over_market_equity,0.4559380166146067,0.0754372653473202,True,True,B_price_times_shares,
3944,"Furubayashi Shiko Co.,Ltd.",Pulp and Paper,2597152220.0,close_times_edinet_shares_outstanding,10825431000.0,407776000.0,,,4.168192729188588,book_equity_over_market_equity,0.15700889491952844,net_income_over_market_equity,4.168192729188588,0.15700889491952844,True,True,B_price_times_shares,
5079,"NOVAC CO.,LTD.",Construction,12732283200.0,close_times_edinet_shares_outstanding,18223942000.0,607392000.0,,,1.4313176760001693,book_equity_over_market_equity,0.047704876687003,net_income_over_market_equity,1.4313176760001693,0.047704876687003,True,True,B_price_times_shares,
9127,"TAMAI STEAMSHIP CO.,LTD",Marine Transportation,5545464600.0,close_times_edinet_shares_outstanding,9306914000.0,2097148000.0,,,1.678292924275452,book_equity_over_market_equity,0.3781735438361648,net_income_over_market_equity,1.678292924275452,0.3781735438361648,True,True,B_price_times_shares,
9869,"KATO SANGYO CO.,LTD.",Wholesale Trade,181725900000.0,close_times_edinet_shares_outstanding,177013000000.0,14112000000.0,,,0.9740658871410184,book_equity_over_market_equity,0.07765541400537843,net_income_over_market_equity,0.9740658871410184,0.07765541400537843,True,True,B_price_times_shares,
2267,"YAKULT HONSHA CO.,LTD.",Foods,803197812736.0,raw_market_cap,629515000000.0,54754000000.0,1.328737,18.297943,0.7837608494669953,book_equity_over_market_equity,0.06817000635682369,net_income_over_market_equity,0.7837608494669953,0.06817000635682369,True,True,A_raw_market_cap,
7545,"NISHIMATSUYA CHAIN Co.,Ltd.",Retail Trade,116085293272.0,close_times_edinet_shares_outstanding,100428000000.0,6955000000.0,,,0.8651225075056379,book_equity_over_market_equity,0.05991284342714892,net_income_over_market_equity,0.8651225075056379,0.05991284342714892,True,True,B_price_times_shares,
3968,"Segue Group Co.,Ltd.",Information & Communication,20830711382.0,close_times_edinet_shares_outstanding,4400561000.0,1231664000.0,,,0.21125351502889927,book_equity_over_market_equity,0.05912731338903249,net_income_over_market_equity,0.21125351502889927,0.05912731338903249,True,True,B_price_times_shares,
3625,Techfirm Holdings Inc.,Information & Communication,4202057300.0,close_times_edinet_shares_outstanding,2732405000.0,501341000.0,,,0.6502541029128756,book_equity_over_market_equity,0.1193084634995339,net_income_over_market_equity,0.6502541029128756,0.1193084634995339,True,True,B_price_times_shares,
6538,Disruptors Inc.,Services,5097154500.0,close_times_edinet_shares_outstanding,2594000000.0,285000000.0,,,0.5089113936020577,book_equity_over_market_equity,0.05591354941271645,net_income_over_market_equity,0.5089113936020577,0.05591354941271645,True,True,B_price_times_shares,
7683,"WA,Inc.",Retail Trade,26697228920.0,close_times_edinet_shares_outstanding,11063972000.0,688073000.0,,,0.41442398509425526,book_equity_over_market_equity,0.025773199235840392,net_income_over_market_equity,0.41442398509425526,0.025773199235840392,True,True,B_price_times_shares,
7698,Iceco Inc.,Wholesale Trade,9651478900.0,close_times_edinet_shares_outstanding,3839399000.0,481663000.0,,,0.3978042163051302,book_equity_over_market_equity,0.04990561601911599,net_income_over_market_equity,0.3978042163051302,0.04990561601911599,True,True,B_price_times_shares,
3138,"Fujisan Magazine Service Co.,Ltd.",Retail Trade,3741641860.0,close_times_edinet_shares_outstanding,2554744000.0,97883000.0,,,0.6827868875723985,book_equity_over_market_equity,0.026160440700222443,net_income_over_market_equity,0.6827868875723985,0.026160440700222443,True,True,B_price_times_shares,
8111,Goldwin Inc.,Textiles and Apparels,96630268514.0,close_times_edinet_shares_outstanding,113468000000.0,24452000000.0,,,1.1742490396118532,book_equity_over_market_equity,0.2530470045879811,net_income_over_market_equity,1.1742490396118532,0.2530470045879811,True,True,B_price_times_shares,
1870,"YAHAGI CONSTRUCTION CO.,LTD.",Construction,80511372235.0,close_times_edinet_shares_outstanding,71802000000.0,5644000000.0,,,0.8918243225369614,book_equity_over_market_equity,0.07010189794711304,net_income_over_market_equity,0.8918243225369614,0.07010189794711304,True,True,B_price_times_shares,
7936,ASICS Corporation,Other Products,3369458466816.0,raw_market_cap,273355000000.0,98828000000.0,12.393871,34.434544,0.08112727985583668,book_equity_over_market_equity,0.02933052921509622,net_income_over_market_equity,0.09741440959758958,0.02933052921509622,True,True,A_raw_market_cap,
9760,"SHINGAKUKAI HOLDINGS CO.,LTD.",Services,2064886200.0,close_times_edinet_shares_outstanding,15607500000.0,-579508000.0,,,7.558527922749447,book_equity_over_market_equity,,missing,4.561669803968577,,True,False,B_price_times_shares,net_income_nonpositive_or_missing
9256,"Succeed co.,ltd.",Services,9870054600.0,close_times_edinet_shares_outstanding,2418302000.0,259935000.0,,,0.24501404480579064,book_equity_over_market_equity,0.026335720574433296,net_income_over_market_equity,0.24501404480579064,0.026335720574433296,True,True,B_price_times_shares,
3892,"Okayama Paper Industries Co.,Ltd.",Pulp and Paper,8168926800.0,close_times_edinet_shares_outstanding,12944348000.0,798698000.0,,,1.584583668934333,book_equity_over_market_equity,0.09777269640854169,net_income_over_market_equity,1.584583668934333,0.09777269640854169,True,True,B_price_times_shares,
3645,"Medical Net,Inc.",Information & Communication,2348881100.0,close_times_edinet_shares_outstanding,1768791000.0,-70239000.0,,,0.7530355623364674,book_equity_over_market_equity,,missing,0.7530355623364674,,True,False,B_price_times_shares,net_income_nonpositive_or_missing
8119,SANYEI CORPORATION,Wholesale Trade,7202279840.0,close_times_edinet_shares_outstanding,13429876000.0,978040000.0,,,1.8646701181219307,book_equity_over_market_equity,0.13579588987478164,net_income_over_market_equity,1.8646701181219307,0.13579588987478164,True,True,B_price_times_shares,
1515,"Nittetsu Mining Co.,Ltd.",Mining,37996810056.0,close_times_edinet_shares_outstanding,151971000000.0,9592000000.0,,,3.9995725898048793,book_equity_over_market_equity,0.25244224412163113,net_income_over_market_equity,3.9995725898048793,0.25244224412163113,True,True,B_price_times_shares,
8291,"NISSAN TOKYO SALES HOLDINGS CO.,LTD.",Retail Trade,32577428924.0,close_times_edinet_shares_outstanding,56644000000.0,5929000000.0,,,1.738749860590441,book_equity_over_market_equity,0.18199717398913787,net_income_over_market_equity,1.738749860590441,0.18199717398913787,True,True,B_price_times_shares,
8101,GSI Creos Corporation,Wholesale Trade,27885260224.0,close_times_edinet_shares_outstanding,30086000000.0,2358000000.0,,,1.0789212565463489,book_equity_over_market_equity,0.08456080312890682,net_income_over_market_equity,1.0789212565463489,0.08456080312890682,True,True,B_price_times_shares,
3675,Cross Marketing Group Inc.,Information & Communication,10742651712.0,close_times_edinet_shares_outstanding,8032542000.0,1356038000.0,,,0.7477243249939219,book_equity_over_market_equity,0.1262293553169231,net_income_over_market_equity,0.7477243249939219,0.1262293553169231,True,True,B_price_times_shares,
4016,"MIT Holdings CO.,LTD.",Information & Communication,1797660000.0,close_times_edinet_shares_outstanding,723290000.0,94862000.0,,,0.4023508338617981,book_equity_over_market_equity,0.05276971173636839,net_income_over_market_equity,0.4023508338617981,0.05276971173636839,True,True,B_price_times_shares,
4388,"AI,Inc.",Information & Communication,2470525656.0,close_times_edinet_shares_outstanding,2518048000.0,120305000.0,,,1.0192357217115255,book_equity_over_market_equity,0.04869611441104581,net_income_over_market_equity,1.0192357217115255,0.04869611441104581,True,True,B_price_times_shares,
7522,"WATAMI CO.,LTD.",Retail Trade,36980991840.0,close_times_edinet_shares_outstanding,27134000000.0,3574000000.0,,,0.7337282925616632,book_equity_over_market_equity,0.09664424403388311,net_income_over_market_equity,0.7337282925616632,0.09664424403388311,True,True,B_price_times_shares,
1827,NAKANO CORPORATION,Construction,43540197799.0,close_times_edinet_shares_outstanding,44458000000.0,2937000000.0,,,1.0210794219455999,book_equity_over_market_equity,0.06745490715403812,net_income_over_market_equity,1.0210794219455999,0.06745490715403812,True,True,B_price_times_shares,
8897,"MIRARTH HOLDINGS,Inc.",Real Estate,56515929600.0,close_times_edinet_shares_outstanding,89107000000.0,8298000000.0,,,1.576670518040988,book_equity_over_market_equity,0.1468258605800231,net_income_over_market_equity,1.576670518040988,0.1468258605800231,True,True,B_price_times_shares,
4447,"PBsystems,Inc.",Information & Communication,2596656600.0,close_times_edinet_shares_outstanding,1152447000.0,85590000.0,,,0.44381956397314914,book_equity_over_market_equity,0.03296161687302048,net_income_over_market_equity,0.44381956397314914,0.03296161687302048,True,True,B_price_times_shares,
5134,"POPER Co.,Ltd.",Information & Communication,1924953088.0,close_times_edinet_shares_outstanding,875698000.0,138756000.0,,,0.45491913826837116,book_equity_over_market_equity,0.07208279560940656,net_income_over_market_equity,0.45491913826837116,0.07208279560940656,True,True,B_price_times_shares,
6194,"Atrae,Inc.",Services,15773554431.0,close_times_edinet_shares_outstanding,5197089000.0,1171609000.0,,,0.3294811592868431,book_equity_over_market_equity,0.07427679063239034,net_income_over_market_equity,0.3294811592868431,0.07427679063239034,True,True,B_price_times_shares,
4308,J-Stream Inc.,Information & Communication,8703240000.0,close_times_edinet_shares_outstanding,11058142000.0,614249000.0,,,1.270577623965328,book_equity_over_market_equity,0.07057704946663541,net_income_over_market_equity,1.270577623965328,0.07057704946663541,True,True,B_price_times_shares,
7581,"SAIZERIYA CO.,LTD.",Retail Trade,262837046180.0,close_times_edinet_shares_outstanding,117157000000.0,11164000000.0,,,0.4457400572055082,book_equity_over_market_equity,0.04247498654491233,net_income_over_market_equity,0.4457400572055082,0.04247498654491233,True,True,B_price_times_shares,
2307,"CROSS CAT CO.,LTD.",Information & Communication,12990588954.0,close_times_edinet_shares_outstanding,5853964000.0,1316766000.0,,,0.4506311469579272,book_equity_over_market_equity,0.10136307173313706,net_income_over_market_equity,0.4506311469579272,0.10136307173313706,True,True,B_price_times_shares,
3067,"TOKYO ICHIBAN FOODS CO.,LTD.",Retail Trade,4033512400.0,close_times_edinet_shares_outstanding,1670745000.0,-78629000.0,,,0.4142159077036679,book_equity_over_market_equity,,missing,0.4142159077036679,,True,False,B_price_times_shares,net_income_nonpositive_or_missing
3231,"Nomura Real Estate Holdings,Inc.",Real Estate,812496585998.6697,close_times_edinet_shares_outstanding,751439000000.0,74951000000.0,,,0.9248518860868548,book_equity_over_market_equity,0.09224777222648259,net_income_over_market_equity,0.9248518860868548,0.09224777222648259,True,True,B_price_times_shares,
8242,H2O RETAILING CORPORATION,Retail Trade,303102366080.0,close_times_edinet_shares_outstanding,313420000000.0,35683000000.0,,,1.0340400969264516,book_equity_over_market_equity,0.11772590383072737,net_income_over_market_equity,1.0340400969264516,0.11772590383072737,True,True,B_price_times_shares,
2736,"Festaria Holdings Co.,Ltd.",Retail Trade,2335826400.0,close_times_edinet_shares_outstanding,1664234000.0,176413000.0,,,0.7124818864963595,book_equity_over_market_equity,0.0755248763349879,net_income_over_market_equity,0.7124818864963595,0.0755248763349879,True,True,B_price_times_shares,
3172,"Tea Life Co.,Ltd.",Retail Trade,4899319600.0,close_times_edinet_shares_outstanding,6432000000.0,454000000.0,,,1.3128353577913146,book_equity_over_market_equity,0.09266592855056853,net_income_over_market_equity,1.3128353577913146,0.09266592855056853,True,True,B_price_times_shares,
8014,"CHORI CO.,LTD.",Wholesale Trade,99000406610.0,close_times_edinet_shares_outstanding,92101000000.0,11706000000.0,,,0.9303093103730435,book_equity_over_market_equity,0.11824193860247822,net_income_over_market_equity,0.9303093103730435,0.11824193860247822,True,True,B_price_times_shares,
6955,FDK CORPORATION,Electric Appliances,14595700446.0,close_times_edinet_shares_outstanding,-51929000000.0,547000000.0,,,,missing,0.03747678996453419,net_income_over_market_equity,,0.03747678996453419,False,True,B_price_times_shares,book_equity_nonpositive_or_missing
4570,"Immuno-Biological Laboratories Co.,Ltd.",Pharmaceutical,9462505840.0,close_times_edinet_shares_outstanding,1524158000.0,249047000.0,,,0.16107340125033942,book_equity_over_market_equity,0.026319349674504403,net_income_over_market_equity,0.16107340125033942,0.026319349674504403,True,True,B_price_times_shares,
3452,B-Lot Company Limited,Real Estate,26071204400.0,close_times_edinet_shares_outstanding,20040000000.0,5257000000.0,,,0.768664143494652,book_equity_over_market_equity,0.20164008993769386,net_income_over_market_equity,0.768664143494652,0.20164008993769386,True,True,B_price_times_shares,
7247,MIKUNI CORPORATION,Transportation Equipment,12346582149.0,close_times_edinet_shares_outstanding,38837000000.0,2663000000.0,,,3.145566888982759,book_equity_over_market_equity,0.21568722160210851,net_income_over_market_equity,3.145566888982759,0.21568722160210851,True,True,B_price_times_shares,
7513,"Kojima Co.,Ltd.",Retail Trade,104054435936.0,close_times_edinet_shares_outstanding,70247000000.0,4709000000.0,,,0.6750985613261726,book_equity_over_market_equity,0.045255158587341054,net_income_over_market_equity,0.6750985613261726,0.045255158587341054,True,True,B_price_times_shares,
7682,"HAMAYUU CO.,LTD.",Retail Trade,8793286050.0,close_times_edinet_shares_outstanding,1606726000.0,81167000.0,,,0.18272190747166697,book_equity_over_market_equity,0.009230565176484847,net_income_over_market_equity,0.18272190747166697,0.009230565176484847,True,True,B_price_times_shares,
1758,"Taiyo Kisokogyo Co.,Ltd.",Construction,4812597100.0,close_times_edinet_shares_outstanding,9497840000.0,462977000.0,,,1.9735373235378462,book_equity_over_market_equity,0.09620107197421533,net_income_over_market_equity,1.9735373235378462,0.09620107197421533,True,True,B_price_times_shares,
3911,Aiming Inc.,Information & Communication,8166935000.0,close_times_edinet_shares_outstanding,6998455000.0,1259669000.0,,,0.8569255173452464,book_equity_over_market_equity,0.15424011578395078,net_income_over_market_equity,0.8569255173452464,0.15424011578395078,True,True,B_price_times_shares,
9830,TRUSCO NAKAYAMA CORPORATION,Wholesale Trade,145728381240.0,close_times_edinet_shares_outstanding,186252000000.0,15881000000.0,,,1.278076366560757,book_equity_over_market_equity,0.10897671314859107,net_income_over_market_equity,1.278076366560757,0.10897671314859107,True,True,B_price_times_shares,
8230,"HASEGAWA CO.,LTD.",Retail Trade,5698414436.0,close_times_edinet_shares_outstanding,12542000000.0,905000000.0,,,2.200963117172617,book_equity_over_market_equity,0.15881610756188952,net_income_over_market_equity,2.200963117172617,0.15881610756188952,True,True,B_price_times_shares,
9310,Japan Transcity Corporation,Warehousing and Harbor Transportation Service,68507142632.0,close_times_edinet_shares_outstanding,95574000000.0,6437000000.0,,,1.3950954065241796,book_equity_over_market_equity,0.09396100541775111,net_income_over_market_equity,1.3950954065241796,0.09396100541775111,True,True,B_price_times_shares,
1964,"Chugai Ro Co.,Ltd.",Construction,30538560000.0,close_times_edinet_shares_outstanding,28609000000.0,3072000000.0,,,0.9368156193350309,book_equity_over_market_equity,0.10059413410455503,net_income_over_market_equity,0.9368156193350309,0.10059413410455503,True,True,B_price_times_shares,
8871,"GOLDCREST Co.,Ltd.",Real Estate,115990499000.0,close_times_edinet_shares_outstanding,133777000000.0,5014000000.0,,,1.1533444648772482,book_equity_over_market_equity,0.0432276785014952,net_income_over_market_equity,1.1533444648772482,0.0432276785014952,True,True,B_price_times_shares,
9974,"Belc CO.,LTD.",Retail Trade,127911032000.0,close_times_edinet_shares_outstanding,120592000000.0,12681000000.0,,,0.9427802912261704,book_equity_over_market_equity,0.0991392204544171,net_income_over_market_equity,0.9427802912261704,0.0991392204544171,True,True,B_price_times_shares,
1376,"KANEKO SEEDS CO.,LTD.","Fishery, Agriculture and Forestry",15546983132.0,close_times_edinet_shares_outstanding,25013918000.0,1200308000.0,,,1.6089242387170553,book_equity_over_market_equity,0.07720520372402241,net_income_over_market_equity,1.6089242387170553,0.07720520372402241,True,True,B_price_times_shares,
1433,"BESTERRA CO.,LTD",Construction,9073571840.0,close_times_edinet_shares_outstanding,5397535000.0,732617000.0,,,0.5948633123953974,book_equity_over_market_equity,0.08074185259330023,net_income_over_market_equity,0.5948633123953974,0.08074185259330023,True,True,B_price_times_shares,
9279,GIFT HOLDINGS INC.,Retail Trade,79466819070.0,close_times_edinet_shares_outstanding,10380083000.0,2185836000.0,,,0.13062159932256112,book_equity_over_market_equity,0.02750627275107817,net_income_over_market_equity,0.13062159932256112,0.02750627275107817,True,True,B_price_times_shares,
5464,MORY INDUSTRIES INC.,Iron and Steel,36459073800.0,close_times_edinet_shares_outstanding,55572000000.0,4154000000.0,,,1.5242296144122016,book_equity_over_market_equity,0.1139359716812115,net_income_over_market_equity,1.5242296144122016,0.1139359716812115,True,True,B_price_times_shares,
7435,"NADEX CO.,LTD.",Wholesale Trade,8858685000.0,close_times_edinet_shares_outstanding,18936805000.0,620207000.0,,,2.137654177792754,book_equity_over_market_equity,0.07001118111773925,net_income_over_market_equity,2.137654177792754,0.07001118111773925,True,True,B_price_times_shares,
9835,"JUNTENDO CO.,LTD.",Retail Trade,4103540584.0,close_times_edinet_shares_outstanding,12590348000.0,-361281000.0,,,3.0681670480098755,book_equity_over_market_equity,,missing,3.0681670480098755,,True,False,B_price_times_shares,net_income_nonpositive_or_missing
4664,JAPAN RELIANCE SERVICE CORPORATION,Services,2590614800.0,close_times_edinet_shares_outstanding,2177557000.0,186976000.0,,,0.8405560718637136,book_equity_over_market_equity,0.07217437343444498,net_income_over_market_equity,0.8405560718637136,0.07217437343444498,True,True,B_price_times_shares,
8919,"KATITAS CO.,LTD",Real Estate,267042550100.0,close_times_edinet_shares_outstanding,45719000000.0,9550000000.0,,,0.17120492589244488,book_equity_over_market_equity,0.03576209108407552,net_income_over_market_equity,0.17120492589244488,0.03576209108407552,True,True,B_price_times_shares,
7943,NICHIHA CORPORATION,Glass and Ceramics Products,96425897776.0,close_times_edinet_shares_outstanding,124157000000.0,5039000000.0,,,1.2875897747762755,book_equity_over_market_equity,0.05225774523464365,net_income_over_market_equity,1.2875897747762755,0.05225774523464365,True,True,B_price_times_shares,
7709,KUBOTEK CORPORATION,Precision Instruments,977513800.0,close_times_edinet_shares_outstanding,1951750000.0,-200891000.0,,,1.9966470038581552,book_equity_over_market_equity,,missing,1.9966470038581552,,True,False,B_price_times_shares,net_income_nonpositive_or_missing
7375,"REFINVERSE Group,Inc.",Services,4845020487.0,close_times_edinet_shares_outstanding,274406000.0,146082000.0,,,0.05663670581709142,book_equity_over_market_equity,0.030150956098526815,net_income_over_market_equity,0.09741440959758958,0.030150956098526815,True,True,B_price_times_shares,
6554,"SUS Co.,Ltd.",Services,8831295000.0,close_times_edinet_shares_outstanding,4317000000.0,915000000.0,,,0.48882978090982127,book_equity_over_market_equity,0.10360881388290166,net_income_over_market_equity,0.48882978090982127,0.10360881388290166,True,True,B_price_times_shares,
3157,GEOLIVE Group Corporation,Wholesale Trade,18700180368.0,close_times_edinet_shares_outstanding,23302000000.0,1921000000.0,,,1.2460842377688879,book_equity_over_market_equity,0.10272628189657684,net_income_over_market_equity,1.2460842377688879,0.10272628189657684,True,True,B_price_times_shares,
7885,"TAKANO Co.,Ltd.",Other Products,18007152800.0,close_times_edinet_shares_outstanding,31906944000.0,622985000.0,,,1.7719038847718336,book_equity_over_market_equity,0.03459652988561301,net_income_over_market_equity,1.7719038847718336,0.03459652988561301,True,True,B_price_times_shares,
3300,"AMBITION DX HOLDINGS Co.,Ltd.",Real Estate,15306280000.0,close_times_edinet_shares_outstanding,8362909000.0,2354012000.0,,,0.5463710973535045,book_equity_over_market_equity,0.15379386761512268,net_income_over_market_equity,0.5463710973535045,0.15379386761512268,True,True,B_price_times_shares,
7515,Maruyoshi Center Inc.,Retail Trade,4225743480.0,close_times_edinet_shares_outstanding,3534703000.0,158992000.0,,,0.8364688999058694,book_equity_over_market_equity,0.037624621738752584,net_income_over_market_equity,0.8364688999058694,0.037624621738752584,True,True,B_price_times_shares,
8095,"Astena Holdings Co.,Ltd.",Wholesale Trade,19567334682.0,close_times_edinet_shares_outstanding,27397000000.0,2187000000.0,,,1.4001395920928625,book_equity_over_market_equity,0.11176790480370442,net_income_over_market_equity,1.4001395920928625,0.11176790480370442,True,True,B_price_times_shares,
3566,"UNIFORM NEXT CO.,LTD.",Retail Trade,9263029848.0,close_times_edinet_shares_outstanding,3855410000.0,517560000.0,,,0.4162147875225113,book_equity_over_market_equity,0.05587372690068007,net_income_over_market_equity,0.4162147875225113,0.05587372690068007,True,True,B_price_times_shares,
3482,Loadstar Capital K.K.,Real Estate,46615611200.0,close_times_edinet_shares_outstanding,32943000000.0,7977000000.0,,,0.7066945847531867,book_equity_over_market_equity,0.17112293059454725,net_income_over_market_equity,0.7066945847531867,0.17112293059454725,True,True,B_price_times_shares,
7624,"Naito & Co.,Ltd.",Wholesale Trade,7283254230.0,close_times_edinet_shares_outstanding,13138000000.0,291000000.0,,,1.8038639851241332,book_equity_over_market_equity,0.03995466735204162,net_income_over_market_equity,1.8038639851241332,0.03995466735204162,True,True,B_price_times_shares,
9856,"KU HOLDINGS CO.,LTD.",Retail Trade,37680009828.0,close_times_edinet_shares_outstanding,67971000000.0,6529000000.0,,,1.8039008033774657,book_equity_over_market_equity,0.17327490172649326,net_income_over_market_equity,1.8039008033774657,0.17327490172649326,True,True,B_price_times_shares,
1873,"NIHON HOUSE HOLDINGS CO.,LTD.",Construction,11559479800.0,close_times_edinet_shares_outstanding,22031000000.0,1331000000.0,,,1.9058816124234241,book_equity_over_market_equity,0.11514358976603774,net_income_over_market_equity,1.9058816124234241,0.11514358976603774,True,True,B_price_times_shares,
3537,"SHOEI YAKUHIN CO.,LTD.",Wholesale Trade,5522255195.0,close_times_edinet_shares_outstanding,8935960000.0,527412000.0,,,1.6181722293621745,book_equity_over_market_equity,0.09550663295632067,net_income_over_market_equity,1.6181722293621745,0.09550663295632067,True,True,B_price_times_shares,
5011,"NICHIREKI GROUP CO.,LTD.",Oil and Coal Products,57923896125.0,close_times_edinet_shares_outstanding,77320000000.0,4848000000.0,,,1.334854959223446,book_equity_over_market_equity,0.08369602744846438,net_income_over_market_equity,1.334854959223446,0.08369602744846438,True,True,B_price_times_shares,
8022,Mizuno Corporation,Other Products,250379936220.0,close_times_edinet_shares_outstanding,157121000000.0,15425000000.0,,,0.627530314018226,book_equity_over_market_equity,0.06160637402849483,net_income_over_market_equity,0.627530314018226,0.06160637402849483,True,True,B_price_times_shares,
9130,"KYOEI TANKER CO.,LTD.",Marine Transportation,10179088700.0,close_times_edinet_shares_outstanding,25059934000.0,5111725000.0,,,2.461903490437214,book_equity_over_market_equity,0.5021790408408564,net_income_over_market_equity,2.461903490437214,0.4713793788347592,True,True,B_price_times_shares,
6050,E-Guardian Inc.,Services,19096641984.0,close_times_edinet_shares_outstanding,12053155000.0,1089559000.0,,,0.6311662024191823,book_equity_over_market_equity,0.05705500479680564,net_income_over_market_equity,0.6311662024191823,0.05705500479680564,True,True,B_price_times_shares,
9828,Genki Global Dining Concepts Corporation,Retail Trade,48630726864.0,close_times_edinet_shares_outstanding,17060000000.0,4960000000.0,,,0.35080701235886835,book_equity_over_market_equity,0.10199312903282456,net_income_over_market_equity,0.35080701235886835,0.10199312903282456,True,True,B_price_times_shares,
3151,"VITAL KSK HOLDINGS,INC.",Wholesale Trade,76440204080.0,close_times_edinet_shares_outstanding,107306000000.0,7402000000.0,,,1.403790077374686,book_equity_over_market_equity,0.09683385973503278,net_income_over_market_equity,1.403790077374686,0.09683385973503278,True,True,B_price_times_shares,
9369,K.R.S.Corporation,Warehousing and Harbor Transportation Service,82399629000.0,close_times_edinet_shares_outstanding,57162000000.0,3199000000.0,,,0.6937167156420085,book_equity_over_market_equity,0.03882299033166763,net_income_over_market_equity,0.6937167156420085,0.03882299033166763,True,True,B_price_times_shares,
7520,"Eco's Co.,Ltd.",Retail Trade,25076557944.0,close_times_edinet_shares_outstanding,29739000000.0,2645000000.0,,,1.1859283106721419,book_equity_over_market_equity,0.10547699592211626,net_income_over_market_equity,1.1859283106721419,0.10547699592211626,True,True,B_price_times_shares,
5955,"WISE HOLDINGS CO.,LTD.",Metal Products,11290143060.0,close_times_edinet_shares_outstanding,12332211000.0,274986000.0,,,1.0922989137039332,book_equity_over_market_equity,0.02435629013189847,net_income_over_market_equity,1.0922989137039332,0.02435629013189847,True,True,B_price_times_shares,
3908,Collabos Corporation,Information & Communication,1401094800.0,close_times_edinet_shares_outstanding,1291710000.0,144924000.0,,,0.9219290514817413,book_equity_over_market_equity,0.1034362557051814,net_income_over_market_equity,0.9219290514817413,0.1034362557051814,True,True,B_price_times_shares,
3457,"&Do Holdings Co.,Ltd.",Real Estate,19817797500.0,close_times_edinet_shares_outstanding,18453000000.0,2341000000.0,,,0.9311327356130267,book_equity_over_market_equity,0.11812614393703437,net_income_over_market_equity,0.9311327356130267,0.11812614393703437,True,True,B_price_times_shares,
3375,ZOA CORPORATION,Retail Trade,2192801400.0,close_times_edinet_shares_outstanding,2933659000.0,297019000.0,,,1.3378589597762935,book_equity_over_market_equity,0.1354518471212213,net_income_over_market_equity,1.3378589597762935,0.1354518471212213,True,True,B_price_times_shares,
8138,SANKYO KASEI CORPORATION,Wholesale Trade,3621254000.0,close_times_edinet_shares_outstanding,8712096000.0,663190000.0,,,2.4058229552525177,book_equity_over_market_equity,0.18313821676137604,net_income_over_market_equity,2.4058229552525177,0.18313821676137604,True,True,B_price_times_shares,
2292,S Foods Inc.,Foods,84092932755.0,close_times_edinet_shares_outstanding,140672000000.0,9763000000.0,,,1.6728159595746281,book_equity_over_market_equity,0.116097746625676,net_income_over_market_equity,1.6728159595746281,0.116097746625676,True,True,B_price_times_shares,
8877,ESLEAD CORPORATION,Real Estate,76530320000.0,close_times_edinet_shares_outstanding,73460423000.0,9330772000.0,,,0.959886526020014,book_equity_over_market_equity,0.1219225530482559,net_income_over_market_equity,0.959886526020014,0.1219225530482559,True,True,B_price_times_shares,
7532,Pan Pacific International Holdings Corporation,Retail Trade,2461835460608.0,raw_market_cap,629753000000.0,91352000000.0,3.5880477,24.611477,0.2558062917188096,book_equity_over_market_equity,0.03710727278964402,net_income_over_market_equity,0.2558062917188096,0.03710727278964402,True,True,A_raw_market_cap,
3662,"Ateam Holdings Co.,Ltd.",Information & Communication,17877367330.0,close_times_edinet_shares_outstanding,9169000000.0,1054000000.0,,,0.5128831237143909,book_equity_over_market_equity,0.05895722678536024,net_income_over_market_equity,0.5128831237143909,0.05895722678536024,True,True,B_price_times_shares,
7792,"Colan Totte.Co.,Ltd.",Other Products,13156268700.0,close_times_edinet_shares_outstanding,5170603000.0,1328215000.0,,,0.393014396247471,book_equity_over_market_equity,0.1009568161221882,net_income_over_market_equity,0.393014396247471,0.1009568161221882,True,True,B_price_times_shares,
9946,"MINISTOP CO.,LTD.",Retail Trade,52910544576.0,close_times_edinet_shares_outstanding,27163000000.0,-5785000000.0,,,0.5133759294611574,book_equity_over_market_equity,,missing,0.5133759294611574,,True,False,B_price_times_shares,net_income_nonpositive_or_missing
7222,"NISSAN SHATAI CO.,LTD.",Transportation Equipment,139109927008.0,close_times_edinet_shares_outstanding,176561000000.0,3033000000.0,,,1.2692192699507796,book_equity_over_market_equity,0.02180290123957564,net_income_over_market_equity,1.2692192699507796,0.02180290123957564,True,True,B_price_times_shares,
4054,"Japan PropTech Co.,Ltd.",Information & Communication,7150737160.0,close_times_edinet_shares_outstanding,3901757000.0,654742000.0,,,0.5456440242029537,book_equity_over_market_equity,0.09156286762468556,net_income_over_market_equity,0.5456440242029537,0.09156286762468556,True,True,B_price_times_shares,
3490,"Azplanning Co.,Ltd.",Real Estate,4318339200.0,close_times_edinet_shares_outstanding,3994017000.0,321599000.0,,,0.9248965435600798,book_equity_over_market_equity,0.07447284363396002,net_income_over_market_equity,0.9248965435600798,0.07447284363396002,True,True,B_price_times_shares,
7480,SUZUDEN CORPORATION,Wholesale Trade,29522133000.0,close_times_edinet_shares_outstanding,18694339000.0,1789904000.0,,,0.6332313115722363,book_equity_over_market_equity,0.06062922350495474,net_income_over_market_equity,0.6332313115722363,0.06062922350495474,True,True,B_price_times_shares,
9278,BOOKOFF GROUP HOLDINGS LIMITED,Retail Trade,32444403000.0,close_times_edinet_shares_outstanding,18867000000.0,2194000000.0,,,0.5815178661170002,book_equity_over_market_equity,0.06762337405314563,net_income_over_market_equity,0.5815178661170002,0.06762337405314563,True,True,B_price_times_shares,
4019,"Stmn,Inc.",Information & Communication,5049305000.0,close_times_edinet_shares_outstanding,1586405000.0,215042000.0,,,0.31418284298532173,book_equity_over_market_equity,0.04258843543814446,net_income_over_market_equity,0.31418284298532173,0.04258843543814446,True,True,B_price_times_shares,
4382,"HEROZ,Inc.",Information & Communication,10713174408.0,close_times_edinet_shares_outstanding,5345260000.0,-295951000.0,,,0.4989426846265528,book_equity_over_market_equity,,missing,0.4989426846265528,,True,False,B_price_times_shares,net_income_nonpositive_or_missing
3496,"AZOOM CO.,LTD",Real Estate,50991406500.0,close_times_edinet_shares_outstanding,6831225000.0,1833739000.0,,,0.1339681618705693,book_equity_over_market_equity,0.03596172621753432,net_income_over_market_equity,0.1339681618705693,0.03596172621753432,True,True,B_price_times_shares,
3690,YRGLM Inc.,Information & Communication,3267197105.0,close_times_edinet_shares_outstanding,1684802000.0,-301144000.0,,,0.5156719799431874,book_equity_over_market_equity,,missing,0.5156719799431874,,True,False,B_price_times_shares,net_income_nonpositive_or_missing
4445,Living Technologies Inc.,Information & Communication,1952709376.0,close_times_edinet_shares_outstanding,1732555000.0,314575000.0,,,0.8872569678284783,book_equity_over_market_equity,0.16109668129129728,net_income_over_market_equity,0.8872569678284783,0.16109668129129728,True,True,B_price_times_shares,
8070,"TOKYO SANGYO CO.,LTD.",Wholesale Trade,20609520308.0,close_times_edinet_shares_outstanding,21000000000.0,2164000000.0,,,1.0189465686810977,book_equity_over_market_equity,0.10500001783932836,net_income_over_market_equity,1.0189465686810977,0.10500001783932836,True,True,B_price_times_shares,
7057,"New Constructor's Network Co.,Ltd.",Services,2657714000.0,close_times_edinet_shares_outstanding,2324680000.0,240052000.0,,,0.8746915582338807,book_equity_over_market_equity,0.09032273600545432,net_income_over_market_equity,0.8746915582338807,0.09032273600545432,True,True,B_price_times_shares,
9562,Business Coach Inc.,Services,716391000.0,close_times_edinet_shares_outstanding,771129000.0,140650000.0,,,1.076407995075315,book_equity_over_market_equity,0.19633133302903025,net_income_over_market_equity,1.076407995075315,0.19633133302903025,True,True,B_price_times_shares,
6533,Orchestra Holdings Inc.,Services,9386730500.0,close_times_edinet_shares_outstanding,6050398000.0,-86285000.0,,,0.6445692672224903,book_equity_over_market_equity,,missing,0.6445692672224903,,True,False,B_price_times_shares,net_income_nonpositive_or_missing
8123,"T.KAWABE & CO.,LTD.",Wholesale Trade,2399743500.0,close_times_edinet_shares_outstanding,7087704000.0,411806000.0,,,2.9535256580547045,book_equity_over_market_equity,0.1716041735293793,net_income_over_market_equity,2.9535256580547045,0.1716041735293793,True,True,B_price_times_shares,
7042,"ACCESS GROUP HOLDINGS CO.,LTD.",Services,1926983000.0,close_times_edinet_shares_outstanding,1184279000.0,188644000.0,,,0.6145767762351821,book_equity_over_market_equity,0.09789603748450297,net_income_over_market_equity,0.6145767762351821,0.09789603748450297,True,True,B_price_times_shares,
9115,"Meiji Shipping Group Co.,Ltd.",Marine Transportation,37679540700.0,close_times_edinet_shares_outstanding,91214584000.0,6670908000.0,,,2.4207987227402694,book_equity_over_market_equity,0.17704324086944084,net_income_over_market_equity,2.4207987227402694,0.17704324086944084,True,True,B_price_times_shares,
3199,"Watahan & Co.,Ltd.",Retail Trade,25224307920.0,close_times_edinet_shares_outstanding,23240000000.0,2077000000.0,,,0.9213335039243368,book_equity_over_market_equity,0.0823412085908282,net_income_over_market_equity,0.9213335039243368,0.0823412085908282,True,True,B_price_times_shares,
3161,AZEARTH Corporation,Wholesale Trade,3784495650.0,close_times_edinet_shares_outstanding,6768319000.0,199093000.0,,,1.7884335525659807,book_equity_over_market_equity,0.052607538338695144,net_income_over_market_equity,1.7884335525659807,0.052607538338695144,True,True,B_price_times_shares,
5986,"MOLITEC STEEL CO.,LTD.",Metal Products,5309857731.0,close_times_edinet_shares_outstanding,14611016000.0,371424000.0,,,2.751677491225047,book_equity_over_market_equity,0.06994989674234645,net_income_over_market_equity,2.751677491225047,0.06994989674234645,True,True,B_price_times_shares,
2055,"NICHIWA SANGYO CO.,LTD.",Foods,5940678600.0,close_times_edinet_shares_outstanding,18303000000.0,315000000.0,,,3.0809611548418054,book_equity_over_market_equity,0.053024245411963544,net_income_over_market_equity,3.0809611548418054,0.053024245411963544,True,True,B_price_times_shares,
4932,"ALMADO,INC.",Chemicals,5916494100.0,close_times_edinet_shares_outstanding,3119991000.0,650413000.0,,,0.5273378029735549,book_equity_over_market_equity,0.10993216404965231,net_income_over_market_equity,0.5273378029735549,0.10993216404965231,True,True,B_price_times_shares,
7370,"Enjin Co.,Ltd.",Services,5160713800.0,close_times_edinet_shares_outstanding,4656012000.0,542810000.0,,,0.9022031022142712,book_equity_over_market_equity,0.10518118636999402,net_income_over_market_equity,0.9022031022142712,0.10518118636999402,True,True,B_price_times_shares,
5603,KOGI CORPORATION,Iron and Steel,3956534230.0,close_times_edinet_shares_outstanding,18048000000.0,873000000.0,,,4.561568016561808,book_equity_over_market_equity,0.22064765505643053,net_income_over_market_equity,4.561568016561808,0.22064765505643053,True,True,B_price_times_shares,
7944,Roland Corporation,Other Products,120897712245.0,close_times_edinet_shares_outstanding,41364000000.0,2182000000.0,,,0.34214046926029157,book_equity_over_market_equity,0.018048315054780877,net_income_over_market_equity,0.34214046926029157,0.018048315054780877,True,True,B_price_times_shares,
2337,Ichigo Inc.,Real Estate,179108936440.0,close_times_edinet_shares_outstanding,116754000000.0,16843000000.0,,,0.651860271858136,book_equity_over_market_equity,0.09403774225214198,net_income_over_market_equity,0.651860271858136,0.09403774225214198,True,True,B_price_times_shares,
3030,"HUB CO.,LTD.",Retail Trade,11747852000.0,close_times_edinet_shares_outstanding,3407606000.0,609828000.0,,,0.2900620470874165,book_equity_over_market_equity,0.05190974486229483,net_income_over_market_equity,0.2900620470874165,0.05190974486229483,True,True,B_price_times_shares,
2930,Kitanotatsujin Corporation,Chemicals,17151513600.0,close_times_edinet_shares_outstanding,8171790000.0,725252000.0,,,0.4764471632404501,book_equity_over_market_equity,0.042285014425782225,net_income_over_market_equity,0.4764471632404501,0.042285014425782225,True,True,B_price_times_shares,
9245,Livero Inc.,Services,10526409600.0,close_times_edinet_shares_outstanding,2658990000.0,531616000.0,,,0.252601798812769,book_equity_over_market_equity,0.0505030699166409,net_income_over_market_equity,0.252601798812769,0.0505030699166409,True,True,B_price_times_shares,
4241,atect corporation,Chemicals,3103542000.0,close_times_edinet_shares_outstanding,1787499000.0,40176000.0,,,0.5759545061739135,book_equity_over_market_equity,0.012945209054686548,net_income_over_market_equity,0.5759545061739135,0.012945209054686548,True,True,B_price_times_shares,
7814,"JAPAN Creative Platform Group Co.,Ltd.",Other Products,28652679000.0,close_times_edinet_shares_outstanding,21283000000.0,6547000000.0,,,0.742792672196551,book_equity_over_market_equity,0.22849521330972228,net_income_over_market_equity,0.742792672196551,0.22849521330972228,True,True,B_price_times_shares,
3895,HAVIX CORPORATION,Pulp and Paper,3208874280.0,close_times_edinet_shares_outstanding,7264884000.0,672450000.0,,,2.263997703269322,book_equity_over_market_equity,0.2095594720526103,net_income_over_market_equity,2.263997703269322,0.2095594720526103,True,True,B_price_times_shares,
8273,"IZUMI CO.,LTD.",Retail Trade,187546252800.0,close_times_edinet_shares_outstanding,307939000000.0,17101000000.0,,,1.6419362978602792,book_equity_over_market_equity,0.09118284020441916,net_income_over_market_equity,1.6419362978602792,0.09118284020441916,True,True,B_price_times_shares,
7827,ORVIS CORPORATION,Other Products,2900766315.0,close_times_edinet_shares_outstanding,5767201000.0,426604000.0,,,1.9881646343511128,book_equity_over_market_equity,0.1470659659118387,net_income_over_market_equity,1.9881646343511128,0.1470659659118387,True,True,B_price_times_shares,
3093,"Treasure Factory Co.,LTD.",Retail Trade,42639724700.0,close_times_edinet_shares_outstanding,12900000000.0,3236000000.0,,,0.30253478629987496,book_equity_over_market_equity,0.07589167197413918,net_income_over_market_equity,0.30253478629987496,0.07589167197413918,True,True,B_price_times_shares,
3284,"Hoosiers Holdings Co.,Ltd.",Real Estate,41421306375.0,close_times_edinet_shares_outstanding,47894000000.0,5775000000.0,,,1.1562648354545046,book_equity_over_market_equity,0.13942100105962676,net_income_over_market_equity,1.1562648354545046,0.13942100105962676,True,True,B_price_times_shares,
9987,"SUZUKEN CO.,LTD.",Wholesale Trade,369272353296.0,close_times_edinet_shares_outstanding,407420000000.0,34503000000.0,,,1.1033049085952604,book_equity_over_market_equity,0.09343510201085432,net_income_over_market_equity,1.1033049085952604,0.09343510201085432,True,True,B_price_times_shares,
7516,"KOHNAN SHOJI CO.,LTD.",Retail Trade,118036236715.0,close_times_edinet_shares_outstanding,173849000000.0,12288000000.0,,,1.4728443132235791,book_equity_over_market_equity,0.10410362395464651,net_income_over_market_equity,1.4728443132235791,0.10410362395464651,True,True,B_price_times_shares,
2654,ASMO CORPORATION,Retail Trade,5305042550.0,close_times_edinet_shares_outstanding,6640874000.0,143692000.0,,,1.2518040972169018,book_equity_over_market_equity,0.02708592789703449,net_income_over_market_equity,1.2518040972169018,0.02708592789703449,True,True,B_price_times_shares,
4849,en Inc.,Services,51936873000.0,close_times_edinet_shares_outstanding,48306000000.0,7631000000.0,,,0.9300906506250386,book_equity_over_market_equity,0.1469283682134656,net_income_over_market_equity,0.9300906506250386,0.1469283682134656,True,True,B_price_times_shares,
1850,"Nankai Tatsumura Construction Co.,Ltd.",Construction,11559879630.0,close_times_edinet_shares_outstanding,17290000000.0,1714000000.0,,,1.4956903145539069,book_equity_over_market_equity,0.14827144008938092,net_income_over_market_equity,1.4956903145539069,0.14827144008938092,True,True,B_price_times_shares,
3501,"SUMINOE Co.,Ltd.",Textiles and Apparels,14781111984.0,close_times_edinet_shares_outstanding,37163000000.0,1428000000.0,,,2.514222207383826,book_equity_over_market_equity,0.0966097815608025,net_income_over_market_equity,2.514222207383826,0.0966097815608025,True,True,B_price_times_shares,
7975,"LIHIT LAB.,INC.",Other Products,3698370000.0,close_times_edinet_shares_outstanding,10978921000.0,67066000.0,,,2.968583727425866,book_equity_over_market_equity,0.018133934679331706,net_income_over_market_equity,2.968583727425866,0.018133934679331706,True,True,B_price_times_shares,
7414,"ONOKEN CO.,LTD.",Wholesale Trade,33110681334.0,close_times_edinet_shares_outstanding,98273000000.0,4957000000.0,,,2.9680150344441114,book_equity_over_market_equity,0.1497099969039254,net_income_over_market_equity,2.9680150344441114,0.1497099969039254,True,True,B_price_times_shares,
8147,TOMITA CO.LTD.,Wholesale Trade,6372610800.0,close_times_edinet_shares_outstanding,12208056000.0,769924000.0,,,1.91570713843061,book_equity_over_market_equity,0.1208176717774762,net_income_over_market_equity,1.91570713843061,0.1208176717774762,True,True,B_price_times_shares,
7128,UNISOL Holdings Corporation,Wholesale Trade,49516089694.0,close_times_edinet_shares_outstanding,73876000000.0,2205000000.0,,,1.491959491481246,book_equity_over_market_equity,0.04453098000319653,net_income_over_market_equity,1.491959491481246,0.04453098000319653,True,True,B_price_times_shares,
9227,"Microwave Chemical Co.,Ltd.",Services,15789289200.0,close_times_edinet_shares_outstanding,2871747000.0,161482000.0,,,0.18187943507931947,book_equity_over_market_equity,0.01022731282925643,net_income_over_market_equity,0.18187943507931947,0.01022731282925643,True,True,B_price_times_shares,
7636,"HANDSMAN CO.,LTD",Retail Trade,10980160800.0,close_times_edinet_shares_outstanding,18102000000.0,1027000000.0,,,1.648609736207142,book_equity_over_market_equity,0.09353232786900534,net_income_over_market_equity,1.648609736207142,0.09353232786900534,True,True,B_price_times_shares,
5036,"Japan Business Systems,Inc.",Information & Communication,80249316100.0,close_times_edinet_shares_outstanding,27244000000.0,5629000000.0,,,0.3394919897641346,book_equity_over_market_equity,0.07014389995530441,net_income_over_market_equity,0.3394919897641346,0.07014389995530441,True,True,B_price_times_shares,
9041,"Kintetsu Group Holdings Co.,Ltd.",Land Transportation,659280866178.0,close_times_edinet_shares_outstanding,613723000000.0,54698000000.0,,,0.9308976363259118,book_equity_over_market_equity,0.08296615722688366,net_income_over_market_equity,0.9308976363259118,0.08296615722688366,True,True,B_price_times_shares,
3475,"Good Com Asset Co.,Ltd.",Real Estate,38828473500.0,close_times_edinet_shares_outstanding,14546278000.0,1657860000.0,,,0.37462914940501074,book_equity_over_market_equity,0.04269701717735568,net_income_over_market_equity,0.37462914940501074,0.04269701717735568,True,True,B_price_times_shares,
5283,"TAKAMISAWA CO.,LTD.",Wholesale Trade,5195854500.0,close_times_edinet_shares_outstanding,14748000000.0,678000000.0,,,2.8384166646698823,book_equity_over_market_equity,0.13048864243600355,net_income_over_market_equity,2.8384166646698823,0.13048864243600355,True,True,B_price_times_shares,
3382,"Seven & i Holdings Co.,Ltd.",Retail Trade,4239736176640.0,raw_market_cap,3648195000000.0,299091000000.0,1.1710207,15.435112,0.8604768900717785,book_equity_over_market_equity,0.07054471965683258,net_income_over_market_equity,0.8604768900717785,0.07054471965683258,True,True,A_raw_market_cap,
2750,"S.ISHIMITSU&CO.,LTD.",Wholesale Trade,9784855600.0,close_times_edinet_shares_outstanding,13900966000.0,998842000.0,,,1.4206613330093496,book_equity_over_market_equity,0.10208040269904443,net_income_over_market_equity,1.4206613330093496,0.10208040269904443,True,True,B_price_times_shares,
6625,JALCO Holdings Inc.,Real Estate,36311867522.0,close_times_edinet_shares_outstanding,19082629000.0,1425478000.0,,,0.5255204510877484,book_equity_over_market_equity,0.03925653229309554,net_income_over_market_equity,0.5255204510877484,0.03925653229309554,True,True,B_price_times_shares,
4051,"GMO Financial Gate,Inc.",Information & Communication,48803502000.0,close_times_edinet_shares_outstanding,6251476000.0,1586612000.0,,,0.1280948240148832,book_equity_over_market_equity,0.03251020797646857,net_income_over_market_equity,0.1280948240148832,0.03251020797646857,True,True,B_price_times_shares,
5461,"Chubu Steel Plate Co.,Ltd.",Iron and Steel,57387393700.0,close_times_edinet_shares_outstanding,76022000000.0,1777000000.0,,,1.3247160238259783,book_equity_over_market_equity,0.030964988744557675,net_income_over_market_equity,1.3247160238259783,0.030964988744557675,True,True,B_price_times_shares,
4707,KITAC CORPORATION,Services,1836971872.0,close_times_edinet_shares_outstanding,3532524000.0,217245000.0,,,1.9230147471740928,book_equity_over_market_equity,0.11826256205190278,net_income_over_market_equity,1.9230147471740928,0.11826256205190278,True,True,B_price_times_shares,
9365,TRADIA CORPORATION,Warehousing and Harbor Transportation Service,2193435200.0,close_times_edinet_shares_outstanding,4650722000.0,267572000.0,,,2.1202914952764504,book_equity_over_market_equity,0.12198764750378767,net_income_over_market_equity,2.1202914952764504,0.12198764750378767,True,True,B_price_times_shares,
1443,"Giken Holdings Co.,Ltd.",Construction,3847594749.0,close_times_edinet_shares_outstanding,10916029000.0,491949000.0,,,2.8371046620325866,book_equity_over_market_equity,0.12785883963685593,net_income_over_market_equity,2.8371046620325866,0.12785883963685593,True,True,B_price_times_shares,
2293,"TAKIZAWA HAM CO.,LTD.",Foods,5460522400.0,close_times_edinet_shares_outstanding,3480730000.0,-495221000.0,,,0.6374353486765295,book_equity_over_market_equity,,missing,0.6374353486765295,,True,False,B_price_times_shares,net_income_nonpositive_or_missing
1768,SONEC CORPORATION,Construction,7239651400.0,close_times_edinet_shares_outstanding,9059125000.0,500854000.0,,,1.2513206091663474,book_equity_over_market_equity,0.06918206034064016,net_income_over_market_equity,1.2513206091663474,0.06918206034064016,True,True,B_price_times_shares,
7538,"DAISUI CO.,LTD.",Wholesale Trade,4906373878.0,close_times_edinet_shares_outstanding,11457000000.0,1189000000.0,,,2.33512575374102,book_equity_over_market_equity,0.2423378302520793,net_income_over_market_equity,2.33512575374102,0.2423378302520793,True,True,B_price_times_shares,
9514,EF-ON INC.,Electric Power and Gas,7319852824.0,close_times_edinet_shares_outstanding,18684000000.0,706000000.0,,,2.5525103371941786,book_equity_over_market_equity,0.09645002665698406,net_income_over_market_equity,2.5525103371941786,0.09645002665698406,True,True,B_price_times_shares,
7805,PRINTNET INC.,Other Products,3824145600.0,close_times_edinet_shares_outstanding,4170221000.0,433039000.0,,,1.0904974434027825,book_equity_over_market_equity,0.11323810474161862,net_income_over_market_equity,1.0904974434027825,0.11323810474161862,True,True,B_price_times_shares,
7127,"Ikka Holdings Co.,Ltd.",Retail Trade,4883314800.0,close_times_edinet_shares_outstanding,1209667000.0,-172203000.0,,,0.24771431897038462,book_equity_over_market_equity,,missing,0.24771431897038462,,True,False,B_price_times_shares,net_income_nonpositive_or_missing
8159,"TACHIBANA ELETECH CO.,LTD.",Wholesale Trade,72608084720.0,close_times_edinet_shares_outstanding,94992000000.0,7046000000.0,,,1.308284061841316,book_equity_over_market_equity,0.09704153507383688,net_income_over_market_equity,1.308284061841316,0.09704153507383688,True,True,B_price_times_shares,
7795,"KYORITSU CO.,LTD.",Other Products,8342593500.0,close_times_edinet_shares_outstanding,17643343000.0,716594000.0,,,2.1148510951660295,book_equity_over_market_equity,0.08589583083485969,net_income_over_market_equity,2.1148510951660295,0.08589583083485969,True,True,B_price_times_shares,
7867,"TOMY COMPANY,LTD.",Other Products,286667199900.0,close_times_edinet_shares_outstanding,106398000000.0,16350000000.0,,,0.37115512356180097,book_equity_over_market_equity,0.05703477762961189,net_income_over_market_equity,0.37115512356180097,0.05703477762961189,True,True,B_price_times_shares,
2933,KIBUN FOODS INC.,Foods,23446185087.0,close_times_edinet_shares_outstanding,21268223000.0,2700973000.0,,,0.9071080400108419,book_equity_over_market_equity,0.11519882616202602,net_income_over_market_equity,0.9071080400108419,0.11519882616202602,True,True,B_price_times_shares,
5204,"ISHIZUKA GLASS CO.,LTD.",Glass and Ceramics Products,12127127292.0,close_times_edinet_shares_outstanding,35332000000.0,3419000000.0,,,2.9134682228748225,book_equity_over_market_equity,0.28192991775186854,net_income_over_market_equity,2.9134682228748225,0.28192991775186854,True,True,B_price_times_shares,
3467,Agratio urban design Inc.,Real Estate,14010259500.0,close_times_edinet_shares_outstanding,7301336000.0,1617231000.0,,,0.5211420959047903,book_equity_over_market_equity,0.11543190902352665,net_income_over_market_equity,0.5211420959047903,0.11543190902352665,True,True,B_price_times_shares,
7134,"UP GARAGE GROUP Co.,Ltd.",Retail Trade,9670505600.0,close_times_edinet_shares_outstanding,4646348000.0,824069000.0,,,0.48046588174252236,book_equity_over_market_equity,0.08521467584900629,net_income_over_market_equity,0.48046588174252236,0.08521467584900629,True,True,B_price_times_shares,
7476,AS ONE CORPORATION,Wholesale Trade,153943788160.0,close_times_edinet_shares_outstanding,66709000000.0,8229000000.0,,,0.43333349657906717,book_equity_over_market_equity,0.05345457649416336,net_income_over_market_equity,0.43333349657906717,0.05345457649416336,True,True,B_price_times_shares,
7413,"Sokensha Co.,Ltd.",Wholesale Trade,1756498000.0,close_times_edinet_shares_outstanding,1160574000.0,47544000.0,,,0.6607317514736709,book_equity_over_market_equity,0.027067494526039883,net_income_over_market_equity,0.6607317514736709,0.027067494526039883,True,True,B_price_times_shares,
1764,KUDO CORPORATION,Construction,3624435220.0,close_times_edinet_shares_outstanding,5379491000.0,483115000.0,,,1.4842287621297312,book_equity_over_market_equity,0.1332938708172028,net_income_over_market_equity,1.4842287621297312,0.1332938708172028,True,True,B_price_times_shares,
9010,"FUJI KYUKO CO.,LTD.",Land Transportation,105986183724.0,close_times_edinet_shares_outstanding,36786623000.0,5213561000.0,,,0.3470888535414816,book_equity_over_market_equity,0.049190949393712505,net_income_over_market_equity,0.3470888535414816,0.049190949393712505,True,True,B_price_times_shares,
7791,"DREAMBED CO.,LTD.",Other Products,3210887680.0,close_times_edinet_shares_outstanding,4508136000.0,415092000.0,,,1.4040154777385423,book_equity_over_market_equity,0.12927639997671922,net_income_over_market_equity,1.4040154777385423,0.12927639997671922,True,True,B_price_times_shares,
3280,"STrust Co.,Ltd.",Real Estate,5854056600.0,close_times_edinet_shares_outstanding,10820000000.0,1420000000.0,,,1.8482909782594177,book_equity_over_market_equity,0.24256683818191987,net_income_over_market_equity,1.8482909782594177,0.24256683818191987,True,True,B_price_times_shares,
3955,"IMURA & Co.,Ltd.",Pulp and Paper,8058686220.0,close_times_edinet_shares_outstanding,17957000000.0,1233000000.0,,,2.228278842205622,book_equity_over_market_equity,0.15300260691872428,net_income_over_market_equity,2.228278842205622,0.15300260691872428,True,True,B_price_times_shares,
5078,CEL Corporation,Construction,17091324000.0,close_times_edinet_shares_outstanding,21116453000.0,1147664000.0,,,1.2355071497094081,book_equity_over_market_equity,0.06714892304422992,net_income_over_market_equity,1.2355071497094081,0.06714892304422992,True,True,B_price_times_shares,
6584,"Sanoh Industrial Co.,Ltd.",Transportation Equipment,35739202600.0,close_times_edinet_shares_outstanding,48087000000.0,1959000000.0,,,1.3454972831430771,book_equity_over_market_equity,0.054813757932025045,net_income_over_market_equity,1.3454972831430771,0.054813757932025045,True,True,B_price_times_shares,
4398,"BroadBand Security,Inc.",Information & Communication,5715306146.0,close_times_edinet_shares_outstanding,2107806000.0,142725000.0,,,0.36880019130299796,book_equity_over_market_equity,0.024972415537160623,net_income_over_market_equity,0.36880019130299796,0.024972415537160623,True,True,B_price_times_shares,
9423,Forval RealStraight Inc.,Information & Communication,2473969200.0,close_times_edinet_shares_outstanding,639891000.0,86346000.0,,,0.2586495417970442,book_equity_over_market_equity,0.0349018088018234,net_income_over_market_equity,0.2586495417970442,0.0349018088018234,True,True,B_price_times_shares,
8137,SUN-WA TECHNOS CORPORATION,Wholesale Trade,57987218000.0,close_times_edinet_shares_outstanding,49112000000.0,2443000000.0,,,0.8469452699041364,book_equity_over_market_equity,0.04212997422983803,net_income_over_market_equity,0.8469452699041364,0.04212997422983803,True,True,B_price_times_shares,
3035,ktk INC.,Wholesale Trade,4362060600.0,close_times_edinet_shares_outstanding,4477758000.0,332198000.0,,,1.0265235654910434,book_equity_over_market_equity,0.07615620929246146,net_income_over_market_equity,1.0265235654910434,0.07615620929246146,True,True,B_price_times_shares,
7358,Poppins Corporation,Services,13299793800.0,close_times_edinet_shares_outstanding,9261000000.0,1142000000.0,,,0.6963265851535232,book_equity_over_market_equity,0.08586599289982977,net_income_over_market_equity,0.6963265851535232,0.08586599289982977,True,True,B_price_times_shares,
8194,LIFE CORPORATION,Retail Trade,209935811400.0,close_times_edinet_shares_outstanding,155534000000.0,18822000000.0,,,0.740864547895805,book_equity_over_market_equity,0.08965597567409597,net_income_over_market_equity,0.740864547895805,0.08965597567409597,True,True,B_price_times_shares,
5697,"SANYU CO.,LTD.",Iron and Steel,4291595000.0,close_times_edinet_shares_outstanding,10546724000.0,517642000.0,,,2.457530125745789,book_equity_over_market_equity,0.1206176258477326,net_income_over_market_equity,2.457530125745789,0.1206176258477326,True,True,B_price_times_shares,
3222,United Super Markets Holdings Inc.,Retail Trade,167544890216.0,close_times_edinet_shares_outstanding,200671000000.0,-3185000000.0,,,1.1977148317760906,book_equity_over_market_equity,,missing,1.1977148317760906,,True,False,B_price_times_shares,net_income_nonpositive_or_missing
4539,"NIPPON CHEMIPHAR CO.,LTD.",Pharmaceutical,5882276520.0,close_times_edinet_shares_outstanding,19167000000.0,294000000.0,,,3.2584323322494875,book_equity_over_market_equity,0.04998064932860382,net_income_over_market_equity,3.2584323322494875,0.04998064932860382,True,True,B_price_times_shares,
8091,"NICHIMO CO.,LTD.",Wholesale Trade,18124759300.0,close_times_edinet_shares_outstanding,30229000000.0,2671000000.0,,,1.667829045321446,book_equity_over_market_equity,0.14736747428143776,net_income_over_market_equity,1.667829045321446,0.14736747428143776,True,True,B_price_times_shares,
7554,KOURAKUEN CORPORATION,Retail Trade,20370752568.0,close_times_edinet_shares_outstanding,5992256000.0,799623000.0,,,0.29415977539352733,book_equity_over_market_equity,0.03925348350929909,net_income_over_market_equity,0.29415977539352733,0.03925348350929909,True,True,B_price_times_shares,
3549,"KUSURI NO AOKI HOLDINGS CO.,LTD.",Retail Trade,352748646120.0,close_times_edinet_shares_outstanding,145759000000.0,20939000000.0,,,0.4132092400729297,book_equity_over_market_equity,0.05935954745770124,net_income_over_market_equity,0.4132092400729297,0.05935954745770124,True,True,B_price_times_shares,
7453,"RYOHIN KEIKAKU CO.,LTD.",Retail Trade,1951324831744.0,raw_market_cap,335920000000.0,50872000000.0,5.339352,32.757084,0.1721497080010871,book_equity_over_market_equity,0.026070492812072226,net_income_over_market_equity,0.1721497080010871,0.026070492812072226,True,True,A_raw_market_cap,
3580,"KOMATSU MATERE Co.,Ltd.",Textiles and Apparels,27355998309.0,close_times_edinet_shares_outstanding,39701000000.0,2952000000.0,,,1.4512722055162048,book_equity_over_market_equity,0.10791051990337364,net_income_over_market_equity,1.4512722055162048,0.10791051990337364,True,True,B_price_times_shares,
3299,"MUGEN ESTATE Co.,Ltd.",Real Estate,39196798800.0,close_times_edinet_shares_outstanding,35802000000.0,6678000000.0,,,0.9133909170153967,book_equity_over_market_equity,0.17037105591388244,net_income_over_market_equity,0.9133909170153967,0.17037105591388244,True,True,B_price_times_shares,
6166,"NAKAMURA CHOUKOU CO.,LTD.",Machinery,5003488600.0,close_times_edinet_shares_outstanding,-1717851000.0,-32793000.0,,,,missing,,missing,,,False,False,B_price_times_shares,book_equity_nonpositive_or_missing;net_income_nonpositive_or_missing
2938,"Okamura Foods Co.,Ltd.",Foods,75402624600.0,close_times_edinet_shares_outstanding,16043000000.0,2020000000.0,,,0.21276447716648844,book_equity_over_market_equity,0.026789518411538156,net_income_over_market_equity,0.21276447716648844,0.026789518411538156,True,True,B_price_times_shares,
2685,"and ST HD Co.,Ltd.",Retail Trade,151127501000.0,close_times_edinet_shares_outstanding,81823000000.0,9498000000.0,,,0.5414170118514697,book_equity_over_market_equity,0.06284759515741613,net_income_over_market_equity,0.5414170118514697,0.06284759515741613,True,True,B_price_times_shares,
6335,"TOKYO KIKAI SEISAKUSHO,LTD.",Machinery,5498135220.0,close_times_edinet_shares_outstanding,9270280000.0,1378598000.0,,,1.6860771205259664,book_equity_over_market_equity,0.250739195170249,net_income_over_market_equity,1.6860771205259664,0.250739195170249,True,True,B_price_times_shares,
4417,Global Security Experts Inc.,Information & Communication,51981081000.0,close_times_edinet_shares_outstanding,3078911000.0,1010077000.0,,,0.059231376892681396,book_equity_over_market_equity,0.01943162744153012,net_income_over_market_equity,0.09741440959758958,0.01943162744153012,True,True,B_price_times_shares,
5310,"TOYO TANSO CO.,LTD.",Glass and Ceramics Products,155614376960.0,close_times_edinet_shares_outstanding,97551000000.0,5467000000.0,,,0.6268765258435925,book_equity_over_market_equity,0.035131715377463284,net_income_over_market_equity,0.6268765258435925,0.035131715377463284,True,True,B_price_times_shares,
1887,JDC CORPORATION,Construction,42765564800.0,close_times_edinet_shares_outstanding,66429000000.0,2228000000.0,,,1.553329186944352,book_equity_over_market_equity,0.0520979907647566,net_income_over_market_equity,1.553329186944352,0.0520979907647566,True,True,B_price_times_shares,
3186,"NEXTAGE Co.,Ltd.",Retail Trade,298931997000.0,close_times_edinet_shares_outstanding,79313000000.0,12811000000.0,,,0.2653212128375806,book_equity_over_market_equity,0.042855900768628656,net_income_over_market_equity,0.2653212128375806,0.042855900768628656,True,True,B_price_times_shares,
3024,CREATE CORPORATION,Wholesale Trade,3905493200.0,close_times_edinet_shares_outstanding,5325415000.0,486465000.0,,,1.3635704192238767,book_equity_over_market_equity,0.12455917219366813,net_income_over_market_equity,1.3635704192238767,0.12455917219366813,True,True,B_price_times_shares,
6222,"SHIMA SEIKI MFG.,LTD.",Machinery,31998464100.0,close_times_edinet_shares_outstanding,77740000000.0,-14275000000.0,,,2.429491608005023,book_equity_over_market_equity,,missing,2.429491608005023,,True,False,B_price_times_shares,net_income_nonpositive_or_missing
7606,UNITED ARROWS LTD.,Retail Trade,68430080192.0,close_times_edinet_shares_outstanding,38122000000.0,4466000000.0,,,0.5570941885942252,book_equity_over_market_equity,0.06526369671742852,net_income_over_market_equity,0.5570941885942252,0.06526369671742852,True,True,B_price_times_shares,
3011,"BANNERS CO.,LTD.",Retail Trade,2312215586.0,close_times_edinet_shares_outstanding,2660652000.0,252698000.0,,,1.1506937398526818,book_equity_over_market_equity,0.10928825215522096,net_income_over_market_equity,1.1506937398526818,0.10928825215522096,True,True,B_price_times_shares,
2454,"All About,Inc.",Services,5048729400.0,close_times_edinet_shares_outstanding,4447276000.0,-204664000.0,,,0.8808703433382664,book_equity_over_market_equity,,missing,0.8808703433382664,,True,False,B_price_times_shares,net_income_nonpositive_or_missing
3958,"Sasatoku Printing Co.,Ltd.",Pulp and Paper,3126441000.0,close_times_edinet_shares_outstanding,9148127000.0,706069000.0,,,2.9260513791880287,book_equity_over_market_equity,0.22583794160836554,net_income_over_market_equity,2.9260513791880287,0.22583794160836554,True,True,B_price_times_shares,
2385,Soiken Holdings Inc.,Services,6304126200.0,close_times_edinet_shares_outstanding,6037741000.0,447596000.0,,,0.957744310385157,book_equity_over_market_equity,0.07100048219212363,net_income_over_market_equity,0.957744310385157,0.07100048219212363,True,True,B_price_times_shares,
7841,"ENDO MANUFACTURING CO.,LTD.",Other Products,9511195500.0,close_times_edinet_shares_outstanding,23297091000.0,934808000.0,,,2.4494387692903588,book_equity_over_market_equity,0.09828501580058994,net_income_over_market_equity,2.4494387692903588,0.09828501580058994,True,True,B_price_times_shares,
8129,"TOHO HOLDINGS CO.,LTD.",Wholesale Trade,260273305978.0,close_times_edinet_shares_outstanding,256897000000.0,19856000000.0,,,0.987027843807058,book_equity_over_market_equity,0.07628903749998227,net_income_over_market_equity,0.987027843807058,0.07628903749998227,True,True,B_price_times_shares,
3277,"Sansei Landic Co.,Ltd",Real Estate,10208292600.0,close_times_edinet_shares_outstanding,13570032000.0,1301717000.0,,,1.3293145613792456,book_equity_over_market_equity,0.12751564350731875,net_income_over_market_equity,1.3293145613792456,0.12751564350731875,True,True,B_price_times_shares,
9305,Yamatane Corporation,Wholesale Trade,43948680882.0,close_times_edinet_shares_outstanding,58384000000.0,4487000000.0,,,1.3284585300013465,book_equity_over_market_equity,0.10209635215326188,net_income_over_market_equity,1.3284585300013465,0.10209635215326188,True,True,B_price_times_shares,
7041,"CRG HOLDINGS CO.,LTD.",Services,1505974100.0,close_times_edinet_shares_outstanding,2921059000.0,211878000.0,,,1.9396475676440916,book_equity_over_market_equity,0.14069166262553917,net_income_over_market_equity,1.9396475676440916,0.14069166262553917,True,True,B_price_times_shares,
9560,PROGRIT Inc.,Services,8596169234.0,close_times_edinet_shares_outstanding,2280733000.0,888763000.0,,,0.26531969507756203,book_equity_over_market_equity,0.10339058897127339,net_income_over_market_equity,0.26531969507756203,0.10339058897127339,True,True,B_price_times_shares,
5423,"TOKYO STEEL MANUFACTURING CO.,LTD.",Iron and Steel,177652217545.0,close_times_edinet_shares_outstanding,209918000000.0,21203000000.0,,,1.1816233025451932,book_equity_over_market_equity,0.11935116990379925,net_income_over_market_equity,1.1816233025451932,0.11935116990379925,True,True,B_price_times_shares,
7126,"Global Style Co.,Ltd.",Retail Trade,5130066880.0,close_times_edinet_shares_outstanding,2911514000.0,503146000.0,,,0.5675391896645214,book_equity_over_market_equity,0.09807786365545394,net_income_over_market_equity,0.5675391896645214,0.09807786365545394,True,True,B_price_times_shares,
3639,Voltage Incorporation,Information & Communication,1498606725.0,close_times_edinet_shares_outstanding,2196611000.0,13309000.0,,,1.465768812695005,book_equity_over_market_equity,0.00888091570521946,net_income_over_market_equity,1.465768812695005,0.00888091570521946,True,True,B_price_times_shares,
2984,"Yamaichi Real Estate Co.,Ltd",Real Estate,6228867600.0,close_times_edinet_shares_outstanding,13662123000.0,848954000.0,,,2.1933558196035503,book_equity_over_market_equity,0.13629347331126448,net_income_over_market_equity,2.1933558196035503,0.13629347331126448,True,True,B_price_times_shares,
1826,"Sata Construction Co.,Ltd.",Construction,15110571573.0,close_times_edinet_shares_outstanding,15522000000.0,611000000.0,,,1.0272278533616261,book_equity_over_market_equity,0.040435267259628496,net_income_over_market_equity,1.0272278533616261,0.040435267259628496,True,True,B_price_times_shares,
5582,GRID Inc.,Information & Communication,9620691344.0,close_times_edinet_shares_outstanding,3940043000.0,298296000.0,,,0.4095384478223834,book_equity_over_market_equity,0.031005671976581394,net_income_over_market_equity,0.4095384478223834,0.031005671976581394,True,True,B_price_times_shares,
7552,HAPPINET CORPORATION,Wholesale Trade,62912921000.0,close_times_edinet_shares_outstanding,55672000000.0,7294000000.0,,,0.884905661906876,book_equity_over_market_equity,0.11593802805627162,net_income_over_market_equity,0.884905661906876,0.11593802805627162,True,True,B_price_times_shares,
5028,"SecondXight Analytica,Inc.",Information & Communication,2845335534.0,close_times_edinet_shares_outstanding,970884000.0,127180000.0,,,0.3412195111608233,book_equity_over_market_equity,0.044697716132342795,net_income_over_market_equity,0.3412195111608233,0.044697716132342795,True,True,B_price_times_shares,
2266,"ROKKO BUTTER CO.,LTD.",Foods,20379139550.0,close_times_edinet_shares_outstanding,33325740000.0,1485731000.0,,,1.635286902974272,book_equity_over_market_equity,0.07290450101461718,net_income_over_market_equity,1.635286902974272,0.07290450101461718,True,True,B_price_times_shares,
3788,GMO GlobalSign Holdings K.K.,Information & Communication,22205607800.0,close_times_edinet_shares_outstanding,10350478000.0,1010065000.0,,,0.46612000415498644,book_equity_over_market_equity,0.04548693326016503,net_income_over_market_equity,0.46612000415498644,0.04548693326016503,True,True,B_price_times_shares,
5210,"Nihon Yamamura Glass Co.,Ltd.",Glass and Ceramics Products,27605352420.0,close_times_edinet_shares_outstanding,54377000000.0,2772000000.0,,,1.969799159694988,book_equity_over_market_equity,0.10041530924240959,net_income_over_market_equity,1.969799159694988,0.10041530924240959,True,True,B_price_times_shares,
1914,"JAPAN FOUNDATION ENGINEERING CO.,LTD.",Construction,13413033600.0,close_times_edinet_shares_outstanding,22953266000.0,1439806000.0,,,1.7112658243098713,book_equity_over_market_equity,0.107343800286909,net_income_over_market_equity,1.7112658243098713,0.107343800286909,True,True,B_price_times_shares,
1444,"Nissou Co.,Ltd.",Construction,2986263700.0,close_times_edinet_shares_outstanding,1768105000.0,208265000.0,,,0.5920793264171547,book_equity_over_market_equity,0.06974099440715835,net_income_over_market_equity,0.5920793264171547,0.06974099440715835,True,True,B_price_times_shares,
5446,"HOKUETSU METAL Co.,Ltd.",Iron and Steel,4830936400.0,close_times_edinet_shares_outstanding,17793250000.0,572167000.0,,,3.683188625708258,book_equity_over_market_equity,0.1184381148135173,net_income_over_market_equity,3.683188625708258,0.1184381148135173,True,True,B_price_times_shares,
8088,IWATANI  CORPORATION,Wholesale Trade,449728780366.0,close_times_edinet_shares_outstanding,397191000000.0,41773000000.0,,,0.8831789677252955,book_equity_over_market_equity,0.09288487155748434,net_income_over_market_equity,0.8831789677252955,0.09288487155748434,True,True,B_price_times_shares,
5572,Ridge-i Inc.,Information & Communication,10558221720.0,close_times_edinet_shares_outstanding,2458780000.0,188124000.0,,,0.23287823131640012,book_equity_over_market_equity,0.017817773199784632,net_income_over_market_equity,0.23287823131640012,0.017817773199784632,True,True,B_price_times_shares,
6186,"ICHIKURA CO.,LTD.",Services,2062136890.0,close_times_edinet_shares_outstanding,4635430000.0,-96945000.0,,,2.2478769583526534,book_equity_over_market_equity,,missing,2.2478769583526534,,True,False,B_price_times_shares,net_income_nonpositive_or_missing
4616,"KAWAKAMI PAINT MANUFACTURING CO.,LTD.",Chemicals,1794351000.0,close_times_edinet_shares_outstanding,3334764000.0,72884000.0,,,1.8584791938700957,book_equity_over_market_equity,0.04061858577279473,net_income_over_market_equity,1.8584791938700957,0.04061858577279473,True,True,B_price_times_shares,
4168,"Yappli,Inc.",Information & Communication,9404976000.0,close_times_edinet_shares_outstanding,2961362000.0,932235000.0,,,0.3148718295506549,book_equity_over_market_equity,0.09912146506274976,net_income_over_market_equity,0.3148718295506549,0.09912146506274976,True,True,B_price_times_shares,
3548,BAROQUE JAPAN LIMITED,Retail Trade,26075448000.0,close_times_edinet_shares_outstanding,14705000000.0,366000000.0,,,0.5639404546376346,book_equity_over_market_equity,0.014036192206553843,net_income_over_market_equity,0.5639404546376346,0.014036192206553843,True,True,B_price_times_shares,
8931,WADAKOHSAN CORPORATION,Real Estate,13846772000.0,close_times_edinet_shares_outstanding,34721356000.0,2623485000.0,,,2.5075415410898656,book_equity_over_market_equity,0.189465458086549,net_income_over_market_equity,2.5075415410898656,0.189465458086549,True,True,B_price_times_shares,
7812,CRESTEC Inc.,Other Products,6082414200.0,close_times_edinet_shares_outstanding,8931404000.0,753270000.0,,,1.468397860836245,book_equity_over_market_equity,0.12384391710778263,net_income_over_market_equity,1.468397860836245,0.12384391710778263,True,True,B_price_times_shares,
9823,Mammy Mart Holdings Corporation,Retail Trade,52870825210.0,close_times_edinet_shares_outstanding,42416000000.0,5251000000.0,,,0.8022571963181204,book_equity_over_market_equity,0.09931753437067263,net_income_over_market_equity,0.8022571963181204,0.09931753437067263,True,True,B_price_times_shares,
7294,YOROZU CORPORATION,Transportation Equipment,20435321076.0,close_times_edinet_shares_outstanding,61204000000.0,-14307000000.0,,,2.9950104415966456,book_equity_over_market_equity,,missing,2.9950104415966456,,True,False,B_price_times_shares,net_income_nonpositive_or_missing
9337,toridori Inc.,Services,5433138900.0,close_times_edinet_shares_outstanding,2037390000.0,597081000.0,,,0.3749931738354784,book_equity_over_market_equity,0.10989614125271122,net_income_over_market_equity,0.3749931738354784,0.10989614125271122,True,True,B_price_times_shares,
5440,KYOEI STEEL LTD.,Iron and Steel,76227138620.0,close_times_edinet_shares_outstanding,209157000000.0,10791000000.0,,,2.743865292421231,book_equity_over_market_equity,0.14156375531546878,net_income_over_market_equity,2.743865292421231,0.14156375531546878,True,True,B_price_times_shares,
3927,Fuva Brain Limited,Information & Communication,5109246400.0,close_times_edinet_shares_outstanding,1729623000.0,150094000.0,,,0.3385280067917648,book_equity_over_market_equity,0.029376935119042213,net_income_over_market_equity,0.3385280067917648,0.029376935119042213,True,True,B_price_times_shares,
5287,"ITO YOGYO CO.,LTD.",Glass and Ceramics Products,2694230800.0,close_times_edinet_shares_outstanding,3696307000.0,349034000.0,,,1.3719340599921876,book_equity_over_market_equity,0.12954866375961555,net_income_over_market_equity,1.3719340599921876,0.12954866375961555,True,True,B_price_times_shares,
2983,"Arr Planner Co.,Ltd.",Real Estate,14622105120.0,close_times_edinet_shares_outstanding,7816509000.0,2457659000.0,,,0.534567966503581,book_equity_over_market_equity,0.16807832933976335,net_income_over_market_equity,0.534567966503581,0.16807832933976335,True,True,B_price_times_shares,
2666,"AUTOWAVE Co.,Ltd.",Retail Trade,2268775600.0,close_times_edinet_shares_outstanding,4139399000.0,268748000.0,,,1.8245078975637785,book_equity_over_market_equity,0.11845508211565745,net_income_over_market_equity,1.8245078975637785,0.11845508211565745,True,True,B_price_times_shares,
7646,"PLANT Co.,Ltd.",Retail Trade,12413427960.0,close_times_edinet_shares_outstanding,15321000000.0,1345000000.0,,,1.2342279706596049,book_equity_over_market_equity,0.1083504092772775,net_income_over_market_equity,1.2342279706596049,0.1083504092772775,True,True,B_price_times_shares,
8097,"SAN-AI OBBLI CO.,LTD.",Wholesale Trade,129558498300.0,close_times_edinet_shares_outstanding,120023000000.0,9268000000.0,,,0.9264000553794625,book_equity_over_market_equity,0.07153525335358105,net_income_over_market_equity,0.9264000553794625,0.07153525335358105,True,True,B_price_times_shares,
3627,TECMIRA HOLDINGS INC.,Information & Communication,3367418400.0,close_times_edinet_shares_outstanding,6046159000.0,97483000.0,,,1.7954879025427906,book_equity_over_market_equity,0.028948882621773402,net_income_over_market_equity,1.7954879025427906,0.028948882621773402,True,True,B_price_times_shares,
8244,"Kintetsu Department Store CO.,Ltd.",Retail Trade,69124122880.0,close_times_edinet_shares_outstanding,45825000000.0,3709000000.0,,,0.6629378875382267,book_equity_over_market_equity,0.0536571003792533,net_income_over_market_equity,0.6629378875382267,0.0536571003792533,True,True,B_price_times_shares,
5074,"TESS Holdings Co.,Ltd.",Construction,71855834570.0,close_times_edinet_shares_outstanding,42853000000.0,522000000.0,,,0.5963746751595206,book_equity_over_market_equity,0.007264545782868638,net_income_over_market_equity,0.5963746751595206,0.007264545782868638,True,True,B_price_times_shares,
1945,TOKYO ENERGY & SYSTEMS INC.,Construction,80208919616.0,close_times_edinet_shares_outstanding,68427000000.0,2900000000.0,,,0.853109608352713,book_equity_over_market_equity,0.03615557987669878,net_income_over_market_equity,0.853109608352713,0.03615557987669878,True,True,B_price_times_shares,
1822,DAIHO CORPORATION,Construction,65040225630.0,close_times_edinet_shares_outstanding,73065000000.0,3967000000.0,,,1.1233817117371523,book_equity_over_market_equity,0.06099302334169962,net_income_over_market_equity,1.1233817117371523,0.06099302334169962,True,True,B_price_times_shares,
9872,"KITAKEI CO.,LTD.",Wholesale Trade,8140700757.0,close_times_edinet_shares_outstanding,14058000000.0,551000000.0,,,1.7268783633782203,book_equity_over_market_equity,0.06768459085370604,net_income_over_market_equity,1.7268783633782203,0.06768459085370604,True,True,B_price_times_shares,
5578,"AR advanced technology,Inc.",Information & Communication,2918484740.0,close_times_edinet_shares_outstanding,2169029000.0,485847000.0,,,0.743203817471391,book_equity_over_market_equity,0.16647234550899176,net_income_over_market_equity,0.743203817471391,0.16647234550899176,True,True,B_price_times_shares,
8007,"Takashima & Co.,Ltd.",Wholesale Trade,12472827852.0,close_times_edinet_shares_outstanding,23924000000.0,1566000000.0,,,1.918089488917609,book_equity_over_market_equity,0.12555292340933688,net_income_over_market_equity,1.918089488917609,0.12555292340933688,True,True,B_price_times_shares,
4484,"LANCERS,INC.",Information & Communication,4223759280.0,close_times_edinet_shares_outstanding,1458678000.0,177387000.0,,,0.3453506469715291,book_equity_over_market_equity,0.041997421784889216,net_income_over_market_equity,0.3453506469715291,0.041997421784889216,True,True,B_price_times_shares,
7670,O-WELL CORPORATION,Wholesale Trade,10335790500.0,close_times_edinet_shares_outstanding,21539000000.0,1788000000.0,,,2.0839238179218125,book_equity_over_market_equity,0.17299112244970521,net_income_over_market_equity,2.0839238179218125,0.17299112244970521,True,True,B_price_times_shares,
5870,Nalnet Communications Inc.,Services,4153705900.0,close_times_edinet_shares_outstanding,3428627000.0,238333000.0,,,0.8254380744674292,book_equity_over_market_equity,0.05737840033402461,net_income_over_market_equity,0.8254380744674292,0.05737840033402461,True,True,B_price_times_shares,
8848,LEOPALACE21 CORPORATION,Real Estate,283933137488.0,close_times_edinet_shares_outstanding,88268000000.0,21264000000.0,,,0.310876006868802,book_equity_over_market_equity,0.07489087109777276,net_income_over_market_equity,0.310876006868802,0.07489087109777276,True,True,B_price_times_shares,
2733,ARATA CORPORATION,Wholesale Trade,83558459972.0,close_times_edinet_shares_outstanding,116557000000.0,10367000000.0,,,1.3949156080552183,book_equity_over_market_equity,0.1240688256278769,net_income_over_market_equity,1.3949156080552183,0.1240688256278769,True,True,B_price_times_shares,
5125,Fines inc.,Information & Communication,2096649200.0,close_times_edinet_shares_outstanding,2188996000.0,233710000.0,,,1.0440449456208507,book_equity_over_market_equity,0.11146833719250698,net_income_over_market_equity,1.0440449456208507,0.11146833719250698,True,True,B_price_times_shares,
3320,CROSS PLUS INC.,Wholesale Trade,9677766000.0,close_times_edinet_shares_outstanding,19474000000.0,1771000000.0,,,2.0122412548515847,book_equity_over_market_equity,0.18299677838873146,net_income_over_market_equity,2.0122412548515847,0.18299677838873146,True,True,B_price_times_shares,
7863,"HIRAGA CO.,LTD.",Other Products,2642111215.0,close_times_edinet_shares_outstanding,4142726000.0,311887000.0,,,1.5679604917766492,book_equity_over_market_equity,0.11804461456025424,net_income_over_market_equity,1.5679604917766492,0.11804461456025424,True,True,B_price_times_shares,
7212,F-TECH INC.,Transportation Equipment,12485796224.0,close_times_edinet_shares_outstanding,64246000000.0,-9549000000.0,,,5.145526872888359,book_equity_over_market_equity,,missing,4.561669803968577,,True,False,B_price_times_shares,net_income_nonpositive_or_missing
1776,"SUMIKEN MITSUI ROAD CO., LTD.",Construction,18517890000.0,close_times_edinet_shares_outstanding,13560000000.0,167000000.0,,,0.7322648530691132,book_equity_over_market_equity,0.0090183060813084,net_income_over_market_equity,0.7322648530691132,0.0090183060813084,True,True,B_price_times_shares,
8281,"XEBIO holdings CO.,LTD.",Retail Trade,43011528582.0,close_times_edinet_shares_outstanding,122131000000.0,979000000.0,,,2.839494526849039,book_equity_over_market_equity,0.02276133939610098,net_income_over_market_equity,2.839494526849039,0.02276133939610098,True,True,B_price_times_shares,
3193,"Eternal Hospitality Group Co.,Ltd.",Retail Trade,32298093800.0,close_times_edinet_shares_outstanding,9825508000.0,1720820000.0,,,0.30421324740842753,book_equity_over_market_equity,0.053279305294481494,net_income_over_market_equity,0.30421324740842753,0.053279305294481494,True,True,B_price_times_shares,
7980,"SHIGEMATSU WORKS CO.,LTD.",Other Products,5866905000.0,close_times_edinet_shares_outstanding,8565248000.0,780581000.0,,,1.459926145045812,book_equity_over_market_equity,0.13304817446336697,net_income_over_market_equity,1.459926145045812,0.13304817446336697,True,True,B_price_times_shares,
4479,"Makuake,Inc.",Information & Communication,11065698000.0,close_times_edinet_shares_outstanding,5416509000.0,407256000.0,,,0.4894864291434666,book_equity_over_market_equity,0.03680346237535129,net_income_over_market_equity,0.4894864291434666,0.03680346237535129,True,True,B_price_times_shares,
1491,"Chugai Mining Co.,Ltd.",Nonferrous Metals,206934192676.0,close_times_edinet_shares_outstanding,8183664000.0,1218720000.0,,,0.039547181131217336,book_equity_over_market_equity,0.005889408532441849,net_income_over_market_equity,0.09741440959758958,0.006806227117135984,True,True,B_price_times_shares,
2212,"YAMAZAKI BAKING CO.,LTD.",Foods,608073551280.0,close_times_edinet_shares_outstanding,510828000000.0,43458000000.0,,,0.8400760054843739,book_equity_over_market_equity,0.07146832798190374,net_income_over_market_equity,0.8400760054843739,0.07146832798190374,True,True,B_price_times_shares,
8029,LOOK HOLDINGS INCORPORATED,Textiles and Apparels,20464695977.0,close_times_edinet_shares_outstanding,40456000000.0,1474000000.0,,,1.9768678726264959,book_equity_over_market_equity,0.07202647924291712,net_income_over_market_equity,1.9768678726264959,0.07202647924291712,True,True,B_price_times_shares,
3695,"GMO Product Platform,Inc.",Information & Communication,7564623726.0,close_times_edinet_shares_outstanding,2455016000.0,161895000.0,,,0.32453907675037214,book_equity_over_market_equity,0.021401593240329798,net_income_over_market_equity,0.32453907675037214,0.021401593240329798,True,True,B_price_times_shares,
4237,Fujipream Corporation,Chemicals,9829765600.0,close_times_edinet_shares_outstanding,10016928000.0,263660000.0,,,1.0190403726412358,book_equity_over_market_equity,0.026822613145526076,net_income_over_market_equity,1.0190403726412358,0.026822613145526076,True,True,B_price_times_shares,
4015,Paycloud Holdings Inc.,Information & Communication,7523872884.0,close_times_edinet_shares_outstanding,4597177000.0,367996000.0,,,0.6110120506921631,book_equity_over_market_equity,0.048910448870363984,net_income_over_market_equity,0.6110120506921631,0.048910448870363984,True,True,B_price_times_shares,
4197,"ASMARQ Co.,Ltd.",Information & Communication,2603250000.0,close_times_edinet_shares_outstanding,1592244000.0,199926000.0,,,0.6116369922212619,book_equity_over_market_equity,0.07679861711322386,net_income_over_market_equity,0.6116369922212619,0.07679861711322386,True,True,B_price_times_shares,
3953,"OHMURA SHIGYO CO.,LTD.",Pulp and Paper,2664133648.0,close_times_edinet_shares_outstanding,4880176000.0,-109789000.0,,,1.8318059995464613,book_equity_over_market_equity,,missing,1.8318059995464613,,True,False,B_price_times_shares,net_income_nonpositive_or_missing
7089,"for Startups,Inc.",Services,5062147400.0,close_times_edinet_shares_outstanding,2479118000.0,353748000.0,,,0.48973643082775503,book_equity_over_market_equity,0.0698810153177286,net_income_over_market_equity,0.48973643082775503,0.0698810153177286,True,True,B_price_times_shares,
5381,Mipox Corporation,Glass and Ceramics Products,15446411820.0,close_times_edinet_shares_outstanding,8463434000.0,911878000.0,,,0.5479223329421758,book_equity_over_market_equity,0.05903494032311771,net_income_over_market_equity,0.5479223329421758,0.05903494032311771,True,True,B_price_times_shares,
3660,istyle Inc.,Information & Communication,36184293145.0,close_times_edinet_shares_outstanding,17007000000.0,2334000000.0,,,0.4700105631979176,book_equity_over_market_equity,0.06450312544857645,net_income_over_market_equity,0.4700105631979176,0.06450312544857645,True,True,B_price_times_shares,
3910,MKSystem Corporation,Information & Communication,1557692500.0,close_times_edinet_shares_outstanding,940112000.0,-118568000.0,,,0.6035286168483189,book_equity_over_market_equity,,missing,0.6035286168483189,,True,False,B_price_times_shares,net_income_nonpositive_or_missing
4350,"MEDICAL SYSTEM NETWORK Co.,Ltd.",Retail Trade,15322134400.0,close_times_edinet_shares_outstanding,22067000000.0,2670000000.0,,,1.4402040488562742,book_equity_over_market_equity,0.17425770655033543,net_income_over_market_equity,1.4402040488562742,0.17425770655033543,True,True,B_price_times_shares,
8158,"SODA NIKKA CO.,LTD.",Wholesale Trade,24204722600.0,close_times_edinet_shares_outstanding,29535000000.0,2292000000.0,,,1.2202164217325093,book_equity_over_market_equity,0.0946922647235792,net_income_over_market_equity,1.2202164217325093,0.0946922647235792,True,True,B_price_times_shares,
3914,JIG-SAW INC.,Information & Communication,16454152800.0,close_times_edinet_shares_outstanding,3368001000.0,418233000.0,,,0.2046900281611582,book_equity_over_market_equity,0.025418081689383608,net_income_over_market_equity,0.2046900281611582,0.025418081689383608,True,True,B_price_times_shares,
7305,"ARAYA INDUSTRIAL CO.,LTD.",Iron and Steel,11850770394.0,close_times_edinet_shares_outstanding,31578000000.0,2178000000.0,,,2.6646368928038484,book_equity_over_market_equity,0.1837855200622833,net_income_over_market_equity,2.6646368928038484,0.1837855200622833,True,True,B_price_times_shares,
4429,"Ricksoft Co.,Ltd.",Information & Communication,3303146800.0,close_times_edinet_shares_outstanding,3316427000.0,263787000.0,,,1.0040204692083319,book_equity_over_market_equity,0.07985930265043019,net_income_over_market_equity,1.0040204692083319,0.07985930265043019,True,True,B_price_times_shares,
4433,"HITO-Communications Holdings,Inc.",Services,14809219390.0,close_times_edinet_shares_outstanding,18907000000.0,1128000000.0,,,1.276704700098308,book_equity_over_market_equity,0.07616876827158679,net_income_over_market_equity,1.276704700098308,0.07616876827158679,True,True,B_price_times_shares,
7847,GRAPHITE DESIGN INC.,Other Products,3995068000.0,close_times_edinet_shares_outstanding,5022615000.0,144367000.0,,,1.257203882386983,book_equity_over_market_equity,0.03613630606537861,net_income_over_market_equity,1.257203882386983,0.03613630606537861,True,True,B_price_times_shares,
9997,"BELLUNA CO.,LTD.",Retail Trade,89587776432.0,close_times_edinet_shares_outstanding,141656000000.0,8829000000.0,,,1.5811978557981228,book_equity_over_market_equity,0.09855139117892378,net_income_over_market_equity,1.5811978557981228,0.09855139117892378,True,True,B_price_times_shares,
5987,ONEX Corporation,Metal Products,3245172000.0,close_times_edinet_shares_outstanding,5437204000.0,-11015000.0,,,1.6754748284528524,book_equity_over_market_equity,,missing,1.6754748284528524,,True,False,B_price_times_shares,net_income_nonpositive_or_missing
3139,"Lacto Japan Co.,Ltd.",Wholesale Trade,31060288000.0,close_times_edinet_shares_outstanding,32448000000.0,4317000000.0,,,1.04467801457604,book_equity_over_market_equity,0.13898776469812515,net_income_over_market_equity,1.04467801457604,0.13898776469812515,True,True,B_price_times_shares,
3758,Aeria Inc.,Information & Communication,4727863440.0,close_times_edinet_shares_outstanding,9231000000.0,366000000.0,,,1.9524675611188973,book_equity_over_market_equity,0.0774134034632777,net_income_over_market_equity,1.9524675611188973,0.0774134034632777,True,True,B_price_times_shares,
6613,"QD Laser,Inc.",Electric Appliances,101378433024.0,raw_market_cap,6252463000.0,-445768000.0,20.676355,781.6129,0.06167448848336226,book_equity_over_market_equity,,missing,0.09741440959758958,,True,False,A_raw_market_cap,net_income_nonpositive_or_missing
9902,NICHIDEN Corporation,Wholesale Trade,74904163900.0,close_times_edinet_shares_outstanding,86231000000.0,5161000000.0,,,1.151217709540444,book_equity_over_market_equity,0.0689013765228077,net_income_over_market_equity,1.151217709540444,0.0689013765228077,True,True,B_price_times_shares,
4538,"Fuso Pharmaceutical Industries,Ltd.",Pharmaceutical,17183222428.0,close_times_edinet_shares_outstanding,35728000000.0,-3288000000.0,,,2.079237474210969,book_equity_over_market_equity,,missing,2.079237474210969,,True,False,B_price_times_shares,net_income_nonpositive_or_missing
4735,"KYOSHIN CO.,LTD.",Services,2467141800.0,close_times_edinet_shares_outstanding,3907333000.0,290020000.0,,,1.5837488546462957,book_equity_over_market_equity,0.1175530324199444,net_income_over_market_equity,1.5837488546462957,0.1175530324199444,True,True,B_price_times_shares,
7512,Aeon Hokkaido Corporation,Retail Trade,115474981720.0,close_times_edinet_shares_outstanding,74357000000.0,3732000000.0,,,0.6439230289752151,book_equity_over_market_equity,0.03231868881390458,net_income_over_market_equity,0.6439230289752151,0.03231868881390458,True,True,B_price_times_shares,
4334,"YUKE'S Co.,Ltd.",Information & Communication,3359021400.0,close_times_edinet_shares_outstanding,2644520000.0,908364000.0,,,0.7872888216788377,book_equity_over_market_equity,0.27042518990798925,net_income_over_market_equity,0.7872888216788377,0.27042518990798925,True,True,B_price_times_shares,
2216,Kanro Inc.,Foods,45379985512.0,close_times_edinet_shares_outstanding,18984919000.0,3418756000.0,,,0.41835445264696586,book_equity_over_market_equity,0.07533620739248507,net_income_over_market_equity,0.41835445264696586,0.07533620739248507,True,True,B_price_times_shares,
4920,"Nippon Shikizai,Inc.",Chemicals,2476673680.0,close_times_edinet_shares_outstanding,4244033000.0,476974000.0,,,1.71360201154962,book_equity_over_market_equity,0.19258653404836118,net_income_over_market_equity,1.71360201154962,0.19258653404836118,True,True,B_price_times_shares,
9353,"SAKURAJIMA FUTO KAISHA,LTD.",Warehousing and Harbor Transportation Service,3808684800.0,close_times_edinet_shares_outstanding,6970614000.0,241060000.0,,,1.8301892558817154,book_equity_over_market_equity,0.06329218947180927,net_income_over_market_equity,1.8301892558817154,0.06329218947180927,True,True,B_price_times_shares,
7820,"NIHON FLUSH CO.,LTD.",Other Products,16339382400.0,close_times_edinet_shares_outstanding,31036654000.0,-3261329000.0,,,1.8994998244242083,book_equity_over_market_equity,,missing,1.8994998244242083,,True,False,B_price_times_shares,net_income_nonpositive_or_missing
4736,Nippon RAD Inc.,Information & Communication,3081790470.0,close_times_edinet_shares_outstanding,3388770000.0,417166000.0,,,1.0996107726947446,book_equity_over_market_equity,0.13536481602527636,net_income_over_market_equity,1.0996107726947446,0.13536481602527636,True,True,B_price_times_shares,
7922,"SANKO SANGYO CO.,LTD.",Other Products,5606690100.0,close_times_edinet_shares_outstanding,8775616000.0,-230286000.0,,,1.5652043975107524,book_equity_over_market_equity,,missing,1.5652043975107524,,True,False,B_price_times_shares,net_income_nonpositive_or_missing
3028,"Alpen Co.,Ltd.",Retail Trade,77675630500.0,close_times_edinet_shares_outstanding,121142000000.0,5645000000.0,,,1.5595882417716584,book_equity_over_market_equity,0.07267401582276181,net_income_over_market_equity,1.5595882417716584,0.07267401582276181,True,True,B_price_times_shares,
8167,"RETAIL PARTNERS CO.,LTD.",Retail Trade,54095906340.0,close_times_edinet_shares_outstanding,91701000000.0,5138000000.0,,,1.6951559961607254,book_equity_over_market_equity,0.09497946051050488,net_income_over_market_equity,1.6951559961607254,0.09497946051050488,True,True,B_price_times_shares,
3092,"ZOZO,Inc.",Retail Trade,900242931712.0,raw_market_cap,106818000000.0,45825000000.0,8.430363,18.79616,0.11865463891714569,book_equity_over_market_equity,0.05090292673873505,net_income_over_market_equity,0.11865463891714569,0.05090292673873505,True,True,A_raw_market_cap,
6049,ItoKuro Inc.,Services,5132636300.0,close_times_edinet_shares_outstanding,9215609000.0,169691000.0,,,1.7954923086991377,book_equity_over_market_equity,0.0330611775472967,net_income_over_market_equity,1.7954923086991377,0.0330611775472967,True,True,B_price_times_shares,
3863,"Nippon Paper Industries Co.,Ltd.",Pulp and Paper,141525235008.0,close_times_edinet_shares_outstanding,510435000000.0,19022000000.0,,,3.606671276476924,book_equity_over_market_equity,0.13440712533651503,net_income_over_market_equity,3.606671276476924,0.13440712533651503,True,True,B_price_times_shares,
2926,"SHINOZAKIYA,INC.",Foods,1415778000.0,close_times_edinet_shares_outstanding,1048709000.0,38040000.0,,,0.740729831936928,book_equity_over_market_equity,0.02686861923267631,net_income_over_market_equity,0.740729831936928,0.02686861923267631,True,True,B_price_times_shares,
3132,"MACNICA HOLDINGS,INC.",Wholesale Trade,575387555850.0,close_times_edinet_shares_outstanding,261477000000.0,26833000000.0,,,0.45443631399662293,book_equity_over_market_equity,0.04663465472478032,net_income_over_market_equity,0.45443631399662293,0.04663465472478032,True,True,B_price_times_shares,
6560,"LTS,Inc.",Services,7274061620.0,close_times_edinet_shares_outstanding,4763000000.0,1392000000.0,,,0.6547923634443998,book_equity_over_market_equity,0.19136488975742275,net_income_over_market_equity,0.6547923634443998,0.19136488975742275,True,True,B_price_times_shares,
3417,"OHKI HEALTHCARE HOLDINGS CO.,LTD.",Wholesale Trade,15261033900.0,close_times_edinet_shares_outstanding,31055000000.0,2643000000.0,,,2.0349211071472686,book_equity_over_market_equity,0.17318616925423383,net_income_over_market_equity,2.0349211071472686,0.17318616925423383,True,True,B_price_times_shares,
2986,"LA Holdings Co.,Ltd.",Real Estate,66607935750.0,close_times_edinet_shares_outstanding,29949217000.0,6135147000.0,,,0.44963436657770917,book_equity_over_market_equity,0.0921083491166441,net_income_over_market_equity,0.44963436657770917,0.0921083491166441,True,True,B_price_times_shares,
2918,"WARABEYA NICHIYO HOLDINGS CO.,LTD.",Foods,46076549760.0,close_times_edinet_shares_outstanding,62131000000.0,5613000000.0,,,1.3484299567485671,book_equity_over_market_equity,0.12181901703223362,net_income_over_market_equity,1.3484299567485671,0.12181901703223362,True,True,B_price_times_shares,
2790,"NAFCO Co.,Ltd.",Retail Trade,51549921900.0,close_times_edinet_shares_outstanding,156419000000.0,183000000.0,,,3.034320794965162,book_equity_over_market_equity,0.003549956881699951,net_income_over_market_equity,3.034320794965162,0.006806227117135984,True,True,B_price_times_shares,
5285,YAMAX Corp.,Glass and Ceramics Products,12509013000.0,close_times_edinet_shares_outstanding,8622596000.0,2056085000.0,,,0.6893106594421159,book_equity_over_market_equity,0.1643682838925821,net_income_over_market_equity,0.6893106594421159,0.1643682838925821,True,True,B_price_times_shares,
6193,"Virtualex Holdings,Inc.",Services,2731959963.0,close_times_edinet_shares_outstanding,1773241000.0,111005000.0,,,0.6490728356255929,book_equity_over_market_equity,0.04063200101882313,net_income_over_market_equity,0.6490728356255929,0.04063200101882313,True,True,B_price_times_shares,
5256,"Fusic Co.,Ltd.",Information & Communication,3149850000.0,close_times_edinet_shares_outstanding,1136655000.0,193948000.0,,,0.36086004095433116,book_equity_over_market_equity,0.06157372573297141,net_income_over_market_equity,0.36086004095433116,0.06157372573297141,True,True,B_price_times_shares,
5021,"COSMO ENERGY HOLDINGS COMPANY,LIMITED",Oil and Coal Products,305327572731.0,close_times_edinet_shares_outstanding,707477000000.0,80984000000.0,,,2.317108126436069,book_equity_over_market_equity,0.26523644515835654,net_income_over_market_equity,2.317108126436069,0.26523644515835654,True,True,B_price_times_shares,
7832,Bandai Namco Holdings Inc.,Other Products,2386522800128.0,raw_market_cap,793216000000.0,129358000000.0,2.7725124,17.118279,0.3323731078359931,book_equity_over_market_equity,0.05420354668015824,net_income_over_market_equity,0.3323731078359931,0.05420354668015824,True,True,A_raw_market_cap,
5273,"MITANI SEKISAN CO.,LTD.",Glass and Ceramics Products,27355902886.0,close_times_edinet_shares_outstanding,90542000000.0,10390000000.0,,,3.3097792596104334,book_equity_over_market_equity,0.3798083376483003,net_income_over_market_equity,3.3097792596104334,0.3798083376483003,True,True,B_price_times_shares,
3676,"DIGITAL HEARTS HOLDINGS Co.,Ltd.",Information & Communication,16447363200.0,close_times_edinet_shares_outstanding,9298826000.0,670368000.0,,,0.5653688002706719,book_equity_over_market_equity,0.04075838733834248,net_income_over_market_equity,0.5653688002706719,0.04075838733834248,True,True,B_price_times_shares,
4397,TeamSpirit Inc.,Information & Communication,6365757600.0,close_times_edinet_shares_outstanding,1623923000.0,382615000.0,,,0.25510286473993293,book_equity_over_market_equity,0.060105178997076486,net_income_over_market_equity,0.25510286473993293,0.060105178997076486,True,True,B_price_times_shares,
3034,"Qol Holdings Co.,Ltd.",Retail Trade,68053165925.0,close_times_edinet_shares_outstanding,62138000000.0,7476000000.0,,,0.9130802241953154,book_equity_over_market_equity,0.10985528591335701,net_income_over_market_equity,0.9130802241953154,0.10985528591335701,True,True,B_price_times_shares,
3077,"Horiifoodservice Co.,Ltd.",Retail Trade,5522891200.0,close_times_edinet_shares_outstanding,1076939000.0,183601000.0,,,0.1949955124953394,book_equity_over_market_equity,0.03324363876659384,net_income_over_market_equity,0.1949955124953394,0.03324363876659384,True,True,B_price_times_shares,
5609,NIPPON CHUZO K.K.,Iron and Steel,4435550000.0,close_times_edinet_shares_outstanding,11885000000.0,236000000.0,,,2.6794873240071695,book_equity_over_market_equity,0.0532064794670334,net_income_over_market_equity,2.6794873240071695,0.0532064794670334,True,True,B_price_times_shares,
5262,Nippon Hume Corporation,Glass and Ceramics Products,23073133000.0,close_times_edinet_shares_outstanding,43083062000.0,3051786000.0,,,1.8672393558343376,book_equity_over_market_equity,0.13226578289129612,net_income_over_market_equity,1.8672393558343376,0.13226578289129612,True,True,B_price_times_shares,
6027,"Bengo4.com,Inc.",Services,53851460800.0,close_times_edinet_shares_outstanding,5438960000.0,1049450000.0,,,0.1009993028824206,book_equity_over_market_equity,0.01948786503485157,net_income_over_market_equity,0.1009993028824206,0.01948786503485157,True,True,B_price_times_shares,
1866,KITANO CONSTRUCTION CORP.,Construction,5934252081.0,close_times_edinet_shares_outstanding,47229000000.0,3392000000.0,,,7.958711452655596,book_equity_over_market_equity,0.571596884274657,net_income_over_market_equity,4.561669803968577,0.4713793788347592,True,True,B_price_times_shares,
5218,OHARA INC.,Glass and Ceramics Products,38154807000.0,close_times_edinet_shares_outstanding,52347396000.0,1843209000.0,,,1.3719738118449925,book_equity_over_market_equity,0.04830869672594596,net_income_over_market_equity,1.3719738118449925,0.04830869672594596,True,True,B_price_times_shares,
2780,"Komehyo Holdings Co.,Ltd.",Retail Trade,57974168000.0,close_times_edinet_shares_outstanding,33199233000.0,4793044000.0,,,0.5726556179296959,book_equity_over_market_equity,0.08267551161751903,net_income_over_market_equity,0.5726556179296959,0.08267551161751903,True,True,B_price_times_shares,
1429,"Nippon Aqua Co.,Ltd.",Construction,22322430900.0,close_times_edinet_shares_outstanding,11633907000.0,1895906000.0,,,0.521175630562709,book_equity_over_market_equity,0.0849327749514951,net_income_over_market_equity,0.521175630562709,0.0849327749514951,True,True,B_price_times_shares,
5939,"OTANI KOGYO CO.,LTD.",Metal Products,3794704000.0,close_times_edinet_shares_outstanding,4077115000.0,369163000.0,,,1.0744224055420397,book_equity_over_market_equity,0.09728374070810267,net_income_over_market_equity,1.0744224055420397,0.09728374070810267,True,True,B_price_times_shares,
3486,GLOBAL LINK MANAGEMENT INC.,Real Estate,28033387176.0,close_times_edinet_shares_outstanding,15572467000.0,4988303000.0,,,0.5554971613752023,book_equity_over_market_equity,0.17794150127782618,net_income_over_market_equity,0.5554971613752023,0.17794150127782618,True,True,B_price_times_shares,
9421,NJ Holdings Inc.,Information & Communication,3429734400.0,close_times_edinet_shares_outstanding,1713548000.0,-159098000.0,,,0.4996153638019317,book_equity_over_market_equity,,missing,0.4996153638019317,,True,False,B_price_times_shares,net_income_nonpositive_or_missing
2695,"Kura Sushi,Inc.",Retail Trade,65020038800.0,close_times_edinet_shares_outstanding,86258000000.0,3649000000.0,,,1.3266371658947702,book_equity_over_market_equity,0.056121159989218586,net_income_over_market_equity,1.3266371658947702,0.056121159989218586,True,True,B_price_times_shares,
2694,Yakiniku Sakai Holdings Inc.,Retail Trade,16482526340.0,close_times_edinet_shares_outstanding,6789884000.0,-649899000.0,,,0.41194437429911607,book_equity_over_market_equity,,missing,0.41194437429911607,,True,False,B_price_times_shares,net_income_nonpositive_or_missing
2927,"AFC-HD AMS Life Science Co.,Ltd.",Foods,11836607160.0,close_times_edinet_shares_outstanding,15200398000.0,1468796000.0,,,1.284185391517209,book_equity_over_market_equity,0.12408927492022975,net_income_over_market_equity,1.284185391517209,0.12408927492022975,True,True,B_price_times_shares,
2424,Brass Corporation,Services,3159307800.0,close_times_edinet_shares_outstanding,4316265000.0,412428000.0,,,1.3662059138397342,book_equity_over_market_equity,0.13054378557226998,net_income_over_market_equity,1.3662059138397342,0.13054378557226998,True,True,B_price_times_shares,
7604,"UMENOHANA GROUP CO.,LTD.",Retail Trade,7448280000.0,close_times_edinet_shares_outstanding,2827766000.0,-403360000.0,,,0.3796535575998754,book_equity_over_market_equity,,missing,0.3796535575998754,,True,False,B_price_times_shares,net_income_nonpositive_or_missing
7508,G-7 HOLDINGS Inc.,Retail Trade,58955015146.0,close_times_edinet_shares_outstanding,32964000000.0,4939000000.0,,,0.5591381821947773,book_equity_over_market_equity,0.08377573965113472,net_income_over_market_equity,0.5591381821947773,0.08377573965113472,True,True,B_price_times_shares,
2917,"OHMORIYA Co.,LTD.",Foods,4587313116.0,close_times_edinet_shares_outstanding,11528287000.0,-75353000.0,,,2.513080469652423,book_equity_over_market_equity,,missing,2.513080469652423,,True,False,B_price_times_shares,net_income_nonpositive_or_missing
3967,"Eltes Co.,Ltd.",Information & Communication,3561569280.0,close_times_edinet_shares_outstanding,2631165000.0,-173230000.0,,,0.7387656376011869,book_equity_over_market_equity,,missing,0.7387656376011869,,True,False,B_price_times_shares,net_income_nonpositive_or_missing
3080,"JASON CO.,LTD.",Retail Trade,9583226400.0,close_times_edinet_shares_outstanding,5931655000.0,-296900000.0,,,0.6189622108896436,book_equity_over_market_equity,,missing,0.6189622108896436,,True,False,B_price_times_shares,net_income_nonpositive_or_missing
6656,inspec Inc.,Electric Appliances,3992636500.0,close_times_edinet_shares_outstanding,958564000.0,-142270000.0,,,0.24008296272400456,book_equity_over_market_equity,,missing,0.24008296272400456,,True,False,B_price_times_shares,net_income_nonpositive_or_missing
8891,"AMG HOLDINGS CO.,LTD.",Real Estate,4815345312.0,close_times_edinet_shares_outstanding,10982546000.0,984693000.0,,,2.2807390308294466,book_equity_over_market_equity,0.20449063072301635,net_income_over_market_equity,2.2807390308294466,0.20449063072301635,True,True,B_price_times_shares,
9816,Striders Corporation,Real Estate,2484408231.0,close_times_edinet_shares_outstanding,2564919000.0,653589000.0,,,1.0324064169468612,book_equity_over_market_equity,0.2630763301476117,net_income_over_market_equity,1.0324064169468612,0.2630763301476117,True,True,B_price_times_shares,
3632,"GREE Holdings,Inc.",Information & Communication,75318768000.0,close_times_edinet_shares_outstanding,94816000000.0,3609000000.0,,,1.258862864034101,book_equity_over_market_equity,0.04791634403791629,net_income_over_market_equity,1.258862864034101,0.04791634403791629,True,True,B_price_times_shares,
5480,"Nippon Yakin kogyo Co.,Ltd.",Iron and Steel,63282106835.0,close_times_edinet_shares_outstanding,96606000000.0,11625000000.0,,,1.5265926631028228,book_equity_over_market_equity,0.1837012163692764,net_income_over_market_equity,1.5265926631028228,0.1837012163692764,True,True,B_price_times_shares,
4420,"eSOL Co.,Ltd.",Information & Communication,15563316000.0,close_times_edinet_shares_outstanding,5906004000.0,598072000.0,,,0.37948236738237534,book_equity_over_market_equity,0.03842831437721884,net_income_over_market_equity,0.37948236738237534,0.03842831437721884,True,True,B_price_times_shares,
7822,"Eidai Co.,Ltd.",Other Products,10651091400.0,close_times_edinet_shares_outstanding,41791000000.0,-854000000.0,,,3.923635468943586,book_equity_over_market_equity,,missing,3.923635468943586,,True,False,B_price_times_shares,net_income_nonpositive_or_missing
3550,"STUDIO ATAO Co.,Ltd.",Retail Trade,3061358300.0,close_times_edinet_shares_outstanding,2586735000.0,151543000.0,,,0.844963165533417,book_equity_over_market_equity,0.04950188287336376,net_income_over_market_equity,0.844963165533417,0.04950188287336376,True,True,B_price_times_shares,
7637,"Hakudo Co.,Ltd.",Wholesale Trade,42248205000.0,close_times_edinet_shares_outstanding,23755191000.0,2249715000.0,,,0.5622769298719318,book_equity_over_market_equity,0.05324995464304341,net_income_over_market_equity,0.5622769298719318,0.05324995464304341,True,True,B_price_times_shares,
7416,Haruyama Holdings Inc.,Retail Trade,10791196972.0,close_times_edinet_shares_outstanding,24207396000.0,670014000.0,,,2.2432540211073073,book_equity_over_market_equity,0.062088941730791346,net_income_over_market_equity,2.2432540211073073,0.062088941730791346,True,True,B_price_times_shares,
9867,Solekia Limited,Wholesale Trade,8900240300.0,close_times_edinet_shares_outstanding,11110907000.0,1080771000.0,,,1.2483828105180486,book_equity_over_market_equity,0.12143166516526525,net_income_over_market_equity,1.2483828105180486,0.12143166516526525,True,True,B_price_times_shares,
8217,"OKUWA CO.,LTD.",Retail Trade,31895156048.0,close_times_edinet_shares_outstanding,74641000000.0,284000000.0,,,2.340198614726025,book_equity_over_market_equity,0.008904173397759825,net_income_over_market_equity,2.340198614726025,0.008904173397759825,True,True,B_price_times_shares,
6572,"OPEN Group,Inc.",Services,11255841980.0,close_times_edinet_shares_outstanding,10640162000.0,643136000.0,,,0.945301294999168,book_equity_over_market_equity,0.05713797343128657,net_income_over_market_equity,0.945301294999168,0.05713797343128657,True,True,B_price_times_shares,
7514,"HIMARAYA Co.,Ltd.",Retail Trade,10446828950.0,close_times_edinet_shares_outstanding,16331000000.0,-32000000.0,,,1.563249487300163,book_equity_over_market_equity,,missing,1.563249487300163,,True,False,B_price_times_shares,net_income_nonpositive_or_missing
8835,TAIHEIYO KOUHATSU INCORPORATED,Wholesale Trade,5935642524.0,close_times_edinet_shares_outstanding,16095000000.0,427000000.0,,,2.7115851291451527,book_equity_over_market_equity,0.07193829451040573,net_income_over_market_equity,2.7115851291451527,0.07193829451040573,True,True,B_price_times_shares,
7561,HURXLEY CORPORATION,Retail Trade,11685157212.0,close_times_edinet_shares_outstanding,24662000000.0,1204000000.0,,,2.1105407101132974,book_equity_over_market_equity,0.10303669673896725,net_income_over_market_equity,2.1105407101132974,0.10303669673896725,True,True,B_price_times_shares,
4442,"VALTES HOLDINGS CO.,LTD.",Information & Communication,8134384500.0,close_times_edinet_shares_outstanding,3261982000.0,589094000.0,,,0.40101153320205113,book_equity_over_market_equity,0.07242023044275815,net_income_over_market_equity,0.40101153320205113,0.07242023044275815,True,True,B_price_times_shares,
2892,"NIHON SHOKUHIN KAKO CO.,LTD.",Foods,19550640000.0,close_times_edinet_shares_outstanding,28424000000.0,1527000000.0,,,1.4538654489060205,book_equity_over_market_equity,0.07810485999435313,net_income_over_market_equity,1.4538654489060205,0.07810485999435313,True,True,B_price_times_shares,
7570,"HASHIMOTO SOGYO HOLDINGS CO.,LTD.",Wholesale Trade,25461916872.0,close_times_edinet_shares_outstanding,32317000000.0,2890000000.0,,,1.2692288708058115,book_equity_over_market_equity,0.11350284483797367,net_income_over_market_equity,1.2692288708058115,0.11350284483797367,True,True,B_price_times_shares,
4310,Dream Incubator Inc.,Services,25735951800.0,close_times_edinet_shares_outstanding,13697000000.0,327000000.0,,,0.5322126846693892,book_equity_over_market_equity,0.012705961005102597,net_income_over_market_equity,0.5322126846693892,0.012705961005102597,True,True,B_price_times_shares,
8278,"FUJI CO.,LTD.",Retail Trade,167319394358.0,close_times_edinet_shares_outstanding,227227000000.0,16332000000.0,,,1.3580434047819971,book_equity_over_market_equity,0.09760972457894342,net_income_over_market_equity,1.3580434047819971,0.09760972457894342,True,True,B_price_times_shares,
8219,"AOYAMA TRADING Co.,Ltd.",Retail Trade,33078583616.0,close_times_edinet_shares_outstanding,190317000000.0,9397000000.0,,,5.753480929211984,book_equity_over_market_equity,0.2840810873006879,net_income_over_market_equity,4.561669803968577,0.2840810873006879,True,True,B_price_times_shares,
7896,"SEVEN INDUSTRIES CO.,LTD.",Other Products,2222947500.0,close_times_edinet_shares_outstanding,6313000000.0,184000000.0,,,2.83992312009168,book_equity_over_market_equity,0.08277298496703138,net_income_over_market_equity,2.83992312009168,0.08277298496703138,True,True,B_price_times_shares,
4666,"PARK24 Co.,Ltd.",Real Estate,312830721177.0,close_times_edinet_shares_outstanding,104285000000.0,15917000000.0,,,0.3333592033660768,book_equity_over_market_equity,0.050880552715902035,net_income_over_market_equity,0.3333592033660768,0.050880552715902035,True,True,B_price_times_shares,
3418,"BALNIBARBI Co.,Ltd.",Retail Trade,11917657920.0,close_times_edinet_shares_outstanding,6071475000.0,431607000.0,,,0.5094520283059106,book_equity_over_market_equity,0.036215756728147475,net_income_over_market_equity,0.5094520283059106,0.036215756728147475,True,True,B_price_times_shares,
7836,"AVIX,Inc.",Other Products,2740106148.0,close_times_edinet_shares_outstanding,1783917000.0,181617000.0,,,0.6510393771796318,book_equity_over_market_equity,0.06628100890637467,net_income_over_market_equity,0.6510393771796318,0.06628100890637467,True,True,B_price_times_shares,
3915,"TerraSky Co.,Ltd",Information & Communication,33085459440.0,close_times_edinet_shares_outstanding,14967003000.0,1738272000.0,,,0.45237404144689125,book_equity_over_market_equity,0.052538850281113096,net_income_over_market_equity,0.45237404144689125,0.052538850281113096,True,True,B_price_times_shares,
9345,"Bizmates,Inc.",Services,1835139210.0,close_times_edinet_shares_outstanding,1909051000.0,197145000.0,,,1.0402758491547897,book_equity_over_market_equity,0.1074278174242705,net_income_over_market_equity,1.0402758491547897,0.1074278174242705,True,True,B_price_times_shares,
7069,"CyberBuzz,Inc.",Services,4373653200.0,close_times_edinet_shares_outstanding,752480000.0,385969000.0,,,0.17204839194840596,book_equity_over_market_equity,0.08824865217937261,net_income_over_market_equity,0.17204839194840596,0.08824865217937261,True,True,B_price_times_shares,
2735,"WATTS CO.,LTD.",Retail Trade,8032370300.0,close_times_edinet_shares_outstanding,13029940000.0,870678000.0,,,1.6221786986090518,book_equity_over_market_equity,0.10839614802121361,net_income_over_market_equity,1.6221786986090518,0.10839614802121361,True,True,B_price_times_shares,
7077,"ALiNK Internet,INC.",Services,1781603400.0,close_times_edinet_shares_outstanding,1403198000.0,-347225000.0,,,0.7876040200641736,book_equity_over_market_equity,,missing,0.7876040200641736,,True,False,B_price_times_shares,net_income_nonpositive_or_missing
4418,Japan Data Science Consortium Co.Ltd.,Information & Communication,9750780500.0,close_times_edinet_shares_outstanding,4127528000.0,422803000.0,,,0.4233023192348551,book_equity_over_market_equity,0.04336093915763974,net_income_over_market_equity,0.4233023192348551,0.04336093915763974,True,True,B_price_times_shares,
3174,"Happiness and D Co.,Ltd.",Retail Trade,1321270200.0,close_times_edinet_shares_outstanding,-594917000.0,-818013000.0,,,,missing,,missing,,,False,False,B_price_times_shares,book_equity_nonpositive_or_missing;net_income_nonpositive_or_missing
7309,SHIMANO INC.,Transportation Equipment,1384002617344.0,raw_market_cap,869501000000.0,129841000000.0,1.6087762,41.77946,0.6282509795166679,book_equity_over_market_equity,0.09381557402627906,net_income_over_market_equity,0.6282509795166679,0.09381557402627906,True,True,A_raw_market_cap,
9143,"SG HOLDINGS CO.,LTD.",Land Transportation,891919792200.0,close_times_edinet_shares_outstanding,584589000000.0,58313000000.0,,,0.6554277695285345,book_equity_over_market_equity,0.06537919722149653,net_income_over_market_equity,0.6554277695285345,0.06537919722149653,True,True,B_price_times_shares,
3479,TKP Corporation,Real Estate,59456569370.0,close_times_edinet_shares_outstanding,57309000000.0,13591000000.0,,,0.9638800322192219,book_equity_over_market_equity,0.22858701980302298,net_income_over_market_equity,0.9638800322192219,0.22858701980302298,True,True,B_price_times_shares,
2932,"STI Foods Holdings,Inc.",Foods,18151746400.0,close_times_edinet_shares_outstanding,10046000000.0,2488000000.0,,,0.5534453698625935,book_equity_over_market_equity,0.13706670119631023,net_income_over_market_equity,0.5534453698625935,0.13706670119631023,True,True,B_price_times_shares,
2726,"PAL GROUP Holdings CO.,LTD",Retail Trade,235638164800.0,close_times_edinet_shares_outstanding,86167000000.0,17873000000.0,,,0.36567505978131776,book_equity_over_market_equity,0.07584934306023758,net_income_over_market_equity,0.36567505978131776,0.07584934306023758,True,True,B_price_times_shares,
2321,Softfront Holdings,Information & Communication,7483809456.0,close_times_edinet_shares_outstanding,1289423000.0,-122564000.0,,,0.1722950066514895,book_equity_over_market_equity,,missing,0.1722950066514895,,True,False,B_price_times_shares,net_income_nonpositive_or_missing
3904,KAYAC Inc.,Information & Communication,6163440000.0,close_times_edinet_shares_outstanding,6297418000.0,703937000.0,,,1.0217375361810936,book_equity_over_market_equity,0.114211706449645,net_income_over_market_equity,1.0217375361810936,0.114211706449645,True,True,B_price_times_shares,
9896,"JK Holdings Co.,Ltd.",Wholesale Trade,36835716016.0,close_times_edinet_shares_outstanding,65707000000.0,4347000000.0,,,1.783785062613129,book_equity_over_market_equity,0.1180104656608774,net_income_over_market_equity,1.783785062613129,0.1180104656608774,True,True,B_price_times_shares,
3608,"TSI HOLDINGS CO.,LTD.",Textiles and Apparels,68603017473.0,close_times_edinet_shares_outstanding,99321000000.0,3793000000.0,,,1.4477643062725285,book_equity_over_market_equity,0.05528911321565128,net_income_over_market_equity,1.4477643062725285,0.05528911321565128,True,True,B_price_times_shares,
7067,Branding Technology Inc.,Services,1532357390.0,close_times_edinet_shares_outstanding,1191052000.0,77942000.0,,,0.777267762581156,book_equity_over_market_equity,0.050864113364572215,net_income_over_market_equity,0.777267762581156,0.050864113364572215,True,True,B_price_times_shares,
5029,circlace Inc,Information & Communication,3479673764.0,close_times_edinet_shares_outstanding,1079370000.0,252920000.0,,,0.3101928724373369,book_equity_over_market_equity,0.07268497484352099,net_income_over_market_equity,0.3101928724373369,0.07268497484352099,True,True,B_price_times_shares,
7049,"SHIKIGAKU.Co.,Ltd.",Services,6697540816.0,close_times_edinet_shares_outstanding,3659400000.0,294117000.0,,,0.5463796489687567,book_equity_over_market_equity,0.04391417806627966,net_income_over_market_equity,0.5463796489687567,0.04391417806627966,True,True,B_price_times_shares,
3196,"HOTLAND HOLDINGS Co.,Ltd.",Retail Trade,33742476600.0,close_times_edinet_shares_outstanding,12187813000.0,564038000.0,,,0.3612009024850298,book_equity_over_market_equity,0.016715963285279422,net_income_over_market_equity,0.3612009024850298,0.016715963285279422,True,True,B_price_times_shares,
8237,"MATSUYA CO.,LTD.",Retail Trade,71211357200.0,close_times_edinet_shares_outstanding,27478000000.0,2276000000.0,,,0.38586541642264893,book_equity_over_market_equity,0.03196119396527946,net_income_over_market_equity,0.38586541642264893,0.03196119396527946,True,True,B_price_times_shares,
5301,"TOKAI CARBON CO.,LTD.",Glass and Ceramics Products,395520798660.0,close_times_edinet_shares_outstanding,352846000000.0,23274000000.0,,,0.8921047924544561,book_equity_over_market_equity,0.058843934576514996,net_income_over_market_equity,0.8921047924544561,0.058843934576514996,True,True,B_price_times_shares,
8929,"Aoyama Zaisan Networks Company,Limited",Real Estate,31989131906.0,close_times_edinet_shares_outstanding,11712000000.0,2766000000.0,,,0.3661243460565197,book_equity_over_market_equity,0.08646686656355307,net_income_over_market_equity,0.3661243460565197,0.08646686656355307,True,True,B_price_times_shares,
2820,Yamami Company,Foods,31422072000.0,close_times_edinet_shares_outstanding,10432392000.0,1502590000.0,,,0.3320084047926566,book_equity_over_market_equity,0.047819570905445065,net_income_over_market_equity,0.3320084047926566,0.047819570905445065,True,True,B_price_times_shares,
3864,Mitsubishi Paper Mills Limited,Pulp and Paper,47087849815.0,close_times_edinet_shares_outstanding,85282000000.0,9364000000.0,,,1.811125382345089,book_equity_over_market_equity,0.19886234000468345,net_income_over_market_equity,1.811125382345089,0.19886234000468345,True,True,B_price_times_shares,
9980,MRK HOLDINGS INC.,Retail Trade,9810473358.0,close_times_edinet_shares_outstanding,14629441000.0,257092000.0,,,1.4912064348118685,book_equity_over_market_equity,0.02620587107454433,net_income_over_market_equity,1.4912064348118685,0.02620587107454433,True,True,B_price_times_shares,
4651,SANIX HOLDINGS INCORPORATED,Services,11472959040.0,close_times_edinet_shares_outstanding,10170000000.0,1489000000.0,,,0.8864321719046249,book_equity_over_market_equity,0.1297834320517194,net_income_over_market_equity,0.8864321719046249,0.1297834320517194,True,True,B_price_times_shares,
9342,Sumasapo Inc.,Services,1825546800.0,close_times_edinet_shares_outstanding,571491000.0,130228000.0,,,0.3130519579120075,book_equity_over_market_equity,0.07133643465070301,net_income_over_market_equity,0.3130519579120075,0.07133643465070301,True,True,B_price_times_shares,
7412,ATOM CORPORATION,Retail Trade,126690326032.0,close_times_edinet_shares_outstanding,7309000000.0,530000000.0,,,0.057691855636663694,book_equity_over_market_equity,0.00418342912675219,net_income_over_market_equity,0.09741440959758958,0.006806227117135984,True,True,B_price_times_shares,
4475,HENNGE K.K.,Information & Communication,37296467100.0,close_times_edinet_shares_outstanding,3949043000.0,1422912000.0,,,0.10588249523505136,book_equity_over_market_equity,0.03815138833887031,net_income_over_market_equity,0.10588249523505136,0.03815138833887031,True,True,B_price_times_shares,
3326,"RUNSYSTEM CO.,LTD.",Services,2567302000.0,close_times_edinet_shares_outstanding,236430000.0,45363000.0,,,0.09209278846041487,book_equity_over_market_equity,0.017669522323435265,net_income_over_market_equity,0.09741440959758958,0.017669522323435265,True,True,B_price_times_shares,
7064,"Howtelevision,Inc.",Services,2043621664.0,close_times_edinet_shares_outstanding,1513039000.0,169225000.0,,,0.7403713841232796,book_equity_over_market_equity,0.08280642301901141,net_income_over_market_equity,0.7403713841232796,0.08280642301901141,True,True,B_price_times_shares,
6185,SMN Corporation,Services,5558544255.0,close_times_edinet_shares_outstanding,4002419000.0,293770000.0,,,0.7200480586980592,book_equity_over_market_equity,0.05285016841158531,net_income_over_market_equity,0.7200480586980592,0.05285016841158531,True,True,B_price_times_shares,
7807,"KOWA CO.,LTD.",Other Products,3540511560.0,close_times_edinet_shares_outstanding,3526473000.0,444705000.0,,,0.9960348780784661,book_equity_over_market_equity,0.1256047304079414,net_income_over_market_equity,0.9960348780784661,0.1256047304079414,True,True,B_price_times_shares,
6276,"SiriusVision CO.,LTD.",Electric Appliances,1435346800.0,close_times_edinet_shares_outstanding,1951442000.0,-793346000.0,,,1.3595613269211315,book_equity_over_market_equity,,missing,1.3595613269211315,,True,False,B_price_times_shares,net_income_nonpositive_or_missing
4751,"CyberAgent,Inc.",Services,686612152320.0,raw_market_cap,275681000000.0,41964000000.0,3.457495,16.85547,0.4015090602001421,book_equity_over_market_equity,0.061117473464760944,net_income_over_market_equity,0.4015090602001421,0.061117473464760944,True,True,A_raw_market_cap,
2435,"CEDAR.Co.,Ltd",Services,2409939000.0,close_times_edinet_shares_outstanding,1496000000.0,446000000.0,,,0.6207626002151921,book_equity_over_market_equity,0.18506692493046503,net_income_over_market_equity,0.6207626002151921,0.18506692493046503,True,True,B_price_times_shares,
8089,Nice Corporation,Wholesale Trade,22188146530.0,close_times_edinet_shares_outstanding,61661000000.0,3001000000.0,,,2.7790063454209575,book_equity_over_market_equity,0.135252396857143,net_income_over_market_equity,2.7790063454209575,0.135252396857143,True,True,B_price_times_shares,
8075,Shinsho Corporation,Wholesale Trade,63326046938.0,close_times_edinet_shares_outstanding,92977000000.0,8563000000.0,,,1.4682268118051023,book_equity_over_market_equity,0.13522082008977587,net_income_over_market_equity,1.4682268118051023,0.13522082008977587,True,True,B_price_times_shares,
3099,Isetan Mitsukoshi Holdings Ltd.,Retail Trade,1173349203968.0,raw_market_cap,602878000000.0,52814000000.0,1.8974956,21.444117,0.5138095274290073,book_equity_over_market_equity,0.04501132299011673,net_income_over_market_equity,0.5138095274290073,0.04501132299011673,True,True,A_raw_market_cap,
2796,Pharmarise Holdings Corporation,Retail Trade,5737295405.0,close_times_edinet_shares_outstanding,6918000000.0,-381000000.0,,,1.2057946317303143,book_equity_over_market_equity,,missing,1.2057946317303143,,True,False,B_price_times_shares,net_income_nonpositive_or_missing
7018,Naikai Zosen Corporation,Transportation Equipment,16253132000.0,close_times_edinet_shares_outstanding,10857000000.0,1017000000.0,,,0.6679943287238422,book_equity_over_market_equity,0.06257255524658263,net_income_over_market_equity,0.6679943287238422,0.06257255524658263,True,True,B_price_times_shares,
6612,BALMUDA Inc.,Electric Appliances,4865319700.0,close_times_edinet_shares_outstanding,2867000000.0,-1603000000.0,,,0.5892726843828988,book_equity_over_market_equity,,missing,0.5892726843828988,,True,False,B_price_times_shares,net_income_nonpositive_or_missing
7091,"Living Platform,Ltd.",Services,5313211212.0,close_times_edinet_shares_outstanding,2052300000.0,365591000.0,,,0.3862635830032198,book_equity_over_market_equity,0.06880791773801595,net_income_over_market_equity,0.3862635830032198,0.06880791773801595,True,True,B_price_times_shares,
4480,"MEDLEY,INC.",Information & Communication,66712452300.0,close_times_edinet_shares_outstanding,15527000000.0,-1523000000.0,,,0.23274515423562087,book_equity_over_market_equity,,missing,0.23274515423562087,,True,False,B_price_times_shares,net_income_nonpositive_or_missing
9627,AIN HOLDINGS INC.,Retail Trade,192623041824.0,close_times_edinet_shares_outstanding,142632000000.0,9268000000.0,,,0.7404721608037065,book_equity_over_market_equity,0.04811470067256122,net_income_over_market_equity,0.7404721608037065,0.04811470067256122,True,True,B_price_times_shares,
3948,"HIKARI BUSINESS FORM CO.,LTD.",Pulp and Paper,6220660264.0,close_times_edinet_shares_outstanding,9371591000.0,151742000.0,,,1.5065267354713072,book_equity_over_market_equity,0.02439323055112916,net_income_over_market_equity,1.5065267354713072,0.02439323055112916,True,True,B_price_times_shares,
3777,Environment Friendly Holdings Corp.,Information & Communication,16440250320.0,close_times_edinet_shares_outstanding,3731108000.0,22006000.0,,,0.22694958576518803,book_equity_over_market_equity,0.0013385440958419664,net_income_over_market_equity,0.22694958576518803,0.006806227117135984,True,True,B_price_times_shares,
3747,"INTERTRADE Co.,Ltd.",Information & Communication,3664656000.0,close_times_edinet_shares_outstanding,1478433000.0,-156691000.0,,,0.4034302264660039,book_equity_over_market_equity,,missing,0.4034302264660039,,True,False,B_price_times_shares,net_income_nonpositive_or_missing
9344,Axis Consulting Corporation,Services,4839587280.0,close_times_edinet_shares_outstanding,3325000000.0,321000000.0,,,0.6870420570243337,book_equity_over_market_equity,0.06632797001648455,net_income_over_market_equity,0.6870420570243337,0.06632797001648455,True,True,B_price_times_shares,
3558,"JADE GROUP,Inc.",Retail Trade,17425452720.0,close_times_edinet_shares_outstanding,8560767000.0,1625391000.0,,,0.49127945985440086,book_equity_over_market_equity,0.0932768305143925,net_income_over_market_equity,0.49127945985440086,0.0932768305143925,True,True,B_price_times_shares,
1436,GreenEnergy & Company Inc.,Construction,7734320000.0,close_times_edinet_shares_outstanding,5302794000.0,275507000.0,,,0.6856186452073356,book_equity_over_market_equity,0.03562136037815865,net_income_over_market_equity,0.6856186452073356,0.03562136037815865,True,True,B_price_times_shares,
3536,"AXAS HOLDINGS CO.,LTD.",Retail Trade,3881632256.0,close_times_edinet_shares_outstanding,2198146000.0,221311000.0,,,0.5662942429959033,book_equity_over_market_equity,0.057014932225460155,net_income_over_market_equity,0.5662942429959033,0.057014932225460155,True,True,B_price_times_shares,
9254,"Lovable Marketing Group,inc.",Services,1831286025.0,close_times_edinet_shares_outstanding,464436000.0,256690000.0,,,0.2536119391835582,book_equity_over_market_equity,0.1401692561925164,net_income_over_market_equity,0.2536119391835582,0.1401692561925164,True,True,B_price_times_shares,
3422,"J-MAX Co.,Ltd.",Metal Products,5609995000.0,close_times_edinet_shares_outstanding,19609000000.0,-3486000000.0,,,3.4953685341965546,book_equity_over_market_equity,,missing,3.4953685341965546,,True,False,B_price_times_shares,net_income_nonpositive_or_missing
7073,"JAIC Co.,Ltd.",Services,2129333800.0,close_times_edinet_shares_outstanding,1271249000.0,161753000.0,,,0.5970172454877671,book_equity_over_market_equity,0.07596413488575629,net_income_over_market_equity,0.5970172454877671,0.07596413488575629,True,True,B_price_times_shares,
5533,"Elitz Holdings Co.,Ltd.",Real Estate,6610591200.0,close_times_edinet_shares_outstanding,5310910000.0,699290000.0,,,0.8033941049024481,book_equity_over_market_equity,0.10578327699344046,net_income_over_market_equity,0.8033941049024481,0.10578327699344046,True,True,B_price_times_shares,
9976,"SEKICHU CO.,LTD.",Retail Trade,5653809000.0,close_times_edinet_shares_outstanding,11851893000.0,400086000.0,,,2.096266959142058,book_equity_over_market_equity,0.07076397522449025,net_income_over_market_equity,2.096266959142058,0.07076397522449025,True,True,B_price_times_shares,
3306,"THE NIHON SEIMA CO.,LTD.",Wholesale Trade,2652363840.0,close_times_edinet_shares_outstanding,3710364000.0,172665000.0,,,1.3988895279163511,book_equity_over_market_equity,0.06509853489783664,net_income_over_market_equity,1.3988895279163511,0.06509853489783664,True,True,B_price_times_shares,
9876,"COX CO.,LTD.",Retail Trade,5939144520.0,close_times_edinet_shares_outstanding,10542614000.0,1070704000.0,,,1.7751064929465632,book_equity_over_market_equity,0.18027916249460116,net_income_over_market_equity,1.7751064929465632,0.18027916249460116,True,True,B_price_times_shares,
7679,"YAKUODO HOLDINGS Co.,Ltd.",Retail Trade,32638809882.0,close_times_edinet_shares_outstanding,40227000000.0,4028000000.0,,,1.2324897919205324,book_equity_over_market_equity,0.12341136256384778,net_income_over_market_equity,1.2324897919205324,0.12341136256384778,True,True,B_price_times_shares,
6526,Socionext Inc.,Electric Appliances,501549137920.0,raw_market_cap,137046000000.0,19600000000.0,3.7702243,57.771496,0.27324541034673183,book_equity_over_market_equity,0.03907892271788994,net_income_over_market_equity,0.27324541034673183,0.03907892271788994,True,True,A_raw_market_cap,
8226,RIKEI CORPORATION,Wholesale Trade,6380395662.0,close_times_edinet_shares_outstanding,5385582000.0,670817000.0,,,0.8440827630918165,book_equity_over_market_equity,0.10513721021961286,net_income_over_market_equity,0.8440827630918165,0.10513721021961286,True,True,B_price_times_shares,
4414,"FLECT Co.,Ltd.",Information & Communication,6627733560.0,close_times_edinet_shares_outstanding,2722308000.0,720787000.0,,,0.4107449364636197,book_equity_over_market_equity,0.10875316478473525,net_income_over_market_equity,0.4107449364636197,0.10875316478473525,True,True,B_price_times_shares,
3674,"Aucfan Co.,Ltd.",Information & Communication,3409030800.0,close_times_edinet_shares_outstanding,4561705000.0,-329112000.0,,,1.3381237271308901,book_equity_over_market_equity,,missing,1.3381237271308901,,True,False,B_price_times_shares,net_income_nonpositive_or_missing
3561,"CHIKARANOMOTO HOLDINGS Co.,Ltd.",Retail Trade,43630115100.0,close_times_edinet_shares_outstanding,10661526000.0,1758015000.0,,,0.244361629016193,book_equity_over_market_equity,0.04029361361918571,net_income_over_market_equity,0.244361629016193,0.04029361361918571,True,True,B_price_times_shares,
3046,JINS HOLDINGS Inc.,Retail Trade,191719589000.0,close_times_edinet_shares_outstanding,31742000000.0,8330000000.0,,,0.16556471962810226,book_equity_over_market_equity,0.04344887261363783,net_income_over_market_equity,0.16556471962810226,0.04344887261363783,True,True,B_price_times_shares,
4574,"TAIKO PHARMACEUTICAL CO.,LTD.",Pharmaceutical,12763804800.0,close_times_edinet_shares_outstanding,8518000000.0,923000000.0,,,0.6673558655488057,book_equity_over_market_equity,0.07231386051908284,net_income_over_market_equity,0.6673558655488057,0.07231386051908284,True,True,B_price_times_shares,
3359,"cotta CO.,LTD",Wholesale Trade,5282307248.0,close_times_edinet_shares_outstanding,4484754000.0,455193000.0,,,0.8490142260653294,book_equity_over_market_equity,0.0861731396204464,net_income_over_market_equity,0.8490142260653294,0.0861731396204464,True,True,B_price_times_shares,
7062,"Fureasu Co.,Ltd.",Services,2042405400.0,close_times_edinet_shares_outstanding,1548394000.0,-403928000.0,,,0.7581227507526175,book_equity_over_market_equity,,missing,0.7581227507526175,,True,False,B_price_times_shares,net_income_nonpositive_or_missing
6580,"Writeup Co.,Ltd.",Services,3857543700.0,close_times_edinet_shares_outstanding,3148261000.0,492155000.0,,,0.816131000667601,book_equity_over_market_equity,0.12758248208568576,net_income_over_market_equity,0.816131000667601,0.12758248208568576,True,True,B_price_times_shares,
6563,Mirai Works Inc.,Services,2547360000.0,close_times_edinet_shares_outstanding,1340186000.0,124603000.0,,,0.526107813579549,book_equity_over_market_equity,0.04891456252747943,net_income_over_market_equity,0.526107813579549,0.04891456252747943,True,True,B_price_times_shares,
7065,UPR Corporation,Services,7483331500.0,close_times_edinet_shares_outstanding,9302782000.0,380433000.0,,,1.24313375666974,book_equity_over_market_equity,0.05083738439223226,net_income_over_market_equity,1.24313375666974,0.05083738439223226,True,True,B_price_times_shares,
3498,"Kasumigaseki Capital Co.,Ltd.",Real Estate,141060218940.0,close_times_edinet_shares_outstanding,38193000000.0,11359000000.0,,,0.27075670438485144,book_equity_over_market_equity,0.08052589231292455,net_income_over_market_equity,0.27075670438485144,0.08052589231292455,True,True,B_price_times_shares,
9325,PHYZ Holdings Inc.,Warehousing and Harbor Transportation Service,13009971600.0,close_times_edinet_shares_outstanding,4035802000.0,958592000.0,,,0.31020836356014797,book_equity_over_market_equity,0.0736813291736932,net_income_over_market_equity,0.31020836356014797,0.0736813291736932,True,True,B_price_times_shares,
3088,MatsukiyoCocokara & Co.,Retail Trade,909259767808.0,raw_market_cap,521499000000.0,55010000000.0,1.6729007,16.337767,0.5735423676087691,book_equity_over_market_equity,0.06049976249649259,net_income_over_market_equity,0.5735423676087691,0.06049976249649259,True,True,A_raw_market_cap,
3791,"IG Port,Inc.",Information & Communication,25292336400.0,close_times_edinet_shares_outstanding,7829395000.0,828016000.0,,,0.30955602029712054,book_equity_over_market_equity,0.03273782172215612,net_income_over_market_equity,0.30955602029712054,0.03273782172215612,True,True,B_price_times_shares,
3993,PKSHA Technology Inc.,Information & Communication,91811427400.0,close_times_edinet_shares_outstanding,31254067000.0,3245678000.0,,,0.34041587071545737,book_equity_over_market_equity,0.035351568883243395,net_income_over_market_equity,0.34041587071545737,0.035351568883243395,True,True,B_price_times_shares,
2970,"GLC GROUP,INC.",Real Estate,18636032400.0,close_times_edinet_shares_outstanding,5811000000.0,1652000000.0,,,0.3118152981961976,book_equity_over_market_equity,0.08864547799348106,net_income_over_market_equity,0.3118152981961976,0.08864547799348106,True,True,B_price_times_shares,
7433,"Hakuto Co.,Ltd.",Wholesale Trade,85145626325.0,close_times_edinet_shares_outstanding,65546000000.0,5131000000.0,,,0.7698105331894745,book_equity_over_market_equity,0.06026146287790549,net_income_over_market_equity,0.7698105331894745,0.06026146287790549,True,True,B_price_times_shares,
8025,"TSUKAMOTO CORPORATION CO.,LTD.",Wholesale Trade,4882648870.0,close_times_edinet_shares_outstanding,14054779000.0,-380071000.0,,,2.8785152023434364,book_equity_over_market_equity,,missing,2.8785152023434364,,True,False,B_price_times_shares,net_income_nonpositive_or_missing
3071,"Stream Co.,Ltd.",Retail Trade,2791286500.0,close_times_edinet_shares_outstanding,2981396000.0,178769000.0,,,1.068108200286857,book_equity_over_market_equity,0.06404537835868873,net_income_over_market_equity,1.068108200286857,0.06404537835868873,True,True,B_price_times_shares,
8131,"Mitsuuroko Group Holdings Co.,Ltd.",Wholesale Trade,97763662206.0,close_times_edinet_shares_outstanding,98689000000.0,10584000000.0,,,1.0094650483944658,book_equity_over_market_equity,0.10826108352711068,net_income_over_market_equity,1.0094650483944658,0.10826108352711068,True,True,B_price_times_shares,
4196,NEO MARKETING Inc.,Information & Communication,3617700600.0,close_times_edinet_shares_outstanding,790514000.0,26630000.0,,,0.21851283105075087,book_equity_over_market_equity,0.007361029268148946,net_income_over_market_equity,0.21851283105075087,0.007361029268148946,True,True,B_price_times_shares,
9267,"Genky DrugStores Co.,Ltd.",Retail Trade,100610654080.0,close_times_edinet_shares_outstanding,53428000000.0,7066000000.0,,,0.5310371996738737,book_equity_over_market_equity,0.07023113073473819,net_income_over_market_equity,0.5310371996738737,0.07023113073473819,True,True,B_price_times_shares,
3598,"YAMAKI CO.,LTD.",Textiles and Apparels,2268315840.0,close_times_edinet_shares_outstanding,5000657000.0,180206000.0,,,2.2045682139220966,book_equity_over_market_equity,0.0794448448589946,net_income_over_market_equity,2.2045682139220966,0.0794448448589946,True,True,B_price_times_shares,
3246,"KOSE R.E. Co.,Ltd.",Real Estate,6398784000.0,close_times_edinet_shares_outstanding,10660146000.0,828404000.0,,,1.6659643457256879,book_equity_over_market_equity,0.1294627229173543,net_income_over_market_equity,1.6659643457256879,0.1294627229173543,True,True,B_price_times_shares,
1966,TAKADA CORPORATION,Construction,11734000000.0,close_times_edinet_shares_outstanding,20563678000.0,2309002000.0,,,1.7524866200784046,book_equity_over_market_equity,0.19677876257030852,net_income_over_market_equity,1.7524866200784046,0.19677876257030852,True,True,B_price_times_shares,
1724,SYNCLAYER INC.,Construction,3164973120.0,close_times_edinet_shares_outstanding,6208000000.0,242000000.0,,,1.9614700550758548,book_equity_over_market_equity,0.07646194480160387,net_income_over_market_equity,1.9614700550758548,0.07646194480160387,True,True,B_price_times_shares,
1844,"OHMORI CO.,LTD.",Construction,9383087247.0,close_times_edinet_shares_outstanding,5949765000.0,518581000.0,,,0.6340946048329972,book_equity_over_market_equity,0.055267630615478174,net_income_over_market_equity,0.6340946048329972,0.055267630615478174,True,True,B_price_times_shares,
7567,SAKAE ELECTRONICS CORPORATION,Wholesale Trade,3072674000.0,close_times_edinet_shares_outstanding,4473980000.0,37265000.0,,,1.4560542381001043,book_equity_over_market_equity,0.012127872986200293,net_income_over_market_equity,1.4560542381001043,0.012127872986200293,True,True,B_price_times_shares,
3131,SHINDEN HIGHTEX CORPORATION,Wholesale Trade,7465392000.0,close_times_edinet_shares_outstanding,7404722000.0,968184000.0,,,0.9918731662048021,book_equity_over_market_equity,0.12968963987423568,net_income_over_market_equity,0.9918731662048021,0.12968963987423568,True,True,B_price_times_shares,
3079,DVx Inc.,Wholesale Trade,10273130100.0,close_times_edinet_shares_outstanding,9127766000.0,410119000.0,,,0.888508751582928,book_equity_over_market_equity,0.03992152304194026,net_income_over_market_equity,0.888508751582928,0.03992152304194026,True,True,B_price_times_shares,
3349,COSMOS Pharmaceutical Corporation,Retail Trade,461991384600.0,close_times_edinet_shares_outstanding,257463000000.0,30978000000.0,,,0.5572896131448768,book_equity_over_market_equity,0.06705319846347628,net_income_over_market_equity,0.5572896131448768,0.06705319846347628,True,True,B_price_times_shares,
5587,Inbound Platform Corp.,Information & Communication,2828672000.0,close_times_edinet_shares_outstanding,1423890000.0,206094000.0,,,0.5033775566767728,book_equity_over_market_equity,0.0728589246119734,net_income_over_market_equity,0.5033775566767728,0.0728589246119734,True,True,B_price_times_shares,
2876,Delsole Corporation,Foods,3989480320.0,close_times_edinet_shares_outstanding,6120096000.0,-422804000.0,,,1.5340584510014577,book_equity_over_market_equity,,missing,1.5340584510014577,,True,False,B_price_times_shares,net_income_nonpositive_or_missing
6614,"Shikino High-Tech CO.,LTD.",Electric Appliances,4188675700.0,close_times_edinet_shares_outstanding,2471025000.0,-14584000.0,,,0.5899298912064259,book_equity_over_market_equity,,missing,0.5899298912064259,,True,False,B_price_times_shares,net_income_nonpositive_or_missing
8077,TORQ Inc.,Wholesale Trade,4649491688.0,close_times_edinet_shares_outstanding,14290657000.0,904875000.0,,,3.073595558173197,book_equity_over_market_equity,0.19461804875045086,net_income_over_market_equity,3.073595558173197,0.19461804875045086,True,True,B_price_times_shares,
7373,"Aidma Holdings,Inc.",Services,17181674240.0,close_times_edinet_shares_outstanding,7481424000.0,2051060000.0,,,0.4354304414981156,book_equity_over_market_equity,0.11937486250466824,net_income_over_market_equity,0.4354304414981156,0.11937486250466824,True,True,B_price_times_shares,
3858,Ubiquitous AI Corporation,Information & Communication,4099888800.0,close_times_edinet_shares_outstanding,2455586000.0,-458386000.0,,,0.5989396590463625,book_equity_over_market_equity,,missing,0.5989396590463625,,True,False,B_price_times_shares,net_income_nonpositive_or_missing
8142,"TOHO Co.,Ltd.",Wholesale Trade,43073028164.0,close_times_edinet_shares_outstanding,34542000000.0,4583000000.0,,,0.8019403666833402,book_equity_over_market_equity,0.10640069192605374,net_income_over_market_equity,0.8019403666833402,0.10640069192605374,True,True,B_price_times_shares,
8013,"NAIGAI CO.,LTD.",Textiles and Apparels,2852103065.0,close_times_edinet_shares_outstanding,6868000000.0,50000000.0,,,2.408047620817658,book_equity_over_market_equity,0.017530923273279396,net_income_over_market_equity,2.408047620817658,0.017530923273279396,True,True,B_price_times_shares,
9969,"SHOKUBUN CO.,LTD.",Retail Trade,3420322487.0,close_times_edinet_shares_outstanding,3230160000.0,-69953000.0,,,0.9444021761916394,book_equity_over_market_equity,,missing,0.9444021761916394,,True,False,B_price_times_shares,net_income_nonpositive_or_missing
8225,"Takachiho Co.,Ltd.",Wholesale Trade,2331600000.0,close_times_edinet_shares_outstanding,2279142000.0,308645000.0,,,0.9775012866700978,book_equity_over_market_equity,0.13237476411048207,net_income_over_market_equity,0.9775012866700978,0.13237476411048207,True,True,B_price_times_shares,
7687,"MICREED Co.,Ltd.",Wholesale Trade,2657220800.0,close_times_edinet_shares_outstanding,1393000000.0,258000000.0,,,0.5242319343578825,book_equity_over_market_equity,0.0970939261050493,net_income_over_market_equity,0.5242319343578825,0.0970939261050493,True,True,B_price_times_shares,
3004,SHINYEI KAISHA,Wholesale Trade,8144063600.0,close_times_edinet_shares_outstanding,8785000000.0,1321000000.0,,,1.0786998274424084,book_equity_over_market_equity,0.16220403779754372,net_income_over_market_equity,1.0786998274424084,0.16220403779754372,True,True,B_price_times_shares,
6096,"RareJob,Inc.",Services,3449734200.0,close_times_edinet_shares_outstanding,1931754000.0,268908000.0,,,0.5599718378302885,book_equity_over_market_equity,0.07795035339244398,net_income_over_market_equity,0.5599718378302885,0.07795035339244398,True,True,B_price_times_shares,
3082,"KICHIRI HOLDINGS & Co.,Ltd.",Retail Trade,11073706000.0,close_times_edinet_shares_outstanding,2242022000.0,310429000.0,,,0.20246356549469527,book_equity_over_market_equity,0.02803298191228844,net_income_over_market_equity,0.20246356549469527,0.02803298191228844,True,True,B_price_times_shares,
7599,IDOM Inc.,Wholesale Trade,134746596600.0,close_times_edinet_shares_outstanding,89668000000.0,11982000000.0,,,0.6654565106841445,book_equity_over_market_equity,0.08892246856200003,net_income_over_market_equity,0.6654565106841445,0.08892246856200003,True,True,B_price_times_shares,
7494,"KONAKA CO.,LTD.",Retail Trade,7507493470.0,close_times_edinet_shares_outstanding,16634000000.0,478000000.0,,,2.21565294281901,book_equity_over_market_equity,0.063669719049386,net_income_over_market_equity,2.21565294281901,0.063669719049386,True,True,B_price_times_shares,
2533,"Oenon Holdings,Inc.",Foods,27271704064.0,close_times_edinet_shares_outstanding,26976000000.0,3102000000.0,,,0.9891571108535772,book_equity_over_market_equity,0.11374426741799364,net_income_over_market_equity,0.9891571108535772,0.11374426741799364,True,True,B_price_times_shares,
7537,MARUBUN CORPORATION,Wholesale Trade,47993395800.0,close_times_edinet_shares_outstanding,60499000000.0,4640000000.0,,,1.260569271908032,book_equity_over_market_equity,0.09667996862184942,net_income_over_market_equity,1.260569271908032,0.09667996862184942,True,True,B_price_times_shares,
2489,Adways Inc.,Services,10434947400.0,close_times_edinet_shares_outstanding,13957627000.0,290419000.0,,,1.3375847970254262,book_equity_over_market_equity,0.027831381306244053,net_income_over_market_equity,1.3375847970254262,0.027831381306244053,True,True,B_price_times_shares,
8135,ZETT CORPORATION,Wholesale Trade,8104008600.0,close_times_edinet_shares_outstanding,14553000000.0,2992000000.0,,,1.7957779561092766,book_equity_over_market_equity,0.3692000030700856,net_income_over_market_equity,1.7957779561092766,0.3692000030700856,True,True,B_price_times_shares,
3179,"Syuppin Co.,Ltd.",Retail Trade,22800175586.0,close_times_edinet_shares_outstanding,10650460000.0,2020774000.0,,,0.467121841225631,book_equity_over_market_equity,0.08862975604630065,net_income_over_market_equity,0.467121841225631,0.08862975604630065,True,True,B_price_times_shares,
4720,"JOHNAN ACADEMIC PREPARATORY INSTITUTE,INC.",Services,1953211900.0,close_times_edinet_shares_outstanding,1730143000.0,-435012000.0,,,0.8857938045534127,book_equity_over_market_equity,,missing,0.8857938045534127,,True,False,B_price_times_shares,net_income_nonpositive_or_missing
6195,"HOPE,INC.",Services,3282120400.0,close_times_edinet_shares_outstanding,1154609000.0,358008000.0,,,0.35178752126216944,book_equity_over_market_equity,0.10907826537990502,net_income_over_market_equity,0.35178752126216944,0.10907826537990502,True,True,B_price_times_shares,
7060,geechs inc.,Services,5826384516.0,close_times_edinet_shares_outstanding,2994347000.0,-119380000.0,,,0.513928833872385,book_equity_over_market_equity,,missing,0.513928833872385,,True,False,B_price_times_shares,net_income_nonpositive_or_missing
9237,"Emimen Co.,Ltd.",Services,2139082460.0,close_times_edinet_shares_outstanding,813474000.0,89670000.0,,,0.38029108985354404,book_equity_over_market_equity,0.04191984258521759,net_income_over_market_equity,0.38029108985354404,0.04191984258521759,True,True,B_price_times_shares,
9932,"SUGIMOTO & CO.,LTD.",Wholesale Trade,21627433346.0,close_times_edinet_shares_outstanding,35485286000.0,2148916000.0,,,1.6407534556828498,book_equity_over_market_equity,0.09936065762502709,net_income_over_market_equity,1.6407534556828498,0.09936065762502709,True,True,B_price_times_shares,
2593,"ITO EN,LTD.",Foods,253761902800.0,close_times_edinet_shares_outstanding,175971000000.0,14501000000.0,,,0.6934492453687575,book_equity_over_market_equity,0.05714411753693707,net_income_over_market_equity,0.6934492453687575,0.05714411753693707,True,True,B_price_times_shares,
4933,"I-ne CO.,LTD.",Chemicals,22938612300.0,close_times_edinet_shares_outstanding,20109000000.0,2271000000.0,,,0.876644137710109,book_equity_over_market_equity,0.09900337345167126,net_income_over_market_equity,0.876644137710109,0.09900337345167126,True,True,B_price_times_shares,
9962,MISUMI Group Inc.,Wholesale Trade,973560741888.0,raw_market_cap,352064000000.0,36654000000.0,2.5546327,24.659464,0.36162509934126125,book_equity_over_market_equity,0.03764942280737193,net_income_over_market_equity,0.36162509934126125,0.03764942280737193,True,True,A_raw_market_cap,
7906,"YONEX CO.,LTD.",Other Products,204784611600.0,close_times_edinet_shares_outstanding,69426000000.0,11621000000.0,,,0.3390196141085437,book_equity_over_market_equity,0.056747427988871404,net_income_over_market_equity,0.3390196141085437,0.056747427988871404,True,True,B_price_times_shares,
8275,FORVAL CORPORATION,Wholesale Trade,26305169220.0,close_times_edinet_shares_outstanding,19704923000.0,2423287000.0,,,0.7490893837329209,book_equity_over_market_equity,0.09212208367614523,net_income_over_market_equity,0.7490893837329209,0.09212208367614523,True,True,B_price_times_shares,
9625,"CERESPO CO.,LTD.",Services,5883460400.0,close_times_edinet_shares_outstanding,9154647000.0,-764989000.0,,,1.5559970455482288,book_equity_over_market_equity,,missing,1.5559970455482288,,True,False,B_price_times_shares,net_income_nonpositive_or_missing
8136,"Sanrio Company,Ltd.",Wholesale Trade,1130613309440.0,raw_market_cap,107608000000.0,41962000000.0,8.209061,22.833006,0.09517666128775623,book_equity_over_market_equity,0.03711436938663321,net_income_over_market_equity,0.09741440959758958,0.03711436938663321,True,True,A_raw_market_cap,
4477,"BASE,Inc.",Information & Communication,31321985104.0,close_times_edinet_shares_outstanding,15119000000.0,1831000000.0,,,0.4826960982772837,book_equity_over_market_equity,0.058457342148667664,net_income_over_market_equity,0.4826960982772837,0.058457342148667664,True,True,B_price_times_shares,
5248,"TECHNOLOGIES,Inc.",Information & Communication,7479435600.0,close_times_edinet_shares_outstanding,5305903000.0,1103438000.0,,,0.7093988482232536,book_equity_over_market_equity,0.14752958097533456,net_income_over_market_equity,0.7093988482232536,0.14752958097533456,True,True,B_price_times_shares,
8844,"COSMOS INITIA Co.,Ltd.",Real Estate,39720508668.0,close_times_edinet_shares_outstanding,50318000000.0,5323000000.0,,,1.2668015009721576,book_equity_over_market_equity,0.1340113754456615,net_income_over_market_equity,1.2668015009721576,0.1340113754456615,True,True,B_price_times_shares,
4026,"Konoshima Chemical Co.,Ltd.",Glass and Ceramics Products,17450702500.0,close_times_edinet_shares_outstanding,12964000000.0,1433000000.0,,,0.7428927288170777,book_equity_over_market_equity,0.08211703798170876,net_income_over_market_equity,0.7428927288170777,0.08211703798170876,True,True,B_price_times_shares,
2722,"IK HOLDINGS Co.,Ltd.",Retail Trade,2788912000.0,close_times_edinet_shares_outstanding,2388002000.0,321372000.0,,,0.8562486016052138,book_equity_over_market_equity,0.11523203313693656,net_income_over_market_equity,0.8562486016052138,0.11523203313693656,True,True,B_price_times_shares,
7094,NexTone Inc.,Services,12815273900.0,close_times_edinet_shares_outstanding,5715000000.0,873000000.0,,,0.4459522320471044,book_equity_over_market_equity,0.0681218370213687,net_income_over_market_equity,0.4459522320471044,0.0681218370213687,True,True,B_price_times_shares,
6063,"Emergency Assistance Japan Co., Ltd.",Services,2216896000.0,close_times_edinet_shares_outstanding,1887310000.0,101886000.0,,,0.851329967666503,book_equity_over_market_equity,0.0459588541817027,net_income_over_market_equity,0.851329967666503,0.0459588541817027,True,True,B_price_times_shares,
6031,ZETA INC.,Services,4801473000.0,close_times_edinet_shares_outstanding,1513516000.0,231800000.0,,,0.315219100471876,book_equity_over_market_equity,0.048276851707798836,net_income_over_market_equity,0.315219100471876,0.048276851707798836,True,True,B_price_times_shares,
4178,Sharing Innovations Inc.,Information & Communication,1957902800.0,close_times_edinet_shares_outstanding,1610497000.0,23971000.0,,,0.8225622845015595,book_equity_over_market_equity,0.012243202267242275,net_income_over_market_equity,0.8225622845015595,0.012243202267242275,True,True,B_price_times_shares,
7046,TDSE Inc.,Services,2786762400.0,close_times_edinet_shares_outstanding,2209042000.0,136557000.0,,,0.7926911888864296,book_equity_over_market_equity,0.0490020247151318,net_income_over_market_equity,0.7926911888864296,0.0490020247151318,True,True,B_price_times_shares,
3611,MATSUOKA CORPORATION,Textiles and Apparels,23912312500.0,close_times_edinet_shares_outstanding,40529000000.0,2600000000.0,,,1.694900900947995,book_equity_over_market_equity,0.10873059642391342,net_income_over_market_equity,1.694900900947995,0.10873059642391342,True,True,B_price_times_shares,
5699,"IBOKIN Co.,Ltd.",Iron and Steel,5416976000.0,close_times_edinet_shares_outstanding,5147578000.0,610780000.0,,,0.9502678247051491,book_equity_over_market_equity,0.11275294555486308,net_income_over_market_equity,0.9502678247051491,0.11275294555486308,True,True,B_price_times_shares,
8011,SANYO SHOKAI LTD.,Textiles and Apparels,37726435800.0,close_times_edinet_shares_outstanding,40923000000.0,4116000000.0,,,1.0847300873304337,book_equity_over_market_equity,0.10910121544002309,net_income_over_market_equity,1.0847300873304337,0.10910121544002309,True,True,B_price_times_shares,
6338,Takatori Corporation,Machinery,9930792780.0,close_times_edinet_shares_outstanding,10266595000.0,603170000.0,,,1.0338142409613345,book_equity_over_market_equity,0.0607373462886817,net_income_over_market_equity,1.0338142409613345,0.0607373462886817,True,True,B_price_times_shares,
3678,"MEDIA DO Co.,Ltd.",Information & Communication,19374835494.0,close_times_edinet_shares_outstanding,19443000000.0,1843000000.0,,,1.0035181979233376,book_equity_over_market_equity,0.09512338830287051,net_income_over_market_equity,1.0035181979233376,0.09512338830287051,True,True,B_price_times_shares,
8887,"SYLA Holdings Co.,Ltd.",Real Estate,14232850324.0,close_times_edinet_shares_outstanding,11066029000.0,-657912000.0,,,0.7774991479633577,book_equity_over_market_equity,,missing,0.7774991479633577,,True,False,B_price_times_shares,net_income_nonpositive_or_missing
7220,"MUSASHI SEIMITSU INDUSTRY CO.,LTD.",Transportation Equipment,610185510912.0,raw_market_cap,123969000000.0,9629000000.0,5.000384,492.07187,0.2031660827454138,book_equity_over_market_equity,0.01578044681134469,net_income_over_market_equity,0.2031660827454138,0.01578044681134469,True,True,A_raw_market_cap,
8105,Bitcoin Japan Corporation,Wholesale Trade,11698824384.0,close_times_edinet_shares_outstanding,3306691000.0,-407319000.0,,,0.28265156322223495,book_equity_over_market_equity,,missing,0.28265156322223495,,True,False,B_price_times_shares,net_income_nonpositive_or_missing
9930,"KITAZAWA SANGYO CO.,LTD.",Wholesale Trade,6376355251.0,close_times_edinet_shares_outstanding,10783335000.0,653680000.0,,,1.691144011825385,book_equity_over_market_equity,0.1025162454518957,net_income_over_market_equity,1.691144011825385,0.1025162454518957,True,True,B_price_times_shares,
6330,TOYO ENGINEERING CORPORATION,Construction,139300012032.0,raw_market_cap,60243000000.0,2053000000.0,2.8545277,16.943464,0.4324694529542537,book_equity_over_market_equity,0.014737974319258385,net_income_over_market_equity,0.4324694529542537,0.014737974319258385,True,True,A_raw_market_cap,
7808,"C.S. LUMBER CO.,INC",Other Products,4866823800.0,close_times_edinet_shares_outstanding,11289272000.0,1157929000.0,,,2.319638528931333,book_equity_over_market_equity,0.23792293446086954,net_income_over_market_equity,2.319638528931333,0.23792293446086954,True,True,B_price_times_shares,
5408,"NAKAYAMA STEEL WORKS,LTD.",Iron and Steel,33372019296.0,close_times_edinet_shares_outstanding,106810000000.0,5695000000.0,,,3.2005854681020858,book_equity_over_market_equity,0.17065194495685215,net_income_over_market_equity,3.2005854681020858,0.17065194495685215,True,True,B_price_times_shares,
6035,"IR Japan Holdings,Ltd.",Services,12558730870.0,close_times_edinet_shares_outstanding,5620494000.0,938228000.0,,,0.447536782034728,book_equity_over_market_equity,0.0747072303493036,net_income_over_market_equity,0.447536782034728,0.0747072303493036,True,True,B_price_times_shares,
5619,"MRSO.,Inc",Information & Communication,3020861550.0,close_times_edinet_shares_outstanding,1953705000.0,-23366000.0,,,0.6467376831619444,book_equity_over_market_equity,,missing,0.6467376831619444,,True,False,B_price_times_shares,net_income_nonpositive_or_missing
4263,"SUSMED,Inc.",Information & Communication,10628091200.0,close_times_edinet_shares_outstanding,5441390000.0,-298404000.0,,,0.5119818693313434,book_equity_over_market_equity,,missing,0.5119818693313434,,True,False,B_price_times_shares,net_income_nonpositive_or_missing
9308,"Inui Global Logistics Co.,Ltd.",Marine Transportation,40488393060.0,close_times_edinet_shares_outstanding,37812000000.0,5021000000.0,,,0.9338972762877046,book_equity_over_market_equity,0.12401084904899409,net_income_over_market_equity,0.9338972762877046,0.12401084904899409,True,True,B_price_times_shares,
2491,"ValueCommerce Co.,Ltd.",Services,10382995600.0,close_times_edinet_shares_outstanding,20427000000.0,487000000.0,,,1.9673513104445504,book_equity_over_market_equity,0.0469036122869974,net_income_over_market_equity,1.9673513104445504,0.0469036122869974,True,True,B_price_times_shares,
2438,"Asukanet Company,Limited",Services,5543759100.0,close_times_edinet_shares_outstanding,5453571000.0,-263056000.0,,,0.9837315982940168,book_equity_over_market_equity,,missing,0.9837315982940168,,True,False,B_price_times_shares,net_income_nonpositive_or_missing
3181,"KAITORI OKOKU CO.,LTD.",Retail Trade,3518269050.0,close_times_edinet_shares_outstanding,3400617000.0,358062000.0,,,0.9665596779757364,book_equity_over_market_equity,0.10177220528373178,net_income_over_market_equity,0.9665596779757364,0.10177220528373178,True,True,B_price_times_shares,
8103,Meiwa Corporation,Wholesale Trade,35558182800.0,close_times_edinet_shares_outstanding,38908000000.0,4120000000.0,,,1.094206647703043,book_equity_over_market_equity,0.11586643848402736,net_income_over_market_equity,1.094206647703043,0.11586643848402736,True,True,B_price_times_shares,
1840,"TSUCHIYA HOLDINGS CO.,LTD.",Construction,5850929086.0,close_times_edinet_shares_outstanding,13041058000.0,178823000.0,,,2.2288866961666676,book_equity_over_market_equity,0.030563180201223856,net_income_over_market_equity,2.2288866961666676,0.030563180201223856,True,True,B_price_times_shares,
9145,"BEING HOLDINGS CO.,LTD.",Land Transportation,13471508700.0,close_times_edinet_shares_outstanding,8662000000.0,1579000000.0,,,0.6429866314824857,book_equity_over_market_equity,0.11721033146049929,net_income_over_market_equity,0.6429866314824857,0.11721033146049929,True,True,B_price_times_shares,
2687,CVS Bay Area Inc.,Services,2369472000.0,close_times_edinet_shares_outstanding,3125771000.0,-1174253000.0,,,1.3191846115927937,book_equity_over_market_equity,,missing,1.3191846115927937,,True,False,B_price_times_shares,net_income_nonpositive_or_missing
7613,SIIX CORPORATION,Wholesale Trade,66369881600.0,close_times_edinet_shares_outstanding,103784000000.0,2488000000.0,,,1.5637213371192755,book_equity_over_market_equity,0.037486883206975616,net_income_over_market_equity,1.5637213371192755,0.037486883206975616,True,True,B_price_times_shares,
2991,LANDNET Inc.,Real Estate,6992757600.0,close_times_edinet_shares_outstanding,11085182000.0,2384052000.0,,,1.5852375606441729,book_equity_over_market_equity,0.3409315947116485,net_income_over_market_equity,1.5852375606441729,0.3409315947116485,True,True,B_price_times_shares,
7096,StemCell Institute,Services,6580960500.0,close_times_edinet_shares_outstanding,2648500000.0,385796000.0,,,0.4024488522610035,book_equity_over_market_equity,0.05862305358009671,net_income_over_market_equity,0.4024488522610035,0.05862305358009671,True,True,B_price_times_shares,
3929,"SOCIALWIRE CO.,LTD.",Information & Communication,3735107200.0,close_times_edinet_shares_outstanding,1575456000.0,177989000.0,,,0.42179672915411903,book_equity_over_market_equity,0.04765298302549389,net_income_over_market_equity,0.42179672915411903,0.04765298302549389,True,True,B_price_times_shares,
3223,SLD Entertainment Inc.,Retail Trade,1414052184.0,close_times_edinet_shares_outstanding,552125000.0,87417000.0,,,0.3904558871640624,book_equity_over_market_equity,0.06182020790259605,net_income_over_market_equity,0.3904558871640624,0.06182020790259605,True,True,B_price_times_shares,
7898,"WOOD ONE CO.,LTD.",Other Products,8061567154.0,close_times_edinet_shares_outstanding,45614000000.0,1864000000.0,,,5.658205052272892,book_equity_over_market_equity,0.2312205510903817,net_income_over_market_equity,4.561669803968577,0.2312205510903817,True,True,B_price_times_shares,
4558,"CHUKYO IYAKUHIN CO.,LTD.",Pharmaceutical,2121247266.0,close_times_edinet_shares_outstanding,2526109000.0,45148000.0,,,1.1908602266644006,book_equity_over_market_equity,0.021283704508967886,net_income_over_market_equity,1.1908602266644006,0.021283704508967886,True,True,B_price_times_shares,
6634,JN Group Inc.,Electric Appliances,2085893901.0,close_times_edinet_shares_outstanding,7039811000.0,-1874421000.0,,,3.3749612080581084,book_equity_over_market_equity,,missing,3.3749612080581084,,True,False,B_price_times_shares,net_income_nonpositive_or_missing
9270,Valuence Holdings Inc.,Wholesale Trade,31204143180.0,close_times_edinet_shares_outstanding,8402723000.0,722581000.0,,,0.26928228573780055,book_equity_over_market_equity,0.023156572376681422,net_income_over_market_equity,0.26928228573780055,0.023156572376681422,True,True,B_price_times_shares,
6775,TB GROUP INC.,Electric Appliances,1789342976.0,close_times_edinet_shares_outstanding,1057959000.0,-194000000.0,,,0.5912555693291525,book_equity_over_market_equity,,missing,0.5912555693291525,,True,False,B_price_times_shares,net_income_nonpositive_or_missing
1407,West Holdings Corporation,Construction,103114148800.0,close_times_edinet_shares_outstanding,39130000000.0,5501000000.0,,,0.3794823548017302,book_equity_over_market_equity,0.05334864384779754,net_income_over_market_equity,0.3794823548017302,0.05334864384779754,True,True,B_price_times_shares,
5632,"Mitsubishi Steel Mfg.Co.,Ltd.",Iron and Steel,32834005536.0,close_times_edinet_shares_outstanding,49851000000.0,2776000000.0,,,1.5182734846451236,book_equity_over_market_equity,0.08454649241489365,net_income_over_market_equity,1.5182734846451236,0.08454649241489365,True,True,B_price_times_shares,
3600,FUJIX Ltd.,Textiles and Apparels,2307337468.0,close_times_edinet_shares_outstanding,10185790000.0,-121601000.0,,,4.414521127171329,book_equity_over_market_equity,,missing,4.414521127171329,,True,False,B_price_times_shares,net_income_nonpositive_or_missing
5269,"NIPPON CONCRETE INDUSTRIES CO.,LTD.",Glass and Ceramics Products,17552928536.0,close_times_edinet_shares_outstanding,39985779000.0,-656357000.0,,,2.2780118381950665,book_equity_over_market_equity,,missing,2.2780118381950665,,True,False,B_price_times_shares,net_income_nonpositive_or_missing
7686,"HitoMile Co.,Ltd.",Retail Trade,12020241600.0,close_times_edinet_shares_outstanding,5807000000.0,536000000.0,,,0.4831017706000186,book_equity_over_market_equity,0.04459144980912863,net_income_over_market_equity,0.4831017706000186,0.04459144980912863,True,True,B_price_times_shares,
2981,Landix Inc.,Real Estate,5558440773.0,close_times_edinet_shares_outstanding,8345977000.0,1404730000.0,,,1.5014960743200492,book_equity_over_market_equity,0.2527201525333227,net_income_over_market_equity,1.5014960743200492,0.2527201525333227,True,True,B_price_times_shares,
7983,Miroku Corporation,Other Products,3292141977.0,close_times_edinet_shares_outstanding,10747786000.0,-2525115000.0,,,3.2646787638830923,book_equity_over_market_equity,,missing,3.2646787638830923,,True,False,B_price_times_shares,net_income_nonpositive_or_missing
5588,"Fast Accounting Co.,Ltd.",Information & Communication,7979988200.0,close_times_edinet_shares_outstanding,1714629000.0,203224000.0,,,0.21486610719549687,book_equity_over_market_equity,0.025466704324199375,net_income_over_market_equity,0.21486610719549687,0.025466704324199375,True,True,B_price_times_shares,
7625,"GLOBAL-DINING,INC.",Retail Trade,4887261400.0,close_times_edinet_shares_outstanding,5632613000.0,394606000.0,,,1.152509051388166,book_equity_over_market_equity,0.08074174219533255,net_income_over_market_equity,1.152509051388166,0.08074174219533255,True,True,B_price_times_shares,
9417,"Smartvalue Co.,Ltd.",Information & Communication,3169682000.0,close_times_edinet_shares_outstanding,3039478000.0,942191000.0,,,0.958922062213181,book_equity_over_market_equity,0.2972509545121561,net_income_over_market_equity,0.958922062213181,0.2972509545121561,True,True,B_price_times_shares,
4371,Core Concept Technologies Inc.,Information & Communication,24057009600.0,close_times_edinet_shares_outstanding,6089775000.0,1501810000.0,,,0.253139317864345,book_equity_over_market_equity,0.06242712726855294,net_income_over_market_equity,0.253139317864345,0.06242712726855294,True,True,B_price_times_shares,
3663,"CELSYS,Inc.",Information & Communication,50966145600.0,close_times_edinet_shares_outstanding,-6644237000.0,1681102000.0,,,,missing,0.03298467993231962,net_income_over_market_equity,,0.03298467993231962,False,True,B_price_times_shares,book_equity_nonpositive_or_missing
4936,AXXZIA Inc.,Chemicals,7615843200.0,close_times_edinet_shares_outstanding,7575092000.0,320660000.0,,,0.994649154541417,book_equity_over_market_equity,0.04210433324047428,net_income_over_market_equity,0.994649154541417,0.04210433324047428,True,True,B_price_times_shares,
9064,"YAMATO HOLDINGS CO.,LTD.",Land Transportation,587819257104.0,close_times_edinet_shares_outstanding,600350000000.0,52808000000.0,,,1.0213173398873236,book_equity_over_market_equity,0.08983713847717129,net_income_over_market_equity,1.0213173398873236,0.08983713847717129,True,True,B_price_times_shares,
3987,Ecomott Inc.,Information & Communication,2769512000.0,close_times_edinet_shares_outstanding,784207000.0,-157579000.0,,,0.28315710493401003,book_equity_over_market_equity,,missing,0.28315710493401003,,True,False,B_price_times_shares,net_income_nonpositive_or_missing
5410,"Godo Steel,Ltd.",Iron and Steel,38024248600.0,close_times_edinet_shares_outstanding,134749000000.0,11347000000.0,,,3.543764964759882,book_equity_over_market_equity,0.298414838367115,net_income_over_market_equity,3.543764964759882,0.298414838367115,True,True,B_price_times_shares,
1888,"WAKACHIKU CONSTRUCTION CO.,LTD.",Construction,42874888620.0,close_times_edinet_shares_outstanding,49858000000.0,3774000000.0,,,1.1628718255548438,book_equity_over_market_equity,0.08802355228135868,net_income_over_market_equity,1.1628718255548438,0.08802355228135868,True,True,B_price_times_shares,
4412,"Science Arts,Inc.",Information & Communication,10136818000.0,close_times_edinet_shares_outstanding,1393972000.0,112172000.0,,,0.1375157371869555,book_equity_over_market_equity,0.011065799938402761,net_income_over_market_equity,0.1375157371869555,0.011065799938402761,True,True,B_price_times_shares,
9244,DIGITALIFT Inc.,Services,1502550000.0,close_times_edinet_shares_outstanding,778849000.0,119385000.0,,,0.5183514691690793,book_equity_over_market_equity,0.07945492662473795,net_income_over_market_equity,0.5183514691690793,0.07945492662473795,True,True,B_price_times_shares,
9439,M・H・GROUP LTD.,Services,2839356600.0,close_times_edinet_shares_outstanding,505842000.0,18851000.0,,,0.17815374088622754,book_equity_over_market_equity,0.006639180157927327,net_income_over_market_equity,0.17815374088622754,0.006806227117135984,True,True,B_price_times_shares,
8104,KUWAZAWA Holdings Corporation,Wholesale Trade,9296553816.0,close_times_edinet_shares_outstanding,16088000000.0,749000000.0,,,1.730533735233314,book_equity_over_market_equity,0.08056748928951717,net_income_over_market_equity,1.730533735233314,0.08056748928951717,True,True,B_price_times_shares,
4040,"NANKAI CHEMICAL COMPANY,LIMITED",Chemicals,9005411250.0,close_times_edinet_shares_outstanding,8600000000.0,1051000000.0,,,0.9549813730050363,book_equity_over_market_equity,0.1167076073288713,net_income_over_market_equity,0.9549813730050363,0.1167076073288713,True,True,B_price_times_shares,
3474,"G-FACTORY CO.,LTD.",Real Estate,3511443000.0,close_times_edinet_shares_outstanding,2180723000.0,-260567000.0,,,0.6210332903025907,book_equity_over_market_equity,,missing,0.6210332903025907,,True,False,B_price_times_shares,net_income_nonpositive_or_missing
4370,Mobilus Corporation,Information & Communication,1841155070.0,close_times_edinet_shares_outstanding,1452846000.0,106402000.0,,,0.7890948588051304,book_equity_over_market_equity,0.05779089536439753,net_income_over_market_equity,0.7890948588051304,0.05779089536439753,True,True,B_price_times_shares,
5698,ENVIPRO HOLDINGS Inc.,Iron and Steel,24042625632.0,close_times_edinet_shares_outstanding,17309889000.0,1175558000.0,,,0.719966665244792,book_equity_over_market_equity,0.048894742945020456,net_income_over_market_equity,0.719966665244792,0.048894742945020456,True,True,B_price_times_shares,
3494,"Mullion Co.,Ltd.",Real Estate,2586375000.0,close_times_edinet_shares_outstanding,4768359000.0,459537000.0,,,1.8436456430332029,book_equity_over_market_equity,0.1776760910540815,net_income_over_market_equity,1.8436456430332029,0.1776760910540815,True,True,B_price_times_shares,
3653,"Morpho,Inc.",Information & Communication,3477155000.0,close_times_edinet_shares_outstanding,3619668000.0,-77574000.0,,,1.040985518333235,book_equity_over_market_equity,,missing,1.040985518333235,,True,False,B_price_times_shares,net_income_nonpositive_or_missing
3154,"MEDIUS HOLDINGS Co.,Ltd.",Wholesale Trade,18434735793.0,close_times_edinet_shares_outstanding,20478129000.0,1375426000.0,,,1.1108447243261232,book_equity_over_market_equity,0.07461056211731952,net_income_over_market_equity,1.1108447243261232,0.07461056211731952,True,True,B_price_times_shares,
3998,"SuRaLa Net Co.,Ltd.",Information & Communication,1962336604.0,close_times_edinet_shares_outstanding,2235347000.0,-9026000.0,,,1.1391251610164634,book_equity_over_market_equity,,missing,1.1391251610164634,,True,False,B_price_times_shares,net_income_nonpositive_or_missing
4704,Trend Micro Incorporated,Information & Communication,824411881472.0,raw_market_cap,131126000000.0,36854000000.0,7.219146,24.356861,0.15905399102918377,book_equity_over_market_equity,0.04470338289423561,net_income_over_market_equity,0.15905399102918377,0.04470338289423561,True,True,A_raw_market_cap,
9362,"HYOKI KAIUN KAISHA,LTD.",Warehousing and Harbor Transportation Service,4727755000.0,close_times_edinet_shares_outstanding,4853000000.0,435000000.0,,,1.0264914319798721,book_equity_over_market_equity,0.09200984399572312,net_income_over_market_equity,1.0264914319798721,0.09200984399572312,True,True,B_price_times_shares,
2607,"FUJI OIL CO.,LTD.",Foods,302895401877.0,close_times_edinet_shares_outstanding,214524000000.0,-29670000000.0,,,0.7082444918959651,book_equity_over_market_equity,,missing,0.7082444918959651,,True,False,B_price_times_shares,net_income_nonpositive_or_missing
7363,baby calendar Inc.,Services,1052034800.0,close_times_edinet_shares_outstanding,704584000.0,17186000.0,,,0.6697344992770201,book_equity_over_market_equity,0.01633596151001849,net_income_over_market_equity,0.6697344992770201,0.01633596151001849,True,True,B_price_times_shares,
7531,SEIWA CHUO HOLDINGS CORPORATION,Wholesale Trade,5311170000.0,close_times_edinet_shares_outstanding,16199563000.0,350905000.0,,,3.0500931056622176,book_equity_over_market_equity,0.06606924651253866,net_income_over_market_equity,3.0500931056622176,0.06606924651253866,True,True,B_price_times_shares,
3393,"Startia Holdings,Inc.",Wholesale Trade,30016998000.0,close_times_edinet_shares_outstanding,7649785000.0,1982536000.0,,,0.2548484362093771,book_equity_over_market_equity,0.06604711104021795,net_income_over_market_equity,0.2548484362093771,0.06604711104021795,True,True,B_price_times_shares,
4165,"PLAID,Inc.",Information & Communication,24787550564.0,close_times_edinet_shares_outstanding,5547991000.0,1540117000.0,,,0.22382167151511856,book_equity_over_market_equity,0.06213268213103624,net_income_over_market_equity,0.22382167151511856,0.06213268213103624,True,True,B_price_times_shares,
3562,"No.1 Co.,Ltd",Wholesale Trade,9629681400.0,close_times_edinet_shares_outstanding,4407403000.0,1029243000.0,,,0.4576893893914289,book_equity_over_market_equity,0.10688235230710748,net_income_over_market_equity,0.4576893893914289,0.10688235230710748,True,True,B_price_times_shares,
7033,"Management Solutions Co.,Ltd.",Services,21649331700.0,close_times_edinet_shares_outstanding,6431538000.0,1817790000.0,,,0.29707790009979845,book_equity_over_market_equity,0.08396517847246066,net_income_over_market_equity,0.29707790009979845,0.08396517847246066,True,True,B_price_times_shares,
9171,"Kuribayashi Steamship Co.,Ltd.",Marine Transportation,21823018000.0,close_times_edinet_shares_outstanding,33716917000.0,2335246000.0,,,1.545016230110794,book_equity_over_market_equity,0.10700838903216778,net_income_over_market_equity,1.545016230110794,0.10700838903216778,True,True,B_price_times_shares,
6047,Gunosy Inc.,Services,11435887624.0,close_times_edinet_shares_outstanding,11283000000.0,341000000.0,,,0.9866308913635055,book_equity_over_market_equity,0.029818411234153623,net_income_over_market_equity,0.9866308913635055,0.029818411234153623,True,True,B_price_times_shares,
8185,"CHIYODA CO.,LTD.",Retail Trade,32251736200.0,close_times_edinet_shares_outstanding,49964000000.0,237000000.0,,,1.5491879162772018,book_equity_over_market_equity,0.007348441601106734,net_income_over_market_equity,1.5491879162772018,0.007348441601106734,True,True,B_price_times_shares,
4937,Waqoo Inc.,Chemicals,5765044116.0,close_times_edinet_shares_outstanding,2466417000.0,-44929000.0,,,0.42782274521626573,book_equity_over_market_equity,,missing,0.42782274521626573,,True,False,B_price_times_shares,net_income_nonpositive_or_missing
9903,"KANSEKI CO.,LTD",Retail Trade,9320125000.0,close_times_edinet_shares_outstanding,6798064000.0,307585000.0,,,0.7293962259089872,book_equity_over_market_equity,0.03300223977682703,net_income_over_market_equity,0.7293962259089872,0.03300223977682703,True,True,B_price_times_shares,
6425,Universal Entertainment Corporation,Machinery,55328502600.0,close_times_edinet_shares_outstanding,183724000000.0,-231425000000.0,,,3.3206031496684676,book_equity_over_market_equity,,missing,3.3206031496684676,,True,False,B_price_times_shares,net_income_nonpositive_or_missing
3542,"Vega corporation Co.,Ltd.",Retail Trade,14151072000.0,close_times_edinet_shares_outstanding,5958842000.0,591669000.0,,,0.42108767448854756,book_equity_over_market_equity,0.04181089602257695,net_income_over_market_equity,0.42108767448854756,0.04181089602257695,True,True,B_price_times_shares,
9843,"Nitori Holdings Co.,Ltd.",Retail Trade,1430159753216.0,raw_market_cap,965352000000.0,-19050000000.0,1.4467114,16.029133,0.6749959211404273,book_equity_over_market_equity,,missing,0.6749959211404273,,True,False,A_raw_market_cap,net_income_nonpositive_or_missing
3559,p-ban.com Corp.,Wholesale Trade,1964861114.0,close_times_edinet_shares_outstanding,1378098000.0,112531000.0,,,0.7013717102856767,book_equity_over_market_equity,0.05727173243859108,net_income_over_market_equity,0.7013717102856767,0.05727173243859108,True,True,B_price_times_shares,
2708,"KUZE CO.,LTD.",Wholesale Trade,8466178410.0,close_times_edinet_shares_outstanding,7919000000.0,1754000000.0,,,0.9353689015868495,book_equity_over_market_equity,0.20717730185419042,net_income_over_market_equity,0.9353689015868495,0.20717730185419042,True,True,B_price_times_shares,
7851,"KAWASE COMPUTER SUPPLIES CO.,LTD.",Other Products,769717600.0,close_times_edinet_shares_outstanding,2389941000.0,100114000.0,,,3.1049582340328454,book_equity_over_market_equity,0.1300658839033952,net_income_over_market_equity,3.1049582340328454,0.1300658839033952,True,True,B_price_times_shares,
7957,"FUJICOPIAN CO.,LTD.",Other Products,2514918741.0,close_times_edinet_shares_outstanding,7968157000.0,-2701073000.0,,,3.1683556490702536,book_equity_over_market_equity,,missing,3.1683556490702536,,True,False,B_price_times_shares,net_income_nonpositive_or_missing
9159,W TOKYO Inc.,Services,5395455000.0,close_times_edinet_shares_outstanding,1571322000.0,173070000.0,,,0.2912306747067671,book_equity_over_market_equity,0.03207699814010125,net_income_over_market_equity,0.2912306747067671,0.03207699814010125,True,True,B_price_times_shares,
2652,MANDARAKE INC.,Retail Trade,11144086400.0,close_times_edinet_shares_outstanding,11822655000.0,1121645000.0,,,1.0608904647401154,book_equity_over_market_equity,0.10064934528863667,net_income_over_market_equity,1.0608904647401154,0.10064934528863667,True,True,B_price_times_shares,
3054,HYPER Inc.,Wholesale Trade,2297289500.0,close_times_edinet_shares_outstanding,3071565000.0,240626000.0,,,1.337038714537284,book_equity_over_market_equity,0.10474343786449204,net_income_over_market_equity,1.337038714537284,0.10474343786449204,True,True,B_price_times_shares,
3529,"ATSUGI CO.,LTD.",Textiles and Apparels,16370056696.0,close_times_edinet_shares_outstanding,31662000000.0,-376000000.0,,,1.934141132677724,book_equity_over_market_equity,,missing,1.934141132677724,,True,False,B_price_times_shares,net_income_nonpositive_or_missing
3696,CERES INC.,Information & Communication,21139448000.0,close_times_edinet_shares_outstanding,13964060000.0,3672324000.0,,,0.6605688095545352,book_equity_over_market_equity,0.17371901101674936,net_income_over_market_equity,0.6605688095545352,0.17371901101674936,True,True,B_price_times_shares,
8836,RISE Inc.,Real Estate,2304318648.0,close_times_edinet_shares_outstanding,1648000000.0,300000000.0,,,0.7151788670505087,book_equity_over_market_equity,0.13019032773977707,net_income_over_market_equity,0.7151788670505087,0.13019032773977707,True,True,B_price_times_shares,
5332,TOTO LTD.,Glass and Ceramics Products,1245762158592.0,raw_market_cap,530404000000.0,30490000000.0,2.3584318,31.229908,0.4257666652834273,book_equity_over_market_equity,0.024474976856305192,net_income_over_market_equity,0.4257666652834273,0.024474976856305192,True,True,A_raw_market_cap,
8946,ASIAN STAR CO.,Real Estate,1779375000.0,close_times_edinet_shares_outstanding,2353377000.0,122050000.0,,,1.322586301369863,book_equity_over_market_equity,0.06859149982437654,net_income_over_market_equity,1.322586301369863,0.06859149982437654,True,True,B_price_times_shares,
2130,"Members Co.,Ltd.",Services,14108971500.0,close_times_edinet_shares_outstanding,5923455000.0,420997000.0,,,0.4198360596305691,book_equity_over_market_equity,0.029838957432155845,net_income_over_market_equity,0.4198360596305691,0.029838957432155845,True,True,B_price_times_shares,
5950,"JAPAN POWER FASTENING CO.,LTD.",Metal Products,2127353460.0,close_times_edinet_shares_outstanding,2711234000.0,-33864000.0,,,1.2744633418839575,book_equity_over_market_equity,,missing,1.2744633418839575,,True,False,B_price_times_shares,net_income_nonpositive_or_missing
3374,Naigai Tec Corporation,Wholesale Trade,10531080980.0,close_times_edinet_shares_outstanding,11940228000.0,1049341000.0,,,1.1338083927638738,book_equity_over_market_equity,0.09964228762392444,net_income_over_market_equity,1.1338083927638738,0.09964228762392444,True,True,B_price_times_shares,
4814,Nextware Ltd.,Information & Communication,2134695696.0,close_times_edinet_shares_outstanding,1310965000.0,-105947000.0,,,0.6141226604131402,book_equity_over_market_equity,,missing,0.6141226604131402,,True,False,B_price_times_shares,net_income_nonpositive_or_missing
3465,"KI-STAR REAL ESTATE CO.,LTD",Real Estate,53458200000.0,close_times_edinet_shares_outstanding,68801000000.0,10384000000.0,,,1.287005548260136,book_equity_over_market_equity,0.19424522337078315,net_income_over_market_equity,1.287005548260136,0.19424522337078315,True,True,B_price_times_shares,
2215,"FIRST BAKING CO.,LTD.",Foods,4167886800.0,close_times_edinet_shares_outstanding,8555000000.0,320000000.0,,,2.0525989333491497,book_equity_over_market_equity,0.07677751708611665,net_income_over_market_equity,2.0525989333491497,0.07677751708611665,True,True,B_price_times_shares,
3907,Silicon Studio Corp.,Information & Communication,3609310000.0,close_times_edinet_shares_outstanding,2097000000.0,206000000.0,,,0.5809974759718617,book_equity_over_market_equity,0.05707462091092203,net_income_over_market_equity,0.5809974759718617,0.05707462091092203,True,True,B_price_times_shares,
5574,"ABEJA,Inc.",Information & Communication,22166880400.0,close_times_edinet_shares_outstanding,4471736000.0,448268000.0,,,0.2017305060210457,book_equity_over_market_equity,0.020222421554636077,net_income_over_market_equity,0.2017305060210457,0.020222421554636077,True,True,B_price_times_shares,
5527,property technologies Inc.,Real Estate,7335613917.0,close_times_edinet_shares_outstanding,8390994000.0,1082336000.0,,,1.1438707236969217,book_equity_over_market_equity,0.14754538778161816,net_income_over_market_equity,1.1438707236969217,0.14754538778161816,True,True,B_price_times_shares,
7952,"Kawai Musical Instruments Manufacturing Co.,Ltd.",Other Products,28078570000.0,close_times_edinet_shares_outstanding,44541000000.0,-540000000.0,,,1.5862987324496938,book_equity_over_market_equity,,missing,1.5862987324496938,,True,False,B_price_times_shares,net_income_nonpositive_or_missing
2440,"Gurunavi,Inc.",Services,6993897600.0,close_times_edinet_shares_outstanding,5548598000.0,291883000.0,,,0.793348475676853,book_equity_over_market_equity,0.041733953897180306,net_income_over_market_equity,0.793348475676853,0.041733953897180306,True,True,B_price_times_shares,
3900,CrowdWorks Inc.,Information & Communication,9777599862.0,close_times_edinet_shares_outstanding,6746063000.0,-396438000.0,,,0.6899508156616361,book_equity_over_market_equity,,missing,0.6899508156616361,,True,False,B_price_times_shares,net_income_nonpositive_or_missing
6181,Tameny Inc.,Services,1948316400.0,close_times_edinet_shares_outstanding,-845240000.0,-848709000.0,,,,missing,,missing,,,False,False,B_price_times_shares,book_equity_nonpositive_or_missing;net_income_nonpositive_or_missing
3841,Jedat Inc.,Information & Communication,4465304000.0,close_times_edinet_shares_outstanding,3594265000.0,213428000.0,,,0.8049317582856621,book_equity_over_market_equity,0.04779696970239876,net_income_over_market_equity,0.8049317582856621,0.04779696970239876,True,True,B_price_times_shares,
5591,AVILEN Inc.,Information & Communication,4959415048.0,close_times_edinet_shares_outstanding,726960000.0,174313000.0,,,0.14658180308848393,book_equity_over_market_equity,0.035147895127328736,net_income_over_market_equity,0.14658180308848393,0.035147895127328736,True,True,B_price_times_shares,
2678,ASKUL Corporation,Retail Trade,112885399200.0,close_times_edinet_shares_outstanding,81254000000.0,9439000000.0,,,0.7197919356784274,book_equity_over_market_equity,0.08361577375721412,net_income_over_market_equity,0.7197919356784274,0.08361577375721412,True,True,B_price_times_shares,
9262,"SILVER LIFE CO.,LTD.",Retail Trade,7940441600.0,close_times_edinet_shares_outstanding,6972111000.0,702580000.0,,,0.8780507875028009,book_equity_over_market_equity,0.08848122502405911,net_income_over_market_equity,0.8780507875028009,0.08848122502405911,True,True,B_price_times_shares,
7238,"AKEBONO BRAKE INDUSTRY CO.,LTD.",Transportation Equipment,32565614640.0,close_times_edinet_shares_outstanding,55945000000.0,-7549000000.0,,,1.7179162935645425,book_equity_over_market_equity,,missing,1.7179162935645425,,True,False,B_price_times_shares,net_income_nonpositive_or_missing
4175,coly Inc.,Information & Communication,11654930400.0,close_times_edinet_shares_outstanding,5426370000.0,72693000.0,,,0.46558579191515376,book_equity_over_market_equity,0.006237102883085428,net_income_over_market_equity,0.46558579191515376,0.006806227117135984,True,True,B_price_times_shares,
5888,"DAIWA CYCLE CO.,LTD.",Retail Trade,7586150000.0,close_times_edinet_shares_outstanding,6311257000.0,948553000.0,,,0.8319446623122401,book_equity_over_market_equity,0.1250374695992038,net_income_over_market_equity,0.8319446623122401,0.1250374695992038,True,True,B_price_times_shares,
2997,"STORAGE-OH Co.,Ltd.",Real Estate,1760825000.0,close_times_edinet_shares_outstanding,1239172000.0,117120000.0,,,0.703745119475246,book_equity_over_market_equity,0.06651427597858958,net_income_over_market_equity,0.703745119475246,0.06651427597858958,True,True,B_price_times_shares,
2681,GEO HOLDINGS CORPORATION,Retail Trade,81053386080.0,close_times_edinet_shares_outstanding,90469000000.0,4636000000.0,,,1.1161655838869797,book_equity_over_market_equity,0.057196870164366115,net_income_over_market_equity,1.1161655838869797,0.057196870164366115,True,True,B_price_times_shares,
5449,"OSAKA STEEL CO.,LTD.",Iron and Steel,90058987148.0,close_times_edinet_shares_outstanding,158211000000.0,3261000000.0,,,1.7567486045562695,book_equity_over_market_equity,0.036209601098899535,net_income_over_market_equity,1.7567486045562695,0.036209601098899535,True,True,B_price_times_shares,
2760,TOKYO ELECTRON DEVICE LIMITED,Wholesale Trade,130823625000.0,close_times_edinet_shares_outstanding,49004000000.0,8904000000.0,,,0.37458066155864433,book_equity_over_market_equity,0.06806110134924025,net_income_over_market_equity,0.37458066155864433,0.06806110134924025,True,True,B_price_times_shares,
7590,"TAKASHO CO.,LTD.",Wholesale Trade,6591678974.0,close_times_edinet_shares_outstanding,12873310000.0,203446000.0,,,1.9529637366711967,book_equity_over_market_equity,0.03086406373891472,net_income_over_market_equity,1.9529637366711967,0.03086406373891472,True,True,B_price_times_shares,
8912,Area Quest Inc.,Real Estate,2772463400.0,close_times_edinet_shares_outstanding,1396848000.0,112461000.0,,,0.5038291939219107,book_equity_over_market_equity,0.040563565239490625,net_income_over_market_equity,0.5038291939219107,0.040563565239490625,True,True,B_price_times_shares,
4395,Accrete Inc.,Information & Communication,6367464342.0,close_times_edinet_shares_outstanding,4086598000.0,398448000.0,,,0.6417936215275942,book_equity_over_market_equity,0.06257561544111431,net_income_over_market_equity,0.6417936215275942,0.06257561544111431,True,True,B_price_times_shares,
6324,Harmonic Drive Systems Inc.,Machinery,736507658240.0,raw_market_cap,78943066000.0,4174821000.0,9.161704,453.37994,0.10718566890213575,book_equity_over_market_equity,0.005668401344225512,net_income_over_market_equity,0.10718566890213575,0.006806227117135984,True,True,A_raw_market_cap,
3266,"Fund Creation Group Co.,Ltd.",Real Estate,3010581680.0,close_times_edinet_shares_outstanding,3311000000.0,332000000.0,,,1.0997874669854497,book_equity_over_market_equity,0.11027769224982463,net_income_over_market_equity,1.0997874669854497,0.11027769224982463,True,True,B_price_times_shares,
2764,Hiramatsu Inc.,Retail Trade,9672419200.0,close_times_edinet_shares_outstanding,7645077000.0,1530727000.0,,,0.7903996758122311,book_equity_over_market_equity,0.15825689192627218,net_income_over_market_equity,0.7903996758122311,0.15825689192627218,True,True,B_price_times_shares,
7879,NODA CORPORATION,Other Products,10254483500.0,close_times_edinet_shares_outstanding,39550422000.0,-829234000.0,,,3.8568906956649744,book_equity_over_market_equity,,missing,3.8568906956649744,,True,False,B_price_times_shares,net_income_nonpositive_or_missing
3461,"Palma Co.,Ltd.",Real Estate,3835862163.0,close_times_edinet_shares_outstanding,2420754000.0,122479000.0,,,0.6310847202358142,book_equity_over_market_equity,0.031929979440191894,net_income_over_market_equity,0.6310847202358142,0.031929979440191894,True,True,B_price_times_shares,
9914,"Uematsu Shokai Co.,Ltd.",Wholesale Trade,1578508800.0,close_times_edinet_shares_outstanding,3086668000.0,86197000.0,,,1.9554328743685179,book_equity_over_market_equity,0.054606600862788984,net_income_over_market_equity,1.9554328743685179,0.054606600862788984,True,True,B_price_times_shares,
5707,"Toho Zinc Co.,Ltd.",Nonferrous Metals,13279108938.0,close_times_edinet_shares_outstanding,-33484000000.0,-3466000000.0,,,,missing,,missing,,,False,False,B_price_times_shares,book_equity_nonpositive_or_missing;net_income_nonpositive_or_missing
9556,INTLOOP Inc.,Services,16789544420.0,close_times_edinet_shares_outstanding,6602909000.0,1517864000.0,,,0.39327505469025703,book_equity_over_market_equity,0.09040531190303733,net_income_over_market_equity,0.39327505469025703,0.09040531190303733,True,True,B_price_times_shares,
2931,"Euglena Co.,Ltd.",Foods,49713055392.0,close_times_edinet_shares_outstanding,30196000000.0,-1551000000.0,,,0.6074058365935651,book_equity_over_market_equity,,missing,0.6074058365935651,,True,False,B_price_times_shares,net_income_nonpositive_or_missing
7351,Goodpatch Inc.,Services,4637658420.0,close_times_edinet_shares_outstanding,4217651000.0,407051000.0,,,0.9094354560075599,book_equity_over_market_equity,0.08777080223170036,net_income_over_market_equity,0.9094354560075599,0.08777080223170036,True,True,B_price_times_shares,
3415,"TOKYO BASE Co.,Ltd.",Retail Trade,15209980772.0,close_times_edinet_shares_outstanding,6404250000.0,1232917000.0,,,0.42105575910980514,book_equity_over_market_equity,0.08105973429431762,net_income_over_market_equity,0.42105575910980514,0.08105973429431762,True,True,B_price_times_shares,
4487,"Spacemarket,Inc.",Information & Communication,2783690000.0,close_times_edinet_shares_outstanding,1010438000.0,215196000.0,,,0.36298510250782234,book_equity_over_market_equity,0.07730602186306665,net_income_over_market_equity,0.36298510250782234,0.07730602186306665,True,True,B_price_times_shares,
4017,CREEMA LTD.,Information & Communication,1463035700.0,close_times_edinet_shares_outstanding,1962825000.0,37201000.0,,,1.3416111445537522,book_equity_over_market_equity,0.02542726742758225,net_income_over_market_equity,1.3416111445537522,0.02542726742758225,True,True,B_price_times_shares,
4444,infoNet inc.,Information & Communication,1750914594.0,close_times_edinet_shares_outstanding,1198130000.0,125258000.0,,,0.684288088125902,book_equity_over_market_equity,0.07153861212261961,net_income_over_market_equity,0.684288088125902,0.07153861212261961,True,True,B_price_times_shares,
4167,Kokopelli Inc.,Information & Communication,2168288980.0,close_times_edinet_shares_outstanding,2046500000.0,151534000.0,,,0.943831758071288,book_equity_over_market_equity,0.06988644105916177,net_income_over_market_equity,0.943831758071288,0.06988644105916177,True,True,B_price_times_shares,
7362,Terminalcare Support Institute Inc.,Services,1277388000.0,close_times_edinet_shares_outstanding,1414813000.0,81970000.0,,,1.107582817436832,book_equity_over_market_equity,0.06417000942548388,net_income_over_market_equity,1.107582817436832,0.06417000942548388,True,True,B_price_times_shares,
4375,Safie Inc.,Information & Communication,39377966355.0,close_times_edinet_shares_outstanding,9224521000.0,437887000.0,,,0.23425590130376858,book_equity_over_market_equity,0.011120101938540041,net_income_over_market_equity,0.23425590130376858,0.011120101938540041,True,True,B_price_times_shares,
7048,VELTRA Corporation,Services,4868249540.0,close_times_edinet_shares_outstanding,3297716000.0,283591000.0,,,0.6773925561753352,book_equity_over_market_equity,0.05825317656169285,net_income_over_market_equity,0.6773925561753352,0.05825317656169285,True,True,B_price_times_shares,
4434,"Serverworks Co.,Ltd.",Information & Communication,15602550744.0,close_times_edinet_shares_outstanding,10466943000.0,-600957000.0,,,0.6708481947430992,book_equity_over_market_equity,,missing,0.6708481947430992,,True,False,B_price_times_shares,net_income_nonpositive_or_missing
3416,PIXTA Inc.,Retail Trade,1421912800.0,close_times_edinet_shares_outstanding,1205889000.0,98424000.0,,,0.848075212488417,book_equity_over_market_equity,0.06921943455322999,net_income_over_market_equity,0.848075212488417,0.06921943455322999,True,True,B_price_times_shares,
6557,AIAI Group Corporation,Services,4166246384.0,close_times_edinet_shares_outstanding,2817837000.0,421875000.0,,,0.6763491018729919,book_equity_over_market_equity,0.10126021389905393,net_income_over_market_equity,0.6763491018729919,0.10126021389905393,True,True,B_price_times_shares,
9274,"KPP GROUP HOLDINGS CO.,LTD.",Wholesale Trade,65361444048.0,close_times_edinet_shares_outstanding,86216000000.0,7992000000.0,,,1.3190651041412866,book_equity_over_market_equity,0.12227392029666376,net_income_over_market_equity,1.3190651041412866,0.12227392029666376,True,True,B_price_times_shares,
7071,"Amvis Holdings,Inc.",Services,35404805700.0,close_times_edinet_shares_outstanding,36145000000.0,3660000000.0,,,1.0209066053425624,book_equity_over_market_equity,0.10337579680602513,net_income_over_market_equity,1.0209066053425624,0.10337579680602513,True,True,B_price_times_shares,
9090,AZ-COM MARUWA Holdings Inc.,Land Transportation,105483783600.0,close_times_edinet_shares_outstanding,60440000000.0,7634000000.0,,,0.5729790678460267,book_equity_over_market_equity,0.07237131376466856,net_income_over_market_equity,0.5729790678460267,0.07237131376466856,True,True,B_price_times_shares,
7353,"KIYO Learning Co.,Ltd.",Services,3880985000.0,close_times_edinet_shares_outstanding,1601508000.0,294136000.0,,,0.41265503473989207,book_equity_over_market_equity,0.0757890071721483,net_income_over_market_equity,0.41265503473989207,0.0757890071721483,True,True,B_price_times_shares,
6552,"GameWith,Inc.",Services,3265618400.0,close_times_edinet_shares_outstanding,2675487000.0,-302537000.0,,,0.8192895409947469,book_equity_over_market_equity,,missing,0.8192895409947469,,True,False,B_price_times_shares,net_income_nonpositive_or_missing
2813,"Wakou Shokuhin Co.,Ltd.",Foods,9720192300.0,close_times_edinet_shares_outstanding,8553965000.0,1208405000.0,,,0.8800201411653142,book_equity_over_market_equity,0.12431904253581486,net_income_over_market_equity,0.8800201411653142,0.12431904253581486,True,True,B_price_times_shares,
1518,"MITSUI MATSUSHIMA HOLDINGS CO.,LTD.",Other Products,15690764300.0,close_times_edinet_shares_outstanding,65481000000.0,8711000000.0,,,4.173219273964876,book_equity_over_market_equity,0.5551673477116726,net_income_over_market_equity,4.173219273964876,0.4713793788347592,True,True,B_price_times_shares,
7130,"YAMAE GROUP HOLDINGS CO.,LTD.",Wholesale Trade,79990237020.0,close_times_edinet_shares_outstanding,91654000000.0,9145000000.0,,,1.1458148320911177,book_equity_over_market_equity,0.11432645208581481,net_income_over_market_equity,1.1458148320911177,0.11432645208581481,True,True,B_price_times_shares,
7369,"Meiho Holdings,Inc.",Services,2230742500.0,close_times_edinet_shares_outstanding,2233811000.0,217734000.0,,,1.001375550965654,book_equity_over_market_equity,0.09760606614165462,net_income_over_market_equity,1.001375550965654,0.09760606614165462,True,True,B_price_times_shares,
4270,BeeX Inc.,Information & Communication,4590816000.0,close_times_edinet_shares_outstanding,3095453000.0,454338000.0,,,0.6742707614506877,book_equity_over_market_equity,0.09896671964199828,net_income_over_market_equity,0.6742707614506877,0.09896671964199828,True,True,B_price_times_shares,
4020,BETREND CORPORATION,Information & Communication,1493474400.0,close_times_edinet_shares_outstanding,779671000.0,-101404000.0,,,0.5220518008209581,book_equity_over_market_equity,,missing,0.5220518008209581,,True,False,B_price_times_shares,net_income_nonpositive_or_missing
3976,SHANON Inc.,Information & Communication,2749664000.0,close_times_edinet_shares_outstanding,1084365000.0,-27673000.0,,,0.3943627294098479,book_equity_over_market_equity,,missing,0.3943627294098479,,True,False,B_price_times_shares,net_income_nonpositive_or_missing
7214,GMB CORPORATION,Transportation Equipment,4989981540.0,close_times_edinet_shares_outstanding,33980439000.0,1256646000.0,,,6.809732406344733,book_equity_over_market_equity,0.2518337973651101,net_income_over_market_equity,4.561669803968577,0.2518337973651101,True,True,B_price_times_shares,
7376,"BCC Co.,Ltd.",Services,1834629660.0,close_times_edinet_shares_outstanding,568695000.0,-73653000.0,,,0.30997809116418623,book_equity_over_market_equity,,missing,0.30997809116418623,,True,False,B_price_times_shares,net_income_nonpositive_or_missing
5250,"GMO PRIME STRATEGY CO.,LTD.",Information & Communication,4214400000.0,close_times_edinet_shares_outstanding,1422395000.0,107750000.0,,,0.3375083048595292,book_equity_over_market_equity,0.025567103264996203,net_income_over_market_equity,0.3375083048595292,0.025567103264996203,True,True,B_price_times_shares,
9818,"DAIMARU ENAWIN Co.,Ltd.",Wholesale Trade,13871403600.0,close_times_edinet_shares_outstanding,14909898000.0,888729000.0,,,1.074865848471167,book_equity_over_market_equity,0.06406914726351125,net_income_over_market_equity,1.074865848471167,0.06406914726351125,True,True,B_price_times_shares,
3069,JFLA Holdings Inc.,Foods,7330706920.0,close_times_edinet_shares_outstanding,10861441000.0,682399000.0,,,1.4816362348857892,book_equity_over_market_equity,0.09308774821405628,net_income_over_market_equity,1.4816362348857892,0.09308774821405628,True,True,B_price_times_shares,
5491,"NIPPON KINZOKU CO.,LTD.",Iron and Steel,6058160500.0,close_times_edinet_shares_outstanding,27856000000.0,703000000.0,,,4.598095411965398,book_equity_over_market_equity,0.11604182490708194,net_income_over_market_equity,4.561669803968577,0.11604182490708194,True,True,B_price_times_shares,
9972,"ALTECH CO.,LTD.",Wholesale Trade,3662660400.0,close_times_edinet_shares_outstanding,8470134000.0,-2594639000.0,,,2.312563294156346,book_equity_over_market_equity,,missing,2.312563294156346,,True,False,B_price_times_shares,net_income_nonpositive_or_missing
6069,"Trenders,Inc.",Services,4864710600.0,close_times_edinet_shares_outstanding,4516212000.0,600742000.0,,,0.9283619050226749,book_equity_over_market_equity,0.12348977141620716,net_income_over_market_equity,0.9283619050226749,0.12348977141620716,True,True,B_price_times_shares,
3807,FISCO Ltd.,Information & Communication,4535835678.0,close_times_edinet_shares_outstanding,1131691000.0,-8292000.0,,,0.24949999963380506,book_equity_over_market_equity,,missing,0.24949999963380506,,True,False,B_price_times_shares,net_income_nonpositive_or_missing
8869,Meiwa Estate Company Limited,Real Estate,18312641204.0,close_times_edinet_shares_outstanding,33979000000.0,2897000000.0,,,1.8554942250808706,book_equity_over_market_equity,0.15819673239528184,net_income_over_market_equity,1.8554942250808706,0.15819673239528184,True,True,B_price_times_shares,
4579,RaQualia Pharma Inc.,Pharmaceutical,13034503473.0,close_times_edinet_shares_outstanding,7418274000.0,498826000.0,,,0.5691259368158058,book_equity_over_market_equity,0.03826965875863862,net_income_over_market_equity,0.5691259368158058,0.03826965875863862,True,True,B_price_times_shares,
6577,"Bestone.Com Co.,Ltd",Services,2949276800.0,close_times_edinet_shares_outstanding,1151860000.0,9518000.0,,,0.3905567629325264,book_equity_over_market_equity,0.003227231842057009,net_income_over_market_equity,0.3905567629325264,0.006806227117135984,True,True,B_price_times_shares,
7990,"GLOBERIDE,Inc.",Other Products,59977518300.0,close_times_edinet_shares_outstanding,61268000000.0,4802000000.0,,,1.0215160903047902,book_equity_over_market_equity,0.08006333266376578,net_income_over_market_equity,1.0215160903047902,0.08006333266376578,True,True,B_price_times_shares,
7427,"ECHO TRADING CO.,LTD.",Wholesale Trade,4985970766.0,close_times_edinet_shares_outstanding,12178415000.0,778311000.0,,,2.442536382893826,book_equity_over_market_equity,0.15610019322764718,net_income_over_market_equity,2.442536382893826,0.15610019322764718,True,True,B_price_times_shares,
5891,"Kairikiya Co.,Ltd.",Retail Trade,8776100000.0,close_times_edinet_shares_outstanding,5349047000.0,492266000.0,,,0.6095016009389136,book_equity_over_market_equity,0.056091658025774545,net_income_over_market_equity,0.6095016009389136,0.056091658025774545,True,True,B_price_times_shares,
1419,"Tama Home Co.,Ltd.",Construction,84500894500.0,close_times_edinet_shares_outstanding,34368000000.0,1488000000.0,,,0.4067175880605619,book_equity_over_market_equity,0.01760928104731483,net_income_over_market_equity,0.4067175880605619,0.01760928104731483,True,True,B_price_times_shares,
9557,"airCloset,Inc.",Services,1257982400.0,close_times_edinet_shares_outstanding,868261000.0,23541000.0,,,0.6902012301602948,book_equity_over_market_equity,0.018713298373649743,net_income_over_market_equity,0.6902012301602948,0.018713298373649743,True,True,B_price_times_shares,
3180,BEAUTY GARAGE Inc.,Wholesale Trade,17437158700.0,close_times_edinet_shares_outstanding,7865679000.0,1065890000.0,,,0.4510871946127324,book_equity_over_market_equity,0.06112750467769729,net_income_over_market_equity,0.4510871946127324,0.06112750467769729,True,True,B_price_times_shares,
4772,"SM ENTERTAINMENT JAPAN Co.,Ltd.",Information & Communication,8923909687.0,close_times_edinet_shares_outstanding,7922064000.0,377798000.0,,,0.8877346676357057,book_equity_over_market_equity,0.04233547999150655,net_income_over_market_equity,0.8877346676357057,0.04233547999150655,True,True,B_price_times_shares,
9268,OPTIMUS GROUP COMPANY LIMITED,Wholesale Trade,26827641960.0,close_times_edinet_shares_outstanding,25463000000.0,803000000.0,,,0.949132988950923,book_equity_over_market_equity,0.029931814402371724,net_income_over_market_equity,0.949132988950923,0.029931814402371724,True,True,B_price_times_shares,
6094,"FreakOut Holdings,inc.",Services,10912457072.0,close_times_edinet_shares_outstanding,12143118000.0,-657921000.0,,,1.1127757864136503,book_equity_over_market_equity,,missing,1.1127757864136503,,True,False,B_price_times_shares,net_income_nonpositive_or_missing
4885,MUROMACHI CHEMICALS INC.,Pharmaceutical,4015610800.0,close_times_edinet_shares_outstanding,2451781000.0,241277000.0,,,0.6105624080899473,book_equity_over_market_equity,0.06008475721800529,net_income_over_market_equity,0.6105624080899473,0.06008475721800529,True,True,B_price_times_shares,
7366,LITALICO Inc.,Services,57466554320.0,close_times_edinet_shares_outstanding,11180000000.0,1504000000.0,,,0.19454794414407828,book_equity_over_market_equity,0.026171744900956504,net_income_over_market_equity,0.19454794414407828,0.026171744900956504,True,True,B_price_times_shares,
5258,Transaction Media Networks Inc.,Information & Communication,12688084500.0,close_times_edinet_shares_outstanding,10232204000.0,-682434000.0,,,0.8064419810571092,book_equity_over_market_equity,,missing,0.8064419810571092,,True,False,B_price_times_shares,net_income_nonpositive_or_missing
2590,"DyDo GROUP HOLDINGS,INC.",Foods,81799788000.0,close_times_edinet_shares_outstanding,64895000000.0,-31330000000.0,,,0.7933394644005679,book_equity_over_market_equity,,missing,0.7933394644005679,,True,False,B_price_times_shares,net_income_nonpositive_or_missing
4443,"Sansan,Inc.",Information & Communication,223100327780.0,close_times_edinet_shares_outstanding,16524000000.0,620000000.0,,,0.07406533268877298,book_equity_over_market_equity,0.0027790187767513463,net_income_over_market_equity,0.09741440959758958,0.006806227117135984,True,True,B_price_times_shares,
7793,IMAGE MAGIC Inc.,Other Products,3730668975.0,close_times_edinet_shares_outstanding,2055875000.0,329881000.0,,,0.551074087188344,book_equity_over_market_equity,0.0884240875324512,net_income_over_market_equity,0.551074087188344,0.0884240875324512,True,True,B_price_times_shares,
2686,"GFOOT CO.,LTD.",Retail Trade,12600305600.0,close_times_edinet_shares_outstanding,-26835000000.0,-3262000000.0,,,,missing,,missing,,,False,False,B_price_times_shares,book_equity_nonpositive_or_missing;net_income_nonpositive_or_missing
2156,SAYLOR ADVERTISING INC.,Services,1217712000.0,close_times_edinet_shares_outstanding,2037804000.0,27262000.0,,,1.6734695888683038,book_equity_over_market_equity,0.022387888104904937,net_income_over_market_equity,1.6734695888683038,0.022387888104904937,True,True,B_price_times_shares,
5885,"GDEP ADVANCE,Inc.",Wholesale Trade,15651702000.0,close_times_edinet_shares_outstanding,2851916000.0,536804000.0,,,0.18221123811327355,book_equity_over_market_equity,0.03429684516099271,net_income_over_market_equity,0.18221123811327355,0.03429684516099271,True,True,B_price_times_shares,
6982,"The Lead Co.,Inc.",Transportation Equipment,1506171040.0,close_times_edinet_shares_outstanding,2600030000.0,-104999000.0,,,1.7262514886755491,book_equity_over_market_equity,,missing,1.7262514886755491,,True,False,B_price_times_shares,net_income_nonpositive_or_missing
4176,coconala Inc.,Information & Communication,5644625000.0,close_times_edinet_shares_outstanding,2587846000.0,431044000.0,,,0.4584619881745909,book_equity_over_market_equity,0.07636362025821024,net_income_over_market_equity,0.4584619881745909,0.07636362025821024,True,True,B_price_times_shares,
2693,YKT CORPORATION,Wholesale Trade,4724732760.0,close_times_edinet_shares_outstanding,7972040000.0,55758000.0,,,1.6872996643306446,book_equity_over_market_equity,0.011801302387312166,net_income_over_market_equity,1.6872996643306446,0.011801302387312166,True,True,B_price_times_shares,
2195,"AMITA HOLDINGS CO.,LTD.",Services,6564657440.0,close_times_edinet_shares_outstanding,3003201000.0,826420000.0,,,0.457480230682075,book_equity_over_market_equity,0.12588928021810075,net_income_over_market_equity,0.457480230682075,0.12588928021810075,True,True,B_price_times_shares,
8165,"SENSHUKAI CO.,LTD.",Retail Trade,5519590774.0,close_times_edinet_shares_outstanding,30084000000.0,4314000000.0,,,5.450404066495383,book_equity_over_market_equity,0.7815796816534065,net_income_over_market_equity,4.561669803968577,0.4713793788347592,True,True,B_price_times_shares,
9553,"MicroAd,Inc.",Services,15804054012.0,close_times_edinet_shares_outstanding,3897029000.0,595727000.0,,,0.24658413575662233,book_equity_over_market_equity,0.03769456871937195,net_income_over_market_equity,0.24658413575662233,0.03769456871937195,True,True,B_price_times_shares,
3175,"AP HOLDINGS CO.,LTD.",Retail Trade,11704942950.0,close_times_edinet_shares_outstanding,383471000.0,-353980000.0,,,0.032761458269217794,book_equity_over_market_equity,,missing,0.09741440959758958,,True,False,B_price_times_shares,net_income_nonpositive_or_missing
9363,"DAIUN CO.,LTD.",Warehousing and Harbor Transportation Service,2556075953.0,close_times_edinet_shares_outstanding,3467838000.0,269543000.0,,,1.356703816226544,book_equity_over_market_equity,0.1054518742620478,net_income_over_market_equity,1.356703816226544,0.1054518742620478,True,True,B_price_times_shares,
5586,Laboro.AI Inc.,Information & Communication,13217889440.0,close_times_edinet_shares_outstanding,2601288000.0,200142000.0,,,0.196800556685546,book_equity_over_market_equity,0.015141751707676562,net_income_over_market_equity,0.196800556685546,0.015141751707676562,True,True,B_price_times_shares,
4488,AI inside Inc.,Information & Communication,8168168450.0,close_times_edinet_shares_outstanding,4534800000.0,-497022000.0,,,0.5551795396677942,book_equity_over_market_equity,,missing,0.5551795396677942,,True,False,B_price_times_shares,net_income_nonpositive_or_missing
4978,ReproCELL Incorporated,Chemicals,12119768448.0,close_times_edinet_shares_outstanding,8991188000.0,-305649000.0,,,0.7418613679441807,book_equity_over_market_equity,,missing,0.7418613679441807,,True,False,B_price_times_shares,net_income_nonpositive_or_missing
2168,Pasona Group Inc.,Services,59761023200.0,close_times_edinet_shares_outstanding,141134000000.0,-13099000000.0,,,2.3616396179776253,book_equity_over_market_equity,,missing,2.3616396179776253,,True,False,B_price_times_shares,net_income_nonpositive_or_missing
7135,"JAPAN CRAFT HOLDINGS CO.,LTD.",Retail Trade,7986646920.0,close_times_edinet_shares_outstanding,4021657000.0,-257983000.0,,,0.5035476139466047,book_equity_over_market_equity,,missing,0.5035476139466047,,True,False,B_price_times_shares,net_income_nonpositive_or_missing
5704,JMC Corporation,Nonferrous Metals,2238141100.0,close_times_edinet_shares_outstanding,1647455000.0,-1263645000.0,,,0.7360818314805979,book_equity_over_market_equity,,missing,0.7360818314805979,,True,False,B_price_times_shares,net_income_nonpositive_or_missing
4331,"TAKE AND GIVE. NEEDS Co.,Ltd.",Services,9885709710.0,close_times_edinet_shares_outstanding,17766000000.0,-510000000.0,,,1.7971395601500015,book_equity_over_market_equity,,missing,1.7971395601500015,,True,False,B_price_times_shares,net_income_nonpositive_or_missing
5025,MERCURY Inc.,Information & Communication,1799175600.0,close_times_edinet_shares_outstanding,1112053000.0,162305000.0,,,0.6180903075830952,book_equity_over_market_equity,0.09021076097297007,net_income_over_market_equity,0.6180903075830952,0.09021076097297007,True,True,B_price_times_shares,
4760,"ALPHA CO.,LTD.",Services,1308983632.0,close_times_edinet_shares_outstanding,1523098000.0,129954000.0,,,1.1635729911097925,book_equity_over_market_equity,0.09927855232341057,net_income_over_market_equity,1.1635729911097925,0.09927855232341057,True,True,B_price_times_shares,
7997,Kurogane Kosakusho Ltd.,Other Products,1629151888.0,close_times_edinet_shares_outstanding,4851185000.0,403095000.0,,,2.9777364748694324,book_equity_over_market_equity,0.24742628539985462,net_income_over_market_equity,2.9777364748694324,0.24742628539985462,True,True,B_price_times_shares,
2700,"KITOKU SHINRYO CO.,LTD.",Wholesale Trade,14230764000.0,close_times_edinet_shares_outstanding,21034615000.0,5587404000.0,,,1.4781086243858728,book_equity_over_market_equity,0.3926285335067042,net_income_over_market_equity,1.4781086243858728,0.3926285335067042,True,True,B_price_times_shares,
3557,UNITED&COLLECTIVE CO.LTD.,Retail Trade,2685176400.0,close_times_edinet_shares_outstanding,714926000.0,-227518000.0,,,0.26624917454212693,book_equity_over_market_equity,,missing,0.26624917454212693,,True,False,B_price_times_shares,net_income_nonpositive_or_missing
7044,PIALA INC.,Services,3749596200.0,close_times_edinet_shares_outstanding,844652000.0,228159000.0,,,0.22526478984590395,book_equity_over_market_equity,0.06084895221517453,net_income_over_market_equity,0.22526478984590395,0.06084895221517453,True,True,B_price_times_shares,
3985,TEMONA.inc.,Information & Communication,2001671000.0,close_times_edinet_shares_outstanding,855046000.0,85363000.0,,,0.42716610272117644,book_equity_over_market_equity,0.042645869376136236,net_income_over_market_equity,0.42716610272117644,0.042645869376136236,True,True,B_price_times_shares,
6993,"Daikokuya Holdings Co.,Ltd.",Retail Trade,17511894494.0,close_times_edinet_shares_outstanding,-5581719000.0,-1002747000.0,,,,missing,,missing,,,False,False,B_price_times_shares,book_equity_nonpositive_or_missing;net_income_nonpositive_or_missing
2791,"DAIKOKUTENBUSSAN CO.,LTD.",Retail Trade,56226534000.0,close_times_edinet_shares_outstanding,61064000000.0,6778000000.0,,,1.086035287183094,book_equity_over_market_equity,0.1205480672168055,net_income_over_market_equity,1.086035287183094,0.1205480672168055,True,True,B_price_times_shares,
8139,NAGAHORI CORPORATION,Wholesale Trade,36252119664.0,close_times_edinet_shares_outstanding,13415899000.0,406380000.0,,,0.3700721261086037,book_equity_over_market_equity,0.011209827280901143,net_income_over_market_equity,0.3700721261086037,0.011209827280901143,True,True,B_price_times_shares,
6029,Artra Group Corporation,Services,2073893600.0,close_times_edinet_shares_outstanding,1726670000.0,258292000.0,,,0.8325740529793814,book_equity_over_market_equity,0.12454448000611025,net_income_over_market_equity,0.8325740529793814,0.12454448000611025,True,True,B_price_times_shares,
8260,"IZUTSUYA CO.,LTD.",Retail Trade,4345663270.0,close_times_edinet_shares_outstanding,12207000000.0,491000000.0,,,2.8090073347997806,book_equity_over_market_equity,0.112986204750282,net_income_over_market_equity,2.8090073347997806,0.112986204750282,True,True,B_price_times_shares,
3994,"Money Forward,Inc.",Information & Communication,247303997130.0,close_times_edinet_shares_outstanding,55865356000.0,-2870532000.0,,,0.22589750529035454,book_equity_over_market_equity,,missing,0.22589750529035454,,True,False,B_price_times_shares,net_income_nonpositive_or_missing
3657,"Pole To Win Holdings,Inc.",Information & Communication,10608090000.0,close_times_edinet_shares_outstanding,8422931000.0,-3482603000.0,,,0.7940101375459673,book_equity_over_market_equity,,missing,0.7940101375459673,,True,False,B_price_times_shares,net_income_nonpositive_or_missing
2342,TRANSGENIC GROUP INC.,Services,3996777840.0,close_times_edinet_shares_outstanding,4856181000.0,-1153483000.0,,,1.215024000433309,book_equity_over_market_equity,,missing,1.215024000433309,,True,False,B_price_times_shares,net_income_nonpositive_or_missing
3286,TRUST Holdings Inc.,Real Estate,4322644200.0,close_times_edinet_shares_outstanding,1429232000.0,345951000.0,,,0.3306383625096879,book_equity_over_market_equity,0.08003226358533048,net_income_over_market_equity,0.3306383625096879,0.08003226358533048,True,True,B_price_times_shares,
7602,"Ledax Co.,Ltd.",Wholesale Trade,3295991931.0,close_times_edinet_shares_outstanding,4858033000.0,-187403000.0,,,1.4739213874610666,book_equity_over_market_equity,,missing,1.4739213874610666,,True,False,B_price_times_shares,net_income_nonpositive_or_missing
3880,Daio Paper Corporation,Pulp and Paper,156732578310.0,close_times_edinet_shares_outstanding,249713000000.0,-32663000000.0,,,1.59324246874887,book_equity_over_market_equity,,missing,1.59324246874887,,True,False,B_price_times_shares,net_income_nonpositive_or_missing
5031,Moi Corporation,Information & Communication,7122660000.0,close_times_edinet_shares_outstanding,1973595000.0,101687000.0,,,0.2770867906091264,book_equity_over_market_equity,0.014276548368165826,net_income_over_market_equity,0.2770867906091264,0.014276548368165826,True,True,B_price_times_shares,
4934,"Premier Anti-Aging Co.,Ltd.",Chemicals,5363066910.0,close_times_edinet_shares_outstanding,6610000000.0,471000000.0,,,1.2325037354419284,book_equity_over_market_equity,0.08782288341802545,net_income_over_market_equity,1.2325037354419284,0.08782288341802545,True,True,B_price_times_shares,
2937,"St.Cousair CO.,LTD.",Foods,15768689600.0,close_times_edinet_shares_outstanding,4961173000.0,479715000.0,,,0.3146217679368868,book_equity_over_market_equity,0.030421995243028944,net_income_over_market_equity,0.3146217679368868,0.030421995243028944,True,True,B_price_times_shares,
9264,"Puequ CO.,LTD.",Wholesale Trade,7230512148.0,close_times_edinet_shares_outstanding,4255771000.0,609956000.0,,,0.5885850010192113,book_equity_over_market_equity,0.0843586163075208,net_income_over_market_equity,0.5885850010192113,0.0843586163075208,True,True,B_price_times_shares,
4100,TODA KOGYO CORP.,Chemicals,11233050356.0,close_times_edinet_shares_outstanding,11777000000.0,-3563000000.0,,,1.0484240368164517,book_equity_over_market_equity,,missing,1.0484240368164517,,True,False,B_price_times_shares,net_income_nonpositive_or_missing
7868,"KOSAIDO Holdings Co.,Ltd.",Other Products,88737433060.0,close_times_edinet_shares_outstanding,47940000000.0,4531000000.0,,,0.5402455124838383,book_equity_over_market_equity,0.05106075129462394,net_income_over_market_equity,0.5402455124838383,0.05106075129462394,True,True,B_price_times_shares,
4053,Sun* Inc.,Information & Communication,17231596000.0,close_times_edinet_shares_outstanding,10662000000.0,-556000000.0,,,0.6187470969026897,book_equity_over_market_equity,,missing,0.6187470969026897,,True,False,B_price_times_shares,net_income_nonpositive_or_missing
9240,Delivery Consulting Inc.,Services,2161331200.0,close_times_edinet_shares_outstanding,1121847000.0,44461000.0,,,0.5190537202257571,book_equity_over_market_equity,0.0205711183922205,net_income_over_market_equity,0.5190537202257571,0.0205711183922205,True,True,B_price_times_shares,
3772,"Wealth Management,Inc.",Real Estate,20406030400.0,close_times_edinet_shares_outstanding,19398994000.0,1102812000.0,,,0.9506500588179071,book_equity_over_market_equity,0.054043436101124304,net_income_over_market_equity,0.9506500588179071,0.054043436101124304,True,True,B_price_times_shares,
3865,Hokuetsu Corporation,Pulp and Paper,152716771670.0,close_times_edinet_shares_outstanding,265870000000.0,15676000000.0,,,1.7409351775357629,book_equity_over_market_equity,0.1026475339190229,net_income_over_market_equity,1.7409351775357629,0.1026475339190229,True,True,B_price_times_shares,
4478,freee K.K.,Information & Communication,132282696078.0,close_times_edinet_shares_outstanding,27043623000.0,1440766000.0,,,0.2044380996290991,book_equity_over_market_equity,0.010891568154541223,net_income_over_market_equity,0.2044380996290991,0.010891568154541223,True,True,B_price_times_shares,
2291,"FUKUTOME MEAT PACKERS,LTD.",Foods,1791646800.0,close_times_edinet_shares_outstanding,-2959000000.0,-659000000.0,,,,missing,,missing,,,False,False,B_price_times_shares,book_equity_nonpositive_or_missing;net_income_nonpositive_or_missing
3996,Signpost Corporation,Information & Communication,2431809050.0,close_times_edinet_shares_outstanding,1879437000.0,76224000.0,,,0.772855500311589,book_equity_over_market_equity,0.031344566301371404,net_income_over_market_equity,0.772855500311589,0.031344566301371404,True,True,B_price_times_shares,
2330,"Forside Co.,Ltd.",Information & Communication,3356553508.0,close_times_edinet_shares_outstanding,3077986000.0,440577000.0,,,0.9170078750909041,book_equity_over_market_equity,0.13125874470641688,net_income_over_market_equity,0.9170078750909041,0.13125874470641688,True,True,B_price_times_shares,
5612,NIPPON CHUTETSUKAN K.K.,Iron and Steel,4928855516.0,close_times_edinet_shares_outstanding,9639000000.0,-230000000.0,,,1.9556264063148083,book_equity_over_market_equity,,missing,1.9556264063148083,,True,False,B_price_times_shares,net_income_nonpositive_or_missing
3038,"KOBE BUSSAN CO.,LTD.",Wholesale Trade,589545406464.0,raw_market_cap,161400000000.0,31878000000.0,3.6549778,18.57622,0.27377026134094,book_equity_over_market_equity,0.054072170948119495,net_income_over_market_equity,0.27377026134094,0.054072170948119495,True,True,A_raw_market_cap,
3469,"Dualtap Co.,Ltd.",Real Estate,4281574500.0,close_times_edinet_shares_outstanding,2348141000.0,118346000.0,,,0.5484293219702238,book_equity_over_market_equity,0.02764076626484019,net_income_over_market_equity,0.5484293219702238,0.02764076626484019,True,True,B_price_times_shares,
6537,"WASHHOUSE CO.,LTD.",Services,2306158200.0,close_times_edinet_shares_outstanding,1840000000.0,11000000.0,,,0.7978637371885415,book_equity_over_market_equity,0.004769837559279324,net_income_over_market_equity,0.7978637371885415,0.006806227117135984,True,True,B_price_times_shares,
2183,"Linical Co.,Ltd.",Services,5014203000.0,close_times_edinet_shares_outstanding,7253457000.0,-539102000.0,,,1.4465822384933358,book_equity_over_market_equity,,missing,1.4465822384933358,,True,False,B_price_times_shares,net_income_nonpositive_or_missing
2999,"Home Position Co.,Ltd.",Real Estate,5260431276.0,close_times_edinet_shares_outstanding,5769223000.0,387725000.0,,,1.0967205343640345,book_equity_over_market_equity,0.07370593391628219,net_income_over_market_equity,1.0967205343640345,0.07370593391628219,True,True,B_price_times_shares,
5010,"NIPPON SEIRO CO.,LTD.",Oil and Coal Products,4799079900.0,close_times_edinet_shares_outstanding,6378000000.0,697000000.0,,,1.3290047535987055,book_equity_over_market_equity,0.1452361732923013,net_income_over_market_equity,1.3290047535987055,0.1452361732923013,True,True,B_price_times_shares,
7035,"and factory,inc",Services,2815442500.0,close_times_edinet_shares_outstanding,893893000.0,-326080000.0,,,0.3174964503803576,book_equity_over_market_equity,,missing,0.3174964503803576,,True,False,B_price_times_shares,net_income_nonpositive_or_missing
6578,CORREC HOLDINGS Inc.,Services,3174724800.0,close_times_edinet_shares_outstanding,1073007000.0,-80055000.0,,,0.3379842561471785,book_equity_over_market_equity,,missing,0.3379842561471785,,True,False,B_price_times_shares,net_income_nonpositive_or_missing
7985,NEPON Inc.,Metal Products,809128060.0,close_times_edinet_shares_outstanding,2332965000.0,-287906000.0,,,2.883307495231348,book_equity_over_market_equity,,missing,2.883307495231348,,True,False,B_price_times_shares,net_income_nonpositive_or_missing
9827,"Lilycolor Co.,Ltd.",Wholesale Trade,7365566000.0,close_times_edinet_shares_outstanding,8122418000.0,523018000.0,,,1.1027554433698645,book_equity_over_market_equity,0.07100852806152304,net_income_over_market_equity,1.1027554433698645,0.07100852806152304,True,True,B_price_times_shares,
9444,"TOSHIN HOLDINGS CO.,LTD",Information & Communication,1519251500.0,close_times_edinet_shares_outstanding,2419185000.0,-222999000.0,,,1.592353208142299,book_equity_over_market_equity,,missing,1.592353208142299,,True,False,B_price_times_shares,net_income_nonpositive_or_missing
5035,HOUSEI Inc.,Information & Communication,2757592600.0,close_times_edinet_shares_outstanding,3079036000.0,-262362000.0,,,1.1165666748598035,book_equity_over_market_equity,,missing,1.1165666748598035,,True,False,B_price_times_shares,net_income_nonpositive_or_missing
3634,Sockets Inc.,Information & Communication,1459416000.0,close_times_edinet_shares_outstanding,552246000.0,-139132000.0,,,0.3784020457498068,book_equity_over_market_equity,,missing,0.3784020457498068,,True,False,B_price_times_shares,net_income_nonpositive_or_missing
2158,"FRONTEO,Inc.",Services,22905286284.0,close_times_edinet_shares_outstanding,3227763000.0,555086000.0,,,0.1409178195801327,book_equity_over_market_equity,0.02423396909855449,net_income_over_market_equity,0.1409178195801327,0.02423396909855449,True,True,B_price_times_shares,
7090,Ligua Inc.,Services,1348540500.0,close_times_edinet_shares_outstanding,-687951000.0,-301000000.0,,,,missing,,missing,,,False,False,B_price_times_shares,book_equity_nonpositive_or_missing;net_income_nonpositive_or_missing
7352,TWOSTONE&Sons Inc.,Services,14180726160.0,close_times_edinet_shares_outstanding,3467931000.0,529449000.0,,,0.2445524270669648,book_equity_over_market_equity,0.037335817223058204,net_income_over_market_equity,0.2445524270669648,0.037335817223058204,True,True,B_price_times_shares,
3377,BIKE O & COMPANY Ltd.,Wholesale Trade,5372252000.0,close_times_edinet_shares_outstanding,7017473000.0,327270000.0,,,1.3062441970331995,book_equity_over_market_equity,0.06091858684216601,net_income_over_market_equity,1.3062441970331995,0.06091858684216601,True,True,B_price_times_shares,
9330,AGEHA Inc.,Services,1212741000.0,close_times_edinet_shares_outstanding,901845000.0,-63649000.0,,,0.7436418823145255,book_equity_over_market_equity,,missing,0.7436418823145255,,True,False,B_price_times_shares,net_income_nonpositive_or_missing
4170,"Kaizen Platform,Inc.",Information & Communication,2177584768.0,close_times_edinet_shares_outstanding,3532271000.0,51845000.0,,,1.6221049356642083,book_equity_over_market_equity,0.023808487624395434,net_income_over_market_equity,1.6221049356642083,0.023808487624395434,True,True,B_price_times_shares,
4074,"LaKeel,Inc.",Information & Communication,5131244800.0,close_times_edinet_shares_outstanding,3770975000.0,288366000.0,,,0.7349045206340574,book_equity_over_market_equity,0.05619805938707115,net_income_over_market_equity,0.7349045206340574,0.05619805938707115,True,True,B_price_times_shares,
9885,"CHARLE CO.,LTD.",Wholesale Trade,5276906700.0,close_times_edinet_shares_outstanding,16865000000.0,-1012000000.0,,,3.1960011724292947,book_equity_over_market_equity,,missing,3.1960011724292947,,True,False,B_price_times_shares,net_income_nonpositive_or_missing
6182,MetaReal Corporation,Services,5944662360.0,close_times_edinet_shares_outstanding,2007969000.0,301085000.0,,,0.3377767951147355,book_equity_over_market_equity,0.050647956396299015,net_income_over_market_equity,0.3377767951147355,0.050647956396299015,True,True,B_price_times_shares,
7974,"Nintendo Co.,Ltd.",Other Products,8257713733632.0,raw_market_cap,2732509000000.0,278852000000.0,2.7954109,19.648882,0.3309038177081682,book_equity_over_market_equity,0.033768668785924626,net_income_over_market_equity,0.3309038177081682,0.033768668785924626,True,True,A_raw_market_cap,
4446,Link-U Group Inc.,Information & Communication,8461221300.0,close_times_edinet_shares_outstanding,2481017000.0,-96897000.0,,,0.29322209076365846,book_equity_over_market_equity,,missing,0.29322209076365846,,True,False,B_price_times_shares,net_income_nonpositive_or_missing
2788,"APPLE INTERNATIONAL CO.,LTD.",Wholesale Trade,4764085200.0,close_times_edinet_shares_outstanding,10892565000.0,828659000.0,,,2.2863917295181873,book_equity_over_market_equity,0.1739387448402476,net_income_over_market_equity,2.2863917295181873,0.1739387448402476,True,True,B_price_times_shares,
2962,"TECNISCO,LTD.",Metal Products,10092185400.0,close_times_edinet_shares_outstanding,3027640000.0,-2976832000.0,,,0.2999984522678309,book_equity_over_market_equity,,missing,0.2999984522678309,,True,False,B_price_times_shares,net_income_nonpositive_or_missing
7061,Japan Hospice Holdings Inc.,Services,5165567100.0,close_times_edinet_shares_outstanding,3677876000.0,278014000.0,,,0.7119984948022454,book_equity_over_market_equity,0.053820615358960294,net_income_over_market_equity,0.7119984948022454,0.053820615358960294,True,True,B_price_times_shares,
9204,Skymark Airlines Inc.,Air Transportation,24992545000.0,close_times_edinet_shares_outstanding,27119000000.0,2146000000.0,,,1.085083571921147,book_equity_over_market_equity,0.08586560512344782,net_income_over_market_equity,1.085083571921147,0.08586560512344782,True,True,B_price_times_shares,
4512,"WAKAMOTO PHARMACEUTICAL CO.,LTD.",Pharmaceutical,9474826725.0,close_times_edinet_shares_outstanding,11610351000.0,64440000.0,,,1.2253892695858246,book_equity_over_market_equity,0.0068011797862192564,net_income_over_market_equity,1.2253892695858246,0.006806227117135984,True,True,B_price_times_shares,
3760,"CAVE Interactive CO.,LTD.",Information & Communication,3639704000.0,close_times_edinet_shares_outstanding,6266838000.0,-614469000.0,,,1.72179880561716,book_equity_over_market_equity,,missing,1.72179880561716,,True,False,B_price_times_shares,net_income_nonpositive_or_missing
4068,Basis Corporation,Information & Communication,3261333250.0,close_times_edinet_shares_outstanding,2070708000.0,96644000.0,,,0.6349268355204117,book_equity_over_market_equity,0.02963327957975469,net_income_over_market_equity,0.6349268355204117,0.02963327957975469,True,True,B_price_times_shares,
7681,"LEOCLAN Co.,Ltd.",Wholesale Trade,4855876000.0,close_times_edinet_shares_outstanding,5819360000.0,219466000.0,,,1.198416104529852,book_equity_over_market_equity,0.04519596464160123,net_income_over_market_equity,1.198416104529852,0.04519596464160123,True,True,B_price_times_shares,
7610,"TAY TWO CO.,LTD.",Retail Trade,8406471478.0,close_times_edinet_shares_outstanding,6975921000.0,867822000.0,,,0.8298274749704683,book_equity_over_market_equity,0.1032326110034534,net_income_over_market_equity,0.8298274749704683,0.1032326110034534,True,True,B_price_times_shares,
9082,"Daiwa Motor Transportation Co.,Ltd.",Land Transportation,5711069000.0,close_times_edinet_shares_outstanding,9262000000.0,-326000000.0,,,1.6217629308978756,book_equity_over_market_equity,,missing,1.6217629308978756,,True,False,B_price_times_shares,net_income_nonpositive_or_missing
4052,Ficha Inc.,Information & Communication,1491139785.0,close_times_edinet_shares_outstanding,689803000.0,-38585000.0,,,0.4626011638472915,book_equity_over_market_equity,,missing,0.4626011638472915,,True,False,B_price_times_shares,net_income_nonpositive_or_missing
9166,GENDA Inc.,Services,111125610382.0,close_times_edinet_shares_outstanding,65357000000.0,3886000000.0,,,0.5881362520784539,book_equity_over_market_equity,0.034969436717977746,net_income_over_market_equity,0.5881362520784539,0.034969436717977746,True,True,B_price_times_shares,
3607,"KURAUDIA HOLDINGS CO.,LTD.",Textiles and Apparels,3262271600.0,close_times_edinet_shares_outstanding,3967703000.0,312330000.0,,,1.2162393223176144,book_equity_over_market_equity,0.09574003586948432,net_income_over_market_equity,1.2162393223176144,0.09574003586948432,True,True,B_price_times_shares,
7112,"CUBE CO.,LTD.",Retail Trade,4610874897.0,close_times_edinet_shares_outstanding,4042438000.0,34847000.0,,,0.8767182129860333,book_equity_over_market_equity,0.007557567875604845,net_income_over_market_equity,0.8767182129860333,0.007557567875604845,True,True,B_price_times_shares,
7356,Retty Inc.,Services,1765536532.0,close_times_edinet_shares_outstanding,977398000.0,11734000.0,,,0.5535982871409653,book_equity_over_market_equity,0.006646138319611956,net_income_over_market_equity,0.5535982871409653,0.006806227117135984,True,True,B_price_times_shares,
3926,Open Door Inc.,Information & Communication,7629321000.0,close_times_edinet_shares_outstanding,4589787000.0,-213259000.0,,,0.6015983598016128,book_equity_over_market_equity,,missing,0.6015983598016128,,True,False,B_price_times_shares,net_income_nonpositive_or_missing
7359,"Tokyo Communications Group,Inc.",Services,2397712436.0,close_times_edinet_shares_outstanding,1653470000.0,722072000.0,,,0.6896031297057509,book_equity_over_market_equity,0.30115037531548255,net_income_over_market_equity,0.6896031297057509,0.30115037531548255,True,True,B_price_times_shares,
2767,TSUBURAYA FIELDS HOLDINGS INC.,Wholesale Trade,86045350350.0,close_times_edinet_shares_outstanding,56247000000.0,12586000000.0,,,0.6536901735097648,book_equity_over_market_equity,0.14627170380276103,net_income_over_market_equity,0.6536901735097648,0.14627170380276103,True,True,B_price_times_shares,
3182,Oisix ra daichi Inc.,Retail Trade,50883833280.0,close_times_edinet_shares_outstanding,39487000000.0,3638000000.0,,,0.7760225095997327,book_equity_over_market_equity,0.07149618583138319,net_income_over_market_equity,0.7760225095997327,0.07149618583138319,True,True,B_price_times_shares,
4222,"KODAMA CHEMICAL INDUSTRY CO.,LTD.",Chemicals,11169637683.0,close_times_edinet_shares_outstanding,5470477000.0,-132850000.0,,,0.4897631557311813,book_equity_over_market_equity,,missing,0.4897631557311813,,True,False,B_price_times_shares,net_income_nonpositive_or_missing
8247,"Daiwa Co.,Ltd.",Retail Trade,1424635200.0,close_times_edinet_shares_outstanding,5436232000.0,-1173325000.0,,,3.8158765135102657,book_equity_over_market_equity,,missing,3.8158765135102657,,True,False,B_price_times_shares,net_income_nonpositive_or_missing
2585,"LIFEDRINK COMPANY,INC.",Foods,92012736640.0,close_times_edinet_shares_outstanding,14230000000.0,3392000000.0,,,0.15465250268204608,book_equity_over_market_equity,0.03686446163721014,net_income_over_market_equity,0.15465250268204608,0.03686446163721014,True,True,B_price_times_shares,
7114,"Foodison,Inc.",Wholesale Trade,3473840640.0,close_times_edinet_shares_outstanding,2292302000.0,142798000.0,,,0.6598754052229638,book_equity_over_market_equity,0.041106664006325865,net_income_over_market_equity,0.6598754052229638,0.041106664006325865,True,True,B_price_times_shares,
3697,SHIFT Inc.,Information & Communication,185876037632.0,raw_market_cap,41037000000.0,9229000000.0,4.818926,22.626013,0.2207761717045294,book_equity_over_market_equity,0.04965137043792436,net_income_over_market_equity,0.2207761717045294,0.04965137043792436,True,True,A_raw_market_cap,
9517,"eREX Co.,Ltd.",Electric Power and Gas,62058223110.0,close_times_edinet_shares_outstanding,71004000000.0,5461000000.0,,,1.1441513540299624,book_equity_over_market_equity,0.08799800777924659,net_income_over_market_equity,1.1441513540299624,0.08799800777924659,True,True,B_price_times_shares,
7140,Petgo Corporation,Retail Trade,1500232200.0,close_times_edinet_shares_outstanding,1226150000.0,161057000.0,,,0.8173068142384892,book_equity_over_market_equity,0.10735471482347866,net_income_over_market_equity,0.8173068142384892,0.10735471482347866,True,True,B_price_times_shares,
7674,"NATTY SWANKY holdings Co.,Ltd.",Retail Trade,6401665920.0,close_times_edinet_shares_outstanding,1318125000.0,-1002113000.0,,,0.20590343458597726,book_equity_over_market_equity,,missing,0.20590343458597726,,True,False,B_price_times_shares,net_income_nonpositive_or_missing
8040,"TOKYO SOIR CO.,LTD.",Textiles and Apparels,3624156000.0,close_times_edinet_shares_outstanding,10488732000.0,236534000.0,,,2.894117140652886,book_equity_over_market_equity,0.06526595433529903,net_income_over_market_equity,2.894117140652886,0.06526595433529903,True,True,B_price_times_shares,
6228,"J.E.T.Co.,LTD.",Machinery,8479654400.0,close_times_edinet_shares_outstanding,9720000000.0,-2336000000.0,,,1.1462731311313819,book_equity_over_market_equity,,missing,1.1462731311313819,,True,False,B_price_times_shares,net_income_nonpositive_or_missing
7918,"VIA Holdings,Inc.",Retail Trade,4699448439.0,close_times_edinet_shares_outstanding,1799000000.0,54000000.0,,,0.3828108816069511,book_equity_over_market_equity,0.011490710176084135,net_income_over_market_equity,0.3828108816069511,0.011490710176084135,True,True,B_price_times_shares,
9561,GLAD CUBE Inc.,Services,3525219720.0,close_times_edinet_shares_outstanding,748295000.0,-31658000.0,,,0.212269038367912,book_equity_over_market_equity,,missing,0.212269038367912,,True,False,B_price_times_shares,net_income_nonpositive_or_missing
3803,Image Information Inc.,Information & Communication,1195665900.0,close_times_edinet_shares_outstanding,352285000.0,-36568000.0,,,0.29463498122677917,book_equity_over_market_equity,,missing,0.29463498122677917,,True,False,B_price_times_shares,net_income_nonpositive_or_missing
3135,"MarketEnterprise Co.,Ltd",Retail Trade,6572256000.0,close_times_edinet_shares_outstanding,1913684000.0,611969000.0,,,0.29117611973727137,book_equity_over_market_equity,0.09311399312503955,net_income_over_market_equity,0.29117611973727137,0.09311399312503955,True,True,B_price_times_shares,
7695,"Koukandekirukun,Inc.",Retail Trade,1868557800.0,close_times_edinet_shares_outstanding,1690612000.0,90800000.0,,,0.9047683726989875,book_equity_over_market_equity,0.048593626592658784,net_income_over_market_equity,0.9047683726989875,0.048593626592658784,True,True,B_price_times_shares,
4385,"Mercari,Inc.",Information & Communication,686580039680.0,raw_market_cap,90000000000.0,20674000000.0,5.714356,23.935558,0.13108449823555465,book_equity_over_market_equity,0.030111565739131742,net_income_over_market_equity,0.13108449823555465,0.030111565739131742,True,True,A_raw_market_cap,
5871,SOLIZE Holdings Corporation,Services,7078842700.0,close_times_edinet_shares_outstanding,11328000000.0,-36000000.0,,,1.600261579481064,book_equity_over_market_equity,,missing,1.600261579481064,,True,False,B_price_times_shares,net_income_nonpositive_or_missing
6620,"Miyakoshi Holdings,Inc.",Real Estate,26329240294.0,close_times_edinet_shares_outstanding,27994000000.0,404000000.0,,,1.0632285507447539,book_equity_over_market_equity,0.015344157122986375,net_income_over_market_equity,1.0632285507447539,0.015344157122986375,True,True,B_price_times_shares,
3134,Hamee Corp.,Retail Trade,6269057400.0,close_times_edinet_shares_outstanding,10570122000.0,1278023000.0,,,1.686078356851542,book_equity_over_market_equity,0.2038620670469535,net_income_over_market_equity,1.686078356851542,0.2038620670469535,True,True,B_price_times_shares,
7066,"Peers Co.,Ltd.",Services,3699307000.0,close_times_edinet_shares_outstanding,2759007000.0,508641000.0,,,0.7458172571241046,book_equity_over_market_equity,0.1374962932246499,net_income_over_market_equity,0.7458172571241046,0.1374962932246499,True,True,B_price_times_shares,
4416,True Data Inc.,Information & Communication,1881087300.0,close_times_edinet_shares_outstanding,1370469000.0,13231000.0,,,0.728551513797366,book_equity_over_market_equity,0.007033698010719651,net_income_over_market_equity,0.728551513797366,0.007033698010719651,True,True,B_price_times_shares,
7072,"Intimate Merger,Inc.",Services,3185926200.0,close_times_edinet_shares_outstanding,1556453000.0,156711000.0,,,0.48854019280170397,book_equity_over_market_equity,0.049188521692687046,net_income_over_market_equity,0.48854019280170397,0.049188521692687046,True,True,B_price_times_shares,
9258,"CS-C.Co.,Ltd.",Services,2038663800.0,close_times_edinet_shares_outstanding,2291718000.0,-102199000.0,,,1.1241274799699685,book_equity_over_market_equity,,missing,1.1241274799699685,,True,False,B_price_times_shares,net_income_nonpositive_or_missing
2162,nms Holdings Corporation,Services,9043576800.0,close_times_edinet_shares_outstanding,6140618000.0,-641464000.0,,,0.6790032457069419,book_equity_over_market_equity,,missing,0.6790032457069419,,True,False,B_price_times_shares,net_income_nonpositive_or_missing
4264,"SECURE,INC.",Information & Communication,10346102140.0,close_times_edinet_shares_outstanding,3000453000.0,200680000.0,,,0.2900080590157406,book_equity_over_market_equity,0.019396676862886646,net_income_over_market_equity,0.2900080590157406,0.019396676862886646,True,True,B_price_times_shares,
2315,CAICA DIGITAL Inc.,Information & Communication,9528900822.0,close_times_edinet_shares_outstanding,3611303000.0,166794000.0,,,0.3789842152268336,book_equity_over_market_equity,0.017504012594496913,net_income_over_market_equity,0.3789842152268336,0.017504012594496913,True,True,B_price_times_shares,
7810,"Crossfor Co.,Ltd.",Other Products,2812755000.0,close_times_edinet_shares_outstanding,1811131000.0,37266000.0,,,0.6438993086849014,book_equity_over_market_equity,0.013248932096823221,net_income_over_market_equity,0.6438993086849014,0.013248932096823221,True,True,B_price_times_shares,
7038,Frontier Management Inc.,Services,6652457465.0,close_times_edinet_shares_outstanding,9943623000.0,-1157599000.0,,,1.4947292864803008,book_equity_over_market_equity,,missing,1.4947292864803008,,True,False,B_price_times_shares,net_income_nonpositive_or_missing
4378,CINC Corp.,Information & Communication,1373140250.0,close_times_edinet_shares_outstanding,1059366000.0,-152586000.0,,,0.7714914772908302,book_equity_over_market_equity,,missing,0.7714914772908302,,True,False,B_price_times_shares,net_income_nonpositive_or_missing
9888,"UEX,LTD.",Wholesale Trade,10402408000.0,close_times_edinet_shares_outstanding,17511294000.0,999816000.0,,,1.6833885000472968,book_equity_over_market_equity,0.09611389978166594,net_income_over_market_equity,1.6833885000472968,0.09611389978166594,True,True,B_price_times_shares,
7273,"IKUYO CO.,LTD.",Transportation Equipment,13727366200.0,close_times_edinet_shares_outstanding,7070577000.0,143459000.0,,,0.5150716384327243,book_equity_over_market_equity,0.010450584468271852,net_income_over_market_equity,0.5150716384327243,0.010450584468271852,True,True,B_price_times_shares,
7133,"HYUGA PRIMARY CARE Co.,Ltd.",Retail Trade,6966107700.0,close_times_edinet_shares_outstanding,2382543000.0,729682000.0,,,0.34201925990894455,book_equity_over_market_equity,0.10474744741600822,net_income_over_market_equity,0.34201925990894455,0.10474744741600822,True,True,B_price_times_shares,
7692,EARTH INFINITY CO.LTD.,Electric Power and Gas,10352238800.0,close_times_edinet_shares_outstanding,1205706000.0,461045000.0,,,0.11646814020557562,book_equity_over_market_equity,0.04453577713064347,net_income_over_market_equity,0.11646814020557562,0.04453577713064347,True,True,B_price_times_shares,
6054,Livesense Inc.,Services,3059648400.0,close_times_edinet_shares_outstanding,4210000000.0,-41921000.0,,,1.3759750957005386,book_equity_over_market_equity,,missing,1.3759750957005386,,True,False,B_price_times_shares,net_income_nonpositive_or_missing
9326,"KANTSU HD CO.,LTD.",Warehousing and Harbor Transportation Service,4316566950.0,close_times_edinet_shares_outstanding,2244094000.0,222562000.0,,,0.5198793453209385,book_equity_over_market_equity,0.051559955533644626,net_income_over_market_equity,0.5198793453209385,0.051559955533644626,True,True,B_price_times_shares,
3945,"Superbag Company,Limited",Pulp and Paper,3206795148.0,close_times_edinet_shares_outstanding,4730000000.0,976000000.0,,,1.4749928765951843,book_equity_over_market_equity,0.3043537098428964,net_income_over_market_equity,1.4749928765951843,0.3043537098428964,True,True,B_price_times_shares,
6046,LINKBAL INC.,Services,2248980000.0,close_times_edinet_shares_outstanding,817132000.0,-197968000.0,,,0.3633344894129783,book_equity_over_market_equity,,missing,0.3633344894129783,,True,False,B_price_times_shares,net_income_nonpositive_or_missing
6190,"PhoenixBio Co.,Ltd.",Services,1664769063.0,close_times_edinet_shares_outstanding,2569896000.0,-507440000.0,,,1.543695192995066,book_equity_over_market_equity,,missing,1.543695192995066,,True,False,B_price_times_shares,net_income_nonpositive_or_missing
3238,"CENTRAL GENERAL DEVELOPMENT CO.,LTD.",Real Estate,3500788000.0,close_times_edinet_shares_outstanding,10256542000.0,518604000.0,,,2.9297809521741964,book_equity_over_market_equity,0.148139218941564,net_income_over_market_equity,2.9297809521741964,0.148139218941564,True,True,B_price_times_shares,
9219,GiXo Ltd.,Services,5098859403.0,close_times_edinet_shares_outstanding,1825731000.0,-99975000.0,,,0.3580665509085817,book_equity_over_market_equity,,missing,0.3580665509085817,,True,False,B_price_times_shares,net_income_nonpositive_or_missing
4393,"Bank of Innovation,Inc.",Information & Communication,20030472000.0,close_times_edinet_shares_outstanding,5821000000.0,1356000000.0,,,0.2906072308231179,book_equity_over_market_equity,0.06769685706857033,net_income_over_market_equity,0.2906072308231179,0.06769685706857033,True,True,B_price_times_shares,
4192,SpiderPlus & Co.,Information & Communication,10297117000.0,close_times_edinet_shares_outstanding,2791407000.0,-40037000.0,,,0.2710862661849914,book_equity_over_market_equity,,missing,0.2710862661849914,,True,False,B_price_times_shares,net_income_nonpositive_or_missing
9704,"Agora Hospitality Group Co.,Ltd.",Services,7734414086.0,close_times_edinet_shares_outstanding,8850624000.0,1542844000.0,,,1.1443173201730228,book_equity_over_market_equity,0.1994778121322324,net_income_over_market_equity,1.1443173201730228,0.1994778121322324,True,True,B_price_times_shares,
7803,Bushiroad Inc.,Other Products,17495534700.0,close_times_edinet_shares_outstanding,25222055000.0,3588591000.0,,,1.4416281315483317,book_equity_over_market_equity,0.20511467991887095,net_income_over_market_equity,1.4416281315483317,0.20511467991887095,True,True,B_price_times_shares,
5820,"MITSUBOSHI CO.,LTD.",Nonferrous Metals,2409655500.0,close_times_edinet_shares_outstanding,6614138000.0,168616000.0,,,2.744847966856673,book_equity_over_market_equity,0.0699751478997724,net_income_over_market_equity,2.744847966856673,0.0699751478997724,True,True,B_price_times_shares,
5103,"Showa Holdings Co.,Ltd.",Rubber Products,2958057414.0,close_times_edinet_shares_outstanding,-6736403000.0,-321848000.0,,,,missing,,missing,,,False,False,B_price_times_shares,book_equity_nonpositive_or_missing;net_income_nonpositive_or_missing
7422,"TOHO LAMAC CO.,LTD.",Wholesale Trade,2020015400.0,close_times_edinet_shares_outstanding,4521695000.0,17478000.0,,,2.238445805908212,book_equity_over_market_equity,0.008652409283612392,net_income_over_market_equity,2.238445805908212,0.008652409283612392,True,True,B_price_times_shares,
3793,"Drecom Co.,Ltd.",Information & Communication,12013450416.0,close_times_edinet_shares_outstanding,4719137000.0,-1035569000.0,,,0.3928211160479642,book_equity_over_market_equity,,missing,0.3928211160479642,,True,False,B_price_times_shares,net_income_nonpositive_or_missing
7897,"HOKUSHIN CO.,LTD.",Other Products,2835220500.0,close_times_edinet_shares_outstanding,5823450000.0,20343000.0,,,2.053967231120119,book_equity_over_market_equity,0.007175103312070437,net_income_over_market_equity,2.053967231120119,0.007175103312070437,True,True,B_price_times_shares,
7031,Inbound Tech Inc.,Services,1533392325.0,close_times_edinet_shares_outstanding,2045261000.0,-641323000.0,,,1.333814553949851,book_equity_over_market_equity,,missing,1.333814553949851,,True,False,B_price_times_shares,net_income_nonpositive_or_missing
2872,"SEIHYO CO.,LTD.",Foods,3087684600.0,close_times_edinet_shares_outstanding,1500631000.0,11476000.0,,,0.4860052739842664,book_equity_over_market_equity,0.003716700857334975,net_income_over_market_equity,0.4860052739842664,0.006806227117135984,True,True,B_price_times_shares,
2138,"CROOZ,Inc.",Information & Communication,4535137200.0,close_times_edinet_shares_outstanding,10955702000.0,1158920000.0,,,2.415737720128952,book_equity_over_market_equity,0.2555424343060669,net_income_over_market_equity,2.415737720128952,0.2555424343060669,True,True,B_price_times_shares,
7859,ALMEDIO INC.,Other Products,5910506720.0,close_times_edinet_shares_outstanding,8206387000.0,476399000.0,,,1.3884405159766064,book_equity_over_market_equity,0.08060205707709608,net_income_over_market_equity,1.3884405159766064,0.08060205707709608,True,True,B_price_times_shares,
7640,"TOP CULTURE Co.,Ltd.",Retail Trade,2934868000.0,close_times_edinet_shares_outstanding,3990197000.0,-805200000.0,,,1.3595831226481054,book_equity_over_market_equity,,missing,1.3595831226481054,,True,False,B_price_times_shares,net_income_nonpositive_or_missing
4069,BlueMeme Inc.,Information & Communication,3619859220.0,close_times_edinet_shares_outstanding,2557833000.0,-28803000.0,,,0.7066111814149502,book_equity_over_market_equity,,missing,0.7066111814149502,,True,False,B_price_times_shares,net_income_nonpositive_or_missing
7093,"adish Co.,Ltd.",Services,1064710020.0,close_times_edinet_shares_outstanding,542833000.0,-22194000.0,,,0.5098411678327213,book_equity_over_market_equity,,missing,0.5098411678327213,,True,False,B_price_times_shares,net_income_nonpositive_or_missing
3905,Datasection Inc.,Information & Communication,157590716416.0,raw_market_cap,-3292684000.0,-682867000.0,8.199544,58.830044,0.12195800156691641,inverse_raw_pbr,,missing,0.12195800156691641,,True,False,A_raw_market_cap,book_equity_nonpositive_or_missing;net_income_nonpositive_or_missing
1447,"SAAF Holdings Co.,Ltd.",Construction,6990085388.0,close_times_edinet_shares_outstanding,2843379000.0,714900000.0,,,0.4067731425543496,book_equity_over_market_equity,0.10227342876630394,net_income_over_market_equity,0.4067731425543496,0.10227342876630394,True,True,B_price_times_shares,
6198,"CAREER CO.,LTD.",Services,1935747360.0,close_times_edinet_shares_outstanding,1874926000.0,-197448000.0,,,0.9685799080723013,book_equity_over_market_equity,,missing,0.9685799080723013,,True,False,B_price_times_shares,net_income_nonpositive_or_missing
9212,"Green Earth Institute Co.,Ltd.",Services,3520081000.0,close_times_edinet_shares_outstanding,2106117000.0,127324000.0,,,0.5983149251395067,book_equity_over_market_equity,0.03617075857061244,net_income_over_market_equity,0.5983149251395067,0.03617075857061244,True,True,B_price_times_shares,
9563,Atlas Technologies Corporation,Services,2176990000.0,close_times_edinet_shares_outstanding,1677906000.0,22550000.0,,,0.7707458463291058,book_equity_over_market_equity,0.010358338807252215,net_income_over_market_equity,0.7707458463291058,0.010358338807252215,True,True,B_price_times_shares,
9252,"Last One Mile Co.,Ltd.",Services,9606037300.0,close_times_edinet_shares_outstanding,3478819000.0,268105000.0,,,0.36214922879801853,book_equity_over_market_equity,0.02791005194202192,net_income_over_market_equity,0.36214922879801853,0.02791005194202192,True,True,B_price_times_shares,
7831,Wellco Holdings Corporation,Other Products,1179691000.0,close_times_edinet_shares_outstanding,-2368000000.0,-948000000.0,,,,missing,,missing,,,False,False,B_price_times_shares,book_equity_nonpositive_or_missing;net_income_nonpositive_or_missing
9162,"Bleach,Inc.",Services,6089525400.0,close_times_edinet_shares_outstanding,9552766000.0,321437000.0,,,1.5687209384166458,book_equity_over_market_equity,0.052785230192159145,net_income_over_market_equity,1.5687209384166458,0.052785230192159145,True,True,B_price_times_shares,
6532,"BayCurrent,Inc.",Services,911921381376.0,raw_market_cap,61456000000.0,6063000000.0,7.8471465,24.255062,0.06739177439536391,book_equity_over_market_equity,0.006648599455856082,net_income_over_market_equity,0.09741440959758958,0.006806227117135984,True,True,A_raw_market_cap,
2998,CREAL Inc.,Real Estate,2650594200.0,close_times_edinet_shares_outstanding,5273775000.0,1351394000.0,,,1.9896576397850716,book_equity_over_market_equity,0.5098456791311171,net_income_over_market_equity,1.9896576397850716,0.4713793788347592,True,True,B_price_times_shares,
7115,AlphaPurchase Corporation,Wholesale Trade,15502733500.0,close_times_edinet_shares_outstanding,6742775000.0,1031264000.0,,,0.4349410379788829,book_equity_over_market_equity,0.06652142991427931,net_income_over_market_equity,0.4349410379788829,0.06652142991427931,True,True,B_price_times_shares,
7809,"KOTOBUKIYA CO.,LTD.",Other Products,11287402500.0,close_times_edinet_shares_outstanding,8039669000.0,1091923000.0,,,0.7122691868213258,book_equity_over_market_equity,0.09673819995344367,net_income_over_market_equity,0.7122691868213258,0.09673819995344367,True,True,B_price_times_shares,
4888,STELLA PHARMA CORPORATION,Pharmaceutical,11535831000.0,close_times_edinet_shares_outstanding,3207485000.0,-140811000.0,,,0.2780454221286702,book_equity_over_market_equity,,missing,0.2780454221286702,,True,False,B_price_times_shares,net_income_nonpositive_or_missing
7477,MURAKI CORPORATION,Wholesale Trade,2790960300.0,close_times_edinet_shares_outstanding,2691174000.0,90954000.0,,,0.9642466071624165,book_equity_over_market_equity,0.03258878315108961,net_income_over_market_equity,0.9642466071624165,0.03258878315108961,True,True,B_price_times_shares,
4344,SOURCENEXT CORPORATION,Information & Communication,15906225000.0,close_times_edinet_shares_outstanding,11596643000.0,-2856477000.0,,,0.7290631812387918,book_equity_over_market_equity,,missing,0.7290631812387918,,True,False,B_price_times_shares,net_income_nonpositive_or_missing
3267,"Phil Company,Inc.",Construction,3594524500.0,close_times_edinet_shares_outstanding,3385122000.0,454092000.0,,,0.9417440331815794,book_equity_over_market_equity,0.12632880927644255,net_income_over_market_equity,0.9417440331815794,0.12632880927644255,True,True,B_price_times_shares,
3840,PATH Corporation,Information & Communication,4409957124.0,close_times_edinet_shares_outstanding,3390247000.0,-276771000.0,,,0.7687709663999899,book_equity_over_market_equity,,missing,0.7687709663999899,,True,False,B_price_times_shares,net_income_nonpositive_or_missing
7083,AHC GROUP INC.,Services,1582450280.0,close_times_edinet_shares_outstanding,1179320000.0,21091000.0,,,0.7452493230940563,book_equity_over_market_equity,0.01332806487923273,net_income_over_market_equity,0.7452493230940563,0.01332806487923273,True,True,B_price_times_shares,
8202,"Laox Holdings CO.,LTD.",Retail Trade,13529612844.0,close_times_edinet_shares_outstanding,22686000000.0,215000000.0,,,1.6767663836042876,book_equity_over_market_equity,0.015891068168690903,net_income_over_market_equity,1.6767663836042876,0.015891068168690903,True,True,B_price_times_shares,
8166,"Taka-Q Co.,Ltd.",Retail Trade,3291525836.0,close_times_edinet_shares_outstanding,1988878000.0,1122650000.0,,,0.6042419531535465,book_equity_over_market_equity,0.3410728203076453,net_income_over_market_equity,0.6042419531535465,0.3410728203076453,True,True,B_price_times_shares,
7601,"POPLAR CO.,Ltd.",Retail Trade,1944843945.0,close_times_edinet_shares_outstanding,888410000.0,134666000.0,,,0.4568027179167838,book_equity_over_market_equity,0.06924257359888071,net_income_over_market_equity,0.4568027179167838,0.06924257359888071,True,True,B_price_times_shares,
3903,gumi Inc.,Information & Communication,13412124414.0,close_times_edinet_shares_outstanding,17880345000.0,2063322000.0,,,1.3331478629392917,book_equity_over_market_equity,0.15384005816753676,net_income_over_market_equity,1.3331478629392917,0.15384005816753676,True,True,B_price_times_shares,
2980,SRE Holdings Corporation,Real Estate,39657464955.0,close_times_edinet_shares_outstanding,14346248000.0,1846647000.0,,,0.3617540358739252,book_equity_over_market_equity,0.046564927992634474,net_income_over_market_equity,0.3617540358739252,0.046564927992634474,True,True,B_price_times_shares,
5380,SHINTO COMPANY LIMITED,Glass and Ceramics Products,837895488.0,close_times_edinet_shares_outstanding,3270259000.0,70094000.0,,,3.9029438000745027,book_equity_over_market_equity,0.08365482450240859,net_income_over_market_equity,3.9029438000745027,0.08365482450240859,True,True,B_price_times_shares,
4427,"EduLab,Inc.",Information & Communication,2054213970.0,close_times_edinet_shares_outstanding,1830640000.0,134903000.0,,,0.8911632511193563,book_equity_over_market_equity,0.06567134776130454,net_income_over_market_equity,0.8911632511193563,0.06567134776130454,True,True,B_price_times_shares,
2929,"Pharma Foods International Co.,Ltd.",Foods,18593632400.0,close_times_edinet_shares_outstanding,16227000000.0,2732000000.0,,,0.8727181247274739,book_equity_over_market_equity,0.146932021738797,net_income_over_market_equity,0.8727181247274739,0.146932021738797,True,True,B_price_times_shares,
6696,TRaaS On Product Inc.,Electric Appliances,1486682428.0,close_times_edinet_shares_outstanding,-784122000.0,-61633000.0,,,,missing,,missing,,,False,False,B_price_times_shares,book_equity_nonpositive_or_missing;net_income_nonpositive_or_missing
3111,"OMIKENSHI CO.,LTD.",Textiles and Apparels,1207280097.0,close_times_edinet_shares_outstanding,5829000000.0,300000000.0,,,4.828208478284886,book_equity_over_market_equity,0.24849245899561948,net_income_over_market_equity,4.561669803968577,0.24849245899561948,True,True,B_price_times_shares,
3192,"Shirohato Co.,Ltd.",Retail Trade,2429440000.0,close_times_edinet_shares_outstanding,2520355000.0,314901000.0,,,1.0374222042939938,book_equity_over_market_equity,0.12961875987881982,net_income_over_market_equity,1.0374222042939938,0.12961875987881982,True,True,B_price_times_shares,
4014,"KARADANOTE,INC.",Information & Communication,2768500800.0,close_times_edinet_shares_outstanding,537324000.0,-69919000.0,,,0.19408482742717648,book_equity_over_market_equity,,missing,0.19408482742717648,,True,False,B_price_times_shares,net_income_nonpositive_or_missing
6786,RVH Inc.,Services,1291374060.0,close_times_edinet_shares_outstanding,1917377000.0,-341765000.0,,,1.484757251512393,book_equity_over_market_equity,,missing,1.484757251512393,,True,False,B_price_times_shares,net_income_nonpositive_or_missing
4436,"MINKABU THE INFONOID,Inc.",Information & Communication,6908453800.0,close_times_edinet_shares_outstanding,-6725484000.0,-5529280000.0,,,,missing,,missing,,,False,False,B_price_times_shares,book_equity_nonpositive_or_missing;net_income_nonpositive_or_missing
8254,"Saikaya Department Store Co.,Ltd.",Retail Trade,1040342940.0,close_times_edinet_shares_outstanding,-3418529000.0,110255000.0,,,,missing,0.10597947634459845,net_income_over_market_equity,,0.10597947634459845,False,True,B_price_times_shares,book_equity_nonpositive_or_missing
3779,"J ESCOM HOLDINGS,INC.",Information & Communication,1723585810.0,close_times_edinet_shares_outstanding,731352000.0,370450000.0,,,0.4243200400913024,book_equity_over_market_equity,0.21492982702149305,net_income_over_market_equity,0.4243200400913024,0.21492982702149305,True,True,B_price_times_shares,
7524,MARCHE CORPORATION,Retail Trade,1694782700.0,close_times_edinet_shares_outstanding,699573000.0,34955000.0,,,0.41278035231301335,book_equity_over_market_equity,0.020625063024303943,net_income_over_market_equity,0.41278035231301335,0.020625063024303943,True,True,B_price_times_shares,
4174,Appirits Inc.,Information & Communication,2496728754.0,close_times_edinet_shares_outstanding,1860735000.0,-736274000.0,,,0.7452691835342239,book_equity_over_market_equity,,missing,0.7452691835342239,,True,False,B_price_times_shares,net_income_nonpositive_or_missing
9565,GLOE Inc.,Services,1912617837.0,close_times_edinet_shares_outstanding,506954000.0,19446000.0,,,0.26505765563452705,book_equity_over_market_equity,0.010167216693169426,net_income_over_market_equity,0.26505765563452705,0.010167216693169426,True,True,B_price_times_shares,
9213,SEYFERT LTD.,Services,1380236000.0,close_times_edinet_shares_outstanding,852381000.0,-190028000.0,,,0.6175617792899185,book_equity_over_market_equity,,missing,0.6175617792899185,,True,False,B_price_times_shares,net_income_nonpositive_or_missing
9941,"TAIYO BUSSAN KAISHA,LTD.",Wholesale Trade,2149739528.0,close_times_edinet_shares_outstanding,993082000.0,148725000.0,,,0.46195457033992815,book_equity_over_market_equity,0.06918280008479241,net_income_over_market_equity,0.46195457033992815,0.06918280008479241,True,True,B_price_times_shares,
3358,"Trailhead Global Holdings,Inc.",Retail Trade,3054206340.0,close_times_edinet_shares_outstanding,1638395000.0,18450000.0,,,0.5364388707280334,book_equity_over_market_equity,0.006040849224352013,net_income_over_market_equity,0.5364388707280334,0.006806227117135984,True,True,B_price_times_shares,
3896,"AWA PAPER & TECHNOLOGICAL COMPANY,Inc.",Pulp and Paper,4011467952.0,close_times_edinet_shares_outstanding,7583708000.0,284062000.0,,,1.8905069392911356,book_equity_over_market_equity,0.0708124814653885,net_income_over_market_equity,1.8905069392911356,0.0708124814653885,True,True,B_price_times_shares,
9246,"ProjectHoldings,Inc.",Services,5534158500.0,close_times_edinet_shares_outstanding,2260118000.0,126639000.0,,,0.40839415784712346,book_equity_over_market_equity,0.022883153780290173,net_income_over_market_equity,0.40839415784712346,0.022883153780290173,True,True,B_price_times_shares,
4376,Kufu Company Holdings Inc.,Information & Communication,10299187140.0,close_times_edinet_shares_outstanding,10022000000.0,-2347000000.0,,,0.973086503213107,book_equity_over_market_equity,,missing,0.973086503213107,,True,False,B_price_times_shares,net_income_nonpositive_or_missing
4166,Cacco Inc.,Information & Communication,2041293285.0,close_times_edinet_shares_outstanding,826968000.0,-137687000.0,,,0.40511963963081377,book_equity_over_market_equity,,missing,0.40511963963081377,,True,False,B_price_times_shares,net_income_nonpositive_or_missing
8995,"Makoto Construction CO,Ltd",Real Estate,2074165800.0,close_times_edinet_shares_outstanding,3983860000.0,46570000.0,,,1.920704699691799,book_equity_over_market_equity,0.02245239989975729,net_income_over_market_equity,1.920704699691799,0.02245239989975729,True,True,B_price_times_shares,
3195,"GENERATION PASS CO.,LTD.",Retail Trade,3596070220.0,close_times_edinet_shares_outstanding,1901982000.0,161415000.0,,,0.5289056897225994,book_equity_over_market_equity,0.044886498350969355,net_income_over_market_equity,0.5289056897225994,0.044886498350969355,True,True,B_price_times_shares,
2776,"SHINTO Holdings,Inc.",Wholesale Trade,6368796700.0,close_times_edinet_shares_outstanding,-6764532000.0,287117000.0,,,,missing,0.045081828408810726,net_income_over_market_equity,,0.045081828408810726,False,True,B_price_times_shares,book_equity_nonpositive_or_missing
7865,"People Co.,Ltd.",Other Products,1453956000.0,close_times_edinet_shares_outstanding,1679787000.0,-61078000.0,,,1.1553217566418792,book_equity_over_market_equity,,missing,1.1553217566418792,,True,False,B_price_times_shares,net_income_nonpositive_or_missing
3053,"PEPPER FOOD SERVICE CO.,LTD.",Retail Trade,11363403000.0,close_times_edinet_shares_outstanding,3461000000.0,-114000000.0,,,0.30457425473689526,book_equity_over_market_equity,,missing,0.30457425473689526,,True,False,B_price_times_shares,net_income_nonpositive_or_missing
6548,TABIKOBO Co.Ltd.,Services,2173765000.0,close_times_edinet_shares_outstanding,2011108000.0,-797041000.0,,,0.925172684259798,book_equity_over_market_equity,,missing,0.925172684259798,,True,False,B_price_times_shares,net_income_nonpositive_or_missing
3909,Showcase Inc.,Information & Communication,1783121600.0,close_times_edinet_shares_outstanding,2030567000.0,-793446000.0,,,1.1387709060335538,book_equity_over_market_equity,,missing,1.1387709060335538,,True,False,B_price_times_shares,net_income_nonpositive_or_missing
8267,"AEON CO.,LTD.",Retail Trade,3741859971072.0,raw_market_cap,2204267000000.0,124536000000.0,3.066671,50.353683,0.589083241233237,book_equity_over_market_equity,0.0332818440462169,net_income_over_market_equity,0.589083241233237,0.0332818440462169,True,True,A_raw_market_cap,
4387,"ZUU Co.,Ltd.",Information & Communication,2379579660.0,close_times_edinet_shares_outstanding,6297284000.0,270134000.0,,,2.6463850342375173,book_equity_over_market_equity,0.11352173013615355,net_income_over_market_equity,2.6463850342375173,0.11352173013615355,True,True,B_price_times_shares,
4448,"kubell Co.,Ltd.",Information & Communication,12994927947.0,close_times_edinet_shares_outstanding,-4021176000.0,215051000.0,,,,missing,0.01654884127692655,net_income_over_market_equity,,0.01654884127692655,False,True,B_price_times_shares,book_equity_nonpositive_or_missing
9225,Bridge Consulting Group Inc.,Services,2062432300.0,close_times_edinet_shares_outstanding,1147511000.0,147560000.0,,,0.5563872326863771,book_equity_over_market_equity,0.07154659088688632,net_income_over_market_equity,0.5563872326863771,0.07154659088688632,True,True,B_price_times_shares,
9973,"KOZO Holdings Co.,Ltd.",Retail Trade,6481515678.0,close_times_edinet_shares_outstanding,-1817274000.0,-689668000.0,,,,missing,,missing,,,False,False,B_price_times_shares,book_equity_nonpositive_or_missing;net_income_nonpositive_or_missing
3224,"General Oyster,Inc.",Retail Trade,3665356800.0,close_times_edinet_shares_outstanding,-2158328000.0,-28174000.0,,,,missing,,missing,,,False,False,B_price_times_shares,book_equity_nonpositive_or_missing;net_income_nonpositive_or_missing
3856,Abalance Corporation,Electric Appliances,9708278388.0,close_times_edinet_shares_outstanding,43338000000.0,2984000000.0,,,4.464025264620378,book_equity_over_market_equity,0.30736654644024203,net_income_over_market_equity,4.464025264620378,0.30736654644024203,True,True,B_price_times_shares,
4935,"LIBERTA CO.,LTD.",Chemicals,7044731700.0,close_times_edinet_shares_outstanding,2104173000.0,154065000.0,,,0.2986874574655554,book_equity_over_market_equity,0.02186953408033978,net_income_over_market_equity,0.2986874574655554,0.02186953408033978,True,True,B_price_times_shares,
3064,"MonotaRO Co.,Ltd.",Retail Trade,948215152640.0,raw_market_cap,126022000000.0,32659000000.0,8.256385,29.467564,0.1329044359279983,book_equity_over_market_equity,0.0344426050449326,net_income_over_market_equity,0.1329044359279983,0.0344426050449326,True,True,A_raw_market_cap,
5884,"KURADASHI.Co.,Ltd.",Retail Trade,7197868394.0,close_times_edinet_shares_outstanding,1089223000.0,-31418000.0,,,0.15132577318417695,book_equity_over_market_equity,,missing,0.15132577318417695,,True,False,B_price_times_shares,net_income_nonpositive_or_missing
4011,"Headwaters Co.,Ltd",Information & Communication,9414063756.0,close_times_edinet_shares_outstanding,1353699000.0,75714000.0,,,0.14379539326332133,book_equity_over_market_equity,0.008042647889626211,net_income_over_market_equity,0.14379539326332133,0.008042647889626211,True,True,B_price_times_shares,
9250,GRCS Inc.,Services,1443740760.0,close_times_edinet_shares_outstanding,-727893000.0,-553870000.0,,,,missing,,missing,,,False,False,B_price_times_shares,book_equity_nonpositive_or_missing;net_income_nonpositive_or_missing
5026,"TRIPLEIZE CO.,LTD.",Information & Communication,5242562500.0,close_times_edinet_shares_outstanding,2098394000.0,-343999000.0,,,0.40026113184153744,book_equity_over_market_equity,,missing,0.40026113184153744,,True,False,B_price_times_shares,net_income_nonpositive_or_missing
9236,Japan M&A Solution Incorporated,Services,1496444400.0,close_times_edinet_shares_outstanding,584229000.0,-85055000.0,,,0.3904114312566508,book_equity_over_market_equity,,missing,0.3904114312566508,,True,False,B_price_times_shares,net_income_nonpositive_or_missing
4599,StemRIM Inc.,Pharmaceutical,17770924600.0,close_times_edinet_shares_outstanding,9634875000.0,-1929437000.0,,,0.5421707208188818,book_equity_over_market_equity,,missing,0.5421707208188818,,True,False,B_price_times_shares,net_income_nonpositive_or_missing
3370,"FUJITA CORPORATION Co.,Ltd.",Retail Trade,1713476600.0,close_times_edinet_shares_outstanding,-1205885000.0,111895000.0,,,,missing,0.06530290521621364,net_income_over_market_equity,,0.06530290521621364,False,True,B_price_times_shares,book_equity_nonpositive_or_missing
5337,DANTO HOLDINGS CORPORATION,Glass and Ceramics Products,27825042000.0,close_times_edinet_shares_outstanding,12100000000.0,740000000.0,,,0.4348600803549551,book_equity_over_market_equity,0.02659474871592287,net_income_over_market_equity,0.4348600803549551,0.02659474871592287,True,True,B_price_times_shares,
2484,"DEMAE-CAN CO.,LTD",Information & Communication,13162691140.0,close_times_edinet_shares_outstanding,49371000000.0,-4975000000.0,,,3.7508287230083863,book_equity_over_market_equity,,missing,3.7508287230083863,,True,False,B_price_times_shares,net_income_nonpositive_or_missing
7837,"R.C.CORE CO.,LTD.",Other Products,1365396200.0,close_times_edinet_shares_outstanding,2547613000.0,-530768000.0,,,1.8658415777046984,book_equity_over_market_equity,,missing,1.8658415777046984,,True,False,B_price_times_shares,net_income_nonpositive_or_missing
8918,"LAND Co.,Ltd.",Real Estate,15378829000.0,close_times_edinet_shares_outstanding,9193589000.0,444478000.0,,,0.5978081296046662,book_equity_over_market_equity,0.028901940453333604,net_income_over_market_equity,0.5978081296046662,0.028901940453333604,True,True,B_price_times_shares,
2884,Yoshimura Food Holdings K.K.,Foods,14229244316.0,close_times_edinet_shares_outstanding,19253264000.0,1291839000.0,,,1.3530770554238616,book_equity_over_market_equity,0.0907876041278874,net_income_over_market_equity,1.3530770554238616,0.0907876041278874,True,True,B_price_times_shares,
4890,Tsubota Laboratory Incorporated,Pharmaceutical,6387920700.0,close_times_edinet_shares_outstanding,1587272000.0,205766000.0,,,0.2484802292551941,book_equity_over_market_equity,0.03221173362405704,net_income_over_market_equity,0.2484802292551941,0.03221173362405704,True,True,B_price_times_shares,
4073,"Global Communication Planning Co.,Ltd.",Information & Communication,1228910880.0,close_times_edinet_shares_outstanding,-482303000.0,-146336000.0,,,,missing,,missing,,,False,False,B_price_times_shares,book_equity_nonpositive_or_missing;net_income_nonpositive_or_missing
1382,"HOB Co.,Ltd.","Fishery, Agriculture and Forestry",1173779700.0,close_times_edinet_shares_outstanding,756207000.0,24712000.0,,,0.6442495129196731,book_equity_over_market_equity,0.021053354390095518,net_income_over_market_equity,0.6442495129196731,0.021053354390095518,True,True,B_price_times_shares,
9425,ReYuu Japan Inc.,Information & Communication,1282177000.0,close_times_edinet_shares_outstanding,1429910000.0,-225658000.0,,,1.115220441483508,book_equity_over_market_equity,,missing,1.115220441483508,,True,False,B_price_times_shares,net_income_nonpositive_or_missing
7878,"Kohsai Co.,Ltd.",Other Products,1333381500.0,close_times_edinet_shares_outstanding,1547055000.0,110359000.0,,,1.1602493359927373,book_equity_over_market_equity,0.08276626006885501,net_income_over_market_equity,1.1602493359927373,0.08276626006885501,True,True,B_price_times_shares,
2762,"SANKO MARKETING FOODS CO.,LTD.",Retail Trade,3652675406.0,close_times_edinet_shares_outstanding,1241000000.0,-816000000.0,,,0.3397509666370831,book_equity_over_market_equity,,missing,0.3397509666370831,,True,False,B_price_times_shares,net_income_nonpositive_or_missing
5541,"PACIFIC METALS CO.,LTD.",Iron and Steel,43780128895.0,close_times_edinet_shares_outstanding,67656000000.0,-3001000000.0,,,1.5453586297624353,book_equity_over_market_equity,,missing,1.5453586297624353,,True,False,B_price_times_shares,net_income_nonpositive_or_missing
7992,"The Sailor Pen Co.,Ltd.",Other Products,3142195524.0,close_times_edinet_shares_outstanding,-7240071000.0,-224650000.0,,,,missing,,missing,,,False,False,B_price_times_shares,book_equity_nonpositive_or_missing;net_income_nonpositive_or_missing
7886,"YAMATO Mobility & Mfg. Co.,Ltd.",Chemicals,761791467.0,close_times_edinet_shares_outstanding,1875600000.0,-339453000.0,,,2.4620911118711706,book_equity_over_market_equity,,missing,2.4620911118711706,,True,False,B_price_times_shares,net_income_nonpositive_or_missing
7074,Twenty-four seven Holdings Inc.,Services,1408692600.0,close_times_edinet_shares_outstanding,-254936000.0,-212896000.0,,,,missing,,missing,,,False,False,B_price_times_shares,book_equity_nonpositive_or_missing;net_income_nonpositive_or_missing
5247,"BTM,Inc.",Information & Communication,1684734000.0,close_times_edinet_shares_outstanding,661326000.0,64265000.0,,,0.39254030606612084,book_equity_over_market_equity,0.03814548765561804,net_income_over_market_equity,0.39254030606612084,0.03814548765561804,True,True,B_price_times_shares,
5618,Nyle Inc.,Information & Communication,2475672000.0,close_times_edinet_shares_outstanding,596582000.0,-167181000.0,,,0.2409778031984851,book_equity_over_market_equity,,missing,0.2409778031984851,,True,False,B_price_times_shares,net_income_nonpositive_or_missing
2437,"SHINWA WISE HOLDINGS CO.,LTD.",Services,4583412288.0,close_times_edinet_shares_outstanding,2999234000.0,-142340000.0,,,0.6543670548365035,book_equity_over_market_equity,,missing,0.6543670548365035,,True,False,B_price_times_shares,net_income_nonpositive_or_missing
7571,YAMANO HOLDINGS CORPORATION,Retail Trade,3032898188.0,close_times_edinet_shares_outstanding,1327349000.0,-144092000.0,,,0.43765036533432095,book_equity_over_market_equity,,missing,0.43765036533432095,,True,False,B_price_times_shares,net_income_nonpositive_or_missing
3647,"ASULINA Co.,Ltd.",Information & Communication,2340505300.0,close_times_edinet_shares_outstanding,1173293000.0,-369205000.0,,,0.5012990143624114,book_equity_over_market_equity,,missing,0.5012990143624114,,True,False,B_price_times_shares,net_income_nonpositive_or_missing
7585,KAN-NANMARU CORPORATION,Retail Trade,1577964312.0,close_times_edinet_shares_outstanding,800000000.0,-218524000.0,,,0.5069823150727886,book_equity_over_market_equity,,missing,0.5069823150727886,,True,False,B_price_times_shares,net_income_nonpositive_or_missing
2375,GiG Works Inc.,Services,4167677850.0,close_times_edinet_shares_outstanding,2797259000.0,-754270000.0,,,0.6711792755286976,book_equity_over_market_equity,,missing,0.6711792755286976,,True,False,B_price_times_shares,net_income_nonpositive_or_missing
4381,"BPLATS,Inc.",Information & Communication,749737264.0,close_times_edinet_shares_outstanding,-692893000.0,-299944000.0,,,,missing,,missing,,,False,False,B_price_times_shares,book_equity_nonpositive_or_missing;net_income_nonpositive_or_missing
3778,SAKURA internet Inc.,Information & Communication,119429111808.0,raw_market_cap,30257381000.0,2953355000.0,3.9677265,547.52295,0.25335012998039563,book_equity_over_market_equity,0.024728937151839124,net_income_over_market_equity,0.25335012998039563,0.024728937151839124,True,True,A_raw_market_cap,
7360,"ONDECK Co.,Ltd.",Services,1677931200.0,close_times_edinet_shares_outstanding,955334000.0,-151848000.0,,,0.5693523071744538,book_equity_over_market_equity,,missing,0.5693523071744538,,True,False,B_price_times_shares,net_income_nonpositive_or_missing
9073,"Kyogoku unyu shoji Co.,Ltd.",Land Transportation,3495756800.0,close_times_edinet_shares_outstanding,4241345000.0,103832000.0,,,1.2132837730588124,book_equity_over_market_equity,0.029702295079566177,net_income_over_market_equity,1.2132837730588124,0.029702295079566177,True,True,B_price_times_shares,
6659,"MEDIA LINKS CO.,LTD.",Electric Appliances,3785636700.0,close_times_edinet_shares_outstanding,2959088000.0,-607621000.0,,,0.7816619064370335,book_equity_over_market_equity,,missing,0.7816619064370335,,True,False,B_price_times_shares,net_income_nonpositive_or_missing
9241,"Future Link Network Co.,Ltd.",Services,1068235000.0,close_times_edinet_shares_outstanding,300039000.0,32751000.0,,,0.2808735905488961,book_equity_over_market_equity,0.03065898421227539,net_income_over_market_equity,0.2808735905488961,0.03065898421227539,True,True,B_price_times_shares,
7036,eMnet Japan.co.ltd.,Services,2537145600.0,close_times_edinet_shares_outstanding,777697000.0,-449587000.0,,,0.3065243870907527,book_equity_over_market_equity,,missing,0.3065243870907527,,True,False,B_price_times_shares,net_income_nonpositive_or_missing
3205,DAIDOH LIMITED,Textiles and Apparels,20671161720.0,close_times_edinet_shares_outstanding,12195000000.0,-3530000000.0,,,0.5899523290072736,book_equity_over_market_equity,,missing,0.5899523290072736,,True,False,B_price_times_shares,net_income_nonpositive_or_missing
2934,"J Frontier Co.,Ltd.",Foods,8247908100.0,close_times_edinet_shares_outstanding,3446150000.0,131865000.0,,,0.4178210957515397,book_equity_over_market_equity,0.015987690260515875,net_income_over_market_equity,0.4178210957515397,0.015987690260515875,True,True,B_price_times_shares,
4056,Neural Group Inc.,Information & Communication,4005486923.0,close_times_edinet_shares_outstanding,2266898000.0,-221197000.0,,,0.5659481714902606,book_equity_over_market_equity,,missing,0.5659481714902606,,True,False,B_price_times_shares,net_income_nonpositive_or_missing
3815,"Media Kobo,Inc.",Information & Communication,4609573800.0,close_times_edinet_shares_outstanding,708001000.0,-519594000.0,,,0.15359359253560492,book_equity_over_market_equity,,missing,0.15359359253560492,,True,False,B_price_times_shares,net_income_nonpositive_or_missing
4199,WonderPlanet Inc.,Information & Communication,1858667148.0,close_times_edinet_shares_outstanding,1183000000.0,-131578000.0,,,0.6364775970097472,book_equity_over_market_equity,,missing,0.6364775970097472,,True,False,B_price_times_shares,net_income_nonpositive_or_missing
4499,"Speee,Inc.",Information & Communication,38346039000.0,close_times_edinet_shares_outstanding,7290239000.0,-950660000.0,,,0.19011713308902647,book_equity_over_market_equity,,missing,0.19011713308902647,,True,False,B_price_times_shares,net_income_nonpositive_or_missing
1783,"Fantasista Co.,Ltd.",Real Estate,9522388456.0,close_times_edinet_shares_outstanding,-7326454000.0,-449186000.0,,,,missing,,missing,,,False,False,B_price_times_shares,book_equity_nonpositive_or_missing;net_income_nonpositive_or_missing
2978,TSUKURUBA Inc.,Real Estate,4309086600.0,close_times_edinet_shares_outstanding,1931700000.0,106639000.0,,,0.4482852584118407,book_equity_over_market_equity,0.024747472004855973,net_income_over_market_equity,0.4482852584118407,0.024747472004855973,True,True,B_price_times_shares,
3261,"GRANDES,Inc.",Real Estate,1594928786.0,close_times_edinet_shares_outstanding,2711659000.0,-144055000.0,,,1.7001755964294196,book_equity_over_market_equity,,missing,1.7001755964294196,,True,False,B_price_times_shares,net_income_nonpositive_or_missing
5892,"yutori,Inc.",Retail Trade,10164091600.0,close_times_edinet_shares_outstanding,2095198000.0,423973000.0,,,0.20613726070709557,book_equity_over_market_equity,0.0417128275388624,net_income_over_market_equity,0.20613726070709557,0.0417128275388624,True,True,B_price_times_shares,
4288,"Asgent,Inc.",Information & Communication,1598708746.0,close_times_edinet_shares_outstanding,771110000.0,-440466000.0,,,0.4823330090170158,book_equity_over_market_equity,,missing,0.4823330090170158,,True,False,B_price_times_shares,net_income_nonpositive_or_missing
2778,"PALEMO HOLDINGS CO.,LTD.",Retail Trade,1319118240.0,close_times_edinet_shares_outstanding,2205534000.0,21403000.0,,,1.6719759708576238,book_equity_over_market_equity,0.016225232394633554,net_income_over_market_equity,1.6719759708576238,0.016225232394633554,True,True,B_price_times_shares,
4777,GALA INCORPORATED,Information & Communication,6081403300.0,close_times_edinet_shares_outstanding,-7787239000.0,-822376000.0,,,,missing,,missing,,,False,False,B_price_times_shares,book_equity_nonpositive_or_missing;net_income_nonpositive_or_missing
1514,"Sumiseki Holdings,Inc.",Mining,34017922757.0,close_times_edinet_shares_outstanding,28024000000.0,8036000000.0,,,0.82380103571237,book_equity_over_market_equity,0.2362284157502357,net_income_over_market_equity,0.82380103571237,0.2362284157502357,True,True,B_price_times_shares,
3936,"Globalway,Inc.",Information & Communication,6119811600.0,close_times_edinet_shares_outstanding,1496659000.0,-330476000.0,,,0.24455965278408243,book_equity_over_market_equity,,missing,0.24455965278408243,,True,False,B_price_times_shares,net_income_nonpositive_or_missing
9331,Caster Co.Ltd.,Services,1672272380.0,close_times_edinet_shares_outstanding,1580963000.0,-393260000.0,,,0.9453980218222584,book_equity_over_market_equity,,missing,0.9453980218222584,,True,False,B_price_times_shares,net_income_nonpositive_or_missing
9229,"SUNWELS Co.,Ltd.",Services,5383811600.0,close_times_edinet_shares_outstanding,8633000000.0,-925000000.0,,,1.6035107914994648,book_equity_over_market_equity,,missing,1.6035107914994648,,True,False,B_price_times_shares,net_income_nonpositive_or_missing
4490,VisasQ Inc.,Information & Communication,6006830400.0,close_times_edinet_shares_outstanding,-11384015000.0,891901000.0,,,,missing,0.14848113574173827,net_income_over_market_equity,,0.14848113574173827,False,True,B_price_times_shares,book_equity_nonpositive_or_missing
7946,KOYOSHA INC.,Other Products,198818400.0,close_times_edinet_shares_outstanding,1790198000.0,82503000.0,,,9.00418673523175,book_equity_over_market_equity,0.414966622807547,net_income_over_market_equity,4.561669803968577,0.414966622807547,True,True,B_price_times_shares,
3315,"NIPPON COKE & ENGINEERING COMPANY,LIMITED",Oil and Coal Products,28520337202.0,close_times_edinet_shares_outstanding,41600000000.0,-14522000000.0,,,1.4586082803075269,book_equity_over_market_equity,,missing,1.4586082803075269,,True,False,B_price_times_shares,net_income_nonpositive_or_missing
3726,"4Cs HD Co.,Ltd.",Retail Trade,4098530220.0,close_times_edinet_shares_outstanding,1945753000.0,-243929000.0,,,0.47474409008993473,book_equity_over_market_equity,,missing,0.47474409008993473,,True,False,B_price_times_shares,net_income_nonpositive_or_missing
4552,"JCR Pharmaceuticals Co.,Ltd.",Pharmaceutical,56772690720.0,close_times_edinet_shares_outstanding,47435000000.0,-4759000000.0,,,0.8355249574825859,book_equity_over_market_equity,,missing,0.8355249574825859,,True,False,B_price_times_shares,net_income_nonpositive_or_missing
6558,"Cookbiz Co.,Ltd.",Services,1848471183.0,close_times_edinet_shares_outstanding,1098426000.0,-404687000.0,,,0.5942348520777562,book_equity_over_market_equity,,missing,0.5942348520777562,,True,False,B_price_times_shares,net_income_nonpositive_or_missing
3686,DLE Inc.,Information & Communication,3806434720.0,close_times_edinet_shares_outstanding,2512066000.0,-754244000.0,,,0.6599524712195773,book_equity_over_market_equity,,missing,0.6599524712195773,,True,False,B_price_times_shares,net_income_nonpositive_or_missing
4889,Renascience Inc.,Pharmaceutical,16652327000.0,close_times_edinet_shares_outstanding,1720151000.0,113427000.0,,,0.10329793547772632,book_equity_over_market_equity,0.006811480461559516,net_income_over_market_equity,0.10329793547772632,0.006811480461559516,True,True,B_price_times_shares,
4813,"ACCESS CO.,LTD.",Information & Communication,18855912600.0,close_times_edinet_shares_outstanding,-21127133000.0,-3503892000.0,,,,missing,,missing,,,False,False,B_price_times_shares,book_equity_nonpositive_or_missing;net_income_nonpositive_or_missing
3083,"Star seeds Co.,Ltd.",Retail Trade,8760465000.0,close_times_edinet_shares_outstanding,2870389000.0,152026000.0,,,0.3276525846516138,book_equity_over_market_equity,0.017353645040531523,net_income_over_market_equity,0.3276525846516138,0.017353645040531523,True,True,B_price_times_shares,
4591,RIBOMIC Inc.,Pharmaceutical,3076719660.0,close_times_edinet_shares_outstanding,4685581000.0,-1018939000.0,,,1.522914505639425,book_equity_over_market_equity,,missing,1.522914505639425,,True,False,B_price_times_shares,net_income_nonpositive_or_missing
5246,"ELEMENTS,Inc.",Information & Communication,16574013540.0,close_times_edinet_shares_outstanding,4971006000.0,-845452000.0,,,0.29992771443096095,book_equity_over_market_equity,,missing,0.29992771443096095,,True,False,B_price_times_shares,net_income_nonpositive_or_missing
2901,Wel-Dish.Incorporated,Foods,4428820836.0,close_times_edinet_shares_outstanding,3451485000.0,114258000.0,,,0.7793236908443771,book_equity_over_market_equity,0.02579874061990617,net_income_over_market_equity,0.7793236908443771,0.02579874061990617,True,True,B_price_times_shares,
5242,"EYEZ,INC.",Information & Communication,1005480000.0,close_times_edinet_shares_outstanding,600275000.0,-68010000.0,,,0.5970034212515416,book_equity_over_market_equity,,missing,0.5970034212515416,,True,False,B_price_times_shares,net_income_nonpositive_or_missing
4880,"CellSource Co.,Ltd.",Pharmaceutical,6384185164.0,close_times_edinet_shares_outstanding,6016826000.0,-18765000.0,,,0.9424579402753677,book_equity_over_market_equity,,missing,0.9424579402753677,,True,False,B_price_times_shares,net_income_nonpositive_or_missing
6619,W-SCOPE Corporation,Electric Appliances,17554545900.0,close_times_edinet_shares_outstanding,43415000000.0,-12465000000.0,,,2.4731485648967997,book_equity_over_market_equity,,missing,2.4731485648967997,,True,False,B_price_times_shares,net_income_nonpositive_or_missing
9978,"BUNKYODO GROUP HOLDINGS CO.,LTD.",Retail Trade,1971982800.0,close_times_edinet_shares_outstanding,1156076000.0,-156574000.0,,,0.586250549446983,book_equity_over_market_equity,,missing,0.586250549446983,,True,False,B_price_times_shares,net_income_nonpositive_or_missing
7694,itsumo.inc.,Retail Trade,2798984544.0,close_times_edinet_shares_outstanding,2472231000.0,100284000.0,,,0.8832599684408975,book_equity_over_market_equity,0.03582870802733522,net_income_over_market_equity,0.8832599684408975,0.03582870802733522,True,True,B_price_times_shares,
6232,ACSL Ltd.,Machinery,41196576768.0,raw_market_cap,2294904000.0,-1364099000.0,13.8002615,,0.05570618192195517,book_equity_over_market_equity,,missing,0.09741440959758958,,True,False,A_raw_market_cap,net_income_nonpositive_or_missing
5341,"ASAHI EITO HOLDINGS CO.,LTD.",Glass and Ceramics Products,1528221552.0,close_times_edinet_shares_outstanding,-2652311000.0,-340786000.0,,,,missing,,missing,,,False,False,B_price_times_shares,book_equity_nonpositive_or_missing;net_income_nonpositive_or_missing
4891,"TMS Co.,Ltd.",Pharmaceutical,5867663943.0,close_times_edinet_shares_outstanding,2771131000.0,-716058000.0,,,0.4722715934176669,book_equity_over_market_equity,,missing,0.4722715934176669,,True,False,B_price_times_shares,net_income_nonpositive_or_missing
3187,miratap inc.,Retail Trade,4200336800.0,close_times_edinet_shares_outstanding,2903745000.0,-447885000.0,,,0.6913124204706632,book_equity_over_market_equity,,missing,0.6913124204706632,,True,False,B_price_times_shares,net_income_nonpositive_or_missing
3753,FLIGHT SOLUTIONS Inc.,Information & Communication,2127745500.0,close_times_edinet_shares_outstanding,-2429384000.0,-382695000.0,,,,missing,,missing,,,False,False,B_price_times_shares,book_equity_nonpositive_or_missing;net_income_nonpositive_or_missing
8107,KIMURATAN CORPORATION,Textiles and Apparels,8440591830.0,close_times_edinet_shares_outstanding,-4796645000.0,-85542000.0,,,,missing,,missing,,,False,False,B_price_times_shares,book_equity_nonpositive_or_missing;net_income_nonpositive_or_missing
2673,"YUMEMITSUKETAI Co.,Ltd.",Retail Trade,961086500.0,close_times_edinet_shares_outstanding,2425332000.0,90484000.0,,,2.5235314407183953,book_equity_over_market_equity,0.09414761314408225,net_income_over_market_equity,2.5235314407183953,0.09414761314408225,True,True,B_price_times_shares,
5616,"Ame Kaze Taiyo,Inc.",Information & Communication,1919496150.0,close_times_edinet_shares_outstanding,347992000.0,-4146000.0,,,0.18129340868956678,book_equity_over_market_equity,,missing,0.18129340868956678,,True,False,B_price_times_shares,net_income_nonpositive_or_missing
2936,"BASE FOOD,Inc.",Foods,15911431370.0,close_times_edinet_shares_outstanding,1355547000.0,262372000.0,,,0.08519327824621727,book_equity_over_market_equity,0.016489528433921152,net_income_over_market_equity,0.09741440959758958,0.016489528433921152,True,True,B_price_times_shares,
7527,SystemSoft Corporation,Information & Communication,4155304860.0,close_times_edinet_shares_outstanding,4354235000.0,-268112000.0,,,1.047873777424841,book_equity_over_market_equity,,missing,1.047873777424841,,True,False,B_price_times_shares,net_income_nonpositive_or_missing
2586,FRUTA FRUTA INC.,Foods,9636387486.0,close_times_edinet_shares_outstanding,2955961000.0,270978000.0,,,0.30674991061686746,book_equity_over_market_equity,0.028120288893912167,net_income_over_market_equity,0.30674991061686746,0.028120288893912167,True,True,B_price_times_shares,
3681,"V-cube,Inc.",Information & Communication,621060000.0,close_times_edinet_shares_outstanding,-6273513000.0,-3941033000.0,,,,missing,,missing,,,False,False,B_price_times_shares,book_equity_nonpositive_or_missing;net_income_nonpositive_or_missing
5597,"Blue innovation Co.,Ltd.",Information & Communication,7253929599.0,close_times_edinet_shares_outstanding,-1329450000.0,-635461000.0,,,,missing,,missing,,,False,False,B_price_times_shares,book_equity_nonpositive_or_missing;net_income_nonpositive_or_missing
6177,AppBank Inc.,Services,2223122100.0,close_times_edinet_shares_outstanding,2022501000.0,-519247000.0,,,0.9097570484320227,book_equity_over_market_equity,,missing,0.9097570484320227,,True,False,B_price_times_shares,net_income_nonpositive_or_missing
4584,Kidswell Bio Corporation,Pharmaceutical,7096569169.0,close_times_edinet_shares_outstanding,-12730223000.0,557734000.0,,,,missing,0.07859206141981309,net_income_over_market_equity,,0.07859206141981309,False,True,B_price_times_shares,book_equity_nonpositive_or_missing
3628,"DATA HORIZON CO.,LTD.",Information & Communication,7728989520.0,close_times_edinet_shares_outstanding,-3911296000.0,-3428832000.0,,,,missing,,missing,,,False,False,B_price_times_shares,book_equity_nonpositive_or_missing;net_income_nonpositive_or_missing
4881,FunPep Company Limited,Pharmaceutical,2373168600.0,close_times_edinet_shares_outstanding,-3755934000.0,-1994454000.0,,,,missing,,missing,,,False,False,B_price_times_shares,book_equity_nonpositive_or_missing;net_income_nonpositive_or_missing
4316,"BeMap,Inc.",Information & Communication,545641200.0,close_times_edinet_shares_outstanding,934551000.0,-182192000.0,,,1.7127573944196297,book_equity_over_market_equity,,missing,1.7127573944196297,,True,False,B_price_times_shares,net_income_nonpositive_or_missing
4424,"Amazia,inc.",Information & Communication,1407542200.0,close_times_edinet_shares_outstanding,907103000.0,-373224000.0,,,0.6444588304350661,book_equity_over_market_equity,,missing,0.6444588304350661,,True,False,B_price_times_shares,net_income_nonpositive_or_missing
3041,"Beauty Kadan Holdings Co.,Ltd.",Wholesale Trade,2334093000.0,close_times_edinet_shares_outstanding,610300000.0,85166000.0,,,0.26147201503967493,book_equity_over_market_equity,0.03648783488918394,net_income_over_market_equity,0.26147201503967493,0.03648783488918394,True,True,B_price_times_shares,
6085,ARCHITECTS STUDIO JAPAN INC.,Services,41460226914.0,close_times_edinet_shares_outstanding,-2611738000.0,-666625000.0,,,,missing,,missing,,,False,False,B_price_times_shares,book_equity_nonpositive_or_missing;net_income_nonpositive_or_missing
8938,"GLOME Holdings,Inc.",Real Estate,2868976800.0,close_times_edinet_shares_outstanding,7838000000.0,149000000.0,,,2.731984448253468,book_equity_over_market_equity,0.05193489190989624,net_income_over_market_equity,2.731984448253468,0.05193489190989624,True,True,B_price_times_shares,
3664,WIZE INC.,Information & Communication,2031319368.0,close_times_edinet_shares_outstanding,2050146000.0,-643247000.0,,,1.0092681792418177,book_equity_over_market_equity,,missing,1.0092681792418177,,True,False,B_price_times_shares,net_income_nonpositive_or_missing
4592,SanBio Company Limited,Pharmaceutical,100829466836.0,close_times_edinet_shares_outstanding,19465240000.0,-3842612000.0,,,0.19305110510660917,book_equity_over_market_equity,,missing,0.19305110510660917,,True,False,B_price_times_shares,net_income_nonpositive_or_missing
6081,"Allied Architects,Inc.",Services,3059876426.0,close_times_edinet_shares_outstanding,1950234000.0,-743342000.0,,,0.6373571113619867,book_equity_over_market_equity,,missing,0.6373571113619867,,True,False,B_price_times_shares,net_income_nonpositive_or_missing
5131,Linkers Corporation,Information & Communication,1766016000.0,close_times_edinet_shares_outstanding,1281546000.0,-548214000.0,,,0.7256706621004566,book_equity_over_market_equity,,missing,0.7256706621004566,,True,False,B_price_times_shares,net_income_nonpositive_or_missing
3672,AltPlusInc.,Information & Communication,2260380990.0,close_times_edinet_shares_outstanding,1389670000.0,-480221000.0,,,0.6147945882344374,book_equity_over_market_equity,,missing,0.6147945882344374,,True,False,B_price_times_shares,net_income_nonpositive_or_missing
3409,"KITABO CO.,LTD",Textiles and Apparels,2688854812.0,close_times_edinet_shares_outstanding,-1520980000.0,-55751000.0,,,,missing,,missing,,,False,False,B_price_times_shares,book_equity_nonpositive_or_missing;net_income_nonpositive_or_missing
1711,"SDS HOLDINGS Co.,Ltd.",Construction,2322816771.0,close_times_edinet_shares_outstanding,-4085076000.0,-190316000.0,,,,missing,,missing,,,False,False,B_price_times_shares,book_equity_nonpositive_or_missing;net_income_nonpositive_or_missing
9812,"T.O. Holdings CO.,LTD.",Retail Trade,1480408776.0,close_times_edinet_shares_outstanding,1541190000.0,63121000.0,,,1.0410570546361042,book_equity_over_market_equity,0.042637547833612684,net_income_over_market_equity,1.0410570546361042,0.042637547833612684,True,True,B_price_times_shares,
7578,"NICHIRYOKU CO.,LTD.",Retail Trade,1564551450.0,close_times_edinet_shares_outstanding,4585650000.0,-271014000.0,,,2.930967850242317,book_equity_over_market_equity,,missing,2.930967850242317,,True,False,B_price_times_shares,net_income_nonpositive_or_missing
4169,ENECHANGE Ltd.,Information & Communication,8696095680.0,close_times_edinet_shares_outstanding,11683546000.0,-3430474000.0,,,1.3435392651981493,book_equity_over_market_equity,,missing,1.3435392651981493,,True,False,B_price_times_shares,net_income_nonpositive_or_missing
7815,"TOKYO BOARD INDUSTRIES CO.,LTD.",Other Products,711249154.0,close_times_edinet_shares_outstanding,1790932000.0,-777831000.0,,,2.5180093219485222,book_equity_over_market_equity,,missing,2.5180093219485222,,True,False,B_price_times_shares,net_income_nonpositive_or_missing
6579,"logly,Inc.",Services,1388095000.0,close_times_edinet_shares_outstanding,601434000.0,-189375000.0,,,0.43328014292969863,book_equity_over_market_equity,,missing,0.43328014292969863,,True,False,B_price_times_shares,net_income_nonpositive_or_missing
9878,"SEKIDO CO.,LTD.",Retail Trade,912767744.0,close_times_edinet_shares_outstanding,504378000.0,-545377000.0,,,0.5525808764775982,book_equity_over_market_equity,,missing,0.5525808764775982,,True,False,B_price_times_shares,net_income_nonpositive_or_missing
4179,G-NEXT Inc.,Information & Communication,1730356804.0,close_times_edinet_shares_outstanding,-1449765000.0,-218573000.0,,,,missing,,missing,,,False,False,B_price_times_shares,book_equity_nonpositive_or_missing;net_income_nonpositive_or_missing
4265,Institution for a Global Society Corporation,Information & Communication,1050666900.0,close_times_edinet_shares_outstanding,982467000.0,-336333000.0,,,0.9350889420805014,book_equity_over_market_equity,,missing,0.9350889420805014,,True,False,B_price_times_shares,net_income_nonpositive_or_missing
4563,"AnGes,Inc.",Pharmaceutical,18990064800.0,close_times_edinet_shares_outstanding,-51637863000.0,-5659293000.0,,,,missing,,missing,,,False,False,B_price_times_shares,book_equity_nonpositive_or_missing;net_income_nonpositive_or_missing
4893,Noile-Immune Biotech Inc.,Pharmaceutical,5845724775.0,close_times_edinet_shares_outstanding,-4147239000.0,-793536000.0,,,,missing,,missing,,,False,False,B_price_times_shares,book_equity_nonpositive_or_missing;net_income_nonpositive_or_missing
7689,Copa Corporation Inc.,Wholesale Trade,1161456800.0,close_times_edinet_shares_outstanding,767532000.0,-272126000.0,,,0.6608355988789252,book_equity_over_market_equity,,missing,0.6608355988789252,,True,False,B_price_times_shares,net_income_nonpositive_or_missing
8143,"LAPINE CO.,LTD.",Textiles and Apparels,423113756.0,close_times_edinet_shares_outstanding,849263000.0,-259501000.0,,,2.007174165237965,book_equity_over_market_equity,,missing,2.007174165237965,,True,False,B_price_times_shares,net_income_nonpositive_or_missing
9238,"VALUE CREATION CO.,LTD.",Services,1148039320.0,close_times_edinet_shares_outstanding,234122000.0,-260975000.0,,,0.2039320395402485,book_equity_over_market_equity,,missing,0.2039320395402485,,True,False,B_price_times_shares,net_income_nonpositive_or_missing
2459,"AUN CONSULTING,Inc.",Services,1440537600.0,close_times_edinet_shares_outstanding,538774000.0,-130380000.0,,,0.3740089810915036,book_equity_over_market_equity,,missing,0.3740089810915036,,True,False,B_price_times_shares,net_income_nonpositive_or_missing
7901,MATSUMOTO INC.,Other Products,1006436900.0,close_times_edinet_shares_outstanding,2521310000.0,-653358000.0,,,2.5051843786729204,book_equity_over_market_equity,,missing,2.5051843786729204,,True,False,B_price_times_shares,net_income_nonpositive_or_missing
5721,S Crypto Energy Inc.,Nonferrous Metals,9628232132.0,close_times_edinet_shares_outstanding,2871007000.0,-96734000.0,,,0.29818630883005387,book_equity_over_market_equity,,missing,0.29818630883005387,,True,False,B_price_times_shares,net_income_nonpositive_or_missing
7078,INCLUSIVE Holdings Inc.,Services,3809514331.0,close_times_edinet_shares_outstanding,2859197000.0,-1374417000.0,,,0.7505410799306428,book_equity_over_market_equity,,missing,0.7505410799306428,,True,False,B_price_times_shares,net_income_nonpositive_or_missing
3070,"JELLY BEANS GROUP Co.,Ltd.",Wholesale Trade,7423470800.0,close_times_edinet_shares_outstanding,4931231000.0,-641310000.0,,,0.6642756646931244,book_equity_over_market_equity,,missing,0.6642756646931244,,True,False,B_price_times_shares,net_income_nonpositive_or_missing
5535,MIGALO HOLDINGS Inc.,Real Estate,15201305700.0,close_times_edinet_shares_outstanding,11273443000.0,1390779000.0,,,0.7416101762890013,book_equity_over_market_equity,0.09149075924445095,net_income_over_market_equity,0.7416101762890013,0.09149075924445095,True,True,B_price_times_shares,
4883,Modalis Therapeutics Corporation,Pharmaceutical,3850826214.0,close_times_edinet_shares_outstanding,3049832000.0,-2249224000.0,,,0.7919941930674724,book_equity_over_market_equity,,missing,0.7919941930674724,,True,False,B_price_times_shares,net_income_nonpositive_or_missing
3137,"Fundely Co.,Ltd.",Retail Trade,1254825000.0,close_times_edinet_shares_outstanding,280708000.0,-183577000.0,,,0.22370290677982985,book_equity_over_market_equity,,missing,0.22370290677982985,,True,False,B_price_times_shares,net_income_nonpositive_or_missing
5240,"monoAI technology Co.,Ltd.",Information & Communication,1680277600.0,close_times_edinet_shares_outstanding,1510319000.0,-336159000.0,,,0.8988508803545319,book_equity_over_market_equity,,missing,0.8988508803545319,,True,False,B_price_times_shares,net_income_nonpositive_or_missing
9327,"e-LogiT co.,ltd.",Warehousing and Harbor Transportation Service,1712443200.0,close_times_edinet_shares_outstanding,-1330570000.0,123713000.0,,,,missing,0.07224356404930686,net_income_over_market_equity,,0.07224356404930686,False,True,B_price_times_shares,book_equity_nonpositive_or_missing
6173,Aqualine Ltd.,Services,90260677.0,close_times_edinet_shares_outstanding,-1725636000.0,-511710000.0,,,,missing,,missing,,,False,False,B_price_times_shares,book_equity_nonpositive_or_missing;net_income_nonpositive_or_missing
9235,"Ureru Net Advertising Group Co.,Ltd.",Services,4171033230.0,close_times_edinet_shares_outstanding,733570000.0,-491838000.0,,,0.175872489992126,book_equity_over_market_equity,,missing,0.175872489992126,,True,False,B_price_times_shares,net_income_nonpositive_or_missing
3823,"THE WHY HOW DO COMPANY,Inc.",Information & Communication,4731144948.0,close_times_edinet_shares_outstanding,-3917038000.0,-202734000.0,,,,missing,,missing,,,False,False,B_price_times_shares,book_equity_nonpositive_or_missing;net_income_nonpositive_or_missing
7615,"KYOTO KIMONO YUZEN HOLDINGS Co.,Ltd.",Retail Trade,1380787200.0,close_times_edinet_shares_outstanding,1979310000.0,-936778000.0,,,1.4334649104510817,book_equity_over_market_equity,,missing,1.4334649104510817,,True,False,B_price_times_shares,net_income_nonpositive_or_missing
7138,"TORICO Co.,Ltd.",Retail Trade,210835600.0,close_times_edinet_shares_outstanding,808744000.0,-467679000.0,,,3.8358986812473796,book_equity_over_market_equity,,missing,3.8358986812473796,,True,False,B_price_times_shares,net_income_nonpositive_or_missing
8894,"REVOLUTION CO.,LTD.",Real Estate,3032865888.0,close_times_edinet_shares_outstanding,18082727000.0,-17430269000.0,,,5.962257372324668,book_equity_over_market_equity,,missing,4.561669803968577,,True,False,B_price_times_shares,net_income_nonpositive_or_missing
4598,"Delta-Fly Pharma,Inc.",Pharmaceutical,1584110500.0,close_times_edinet_shares_outstanding,-9931290000.0,-1721164000.0,,,,missing,,missing,,,False,False,B_price_times_shares,book_equity_nonpositive_or_missing;net_income_nonpositive_or_missing
3133,"kaihan co.,Ltd.",Retail Trade,8474367450.0,close_times_edinet_shares_outstanding,-2585763000.0,-971053000.0,,,,missing,,missing,,,False,False,B_price_times_shares,book_equity_nonpositive_or_missing;net_income_nonpositive_or_missing
9610,WILSON LEARNING WORLDWIDE INC.,Services,904336740.0,close_times_edinet_shares_outstanding,-1664569000.0,-386041000.0,,,,missing,,missing,,,False,False,B_price_times_shares,book_equity_nonpositive_or_missing;net_income_nonpositive_or_missing
3787,"Techno Mathematical Co.,Ltd.",Information & Communication,860876000.0,close_times_edinet_shares_outstanding,-2422588000.0,-285004000.0,,,,missing,,missing,,,False,False,B_price_times_shares,book_equity_nonpositive_or_missing;net_income_nonpositive_or_missing
5856,"Life Intelligent Enterprise Holdings Co.,Ltd.",Retail Trade,762646500.0,close_times_edinet_shares_outstanding,3195984000.0,555376000.0,,,4.190649271975942,book_equity_over_market_equity,0.7282220530743929,net_income_over_market_equity,4.190649271975942,0.4713793788347592,True,True,B_price_times_shares,
5129,FIXER Inc.,Information & Communication,3866140800.0,close_times_edinet_shares_outstanding,3807000000.0,-2120000000.0,,,0.9847028851096162,book_equity_over_market_equity,,missing,0.9847028851096162,,True,False,B_price_times_shares,net_income_nonpositive_or_missing
3825,"Remixpoint,inc.",Retail Trade,24792071400.0,close_times_edinet_shares_outstanding,17911000000.0,816000000.0,,,0.7224487099532958,book_equity_over_market_equity,0.032913748384896954,net_income_over_market_equity,0.7224487099532958,0.032913748384896954,True,True,B_price_times_shares,
4425,Kudan Inc.,Information & Communication,20875153950.0,close_times_edinet_shares_outstanding,3927201000.0,-808217000.0,,,0.18812800180570644,book_equity_over_market_equity,,missing,0.18812800180570644,,True,False,B_price_times_shares,net_income_nonpositive_or_missing
4575,"CanBas Co.,Ltd.",Pharmaceutical,11683970915.0,close_times_edinet_shares_outstanding,-14011017000.0,-1157918000.0,,,,missing,,missing,,,False,False,B_price_times_shares,book_equity_nonpositive_or_missing;net_income_nonpositive_or_missing
7426,Yamadai Corporation,Wholesale Trade,555434000.0,close_times_edinet_shares_outstanding,2280000000.0,-1436955000.0,,,4.104898151715595,book_equity_over_market_equity,,missing,4.104898151715595,,True,False,B_price_times_shares,net_income_nonpositive_or_missing
3624,AXEL MARK INC.,Information & Communication,1724324800.0,close_times_edinet_shares_outstanding,1452044000.0,-763131000.0,,,0.8420942504567585,book_equity_over_market_equity,,missing,0.8420942504567585,,True,False,B_price_times_shares,net_income_nonpositive_or_missing
4438,Welby Inc.,Information & Communication,2176478066.0,close_times_edinet_shares_outstanding,-2433812000.0,-539688000.0,,,,missing,,missing,,,False,False,B_price_times_shares,book_equity_nonpositive_or_missing;net_income_nonpositive_or_missing
5216,"KURAMOTO CO.,LTD.",Glass and Ceramics Products,5973052100.0,close_times_edinet_shares_outstanding,3629524000.0,-3080720000.0,,,0.6076498144056035,book_equity_over_market_equity,,missing,0.6076498144056035,,True,False,B_price_times_shares,net_income_nonpositive_or_missing
3667,"enish,inc.",Information & Communication,1363409760.0,close_times_edinet_shares_outstanding,-9043210000.0,-1151722000.0,,,,missing,,missing,,,False,False,B_price_times_shares,book_equity_nonpositive_or_missing;net_income_nonpositive_or_missing
6573,CRAVIA Inc.,Services,976867320.0,close_times_edinet_shares_outstanding,-610844000.0,-263897000.0,,,,missing,,missing,,,False,False,B_price_times_shares,book_equity_nonpositive_or_missing;net_income_nonpositive_or_missing
3237,"INTRANCE CO.,LTD.",Real Estate,3254466880.0,close_times_edinet_shares_outstanding,-1960518000.0,-439788000.0,,,,missing,,missing,,,False,False,B_price_times_shares,book_equity_nonpositive_or_missing;net_income_nonpositive_or_missing
7603,"Gyet Co.,Ltd.",Retail Trade,5215793660.0,close_times_edinet_shares_outstanding,-6784000000.0,-3076000000.0,,,,missing,,missing,,,False,False,B_price_times_shares,book_equity_nonpositive_or_missing;net_income_nonpositive_or_missing
6731,PIXELA CORPORATION,Electric Appliances,14127926088.0,close_times_edinet_shares_outstanding,-2065771000.0,-853899000.0,,,,missing,,missing,,,False,False,B_price_times_shares,book_equity_nonpositive_or_missing;net_income_nonpositive_or_missing
2667,"ImageONE Co.,Ltd.",Wholesale Trade,2695929600.0,close_times_edinet_shares_outstanding,-3880627000.0,-559333000.0,,,,missing,,missing,,,False,False,B_price_times_shares,book_equity_nonpositive_or_missing;net_income_nonpositive_or_missing
6721,Wintest Corp.,Electric Appliances,4528280800.0,close_times_edinet_shares_outstanding,-4371444000.0,-1242428000.0,,,,missing,,missing,,,False,False,B_price_times_shares,book_equity_nonpositive_or_missing;net_income_nonpositive_or_missing
3750,"ADR120S,Inc.",Information & Communication,7160431638.0,close_times_edinet_shares_outstanding,-5875306000.0,-3168302000.0,,,,missing,,missing,,,False,False,B_price_times_shares,book_equity_nonpositive_or_missing;net_income_nonpositive_or_missing
4896,"K Pharma,Inc.",Pharmaceutical,8031216600.0,close_times_edinet_shares_outstanding,2248487000.0,-993227000.0,,,0.27996841723830485,book_equity_over_market_equity,,missing,0.27996841723830485,,True,False,B_price_times_shares,net_income_nonpositive_or_missing
4833,"Def consulting,inc.",Services,1523704780.0,close_times_edinet_shares_outstanding,943178000.0,-427937000.0,,,0.6190031116132615,book_equity_over_market_equity,,missing,0.6190031116132615,,True,False,B_price_times_shares,net_income_nonpositive_or_missing
3810,"CyberStep Holdings,Inc.",Information & Communication,4245538944.0,close_times_edinet_shares_outstanding,-7213000000.0,-2194000000.0,,,,missing,,missing,,,False,False,B_price_times_shares,book_equity_nonpositive_or_missing;net_income_nonpositive_or_missing
2370,"MEDINET Co.,Ltd.",Services,7412417544.0,close_times_edinet_shares_outstanding,5102250000.0,-1362138000.0,,,0.6883381797791503,book_equity_over_market_equity,,missing,0.6883381797791503,,True,False,B_price_times_shares,net_income_nonpositive_or_missing
4588,Oncolys BioPharma Inc.,Pharmaceutical,68731887616.0,raw_market_cap,4366132000.0,-2058049000.0,34.25877,,0.06352411015383803,book_equity_over_market_equity,,missing,0.09741440959758958,,True,False,A_raw_market_cap,net_income_nonpositive_or_missing
4564,"OncoTherapy Science,Inc.",Pharmaceutical,5830515600.0,close_times_edinet_shares_outstanding,27516414000.0,-815285000.0,,,4.719379191781941,book_equity_over_market_equity,,missing,4.561669803968577,,True,False,B_price_times_shares,net_income_nonpositive_or_missing
7794,EDP Corporation,Other Products,16886009600.0,close_times_edinet_shares_outstanding,3539613000.0,-2306367000.0,,,0.20961808525798778,book_equity_over_market_equity,,missing,0.20961808525798778,,True,False,B_price_times_shares,net_income_nonpositive_or_missing
2656,Vector HOLDINGS Inc.,Retail Trade,4333403400.0,close_times_edinet_shares_outstanding,-3752799000.0,-794799000.0,,,,missing,,missing,,,False,False,B_price_times_shares,book_equity_nonpositive_or_missing;net_income_nonpositive_or_missing
4892,Cyfuse Biomedical K.K.,Pharmaceutical,5802772800.0,close_times_edinet_shares_outstanding,4450471000.0,-763843000.0,,,0.7669559283796188,book_equity_over_market_equity,,missing,0.7669559283796188,,True,False,B_price_times_shares,net_income_nonpositive_or_missing
7776,CellSeed Inc.,Precision Instruments,9233812560.0,close_times_edinet_shares_outstanding,2256326000.0,-1104101000.0,,,0.24435475437027931,book_equity_over_market_equity,,missing,0.24435475437027931,,True,False,B_price_times_shares,net_income_nonpositive_or_missing
4894,Cuorips Inc.,Pharmaceutical,36928548960.0,close_times_edinet_shares_outstanding,6566108000.0,-645315000.0,,,0.17780574067809243,book_equity_over_market_equity,,missing,0.17780574067809243,,True,False,B_price_times_shares,net_income_nonpositive_or_missing
4571,"Nano Holdings,Inc.",Pharmaceutical,7906646496.0,close_times_edinet_shares_outstanding,5546832000.0,-996062000.0,,,0.7015404068976856,book_equity_over_market_equity,,missing,0.7015404068976856,,True,False,B_price_times_shares,net_income_nonpositive_or_missing
9348,"ispace,inc.",Services,62229053124.0,close_times_edinet_shares_outstanding,-18644439000.0,-13539039000.0,,,,missing,,missing,,,False,False,B_price_times_shares,book_equity_nonpositive_or_missing;net_income_nonpositive_or_missing
4583,Chiome Bioscience Inc.,Pharmaceutical,5386720400.0,close_times_edinet_shares_outstanding,2025797000.0,-982779000.0,,,0.37607242432705434,book_equity_over_market_equity,,missing,0.37607242432705434,,True,False,B_price_times_shares,net_income_nonpositive_or_missing
4576,"D.Western Therapeutics Institute, Inc.",Pharmaceutical,3913668864.0,close_times_edinet_shares_outstanding,1435449000.0,-632087000.0,,,0.36677834785768937,book_equity_over_market_equity,,missing,0.36677834785768937,,True,False,B_price_times_shares,net_income_nonpositive_or_missing
2345,"HODL1,inc.",Information & Communication,4106161436.0,close_times_edinet_shares_outstanding,5673782000.0,-1806412000.0,,,1.381772755025212,book_equity_over_market_equity,,missing,1.381772755025212,,True,False,B_price_times_shares,net_income_nonpositive_or_missing
3189,ANAP HOLDINGS INC.,Retail Trade,4713427684.0,close_times_edinet_shares_outstanding,12935161000.0,-2660020000.0,,,2.744321514448847,book_equity_over_market_equity,,missing,2.744321514448847,,True,False,B_price_times_shares,net_income_nonpositive_or_missing
7063,Birdman Inc.,Services,1738020500.0,close_times_edinet_shares_outstanding,-4023567000.0,-715869000.0,,,,missing,,missing,,,False,False,B_price_times_shares,book_equity_nonpositive_or_missing;net_income_nonpositive_or_missing
2338,"Quantum Solutions Co.,Ltd.",Information & Communication,6682073448.0,close_times_edinet_shares_outstanding,-9200607000.0,-2655157000.0,,,,missing,,missing,,,False,False,B_price_times_shares,book_equity_nonpositive_or_missing;net_income_nonpositive_or_missing
4586,"Medrx Co.,Ltd.",Pharmaceutical,3680636200.0,close_times_edinet_shares_outstanding,2358402000.0,-964898000.0,,,0.640759333943409,book_equity_over_market_equity,,missing,0.640759333943409,,True,False,B_price_times_shares,net_income_nonpositive_or_missing
2134,"Kitahama Capital Partners Co.,Ltd.",Services,15163595804.0,close_times_edinet_shares_outstanding,-9409332000.0,-835207000.0,,,,missing,,missing,,,False,False,B_price_times_shares,book_equity_nonpositive_or_missing;net_income_nonpositive_or_missing
4884,"Kringle Pharma,Inc.",Pharmaceutical,2795908500.0,close_times_edinet_shares_outstanding,2888081000.0,-916255000.0,,,1.0329669229161111,book_equity_over_market_equity,,missing,1.0329669229161111,,True,False,B_price_times_shares,net_income_nonpositive_or_missing
4572,"Carna Biosciences,Inc.",Pharmaceutical,8652705600.0,close_times_edinet_shares_outstanding,2196625000.0,-2171470000.0,,,0.2538656810420084,book_equity_over_market_equity,,missing,0.2538656810420084,,True,False,B_price_times_shares,net_income_nonpositive_or_missing
2721,J-Holdings Corp.,Wholesale Trade,1131427500.0,close_times_edinet_shares_outstanding,-967974000.0,-256806000.0,,,,missing,,missing,,,False,False,B_price_times_shares,book_equity_nonpositive_or_missing;net_income_nonpositive_or_missing
4594,"BrightPath Biotherapeutics Co.,Ltd.",Pharmaceutical,5045830200.0,close_times_edinet_shares_outstanding,-3804864000.0,-1151149000.0,,,,missing,,missing,,,False,False,B_price_times_shares,book_equity_nonpositive_or_missing;net_income_nonpositive_or_missing
4882,Perseus Proteomics Inc.,Pharmaceutical,2256673500.0,close_times_edinet_shares_outstanding,-3808501000.0,-904800000.0,,,,missing,,missing,,,False,False,B_price_times_shares,book_equity_nonpositive_or_missing;net_income_nonpositive_or_missing
4582,SymBio Pharmaceuticals Limited,Pharmaceutical,5383312950.0,close_times_edinet_shares_outstanding,-37696551000.0,-4901880000.0,,,,missing,,missing,,,False,False,B_price_times_shares,book_equity_nonpositive_or_missing;net_income_nonpositive_or_missing
