code,doc_id,gross_profit,revenue,cost_of_sales,gp_method,gp_tag,revenue_tag,cost_tag
1301,S100W543,38819000000.0,302681000000.0,263861000000.0,direct_gross_profit,GrossProfit,NetSales,CostOfSales
1332,S100W2X5,139250000000.0,886126000000.0,746875000000.0,direct_gross_profit,GrossProfit,NetSales,CostOfSales
1333,S100W172,145598000000.0,1078631000000.0,933033000000.0,direct_gross_profit,GrossProfit,NetSales,CostOfSales
1375,S100W4PR,13651000000.0,37102000000.0,39487000000.0,direct_gross_profit,GrossProfitIFRS,RevenueIFRS,CostOfSalesIFRS
1376,S100WL4U,9536545000.0,64508666000.0,54972120000.0,direct_gross_profit,GrossProfit,NetSales,CostOfSales
1377,S100WKSN,58486000000.0,92920000000.0,34434000000.0,direct_gross_profit,GrossProfit,NetSales,CostOfSales
1379,S100W0ZY,23760000000.0,83104000000.0,59344000000.0,direct_gross_profit,GrossProfit,NetSales,CostOfSales
1380,S100W98M,1908089000.0,7957457000.0,6049367000.0,direct_gross_profit,GrossProfit,NetSales,CostOfSales
1381,S100WPSG,6663000000.0,26426000000.0,19762000000.0,direct_gross_profit,GrossProfit,NetSales,CostOfSales
1382,S100WPAF,550075000.0,2412711000.0,1862636000.0,direct_gross_profit,GrossProfit,NetSales,CostOfSales
1383,S100XHX5,1716991000.0,7303461000.0,5586470000.0,direct_gross_profit,GrossProfit,NetSales,CostOfSales
1384,S100W83V,3809000000.0,19397000000.0,15588000000.0,direct_gross_profit,GrossProfit,NetSales,CostOfSales
1401,S100WLH6,1490049000.0,4713002000.0,3222952000.0,direct_gross_profit,GrossProfit,NetSales,CostOfSales
1407,S100X68L,16292000000.0,47250000000.0,30958000000.0,direct_gross_profit,GrossProfit,NetSales,CostOfSales
1414,S100WQS8,26503000000.0,90712000000.0,64208000000.0,direct_gross_profit,GrossProfit,NetSales,CostOfSales
1417,S100VZQA,84851000000.0,578599000000.0,493748000000.0,direct_gross_profit,GrossProfit,NetSales,CostOfSales
1418,S100Y600,3641039000.0,16336273000.0,12695233000.0,direct_gross_profit,GrossProfit,NetSales,CostOfSales
1419,S100WL4I,51105000000.0,200817000000.0,149711000000.0,direct_gross_profit,GrossProfit,NetSales,CostOfSales
1420,S100W59G,9235699000.0,45518339000.0,36282640000.0,direct_gross_profit,GrossProfit,NetSales,CostOfSales
1429,S100XUQB,7738522000.0,33670846000.0,25932324000.0,direct_gross_profit,GrossProfit,NetSales,CostOfSales
1430,S100WLC9,4197572000.0,43194307000.0,38996735000.0,direct_gross_profit,GrossProfit,NetSales,CostOfSales
1431,S100WQNU,4390806000.0,16004726000.0,11613919000.0,direct_gross_profit,GrossProfit,NetSales,CostOfSales
1433,S100XZ7G,2237610000.0,11140386000.0,8902775000.0,direct_gross_profit,GrossProfit,NetSales,CostOfSales
1434,S100X6GM,3141134000.0,19067640000.0,15926506000.0,direct_gross_profit,GrossProfit,NetSales,CostOfSales
1435,S100XSYD,5646708000.0,24068206000.0,18421497000.0,direct_gross_profit,GrossProfit,NetSales,CostOfSales
1436,S100WEBB,2802874000.0,11616630000.0,8813755000.0,direct_gross_profit,GrossProfit,NetSales,CostOfSales
1438,S100XCY4,1800159000.0,6271357000.0,4471198000.0,direct_gross_profit,GrossProfit,NetSales,CostOfSales
1443,S100W3WQ,1297563000.0,4906441000.0,3608878000.0,direct_gross_profit,GrossProfit,NetSales,CostOfSales
1444,S100WX6F,1313925000.0,5279959000.0,3966033000.0,direct_gross_profit,GrossProfit,NetSales,CostOfSales
1446,S100XBZH,5013437000.0,13860556000.0,8847118000.0,direct_gross_profit,GrossProfit,NetSales,CostOfSales
1447,S100W8I9,7163256000.0,28855658000.0,21692401000.0,direct_gross_profit,GrossProfit,NetSales,CostOfSales
1450,S100W14I,3310153000.0,12286088000.0,8975934000.0,direct_gross_profit,GrossProfit,NetSales,CostOfSales
1491,S100W768,3925129000.0,162345165000.0,158420035000.0,direct_gross_profit,GrossProfit,NetSales,CostOfSales
1514,S100W829,1294000000.0,10264000000.0,8970000000.0,direct_gross_profit,GrossProfit,NetSales,CostOfSales
1515,S100W6HN,34231000000.0,196766000000.0,162535000000.0,direct_gross_profit,GrossProfit,NetSales,CostOfSales
1518,S100W0ET,22326000000.0,60574000000.0,38248000000.0,direct_gross_profit,GrossProfit,NetSales,CostOfSales
1605,S100XU9L,1146836000000.0,2011351000000.0,864515000000.0,direct_gross_profit,GrossProfitIFRS,RevenueIFRS,CostOfSalesIFRS
1662,S100W2QE,99157000000.0,389082000000.0,289924000000.0,direct_gross_profit,GrossProfit,NetSales,CostOfSales
1663,S100XUMN,21785000000.0,91354000000.0,69569000000.0,direct_gross_profit,GrossProfit,NetSales,CostOfSales
1711,S100W7QE,529251000.0,4035492000.0,3506240000.0,direct_gross_profit,GrossProfit,NetSales,CostOfSales
1716,S100WRZ3,5830036000.0,20228578000.0,14398542000.0,direct_gross_profit,GrossProfitOnCompletedConstructionContractsCNS,NetSalesOfCompletedConstructionContractsCNS,CostOfSalesOfCompletedConstructionContractsCNS
1717,S100W2HC,3112149000.0,5716853000.0,2604704000.0,direct_gross_profit,GrossProfit,NetSales,CostOfSales
1718,S100XTPB,7982738000.0,36151700000.0,28168962000.0,direct_gross_profit,GrossProfit,NetSales,CostOfSales
1719,S100W5WD,60962000000.0,425160000000.0,364197000000.0,direct_gross_profit,GrossProfit,NetSales,CostOfSales
1720,S100W0EF,28716000000.0,293139000000.0,264422000000.0,direct_gross_profit,GrossProfit,NetSales,CostOfSales
1721,S100W2MR,84241000000.0,614631000000.0,530389000000.0,direct_gross_profit,GrossProfit,NetSales,CostOfSales
1723,S100W2JG,18656000000.0,43061000000.0,24404000000.0,direct_gross_profit,GrossProfit,NetSales,CostOfSales
1724,S100XT97,2151000000.0,10488000000.0,8336000000.0,direct_gross_profit,GrossProfit,NetSales,CostOfSales
1726,S100W14E,4974000000.0,40770000000.0,35795000000.0,direct_gross_profit,GrossProfit,NetSales,CostOfSales
1736,S100W6KN,9178427000.0,31424058000.0,22245631000.0,direct_gross_profit,GrossProfit,NetSales,CostOfSales
1758,S100Y01F,1427821000.0,14511488000.0,13083666000.0,direct_gross_profit,GrossProfit,NetSales,CostOfSales
1762,S100VXNT,44626000000.0,346685000000.0,302059000000.0,direct_gross_profit,GrossProfit,NetSales,CostOfSales
1764,S100WRZI,3212691000.0,22497292000.0,19284601000.0,direct_gross_profit,GrossProfit,NetSales,CostOfSales
1766,S100WEQY,63515000000.0,366640000000.0,303125000000.0,direct_gross_profit,GrossProfit,NetSales,CostOfSales
1768,S100VZLG,1438322000.0,15196596000.0,13758273000.0,direct_gross_profit,GrossProfit,NetSales,CostOfSales
1770,S100W35N,5842555000.0,32646679000.0,26804124000.0,direct_gross_profit,GrossProfit,NetSales,CostOfSales
1776,S100W24X,2458000000.0,30157000000.0,27698000000.0,direct_gross_profit,GrossProfit,NetSales,CostOfSales
1780,S100W7O4,7078677000.0,35613772000.0,28535095000.0,direct_gross_profit,GrossProfit,NetSales,CostOfSales
1783,S100XC79,1590349000.0,9422342000.0,7831992000.0,direct_gross_profit,GrossProfit,NetSales,CostOfSales
1786,S100VZWH,11660000000.0,64553000000.0,52893000000.0,direct_gross_profit,GrossProfitOnCompletedConstructionContractsCNS,NetSalesOfCompletedConstructionContractsCNS,CostOfSalesOfCompletedConstructionContractsCNS
1787,S100VZ8C,3784685000.0,14725604000.0,10940918000.0,direct_gross_profit,GrossProfit,NetSales,CostOfSales
1788,S100WROP,1009260000.0,8199727000.0,7190466000.0,direct_gross_profit,GrossProfit,NetSales,CostOfSales
1793,S100W4G9,7807000000.0,70092000000.0,62285000000.0,direct_gross_profit,GrossProfitOnCompletedConstructionContractsCNS,NetSalesOfCompletedConstructionContractsCNS,CostOfSalesOfCompletedConstructionContractsCNS
1795,S100XCIB,2229950000.0,10647689000.0,8417738000.0,direct_gross_profit,GrossProfitOnCompletedConstructionContractsCNS,NetSalesOfCompletedConstructionContractsCNS,CostOfSalesOfCompletedConstructionContractsCNS
1798,S100W19D,5109679000.0,50266770000.0,45157090000.0,direct_gross_profit,GrossProfit,NetSales,CostOfSales
1799,S100W6C7,11032385000.0,58005615000.0,46973230000.0,direct_gross_profit,GrossProfit,NetSales,CostOfSales
1801,S100VY00,231139000000.0,2154223000000.0,1923083000000.0,direct_gross_profit,GrossProfit,NetSales,CostOfSales
1802,S100W0FJ,297833000000.0,2620101000000.0,2322267000000.0,direct_gross_profit,GrossProfit,NetSales,CostOfSales
1803,S100W7C5,195454000000.0,1944360000000.0,1748906000000.0,direct_gross_profit,GrossProfit,NetSales,CostOfSales
1807,S100W538,3538685000.0,40422787000.0,36884102000.0,direct_gross_profit,GrossProfit,NetSales,CostOfSales
1808,S100W5AH,166525000000.0,1177353000000.0,1010828000000.0,direct_gross_profit,GrossProfit,NetSales,CostOfSales
1810,S100W4NZ,7526000000.0,99253000000.0,91726000000.0,direct_gross_profit,GrossProfit,NetSales,CostOfSales
1811,S100W3SK,10210000000.0,120660000000.0,110449000000.0,direct_gross_profit,GrossProfit,NetSales,CostOfSales
1812,S100W14C,323197000000.0,2911816000000.0,2588619000000.0,direct_gross_profit,GrossProfit,NetSales,CostOfSales
1813,S100W3ZJ,12009000000.0,69557000000.0,57548000000.0,direct_gross_profit,GrossProfit,NetSales,CostOfSales
1814,S100W2U5,8275000000.0,89027000000.0,80751000000.0,direct_gross_profit,GrossProfit,NetSales,CostOfSales
1815,S100W4NN,14864000000.0,185114000000.0,170250000000.0,direct_gross_profit,GrossProfit,NetSales,CostOfSales
1820,S100W4Y9,44108000000.0,366811000000.0,322702000000.0,direct_gross_profit,GrossProfit,NetSales,CostOfSales
1822,S100W3CM,13136000000.0,143394000000.0,130258000000.0,direct_gross_profit,GrossProfit,NetSales,CostOfSales
1826,S100W2PG,2980000000.0,32264000000.0,29284000000.0,direct_gross_profit,GrossProfit,NetSales,CostOfSales
1827,S100W82M,10769000000.0,110538000000.0,99769000000.0,direct_gross_profit,GrossProfit,NetSales,CostOfSales
1828,S100W32Y,8727907000.0,50832166000.0,42104259000.0,direct_gross_profit,GrossProfitOnCompletedConstructionContractsCNS,NetSalesOfCompletedConstructionContractsCNS,CostOfSalesOfCompletedConstructionContractsCNS
1833,S100VWHS,31688000000.0,298222000000.0,266534000000.0,direct_gross_profit,GrossProfit,NetSales,CostOfSales
1835,S100W3RO,24666917000.0,160047602000.0,135380684000.0,direct_gross_profit,GrossProfit,NetSales,CostOfSales
1840,S100XHBD,8126956000.0,31456837000.0,23329881000.0,direct_gross_profit,GrossProfit,NetSales,CostOfSales
1844,S100WWZA,1351088000.0,6443842000.0,5092754000.0,direct_gross_profit,GrossProfit,NetSales,CostOfSales
1847,S100W68Z,10508000000.0,98999000000.0,88490000000.0,direct_gross_profit,GrossProfit,NetSales,CostOfSales
1848,S100VZ7H,4311000000.0,33771000000.0,29460000000.0,direct_gross_profit,GrossProfit,NetSales,CostOfSales
1850,S100VXI9,4822000000.0,52945000000.0,48122000000.0,direct_gross_profit,GrossProfit,NetSales,CostOfSales
1852,S100W1YE,17991000000.0,167005000000.0,149013000000.0,direct_gross_profit,GrossProfit,NetSales,CostOfSales
1853,S100W07M,2587000000.0,29454000000.0,26868000000.0,direct_gross_profit,GrossProfitOnCompletedConstructionContractsCNS,NetSales,CostOfSales
1860,S100W4H2,76798000000.0,586661000000.0,509862000000.0,direct_gross_profit,GrossProfit,NetSales,CostOfSales
1861,S100W6FA,38315000000.0,498581000000.0,460266000000.0,direct_gross_profit,GrossProfitOnCompletedConstructionContractsCNS,NetSalesOfCompletedConstructionContractsCNS,CostOfSalesOfCompletedConstructionContractsCNS
1866,S100W59A,9903000000.0,80853000000.0,70950000000.0,direct_gross_profit,GrossProfit,NetSales,CostOfSales
1867,S100W5CW,6259279000.0,50703575000.0,44444296000.0,direct_gross_profit,GrossProfit,NetSales,CostOfSales
1870,S100W39Q,19416000000.0,140699000000.0,121282000000.0,direct_gross_profit,GrossProfit,NetSales,CostOfSales
1871,S100VZVW,23032000000.0,135627000000.0,112594000000.0,direct_gross_profit,GrossProfitOnCompletedConstructionContractsCNS,NetSalesOfCompletedConstructionContractsCNS,CostOfSalesOfCompletedConstructionContractsCNS
1873,S100WDZI,14701000000.0,34980000000.0,20279000000.0,direct_gross_profit,GrossProfit,NetSales,CostOfSales
1878,S100W3QM,315856000000.0,1842357000000.0,1526501000000.0,direct_gross_profit,GrossProfit,NetSales,CostOfSales
1879,S100W71A,23550000000.0,131662000000.0,108112000000.0,direct_gross_profit,GrossProfit,NetSales,CostOfSales
1882,S100W59L,13487000000.0,126575000000.0,113087000000.0,direct_gross_profit,GrossProfit,NetSales,CostOfSales
1885,S100W4T6,34971000000.0,330472000000.0,295500000000.0,direct_gross_profit,GrossProfit,NetSales,CostOfSales
1887,S100WKKV,12193000000.0,123349000000.0,111155000000.0,direct_gross_profit,GrossProfitLossTotal,NetSales,CostOfSales
1888,S100W48R,12728000000.0,86462000000.0,73734000000.0,direct_gross_profit,GrossProfit,NetSales,CostOfSales
1893,S100W0M5,47581000000.0,727491000000.0,679909000000.0,direct_gross_profit,GrossProfit,NetSales,CostOfSales
1897,S100XT0W,1048000000.0,8837000000.0,7789000000.0,direct_gross_profit,GrossProfit,NetSales,CostOfSales
1898,S100W69L,12033000000.0,99358000000.0,87325000000.0,direct_gross_profit,GrossProfit,NetSales,CostOfSales
1899,S100XT0V,18529000000.0,167960000000.0,149431000000.0,direct_gross_profit,GrossProfit,NetSales,CostOfSales
1904,S100W2F0,9094746000.0,62502203000.0,53407456000.0,direct_gross_profit,GrossProfit,NetSales,CostOfSales
1905,S100W5NI,3623252000.0,23717112000.0,20093860000.0,direct_gross_profit,GrossProfit,NetSales,CostOfSales
1909,S100W5RX,14814620000.0,55727078000.0,40912457000.0,direct_gross_profit,GrossProfit,NetSales,CostOfSales
1911,S100XTVO,524645000000.0,2267577000000.0,1742931000000.0,direct_gross_profit,GrossProfit,NetSales,CostOfSales
1914,S100W9NY,5046162000.0,30279627000.0,25233464000.0,direct_gross_profit,GrossProfitOnCompletedConstructionContractsCNS,NetSalesOfCompletedConstructionContractsCNS,CostOfSalesOfCompletedConstructionContractsCNS
1921,S100W7IR,6643775000.0,34670847000.0,28027072000.0,direct_gross_profit,GrossProfit,NetSales,CostOfSales
1925,S100VZ3Z,1101065000000.0,5434819000000.0,4333754000000.0,direct_gross_profit,GrossProfit,NetSales,CostOfSales
1926,S100W576,25097000000.0,121457000000.0,96360000000.0,direct_gross_profit,GrossProfit,NetSales,CostOfSales
1928,S100XZ22,839819000000.0,4197922000000.0,3358103000000.0,direct_gross_profit,GrossProfit,NetSales,CostOfSales
1929,S100W1KJ,12562000000.0,67216000000.0,54653000000.0,direct_gross_profit,GrossProfit,NetSales,CostOfSales
1930,S100W966,10368000000.0,55607000000.0,45239000000.0,direct_gross_profit,GrossProfit,NetSales,CostOfSales
1934,S100W4GO,39549000000.0,257204000000.0,217654000000.0,direct_gross_profit,GrossProfit,NetSales,CostOfSales
1938,S100W3ZH,10843573000.0,68669728000.0,57826155000.0,direct_gross_profit,GrossProfit,NetSales,CostOfSales
1939,S100W2DO,18383000000.0,105877000000.0,87494000000.0,direct_gross_profit,GrossProfit,NetSales,CostOfSales
1941,S100W1DZ,38928000000.0,221885000000.0,182957000000.0,direct_gross_profit,GrossProfit,NetSales,CostOfSales
1942,S100W0RO,92921000000.0,671888000000.0,578967000000.0,direct_gross_profit,GrossProfitOnCompletedConstructionContractsCNS,NetSalesOfCompletedConstructionContractsCNS,CostOfSalesOfCompletedConstructionContractsCNS
1944,S100W2EW,132803000000.0,705058000000.0,572255000000.0,direct_gross_profit,GrossProfitOnCompletedConstructionContractsCNS,NetSalesOfCompletedConstructionContractsCNS,CostOfSalesOfCompletedConstructionContractsCNS
1945,S100W2UG,9005000000.0,67722000000.0,58716000000.0,direct_gross_profit,GrossProfitOnCompletedConstructionContractsCNS,NetSalesOfCompletedConstructionContractsCNS,CostOfSalesOfCompletedConstructionContractsCNS
1946,S100W5OK,40475000000.0,270966000000.0,230491000000.0,direct_gross_profit,GrossProfit,NetSales,CostOfSales
1948,S100W6HM,8166000000.0,39264000000.0,31097000000.0,direct_gross_profit,GrossProfit,NetSales,CostOfSales
1950,S100VYY8,34309000000.0,216922000000.0,182612000000.0,direct_gross_profit,GrossProfitOnCompletedConstructionContractsCNS,NetSalesOfCompletedConstructionContractsCNS,CostOfSalesOfCompletedConstructionContractsCNS
1951,S100W0NZ,100481000000.0,670822000000.0,570341000000.0,direct_gross_profit,GrossProfit,NetSales,CostOfSales
1952,S100W6DZ,22002000000.0,137684000000.0,115681000000.0,direct_gross_profit,GrossProfitOnCompletedConstructionContractsCNS,NetSalesOfCompletedConstructionContractsCNS,CostOfSalesOfCompletedConstructionContractsCNS
1959,S100W5N7,70701000000.0,473954000000.0,403253000000.0,direct_gross_profit,GrossProfit,NetSales,CostOfSales
1960,S100W44F,7779000000.0,67859000000.0,60079000000.0,direct_gross_profit,GrossProfitOnCompletedConstructionContractsCNS,NetSalesOfCompletedConstructionContractsCNS,CostOfSalesOfCompletedConstructionContractsCNS
1961,S100W3GT,47495000000.0,253136000000.0,205640000000.0,direct_gross_profit,GrossProfit,NetSales,CostOfSales
1963,S100W7L9,18926000000.0,858082000000.0,839156000000.0,direct_gross_profit,GrossProfit,NetSales,CostOfSales
1964,S100VY3Q,7590000000.0,36247000000.0,24754000000.0,direct_gross_profit,GrossProfit,NetSales,CostOfSalesOfCompletedConstructionContractsCNS
1965,S100W7PX,17425000000.0,84190000000.0,66764000000.0,direct_gross_profit,GrossProfit,NetSales,CostOfSales
1966,S100W4O2,7140843000.0,58067410000.0,50926566000.0,direct_gross_profit,GrossProfitOnCompletedConstructionContractsCNS,NetSalesOfCompletedConstructionContractsCNS,CostOfSalesOfCompletedConstructionContractsCNS
1967,S100VX95,7857798000.0,53168544000.0,45310745000.0,direct_gross_profit,GrossProfit,NetSales,CostOfSales
1968,S100W75I,23344000000.0,125670000000.0,102325000000.0,direct_gross_profit,GrossProfit,NetSales,CostOfSales
1969,S100VYJS,71646000000.0,381661000000.0,310015000000.0,direct_gross_profit,GrossProfit,NetSales,CostOfSales
1972,S100W7TM,9912000000.0,45362000000.0,35449000000.0,direct_gross_profit,GrossProfit,NetSales,CostOfSales
1975,S100W3X9,15357000000.0,91947000000.0,76590000000.0,direct_gross_profit,GrossProfit,NetSales,CostOfSales
1976,S100W3LA,15739000000.0,66283000000.0,50543000000.0,direct_gross_profit,GrossProfitOnCompletedConstructionContractsCNS,NetSalesOfCompletedConstructionContractsCNS,CostOfSalesOfCompletedConstructionContractsCNS
1979,S100W55I,45005000000.0,276212000000.0,231207000000.0,direct_gross_profit,GrossProfitOnCompletedConstructionContractsCNS,NetSalesOfCompletedConstructionContractsCNS,CostOfSalesOfCompletedConstructionContractsCNS
1980,S100W6MU,41349000000.0,262732000000.0,221382000000.0,direct_gross_profit,GrossProfitOnCompletedConstructionContractsCNS,NetSalesOfCompletedConstructionContractsCNS,CostOfSalesOfCompletedConstructionContractsCNS
1981,S100W6R2,3693978000.0,37416616000.0,33722638000.0,direct_gross_profit,GrossProfitOnCompletedConstructionContractsCNS,NetSalesOfCompletedConstructionContractsCNS,CostOfSalesOfCompletedConstructionContractsCNS
1982,S100W2K9,17266000000.0,89786000000.0,72519000000.0,direct_gross_profit,GrossProfit,NetSales,CostOfSales
1992,S100W4ST,2220372000.0,7179706000.0,4959333000.0,direct_gross_profit,GrossProfit,NetSales,CostOfSales
1994,S100XUAO,1100541000.0,7338120000.0,6237578000.0,direct_gross_profit,GrossProfitOnCompletedConstructionContractsCNS,NetSalesOfCompletedConstructionContractsCNS,CostOfSalesOfCompletedConstructionContractsCNS
1997,S100X59V,1837372000.0,9135653000.0,7298281000.0,direct_gross_profit,GrossProfit,NetSales,CostOfSales
2001,S100W7OT,99590000000.0,410878000000.0,311288000000.0,direct_gross_profit,GrossProfit,NetSales,CostOfSales
2002,S100W0C2,190179000000.0,851486000000.0,661306000000.0,direct_gross_profit,GrossProfit,NetSales,CostOfSales
2003,S100W5K7,17212000000.0,72341000000.0,55128000000.0,direct_gross_profit,GrossProfit,NetSales,CostOfSales
2004,S100VZS4,57082000000.0,334425000000.0,277342000000.0,direct_gross_profit,GrossProfit,NetSales,CostOfSales
2009,S100XTAP,5235852000.0,26250493000.0,21014641000.0,direct_gross_profit,GrossProfit,NetSales,CostOfSales
2053,S100VZJW,18591000000.0,209837000000.0,191246000000.0,direct_gross_profit,GrossProfit,NetSales,CostOfSales
2055,S100W4LX,3557000000.0,48577000000.0,45019000000.0,direct_gross_profit,GrossProfit,NetSales,CostOfSales
2060,S100VYJ3,31874000000.0,296045000000.0,264171000000.0,direct_gross_profit,GrossProfit,NetSales,CostOfSales
2108,S100W4MW,13220000000.0,64796000000.0,51575000000.0,direct_gross_profit,GrossProfit,NetSales,CostOfSales
2109,S100VYQL,40075000000.0,178785000000.0,138709000000.0,direct_gross_profit,GrossProfit,NetSales,CostOfSales
2112,S100W7GM,6188000000.0,32519000000.0,26331000000.0,direct_gross_profit,GrossProfit,NetSales,CostOfSales
2114,S100W0KQ,7604389000.0,28209627000.0,20605237000.0,direct_gross_profit,GrossProfit,NetSales,CostOfSales
2117,S100W5A7,19474000000.0,97069000000.0,77595000000.0,direct_gross_profit,GrossProfitIFRS,RevenueIFRS,CostOfSalesIFRS
2120,S100X8TY,26667000000.0,28127000000.0,1460000000.0,direct_gross_profit,GrossProfitIFRS,RevenueIFRS,CostOfSalesIFRS
2121,S100W37Z,106043000000.0,154847000000.0,48803000000.0,direct_gross_profit,GrossProfit,NetSales,CostOfSales
2122,S100XC5E,7310346000.0,8846245000.0,1535899000.0,direct_gross_profit,GrossProfit,NetSales,CostOfSales
2124,S100XU6Z,42720000000.0,46089000000.0,3369000000.0,direct_gross_profit,GrossProfit,NetSales,CostOfSales
2127,S100W1KQ,24779058000.0,44077707000.0,19298648000.0,direct_gross_profit,GrossProfit,NetSales,CostOfSales
2130,S100VZAG,4734102000.0,22329565000.0,17657769000.0,direct_gross_profit,GrossProfit,NetSales,CostOfSalesIFRS
2134,S100W9WY,230423000.0,701607000.0,471184000.0,direct_gross_profit,GrossProfit,NetSales,CostOfSales
2136,S100W5IJ,1334622000.0,5969419000.0,4634797000.0,direct_gross_profit,GrossProfit,NetSales,CostOfSales
2138,S100W9H3,6168694000.0,14191649000.0,8022954000.0,direct_gross_profit,GrossProfit,NetSales,CostOfSales
2139,S100W0FE,5035525000.0,11332980000.0,6297454000.0,direct_gross_profit,GrossProfit,NetSales,CostOfSales
2146,S100W94T,31944000000.0,194748000000.0,162804000000.0,direct_gross_profit,GrossProfit,NetSales,CostOfSales
2148,S100W4AK,5036895000.0,8100911000.0,3064016000.0,direct_gross_profit,GrossProfitIFRS,RevenueIFRS,CostOfSalesIFRS
2152,S100W0WG,2344961000.0,7073691000.0,4728730000.0,direct_gross_profit,GrossProfit,NetSales,CostOfSales
2153,S100WLJ8,14252000000.0,2226000000.0,,direct_gross_profit,GrossProfit,NetSales,
2154,S100WQCA,47405000000.0,187954000000.0,140548000000.0,direct_gross_profit,GrossProfitIFRS,RevenueIFRS,CostOfSalesIFRS
2156,S100W1A4,1658489000.0,,439159000.0,direct_gross_profit,GrossProfit,,CostOfSales
2157,S100X7DQ,18373057000.0,69387151000.0,51014093000.0,direct_gross_profit,GrossProfit,NetSales,CostOfSales
2158,S100W3VR,3452587000.0,6099403000.0,2646816000.0,direct_gross_profit,GrossProfit,NetSales,CostOfSales
2160,S100XV4B,19993000000.0,26840000000.0,6847000000.0,direct_gross_profit,GrossProfitIFRS,RevenueIFRS,CostOfSalesIFRS
2162,S100W7H8,10011487000.0,75707594000.0,65696107000.0,direct_gross_profit,GrossProfit,NetSales,CostOfSales
2163,S100Y062,4573506000.0,12046664000.0,7473158000.0,direct_gross_profit,GrossProfit,NetSales,CostOfSales
2164,S100X6X1,2241098000.0,3153453000.0,912355000.0,direct_gross_profit,GrossProfit,NetSales,CostOfSales
2168,S100WJZQ,67958000000.0,309240000000.0,241281000000.0,direct_gross_profit,GrossProfit,NetSales,CostOfSales
2169,S100XULK,2509090000.0,8827238000.0,6318147000.0,direct_gross_profit,GrossProfit,NetSales,CostOfSales
2170,S100XSV5,22605000000.0,41522000000.0,18917000000.0,direct_gross_profit,GrossProfitIFRS,RevenueIFRS,CostOfSalesIFRS
2173,S100XV33,7490739000.0,23336351000.0,15845612000.0,direct_gross_profit,GrossProfit,NetSales,CostOfSales
2175,S100W15P,53854000000.0,60952000000.0,7098000000.0,direct_gross_profit,GrossProfit,NetSales,CostOfSales
2179,S100W228,3129992000.0,14287096000.0,11157104000.0,direct_gross_profit,GrossProfit,NetSales,CostOfSales
2180,S100WQST,4587756000.0,19587229000.0,14999472000.0,direct_gross_profit,GrossProfit,NetSales,CostOfSales
2181,S100W59Y,332128000000.0,1451238000000.0,1119110000000.0,direct_gross_profit,GrossProfitIFRS,RevenueIFRS,CostOfSalesIFRS
2183,S100W4FZ,2375736000.0,10437032000.0,8061296000.0,direct_gross_profit,GrossProfit,NetSales,CostOfSales
2185,S100X9E8,6904678000.0,18256391000.0,11351713000.0,direct_gross_profit,GrossProfit,NetSales,CostOfSales
2186,S100Y5RH,1711020000.0,8976977000.0,7265957000.0,direct_gross_profit,GrossProfit,NetSales,CostOfSales
2193,S100XTNM,5263388000.0,5336733000.0,73345000.0,direct_gross_profit,GrossProfitIFRS,RevenueIFRS,CostOfSalesIFRS
2195,S100XRZ8,2181329000.0,4865635000.0,2684306000.0,direct_gross_profit,GrossProfit,NetSales,CostOfSales
2198,S100XH65,13572766000.0,22455222000.0,8882455000.0,direct_gross_profit,GrossProfit,NetSales,CostOfSales
2201,S100W3PB,90046000000.0,228957000000.0,138911000000.0,direct_gross_profit,GrossProfit,NetSales,CostOfSales
2204,S100W55C,13698868000.0,37247627000.0,23548758000.0,direct_gross_profit,GrossProfit,NetSales,CostOfSales
2206,S100XRXN,135117000000.0,361390000000.0,226273000000.0,direct_gross_profit,GrossProfit,NetSales,CostOfSales
2207,S100W3JR,7985000000.0,28071000000.0,20086000000.0,direct_gross_profit,GrossProfit,NetSales,CostOfSales
2208,S100W09C,29125000000.0,113475000000.0,84350000000.0,direct_gross_profit,GrossProfit,NetSales,CostOfSales
2209,S100VZZE,17796039000.0,51121689000.0,33325649000.0,direct_gross_profit,GrossProfit,NetSales,CostOfSales
2211,S100XS9W,38778000000.0,119558000000.0,80780000000.0,direct_gross_profit,GrossProfit,NetSales,CostOfSales
2212,S100XQ5C,428404000000.0,1311430000000.0,883025000000.0,direct_gross_profit,GrossProfit,NetSales,CostOfSales
2215,S100XV32,7493000000.0,28957000000.0,21463000000.0,direct_gross_profit,GrossProfit,NetSales,CostOfSales
2216,S100XTWS,14697698000.0,34771829000.0,20074130000.0,direct_gross_profit,GrossProfit,NetSales,CostOfSales
2217,S100Y0DZ,17523175000.0,36273371000.0,18750196000.0,direct_gross_profit,GrossProfit,NetSales,CostOfSales
2220,S100VYFR,28064000000.0,103262000000.0,75197000000.0,direct_gross_profit,GrossProfit,NetSales,CostOfSales
2221,S100W51P,6955599000.0,24954321000.0,17998721000.0,direct_gross_profit,GrossProfit,NetSales,CostOfSales
2222,S100W26M,44804000000.0,72349000000.0,27544000000.0,direct_gross_profit,GrossProfit,NetSales,CostOfSales
2224,S100W446,1852210000.0,7111216000.0,5259005000.0,direct_gross_profit,GrossProfit,NetSales,CostOfSales
2226,S100W0IO,19323000000.0,59383000000.0,40059000000.0,direct_gross_profit,GrossProfit,NetSales,CostOfSales
2229,S100VYXR,109878000000.0,322564000000.0,212686000000.0,direct_gross_profit,GrossProfit,NetSales,CostOfSales
2264,S100W4TH,135053000000.0,561173000000.0,426120000000.0,direct_gross_profit,GrossProfit,NetSales,CostOfSales
2266,S100XSYQ,8390450000.0,43293346000.0,34902896000.0,direct_gross_profit,GrossProfit,NetSales,CostOfSales
2267,S100W0D2,295520000000.0,499683000000.0,204163000000.0,direct_gross_profit,GrossProfit,NetSales,CostOfSales
2268,S100XQHI,17018361000.0,34285506000.0,17267145000.0,direct_gross_profit,GrossProfit,NetSales,CostOfSales
2269,S100W6WK,339100000000.0,1154074000000.0,814973000000.0,direct_gross_profit,GrossProfit,NetSales,CostOfSales
2270,S100W1PP,101500000000.0,615819000000.0,514319000000.0,direct_gross_profit,GrossProfit,NetSales,CostOfSales
2281,S100W0KK,48486000000.0,458354000000.0,409868000000.0,direct_gross_profit,GrossProfit,NetSales,CostOfSales
2282,S100VYMP,50849000000.0,848916000000.0,1150170000000.0,direct_gross_profit,GrossProfit,NetSales,CostOfSalesIFRS
2286,S100W4LR,5662000000.0,49267000000.0,43605000000.0,direct_gross_profit,GrossProfit,NetSales,CostOfSales
2288,S100W30K,37100000000.0,234970000000.0,197870000000.0,direct_gross_profit,GrossProfit,NetSales,CostOfSales
2291,S100W3K1,3576000000.0,24621000000.0,21044000000.0,direct_gross_profit,GrossProfit,NetSales,CostOfSales
2292,S100Y5H5,53640000000.0,472312000000.0,418672000000.0,direct_gross_profit,GrossProfit,NetSales,CostOfSales
2293,S100W2QQ,3741360000.0,28088795000.0,24347435000.0,direct_gross_profit,GrossProfit,NetSales,CostOfSales
2294,S100WEKB,19579000000.0,36104000000.0,16525000000.0,direct_gross_profit,GrossProfit,NetSales,CostOfSales
2296,S100W36P,133272000000.0,988771000000.0,855499000000.0,direct_gross_profit,GrossProfit,NetSales,CostOfSales
2300,S100Y6G1,3759165000.0,5244187000.0,1485022000.0,direct_gross_profit,GrossProfit,NetSales,CostOfSales
2301,S100XGG2,7183766000.0,11019177000.0,3835410000.0,direct_gross_profit,GrossProfit,NetSales,CostOfSales
2303,S100WKOH,1075994000.0,1646699000.0,570704000.0,direct_gross_profit,GrossProfit,NetSales,CostOfSales
2304,S100XC7V,3219977000.0,19499573000.0,16279596000.0,direct_gross_profit,GrossProfit,NetSales,CostOfSales
2305,S100Y6JW,7198376000.0,32928091000.0,25729715000.0,direct_gross_profit,GrossProfit,NetSales,CostOfSales
2307,S100W49F,3846402000.0,16194800000.0,12348398000.0,direct_gross_profit,GrossProfit,NetSales,CostOfSales
2311,S100XSPG,1843087000.0,6252070000.0,4408983000.0,direct_gross_profit,GrossProfit,NetSales,CostOfSales
2315,S100XHQT,888057000.0,5195531000.0,4307473000.0,direct_gross_profit,GrossProfit,NetSales,CostOfSales
2317,S100VZ4F,20978000000.0,83621000000.0,62642000000.0,direct_gross_profit,GrossProfit,NetSales,CostOfSales
2321,S100W9FI,408238000.0,823600000.0,415362000.0,direct_gross_profit,GrossProfit,NetSales,CostOfSales
2323,S100W8PX,590596000.0,1268700000.0,678104000.0,direct_gross_profit,GrossProfit,NetSales,CostOfSales
2325,S100XV5A,10090931000.0,24854337000.0,14763405000.0,direct_gross_profit,GrossProfit,NetSales,CostOfSales
2326,S100W04H,7033000000.0,9982000000.0,2948000000.0,direct_gross_profit,GrossProfit,NetSales,CostOfSales
2327,S100VY52,81707000000.0,338301000000.0,256594000000.0,direct_gross_profit,GrossProfitIFRS,RevenueIFRS,CostOfSalesIFRS
2329,S100W6AY,12467000000.0,45686000000.0,33218000000.0,direct_gross_profit,GrossProfit,NetSales,CostOfSales
2330,S100XTKS,2019203000.0,8748842000.0,6729639000.0,direct_gross_profit,GrossProfit,NetSales,CostOfSales
2331,S100VZZF,130954000000.0,551881000000.0,420926000000.0,direct_gross_profit,GrossProfit,NetSales,CostOfSales
2332,S100W2KU,2749924000.0,14936146000.0,12186222000.0,direct_gross_profit,GrossProfit,NetSales,CostOfSales
2334,S100W74X,1020315000.0,3549234000.0,2528918000.0,direct_gross_profit,GrossProfit,NetSales,CostOfSales
2335,S100W2GQ,3947000000.0,18351000000.0,14403000000.0,direct_gross_profit,GrossProfit,NetSales,CostOfSales
2337,S100Y50H,30119000000.0,92705000000.0,62586000000.0,direct_gross_profit,GrossProfit,NetSales,CostOfSales
2338,S100Y6YJ,186991000.0,266756000.0,79765000.0,direct_gross_profit,GrossProfit,NetSales,CostOfSales
2340,S100W9Y3,2538595000.0,15164192000.0,12625597000.0,direct_gross_profit,GrossProfit,NetSales,CostOfSales
2341,S100Y5RZ,3162011000.0,4719056000.0,1557045000.0,direct_gross_profit,GrossProfit,NetSales,CostOfSales
2342,S100W6FF,2166787000.0,13005126000.0,10838338000.0,direct_gross_profit,GrossProfit,NetSales,CostOfSales
2344,S100W5OM,3401572000.0,10597522000.0,7195949000.0,direct_gross_profit,GrossProfit,NetSales,CostOfSales
2345,S100XIHR,24680000.0,26550000.0,1870000.0,direct_gross_profit,GrossProfit,NetSales,CostOfSales
2349,S100W4J2,5681876000.0,24968551000.0,19286675000.0,direct_gross_profit,GrossProfit,NetSales,CostOfSales
2351,S100W892,1118674000.0,2741544000.0,1622870000.0,direct_gross_profit,GrossProfitIFRS,RevenueIFRS,CostOfSalesIFRS
2353,S100WW40,14726296000.0,36832381000.0,22106085000.0,direct_gross_profit,GrossProfit,NetSales,CostOfSales
2354,S100Y56T,5814567000.0,20263161000.0,14448594000.0,direct_gross_profit,GrossProfit,NetSales,CostOfSales
2359,S100W5KF,6777691000.0,24599166000.0,17821475000.0,direct_gross_profit,GrossProfit,NetSales,CostOfSales
2370,S100XB0H,109721000.0,810291000.0,700570000.0,direct_gross_profit,GrossProfit,NetSales,CostOfSales
2371,S100VYJ6,65235000000.0,78435000000.0,5541000000.0,direct_gross_profit,GrossProfit,RevenueIFRS,CostOfSales
2373,S100XHNL,11121167000.0,48158162000.0,37036995000.0,direct_gross_profit,GrossProfit,NetSales,CostOfSales
2375,S100XHRP,4911819000.0,22261869000.0,17350050000.0,direct_gross_profit,GrossProfit,NetSales,CostOfSales
2376,S100W5ML,6265848000.0,16491468000.0,10225620000.0,direct_gross_profit,GrossProfit,NetSales,CostOfSales
2378,S100W5HX,5678472000.0,63737043000.0,58058571000.0,direct_gross_profit,GrossProfit,NetSales,CostOfSales
2379,S100Y510,48533602000.0,54852760000.0,6319158000.0,direct_gross_profit,GrossProfit,NetSales,CostOfSales
2384,S100XSXL,55740000000.0,490344000000.0,434604000000.0,direct_gross_profit,GrossProfit,NetSales,CostOfSales
2385,S100WQAL,2410475000.0,4848534000.0,2438059000.0,direct_gross_profit,GrossProfit,NetSales,CostOfSales
2388,S100XDIK,283483000.0,816181000.0,532698000.0,direct_gross_profit,GrossProfit,NetSales,CostOfSales
2391,S100WW9E,1947632000.0,3162307000.0,1214674000.0,direct_gross_profit,GrossProfit,NetSales,CostOfSales
2393,S100W4LJ,11289417000.0,32006970000.0,20717552000.0,direct_gross_profit,GrossProfit,NetSales,CostOfSales
2395,S100W81X,16960947000.0,32413807000.0,15452859000.0,direct_gross_profit,GrossProfit,NetSales,CostOfSales
2404,S100X7IQ,1157811000.0,8043054000.0,6885243000.0,direct_gross_profit,GrossProfit,NetSales,CostOfSales
2408,S100XPFN,828468000.0,2736105000.0,,direct_gross_profit,OperatingGrossProfit,OperatingRevenue1,
2410,S100XBEJ,9678190000.0,18646255000.0,8968065000.0,direct_gross_profit,GrossProfit,NetSales,CostOfSales
2411,S100W1PR,2420000000.0,7679000000.0,5259000000.0,direct_gross_profit,GrossProfit,NetSales,CostOfSales
2413,S100W3NK,154364000000.0,284900000000.0,130536000000.0,direct_gross_profit,GrossProfitIFRS,RevenueIFRS,CostOfSalesIFRS
2415,S100W5U5,25781843000.0,100328796000.0,74546952000.0,direct_gross_profit,GrossProfit,NetSales,CostOfSales
2418,S100XTC0,30531000000.0,73095000000.0,42564000000.0,direct_gross_profit,GrossProfit,NetSales,CostOfSales
2424,S100WX02,9165526000.0,13562102000.0,4396576000.0,direct_gross_profit,GrossProfit,NetSales,CostOfSales
2425,S100W0LY,1322624000.0,9862197000.0,8539572000.0,direct_gross_profit,GrossProfit,NetSales,CostOfSales
2428,S100WQVK,2518754000.0,10918645000.0,8399891000.0,direct_gross_profit,GrossProfit,NetSales,CostOfSales
2429,S100XRUO,45386000000.0,284350000000.0,238963000000.0,direct_gross_profit,GrossProfit,NetSales,CostOfSales
2432,S100VZE0,92643000000.0,163997000000.0,71354000000.0,direct_gross_profit,GrossProfitIFRS,RevenueIFRS,CostOfSalesIFRS
2433,S100W2XD,399598000000.0,52285000000.0,553717000000.0,direct_gross_profit,GrossProfit,OperatingRevenue1,CostOfSales
2435,S100W5NO,2344000000.0,17829000000.0,15484000000.0,direct_gross_profit,GrossProfit,NetSales,CostOfSales
2436,S100XUFT,3792827000.0,8554609000.0,4761781000.0,direct_gross_profit,GrossProfit,NetSales,CostOfSales
2437,S100WM4T,1184019000.0,2067589000.0,883569000.0,direct_gross_profit,GrossProfit,NetSales,CostOfSales
2438,S100WE8J,3042653000.0,7263016000.0,4220363000.0,direct_gross_profit,GrossProfit,NetSales,CostOfSales
2440,S100W3UG,8317670000.0,13458275000.0,5140604000.0,direct_gross_profit,GrossProfit,NetSales,CostOfSales
2445,S100W575,14123000000.0,43827000000.0,29704000000.0,direct_gross_profit,GrossProfit,NetSales,CostOfSales
2449,S100X6O3,2778884000.0,7388134000.0,4609250000.0,direct_gross_profit,GrossProfit,NetSales,CostOfSales
2454,S100W3YX,9611634000.0,15954371000.0,6342736000.0,direct_gross_profit,GrossProfit,NetSales,CostOfSales
2459,S100WKVQ,164205000.0,270833000.0,106627000.0,direct_gross_profit,GrossProfit,NetSales,CostOfSales
2461,S100XRYY,6163612000.0,7096657000.0,933045000.0,direct_gross_profit,GrossProfit,NetSales,CostOfSales
2462,S100WLRT,8807805000.0,62336226000.0,53528421000.0,direct_gross_profit,GrossProfit,NetSales,CostOfSales
2464,S100W5NW,3050777000.0,7700028000.0,4649250000.0,direct_gross_profit,GrossProfit,NetSales,CostOfSales
2469,S100W2BF,21181000000.0,59473000000.0,38292000000.0,direct_gross_profit,GrossProfit,NetSales,CostOfSales
2471,S100XN00,9735000000.0,26029000000.0,16294000000.0,direct_gross_profit,GrossProfitIFRS,RevenueIFRS,CostOfSalesIFRS
2475,S100W38K,11742299000.0,51136663000.0,39394363000.0,direct_gross_profit,GrossProfit,NetSales,CostOfSales
2477,S100WQOA,1940503000.0,2185279000.0,244776000.0,direct_gross_profit,GrossProfit,NetSales,CostOfSales
2479,S100W9OZ,1150105000.0,3393007000.0,2242902000.0,direct_gross_profit,GrossProfit,NetSales,CostOfSales
2480,S100W3E3,1284671000.0,1666925000.0,382254000.0,direct_gross_profit,GrossProfit,NetSales,CostOfSales
2481,S100WPVC,2470220000.0,3677022000.0,1206802000.0,direct_gross_profit,GrossProfit,NetSales,CostOfSales
2483,S100W51R,5314575000.0,11210147000.0,5895571000.0,direct_gross_profit,GrossProfit,NetSales,CostOfSales
2484,S100X153,4570000000.0,39721000000.0,35150000000.0,direct_gross_profit,GrossProfit,NetSales,CostOfSales
2485,S100XBVP,8154000000.0,21563000000.0,13408000000.0,direct_gross_profit,GrossProfit,NetSales,CostOfSales
2488,S100W1Z5,1868480000.0,9211357000.0,7342877000.0,direct_gross_profit,GrossProfit,NetSales,CostOfSales
2489,S100XSXU,10097915000.0,12219492000.0,2121576000.0,direct_gross_profit,GrossProfit,NetSales,CostOfSales
2491,S100XU5J,7348000000.0,24169000000.0,16820000000.0,direct_gross_profit,GrossProfit,NetSales,CostOfSales
2492,S100XSO1,13758984000.0,18817130000.0,5058145000.0,direct_gross_profit,GrossProfit,NetSales,CostOfSales
2493,S100XNBS,2149063000.0,6470128000.0,4321065000.0,direct_gross_profit,GrossProfit,NetSales,CostOfSales
2497,S100VYYX,6204460000.0,12035735000.0,5831275000.0,direct_gross_profit,GrossProfit,NetSales,CostOfSales
2498,S100XBHA,21077263000.0,95365512000.0,74288249000.0,direct_gross_profit,GrossProfit,NetSales,CostOfSales
2499,S100XTS2,4085818000.0,4485990000.0,400171000.0,direct_gross_profit,GrossProfit,NetSales,CostOfSales
2501,S100XTM0,167046000000.0,506861000000.0,339815000000.0,direct_gross_profit,GrossProfitIFRS,RevenueIFRS,CostOfSalesIFRS
2502,S100VHC1,1097681000000.0,2939422000000.0,1841741000000.0,direct_gross_profit,GrossProfitIFRS,RevenueIFRS,CostOfSalesIFRS
2503,S100XTVS,1158003000000.0,2433363000000.0,1275360000000.0,direct_gross_profit,GrossProfitIFRS,RevenueIFRS,CostOfSalesIFRS
2531,S100W0VY,119647000000.0,362693000000.0,243045000000.0,direct_gross_profit,GrossProfit,NetSales,CostOfSales
2533,S100XRFQ,15462000000.0,87630000000.0,72168000000.0,direct_gross_profit,GrossProfit,NetSales,CostOfSales
2540,S100W48G,5743847000.0,10017259000.0,4273412000.0,direct_gross_profit,GrossProfit,NetSales,CostOfSales
2573,S100XRTE,18776000000.0,59086000000.0,40309000000.0,direct_gross_profit,GrossProfit,NetSales,CostOfSales
2579,S100XR1L,399304000000.0,893805000000.0,494501000000.0,direct_gross_profit,GrossProfitIFRS,RevenueIFRS,CostOfSalesIFRS
2585,S100W3SF,19456000000.0,44537000000.0,25081000000.0,direct_gross_profit,GrossProfit,NetSales,CostOfSales
2586,S100W9NQ,960136000.0,2549465000.0,1589328000.0,direct_gross_profit,GrossProfit,NetSales,CostOfSales
2587,S100XSOA,641986000000.0,1715438000000.0,1073452000000.0,direct_gross_profit,GrossProfitIFRS,RevenueIFRS,CostOfSalesIFRS
2588,S100W6WW,65296000000.0,76895000000.0,11599000000.0,direct_gross_profit,GrossProfitIFRS,RevenueIFRS,CostOfSalesIFRS
2590,S100XYDT,109000000000.0,241236000000.0,132236000000.0,direct_gross_profit,GrossProfit,NetSales,CostOfSales
2593,S100WEAV,179638000000.0,472716000000.0,293078000000.0,direct_gross_profit,GrossProfit,NetSales,CostOfSales
2594,S100W4XM,14646000000.0,77783000000.0,63137000000.0,direct_gross_profit,GrossProfit,NetSales,CostOfSales
2597,S100XTDG,2962542000.0,16056227000.0,13093684000.0,direct_gross_profit,GrossProfit,NetSales,CostOfSales
2602,S100W0C9,74783000000.0,530878000000.0,456094000000.0,direct_gross_profit,GrossProfit,NetSales,CostOfSales
2607,S100W701,79227000000.0,671211000000.0,591984000000.0,direct_gross_profit,GrossProfit,NetSales,CostOfSales
2612,S100VZHJ,10146000000.0,39450000000.0,29303000000.0,direct_gross_profit,GrossProfit,NetSales,CostOfSales
2613,S100W2BH,38034000000.0,230783000000.0,192748000000.0,direct_gross_profit,GrossProfit,NetSales,CostOfSales
2652,S100XD0Z,8295070000.0,15183051000.0,6887980000.0,direct_gross_profit,GrossProfit,NetSales,CostOfSales
2653,S100Y4YP,159877000000.0,520588000000.0,387268000000.0,direct_gross_profit,OperatingGrossProfit,NetSales,CostOfSales
2654,S100W926,3743294000.0,20529656000.0,16786362000.0,direct_gross_profit,GrossProfit,NetSales,CostOfSales
2656,S100W9GQ,128362000.0,162103000.0,33741000.0,direct_gross_profit,GrossProfit,NetSales,CostOfSales
2659,S100Y64A,91036000000.0,245548000000.0,154511000000.0,direct_gross_profit,OperatingGrossProfit,OperatingRevenue1,CostOfSales
2664,S100VX69,66717000000.0,287816000000.0,221098000000.0,direct_gross_profit,GrossProfit,NetSales,CostOfSales
2666,S100W15T,2784722000.0,8871344000.0,6086621000.0,direct_gross_profit,GrossProfit,NetSales,CostOfGoodsSold
2667,S100XAH7,250236000.0,866599000.0,616362000.0,direct_gross_profit,GrossProfit,NetSales,CostOfSales
2668,S100Y4Z8,9761129000.0,16812398000.0,7051268000.0,direct_gross_profit,GrossProfit,NetSales,CostOfSales
2669,S100Y5SJ,15089809000.0,92171286000.0,71563723000.0,direct_gross_profit,GrossProfit,NetSales,CostOfSales
2670,S100Y5F0,191909000000.0,378624000000.0,186715000000.0,direct_gross_profit,GrossProfit,NetSales,CostOfSales
2673,S100W4PD,162603000.0,251207000.0,88603000.0,direct_gross_profit,GrossProfit,NetSales,CostOfSales
2674,S100W2M6,22996981000.0,33531023000.0,10534041000.0,direct_gross_profit,GrossProfit,NetSales,CostOfSales
2676,S100W7HH,6909843000.0,28098418000.0,21188574000.0,direct_gross_profit,GrossProfit,NetSales,CostOfSales
2678,S100WFG6,117538000000.0,481101000000.0,363562000000.0,direct_gross_profit,GrossProfit,NetSales,CostOfSales
2681,S100W7EV,170671000000.0,427669000000.0,256997000000.0,direct_gross_profit,GrossProfit,NetSales,CostOfSales
2683,S100Y5OG,4321195000.0,9492627000.0,5171431000.0,direct_gross_profit,GrossProfit,NetSales,CostOfSales
2685,S100Y5ZC,166108000000.0,304351000000.0,138242000000.0,direct_gross_profit,GrossProfit,NetSales,CostOfSales
2686,S100Y651,24362000000.0,56906000000.0,32544000000.0,direct_gross_profit,GrossProfit,NetSales,CostOfSales
2687,S100Y68C,3794629000.0,7902050000.0,4107420000.0,direct_gross_profit,OperatingGrossProfit,NetSales,CostOfSales
2689,S100WQ48,13909004000.0,122702463000.0,108793459000.0,direct_gross_profit,GrossProfit,NetSales,CostOfSales
2692,S100W0WW,41165000000.0,699369000000.0,658204000000.0,direct_gross_profit,GrossProfit,NetSales,CostOfSales
2693,S100XSLT,1846923000.0,13386414000.0,11539490000.0,direct_gross_profit,GrossProfit,NetSales,CostOfSales
2694,S100W2WF,15671118000.0,23533041000.0,7861923000.0,direct_gross_profit,GrossProfit,NetSales,CostOfSales
2695,S100XHP5,145174000000.0,245109000000.0,99934000000.0,direct_gross_profit,GrossProfit,NetSales,CostOfSales
2698,S100Y64P,33493000000.0,87057000000.0,53563000000.0,direct_gross_profit,GrossProfit,NetSales,CostOfSales
2700,S100XSQ8,15741135000.0,176191339000.0,160450204000.0,direct_gross_profit,GrossProfit,NetSales,CostOfSales
2702,S100XS22,86571000000.0,416602000000.0,330031000000.0,direct_gross_profit,GrossProfit,NetSales,CostOfSales
2705,S100W18L,18272000000.0,31385000000.0,13112000000.0,direct_gross_profit,GrossProfit,NetSales,CostOfSales
2708,S100W7LO,15723000000.0,68568000000.0,52845000000.0,direct_gross_profit,GrossProfit,NetSales,CostOfSales
2721,S100XUOH,111969000.0,189613000.0,77643000.0,direct_gross_profit,GrossProfit,NetSales,CostOfSales
2722,S100WL0T,6221367000.0,15211383000.0,8990016000.0,direct_gross_profit,GrossProfit,NetSales,CostOfSales
2726,S100Y647,133052000000.0,234704000000.0,101652000000.0,direct_gross_profit,GrossProfit,NetSales,CostOfSales
2730,S100W5A2,222866000000.0,768129000000.0,545263000000.0,direct_gross_profit,GrossProfit,NetSales,CostOfSales
2733,S100W0SM,96221000000.0,986212000000.0,889991000000.0,direct_gross_profit,GrossProfit,NetSales,CostOfSales
2734,S100XL6L,61255000000.0,251533000000.0,190277000000.0,direct_gross_profit,GrossProfit,NetSales,CostOfSales
2735,S100X626,23907654000.0,61578772000.0,37671118000.0,direct_gross_profit,GrossProfit,NetSales,CostOfSales
2736,S100X6QO,5855103000.0,9403118000.0,3548015000.0,direct_gross_profit,GrossProfit,NetSales,CostOfSales
2737,S100W1B1,14696000000.0,421671000000.0,406974000000.0,direct_gross_profit,GrossProfit,NetSales,CostOfSales
2742,S100Y5WR,62139000000.0,219357000000.0,163579000000.0,direct_gross_profit,OperatingGrossProfit,NetSales,CostOfSales
2747,S100Y6GL,10441567000.0,37199649000.0,27003246000.0,direct_gross_profit,OperatingGrossProfit,NetSales,CostOfGoodsSold
2749,S100W55M,8686356000.0,41147032000.0,32460675000.0,direct_gross_profit,GrossProfit,NetSales,CostOfSales
2750,S100W1AI,8453438000.0,64953996000.0,56500557000.0,direct_gross_profit,GrossProfit,NetSales,CostOfSales
2751,S100WEB0,17722000000.0,47055000000.0,29333000000.0,direct_gross_profit,GrossProfit,NetSales,CostOfSales
2752,S100XV0N,20622000000.0,31932000000.0,11310000000.0,direct_gross_profit,GrossProfit,NetSales,CostOfSales
2753,S100VW42,21586000000.0,35332000000.0,13745000000.0,direct_gross_profit,GrossProfit,NetSales,CostOfSales
2760,S100W1EY,33732000000.0,216379000000.0,182646000000.0,direct_gross_profit,GrossProfit,NetSales,CostOfSales
2762,S100WQ92,3288000000.0,9679000000.0,6391000000.0,direct_gross_profit,GrossProfit,NetSales,CostOfSales
2763,S100W61L,13791000000.0,34625000000.0,20833000000.0,direct_gross_profit,GrossProfitIFRS,RevenueIFRS,CostOfSalesIFRS
2764,S100W3EH,5994229000.0,10662788000.0,4668558000.0,direct_gross_profit,GrossProfit,NetSales,CostOfSales
2767,S100VYA9,35263000000.0,140581000000.0,105318000000.0,direct_gross_profit,GrossProfit,NetSales,CostOfSales
2768,S100VY7S,346793000000.0,627625000000.0,2162921000000.0,direct_gross_profit,GrossProfitIFRS,Revenue,CostOfSalesIFRS
2769,S100WLQL,9362000000.0,24962000000.0,15599000000.0,direct_gross_profit,GrossProfit,NetSales,CostOfSales
2776,S100Y0MX,1346092000.0,27939637000.0,26593545000.0,direct_gross_profit,GrossProfit,NetSales,CostOfSales
2778,S100Y39Y,7426963000.0,14082615000.0,6655652000.0,direct_gross_profit,GrossProfit,NetSales,CostOfSales
2780,S100W3LG,35248886000.0,158994692000.0,123745805000.0,direct_gross_profit,GrossProfit,NetSales,CostOfSales
2782,S100W43L,97937000000.0,236327000000.0,138389000000.0,direct_gross_profit,GrossProfit,NetSales,CostOfGoodsSold
2784,S100W3KK,213927000000.0,2961051000000.0,2747123000000.0,direct_gross_profit,GrossProfit,NetSales,CostOfSales
2788,S100XVCR,3019461000.0,40809537000.0,37790075000.0,direct_gross_profit,GrossProfit,NetSales,CostOfSales
2789,S100Y72L,5228952000.0,7544571000.0,2315619000.0,direct_gross_profit,GrossProfit,NetSales,CostOfSales
2790,S100W89S,62110000000.0,181133000000.0,119740000000.0,direct_gross_profit,OperatingGrossProfit,NetSales,CostOfSales
2791,S100WK2E,68723000000.0,292940000000.0,224216000000.0,direct_gross_profit,GrossProfit,NetSales,CostOfSales
2792,S100WKJF,34150660000.0,57701337000.0,23550676000.0,direct_gross_profit,GrossProfit,NetSales,CostOfSales
2795,S100VZEU,1822497000.0,7093981000.0,5271483000.0,direct_gross_profit,GrossProfit,NetSales,CostOfSales
2796,S100WL4W,8965000000.0,63508000000.0,54542000000.0,direct_gross_profit,GrossProfit,NetSales,CostOfSales
2798,S100Y6U1,2832905000.0,13046266000.0,10213361000.0,direct_gross_profit,GrossProfit,NetSales,CostOfSales
2801,S100W06C,239233000000.0,708979000000.0,469746000000.0,direct_gross_profit,GrossProfitIFRS,RevenueIFRS,CostOfSalesIFRS
2802,S100VXJA,550764000000.0,313636000000.0,979792000000.0,direct_gross_profit,GrossProfitIFRS,NetSales,CostOfSalesIFRS
2804,S100W2PW,4310377000.0,14617674000.0,10307296000.0,direct_gross_profit,GrossProfit,NetSales,CostOfSales
2805,S100W8HQ,33798000000.0,123520000000.0,89722000000.0,direct_gross_profit,GrossProfit,NetSales,CostOfSales
2806,S100W5T7,1482000000.0,14455000000.0,12972000000.0,direct_gross_profit,GrossProfit,NetSales,CostOfSales
2809,S100XMJE,150927000000.0,513417000000.0,362490000000.0,direct_gross_profit,GrossProfit,NetSales,CostOfSales
2810,S100W1GI,115910000000.0,315418000000.0,199508000000.0,direct_gross_profit,GrossProfit,NetSales,CostOfSales
2811,S100XQN0,95410000000.0,294264000000.0,198853000000.0,direct_gross_profit,GrossProfitIFRS,RevenueIFRS,CostOfSalesIFRS
2813,S100W7AG,4728068000.0,16249157000.0,11521088000.0,direct_gross_profit,GrossProfit,NetSales,CostOfSales
2814,S100W18M,1633141000.0,6360686000.0,4727544000.0,direct_gross_profit,GrossProfit,NetSales,CostOfSales
2815,S100VZO8,19725279000.0,65400887000.0,45675608000.0,direct_gross_profit,GrossProfit,NetSales,CostOfSales
2816,S100W5WN,9700000000.0,26241000000.0,16541000000.0,direct_gross_profit,GrossProfit,NetSales,CostOfSales
2818,S100W7A4,5703247000.0,11135028000.0,5431780000.0,direct_gross_profit,GrossProfit,NetSales,CostOfSales
2819,S100W5SR,16522000000.0,47963000000.0,31440000000.0,direct_gross_profit,GrossProfit,NetSales,CostOfSales
2820,S100WQUM,4322626000.0,21064618000.0,,direct_gross_profit,GrossProfit,NetSales,
2831,S100W7S9,15965996000.0,74650697000.0,58684700000.0,direct_gross_profit,GrossProfit,NetSales,CostOfSales
2871,S100VYA0,126228000000.0,702080000000.0,575852000000.0,direct_gross_profit,GrossProfit,NetSales,CostOfSales
2872,S100Y621,844709000.0,4796658000.0,3951949000.0,direct_gross_profit,GrossProfit,NetSales,CostOfSales
2874,S100XBSF,14136000000.0,125563000000.0,111427000000.0,direct_gross_profit,GrossProfit,NetSales,CostOfSales
2875,S100W6LA,151309000000.0,507600000000.0,356291000000.0,direct_gross_profit,GrossProfit,NetSales,CostOfSales
2876,S100W3FA,5697033000.0,15430747000.0,9706701000.0,direct_gross_profit,GrossProfit,NetSales,CostOfSales
2877,S100W3C3,9324542000.0,55860401000.0,46535858000.0,direct_gross_profit,GrossProfit,NetSales,CostOfSales
2882,S100Y6XK,17104000000.0,40456000000.0,23352000000.0,direct_gross_profit,GrossProfit,NetSales,CostOfSales
2883,S100VZ8K,4031683000.0,25732929000.0,21701245000.0,direct_gross_profit,GrossProfit,NetSales,CostOfSales
2884,S100Y77U,11296621000.0,57484563000.0,46187941000.0,direct_gross_profit,GrossProfit,NetSales,CostOfSales
2892,S100W24D,10032000000.0,62697000000.0,52665000000.0,direct_gross_profit,GrossProfit,NetSales,CostOfSales
2894,S100W3AM,3627636000.0,10869656000.0,7242019000.0,direct_gross_profit,GrossProfit,NetSales,CostOfSales
2897,S100W2GG,272951000000.0,776594000000.0,503642000000.0,direct_gross_profit,GrossProfitIFRS,RevenueIFRS,CostOfSalesIFRS
2901,S100X7C2,382045000.0,1305179000.0,923134000.0,direct_gross_profit,GrossProfit,NetSales,CostOfSales
2903,S100W9LZ,8545000000.0,57651000000.0,49106000000.0,direct_gross_profit,GrossProfit,NetSales,CostOfSales
2904,S100WQ1K,6988455000.0,34579066000.0,27590610000.0,direct_gross_profit,GrossProfit,NetSales,CostOfSales
2907,S100W2R5,13554567000.0,51045379000.0,36688845000.0,direct_gross_profit,GrossProfit,NetSales,CostOfSales
2908,S100VYR3,16486000000.0,57077000000.0,40591000000.0,direct_gross_profit,GrossProfit,NetSales,CostOfSales
2910,S100WEDD,29388000000.0,51184000000.0,21795000000.0,direct_gross_profit,GrossProfit,NetSales,CostOfSales
2911,S100W83H,2287092000.0,8017567000.0,5730474000.0,direct_gross_profit,GrossProfit,NetSales,CostOfSales
2914,S100XSSA,1948585000000.0,3467675000000.0,1519091000000.0,direct_gross_profit,GrossProfitIFRS,RevenueIFRS,CostOfSalesIFRS
2915,S100W3MC,20537000000.0,91703000000.0,71166000000.0,direct_gross_profit,GrossProfit,NetSales,CostOfSales
2916,S100W5KL,4157269000.0,18701074000.0,14543805000.0,direct_gross_profit,GrossProfit,NetSales,CostOfSales
2917,S100XBNR,1933174000.0,16511214000.0,14578039000.0,direct_gross_profit,GrossProfit,NetSales,CostOfSales
2918,S100Y6N1,43950000000.0,233833000000.0,189883000000.0,direct_gross_profit,GrossProfit,NetSales,CostOfSales
2922,S100W4BA,10310935000.0,48892510000.0,38581574000.0,direct_gross_profit,GrossProfit,NetSales,CostOfSales
2923,S100WEVJ,11497166000.0,46479026000.0,34981859000.0,direct_gross_profit,GrossProfit,NetSales,CostOfSales
2924,S100VXIA,6069000000.0,25557000000.0,19488000000.0,direct_gross_profit,GrossProfit,NetSales,CostOfSales
2926,S100XAAS,895551000.0,2940221000.0,2044670000.0,direct_gross_profit,GrossProfit,NetSales,CostOfSales
2927,S100X6W8,11261364000.0,32655022000.0,21393657000.0,direct_gross_profit,GrossProfit,NetSales,CostOfSales
2929,S100WW38,52583000000.0,65260000000.0,12676000000.0,direct_gross_profit,GrossProfit,NetSales,CostOfSales
2930,S100Y5VV,8484106000.0,11210259000.0,2726153000.0,direct_gross_profit,GrossProfit,NetSales,CostOfSales
2931,S100XSL3,35033000000.0,50370000000.0,15336000000.0,direct_gross_profit,GrossProfit,NetSales,CostOfSales
2932,S100XUJP,10447000000.0,38605000000.0,28157000000.0,direct_gross_profit,GrossProfit,NetSales,CostOfSales
2933,S100W1Z4,25130526000.0,108912144000.0,83781618000.0,direct_gross_profit,GrossProfit,NetSales,CostOfSales
2934,S100WL6P,9573959000.0,21504496000.0,11930536000.0,direct_gross_profit,GrossProfit,NetSales,CostOfSales
2935,S100Y62P,8902000000.0,40923000000.0,32021000000.0,direct_gross_profit,GrossProfit,NetSales,CostOfSales
2936,S100Y7A4,8602321000.0,15191882000.0,6589561000.0,direct_gross_profit,GrossProfit,NetSales,CostOfSales
2937,S100W0KY,6779644000.0,19467260000.0,12687615000.0,direct_gross_profit,GrossProfit,NetSales,CostOfSales
2938,S100WQVV,7394000000.0,35345000000.0,27950000000.0,direct_gross_profit,GrossProfit,NetSales,CostOfSales
2961,S100XCJ8,5189583000.0,18118892000.0,12929309000.0,direct_gross_profit,GrossProfit,NetSales,CostOfSales
2962,S100WRPQ,130453000.0,3362209000.0,3231756000.0,direct_gross_profit,GrossProfit,NetSales,CostOfSales
2970,S100XTGG,3973000000.0,24505000000.0,20532000000.0,direct_gross_profit,GrossProfit,NetSales,CostOfSales
2975,S100XM43,12275258000.0,69158274000.0,56883015000.0,direct_gross_profit,GrossProfit,NetSales,CostOfSales
2978,S100WXFC,3543401000.0,8099031000.0,4555629000.0,direct_gross_profit,GrossProfit,NetSales,CostOfSales
2980,S100W5TD,9531912000.0,26690860000.0,17158948000.0,direct_gross_profit,GrossProfit,NetSales,CostOfSales
2981,S100W2RT,4377617000.0,20267874000.0,15890256000.0,direct_gross_profit,GrossProfit,NetSales,CostOfSales
2982,S100XS5K,12074592000.0,67531965000.0,55457373000.0,direct_gross_profit,GrossProfit,NetSales,CostOfSales
2983,S100Y03C,8851257000.0,48623906000.0,39772649000.0,direct_gross_profit,GrossProfit,NetSales,CostOfSales
2984,S100W3O8,5185198000.0,20909686000.0,15724487000.0,direct_gross_profit,GrossProfit,NetSales,CostOfSales
2986,S100XUF0,13372856000.0,46544340000.0,33171484000.0,direct_gross_profit,GrossProfit,NetSales,CostOfSales
2991,S100WWX1,15199613000.0,95992728000.0,80793114000.0,direct_gross_profit,GrossProfit,NetSales,CostOfSales
2993,S100VZPZ,3354805000.0,10784194000.0,6663203000.0,direct_gross_profit,GrossProfit,NetSales,CostOfSales
2997,S100Y0E1,704658000.0,3999797000.0,3295139000.0,direct_gross_profit,GrossProfit,NetSales,CostOfSales
2998,S100W4AN,5666282000.0,41823444000.0,36157161000.0,direct_gross_profit,GrossProfit,NetSales,CostOfSales
2999,S100X6G1,2320037000.0,17364543000.0,15044506000.0,direct_gross_profit,GrossProfit,NetSales,CostOfSales
3001,S100XTK8,14607000000.0,40652000000.0,26044000000.0,direct_gross_profit,GrossProfit,NetSales,CostOfSales
3002,S100W1AS,43182000000.0,137117000000.0,93934000000.0,direct_gross_profit,GrossProfit,NetSales,CostOfSales
3003,S100XR5L,276802000000.0,727447000000.0,,direct_gross_profit,OperatingGrossProfit,OperatingRevenue1,
3004,S100VXAD,8403000000.0,40158000000.0,31755000000.0,direct_gross_profit,GrossProfit,NetSales,CostOfSales
3010,S100W4G1,26818607000.0,27881446000.0,1062838000.0,direct_gross_profit,GrossProfit,NetSales,CostOfSales
3011,S100VXS4,1297523000.0,5601271000.0,4303747000.0,direct_gross_profit,GrossProfit,NetSales,CostOfSales
3020,S100W7W6,10064000000.0,47288000000.0,37223000000.0,direct_gross_profit,GrossProfit,NetSales,CostOfSales
3021,S100WLI3,3226921000.0,8099541000.0,4872619000.0,direct_gross_profit,GrossProfit,NetSales,CostOfSales
3023,S100W22B,6853000000.0,26568000000.0,19715000000.0,direct_gross_profit,GrossProfit,NetSales,CostOfSales
3024,S100VZGG,6375644000.0,36550093000.0,30174449000.0,direct_gross_profit,GrossProfit,NetSales,CostOfSales
3028,S100WQEC,107564000000.0,268655000000.0,161090000000.0,direct_gross_profit,GrossProfit,NetSales,CostOfSales
3030,S100Y764,8061892000.0,11335384000.0,3379022000.0,direct_gross_profit,OperatingGrossProfit,NetSales,CostOfSales
3031,S100WE54,4936168000.0,6098405000.0,1162236000.0,direct_gross_profit,GrossProfit,NetSales,CostOfSales
3034,S100W4MB,39056000000.0,263972000000.0,224916000000.0,direct_gross_profit,GrossProfit,NetSales,CostOfSales
3035,S100WXKZ,4452090000.0,18927608000.0,14475517000.0,direct_gross_profit,GrossProfit,NetSales,CostOfSales
3036,S100VYH5,26021000000.0,197004000000.0,170983000000.0,direct_gross_profit,GrossProfit,NetSales,CostOfSales
3038,S100XHUJ,66466000000.0,551701000000.0,485235000000.0,direct_gross_profit,GrossProfit,NetSales,CostOfSales
3040,S100XRPJ,9237000000.0,19762000000.0,10524000000.0,direct_gross_profit,GrossProfit,NetSales,CostOfSales
3041,S100WRES,975313000.0,7602614000.0,6627300000.0,direct_gross_profit,GrossProfit,NetSales,CostOfSales
3042,S100W8D0,450748000.0,1149075000.0,698327000.0,direct_gross_profit,GrossProfit,NetSales,CostOfSales
3045,S100X6HQ,1060905000.0,2291251000.0,1230345000.0,direct_gross_profit,GrossProfit,NetSales,CostOfSales
3046,S100X74E,75814000000.0,97215000000.0,21400000000.0,direct_gross_profit,GrossProfit,NetSales,CostOfSales
3048,S100X5J8,260511000000.0,974483000000.0,713972000000.0,direct_gross_profit,GrossProfit,NetSales,CostOfSales
3050,S100Y6MK,192303000000.0,542317000000.0,350014000000.0,direct_gross_profit,OperatingGrossProfit,OperatingRevenue1,CostOfSales
3053,S100XULF,8811000000.0,14553000000.0,5742000000.0,direct_gross_profit,GrossProfit,NetSales,CostOfGoodsSold
3054,S100XUT2,3392363000.0,13775768000.0,10383404000.0,direct_gross_profit,GrossProfit,NetSales,CostOfSales
3058,S100W4O7,5341816000.0,16605085000.0,11263268000.0,direct_gross_profit,GrossProfit,NetSales,CostOfSales
3059,S100VZNF,5853171000.0,12960074000.0,7106903000.0,direct_gross_profit,GrossProfit,NetSales,CostOfSales
3063,S100Y7CP,8452299000.0,13045916000.0,4593617000.0,direct_gross_profit,GrossProfit,NetSales,CostOfSales
3064,S100XSYP,99636000000.0,333880000000.0,234243000000.0,direct_gross_profit,GrossProfit,NetSales,CostOfSales
3065,S100Y57D,6387898000.0,9614830000.0,3226931000.0,direct_gross_profit,GrossProfit,NetSales,CostOfSales
3067,S100XCZ1,4610933000.0,7250870000.0,2639936000.0,direct_gross_profit,GrossProfit,NetSales,CostOfSales
3068,S100W4NQ,22869255000.0,31952794000.0,9083539000.0,direct_gross_profit,GrossProfit,NetSales,CostOfSales
3069,S100W6VR,17205932000.0,65207679000.0,48001746000.0,direct_gross_profit,GrossProfit,NetSales,CostOfSales
3070,S100Y0EP,1372818000.0,3590899000.0,2218081000.0,direct_gross_profit,GrossProfit,NetSales,CostOfSales
3071,S100Y025,5226659000.0,32774910000.0,27548250000.0,direct_gross_profit,GrossProfit,NetSales,CostOfSales
3075,S100Y6WM,14168623000.0,23667462000.0,9498839000.0,direct_gross_profit,GrossProfit,NetSales,CostOfSales
3076,S100WRM2,30343000000.0,66197000000.0,35853000000.0,direct_gross_profit,GrossProfit,NetSales,CostOfSales
3077,S100XN95,2398137000.0,3220077000.0,821940000.0,direct_gross_profit,GrossProfit,NetSales,CostOfSales
3079,S100W6AB,4994249000.0,50321644000.0,45327395000.0,direct_gross_profit,GrossProfit,NetSales,CostOfGoodsSold
3080,S100Y69Z,7416330000.0,28604828000.0,21188497000.0,direct_gross_profit,GrossProfit,NetSales,CostOfSales
3082,S100WR4M,10727231000.0,15056528000.0,4329296000.0,direct_gross_profit,GrossProfit,NetSales,CostOfSales
3083,S100Y7XS,3491260000.0,10382417000.0,6891156000.0,direct_gross_profit,GrossProfit,NetSales,CostOfSales
3086,S100Y6K0,215412000000.0,445094000000.0,229682000000.0,direct_gross_profit,GrossProfitIFRS,RevenueIFRS,CostOfSalesIFRS
3087,S100Y6D7,93691000000.0,159147000000.0,65455000000.0,direct_gross_profit,GrossProfit,NetSales,CostOfSales
3088,S100W0CL,372235000000.0,1061626000000.0,689390000000.0,direct_gross_profit,GrossProfit,NetSales,CostOfSales
3089,S100XN4S,1531923000.0,4522433000.0,2990509000.0,direct_gross_profit,GrossProfit,NetSales,CostOfSales
3091,S100XT8X,20304000000.0,30219000000.0,9914000000.0,direct_gross_profit,GrossProfit,NetSales,CostOfSales
3092,S100VXJF,198312000000.0,213131000000.0,14819000000.0,direct_gross_profit,GrossProfit,NetSales,CostOfSales
3093,S100Y644,28731000000.0,48597000000.0,19866000000.0,direct_gross_profit,GrossProfit,NetSales,CostOfSales
3096,S100W5MR,20133619000.0,91061864000.0,70928245000.0,direct_gross_profit,GrossProfit,NetSales,CostOfSales
3097,S100WR57,80644000000.0,123921000000.0,43277000000.0,direct_gross_profit,GrossProfit,NetSales,CostOfSales
3099,S100W16O,337675000000.0,555517000000.0,217841000000.0,direct_gross_profit,GrossProfit,NetSales,CostOfSales
3101,S100W28Y,97055000000.0,422032000000.0,324977000000.0,direct_gross_profit,GrossProfit,NetSales,CostOfSales
3103,S100W59T,25696000000.0,126411000000.0,100714000000.0,direct_gross_profit,GrossProfit,NetSales,CostOfSales
3104,S100W5BI,14884000000.0,42912000000.0,28028000000.0,direct_gross_profit,GrossProfit,NetSales,CostOfSales
3105,S100XT05,117550000000.0,502339000000.0,384789000000.0,direct_gross_profit,GrossProfit,NetSales,CostOfSales
3106,S100W3NJ,31658000000.0,150660000000.0,119001000000.0,direct_gross_profit,GrossProfit,NetSales,CostOfSales
3107,S100W3VT,79796000000.0,1136817000000.0,1057021000000.0,direct_gross_profit,GrossProfit,NetSales,CostOfSales
3109,S100W2GK,7234000000.0,39087000000.0,31852000000.0,direct_gross_profit,GrossProfit,NetSales,CostOfSales
3110,S100VZQB,40378000000.0,109035000000.0,68657000000.0,direct_gross_profit,GrossProfit,NetSales,CostOfSales
3111,S100W6WQ,1385000000.0,3407000000.0,2021000000.0,direct_gross_profit,GrossProfit,NetSales,CostOfSales
3113,S100W3UN,1504990000.0,2882052000.0,1377062000.0,direct_gross_profit,GrossProfit,NetSales,CostOfSales
3116,S100VWKM,209206000000.0,1954218000000.0,1745012000000.0,direct_gross_profit,GrossProfitIFRS,RevenueIFRS,CostOfSalesIFRS
3121,S100XHQ8,789512000.0,3383239000.0,2593727000.0,direct_gross_profit,GrossProfit,NetSales,CostOfSales
3123,S100W5WR,2701707000.0,10297819000.0,7596111000.0,direct_gross_profit,GrossProfit,NetSales,CostOfSales
3131,S100W17S,3660525000.0,43745219000.0,40084694000.0,direct_gross_profit,GrossProfit,NetSales,CostOfSales
3132,S100W3D1,121252000000.0,1034180000000.0,912928000000.0,direct_gross_profit,GrossProfit,NetSales,CostOfSales
3133,S100W6B3,1993818000.0,2791353000.0,797535000.0,direct_gross_profit,GrossProfit,NetSales,CostOfSales
3134,S100WEGF,13497058000.0,22895350000.0,9398292000.0,direct_gross_profit,GrossProfit,NetSales,CostOfSales
3135,S100WRDT,8532141000.0,24771890000.0,16239748000.0,direct_gross_profit,GrossProfit,NetSales,CostOfSales
3137,S100W4Y8,1034163000.0,2518419000.0,,direct_gross_profit,GrossProfit,NetSales,
3138,S100XUDW,1573167000.0,5814858000.0,4241690000.0,direct_gross_profit,GrossProfit,NetSales,CostOfSales
3139,S100XMUD,12288000000.0,182816000000.0,170527000000.0,direct_gross_profit,GrossProfit,NetSales,CostOfSales
3140,S100WS12,6172000000.0,14502000000.0,8330000000.0,direct_gross_profit,GrossProfit,NetSales,CostOfSales
3143,S100W4KR,4059870000.0,39156014000.0,35096143000.0,direct_gross_profit,GrossProfit,NetSales,CostOfSales
3148,S100WK8P,119220000000.0,457093000000.0,337873000000.0,direct_gross_profit,GrossProfit,NetSales,CostOfSales
3150,S100W7E4,10984150000.0,33340818000.0,22356667000.0,direct_gross_profit,GrossProfit,NetSales,CostOfSales
3151,S100W0QI,49214000000.0,600370000000.0,551155000000.0,direct_gross_profit,GrossProfit,NetSales,CostOfSales
3153,S100W4RT,14690000000.0,66075000000.0,51384000000.0,direct_gross_profit,GrossProfit,NetSales,CostOfSales
3154,S100WQP5,34440574000.0,288689338000.0,254248764000.0,direct_gross_profit,GrossProfit,NetSales,CostOfSales
3156,S100W8N9,47700000000.0,561001000000.0,513301000000.0,direct_gross_profit,GrossProfit,NetSales,CostOfSales
3157,S100W5K9,23374000000.0,176115000000.0,152740000000.0,direct_gross_profit,GrossProfit,NetSales,CostOfSales
3159,S100Y0TV,48221000000.0,185053000000.0,136832000000.0,direct_gross_profit,GrossProfit,NetSales,CostOfSales
3160,S100WJ4B,14377976000.0,74880531000.0,60502555000.0,direct_gross_profit,GrossProfit,NetSales,CostOfSales
3161,S100WEGE,1690428000.0,8027705000.0,6337277000.0,direct_gross_profit,GrossProfit,NetSales,CostOfSales
3166,S100W1IG,16253000000.0,117084000000.0,100831000000.0,direct_gross_profit,GrossProfit,NetSales,CostOfSales
3167,S100W1KU,93739000000.0,243482000000.0,149742000000.0,direct_gross_profit,GrossProfit,NetSales,CostOfSales
3168,S100X5OB,2333026000.0,82463458000.0,80130431000.0,direct_gross_profit,GrossProfit,NetSales,CostOfSales
3169,S100Y0VC,6198908000.0,12159248000.0,5960340000.0,direct_gross_profit,GrossProfit,NetSales,CostOfGoodsSold
3172,S100WWIC,4121000000.0,11502000000.0,7380000000.0,direct_gross_profit,GrossProfit,NetSales,CostOfSales
3173,S100W04V,6754000000.0,30127000000.0,23372000000.0,direct_gross_profit,GrossProfit,NetSales,CostOfSales
3174,S100X6RU,3586685000.0,8841449000.0,5254764000.0,direct_gross_profit,GrossProfit,NetSales,CostOfSales
3175,S100W8M9,13493684000.0,21072470000.0,7578786000.0,direct_gross_profit,GrossProfit,NetSales,CostOfSales
3176,S100XABQ,22564081000.0,132703798000.0,110139717000.0,direct_gross_profit,GrossProfit,NetSales,CostOfSales
3177,S100Y7HH,7483318000.0,11398039000.0,3914721000.0,direct_gross_profit,GrossProfit,NetSales,CostOfSales
3178,S100VXGN,18013470000.0,26219315000.0,8205844000.0,direct_gross_profit,GrossProfit,NetSales,CostOfSales
3179,S100W1QS,9852483000.0,52658393000.0,42805909000.0,direct_gross_profit,GrossProfit,NetSales,CostOfGoodsSold
3180,S100WE42,8455598000.0,33721346000.0,25265747000.0,direct_gross_profit,GrossProfit,NetSales,CostOfSales
3181,S100Y6PJ,4843049000.0,9330889000.0,4487839000.0,direct_gross_profit,GrossProfit,NetSales,CostOfGoodsSold
3182,S100W5VC,75210000000.0,256009000000.0,180798000000.0,direct_gross_profit,GrossProfit,NetSales,CostOfSales
3183,S100VZI0,9894916000.0,81410300000.0,71515383000.0,direct_gross_profit,GrossProfit,NetSales,CostOfSales
3184,S100VXHU,6958370000.0,38181309000.0,31222938000.0,direct_gross_profit,GrossProfit,NetSales,CostOfSales
3185,S100W468,2019275000.0,4499651000.0,2480375000.0,direct_gross_profit,GrossProfitIFRS,RevenueIFRS,CostOfSalesIFRS
3186,S100XM1X,112165000000.0,652072000000.0,539907000000.0,direct_gross_profit,GrossProfit,NetSales,CostOfSales
3187,S100XCKW,5846583000.0,16746745000.0,10900161000.0,direct_gross_profit,GrossProfit,NetSales,CostOfSales
3189,S100X7OR,884607000.0,1774723000.0,890115000.0,direct_gross_profit,GrossProfit,NetSales,CostOfSales
3190,S100W28J,10005266000.0,21956184000.0,11903431000.0,direct_gross_profit,GrossProfit,NetSales,CostOfGoodsSold
3191,S100WO68,47743000000.0,128980000000.0,87994000000.0,direct_gross_profit,OperatingGrossProfit,NetSales,CostOfSales
3192,S100XN0D,1550980000.0,4208482000.0,2657501000.0,direct_gross_profit,GrossProfit,NetSales,CostOfGoodsSold
3193,S100WWX8,31774984000.0,46356977000.0,14581993000.0,direct_gross_profit,GrossProfit,NetSales,CostOfSales
3195,S100XHU3,4515010000.0,16552295000.0,12037284000.0,direct_gross_profit,GrossProfit,NetSales,CostOfSales
3196,S100XU8Z,28637098000.0,51040982000.0,22403884000.0,direct_gross_profit,GrossProfit,NetSales,CostOfSales
3197,S100XUBI,305131000000.0,457794000000.0,152663000000.0,direct_gross_profit,GrossProfitIFRS,RevenueIFRS,CostOfSalesIFRS
3198,S100Y5KF,21760221000.0,31119339000.0,9359118000.0,direct_gross_profit,GrossProfit,NetSales,CostOfSales
3199,S100W85X,28030000000.0,133594000000.0,105563000000.0,direct_gross_profit,GrossProfit,NetSales,CostOfSales
3201,S100XLV8,34269000000.0,119377000000.0,85107000000.0,direct_gross_profit,GrossProfit,NetSales,CostOfSales
3202,S100W4I2,1309373000.0,4106822000.0,2797449000.0,direct_gross_profit,GrossProfit,NetSales,CostOfSales
3204,S100XTN7,3577000000.0,17471000000.0,13894000000.0,direct_gross_profit,GrossProfit,NetSales,CostOfSales
3205,S100W91T,15503000000.0,28609000000.0,13105000000.0,direct_gross_profit,GrossProfit,NetSales,CostOfSales
3221,S100VZZ5,15341835000.0,22905077000.0,7563242000.0,direct_gross_profit,GrossProfit,NetSales,CostOfSales
3222,S100Y585,289131000000.0,944425000000.0,674630000000.0,direct_gross_profit,OperatingGrossProfit,NetSales,CostOfSales
3223,S100Y6RF,2946390000.0,3656915000.0,710525000.0,direct_gross_profit,GrossProfit,NetSales,CostOfSales
3224,S100W8EW,2562376000.0,3926227000.0,1363850000.0,direct_gross_profit,GrossProfit,NetSales,CostOfSales
3231,S100W3XD,266601000000.0,757638000000.0,,direct_gross_profit,OperatingGrossProfit,OperatingRevenue1,
3232,S100VXZV,61223782000.0,103849178000.0,42625396000.0,revenue_minus_cost_of_sales,OperatingRevenue1-CostOfGoodsSold,OperatingRevenue1,CostOfGoodsSold
3236,S100WLW2,5085000000.0,27839000000.0,22753000000.0,direct_gross_profit,GrossProfit,NetSales,CostOfSales
3237,S100W08J,637314000.0,825023000.0,187708000.0,direct_gross_profit,GrossProfit,NetSales,CostOfSales
3238,S100W3OF,5760661000.0,30883220000.0,25122558000.0,direct_gross_profit,GrossProfit,NetSales,CostOfSales
3241,S100XUX4,2445000000.0,14880000000.0,12435000000.0,direct_gross_profit,GrossProfit,NetSales,CostOfSales
3242,S100WQT7,6463101000.0,33933706000.0,27470605000.0,direct_gross_profit,GrossProfit,NetSales,CostOfSales
3245,S100XAUW,10788000000.0,78505000000.0,67716000000.0,direct_gross_profit,GrossProfit,NetSales,CostOfSales
3246,S100XXPI,2319245000.0,10045621000.0,7726376000.0,direct_gross_profit,GrossProfit,NetSales,CostOfSales
3248,S100XH8O,1038308000.0,3289922000.0,2251614000.0,direct_gross_profit,GrossProfit,NetSales,CostOfSales
3252,S100XS0T,14038000000.0,76327000000.0,62289000000.0,direct_gross_profit,GrossProfit,NetSales,CostOfSales
3261,S100XTGC,731056000.0,3416769000.0,2685712000.0,direct_gross_profit,GrossProfit,NetSales,CostOfSales
3266,S100XMVL,1282000000.0,5842000000.0,4559000000.0,direct_gross_profit,GrossProfit,NetSales,CostOfSales
3267,S100XMZE,2224026000.0,8233505000.0,6009479000.0,direct_gross_profit,GrossProfit,NetSales,CostOfSales
3271,S100WS5Q,9601726000.0,61747800000.0,52146074000.0,direct_gross_profit,GrossProfit,NetSales,CostOfSales
3276,S100XTQS,7887969000.0,58498097000.0,50610128000.0,direct_gross_profit,GrossProfit,NetSales,CostOfSales
3277,S100XSVW,6994122000.0,23348884000.0,16354761000.0,direct_gross_profit,GrossProfit,NetSales,CostOfSales
3280,S100Y6PQ,4607000000.0,22313000000.0,17705000000.0,direct_gross_profit,GrossProfit,NetSales,CostOfSales
3284,S100W53C,21794000000.0,92153000000.0,70359000000.0,direct_gross_profit,GrossProfit,NetSales,CostOfSales
3286,S100WQTF,2513037000.0,12887524000.0,10374487000.0,direct_gross_profit,GrossProfit,NetSales,CostOfSales
3288,S100XBTG,243167000000.0,1336468000000.0,1093301000000.0,direct_gross_profit,GrossProfit,NetSales,CostOfSales
3289,S100W5WX,245317000000.0,1150301000000.0,,direct_gross_profit,OperatingGrossProfit,OperatingRevenue1,
3291,S100W7EN,232377000000.0,1459639000000.0,1227261000000.0,direct_gross_profit,GrossProfitIFRS,RevenueIFRS,CostOfSalesIFRS
3293,S100W4QL,4519149000.0,13279293000.0,8760144000.0,direct_gross_profit,GrossProfit,NetSales,CostOfSales
3294,S100W5U4,4263744000.0,30502712000.0,26238968000.0,direct_gross_profit,GrossProfit,NetSales,CostOfSales
3297,S100WKV4,2236142000.0,8185690000.0,5949547000.0,direct_gross_profit,GrossProfit,NetSales,CostOfSales
3299,S100XT1L,19328000000.0,68262000000.0,48934000000.0,direct_gross_profit,GrossProfit,NetSales,CostOfSales
3300,S100WQFJ,10647645000.0,52372323000.0,41724677000.0,direct_gross_profit,GrossProfit,NetSales,CostOfSales
3302,S100XQYR,9635585000.0,33639887000.0,24004301000.0,direct_gross_profit,GrossProfit,NetSales,CostOfSales
3306,S100W7U8,1061957000.0,4422391000.0,3360433000.0,direct_gross_profit,GrossProfit,NetSales,CostOfSales
3315,S100W7T0,-2115000000.0,99045000000.0,101160000000.0,direct_gross_profit,GrossProfit,NetSales,CostOfSales
3317,S100W269,5591191000.0,8265549000.0,2674357000.0,direct_gross_profit,GrossProfit,NetSales,CostOfSales
3320,S100Y0F4,16516000000.0,59852000000.0,43336000000.0,direct_gross_profit,GrossProfit,NetSales,CostOfSales
3321,S100WKFZ,5286970000.0,98176390000.0,92889419000.0,direct_gross_profit,GrossProfit,NetSales,CostOfSales
3323,S100XD4C,3153604000.0,13088331000.0,9934726000.0,direct_gross_profit,GrossProfitIFRS,RevenueIFRS,CostOfSalesIFRS
3326,S100W3VJ,1026197000.0,5408416000.0,4382218000.0,direct_gross_profit,GrossProfit,NetSales,CostOfSales
3329,S100WEOL,9367056000.0,12812967000.0,3445910000.0,direct_gross_profit,GrossProfit,NetSales,CostOfSales
3333,S100Y2X4,38791432000.0,81374883000.0,42583451000.0,direct_gross_profit,GrossProfit,NetSales,CostOfSales
3349,S100WLSP,213281000000.0,1011390000000.0,798109000000.0,direct_gross_profit,GrossProfit,NetSales,CostOfSales
3350,S100XTWY,8820000000.0,8905000000.0,84000000.0,direct_gross_profit,GrossProfit,NetSales,CostOfSales
3352,S100VZUV,6367149000.0,12185655000.0,5818505000.0,direct_gross_profit,GrossProfit,NetSales,CostOfSales
3353,S100Y4Y9,6485607000.0,54982518000.0,48496911000.0,direct_gross_profit,GrossProfit,NetSales,CostOfSales
3355,S100XTG9,26804544000.0,88685565000.0,61881021000.0,direct_gross_profit,GrossProfit,NetSales,CostOfSales
3358,S100W8HZ,722089000.0,1460183000.0,738094000.0,direct_gross_profit,GrossProfit,NetSales,CostOfSales
3359,S100XBJQ,4062844000.0,13675545000.0,9612701000.0,direct_gross_profit,GrossProfit,NetSales,CostOfSales
3360,S100W7VG,66743000000.0,678229000000.0,611486000000.0,direct_gross_profit,GrossProfit,NetSales,CostOfSales
3361,S100WFAY,10696900000.0,27388206000.0,16691305000.0,direct_gross_profit,GrossProfit,NetSales,CostOfSales
3370,S100W77P,2891492000.0,4892525000.0,2001032000.0,direct_gross_profit,GrossProfit,NetSales,CostOfSales
3371,S100W072,12864480000.0,30951761000.0,18087281000.0,direct_gross_profit,GrossProfit,NetSales,CostOfSales
3372,S100W5ZC,3508516000.0,5264115000.0,1755598000.0,direct_gross_profit,GrossProfit,NetSales,CostOfSales
3374,S100W3FN,4620676000.0,35337699000.0,30717023000.0,direct_gross_profit,GrossProfit,NetSales,CostOfSales
3375,S100W6LH,2413720000.0,9274325000.0,6860604000.0,direct_gross_profit,GrossProfit,NetSales,CostOfSales
3377,S100XLTO,12979481000.0,38574085000.0,25594603000.0,direct_gross_profit,GrossProfit,NetSales,CostOfSales
3382,S100Y4VB,3130033000000.0,10430269000000.0,7300235000000.0,direct_gross_profit,OperatingGrossProfit,OperatingRevenue1,CostOfSales
3386,S100XRR0,3702000000.0,10766000000.0,7064000000.0,direct_gross_profit,GrossProfit,NetSales,CostOfSales
3387,S100Y2PC,116760000000.0,165449000000.0,48689000000.0,direct_gross_profit,GrossProfitIFRS,RevenueIFRS,CostOfSalesIFRS
3388,S100W7AD,11794633000.0,78672806000.0,66878173000.0,direct_gross_profit,GrossProfit,NetSales,CostOfSales
3391,S100Y5EY,443989000000.0,1450585000000.0,1006596000000.0,direct_gross_profit,GrossProfit,NetSales,CostOfSales
3392,S100W4ZA,14355477000.0,58762579000.0,44407102000.0,direct_gross_profit,GrossProfit,NetSales,CostOfSales
3393,S100VZEI,9967988000.0,22211760000.0,12243771000.0,direct_gross_profit,GrossProfit,NetSales,CostOfSales
3395,S100W33T,53209483000.0,70895651000.0,17686167000.0,direct_gross_profit,GrossProfit,NetSales,CostOfSales
3396,S100Y6XM,15947000000.0,29179000000.0,13232000000.0,direct_gross_profit,GrossProfit,NetSales,CostOfSales
3397,S100VXRO,203936000000.0,268228000000.0,64292000000.0,direct_gross_profit,GrossProfitIFRS,RevenueIFRS,CostOfSalesIFRS
3399,S100Y1KO,29871992000.0,43000813000.0,13128821000.0,direct_gross_profit,GrossProfit,NetSales,CostOfSales
3401,S100W4FO,191452000000.0,1005471000000.0,814020000000.0,direct_gross_profit,GrossProfitIFRS,RevenueIFRS,CostOfSalesIFRS
3402,S100W2HQ,505895000000.0,2563280000000.0,2057385000000.0,direct_gross_profit,GrossProfitIFRS,RevenueIFRS,CostOfSalesIFRS
3405,S100XSSZ,246508000000.0,808447000000.0,561939000000.0,direct_gross_profit,GrossProfit,NetSales,CostOfSales
3407,S100W2HS,958260000000.0,3037312000000.0,2079051000000.0,direct_gross_profit,GrossProfit,NetSales,CostOfSales
3409,S100W9JJ,233502000.0,1631369000.0,1397867000.0,direct_gross_profit,GrossProfit,NetSales,CostOfSales
3415,S100Y0D8,12304031000.0,23734349000.0,11430318000.0,direct_gross_profit,GrossProfit,NetSales,CostOfSales
3416,S100XUME,1488420000.0,2663631000.0,1175211000.0,direct_gross_profit,GrossProfit,NetSales,CostOfSales
3417,S100W27G,18510000000.0,349452000000.0,330942000000.0,direct_gross_profit,GrossProfit,NetSales,CostOfSales
3418,S100WX0H,10659842000.0,14336766000.0,3676924000.0,direct_gross_profit,GrossProfit,NetSales,CostOfSales
3420,S100W1Z6,7008288000.0,26073037000.0,19064749000.0,direct_gross_profit,GrossProfit,NetSales,CostOfSales
3421,S100WWG0,10037014000.0,41905707000.0,31868693000.0,direct_gross_profit,GrossProfit,NetSales,CostOfSales
3422,S100W0L7,3132000000.0,47102000000.0,43970000000.0,direct_gross_profit,GrossProfit,NetSales,CostOfSales
3423,S100VZ0R,6916715000.0,25887450000.0,18970735000.0,direct_gross_profit,GrossProfit,NetSales,CostOfSales
3426,S100WQ9V,2733664000.0,10297016000.0,7563351000.0,direct_gross_profit,GrossProfit,NetSales,CostOfSales
3431,S100W5UR,14201000000.0,74725000000.0,60523000000.0,direct_gross_profit,GrossProfitOnCompletedConstructionContractsCNS,NetSalesOfCompletedConstructionContractsCNS,CostOfSalesOfCompletedConstructionContractsCNS
3433,S100W0IW,20246000000.0,54231000000.0,33984000000.0,direct_gross_profit,GrossProfit,NetSales,CostOfSales
3434,S100W33S,10269000000.0,73511000000.0,63242000000.0,direct_gross_profit,GrossProfit,NetSales,CostOfSales
3435,S100W31V,6116286000.0,21250387000.0,15134101000.0,direct_gross_profit,GrossProfit,NetSales,CostOfSales
3436,S100XRR5,54502000000.0,409670000000.0,355168000000.0,direct_gross_profit,GrossProfit,NetSales,CostOfSales
3437,S100W8MT,2805225000.0,10539874000.0,7734649000.0,direct_gross_profit,GrossProfit,NetSales,CostOfSales
3439,S100WQN3,2006446000.0,12411996000.0,10405550000.0,direct_gross_profit,GrossProfit,NetSales,CostOfSales
3440,S100X6MC,5622000000.0,23037000000.0,17414000000.0,direct_gross_profit,GrossProfit,NetSales,CostOfSales
3441,S100WWVN,2194759000.0,10830372000.0,8635612000.0,direct_gross_profit,GrossProfit,NetSales,CostOfSales
3443,S100W2OA,21742000000.0,132905000000.0,111163000000.0,direct_gross_profit,GrossProfit,NetSales,CostOfSales
3444,S100WE7I,1001529000.0,5456458000.0,4454928000.0,direct_gross_profit,GrossProfit,NetSales,CostOfSales
3445,S100XUA2,23585000000.0,76707000000.0,53122000000.0,direct_gross_profit,GrossProfit,NetSales,CostOfSales
3446,S100WRL1,1178776000.0,1925592000.0,746815000.0,direct_gross_profit,GrossProfit,NetSales,CostOfSales
3447,S100W3UZ,4418070000.0,17503026000.0,13084955000.0,direct_gross_profit,GrossProfitIFRS,RevenueIFRS,CostOfSalesIFRS
3449,S100XU8H,8895805000.0,26025002000.0,17129196000.0,direct_gross_profit,GrossProfit,NetSales,CostOfSales
3452,S100XTWZ,12784000000.0,37778000000.0,24994000000.0,direct_gross_profit,GrossProfit,NetSales,CostOfSales
3454,S100XMR5,7833225000.0,19063701000.0,11230475000.0,direct_gross_profit,GrossProfit,NetSales,CostOfSales
3457,S100WQWR,14539000000.0,64735000000.0,50195000000.0,direct_gross_profit,GrossProfit,NetSales,CostOfSales
3461,S100XAEN,1016268000.0,2312413000.0,1296144000.0,direct_gross_profit,GrossProfit,NetSales,CostOfSales
3465,S100W0R8,41988000000.0,342553000000.0,300565000000.0,direct_gross_profit,GrossProfit,NetSales,CostOfSales
3467,S100W3VZ,5329257000.0,30743637000.0,25414379000.0,direct_gross_profit,GrossProfit,NetSales,CostOfSales
3469,S100WRQP,1114321000.0,8367950000.0,7253628000.0,direct_gross_profit,GrossProfit,NetSales,CostOfSales
3474,S100XUW1,3056047000.0,6465324000.0,3409277000.0,direct_gross_profit,GrossProfit,NetSales,CostOfSales
3475,S100XHS4,7878881000.0,54581745000.0,46702863000.0,direct_gross_profit,GrossProfit,NetSales,CostOfSales
3477,S100VYTR,1778518000.0,14771438000.0,12992919000.0,direct_gross_profit,GrossProfit,NetSales,CostOfSales
3479,S100Y7OL,48421000000.0,114357000000.0,65936000000.0,direct_gross_profit,GrossProfit,NetSales,CostOfSales
3480,S100XHE2,13684181000.0,76045573000.0,62361391000.0,direct_gross_profit,GrossProfit,NetSales,CostOfSales
3482,S100XUBZ,15448000000.0,44633000000.0,29185000000.0,direct_gross_profit,GrossProfit,NetSales,CostOfSales
3484,S100VZMQ,3237783000.0,16659432000.0,13421648000.0,direct_gross_profit,GrossProfit,NetSales,CostOfSales
3486,S100XU06,12409656000.0,69262846000.0,56853190000.0,direct_gross_profit,GrossProfit,NetSales,CostOfSales
3489,S100W2DE,7276656000.0,29915894000.0,22639237000.0,direct_gross_profit,GrossProfit,NetSales,CostOfSales
3490,S100Y6VO,2017857000.0,13543337000.0,11525479000.0,direct_gross_profit,GrossProfit,NetSales,CostOfSales
3491,S100XHWU,42163000000.0,248947000000.0,206783000000.0,direct_gross_profit,GrossProfitIFRS,RevenueIFRS,CostOfSalesIFRS
3494,S100XAPZ,1379220000.0,3254456000.0,1875235000.0,direct_gross_profit,GrossProfit,NetSales,CostOfSales
3495,S100XCMA,4132866000.0,11532888000.0,7400022000.0,direct_gross_profit,GrossProfit,NetSales,CostOfSales
3496,S100XADZ,5697376000.0,13479945000.0,7782569000.0,direct_gross_profit,GrossProfit,NetSales,CostOfSales
3498,S100X6TA,36436000000.0,96501000000.0,60065000000.0,direct_gross_profit,GrossProfit,NetSales,CostOfSales
3501,S100WLEX,22343000000.0,104791000000.0,82447000000.0,direct_gross_profit,GrossProfit,NetSales,CostOfSales
3512,S100W36D,2965563000.0,9699437000.0,6733874000.0,direct_gross_profit,GrossProfit,NetSales,CostOfSales
3513,S100W7DH,6015000000.0,13947000000.0,7931000000.0,direct_gross_profit,GrossProfit,NetSales,CostOfSales
3521,S100W8KD,509247000.0,1980519000.0,1471272000.0,direct_gross_profit,GrossProfit,NetSales,CostOfSales
3524,S100WC9Z,4166755000.0,21600058000.0,17433303000.0,direct_gross_profit,GrossProfit,NetSales,CostOfSales
3529,S100W3TR,6942000000.0,21880000000.0,14938000000.0,direct_gross_profit,GrossProfit,NetSales,CostOfSales
3536,S100X6JA,3056856000.0,12134207000.0,9077350000.0,direct_gross_profit,GrossProfit,NetSales,CostOfSales
3537,S100W3KJ,2099197000.0,25012868000.0,22913671000.0,direct_gross_profit,GrossProfit,NetSales,CostOfSales
3538,S100WQBH,12432229000.0,88614291000.0,76182062000.0,direct_gross_profit,GrossProfit,NetSales,CostOfSales
3539,S100WWAM,53440000000.0,186207000000.0,132767000000.0,direct_gross_profit,GrossProfit,NetSales,CostOfSales
3542,S100W7YC,8163019000.0,15935215000.0,7772195000.0,direct_gross_profit,GrossProfit,NetSales,CostOfGoodsSold
3543,S100Y6O9,16850000000.0,57225000000.0,40375000000.0,direct_gross_profit,GrossProfitIFRS,RevenueIFRS,CostOfSalesIFRS
3544,S100WH8K,25592000000.0,100174000000.0,74582000000.0,direct_gross_profit,GrossProfit,NetSales,CostOfSales
3546,S100Y68G,57425000000.0,146093000000.0,93175000000.0,direct_gross_profit,OperatingGrossProfit,NetSales,CostOfSales
3547,S100XN24,12280741000.0,21091523000.0,8810782000.0,direct_gross_profit,GrossProfit,NetSales,CostOfSales
3548,S100Y6V9,30927000000.0,51499000000.0,20572000000.0,direct_gross_profit,GrossProfit,NetSales,CostOfSales
3549,S100WJXT,132956000000.0,501470000000.0,368514000000.0,direct_gross_profit,GrossProfit,NetSales,CostOfSales
3550,S100Y4QT,2811932000.0,4126272000.0,1314340000.0,direct_gross_profit,GrossProfit,NetSales,CostOfGoodsSold
3551,S100W3ZT,8698785000.0,44072956000.0,35374171000.0,direct_gross_profit,GrossProfit,NetSales,CostOfSales
3553,S100VYZ7,10072000000.0,56397000000.0,46325000000.0,direct_gross_profit,GrossProfit,NetSales,CostOfSales
3556,S100XCQX,7830837000.0,10412149000.0,2581311000.0,direct_gross_profit,GrossProfit,NetSales,CostOfSales
3557,S100Y7EJ,4790312000.0,6460676000.0,1670363000.0,direct_gross_profit,GrossProfit,NetSales,CostOfSales
3558,S100Y6RE,15154133000.0,19441498000.0,4287365000.0,direct_gross_profit,GrossProfit,NetSales,CostOfSales
3559,S100W5QJ,788922000.0,2180578000.0,1391655000.0,direct_gross_profit,GrossProfit,NetSales,CostOfSales
3560,S100X6M7,4949964000.0,8677878000.0,3727913000.0,direct_gross_profit,GrossProfit,NetSales,CostOfGoodsSold
3561,S100W3HE,23994845000.0,34166110000.0,10171265000.0,direct_gross_profit,GrossProfit,NetSales,CostOfSales
3562,S100Y62C,8809328000.0,17529922000.0,8720593000.0,direct_gross_profit,GrossProfit,NetSales,CostOfSales
3563,S100XBTY,245007000000.0,429574000000.0,184567000000.0,direct_gross_profit,GrossProfitIFRS,RevenueIFRS,CostOfSalesIFRS
3565,S100Y14Y,4060928000.0,17254054000.0,13193126000.0,direct_gross_profit,GrossProfit,NetSales,CostOfSales
3566,S100XTR8,3633294000.0,9856728000.0,6223433000.0,direct_gross_profit,GrossProfit,NetSales,CostOfGoodsSold
3569,S100W270,44027000000.0,159653000000.0,115625000000.0,direct_gross_profit,GrossProfit,NetSales,CostOfSales
3571,S100W3QG,936356000.0,10043078000.0,9106722000.0,direct_gross_profit,GrossProfit,NetSales,CostOfSales
3577,S100W0AG,2129433000.0,14347362000.0,12217928000.0,direct_gross_profit,GrossProfit,NetSales,CostOfSales
3580,S100W06K,8360000000.0,39526000000.0,31165000000.0,direct_gross_profit,GrossProfit,NetSales,CostOfSales
3583,S100W2GJ,2293579000.0,6035997000.0,3742417000.0,direct_gross_profit,GrossProfit,NetSales,CostOfSales
3591,S100W40Z,11821000000.0,173896000000.0,76452000000.0,direct_gross_profit,GrossProfit,RevenueIFRS,CostOfSalesIFRS
3593,S100VZOE,12621000000.0,39138000000.0,26517000000.0,direct_gross_profit,GrossProfit,NetSales,CostOfSales
3597,S100WRSF,4572513000.0,14936315000.0,10363801000.0,direct_gross_profit,GrossProfit,NetSales,CostOfSales
3598,S100W6NM,3138491000.0,10774126000.0,7635634000.0,direct_gross_profit,GrossProfit,NetSales,CostOfSales
3600,S100W5XD,1354980000.0,5646425000.0,4291445000.0,direct_gross_profit,GrossProfit,NetSales,CostOfSales
3607,S100X5IQ,10578315000.0,13591151000.0,3012835000.0,direct_gross_profit,GrossProfit,NetSales,CostOfSales
3608,S100Y5A2,91458000000.0,167085000000.0,75627000000.0,direct_gross_profit,GrossProfit,NetSales,CostOfSales
3611,S100W6S4,6588000000.0,70579000000.0,63990000000.0,direct_gross_profit,GrossProfit,NetSales,CostOfSales
3612,S100Y4W7,139674000000.0,284014000000.0,144340000000.0,direct_gross_profit,GrossProfitIFRS,RevenueIFRS,CostOfSalesIFRS
3622,S100W3QZ,683983000.0,3377900000.0,2693917000.0,direct_gross_profit,GrossProfit,NetSales,CostOfSales
3623,S100XSRU,1620808000.0,4546706000.0,2925898000.0,direct_gross_profit,GrossProfit,NetSales,CostOfSales
3624,S100XBJN,104780000.0,973566000.0,868785000.0,direct_gross_profit,GrossProfit,NetSales,CostOfSales
3625,S100WQLE,2211307000.0,6705697000.0,4494389000.0,direct_gross_profit,GrossProfit,NetSales,CostOfSales
3626,S100W24K,160206000000.0,571687000000.0,411480000000.0,direct_gross_profit,GrossProfit,NetSales,CostOfSales
3627,S100Y74O,3813124000.0,10405091000.0,6591967000.0,direct_gross_profit,GrossProfit,NetSales,CostOfSales
3628,S100W89W,1214964000.0,3853230000.0,2638266000.0,direct_gross_profit,GrossProfit,NetSales,CostOfSales
3632,S100WQWX,29209000000.0,57111000000.0,27902000000.0,direct_gross_profit,GrossProfit,NetSales,CostOfSales
3633,S100XS5R,5964089000.0,10959103000.0,4995013000.0,direct_gross_profit,GrossProfit,NetSales,CostOfSales
3634,S100W18O,475948000.0,1039861000.0,563913000.0,direct_gross_profit,GrossProfit,NetSales,CostOfSales
3635,S100W144,52390000000.0,83150000000.0,30760000000.0,direct_gross_profit,GrossProfit,NetSales,CostOfSales
3636,S100X9BV,28739000000.0,121458000000.0,92718000000.0,direct_gross_profit,GrossProfit,NetSales,CostOfSales
3639,S100WRYE,1475241000.0,2818440000.0,1343199000.0,direct_gross_profit,GrossProfit,NetSales,CostOfSales
3640,S100W5V1,6490148000.0,18740930000.0,12250782000.0,direct_gross_profit,GrossProfit,NetSales,CostOfSales
3641,S100W4P7,7558000000.0,15768000000.0,8210000000.0,direct_gross_profit,GrossProfit,NetSales,CostOfSales
3645,S100WLO9,1965965000.0,6077796000.0,4111831000.0,direct_gross_profit,GrossProfit,NetSales,CostOfSales
3646,S100W9PZ,1156143000.0,3499578000.0,2343435000.0,direct_gross_profit,GrossProfit,NetSales,CostOfSales
3647,S100X6VP,28228000.0,606547000.0,578318000.0,direct_gross_profit,GrossProfit,NetSales,CostOfSales
3648,S100W007,6164112000.0,24862456000.0,18698344000.0,direct_gross_profit,GrossProfit,NetSales,CostOfSales
3649,S100XTNK,3984979000.0,6109941000.0,2124961000.0,direct_gross_profit,GrossProfit,NetSales,CostOfSales
3652,S100W2T8,1323284000.0,3077721000.0,1754437000.0,direct_gross_profit,GrossProfit,NetSales,CostOfSales
3653,S100XHZH,1843712000.0,3359633000.0,1515920000.0,direct_gross_profit,GrossProfit,NetSales,CostOfSales
3656,S100XU7P,830540000.0,6856276000.0,6025736000.0,direct_gross_profit,GrossProfit,NetSales,CostOfSales
3657,S100XZNA,11188114000.0,48837730000.0,37649616000.0,direct_gross_profit,GrossProfit,NetSales,CostOfSales
3659,S100XSM4,282014000000.0,475102000000.0,193088000000.0,direct_gross_profit,GrossProfitIFRS,RevenueIFRS,CostOfSalesIFRS
3660,S100WRCU,29634000000.0,68768000000.0,39134000000.0,direct_gross_profit,GrossProfit,NetSales,CostOfSales
3661,S100W7JV,7819000000.0,25782000000.0,17962000000.0,direct_gross_profit,GrossProfit,NetSales,CostOfSales
3662,S100WXAF,20522000000.0,23917000000.0,3395000000.0,direct_gross_profit,GrossProfit,NetSales,CostOfSales
3663,S100XVIW,5802333000.0,9471638000.0,3669305000.0,direct_gross_profit,GrossProfit,NetSales,CostOfSales
3664,S100XTGV,1683300000.0,2808134000.0,1124834000.0,direct_gross_profit,GrossProfit,NetSales,CostOfSales
3665,S100Y0WP,4525833000.0,6295864000.0,1770030000.0,direct_gross_profit,GrossProfit,NetSales,CostOfSales
3667,S100XTDL,-323606000.0,2170101000.0,2493708000.0,direct_gross_profit,GrossProfit,NetSales,CostOfSales
3668,S100XB7G,7986000000.0,25933000000.0,17946000000.0,direct_gross_profit,GrossProfit,NetSales,CostOfSales
3670,S100W229,1799593000.0,4476026000.0,2676433000.0,direct_gross_profit,GrossProfit,NetSales,CostOfSales
3671,S100XURZ,1863503000.0,6928650000.0,5065147000.0,direct_gross_profit,GrossProfit,NetSales,CostOfSales
3672,S100XCNH,174041000.0,2897753000.0,2723711000.0,direct_gross_profit,GrossProfit,NetSales,CostOfSales
3673,S100XS43,13519602000.0,20815301000.0,7295699000.0,direct_gross_profit,GrossProfitIFRS,RevenueIFRS,CostOfSalesIFRS
3674,S100XDE3,2172151000.0,4657045000.0,2484893000.0,direct_gross_profit,GrossProfit,NetSales,CostOfSales
3675,S100WQAV,11072455000.0,28896589000.0,17824134000.0,direct_gross_profit,GrossProfit,NetSales,CostOfSales
3676,S100W6B5,10137754000.0,39748901000.0,29611147000.0,direct_gross_profit,GrossProfit,NetSales,CostOfSales
3678,S100Y71R,9823000000.0,108537000000.0,98714000000.0,direct_gross_profit,GrossProfit,NetSales,CostOfSales
3679,S100W2XM,20905000000.0,25450000000.0,4545000000.0,direct_gross_profit,GrossProfitIFRS,RevenueIFRS,CostOfSalesIFRS
3680,S100XTX2,1165382000.0,2328437000.0,2485755000.0,direct_gross_profit,GrossProfitIFRS,NetSales,CostOfSalesIFRS
3681,S100Y1NL,3559104000.0,9859467000.0,6300363000.0,direct_gross_profit,GrossProfit,NetSales,CostOfSales
3682,S100VZGY,1288625000.0,2501582000.0,1212957000.0,direct_gross_profit,GrossProfit,NetSales,CostOfSales
3683,S100XU98,5898000000.0,18136000000.0,12238000000.0,direct_gross_profit,GrossProfit,NetSales,CostOfSales
3686,S100W9FR,745324000.0,1978904000.0,1233579000.0,direct_gross_profit,GrossProfit,NetSales,CostOfSales
3687,S100XAQJ,5006296000.0,9617686000.0,4611389000.0,direct_gross_profit,GrossProfit,NetSales,CostOfSales
3690,S100XAFO,2566367000.0,4934733000.0,2368365000.0,direct_gross_profit,GrossProfit,NetSales,CostOfSales
3691,S100XCZ7,750376000.0,933135000.0,182759000.0,direct_gross_profit,GrossProfitIFRS,RevenueIFRS,CostOfSalesIFRS
3692,S100W2IK,2029731000.0,3039446000.0,1009715000.0,direct_gross_profit,GrossProfit,NetSales,CostOfSales
3694,S100W9KA,5222608000.0,10580636000.0,5358028000.0,direct_gross_profit,GrossProfit,NetSales,CostOfSales
3695,S100XRA9,3825769000.0,6818184000.0,2992415000.0,direct_gross_profit,GrossProfit,NetSales,CostOfSales
3696,S100XU6S,13017014000.0,29660382000.0,16643367000.0,direct_gross_profit,GrossProfit,NetSales,CostOfSales
3697,S100X63F,45016000000.0,129819000000.0,84803000000.0,direct_gross_profit,GrossProfit,NetSales,CostOfSales
3698,S100XAH0,2073567000.0,3448587000.0,1375019000.0,direct_gross_profit,GrossProfit,NetSales,CostOfSales
3708,S100VV7X,12702000000.0,94800000000.0,82097000000.0,direct_gross_profit,GrossProfit,NetSales,CostOfSales
3710,S100XDG9,1258688000.0,2834256000.0,1575568000.0,direct_gross_profit,GrossProfit,NetSales,CostOfSales
3712,S100XAQC,2538412000.0,3843500000.0,1305087000.0,direct_gross_profit,GrossProfit,NetSales,CostOfSales
3719,S100XV8F,946308000.0,2653555000.0,1707246000.0,direct_gross_profit,GrossProfit,NetSales,CostOfSales
3723,S100XBL7,2302244000.0,2612982000.0,310737000.0,direct_gross_profit,GrossProfit,NetSales,CostOfSales
3726,S100XCAO,1660922000.0,2441039000.0,780117000.0,direct_gross_profit,GrossProfit,NetSales,CostOfSales
3727,S100XV4W,964506000.0,2873930000.0,1909423000.0,direct_gross_profit,GrossProfitIFRS,RevenueIFRS,CostOfSalesIFRS
3733,S100XHCP,11329000000.0,42298000000.0,30969000000.0,direct_gross_profit,GrossProfit,NetSales,CostOfSales
3741,S100W7GP,3070425000.0,10295370000.0,7224944000.0,direct_gross_profit,GrossProfit,NetSales,CostOfSales
3744,S100XTY8,5292694000.0,19059817000.0,13767122000.0,direct_gross_profit,GrossProfit,NetSales,CostOfSales
3747,S100XB0Y,547539000.0,1836486000.0,1288947000.0,direct_gross_profit,GrossProfit,NetSales,CostOfSales
3750,S100W8RO,-5983000.0,122204000.0,128187000.0,direct_gross_profit,GrossProfit,NetSales,CostOfSales
3753,S100W5TV,369711000.0,3063284000.0,2693573000.0,direct_gross_profit,GrossProfit,NetSales,CostOfSales
3758,S100XUMZ,6083000000.0,16472000000.0,10388000000.0,direct_gross_profit,GrossProfit,NetSales,CostOfSales
3760,S100WL3H,5230558000.0,13969156000.0,8738597000.0,direct_gross_profit,GrossProfit,NetSales,CostOfSales
3762,S100W658,20554535000.0,64882255000.0,44327720000.0,direct_gross_profit,GrossProfitIFRS,RevenueIFRS,CostOfSalesIFRS
3763,S100W1MB,4225867000.0,7564803000.0,3338936000.0,direct_gross_profit,GrossProfit,NetSales,CostOfSales
3765,S100XRW5,42328000000.0,93242000000.0,50913000000.0,direct_gross_profit,GrossProfit,NetSales,CostOfSales
3766,S100W3VU,2147953000.0,9609075000.0,7461122000.0,direct_gross_profit,GrossProfit,NetSales,CostOfSales
3768,S100W2HK,1701291000.0,3728251000.0,2026959000.0,direct_gross_profit,GrossProfit,NetSales,CostOfSales
3769,S100X9RU,55495002000.0,82499385000.0,27004383000.0,direct_gross_profit,GrossProfitIFRS,RevenueIFRS,CostOfSalesIFRS
3771,S100W5FC,6028102000.0,25931487000.0,19903384000.0,direct_gross_profit,GrossProfit,NetSales,CostOfSales
3772,S100W6D4,5840333000.0,18310289000.0,12469956000.0,direct_gross_profit,GrossProfit,NetSales,CostOfSales
3773,S100W2DC,4933801000.0,6665147000.0,1731345000.0,direct_gross_profit,GrossProfit,NetSales,CostOfSales
3774,S100W7DL,68402000000.0,316831000000.0,248429000000.0,direct_gross_profit,GrossProfitIFRS,RevenueIFRS,CostOfSalesIFRS
3776,S100WZGB,3275545000.0,15289750000.0,12014205000.0,direct_gross_profit,GrossProfit,NetSales,CostOfSales
3777,S100XV28,783197000.0,1371110000.0,587912000.0,direct_gross_profit,GrossProfit,NetSales,CostOfSales
3778,S100VW98,11230278000.0,31412382000.0,20182104000.0,direct_gross_profit,GrossProfit,NetSales,CostOfSales
3779,S100W73E,870452000.0,1318779000.0,448326000.0,direct_gross_profit,GrossProfit,NetSales,CostOfSales
3787,S100W3GV,376844000.0,416588000.0,,direct_gross_profit,GrossProfit,NetSales,
3788,S100XREJ,12201199000.0,20670761000.0,8469561000.0,direct_gross_profit,GrossProfit,NetSales,CostOfSales
3791,S100WL1X,3055948000.0,14598270000.0,11542322000.0,direct_gross_profit,GrossProfit,NetSales,CostOfSales
3793,S100W299,3477470000.0,12655184000.0,9177714000.0,direct_gross_profit,GrossProfit,NetSales,CostOfSales
3796,S100W1CR,1597330000.0,3028187000.0,1430857000.0,direct_gross_profit,GrossProfit,NetSales,CostOfSales
3798,S100W1JI,5317000000.0,13203000000.0,7885000000.0,direct_gross_profit,GrossProfit,NetSales,CostOfSales
3799,S100W2QN,4029609000.0,21101196000.0,17071587000.0,direct_gross_profit,GrossProfit,NetSales,CostOfSales
3800,S100W153,6664173000.0,11687128000.0,5022954000.0,direct_gross_profit,GrossProfit,NetSales,CostOfSales
3802,S100W61Y,588943000.0,2121744000.0,1532800000.0,direct_gross_profit,GrossProfit,NetSales,CostOfSales
3803,S100W1RT,138363000.0,646058000.0,507694000.0,direct_gross_profit,GrossProfit,NetSales,CostOfSales
3804,S100XHGC,2180716000.0,5032292000.0,2851576000.0,direct_gross_profit,GrossProfit,NetSales,CostOfSales
3807,S100XV4F,494865000.0,842936000.0,348070000.0,direct_gross_profit,GrossProfit,NetSales,CostOfSales
3810,S100WM70,1269000000.0,2504000000.0,1235000000.0,direct_gross_profit,GrossProfit,NetSales,CostOfSales
3815,S100X62P,909033000.0,1873495000.0,964462000.0,direct_gross_profit,GrossProfit,NetSales,CostOfSales
3816,S100WXEV,1052593000.0,3204763000.0,2152169000.0,direct_gross_profit,GrossProfit,NetSales,CostOfSales
3817,S100W37G,13179000000.0,51617000000.0,38437000000.0,direct_gross_profit,GrossProfit,NetSales,CostOfSales
3823,S100X7LO,900271000.0,1751539000.0,851267000.0,direct_gross_profit,GrossProfit,NetSales,CostOfSales
3825,S100W5OC,1934000000.0,21129000000.0,19194000000.0,direct_gross_profit,GrossProfit,NetSales,CostOfSales
3826,S100Y7MS,1922997000.0,5558183000.0,3635185000.0,direct_gross_profit,GrossProfit,NetSales,CostOfSales
3834,S100W33B,4437000000.0,13078000000.0,8641000000.0,direct_gross_profit,GrossProfit,NetSales,CostOfSales
3835,S100W0PV,2918256000.0,5469897000.0,2551641000.0,direct_gross_profit,GrossProfit,NetSales,CostOfSales
3836,S100WPOP,12578523000.0,28227703000.0,15649179000.0,direct_gross_profit,GrossProfit,NetSales,CostOfSales
3837,S100W0GJ,4305230000.0,15463041000.0,11157811000.0,direct_gross_profit,GrossProfit,NetSales,CostOfSales
3839,S100W1NP,1971117000.0,6472393000.0,4501275000.0,direct_gross_profit,GrossProfit,NetSales,CostOfSales
3840,S100W8O6,1173916000.0,2253739000.0,1079823000.0,direct_gross_profit,GrossProfit,NetSales,CostOfSales
3841,S100VY2W,1305735000.0,2062768000.0,757033000.0,direct_gross_profit,GrossProfit,NetSales,CostOfSales
3842,S100W49X,1417607000.0,3620794000.0,2203187000.0,direct_gross_profit,GrossProfit,NetSales,CostOfSales
3843,S100WE4B,15713347000.0,55073206000.0,39359859000.0,direct_gross_profit,GrossProfit,NetSales,CostOfSales
3844,S100W7QV,8235000000.0,36341000000.0,28105000000.0,direct_gross_profit,GrossProfit,NetSales,CostOfSales
3845,S100W5CN,509499000.0,2004586000.0,1495086000.0,direct_gross_profit,GrossProfit,NetSales,CostOfSales
3848,S100VYUH,1812981000.0,2607070000.0,794088000.0,direct_gross_profit,GrossProfit,NetSales,CostOfSales
3850,S100VYKA,4603233000.0,11829406000.0,7226172000.0,direct_gross_profit,GrossProfit,NetSales,CostOfSales
3851,S100W89P,1951840000.0,5299892000.0,3348052000.0,direct_gross_profit,GrossProfit,NetSales,CostOfSales
3853,S100W0T0,2832502000.0,3171258000.0,338757000.0,direct_gross_profit,GrossProfitIFRS,RevenueIFRS,CostOfSalesIFRS
3854,S100WVK4,10659256000.0,19294870000.0,8635613000.0,direct_gross_profit,GrossProfit,NetSales,CostOfSales
3856,S100W9LG,12177000000.0,72417000000.0,60240000000.0,direct_gross_profit,GrossProfit,NetSales,CostOfSales
3858,S100W9D6,1721962000.0,4138789000.0,2416827000.0,direct_gross_profit,GrossProfit,NetSales,CostOfSales
3861,S100W463,349395000000.0,1849264000000.0,1499869000000.0,direct_gross_profit,GrossProfit,NetSales,CostOfSales
3863,S100W5KI,191062000000.0,1182431000000.0,991368000000.0,direct_gross_profit,GrossProfit,NetSales,CostOfSales
3864,S100W59P,25162000000.0,175942000000.0,150779000000.0,direct_gross_profit,GrossProfit,NetSales,CostOfSales
3865,S100W1ZS,68798000000.0,305718000000.0,236920000000.0,direct_gross_profit,GrossProfit,NetSales,CostOfSales
3877,S100W24I,17098000000.0,111009000000.0,93910000000.0,direct_gross_profit,GrossProfit,NetSales,CostOfSales
3878,S100W2Y3,7984000000.0,34432000000.0,26447000000.0,direct_gross_profit,GrossProfit,NetSales,CostOfSales
3880,S100W7JF,144016000000.0,668912000000.0,524895000000.0,direct_gross_profit,GrossProfit,NetSales,CostOfSales
3891,S100VY9N,4451670000.0,16033765000.0,11582095000.0,direct_gross_profit,GrossProfit,NetSales,CostOfSales
3892,S100WKVW,2860295000.0,11738392000.0,8662472000.0,direct_gross_profit,GrossProfit,NetSales,CostOfSales
3895,S100VYRU,2610019000.0,13403100000.0,10793080000.0,direct_gross_profit,GrossProfit,NetSales,CostOfSales
3896,S100W4A3,2743954000.0,17124457000.0,14380503000.0,direct_gross_profit,GrossProfit,NetSales,CostOfSales
3900,S100XBLZ,9566824000.0,22657413000.0,13090588000.0,direct_gross_profit,GrossProfit,NetSales,CostOfSales
3901,S100XSGJ,3701320000.0,5570370000.0,1869049000.0,direct_gross_profit,GrossProfit,NetSales,CostOfSales
3903,S100WEZ4,2090219000.0,8942741000.0,6852521000.0,direct_gross_profit,GrossProfit,NetSales,CostOfSales
3904,S100XTE7,10914971000.0,20094686000.0,9179715000.0,direct_gross_profit,GrossProfit,NetSales,CostOfSales
3905,S100W8TM,1252213000.0,2942635000.0,1690421000.0,direct_gross_profit,GrossProfit,NetSales,CostOfSales
3907,S100XNL3,1890000000.0,4303000000.0,2412000000.0,direct_gross_profit,GrossProfit,NetSales,CostOfSales
3908,S100W1LS,679325000.0,1906946000.0,1227620000.0,direct_gross_profit,GrossProfit,NetSales,CostOfSales
3909,S100VG4N,1506786000.0,6211422000.0,4704636000.0,direct_gross_profit,GrossProfit,NetSales,CostOfSales
3910,S100W51I,1262661000.0,3290195000.0,2027533000.0,direct_gross_profit,GrossProfit,NetSales,CostOfSales
3911,S100XU6G,9579043000.0,15826223000.0,6247179000.0,direct_gross_profit,GrossProfit,NetSales,CostOfSales
3912,S100XQ8M,1761101000.0,3427344000.0,1666242000.0,direct_gross_profit,GrossProfit,NetSales,CostOfSales
3913,S100XT1W,613106000.0,961943000.0,348836000.0,direct_gross_profit,GrossProfit,NetSales,CostOfSales
3914,S100XSVD,2544307000.0,3625500000.0,1081193000.0,direct_gross_profit,GrossProfit,NetSales,CostOfSales
3915,S100Y60F,7472811000.0,28056820000.0,20584009000.0,direct_gross_profit,GrossProfit,NetSales,CostOfSales
3916,S100WQQ5,6145789000.0,24159035000.0,18013246000.0,direct_gross_profit,GrossProfit,NetSales,CostOfSales
3917,S100W30V,2149767000.0,6708400000.0,4558633000.0,direct_gross_profit,GrossProfit,NetSales,CostOfSales
3918,S100W0AD,3082883000.0,13278225000.0,10195342000.0,direct_gross_profit,GrossProfit,NetSales,CostOfSales
3920,S100XBM8,1849996000.0,2404511000.0,554515000.0,direct_gross_profit,GrossProfit,NetSales,CostOfSales
3921,S100Y0W0,4736696000.0,8230230000.0,3493534000.0,direct_gross_profit,GrossProfit,NetSales,CostOfSales
3922,S100Y6DH,8057261000.0,9546297000.0,1489036000.0,direct_gross_profit,GrossProfit,NetSales,CostOfSales
3923,S100W0FR,36310000000.0,48904000000.0,12594000000.0,direct_gross_profit,GrossProfit,NetSales,CostOfSales
3925,S100W6AS,3875422000.0,8000645000.0,4125222000.0,direct_gross_profit,GrossProfit,NetSales,CostOfSales
3926,S100W40X,1435997000.0,2405078000.0,969080000.0,direct_gross_profit,GrossProfit,NetSales,CostOfSales
3927,S100W46G,1303969000.0,4373104000.0,3069135000.0,direct_gross_profit,GrossProfit,NetSales,CostOfSales
3928,S100XRSE,3354767000.0,7478296000.0,4123528000.0,direct_gross_profit,GrossProfit,NetSales,CostOfSales
3929,S100W4J3,1843338000.0,2905402000.0,1062064000.0,direct_gross_profit,GrossProfit,NetSales,CostOfSales
3930,S100WX9N,3247290000.0,3794875000.0,547584000.0,direct_gross_profit,GrossProfit,NetSales,CostOfSales
3931,S100Y0HP,1551624000.0,4426721000.0,2875097000.0,direct_gross_profit,GrossProfit,NetSales,CostOfSales
3932,S100W6VM,13698000000.0,23652000000.0,9954000000.0,direct_gross_profit,GrossProfit,NetSales,CostOfSales
3933,S100W90R,3223972000.0,6896797000.0,3672825000.0,direct_gross_profit,GrossProfit,NetSales,CostOfSales
3934,S100W3YU,7351025000.0,12745109000.0,5394083000.0,direct_gross_profit,GrossProfit,NetSales,CostOfSales
3935,S100Y6A9,2780959000.0,4659720000.0,1878761000.0,direct_gross_profit,GrossProfit,NetSales,CostOfSales
3936,S100W0EO,1570919000.0,3071643000.0,1500724000.0,direct_gross_profit,GrossProfit,NetSales,CostOfSales
3937,S100W4TV,2510959000.0,6340989000.0,3830030000.0,direct_gross_profit,GrossProfit,NetSales,CostOfSales
3939,S100XAZ4,3536421000.0,5500786000.0,1964364000.0,direct_gross_profit,GrossProfit,NetSales,CostOfSales
3940,S100XTIP,945225000.0,3320879000.0,2375654000.0,direct_gross_profit,GrossProfit,NetSales,CostOfSales
3941,S100W3X3,181790000000.0,993251000000.0,811460000000.0,direct_gross_profit,GrossProfit,NetSales,CostOfSales
3943,S100VZYK,4327000000.0,23485000000.0,19157000000.0,direct_gross_profit,GrossProfit,NetSales,CostOfSales
3944,S100XRPZ,2960806000.0,17865127000.0,14904321000.0,direct_gross_profit,GrossProfit,NetSales,CostOfSales
3945,S100W0JO,5504000000.0,27579000000.0,22074000000.0,direct_gross_profit,GrossProfit,NetSales,CostOfSales
3946,S100W080,36942000000.0,219613000000.0,182670000000.0,direct_gross_profit,GrossProfit,NetSales,CostOfSales
3947,S100XT1X,13699871000.0,67083405000.0,53383534000.0,direct_gross_profit,GrossProfit,NetSales,CostOfSales
3948,S100XSVY,1651082000.0,7743777000.0,6092695000.0,direct_gross_profit,GrossProfit,NetSales,CostOfSales
3950,S100XU2H,25451000000.0,103125000000.0,77674000000.0,direct_gross_profit,GrossProfit,NetSales,CostOfSales
3951,S100W1S2,9893997000.0,43945035000.0,34051037000.0,direct_gross_profit,GrossProfit,NetSales,CostOfSales
3953,S100W5XF,1535329000.0,5939115000.0,,direct_gross_profit,GrossProfit,NetSales,
3954,S100W6QJ,4265987000.0,23316657000.0,19050670000.0,direct_gross_profit,GrossProfit,NetSales,CostOfSales
3955,S100Y0K4,5651000000.0,21831000000.0,16179000000.0,direct_gross_profit,GrossProfit,NetSales,CostOfSales
3958,S100WQWB,2453232000.0,12555556000.0,10102323000.0,direct_gross_profit,GrossProfit,NetSales,CostOfSales
3962,S100W8UY,25888000000.0,46387000000.0,20499000000.0,direct_gross_profit,GrossProfitIFRS,RevenueIFRS,CostOfSalesIFRS
3963,S100W7DR,3239860000.0,3951497000.0,711636000.0,direct_gross_profit,GrossProfit,NetSales,CostOfSales
3964,S100XSDA,26994848000.0,64139920000.0,37145071000.0,direct_gross_profit,GrossProfit,NetSales,CostOfSales
3965,S100XB9Q,2122077000.0,9689408000.0,7567330000.0,direct_gross_profit,GrossProfit,NetSales,CostOfSales
3967,S100Y6AI,3185449000.0,8958812000.0,5773363000.0,direct_gross_profit,GrossProfit,NetSales,CostOfSales
3968,S100XTVB,5931229000.0,25074483000.0,19143254000.0,direct_gross_profit,GrossProfit,NetSales,CostOfSales
3969,S100W19A,1840710000.0,2766310000.0,925599000.0,direct_gross_profit,GrossProfit,NetSales,CostOfSales
3970,S100W428,2311568000.0,5343785000.0,3032217000.0,direct_gross_profit,GrossProfit,NetSales,CostOfSales
3974,S100XH0H,1035432000.0,2605272000.0,1569840000.0,direct_gross_profit,GrossProfit,NetSales,CostOfSales
3976,S100XV3B,2117062000.0,3208384000.0,1091322000.0,direct_gross_profit,GrossProfit,NetSales,CostOfSales
3979,S100W49T,4675699000.0,6701255000.0,2025556000.0,direct_gross_profit,GrossProfit,NetSales,CostOfSales
3981,S100XUQE,5707246000.0,16720153000.0,11012906000.0,direct_gross_profit,GrossProfit,NetSales,CostOfSales
3983,S100XR9Z,5456556000.0,8307953000.0,2851396000.0,direct_gross_profit,GrossProfitIFRS,RevenueIFRS,CostOfSalesIFRS
3984,S100WPIP,4119813000.0,4581996000.0,462183000.0,direct_gross_profit,GrossProfit,NetSales,CostOfSales
3985,S100XBTL,976469000.0,1832558000.0,856089000.0,direct_gross_profit,GrossProfit,NetSales,CostOfSales
3986,S100WR2U,643694000.0,1377558000.0,733864000.0,direct_gross_profit,GrossProfit,NetSales,CostOfSales
3987,S100X72V,1070043000.0,3003786000.0,1933743000.0,direct_gross_profit,GrossProfit,NetSales,CostOfSales
3988,S100WXMD,3112657000.0,14051094000.0,10938436000.0,direct_gross_profit,GrossProfit,NetSales,CostOfSales
3989,S100XC4O,7850847000.0,8579864000.0,729016000.0,direct_gross_profit,GrossProfitIFRS,RevenueIFRS,CostOfSalesIFRS
3991,S100X6HU,,4908830000.0,,unavailable,,OperatingRevenue1,
3992,S100XAHG,2278644000.0,10032902000.0,7754258000.0,direct_gross_profit,GrossProfit,NetSales,CostOfSales
3993,S100XC4P,10843708000.0,21771392000.0,10927683000.0,direct_gross_profit,GrossProfitIFRS,RevenueIFRS,CostOfSalesIFRS
3994,S100XM4Q,34230545000.0,50349943000.0,16119398000.0,direct_gross_profit,GrossProfit,NetSales,CostOfSales
3996,S100Y6B0,1007081000.0,3138857000.0,2131775000.0,direct_gross_profit,GrossProfit,NetSales,CostOfSales
3997,S100XVCG,1245704000.0,5052458000.0,3806754000.0,direct_gross_profit,GrossProfit,NetSales,CostOfSales
3998,S100XUP0,1181217000.0,1932007000.0,750790000.0,direct_gross_profit,GrossProfit,NetSales,CostOfSales
4004,S100XTT8,323802000000.0,1347125000000.0,1023323000000.0,direct_gross_profit,GrossProfitIFRS,RevenueIFRS,CostOfSalesIFRS
4005,S100VXZW,725476000000.0,2606281000000.0,1880805000000.0,direct_gross_profit,GrossProfitIFRS,RevenueIFRS,CostOfSalesIFRS
4008,S100W0HV,30681000000.0,147571000000.0,116890000000.0,direct_gross_profit,GrossProfit,NetSales,CostOfSales
4011,S100XUSL,1732735000.0,3900040000.0,2167305000.0,direct_gross_profit,GrossProfit,NetSales,CostOfSales
4012,S100XS04,2037746000.0,8134225000.0,6096478000.0,direct_gross_profit,GrossProfit,NetSales,CostOfSales
4013,S100XR7V,3655365000.0,5370470000.0,1715105000.0,direct_gross_profit,GrossProfit,NetSales,CostOfSales
4014,S100WW86,619240000.0,1270151000.0,650910000.0,direct_gross_profit,GrossProfit,NetSales,CostOfSales
4015,S100X5MX,4004904000.0,10234033000.0,6229129000.0,direct_gross_profit,GrossProfit,NetSales,CostOfSales
4016,S100XMVG,1098002000.0,5117826000.0,4019824000.0,direct_gross_profit,GrossProfit,NetSales,CostOfSales
4017,S100Y5AX,2020037000.0,2535110000.0,515072000.0,direct_gross_profit,GrossProfit,NetSales,CostOfSales
4019,S100XTWU,2801845000.0,3817816000.0,1015971000.0,direct_gross_profit,GrossProfit,NetSales,CostOfSales
4020,S100XUPN,544408000.0,1159416000.0,615008000.0,direct_gross_profit,GrossProfit,NetSales,CostOfSales
4021,S100W4NI,116541000000.0,251365000000.0,134823000000.0,direct_gross_profit,GrossProfit,NetSales,CostOfSales
4022,S100W4UR,9633000000.0,45421000000.0,35788000000.0,direct_gross_profit,GrossProfit,NetSales,CostOfSales
4023,S100W3KR,42493000000.0,162015000000.0,119521000000.0,direct_gross_profit,GrossProfitIFRS,RevenueIFRS,CostOfSalesIFRS
4025,S100XS6V,10242000000.0,41977000000.0,31735000000.0,direct_gross_profit,GrossProfit,NetSales,CostOfSales
4026,S100WD9R,6928000000.0,27405000000.0,20477000000.0,direct_gross_profit,GrossProfit,NetSales,CostOfSales
4027,S100W6NI,10178000000.0,55737000000.0,45559000000.0,direct_gross_profit,GrossProfit,NetSales,CostOfSales
4028,S100W4FV,39531000000.0,145196000000.0,105665000000.0,direct_gross_profit,GrossProfit,NetSales,CostOfSales
4031,S100W2EP,6213000000.0,41369000000.0,35156000000.0,direct_gross_profit,GrossProfit,NetSales,CostOfSales
4040,S100W2II,5512000000.0,20900000000.0,15388000000.0,direct_gross_profit,GrossProfit,NetSales,CostOfSales
4041,S100W4M7,44934000000.0,155199000000.0,110264000000.0,direct_gross_profit,GrossProfit,NetSales,CostOfSales
4042,S100VWX1,259006000000.0,1063382000000.0,804376000000.0,direct_gross_profit,GrossProfit,NetSales,CostOfSales
4043,S100W2LH,108143000000.0,343073000000.0,234929000000.0,direct_gross_profit,GrossProfit,NetSales,CostOfSales
4044,S100W71V,39358000000.0,144233000000.0,104874000000.0,direct_gross_profit,GrossProfit,NetSales,CostOfSales
4045,S100XTI8,47133000000.0,162312000000.0,115179000000.0,direct_gross_profit,GrossProfit,NetSales,CostOfSales
4046,S100W79S,28946000000.0,96434000000.0,67487000000.0,direct_gross_profit,GrossProfit,NetSales,CostOfSales
4047,S100W72W,13995000000.0,62351000000.0,48356000000.0,direct_gross_profit,GrossProfit,NetSales,CostOfSales
4051,S100X9ZE,6607666000.0,17927780000.0,11320113000.0,direct_gross_profit,GrossProfitIFRS,RevenueIFRS,CostOfSalesIFRS
4052,S100WQ82,317329000.0,497614000.0,180284000.0,direct_gross_profit,GrossProfit,NetSales,CostOfSales
4053,S100XTX9,7189000000.0,14835000000.0,7646000000.0,direct_gross_profit,GrossProfit,NetSales,CostOfSales
4054,S100WQPM,3527179000.0,5075325000.0,1548146000.0,direct_gross_profit,GrossProfit,NetSales,CostOfSales
4055,S100XD2T,1238917000.0,4103317000.0,2864400000.0,direct_gross_profit,GrossProfit,NetSales,CostOfSales
4056,S100XV3Y,2145319000.0,3299035000.0,1153716000.0,direct_gross_profit,GrossProfit,NetSales,CostOfSales
4057,S100WK01,1220847000.0,2864934000.0,1644086000.0,direct_gross_profit,GrossProfit,NetSales,CostOfSales
4058,S100XS1A,4653000000.0,4858000000.0,204000000.0,direct_gross_profit,GrossProfit,NetSales,CostOfSales
4059,S100XBZX,283936000.0,438853000.0,154916000.0,direct_gross_profit,GrossProfit,NetSales,CostOfSales
4060,S100XUZC,1289044000.0,1830057000.0,541013000.0,direct_gross_profit,GrossProfit,NetSales,CostOfSales
4061,S100VZX7,84595000000.0,400251000000.0,315655000000.0,direct_gross_profit,GrossProfit,NetSales,CostOfSales
4062,S100VXHK,113328000000.0,369436000000.0,256108000000.0,direct_gross_profit,GrossProfit,NetSales,CostOfSales
4063,S100W0RG,984121000000.0,2561249000000.0,1577127000000.0,direct_gross_profit,GrossProfit,NetSales,CostOfSales
4064,S100W3LC,15603000000.0,48727000000.0,33124000000.0,direct_gross_profit,GrossProfit,NetSales,CostOfSales
4068,S100WR7P,1864430000.0,7984144000.0,6119713000.0,direct_gross_profit,GrossProfit,NetSales,CostOfSales
4069,S100W5FQ,1192266000.0,2349515000.0,1157248000.0,direct_gross_profit,GrossProfit,NetSales,CostOfSales
4071,S100XD0A,12327427000.0,17084345000.0,4756917000.0,direct_gross_profit,GrossProfit,NetSales,CostOfSales
4072,S100XSJW,11014000000.0,68131000000.0,57116000000.0,direct_gross_profit,GrossProfit,NetSales,CostOfSales
4073,S100WQNZ,582837000.0,1844329000.0,1261492000.0,direct_gross_profit,GrossProfit,NetSales,CostOfSales
4074,S100XUN1,2587300000.0,7728364000.0,5141063000.0,direct_gross_profit,GrossProfit,NetSales,CostOfSales
4075,S100WX5A,752264000.0,1255876000.0,503611000.0,direct_gross_profit,GrossProfit,NetSales,CostOfSales
4076,S100WLIX,1706507000.0,7004976000.0,5298469000.0,direct_gross_profit,GrossProfit,NetSales,CostOfSales
4078,S100W3IO,20282000000.0,84409000000.0,64127000000.0,direct_gross_profit,GrossProfit,NetSales,CostOfSales
4082,S100VZQT,8352000000.0,33641000000.0,25289000000.0,direct_gross_profit,GrossProfit,NetSales,CostOfSales
4088,S100W4M2,231529000000.0,1075929000000.0,844399000000.0,direct_gross_profit,GrossProfitIFRS,RevenueIFRS,CostOfSalesIFRS
4091,S100VXDZ,545442000000.0,1308024000000.0,762581000000.0,direct_gross_profit,GrossProfitIFRS,RevenueIFRS,CostOfSalesIFRS
4092,S100W423,8753000000.0,38843000000.0,30089000000.0,direct_gross_profit,GrossProfit,NetSales,CostOfSales
4093,S100W44P,10974034000.0,34804369000.0,23830335000.0,direct_gross_profit,GrossProfit,NetSales,CostOfSales
4094,S100W3FX,6145161000.0,25441423000.0,19296261000.0,direct_gross_profit,GrossProfit,NetSales,CostOfSales
4095,S100W75D,43909000000.0,132281000000.0,88372000000.0,direct_gross_profit,GrossProfit,NetSales,CostOfSales
4097,S100W1V6,26321000000.0,98261000000.0,72662000000.0,direct_gross_profit,OperatingGrossProfit,NetSales,CostOfSales
4098,S100W25C,1177000000.0,7794000000.0,6617000000.0,direct_gross_profit,GrossProfit,NetSales,CostOfSales
4099,S100XSPO,30650000000.0,70705000000.0,40054000000.0,direct_gross_profit,GrossProfit,NetSales,CostOfSales
4100,S100W53L,5634000000.0,31667000000.0,26032000000.0,direct_gross_profit,GrossProfit,NetSales,CostOfSales
4102,S100W4VZ,2162188000.0,12843448000.0,10681260000.0,direct_gross_profit,GrossProfit,NetSales,CostOfSales
4107,S100XT8H,12401000000.0,39258000000.0,26857000000.0,direct_gross_profit,GrossProfit,NetSales,CostOfSales
4109,S100W3QL,8257000000.0,36288000000.0,28031000000.0,direct_gross_profit,GrossProfit,NetSales,CostOfSales
4112,S100W3EU,19200000000.0,48578000000.0,29378000000.0,direct_gross_profit,GrossProfit,NetSales,CostOfSales
4113,S100VYZR,5491000000.0,29930000000.0,24439000000.0,direct_gross_profit,GrossProfit,NetSales,CostOfSales
4114,S100VYV3,70446000000.0,409346000000.0,338900000000.0,direct_gross_profit,GrossProfitIFRS,RevenueIFRS,CostOfSalesIFRS
4116,S100W8E0,25221000000.0,124760000000.0,99539000000.0,direct_gross_profit,GrossProfit,NetSales,CostOfSales
4118,S100W4R9,225644000000.0,807200000000.0,581555000000.0,direct_gross_profit,GrossProfit,NetSales,CostOfSales
4119,S100W7GL,5473806000.0,37921166000.0,32447360000.0,direct_gross_profit,GrossProfit,NetSales,CostOfSales
4120,S100VY2A,1437255000.0,6622426000.0,5185170000.0,direct_gross_profit,GrossProfit,NetSales,CostOfSales
4124,S100XDGQ,570864000.0,1178074000.0,607209000.0,direct_gross_profit,GrossProfit,NetSales,CostOfSales
4125,S100W0OO,4504149000.0,16040490000.0,11536341000.0,direct_gross_profit,GrossProfit,NetSales,CostOfSales
4151,S100XPTY,368892000000.0,496826000000.0,127934000000.0,direct_gross_profit,GrossProfitIFRS,RevenueIFRS,CostOfSalesIFRS
4165,S100XAX3,9788261000.0,13396474000.0,3608213000.0,direct_gross_profit,GrossProfit,NetSales,CostOfSales
4166,S100XTRE,572111000.0,819443000.0,247331000.0,direct_gross_profit,GrossProfit,NetSales,CostOfSales
4167,S100W6I5,1139878000.0,2007546000.0,867668000.0,direct_gross_profit,GrossProfit,NetSales,CostOfSales
4168,S100XVB7,4026285000.0,6056126000.0,2029841000.0,direct_gross_profit,GrossProfit,NetSales,CostOfSales
4169,S100W43H,5242125000.0,6715556000.0,1473430000.0,direct_gross_profit,GrossProfit,NetSales,CostOfSales
4170,S100XSOQ,1396770000.0,4354800000.0,2958030000.0,direct_gross_profit,GrossProfit,NetSales,CostOfSales
4171,S100XTHD,1233430000.0,2567624000.0,1334193000.0,direct_gross_profit,GrossProfit,NetSales,CostOfSales
4172,S100XCQ7,1853528000.0,2406943000.0,553415000.0,direct_gross_profit,GrossProfit,NetSales,CostOfSales
4174,S100Y16K,1545730000.0,9955206000.0,8409476000.0,direct_gross_profit,GrossProfit,NetSales,CostOfSales
4175,S100Y0KM,2968982000.0,7020100000.0,4051118000.0,direct_gross_profit,GrossProfit,NetSales,CostOfSales
4176,S100X5W6,6123848000.0,9410783000.0,3286934000.0,direct_gross_profit,GrossProfit,NetSales,CostOfSales
4177,S100W2OZ,4620942000.0,5084450000.0,463508000.0,direct_gross_profit,GrossProfit,NetSales,CostOfSales
4178,S100XS7T,890219000.0,4458053000.0,3567834000.0,direct_gross_profit,GrossProfit,NetSales,CostOfSales
4179,S100VZCX,204286000.0,691648000.0,487361000.0,direct_gross_profit,GrossProfit,NetSales,CostOfSales
4180,S100XTNG,23518000000.0,43737000000.0,20219000000.0,direct_gross_profit,GrossProfitIFRS,RevenueIFRS,CostOfSalesIFRS
4182,S100W13H,164293000000.0,773591000000.0,609298000000.0,direct_gross_profit,GrossProfit,NetSales,CostOfSales
4183,S100W2O4,388292000000.0,1809164000000.0,1420872000000.0,direct_gross_profit,GrossProfitIFRS,RevenueIFRS,CostOfSalesIFRS
4186,S100XT0N,89440000000.0,237029000000.0,147588000000.0,direct_gross_profit,GrossProfit,NetSales,CostOfSales
4187,S100XLS3,11568446000.0,36265691000.0,24697244000.0,direct_gross_profit,GrossProfit,NetSales,CostOfSales
4188,S100W27P,1279594000000.0,4407405000000.0,3127811000000.0,direct_gross_profit,GrossProfitIFRS,RevenueIFRS,CostOfSalesIFRS
4189,S100XT28,24866000000.0,115098000000.0,90232000000.0,direct_gross_profit,GrossProfit,NetSales,CostOfSales
4192,S100XT30,3619130000.0,4895537000.0,1276406000.0,direct_gross_profit,GrossProfit,NetSales,CostOfSales
4193,S100W4WI,4244048000.0,9206653000.0,4962604000.0,direct_gross_profit,GrossProfit,NetSales,CostOfSales
4194,S100WW0V,72899000000.0,80161000000.0,7262000000.0,direct_gross_profit,GrossProfit,NetSales,CostOfSales
4196,S100XCJL,1078923000.0,2306479000.0,1227556000.0,direct_gross_profit,GrossProfit,NetSales,CostOfSales
4197,S100XNPA,1752120000.0,4416257000.0,2664137000.0,direct_gross_profit,GrossProfit,NetSales,CostOfSales
4198,S100WLGP,2125909000.0,5574950000.0,3449041000.0,direct_gross_profit,GrossProfit,NetSales,CostOfSales
4199,S100X6FE,483079000.0,2316539000.0,1833460000.0,direct_gross_profit,GrossProfit,NetSales,CostOfSales
4202,S100VYQ9,164746000000.0,586531000000.0,421785000000.0,direct_gross_profit,GrossProfit,NetSales,CostOfSales
4203,S100VYAM,93550000000.0,304773000000.0,211223000000.0,direct_gross_profit,GrossProfitIFRS,RevenueIFRS,CostOfSalesIFRS
4204,S100VXYE,420606000000.0,1297754000000.0,877147000000.0,direct_gross_profit,GrossProfit,NetSales,CostOfSales
4205,S100W1KZ,118233000000.0,420647000000.0,302414000000.0,direct_gross_profit,GrossProfit,NetSales,CostOfSales
4206,S100W22P,67906000000.0,248696000000.0,180790000000.0,direct_gross_profit,GrossProfit,NetSales,CostOfSales
4208,S100W048,90933000000.0,486802000000.0,395869000000.0,direct_gross_profit,GrossProfit,NetSales,CostOfSales
4212,S100W6ZH,22313000000.0,74231000000.0,51918000000.0,direct_gross_profit,GrossProfit,NetSales,CostOfSales
4216,S100VY66,32943000000.0,85162000000.0,52219000000.0,direct_gross_profit,GrossProfit,NetSales,CostOfSales
4218,S100W347,14902000000.0,49457000000.0,34555000000.0,direct_gross_profit,GrossProfit,NetSales,CostOfSales
4220,S100VZ92,24321478000.0,128141144000.0,103819666000.0,direct_gross_profit,GrossProfit,NetSales,CostOfSales
4221,S100XSNI,17538000000.0,86658000000.0,69119000000.0,direct_gross_profit,GrossProfit,NetSales,CostOfSales
4222,S100W93H,2444391000.0,15842015000.0,13397623000.0,direct_gross_profit,GrossProfit,NetSales,CostOfSales
4224,S100W70G,7500000000.0,21433000000.0,13932000000.0,direct_gross_profit,GrossProfit,NetSales,CostOfSales
4228,S100W5Z6,27333000000.0,137072000000.0,109739000000.0,direct_gross_profit,GrossProfit,NetSales,CostOfSales
4229,S100VYPO,6525000000.0,30545000000.0,24019000000.0,direct_gross_profit,GrossProfit,NetSales,CostOfSales
4231,S100W256,9933273000.0,49336406000.0,39403132000.0,direct_gross_profit,GrossProfit,NetSales,CostOfSales
4234,S100W750,3357503000.0,29430148000.0,26072644000.0,direct_gross_profit,GrossProfit,NetSales,CostOfSales
4235,S100XU4V,9328000000.0,20553000000.0,11225000000.0,direct_gross_profit,GrossProfitIFRS,RevenueIFRS,CostOfSalesIFRS
4237,S100W2V4,1485095000.0,10620871000.0,9135775000.0,direct_gross_profit,GrossProfit,NetSales,CostOfSales
4238,S100Y0E4,2357747000.0,12572137000.0,10214389000.0,direct_gross_profit,GrossProfit,NetSales,CostOfSales
4240,S100W4AV,433157000.0,1022740000.0,,direct_gross_profit,GrossProfit,NetSales,
4241,S100W5CD,1288359000.0,3201630000.0,1913271000.0,direct_gross_profit,GrossProfit,NetSales,CostOfSales
4242,S100W4ZZ,6728000000.0,44293000000.0,37564000000.0,direct_gross_profit,GrossProfit,NetSales,CostOfSales
4243,S100XC1P,1891519000.0,4403000000.0,2511480000.0,direct_gross_profit,GrossProfit,NetSales,CostOfSales
4245,S100XU1D,10712000000.0,48321000000.0,37608000000.0,direct_gross_profit,GrossProfit,NetSales,CostOfSales
4246,S100VVT1,22375000000.0,168561000000.0,146186000000.0,direct_gross_profit,GrossProfit,NetSales,CostOfSales
4247,S100W79V,1186368000.0,3378056000.0,2191687000.0,direct_gross_profit,GrossProfit,NetSales,CostOfSales
4248,S100XSML,4363043000.0,14491278000.0,10128234000.0,direct_gross_profit,GrossProfit,NetSales,CostOfSales
4249,S100W166,23604000000.0,146174000000.0,122570000000.0,direct_gross_profit,GrossProfit,NetSales,CostOfSales
4251,S100XS6Z,8781033000.0,20473325000.0,11692291000.0,direct_gross_profit,GrossProfit,NetSales,CostOfSales
4255,S100XTKE,2229651000.0,4831327000.0,2601675000.0,direct_gross_profit,GrossProfit,NetSales,CostOfSales
4256,S100W9RA,1743524000.0,2241255000.0,497731000.0,direct_gross_profit,GrossProfit,NetSales,CostOfSales
4258,S100XTTR,2842386000.0,5936430000.0,3094043000.0,direct_gross_profit,GrossProfit,NetSales,CostOfSales
4259,S100W410,5667000000.0,9811000000.0,4143000000.0,direct_gross_profit,GrossProfit,NetSales,CostOfSales
4260,S100XBWA,1018881000.0,3024742000.0,2005861000.0,direct_gross_profit,GrossProfitIFRS,RevenueIFRS,CostOfSalesIFRS
4261,S100XVLI,2400832000.0,4920288000.0,2519456000.0,direct_gross_profit,GrossProfit,NetSales,CostOfSales
4262,S100VXX9,3497254000.0,4938823000.0,1441568000.0,direct_gross_profit,GrossProfit,NetSales,CostOfSales
4263,S100WR1U,,,,unavailable,,,
4264,S100XTNP,2828147000.0,6840816000.0,4012668000.0,direct_gross_profit,GrossProfit,NetSales,CostOfSales
4265,S100W3W3,197122000.0,602926000.0,405803000.0,direct_gross_profit,GrossProfit,NetSales,CostOfSales
4270,S100Y5VS,1807139000.0,10626073000.0,8818934000.0,direct_gross_profit,GrossProfit,NetSales,CostOfSales
4272,S100W41Y,71482000000.0,222584000000.0,151102000000.0,direct_gross_profit,GrossProfit,NetSales,CostOfSales
4274,S100W25N,660793000.0,2038992000.0,1378199000.0,direct_gross_profit,GrossProfit,NetSales,CostOfSales
4275,S100W4KT,9252000000.0,36914000000.0,27662000000.0,direct_gross_profit,GrossProfit,NetSales,CostOfSales
4284,S100XRPQ,4268318000.0,17359251000.0,13090933000.0,direct_gross_profit,GrossProfit,NetSales,CostOfSales
4286,S100XUVG,12982705000.0,39002067000.0,26019362000.0,direct_gross_profit,GrossProfitIFRS,RevenueIFRS,CostOfSalesIFRS
4287,S100Y0NF,1257777000.0,2533784000.0,1276007000.0,direct_gross_profit,GrossProfit,NetSales,CostOfSales
4288,S100W39D,1086388000.0,2971173000.0,1884785000.0,direct_gross_profit,GrossProfit,NetSales,CostOfSales
4290,S100W1Q5,14037666000.0,63719802000.0,49682136000.0,direct_gross_profit,GrossProfit,NetSales,CostOfSales
4293,S100XT7F,23163824000.0,4802400000.0,7145075000.0,direct_gross_profit,GrossProfitIFRS,OperatingRevenue1,CostOfSalesIFRS
4299,S100VZZ7,3643000000.0,18066000000.0,14423000000.0,direct_gross_profit,GrossProfit,NetSales,CostOfSales
4301,S100W907,9332000000.0,,,direct_gross_profit,OperatingGrossProfit,,
4307,S100VZKL,275295000000.0,764813000000.0,489517000000.0,direct_gross_profit,GrossProfitIFRS,RevenueIFRS,CostOfSalesIFRS
4308,S100W35I,4540856000.0,11800312000.0,7259455000.0,direct_gross_profit,GrossProfit,NetSales,CostOfSales
4310,S100W1BY,2930000000.0,6183000000.0,3253000000.0,direct_gross_profit,GrossProfit,NetSales,CostOfSales
4316,S100W7T1,665535000.0,1494314000.0,828779000.0,direct_gross_profit,GrossProfit,NetSales,CostOfSales
4317,S100Y7H8,4942065000.0,13419035000.0,8476969000.0,direct_gross_profit,GrossProfit,NetSales,CostOfSales
4318,S100W073,21384651000.0,32501017000.0,11116365000.0,direct_gross_profit,GrossProfit,NetSales,CostOfSales
4320,S100XB2A,3581584000.0,15831137000.0,12249553000.0,direct_gross_profit,GrossProfit,NetSales,CostOfSales
4323,S100W4ZM,8272429000.0,29324949000.0,21052520000.0,direct_gross_profit,GrossProfit,NetSales,CostOfSales
4324,S100XS0O,1197530000000.0,93634000000.0,237715000000.0,direct_gross_profit,GrossProfitIFRS,OperatingRevenue1,CostOfSalesIFRS
4326,S100WQAK,24508410000.0,65571087000.0,41062677000.0,direct_gross_profit,GrossProfit,NetSales,CostOfSales
4331,S100XVY3,24169000000.0,35709000000.0,11540000000.0,direct_gross_profit,GrossProfit,NetSales,CostOfSales
4334,S100Y0NT,1182527000.0,4288913000.0,3106385000.0,direct_gross_profit,GrossProfit,NetSales,CostOfSales
4335,S100WRPN,1106739000.0,3732794000.0,2626055000.0,direct_gross_profit,GrossProfit,NetSales,CostOfSales
4337,S100VZU0,16936000000.0,45362000000.0,28426000000.0,direct_gross_profit,GrossProfit,NetSales,CostOfSales
4341,S100W7OG,5178000000.0,19296000000.0,14118000000.0,direct_gross_profit,GrossProfit,NetSales,CostOfSales
4343,S100Y4UK,13172058000.0,93290048000.0,80117990000.0,direct_gross_profit,GrossProfit,NetSales,CostOfSales
4344,S100XSUV,4798160000.0,9274295000.0,4476134000.0,direct_gross_profit,GrossProfit,NetSales,CostOfSales
4345,S100VZXM,6076000000.0,11821000000.0,5745000000.0,direct_gross_profit,GrossProfit,NetSales,CostOfSales
4346,S100XBEF,13819000000.0,28433000000.0,14613000000.0,direct_gross_profit,GrossProfit,NetSales,CostOfSales
4347,S100W8CN,6060817000.0,15533925000.0,9473108000.0,direct_gross_profit,GrossProfit,NetSales,CostOfSales
4350,S100W20A,50736000000.0,122387000000.0,71651000000.0,direct_gross_profit,GrossProfit,NetSales,CostOfSales
4351,S100XU23,694236000.0,2280554000.0,1586318000.0,direct_gross_profit,GrossProfit,NetSales,CostOfSales
4356,S100XSUL,2293909000.0,7454059000.0,5160149000.0,direct_gross_profit,GrossProfit,NetSales,CostOfSales
4360,S100VYLQ,1472000000.0,9304000000.0,7831000000.0,direct_gross_profit,GrossProfit,NetSales,CostOfSales
4361,S100XLSD,1635779000.0,8814476000.0,7178696000.0,direct_gross_profit,GrossProfit,NetSales,CostOfSales
4362,S100W4DF,10878720000.0,35663736000.0,24785016000.0,direct_gross_profit,GrossProfit,NetSales,CostOfSales
4365,S100W2AK,13690000000.0,43131000000.0,29440000000.0,direct_gross_profit,GrossProfit,NetSales,CostOfSales
4366,S100W11B,2073000000.0,18644000000.0,16571000000.0,direct_gross_profit,GrossProfit,NetSales,CostOfSales
4367,S100W16I,4698619000.0,20018256000.0,15319637000.0,direct_gross_profit,GrossProfit,NetSales,CostOfSales
4368,S100VZS3,25971154000.0,69501527000.0,43530373000.0,direct_gross_profit,GrossProfit,NetSales,CostOfSales
4369,S100XYYG,9019010000.0,23883175000.0,14864165000.0,direct_gross_profit,GrossProfit,NetSales,CostOfSales
4370,S100X6MF,1253241000.0,1854738000.0,601496000.0,direct_gross_profit,GrossProfit,NetSales,CostOfSales
4371,S100XUXC,5684639000.0,20878460000.0,15193821000.0,direct_gross_profit,GrossProfit,NetSales,CostOfSales
4372,S100XS86,1988200000.0,3054570000.0,1066370000.0,direct_gross_profit,GrossProfit,NetSales,CostOfSales
4373,S100VY57,19638000000.0,47394000000.0,27756000000.0,direct_gross_profit,GrossProfitIFRS,RevenueIFRS,CostOfSalesIFRS
4374,S100XUUD,2965861000.0,3256436000.0,290575000.0,direct_gross_profit,GrossProfit,NetSales,CostOfSales
4375,S100XUXF,9508534000.0,19029026000.0,9520491000.0,direct_gross_profit,GrossProfit,NetSales,CostOfSales
4376,S100XC6R,7750000000.0,14110000000.0,6360000000.0,direct_gross_profit,GrossProfit,NetSales,CostOfSales
4377,S100XUP3,6443155000.0,7576830000.0,1133674000.0,direct_gross_profit,GrossProfit,NetSales,CostOfSales
4378,S100XHNB,1158092000.0,1824903000.0,666810000.0,direct_gross_profit,GrossProfit,NetSales,CostOfSales
4379,S100XV3D,2542918000.0,3384833000.0,841914000.0,direct_gross_profit,GrossProfit,NetSales,CostOfSales
4380,S100Y0DB,,1363651000.0,,unavailable,,OperatingRevenue1,
4381,S100W0KB,155801000.0,706256000.0,550455000.0,direct_gross_profit,GrossProfit,NetSales,CostOfSales
4382,S100WEIR,2687944000.0,5929797000.0,3241852000.0,direct_gross_profit,GrossProfit,NetSales,CostOfSales
4384,S100WW0E,21684000000.0,61950000000.0,40265000000.0,direct_gross_profit,GrossProfit,NetSales,CostOfSales
4385,S100WQDW,138258000000.0,192633000000.0,54374000000.0,direct_gross_profit,GrossProfitIFRS,RevenueIFRS,CostOfSalesIFRS
4386,S100W7OD,1889554000.0,8769202000.0,6879647000.0,direct_gross_profit,GrossProfit,NetSales,CostOfSales
4387,S100W8BO,1960276000.0,2993718000.0,1033441000.0,direct_gross_profit,GrossProfit,NetSales,CostOfSales
4388,S100VYKL,749188000.0,1486037000.0,736848000.0,direct_gross_profit,GrossProfit,NetSales,CostOfSales
4389,S100W8HU,1980719000.0,3320014000.0,1339295000.0,direct_gross_profit,GrossProfit,NetSales,CostOfSales
4390,S100W1JP,8275000000.0,15264000000.0,6988000000.0,direct_gross_profit,GrossProfit,NetSales,CostOfSales
4391,S100WPWK,1208143000.0,2177041000.0,968898000.0,direct_gross_profit,GrossProfit,NetSales,CostOfSales
4392,S100XUAL,4116000000.0,13318000000.0,9202000000.0,direct_gross_profit,GrossProfit,NetSales,CostOfSales
4393,S100XD6Y,5998000000.0,12366000000.0,6367000000.0,direct_gross_profit,GrossProfit,NetSales,CostOfSales
4394,S100XN3A,577976000.0,1386816000.0,808840000.0,direct_gross_profit,GrossProfit,NetSales,CostOfSales
4395,S100XUCA,2113240000.0,8791215000.0,6677974000.0,direct_gross_profit,GrossProfit,NetSales,CostOfSales
4396,S100WPID,7503985000.0,26938147000.0,19434162000.0,direct_gross_profit,GrossProfit,NetSales,CostOfSales
4397,S100X6JN,1984447000.0,4922684000.0,2938237000.0,direct_gross_profit,GrossProfit,NetSales,CostOfSales
4398,S100WPQK,1749658000.0,6103956000.0,,direct_gross_profit,GrossProfit,NetSales,
4401,S100VYM0,114865000000.0,407145000000.0,292279000000.0,direct_gross_profit,GrossProfit,NetSales,CostOfSales
4403,S100W41Q,85153000000.0,238310000000.0,153156000000.0,direct_gross_profit,GrossProfit,NetSales,CostOfSales
4404,S100XSY8,11265000000.0,59474000000.0,48208000000.0,direct_gross_profit,GrossProfit,NetSales,CostOfSales
4406,S100W17N,5453000000.0,32703000000.0,27249000000.0,direct_gross_profit,GrossProfit,NetSales,CostOfSales
4409,S100W3CH,8174000000.0,53613000000.0,45438000000.0,direct_gross_profit,GrossProfit,NetSales,CostOfSales
4410,S100W57W,21795000000.0,101006000000.0,79211000000.0,direct_gross_profit,GrossProfit,NetSales,CostOfSales
4412,S100X6RV,1009995000.0,1654620000.0,644625000.0,direct_gross_profit,GrossProfit,NetSales,CostOfSales
4413,S100Y6J0,5986591000.0,17423340000.0,11436749000.0,direct_gross_profit,GrossProfitIFRS,RevenueIFRS,CostOfSalesIFRS
4414,S100W10D,3542786000.0,7949168000.0,4406382000.0,direct_gross_profit,GrossProfit,NetSales,CostOfSales
4415,S100XSGS,2963474000.0,7413568000.0,4450093000.0,direct_gross_profit,GrossProfit,NetSales,CostOfSales
4416,S100W0KU,894843000.0,1554285000.0,659441000.0,direct_gross_profit,GrossProfit,NetSales,CostOfSales
4417,S100W3OW,3066403000.0,8801647000.0,5735244000.0,direct_gross_profit,GrossProfit,NetSales,CostOfSales
4418,S100WQTJ,2339283000.0,23055669000.0,20716385000.0,direct_gross_profit,GrossProfit,NetSales,CostOfSales
4419,S100W328,5133195000.0,7702356000.0,2569161000.0,direct_gross_profit,GrossProfit,NetSales,CostOfSales
4420,S100XV6D,3697425000.0,12129822000.0,8432396000.0,direct_gross_profit,GrossProfit,NetSales,CostOfSales
4421,S100XCIO,1471790000.0,7222984000.0,5751193000.0,direct_gross_profit,GrossProfit,NetSales,CostOfSales
4422,S100WX4G,529154000.0,690858000.0,161703000.0,direct_gross_profit,GrossProfit,NetSales,CostOfSales
4424,S100XCQC,575907000.0,2843175000.0,2267268000.0,direct_gross_profit,GrossProfit,NetSales,CostOfSales
4425,S100VX74,340331000.0,517549000.0,177217000.0,direct_gross_profit,GrossProfit,NetSales,CostOfSales
4427,S100XCYG,2055151000.0,6229675000.0,4174523000.0,direct_gross_profit,GrossProfit,NetSales,CostOfSales
4428,S100XUCN,878803000.0,2040717000.0,1161914000.0,direct_gross_profit,GrossProfit,NetSales,CostOfSales
4429,S100Y6L5,2373415000.0,10892579000.0,8519163000.0,direct_gross_profit,GrossProfit,NetSales,CostOfSales
4430,S100WLXE,2547443000.0,10680090000.0,8132646000.0,direct_gross_profit,GrossProfit,NetSales,CostOfSales
4431,S100WFK1,6761809000.0,11066132000.0,4304322000.0,direct_gross_profit,GrossProfit,NetSales,CostOfSales
4432,S100Y628,23470527000.0,30945574000.0,4487725000.0,direct_gross_profit,GrossProfit,RevenueIFRS,CostOfSales
4433,S100X6V1,12912000000.0,63596000000.0,50684000000.0,direct_gross_profit,GrossProfit,NetSales,CostOfSales
4434,S100Y5TF,3644357000.0,40006534000.0,36362176000.0,direct_gross_profit,GrossProfit,NetSales,CostOfSales
4436,S100W2TP,2887041000.0,10548910000.0,7661868000.0,direct_gross_profit,GrossProfit,NetSales,CostOfSales
4437,S100W80P,2208736000.0,8805273000.0,6596536000.0,direct_gross_profit,GrossProfit,NetSales,CostOfSales
4438,S100XVVP,448667000.0,635724000.0,187057000.0,direct_gross_profit,GrossProfit,NetSales,CostOfSales
4439,S100X6GX,9835281000.0,29070434000.0,19235152000.0,direct_gross_profit,GrossProfit,NetSales,CostOfSales
4440,S100X6ND,1806831000.0,4856610000.0,3049779000.0,direct_gross_profit,GrossProfit,NetSales,CostOfSales
4441,S100XH6J,1935052000.0,2805366000.0,870313000.0,direct_gross_profit,GrossProfit,NetSales,CostOfSales
4442,S100W8BK,3210613000.0,10795074000.0,7584461000.0,direct_gross_profit,GrossProfit,NetSales,CostOfSales
4443,S100WKZJ,37410000000.0,43202000000.0,5791000000.0,direct_gross_profit,GrossProfit,NetSales,CostOfSales
4444,S100W6E3,862261000.0,2010575000.0,1148314000.0,direct_gross_profit,GrossProfit,NetSales,CostOfSales
4445,S100XDJI,,3592752000.0,,unavailable,,OperatingRevenue1,
4446,S100WXDJ,2309721000.0,4835406000.0,2525685000.0,direct_gross_profit,GrossProfitIFRS,RevenueIFRS,CostOfSalesIFRS
4447,S100XCY2,697456000.0,2634554000.0,1937098000.0,direct_gross_profit,GrossProfit,NetSales,CostOfSales
4448,S100XSJP,6603630000.0,9529226000.0,2925595000.0,direct_gross_profit,GrossProfit,NetSales,CostOfSales
4449,S100XUO8,10425000000.0,14149000000.0,3724000000.0,direct_gross_profit,GrossProfit,NetSales,CostOfSales
4450,S100XU6D,2778566000.0,8099962000.0,5321395000.0,direct_gross_profit,GrossProfit,NetSales,CostOfSales
4452,S100XT6G,668169000000.0,934775000000.0,1020464000000.0,direct_gross_profit,GrossProfitIFRS,NetSales,CostOfSalesIFRS
4461,S100VZJI,18238000000.0,73255000000.0,55017000000.0,direct_gross_profit,GrossProfit,NetSales,CostOfSales
4462,S100W3FK,8005702000.0,23630345000.0,15624642000.0,direct_gross_profit,GrossProfit,NetSales,CostOfSales
4463,S100XTLN,20197000000.0,55705000000.0,35507000000.0,direct_gross_profit,GrossProfit,NetSales,CostOfSales
4464,S100W2FE,11335876000.0,29742927000.0,18407051000.0,direct_gross_profit,GrossProfit,NetSales,CostOfSales
4465,S100WL0G,8634310000.0,23714867000.0,15080556000.0,direct_gross_profit,GrossProfit,NetSales,CostOfSales
4471,S100W03X,32053000000.0,142258000000.0,110204000000.0,direct_gross_profit,GrossProfit,NetSales,CostOfSales
4475,S100XCC9,9445085000.0,10923564000.0,1478479000.0,direct_gross_profit,GrossProfit,NetSales,CostOfSales
4476,S100XUJV,1545287000.0,4151609000.0,2606321000.0,direct_gross_profit,GrossProfit,NetSales,CostOfSales
4477,S100XSMS,9989000000.0,20729000000.0,10739000000.0,direct_gross_profit,GrossProfit,NetSales,CostOfSales
4478,S100WQR3,27361043000.0,33270601000.0,5909557000.0,direct_gross_profit,GrossProfit,NetSales,CostOfSales
4479,S100X9BR,3435617000.0,4577997000.0,1142380000.0,direct_gross_profit,GrossProfit,NetSales,CostOfSales
4480,S100XUX3,23186000000.0,36786000000.0,13600000000.0,direct_gross_profit,GrossProfit,NetSales,CostOfSales
4481,S100XUKI,7047255000.0,21787441000.0,14740186000.0,direct_gross_profit,GrossProfit,NetSales,CostOfSales
4482,S100XUGF,2836880000.0,6051801000.0,3214920000.0,direct_gross_profit,GrossProfit,NetSales,CostOfSales
4483,S100W76C,23849000000.0,41722000000.0,17873000000.0,direct_gross_profit,GrossProfitIFRS,RevenueIFRS,CostOfSalesIFRS
4484,S100W9CA,2054701000.0,4589136000.0,2534434000.0,direct_gross_profit,GrossProfit,NetSales,CostOfSales
4486,S100XRU1,1641784000.0,3514731000.0,1872947000.0,direct_gross_profit,GrossProfit,NetSales,CostOfSales
4487,S100XUYI,1955454000.0,2567755000.0,612300000.0,direct_gross_profit,GrossProfit,NetSales,CostOfSales
4488,S100W5FA,3577260000.0,4399551000.0,822291000.0,direct_gross_profit,GrossProfit,NetSales,CostOfSales
4490,S100Y7OP,,9974670000.0,,unavailable,,OperatingRevenue1,
4491,S100W243,2011694000.0,7902467000.0,5890772000.0,direct_gross_profit,GrossProfit,NetSales,CostOfSales
4492,S100W5KH,3271274000.0,8124549000.0,4853274000.0,direct_gross_profit,GrossProfit,NetSales,CostOfSales
4493,S100XTY6,3333608000.0,5084678000.0,1751070000.0,direct_gross_profit,GrossProfit,NetSales,CostOfSales
4494,S100Y6VZ,1497038000.0,2842655000.0,1388904000.0,direct_gross_profit,GrossProfitIFRS,NetSales,CostOfSales
4495,S100WPS5,2697247000.0,3749791000.0,1052543000.0,direct_gross_profit,GrossProfit,NetSales,CostOfSales
4496,S100W295,2101358000.0,3693315000.0,1591957000.0,direct_gross_profit,GrossProfit,NetSales,CostOfSales
4498,S100W7HK,3586095000.0,7442037000.0,3855941000.0,direct_gross_profit,GrossProfit,NetSales,CostOfSales
4499,S100XC4C,12812342000.0,16435177000.0,3622834000.0,direct_gross_profit,GrossProfit,NetSales,CostOfSales
4502,S100W07G,321456000000.0,4581551000000.0,1580217000000.0,direct_gross_profit,GrossProfit,RevenueIFRS,CostOfSalesIFRS
4503,S100VXR3,1563117000000.0,1912323000000.0,349206000000.0,direct_gross_profit,GrossProfitIFRS,RevenueIFRS,CostOfSalesIFRS
4506,S100W63T,245395000000.0,398832000000.0,153437000000.0,direct_gross_profit,GrossProfitIFRS,RevenueIFRS,CostOfSalesIFRS
4507,S100VZCM,374441000000.0,438268000000.0,63826000000.0,direct_gross_profit,GrossProfitIFRS,RevenueIFRS,CostOfSalesIFRS
4512,S100W0QM,3622471000.0,7789462000.0,4166990000.0,direct_gross_profit,GrossProfit,NetSales,CostOfSales
4516,S100W33D,109115000000.0,160232000000.0,51116000000.0,direct_gross_profit,GrossProfitIFRS,RevenueIFRS,CostOfSalesIFRS
4519,S100XTBJ,894251000000.0,1257941000000.0,363690000000.0,direct_gross_profit,GrossProfitIFRS,RevenueIFRS,CostOfSalesIFRS
4521,S100W4L7,58532000000.0,94035000000.0,35502000000.0,direct_gross_profit,GrossProfit,NetSales,CostOfSales
4523,S100VXIO,620593000000.0,789400000000.0,168807000000.0,direct_gross_profit,GrossProfitIFRS,RevenueIFRS,CostOfSalesIFRS
4524,S100W0BR,5973000000.0,12766000000.0,6793000000.0,direct_gross_profit,GrossProfit,NetSales,CostOfSales
4526,S100W1I0,31270000000.0,95582000000.0,64312000000.0,direct_gross_profit,GrossProfit,NetSales,CostOfSales
4527,S100W3ZN,174939000000.0,308625000000.0,133686000000.0,direct_gross_profit,GrossProfit,NetSales,CostOfSales
4528,S100VY8R,338921000000.0,486871000000.0,147950000000.0,direct_gross_profit,GrossProfitIFRS,RevenueIFRS,CostOfSalesIFRS
4530,S100VT69,91196000000.0,156006000000.0,64810000000.0,direct_gross_profit,GrossProfit,NetSales,CostOfSales
4531,S100VZYG,3307000000.0,15128000000.0,11820000000.0,direct_gross_profit,GrossProfit,NetSales,CostOfSales
4534,S100W7OB,53787000000.0,105159000000.0,51371000000.0,direct_gross_profit,GrossProfit,NetSales,CostOfSales
4536,S100W1JL,171027000000.0,300004000000.0,128977000000.0,direct_gross_profit,GrossProfitIFRS,RevenueIFRS,CostOfSalesIFRS
4538,S100W3Q0,16532000000.0,60563000000.0,44030000000.0,direct_gross_profit,GrossProfit,NetSales,CostOfSales
4539,S100VWWK,8746000000.0,32570000000.0,23824000000.0,direct_gross_profit,GrossProfit,NetSales,CostOfSales
4540,S100VZNA,90583000000.0,181093000000.0,90509000000.0,direct_gross_profit,GrossProfit,NetSales,CostOfSales
4543,S100VWHX,560670000000.0,1036171000000.0,475501000000.0,direct_gross_profit,GrossProfitIFRS,RevenueIFRS,CostOfSalesIFRS
4544,S100VXAH,67198000000.0,243025000000.0,175827000000.0,direct_gross_profit,GrossProfit,NetSales,CostOfSales
4547,S100W31F,44065000000.0,88330000000.0,44265000000.0,direct_gross_profit,GrossProfit,NetSales,CostOfSales
4548,S100W2GP,19153000000.0,39374000000.0,20221000000.0,direct_gross_profit,GrossProfit,NetSales,CostOfSales
4549,S100W4HZ,16512000000.0,40539000000.0,24027000000.0,direct_gross_profit,GrossProfit,NetSales,CostOfSales
4552,S100W3Q5,21738000000.0,33072000000.0,11333000000.0,direct_gross_profit,GrossProfit,NetSales,CostOfSales
4553,S100W349,94729000000.0,259594000000.0,164865000000.0,direct_gross_profit,GrossProfit,NetSales,CostOfSales
4554,S100XAU2,20763000000.0,51677000000.0,30914000000.0,direct_gross_profit,GrossProfit,NetSales,CostOfSales
4556,S100W0MS,2674365000.0,5305569000.0,2631203000.0,direct_gross_profit,GrossProfit,NetSales,CostOfSales
4558,S100W8E8,3645498000.0,6308978000.0,,direct_gross_profit,GrossProfit,NetSales,
4559,S100W62E,63959685000.0,87311137000.0,23351451000.0,direct_gross_profit,GrossProfit,NetSales,CostOfSales
4563,S100XTMQ,,,553737000.0,unavailable,,,CostOfSales
4564,S100W4BQ,-12756000.0,750048000.0,762804000.0,revenue_minus_cost_of_sales,NetSales-CostOfSales,NetSales,CostOfSales
4565,S100XTYN,21418000000.0,29615000000.0,8198000000.0,direct_gross_profit,GrossProfitIFRS,RevenueIFRS,CostOfSalesIFRS
4568,S100W17I,1470458000000.0,1886256000000.0,415797000000.0,direct_gross_profit,GrossProfitIFRS,RevenueIFRS,CostOfSalesIFRS
4569,S100W05E,59535000000.0,130087000000.0,70551000000.0,direct_gross_profit,GrossProfit,NetSales,CostOfSales
4570,S100W7T7,634461000.0,969533000.0,335071000.0,direct_gross_profit,GrossProfit,NetSales,CostOfSales
4571,S100W8XP,78166000.0,108516000.0,30350000.0,direct_gross_profit,GrossProfit,NetSales,CostOfSales
4572,S100XSFK,388148000.0,579057000.0,190909000.0,direct_gross_profit,GrossProfit,NetSales,CostOfSales
4574,S100XSJ2,3481000000.0,6397000000.0,2916000000.0,direct_gross_profit,GrossProfit,NetSales,CostOfSales
4575,S100WQRS,,,,unavailable,,,
4576,S100XS4G,348760000.0,387620000.0,38860000.0,direct_gross_profit,GrossProfit,NetSales,CostOfSales
4577,S100WLMY,8637000000.0,50643000000.0,42005000000.0,direct_gross_profit,GrossProfit,NetSales,CostOfSales
4578,S100XUA7,1769776000000.0,2468892000000.0,699115000000.0,direct_gross_profit,GrossProfitIFRS,RevenueIFRS,CostOfSalesIFRS
4579,S100XSQX,,,,unavailable,,,
4582,S100XNE5,947339000.0,1307648000.0,360308000.0,direct_gross_profit,GrossProfit,NetSales,CostOfSales
4583,S100XUJT,355583000.0,593290000.0,237707000.0,direct_gross_profit,GrossProfit,NetSales,CostOfSales
4584,S100W8G2,1640119000.0,5082053000.0,3441934000.0,direct_gross_profit,GrossProfit,NetSales,CostOfSales
4586,S100XS7V,126884000.0,128084000.0,1200000.0,direct_gross_profit,GrossProfit,NetSales,CostOfSales
4587,S100XRP4,7522350000.0,18521234000.0,10998884000.0,direct_gross_profit,GrossProfitIFRS,RevenueIFRS,CostOfSalesIFRS
4588,S100XTMG,28546000.0,28546000.0,,direct_gross_profit,GrossProfit,NetSales,
4591,S100W0YJ,,,,unavailable,,,
4592,S100XZTW,,,,unavailable,,,
4593,S100XTBP,-114000000.0,104000000.0,218000000.0,direct_gross_profit,GrossProfitIFRS,RevenueIFRS,CostOfSalesIFRS
4594,S100VZBU,1101000.0,1133000.0,32000.0,direct_gross_profit,GrossProfit,NetSales,CostOfSales
4595,S100XTF0,7819000000.0,11260000000.0,,direct_gross_profit,GrossProfit,NetSales,
4596,S100XUHX,9680000.0,35814000.0,26134000.0,revenue_minus_cost_of_sales,OperatingRevenue1-CostOfSalesIFRS,OperatingRevenue1,CostOfSalesIFRS
4597,S100XT68,207000000.0,429000000.0,221000000.0,direct_gross_profit,GrossProfitIFRS,RevenueIFRS,CostOfSalesIFRS
4598,S100W8ST,,,,unavailable,,,
4599,S100WW19,,,,unavailable,,,
4611,S100W3JW,22463000000.0,72511000000.0,50047000000.0,direct_gross_profit,GrossProfit,NetSales,CostOfSales
4612,S100XU2S,750235000000.0,1774231000000.0,1023995000000.0,direct_gross_profit,GrossProfitIFRS,RevenueIFRS,CostOfSalesIFRS
4613,S100W5YL,185708000000.0,588825000000.0,403117000000.0,direct_gross_profit,GrossProfit,NetSales,CostOfSales
4615,S100W3J9,3655000000.0,20758000000.0,17102000000.0,direct_gross_profit,GrossProfit,NetSales,CostOfSales
4616,S100XMOI,1009191000.0,5932496000.0,4923304000.0,direct_gross_profit,GrossProfit,NetSales,CostOfSales
4617,S100W4G3,42599000000.0,131152000000.0,88553000000.0,direct_gross_profit,GrossProfit,NetSales,CostOfSales
4619,S100VZSL,14473000000.0,66060000000.0,51587000000.0,direct_gross_profit,GrossProfit,NetSales,CostOfSales
4620,S100W3IT,15985154000.0,55528332000.0,39543178000.0,direct_gross_profit,GrossProfit,NetSales,CostOfSales
4623,S100W71K,5300930000.0,17151706000.0,11850775000.0,direct_gross_profit,GrossProfit,NetSales,CostOfSales
4624,S100W7E9,2469044000.0,8156880000.0,5687836000.0,direct_gross_profit,GrossProfit,NetSales,CostOfSales
4625,S100W568,3296266000.0,12348499000.0,9052233000.0,direct_gross_profit,GrossProfit,NetSales,CostOfSales
4626,S100VYA1,56187000000.0,119010000000.0,62823000000.0,direct_gross_profit,GrossProfit,NetSales,CostOfSales
4627,S100XH69,4969828000.0,22275001000.0,17305173000.0,direct_gross_profit,GrossProfit,NetSales,CostOfSales
4628,S100W7MI,32268000000.0,106142000000.0,73873000000.0,direct_gross_profit,GrossProfit,NetSales,CostOfSales
4629,S100W992,4308339000.0,34711178000.0,30402839000.0,direct_gross_profit,GrossProfit,NetSales,CostOfSales
4631,S100XS2N,227967000000.0,1052194000000.0,824227000000.0,direct_gross_profit,GrossProfit,NetSales,CostOfSales
4633,S100XSP9,64433000000.0,257668000000.0,193234000000.0,direct_gross_profit,GrossProfit,NetSales,CostOfSales
4634,S100XRLA,76015000000.0,349979000000.0,273964000000.0,direct_gross_profit,GrossProfit,NetSales,CostOfSales
4635,S100VUAT,7175000000.0,46806000000.0,39631000000.0,direct_gross_profit,GrossProfit,NetSales,CostOfSales
4641,S100XTGN,12112494000.0,52649756000.0,40537261000.0,direct_gross_profit,GrossProfit,NetSales,CostOfSales
4642,S100XU33,2851893000.0,8515210000.0,,direct_gross_profit,GrossProfit,NetSales,
4644,S100VZMR,4097149000.0,6486155000.0,2389005000.0,direct_gross_profit,GrossProfit,NetSales,CostOfSales
4645,S100Y6LI,3083154000.0,18653429000.0,15570275000.0,direct_gross_profit,GrossProfit,NetSales,CostOfSales
4650,S100W9W8,3913064000.0,4201829000.0,288764000.0,direct_gross_profit,GrossProfit,NetSales,CostOfSales
4651,S100W4KN,16606000000.0,45352000000.0,28745000000.0,direct_gross_profit,GrossProfit,NetSales,CostOfSales
4657,S100WQ16,1336893000.0,6099354000.0,4762461000.0,direct_gross_profit,GrossProfit,NetSales,CostOfSales
4658,S100W06X,12958000000.0,64438000000.0,51479000000.0,direct_gross_profit,GrossProfit,NetSales,CostOfSales
4659,S100W1QJ,8712349000.0,33960587000.0,25248238000.0,direct_gross_profit,GrossProfit,NetSales,CostOfSales
4661,S100VY55,273193000000.0,679374000000.0,406180000000.0,direct_gross_profit,GrossProfit,NetSales,CostOfSales
4662,S100W7DE,4205331000.0,32555008000.0,28349677000.0,direct_gross_profit,GrossProfit,NetSales,CostOfSales
4664,S100W6Q8,1520251000.0,8844777000.0,7324526000.0,direct_gross_profit,GrossProfit,NetSales,CostOfSales
4665,S100W1MW,83549000000.0,188791000000.0,105241000000.0,direct_gross_profit,GrossProfit,NetSales,CostOfSales
4666,S100XHMO,104243000000.0,406168000000.0,301924000000.0,direct_gross_profit,GrossProfit,NetSales,CostOfSales
4667,S100VY3B,2328313000.0,6220625000.0,3892312000.0,direct_gross_profit,GrossProfit,NetSales,CostOfSales
4668,S100X5JB,6287000000.0,24827000000.0,18540000000.0,direct_gross_profit,GrossProfit,NetSales,CostOfSales
4671,S100W1IV,13357000000.0,43313000000.0,29956000000.0,direct_gross_profit,GrossProfit,NetSales,CostOfSales
4673,S100XN3U,3180905000.0,12708831000.0,9527926000.0,direct_gross_profit,GrossProfit,NetSales,CostOfSales
4674,S100VZI7,11779684000.0,58760592000.0,46980908000.0,direct_gross_profit,GrossProfit,NetSales,CostOfSales
4676,S100W5GP,139175000000.0,550761000000.0,411586000000.0,direct_gross_profit,GrossProfit,NetSales,CostOfSales
4678,S100W706,1809123000.0,10693035000.0,8883911000.0,direct_gross_profit,GrossProfit,NetSales,CostOfSales
4679,S100VZ0S,842148000.0,5444575000.0,4602427000.0,direct_gross_profit,GrossProfit,NetSales,CostOfSales
4680,S100W81W,35062000000.0,177057000000.0,141995000000.0,direct_gross_profit,GrossProfitIFRS,RevenueIFRS,CostOfSalesIFRS
4681,S100W60B,193124000000.0,249333000000.0,56209000000.0,direct_gross_profit,GrossProfit,NetSales,CostOfSales
4684,S100W1Y7,94385000000.0,121240000000.0,26855000000.0,direct_gross_profit,GrossProfit,NetSales,CostOfSales
4685,S100W39X,9228000000.0,42763000000.0,33534000000.0,direct_gross_profit,GrossProfit,NetSales,CostOfSales
4686,S100W3BD,34772000000.0,44551000000.0,9779000000.0,direct_gross_profit,GrossProfit,NetSales,CostOfSales
4687,S100W3H7,9505239000.0,44417991000.0,34912751000.0,direct_gross_profit,GrossProfit,NetSales,CostOfSales
4689,S100VYGU,607556000000.0,1917478000000.0,529522000000.0,direct_gross_profit,GrossProfit,RevenueIFRS,CostOfSalesIFRS
4691,S100W6WI,2982663000.0,21347826000.0,18365162000.0,direct_gross_profit,GrossProfit,NetSales,CostOfSales
4694,S100W2UR,45861000000.0,143191000000.0,97329000000.0,direct_gross_profit,GrossProfit,NetSales,CostOfSales
4704,S100XUHN,212267000000.0,275984000000.0,63717000000.0,direct_gross_profit,GrossProfit,NetSales,CostOfSales
4705,S100W3SW,812399000.0,3038094000.0,2225694000.0,direct_gross_profit,GrossProfit,NetSales,CostOfSales
4707,S100XFRF,1023597000.0,3467586000.0,2443988000.0,direct_gross_profit,GrossProfit,NetSales,CostOfSales
4709,S100Y7D7,10117746000.0,39371101000.0,29253354000.0,direct_gross_profit,GrossProfit,NetSales,CostOfSales
4712,S100XSVU,6330941000.0,35630349000.0,29299407000.0,direct_gross_profit,GrossProfitIFRS,RevenueIFRS,CostOfSalesIFRS
4714,S100Y58Q,9052849000.0,34240928000.0,25188079000.0,direct_gross_profit,GrossProfit,NetSales,CostOfSales
4716,S100WK81,121387000000.0,263510000000.0,142123000000.0,direct_gross_profit,GrossProfit,NetSales,CostOfSales
4718,S100W4PN,10916513000.0,35069991000.0,24153478000.0,direct_gross_profit,GrossProfit,NetSales,CostOfSales
4719,S100W69R,8916056000.0,38484142000.0,29568086000.0,direct_gross_profit,GrossProfit,NetSales,CostOfSales
4720,S100W6QR,1170213000.0,5623999000.0,4453786000.0,direct_gross_profit,GrossProfit,NetSales,CostOfSales
4722,S100XTFP,36987000000.0,75993000000.0,39006000000.0,direct_gross_profit,GrossProfit,NetSales,CostOfSales
4725,S100XSXA,13323000000.0,50588000000.0,37264000000.0,direct_gross_profit,GrossProfit,NetSales,CostOfSales
4728,S100X5JM,1792400000.0,6636289000.0,4843889000.0,direct_gross_profit,GrossProfit,NetSales,CostOfSales
4732,S100W21Z,64821000000.0,104021000000.0,39199000000.0,direct_gross_profit,GrossProfit,NetSales,CostOfSales
4733,S100VZRD,39337613000.0,46984282000.0,7646668000.0,direct_gross_profit,GrossProfit,NetSales,CostOfSales
4735,S100Y613,4153481000.0,20286291000.0,16132810000.0,direct_gross_profit,GrossProfit,NetSales,CostOfSales
4736,S100W5VL,1116185000.0,4381852000.0,3239869000.0,direct_gross_profit,GrossProfit,NetSales,CostOfSales
4743,S100VXI4,7870417000.0,20552254000.0,12681836000.0,direct_gross_profit,GrossProfit,NetSales,CostOfSales
4746,S100XUNZ,9430218000.0,20835656000.0,11405438000.0,direct_gross_profit,GrossProfit,NetSales,CostOfSales
4750,S100WASN,3210015000.0,10837533000.0,7627517000.0,direct_gross_profit,GrossProfit,NetSales,CostOfSales
4751,S100XCU9,264051000000.0,874030000000.0,609978000000.0,direct_gross_profit,GrossProfit,NetSales,CostOfSales
4752,S100W18D,1478063000.0,8317480000.0,6839417000.0,direct_gross_profit,GrossProfit,NetSales,CostOfSales
4754,S100XBF5,3947546000.0,11907000000.0,7959453000.0,direct_gross_profit,GrossProfit,NetSales,CostOfSales
4755,S100XTNW,701170000000.0,2496575000000.0,266222000000.0,direct_gross_profit,GrossProfit,RevenueIFRS,CostOfSales
4760,S100X5LJ,2503908000.0,6365005000.0,3861097000.0,direct_gross_profit,GrossProfit,NetSales,CostOfSales
4761,S100W0Q9,6253000000.0,22537000000.0,16283000000.0,direct_gross_profit,GrossProfit,NetSales,CostOfSales
4762,S100W7J8,1503427000.0,5300593000.0,3797165000.0,direct_gross_profit,GrossProfit,NetSales,CostOfSales
4763,S100Y6IG,22326891000.0,61393938000.0,39067047000.0,direct_gross_profit,GrossProfit,NetSales,CostOfSales
4765,S100VXYH,5697997000.0,11568990000.0,5870993000.0,direct_gross_profit,GrossProfit,NetSales,CostOfSales
4766,S100XUYO,785306000.0,2021104000.0,1235798000.0,direct_gross_profit,GrossProfit,NetSales,CostOfSales
4767,S100WQIM,3183694000.0,17782855000.0,14599161000.0,direct_gross_profit,GrossProfit,NetSales,CostOfSales
4768,S100XU0X,252174000000.0,1322791000000.0,1070616000000.0,direct_gross_profit,GrossProfit,NetSales,CostOfSales
4769,S100XBNE,2160751000.0,10136104000.0,7975352000.0,direct_gross_profit,GrossProfit,NetSales,CostOfSales
4771,S100W5GD,11592168000.0,17066373000.0,5474204000.0,direct_gross_profit,GrossProfit,NetSales,CostOfSales
4772,S100XTT0,2019924000.0,10195588000.0,8175664000.0,direct_gross_profit,GrossProfit,NetSales,CostOfSales
4776,S100XUKS,33694000000.0,37430000000.0,3736000000.0,direct_gross_profit,GrossProfit,NetSales,CostOfSales
4777,S100XVK0,1534485000.0,2589328000.0,1054842000.0,direct_gross_profit,GrossProfit,NetSales,CostOfSales
4783,S100VZQZ,6565001000.0,30106683000.0,23541682000.0,direct_gross_profit,GrossProfit,NetSales,CostOfSales
4784,S100XRMD,25966000000.0,78548000000.0,52581000000.0,direct_gross_profit,GrossProfit,NetSales,CostOfSales
4792,S100W1KY,19423533000.0,22761078000.0,3337545000.0,direct_gross_profit,GrossProfit,NetSales,CostOfSales
4800,S100W5XN,3353316000.0,4916037000.0,1562720000.0,direct_gross_profit,GrossProfit,NetSales,CostOfSales
4801,S100W21S,5442000000.0,46595000000.0,41152000000.0,direct_gross_profit,GrossProfit,NetSales,CostOfSales
4809,S100XB3E,5350000000.0,17630000000.0,12280000000.0,direct_gross_profit,GrossProfit,NetSales,CostOfSales
4811,S100XUWD,3532397000.0,5654084000.0,2121686000.0,direct_gross_profit,GrossProfit,NetSales,CostOfSales
4812,S100XRJK,60376000000.0,164865000000.0,104489000000.0,direct_gross_profit,GrossProfit,NetSales,CostOfSales
4813,S100Y070,8118737000.0,19215583000.0,11096845000.0,direct_gross_profit,GrossProfit,NetSales,CostOfSales
4814,S100W94E,782194000.0,3009759000.0,2227564000.0,direct_gross_profit,GrossProfit,NetSales,CostOfSales
4816,S100VZWE,48422000000.0,100836000000.0,52413000000.0,direct_gross_profit,GrossProfit,NetSales,CostOfSales
4819,S100W62W,4529000000.0,8833000000.0,12948000000.0,direct_gross_profit,GrossProfit,NetSales,CostOfSalesIFRS
4820,S100XUIK,11879000000.0,23658000000.0,11779000000.0,direct_gross_profit,GrossProfit,NetSales,CostOfSales
4825,S100WL79,10874023000.0,23505624000.0,12631601000.0,direct_gross_profit,GrossProfit,NetSales,CostOfSales
4826,S100WOO0,5621399000.0,26899791000.0,21278391000.0,direct_gross_profit,GrossProfit,NetSales,CostOfSales
4828,S100VZ8I,9091582000.0,20776900000.0,11685318000.0,direct_gross_profit,GrossProfit,NetSales,CostOfSales
4829,S100WLO4,1637324000.0,4442255000.0,2804930000.0,direct_gross_profit,GrossProfit,NetSales,CostOfSales
4832,S100W18V,15083874000.0,63971753000.0,48887879000.0,direct_gross_profit,GrossProfit,NetSales,CostOfSales
4833,S100VYOI,47367000.0,619677000.0,572309000.0,direct_gross_profit,GrossProfit,NetSales,CostOfSales
4838,S100W6QW,5468550000.0,20637129000.0,15168578000.0,direct_gross_profit,GrossProfit,NetSales,CostOfSales
4839,S100W0YP,24690000000.0,76757000000.0,52066000000.0,direct_gross_profit,GrossProfit,NetSales,CostOfSales
4840,S100XU05,188867000.0,1424424000.0,1235557000.0,direct_gross_profit,GrossProfit,NetSales,CostOfSales
4845,S100WPSD,3952433000.0,8179945000.0,4227512000.0,direct_gross_profit,GrossProfitIFRS,RevenueIFRS,CostOfSalesIFRS
4847,S100WP1M,4666452000.0,15596131000.0,10929679000.0,direct_gross_profit,GrossProfit,NetSales,CostOfSales
4848,S100XTTU,26445000000.0,77227000000.0,50783000000.0,direct_gross_profit,GrossProfit,NetSales,CostOfSales
4849,S100W2KM,52437000000.0,65678000000.0,13240000000.0,direct_gross_profit,GrossProfit,NetSales,CostOfSales
4880,S100XHWF,2087476000.0,3711455000.0,1623978000.0,direct_gross_profit,GrossProfit,NetSales,CostOfSales
4881,S100XTDT,,,,unavailable,,,
4882,S100W5TI,104051000.0,120375000.0,16324000.0,direct_gross_profit,GrossProfit,NetSales,CostOfSales
4883,S100XSHO,,,,unavailable,,,
4884,S100XBJD,72215000.0,72215000.0,,direct_gross_profit,GrossProfit,NetSales,
4885,S100WL9D,1960317000.0,6653028000.0,4692711000.0,direct_gross_profit,GrossProfit,NetSales,CostOfSales
4886,S100VZL4,31335000000.0,64139000000.0,32803000000.0,direct_gross_profit,GrossProfit,NetSales,CostOfSales
4887,S100W39J,56352000000.0,189024000000.0,132673000000.0,direct_gross_profit,GrossProfitIFRS,RevenueIFRS,CostOfSalesIFRS
4888,S100W6ZM,845748000.0,961058000.0,,direct_gross_profit,GrossProfit,NetSales,
4889,S100W34E,128946000.0,,,direct_gross_profit,GrossProfit,,
4890,S100W7HJ,1176901000.0,1357133000.0,180231000.0,direct_gross_profit,GrossProfit,NetSales,CostOfSales
4891,S100XVBS,,,,unavailable,,,
4892,S100XV4M,113894000.0,230999000.0,117105000.0,direct_gross_profit,GrossProfit,NetSales,CostOfSales
4893,S100XSP4,,,,unavailable,,,
4894,S100W1HQ,168250000.0,175205000.0,6954000.0,direct_gross_profit,GrossProfit,NetSales,CostOfSales
4896,S100XSVP,,,,unavailable,,,
4901,S100W3XJ,21995000000.0,41979000000.0,,direct_gross_profit,GrossProfit,OperatingRevenue1,
4902,S100VX9B,479420000000.0,467313000000.0,648462000000.0,direct_gross_profit,GrossProfitIFRS,NetSales,CostOfSalesIFRS
4911,S100XSCU,743003000000.0,254754000000.0,226989000000.0,direct_gross_profit,GrossProfitIFRS,NetSales,CostOfSalesIFRS
4912,S100XU1E,193921000000.0,225480000000.0,228170000000.0,direct_gross_profit,GrossProfitIFRS,NetSales,CostOfSalesIFRS
4914,S100W3K4,77397000000.0,229207000000.0,151810000000.0,direct_gross_profit,GrossProfit,NetSales,CostOfSales
4917,S100W0I5,32898000000.0,76183000000.0,43284000000.0,direct_gross_profit,GrossProfit,NetSales,CostOfSales
4918,S100W69G,2065186000.0,2929931000.0,864745000.0,direct_gross_profit,GrossProfit,NetSales,CostOfSales
4919,S100XTTF,33176390000.0,52863291000.0,19686901000.0,direct_gross_profit,GrossProfit,NetSales,CostOfSales
4920,S100Y7HD,2201274000.0,16643028000.0,14441754000.0,direct_gross_profit,GrossProfit,NetSales,CostOfSales
4922,S100XSUW,227974000000.0,330193000000.0,102219000000.0,direct_gross_profit,GrossProfit,NetSales,CostOfSales
4923,S100VZ8E,6521925000.0,9376748000.0,2854822000.0,direct_gross_profit,GrossProfit,NetSales,CostOfSales
4925,S100VXV6,8092536000.0,12061829000.0,3969293000.0,direct_gross_profit,GrossProfit,NetSales,CostOfSales
4926,S100W5UC,6743469000.0,8838895000.0,2095426000.0,direct_gross_profit,GrossProfit,NetSales,CostOfSales
4927,S100XSDL,138264000000.0,170285000000.0,32021000000.0,direct_gross_profit,GrossProfit,NetSales,CostOfSales
4928,S100X8TQ,43278000000.0,64724000000.0,21446000000.0,direct_gross_profit,GrossProfit,NetSales,CostOfSales
4929,S100VWVL,2655384000.0,4098140000.0,1442756000.0,direct_gross_profit,GrossProfit,NetSales,CostOfSales
4931,S100XA5Q,32894000000.0,41140000000.0,8246000000.0,direct_gross_profit,GrossProfit,NetSales,CostOfSales
4932,S100W308,5924624000.0,8477456000.0,2552832000.0,direct_gross_profit,GrossProfit,NetSales,CostOfSales
4933,S100Y415,28745000000.0,48975000000.0,20230000000.0,direct_gross_profit,GrossProfit,NetSales,CostOfSales
4934,S100WWWK,12386000000.0,16160000000.0,3774000000.0,direct_gross_profit,GrossProfit,NetSales,CostOfSales
4935,S100XVNJ,4073694000.0,10031969000.0,5958274000.0,direct_gross_profit,GrossProfit,NetSales,CostOfSales
4936,S100WWME,9873505000.0,13478088000.0,3604583000.0,direct_gross_profit,GrossProfit,NetSales,CostOfSales
4937,S100XCAJ,1559107000.0,1960902000.0,401795000.0,direct_gross_profit,GrossProfit,NetSales,CostOfSales
4951,S100VY3A,17928000000.0,48114000000.0,30185000000.0,direct_gross_profit,GrossProfit,NetSales,CostOfSales
4956,S100VYCB,27592000000.0,135876000000.0,108283000000.0,direct_gross_profit,GrossProfit,NetSales,CostOfSales
4958,S100XAHE,30347000000.0,73495000000.0,43147000000.0,direct_gross_profit,GrossProfit,NetSales,CostOfSales
4960,S100VZNV,1462881000.0,9710828000.0,8247947000.0,direct_gross_profit,GrossProfit,NetSales,CostOfSales
4966,S100W0TQ,32595210000.0,83845427000.0,51250216000.0,direct_gross_profit,GrossProfit,NetSales,CostOfSales
4967,S100XSXS,84711000000.0,165742000000.0,81030000000.0,direct_gross_profit,GrossProfit,NetSales,CostOfSales
4968,S100W1XX,16493000000.0,80236000000.0,63743000000.0,direct_gross_profit,GrossProfit,NetSales,CostOfSales
4970,S100W2KH,9059000000.0,39049000000.0,,direct_gross_profit,GrossProfit,NetSales,
4971,S100XRJV,12977222000.0,20947752000.0,7970529000.0,direct_gross_profit,GrossProfit,NetSales,CostOfSales
4972,S100W5AQ,15778161000.0,47633842000.0,31855681000.0,direct_gross_profit,GrossProfit,NetSales,CostOfSales
4973,S100VZZ3,1628516000.0,12611218000.0,,direct_gross_profit,GrossProfit,NetSales,
4974,S100VZNP,26067000000.0,45039000000.0,18972000000.0,direct_gross_profit,GrossProfit,NetSales,CostOfSales
4975,S100W7B3,18602169000.0,28356968000.0,9754799000.0,direct_gross_profit,GrossProfit,NetSales,CostOfSales
4976,S100WR11,1945494000.0,5194148000.0,3248653000.0,direct_gross_profit,GrossProfit,NetSales,CostOfSales
4977,S100W0TF,9960000000.0,38745000000.0,28785000000.0,direct_gross_profit,GrossProfit,NetSales,CostOfSales
4978,S100W6LK,1649085000.0,2978627000.0,1329541000.0,direct_gross_profit,GrossProfit,NetSales,CostOfSales
4979,S100XSHI,15366000000.0,31950000000.0,16583000000.0,direct_gross_profit,GrossProfit,NetSales,CostOfSales
4980,S100W2SD,62142000000.0,104394000000.0,48247000000.0,direct_gross_profit,GrossProfitIFRS,NetSales,CostOfSalesIFRS
4985,S100XSLS,74733000000.0,179182000000.0,104448000000.0,direct_gross_profit,GrossProfit,NetSales,CostOfSales
4990,S100W5WT,2844087000.0,9237406000.0,6393319000.0,direct_gross_profit,GrossProfit,NetSales,CostOfSales
4992,S100XMF0,12713000000.0,49125000000.0,36412000000.0,direct_gross_profit,GrossProfit,NetSales,CostOfSales
4994,S100W21O,8143588000.0,30849520000.0,22705932000.0,direct_gross_profit,GrossProfit,NetSales,CostOfSales
4996,S100XH23,34366000000.0,170462000000.0,136096000000.0,direct_gross_profit,GrossProfit,NetSales,CostOfSales
4997,S100VYTC,33221000000.0,99966000000.0,66744000000.0,direct_gross_profit,GrossProfit,NetSales,CostOfSales
4998,S100W4ZT,22552000000.0,73854000000.0,51302000000.0,direct_gross_profit,GrossProfit,NetSales,CostOfSales
5010,S100XTUB,3550000000.0,19776000000.0,16226000000.0,direct_gross_profit,GrossProfit,NetSales,CostOfSales
5011,S100W0US,17338000000.0,75745000000.0,58406000000.0,direct_gross_profit,GrossProfit,NetSales,CostOfSales
5013,S100W2OC,17396000000.0,55512000000.0,38115000000.0,direct_gross_profit,GrossProfit,NetSales,CostOfSales
5015,S100XT5L,5624184000.0,14689719000.0,9065535000.0,direct_gross_profit,GrossProfit,NetSales,CostOfSales
5016,S100W549,156962000000.0,379384000000.0,557978000000.0,direct_gross_profit,GrossProfitIFRS,NetSales,CostOfSalesIFRS
5018,S100Y64F,10957000000.0,34871000000.0,23914000000.0,direct_gross_profit,GrossProfit,NetSales,CostOfSales
5019,S100VZEN,689412000000.0,9190225000000.0,8500812000000.0,direct_gross_profit,GrossProfit,NetSales,CostOfSales
5020,S100W1E2,1103765000000.0,178418000000.0,11218729000000.0,direct_gross_profit,GrossProfitIFRS,OperatingRevenue1,CostOfSalesIFRS
5021,S100W3P9,306822000000.0,2799947000000.0,2493124000000.0,direct_gross_profit,GrossProfit,NetSales,CostOfSales
5025,S100Y6Q0,633470000.0,1601996000.0,968526000.0,direct_gross_profit,GrossProfit,NetSales,CostOfSales
5026,S100X79V,1731945000.0,5714030000.0,3982085000.0,direct_gross_profit,GrossProfit,NetSales,CostOfSales
5027,S100XUHG,21932000000.0,57300000000.0,35368000000.0,direct_gross_profit,GrossProfitIFRS,RevenueIFRS,CostOfSalesIFRS
5028,S100XSMG,578446000.0,1436294000.0,857847000.0,direct_gross_profit,GrossProfit,NetSales,CostOfSales
5029,S100W5G6,1756205000.0,3804013000.0,2047807000.0,direct_gross_profit,GrossProfit,NetSales,CostOfSales
5031,S100Y086,3348297000.0,6688610000.0,3340312000.0,direct_gross_profit,GrossProfit,NetSales,CostOfSales
5032,S100WFMJ,20109000000.0,42876000000.0,22767000000.0,direct_gross_profit,GrossProfit,NetSales,CostOfSales
5033,S100W722,2963610000.0,4112318000.0,1148707000.0,direct_gross_profit,GrossProfit,NetSales,CostOfSales
5034,S100WRCL,1464860000.0,3726133000.0,2261272000.0,direct_gross_profit,GrossProfit,NetSales,CostOfSales
5035,S100XU4M,1515446000.0,4779287000.0,3263840000.0,direct_gross_profit,GrossProfit,NetSales,CostOfSales
5036,S100XB8X,17863000000.0,172580000000.0,154716000000.0,direct_gross_profit,GrossProfit,NetSales,CostOfSales
5038,S100XSJZ,2654573000.0,3392422000.0,737849000.0,direct_gross_profit,GrossProfit,NetSales,CostOfSales
5071,S100W4D4,4726876000.0,16253198000.0,11526321000.0,direct_gross_profit,GrossProfit,NetSales,CostOfSales
5074,S100WQOK,7453000000.0,36684000000.0,29230000000.0,direct_gross_profit,GrossProfit,NetSales,CostOfSales
5076,S100W181,115514000000.0,21720000000.0,732034000000.0,direct_gross_profit,GrossProfitIFRS,OperatingRevenue1,CostOfSalesIFRS
5078,S100Y5GZ,4373621000.0,20190480000.0,15816859000.0,direct_gross_profit,GrossProfit,NetSales,CostOfSales
5079,S100WEW1,2415892000.0,27511917000.0,25096025000.0,direct_gross_profit,GrossProfit,NetSales,CostOfSales
5101,S100XSMJ,446805000000.0,1234959000000.0,788154000000.0,direct_gross_profit,GrossProfitIFRS,RevenueIFRS,CostOfSalesIFRS
5103,S100W85Z,2398250000.0,8619822000.0,6221571000.0,direct_gross_profit,GrossProfit,NetSales,CostOfSales
5105,S100XTYE,234814000000.0,594923000000.0,360108000000.0,direct_gross_profit,GrossProfit,NetSales,CostOfSales
5108,S100XRPR,1706663000000.0,4429452000000.0,2722789000000.0,direct_gross_profit,GrossProfitIFRS,RevenueIFRS,CostOfSalesIFRS
5110,S100XT7A,368367000000.0,1207061000000.0,838694000000.0,direct_gross_profit,GrossProfitIFRS,RevenueIFRS,CostOfSalesIFRS
5121,S100W5AE,12852232000.0,41325231000.0,28472999000.0,direct_gross_profit,GrossProfit,NetSales,CostOfSales
5122,S100W4ZO,23913000000.0,109107000000.0,85193000000.0,direct_gross_profit,GrossProfit,NetSales,CostOfSales
5125,S100WS33,2141105000.0,2685382000.0,544276000.0,direct_gross_profit,GrossProfit,NetSales,CostOfSales
5126,S100XSOH,1601000000.0,2137000000.0,536000000.0,direct_gross_profit,GrossProfit,NetSales,CostOfSales
5129,S100X770,482000000.0,3980000000.0,3498000000.0,direct_gross_profit,GrossProfit,NetSales,CostOfSales
5131,S100WWJN,919856000.0,1360735000.0,440878000.0,direct_gross_profit,GrossProfit,NetSales,CostOfSales
5132,S100XHEY,904573000.0,1546369000.0,641796000.0,direct_gross_profit,GrossProfit,NetSales,CostOfSales
5133,S100W7S3,2817776000.0,8653567000.0,5835790000.0,direct_gross_profit,GrossProfit,NetSales,CostOfSales
5134,S100XH5R,1044392000.0,1389448000.0,345056000.0,direct_gross_profit,GrossProfit,NetSales,CostOfSales
5136,S100XH92,,2573543000.0,,unavailable,,OperatingRevenue1,
5137,S100XC5Q,1766984000.0,2878647000.0,1111662000.0,direct_gross_profit,GrossProfit,NetSales,CostOfSales
5138,S100W25W,1864100000.0,1926885000.0,62784000.0,direct_gross_profit,GrossProfit,NetSales,CostOfSales
5139,S100XTDI,,4653739000.0,,unavailable,,OperatingRevenue1,
5142,S100W5DJ,14484000000.0,79093000000.0,64609000000.0,direct_gross_profit,GrossProfit,NetSales,CostOfSales
5161,S100W8Z8,21428000000.0,120639000000.0,99211000000.0,direct_gross_profit,GrossProfit,NetSales,CostOfSales
5162,S100W7N4,1605177000.0,7639596000.0,6034419000.0,direct_gross_profit,GrossProfit,NetSales,CostOfSales
5184,S100XRDM,18125000000.0,73668000000.0,55543000000.0,direct_gross_profit,GrossProfit,NetSales,CostOfSales
5185,S100W2HO,17016000000.0,89657000000.0,72640000000.0,direct_gross_profit,GrossProfit,NetSales,CostOfSales
5186,S100W46Z,24246000000.0,90276000000.0,66030000000.0,direct_gross_profit,GrossProfit,NetSales,CostOfSales
5187,S100XUEF,5993850000.0,13617561000.0,7623711000.0,direct_gross_profit,GrossProfit,NetSales,CostOfSales
5189,S100W7V1,2647884000.0,12188471000.0,9540586000.0,direct_gross_profit,GrossProfit,NetSales,CostOfSales
5192,S100W75T,28093000000.0,90510000000.0,62416000000.0,direct_gross_profit,GrossProfit,NetSales,CostOfSales
5194,S100W6AQ,1468909000.0,5687899000.0,4218990000.0,direct_gross_profit,GrossProfit,NetSales,CostOfSales
5195,S100W179,32787000000.0,115593000000.0,82805000000.0,direct_gross_profit,GrossProfitIFRS,RevenueIFRS,CostOfSalesIFRS
5199,S100W2HG,1527425000.0,7198559000.0,5671134000.0,direct_gross_profit,GrossProfit,NetSales,CostOfSales
5201,S100XSTU,500447000000.0,652667000000.0,1558385000000.0,direct_gross_profit,GrossProfitIFRS,NetSales,CostOfSalesIFRS
5202,S100W4Q7,168173000000.0,119967000000.0,672228000000.0,direct_gross_profit,GrossProfitIFRS,NetSales,CostOfSalesIFRS
5204,S100VXZF,14825000000.0,55994000000.0,41169000000.0,direct_gross_profit,GrossProfit,NetSales,CostOfSales
5208,S100W4RS,11621477000.0,49815616000.0,38194139000.0,direct_gross_profit,GrossProfit,NetSales,CostOfSales
5210,S100W44O,14163000000.0,73337000000.0,59174000000.0,direct_gross_profit,GrossProfit,NetSales,CostOfSales
5214,S100XU17,80010000000.0,311402000000.0,231392000000.0,direct_gross_profit,GrossProfit,NetSales,CostOfSales
5216,S100XU8N,572286000.0,2010798000.0,1438512000.0,direct_gross_profit,GrossProfit,NetSales,CostOfSales
5218,S100XHTP,8546564000.0,28895673000.0,20349109000.0,direct_gross_profit,GrossProfit,NetSales,CostOfSales
5232,S100W2GC,50077000000.0,219465000000.0,169388000000.0,direct_gross_profit,GrossProfit,NetSales,CostOfSales
5233,S100W47L,217089000000.0,896295000000.0,679205000000.0,direct_gross_profit,GrossProfit,NetSales,CostOfSales
5237,S100W6GR,6116924000.0,21954062000.0,15837138000.0,direct_gross_profit,GrossProfit,NetSales,CostOfSales
5240,S100XU3Y,337426000.0,980881000.0,643455000.0,direct_gross_profit,GrossProfit,NetSales,CostOfSales
5242,S100XU39,877881000.0,965730000.0,87848000.0,direct_gross_profit,GrossProfit,NetSales,CostOfSales
5243,S100XMWX,3876505000.0,4141280000.0,264774000.0,direct_gross_profit,GrossProfit,NetSales,CostOfSales
5244,S100W2W8,13080610000.0,13796280000.0,715669000.0,direct_gross_profit,GrossProfit,NetSales,CostOfSales
5246,S100XMUN,3018548000.0,3895112000.0,876563000.0,direct_gross_profit,GrossProfit,NetSales,CostOfSales
5247,S100W9C9,771697000.0,5099797000.0,4328100000.0,direct_gross_profit,GrossProfit,NetSales,CostOfSales
5248,S100Y02W,3533649000.0,10149087000.0,6615437000.0,direct_gross_profit,GrossProfit,NetSales,CostOfSales
5250,S100XN9A,495833000.0,887044000.0,391210000.0,direct_gross_profit,GrossProfit,NetSales,CostOfSales
5252,S100W7KW,704490000.0,4154113000.0,3449623000.0,direct_gross_profit,GrossProfit,NetSales,CostOfSales
5253,S100W4H7,21805000000.0,43401000000.0,21596000000.0,direct_gross_profit,GrossProfit,NetSales,CostOfSales
5254,S100WRNQ,2552334000.0,4028518000.0,1476183000.0,direct_gross_profit,GrossProfit,NetSales,CostOfSales
5255,S100XVZN,3149838000.0,7795270000.0,4645431000.0,direct_gross_profit,GrossProfitIFRS,RevenueIFRS,CostOfSalesIFRS
5256,S100WQGU,772776000.0,1952131000.0,1179354000.0,direct_gross_profit,GrossProfit,NetSales,CostOfSales
5257,S100XT6D,1296867000.0,6716189000.0,5419321000.0,direct_gross_profit,GrossProfit,NetSales,CostOfSales
5258,S100W4XG,3401330000.0,12300727000.0,8899397000.0,direct_gross_profit,GrossProfit,NetSales,CostOfSales
5261,S100W6E1,20191000000.0,28400000000.0,8208000000.0,direct_gross_profit,GrossProfit,NetSales,CostOfSales
5262,S100VYQK,7262876000.0,37064584000.0,29801708000.0,direct_gross_profit,GrossProfit,NetSales,CostOfSales
5268,S100W6TJ,1523514000.0,7221671000.0,5698157000.0,direct_gross_profit,GrossProfit,NetSales,CostOfSales
5269,S100W8RC,8659003000.0,52652871000.0,43993867000.0,direct_gross_profit,GrossProfit,NetSales,CostOfSales
5271,S100Y4LV,2042141000.0,11690853000.0,9648712000.0,direct_gross_profit,GrossProfit,NetSales,CostOfSales
5273,S100W0AY,20661000000.0,87765000000.0,67104000000.0,direct_gross_profit,GrossProfit,NetSales,CostOfSales
5279,S100W1XY,3047121000.0,14746181000.0,11699060000.0,direct_gross_profit,GrossProfit,NetSales,CostOfSales
5280,S100W78E,7863044000.0,27474927000.0,19611882000.0,direct_gross_profit,GrossProfit,NetSales,CostOfSales
5282,S100W2FK,4493129000.0,28527972000.0,24034842000.0,direct_gross_profit,GrossProfit,NetSales,CostOfSales
5283,S100WQGP,12385000000.0,73567000000.0,61181000000.0,direct_gross_profit,GrossProfit,NetSales,CostOfSales
5284,S100W5Q9,9016954000.0,22837611000.0,13820657000.0,direct_gross_profit,GrossProfit,NetSales,CostOfSales
5285,S100W0U5,6568643000.0,23469480000.0,16900837000.0,direct_gross_profit,GrossProfit,NetSales,CostOfSales
5287,S100W417,1158518000.0,3402549000.0,2244030000.0,direct_gross_profit,GrossProfit,NetSales,CostOfSales
5288,S100W5W9,15426000000.0,100803000000.0,85377000000.0,direct_gross_profit,GrossProfit,NetSales,CostOfSales
5290,S100W2MW,13236633000.0,38918012000.0,25681378000.0,direct_gross_profit,GrossProfit,NetSales,CostOfSales
5301,S100XU85,79740000000.0,322960000000.0,243220000000.0,direct_gross_profit,GrossProfit,NetSales,CostOfSales
5302,S100XT3M,10257000000.0,37735000000.0,27477000000.0,direct_gross_profit,GrossProfit,NetSales,CostOfSales
5304,S100W4E5,11092000000.0,31179000000.0,20086000000.0,direct_gross_profit,GrossProfit,NetSales,CostOfSales
5310,S100XTP9,15745000000.0,46189000000.0,30443000000.0,direct_gross_profit,GrossProfit,NetSales,CostOfSales
5331,S100VD6B,38632000000.0,138182000000.0,99549000000.0,direct_gross_profit,GrossProfit,NetSales,CostOfSales
5332,S100W0X9,254068000000.0,724454000000.0,470386000000.0,direct_gross_profit,GrossProfit,NetSales,CostOfSales
5333,S100W11A,175972000000.0,619513000000.0,443540000000.0,direct_gross_profit,GrossProfit,NetSales,CostOfSales
5334,S100W1AL,258100000000.0,652993000000.0,394893000000.0,direct_gross_profit,GrossProfitIFRS,RevenueIFRS,CostOfSalesIFRS
5337,S100XSWN,1461000000.0,4915000000.0,3453000000.0,direct_gross_profit,GrossProfit,NetSales,CostOfSales
5341,S100XNR4,1337925000.0,4336907000.0,2998981000.0,direct_gross_profit,GrossProfit,NetSales,CostOfSales
5344,S100VXWG,39472000000.0,71849000000.0,32377000000.0,direct_gross_profit,GrossProfit,NetSales,CostOfSales
5351,S100W6X8,35143000000.0,144072000000.0,108928000000.0,direct_gross_profit,GrossProfit,NetSales,CostOfSales
5355,S100W355,2788894000.0,9784442000.0,6995547000.0,direct_gross_profit,GrossProfit,NetSales,CostOfSales
5356,S100W2GO,4023823000.0,15058799000.0,11034976000.0,direct_gross_profit,GrossProfit,NetSales,CostOfSales
5357,S100W7Q3,6230629000.0,29305404000.0,23074775000.0,direct_gross_profit,GrossProfit,NetSales,CostOfSales
5363,S100W66G,9135459000.0,31933430000.0,22797970000.0,direct_gross_profit,GrossProfit,NetSales,CostOfSales
5367,S100VWYM,2022402000.0,10076578000.0,8054175000.0,direct_gross_profit,GrossProfit,NetSales,CostOfSales
5368,S100W1NE,3301085000.0,12222902000.0,8921816000.0,direct_gross_profit,GrossProfit,NetSales,CostOfSales
5380,S100WPZQ,903553000.0,4627097000.0,3723544000.0,direct_gross_profit,GrossProfit,NetSales,CostOfSales
5381,S100W5W0,4369659000.0,11172060000.0,6802400000.0,direct_gross_profit,GrossProfit,NetSales,CostOfSales
5384,S100W0LO,27451000000.0,62503000000.0,35052000000.0,direct_gross_profit,GrossProfit,NetSales,CostOfSales
5388,S100W6IN,4461724000.0,15707623000.0,11245899000.0,direct_gross_profit,GrossProfit,NetSales,CostOfSales
5391,S100W726,9822000000.0,43421000000.0,33599000000.0,direct_gross_profit,GrossProfit,NetSales,CostOfSales
5393,S100W3DV,70773000000.0,256512000000.0,185739000000.0,direct_gross_profit,GrossProfit,NetSales,CostOfSales
5401,S100W3AT,1371651000000.0,8695526000000.0,7323874000000.0,direct_gross_profit,GrossProfitIFRS,RevenueIFRS,CostOfSalesIFRS
5406,S100VZ8O,423218000000.0,2555031000000.0,2131813000000.0,direct_gross_profit,GrossProfit,NetSales,CostOfSales
5408,S100W1Y9,22080000000.0,169329000000.0,147249000000.0,direct_gross_profit,GrossProfit,NetSales,CostOfSales
5410,S100VY6F,36240000000.0,205199000000.0,168959000000.0,direct_gross_profit,GrossProfit,NetSales,CostOfSales
5411,S100VZW5,533081000000.0,4859647000000.0,4326565000000.0,direct_gross_profit,GrossProfitIFRS,RevenueIFRS,CostOfSalesIFRS
5423,S100W38V,58023000000.0,326775000000.0,268751000000.0,direct_gross_profit,GrossProfit,NetSales,CostOfSales
5440,S100W2DI,38327000000.0,322849000000.0,284523000000.0,direct_gross_profit,GrossProfit,NetSales,CostOfSales
5444,S100W82O,29527000000.0,168268000000.0,138740000000.0,direct_gross_profit,GrossProfit,NetSales,CostOfSales
5445,S100W5X9,23376000000.0,82593000000.0,59216000000.0,direct_gross_profit,GrossProfit,NetSales,CostOfSales
5446,S100W06V,3848333000.0,28729754000.0,24881421000.0,direct_gross_profit,GrossProfit,NetSales,CostOfSales
5449,S100W3DT,13052000000.0,116424000000.0,103371000000.0,direct_gross_profit,GrossProfit,NetSales,CostOfSales
5451,S100W0UT,34149000000.0,208460000000.0,174311000000.0,direct_gross_profit,GrossProfit,NetSales,CostOfSales
5458,S100W2RY,1692000000.0,12100000000.0,10407000000.0,direct_gross_profit,GrossProfit,NetSales,CostOfSales
5461,S100VZE9,7169000000.0,51047000000.0,43878000000.0,direct_gross_profit,GrossProfit,NetSales,CostOfSales
5463,S100VZIL,43804000000.0,261649000000.0,217844000000.0,direct_gross_profit,GrossProfit,NetSales,CostOfSales
5464,S100W00V,11313000000.0,46141000000.0,34828000000.0,direct_gross_profit,GrossProfit,NetSales,CostOfSales
5471,S100W28E,104187000000.0,574945000000.0,470757000000.0,direct_gross_profit,GrossProfitIFRS,RevenueIFRS,CostOfSalesIFRS
5480,S100VZ2C,30649000000.0,172097000000.0,141448000000.0,direct_gross_profit,GrossProfit,NetSales,CostOfSales
5482,S100W7BL,39941000000.0,299287000000.0,259346000000.0,direct_gross_profit,GrossProfitIFRS,RevenueIFRS,CostOfSalesIFRS
5484,S100W1VJ,3351969000.0,21178080000.0,17826111000.0,direct_gross_profit,GrossProfit,NetSales,CostOfSales
5491,S100W66M,5147000000.0,51298000000.0,46151000000.0,direct_gross_profit,GrossProfit,NetSales,CostOfSales
5527,S100XN0E,7638204000.0,50909668000.0,43271463000.0,direct_gross_profit,GrossProfit,NetSales,CostOfSales
5532,S100X9V9,1677086000.0,9791998000.0,8114912000.0,direct_gross_profit,GrossProfit,NetSales,CostOfSales
5533,S100XCQ3,4871354000.0,6385724000.0,1514369000.0,direct_gross_profit,GrossProfit,NetSales,CostOfSales
5535,S100W4LK,8073272000.0,51709146000.0,43635873000.0,direct_gross_profit,GrossProfit,NetSales,CostOfSales
5537,S100XV4H,4479203000.0,8191248000.0,3712044000.0,direct_gross_profit,GrossProfit,NetSales,CostOfSales
5541,S100W2LK,-5191000000.0,13175000000.0,18366000000.0,direct_gross_profit,GrossProfit,NetSales,CostOfSales
5542,S100XTM9,1374261000.0,5539581000.0,4165319000.0,direct_gross_profit,GrossProfit,NetSales,CostOfSales
5563,S100XUK7,12487000000.0,77277000000.0,64789000000.0,direct_gross_profit,GrossProfit,NetSales,CostOfSales
5570,S100XC8W,1122947000.0,1366994000.0,244047000.0,direct_gross_profit,GrossProfit,NetSales,CostOfSales
5571,S100W7ZF,4885558000.0,9091963000.0,4206405000.0,direct_gross_profit,GrossProfit,NetSales,CostOfSales
5572,S100WWVV,1325959000.0,2593322000.0,1267363000.0,direct_gross_profit,GrossProfit,NetSales,CostOfSales
5574,S100X6IA,2236301000.0,3585409000.0,1349108000.0,direct_gross_profit,GrossProfit,NetSales,CostOfSales
5575,S100WL3G,781310000.0,1637523000.0,856212000.0,direct_gross_profit,GrossProfit,NetSales,CostOfSales
5576,S100W1GR,1448705000.0,7684716000.0,6236011000.0,direct_gross_profit,GrossProfit,NetSales,CostOfSales
5578,S100X6EQ,3771942000.0,14152706000.0,10380764000.0,direct_gross_profit,GrossProfit,NetSales,CostOfSales
5580,S100X6Y2,1373428000.0,2834772000.0,1461344000.0,direct_gross_profit,GrossProfit,NetSales,CostOfSales
5582,S100WQ2M,1515133000.0,2063415000.0,548281000.0,direct_gross_profit,GrossProfit,NetSales,CostOfSales
5586,S100XBVM,1272094000.0,1900339000.0,628244000.0,direct_gross_profit,GrossProfit,NetSales,CostOfSales
5587,S100XBLH,2264628000.0,3006963000.0,742335000.0,direct_gross_profit,GrossProfit,NetSales,CostOfSales
5588,S100XUQ2,1716828000.0,2369766000.0,652938000.0,direct_gross_profit,GrossProfit,NetSales,CostOfSales
5589,S100XTAQ,4650986000.0,6462582000.0,1811595000.0,direct_gross_profit,GrossProfit,NetSales,CostOfSales
5590,S100XTGZ,3665860000.0,4788117000.0,1122256000.0,direct_gross_profit,GrossProfit,NetSales,CostOfSales
5591,S100XULB,1163919000.0,1672557000.0,508637000.0,direct_gross_profit,GrossProfit,NetSales,CostOfSales
5592,S100W451,6475204000.0,11199409000.0,4724204000.0,direct_gross_profit,GrossProfit,NetSales,CostOfSales
5597,S100XVG3,410494000.0,1051466000.0,640972000.0,direct_gross_profit,GrossProfit,NetSales,CostOfSales
5599,S100W7BJ,946026000.0,1942927000.0,996900000.0,direct_gross_profit,GrossProfit,NetSales,CostOfSales
5602,S100W0Y7,33282000000.0,126669000000.0,93386000000.0,direct_gross_profit,GrossProfit,NetSales,CostOfSales
5603,S100W3LW,4313000000.0,26317000000.0,22003000000.0,direct_gross_profit,GrossProfit,NetSales,CostOfSales
5609,S100W46L,2031000000.0,14311000000.0,12280000000.0,direct_gross_profit,GrossProfit,NetSales,CostOfSales
5612,S100W8SW,2728000000.0,16933000000.0,14205000000.0,direct_gross_profit,GrossProfit,NetSales,CostOfSales
5616,S100XU04,674797000.0,1027929000.0,353132000.0,direct_gross_profit,GrossProfit,NetSales,CostOfSales
5618,S100XV5Y,2445638000.0,6730288000.0,4284650000.0,direct_gross_profit,GrossProfit,NetSales,CostOfSales
5619,S100XU72,823722000.0,1078086000.0,254363000.0,direct_gross_profit,GrossProfit,NetSales,CostOfSales
5621,S100W8D4,4184470000.0,6055111000.0,1870640000.0,direct_gross_profit,GrossProfit,NetSales,CostOfSales
5631,S100W0UU,60993000000.0,248556000000.0,187562000000.0,direct_gross_profit,GrossProfit,NetSales,CostOfSales
5632,S100W032,23712000000.0,159584000000.0,135871000000.0,direct_gross_profit,GrossProfit,NetSales,CostOfSales
5644,S100W4SB,5396000000.0,43954000000.0,38558000000.0,direct_gross_profit,GrossProfit,NetSales,CostOfSales
5658,S100W6ND,6096272000.0,34126910000.0,28030637000.0,direct_gross_profit,GrossProfit,NetSales,CostOfSales
5659,S100W0AF,8218000000.0,46749000000.0,38531000000.0,direct_gross_profit,GrossProfit,NetSales,CostOfSales
5660,S100W371,5867000000.0,34293000000.0,28425000000.0,direct_gross_profit,GrossProfit,NetSales,CostOfSales
5695,S100W02T,2121941000.0,9136295000.0,7014353000.0,direct_gross_profit,GrossProfit,NetSales,CostOfSales
5697,S100W174,3247961000.0,24444766000.0,21196805000.0,direct_gross_profit,GrossProfit,NetSales,CostOfSales
5698,S100WR6T,8450924000.0,49090744000.0,40639820000.0,direct_gross_profit,GrossProfit,NetSales,CostOfSales
5699,S100XSK6,1788534000.0,10005640000.0,8217105000.0,direct_gross_profit,GrossProfit,NetSales,CostOfSales
5702,S100W0CS,13757000000.0,299795000000.0,286037000000.0,direct_gross_profit,GrossProfit,NetSales,CostOfSales
5703,S100W19M,95263000000.0,550180000000.0,454917000000.0,direct_gross_profit,GrossProfit,NetSales,CostOfSales
5704,S100XSBE,1036643000.0,3223030000.0,2186386000.0,direct_gross_profit,GrossProfit,NetSales,CostOfSales
5706,S100VZ5R,150237000000.0,712344000000.0,562106000000.0,direct_gross_profit,GrossProfit,NetSales,CostOfSales
5707,S100W86P,13196000000.0,126267000000.0,113070000000.0,direct_gross_profit,GrossProfit,NetSales,CostOfSales
5711,S100W34Q,166645000000.0,1962076000000.0,1795431000000.0,direct_gross_profit,GrossProfit,NetSales,CostOfSales
5713,S100W5I3,58505000000.0,1403514000000.0,1534843000000.0,direct_gross_profit,GrossProfitIFRS,NetSales,CostOfSalesIFRS
5714,S100W2F9,86629000000.0,678672000000.0,592043000000.0,direct_gross_profit,GrossProfit,NetSales,CostOfSales
5715,S100W4TJ,29556000000.0,201216000000.0,171660000000.0,direct_gross_profit,GrossProfit,NetSales,CostOfSales
5721,S100W8ZY,73226000.0,634428000.0,561202000.0,direct_gross_profit,GrossProfit,NetSales,CostOfGoodsSold
5724,S100XCLW,2717876000.0,8685989000.0,5968112000.0,direct_gross_profit,GrossProfit,NetSales,CostOfSales
5726,S100W7ZO,16130000000.0,51914000000.0,35783000000.0,direct_gross_profit,GrossProfit,NetSales,CostOfSales
5727,S100VZ8A,16052000000.0,88974000000.0,72921000000.0,direct_gross_profit,GrossProfit,NetSales,CostOfSales
5729,S100W4E9,4952427000.0,25179512000.0,20227084000.0,direct_gross_profit,GrossProfit,NetSales,CostOfSales
5741,S100VYZ4,132478000000.0,998781000000.0,866303000000.0,direct_gross_profit,GrossProfitIFRS,RevenueIFRS,CostOfSalesIFRS
5742,S100W2I4,1432958000.0,6647358000.0,5214399000.0,direct_gross_profit,GrossProfit,NetSales,CostOfSales
5753,S100W1OZ,2682000000.0,26122000000.0,23439000000.0,direct_gross_profit,GrossProfit,NetSales,CostOfSales
5757,S100W4RZ,15421000000.0,125108000000.0,109686000000.0,direct_gross_profit,GrossProfit,NetSales,CostOfSales
5801,S100VZIV,201717000000.0,1201762000000.0,1000044000000.0,direct_gross_profit,GrossProfit,NetSales,CostOfSales
5802,S100W5LN,880126000000.0,4679789000000.0,3799663000000.0,direct_gross_profit,GrossProfit,NetSales,CostOfSales
5803,S100W6LJ,260444000000.0,979375000000.0,718931000000.0,direct_gross_profit,GrossProfit,NetSales,CostOfSales
5805,S100W4C3,38643000000.0,237862000000.0,199219000000.0,direct_gross_profit,GrossProfit,NetSales,CostOfSales
5816,S100XV82,9150326000.0,44441960000.0,35291634000.0,direct_gross_profit,GrossProfit,NetSales,CostOfSales
5817,S100Y6GG,1666582000.0,6028307000.0,4361725000.0,direct_gross_profit,GrossProfit,NetSales,CostOfSales
5819,S100XRBT,5559165000.0,13114992000.0,7555826000.0,direct_gross_profit,GrossProfit,NetSales,CostOfSales
5820,S100W1YU,1868541000.0,10876358000.0,9007816000.0,direct_gross_profit,GrossProfit,NetSales,CostOfSales
5821,S100W8S5,7225000000.0,30802000000.0,23577000000.0,direct_gross_profit,GrossProfit,NetSales,CostOfSales
5830,S100W5O4,,24653000000.0,,unavailable,,OperatingRevenue1,
5831,S100VW4E,,41625000000.0,,unavailable,,OperatingRevenue1,
5832,S100VZPR,,21298000000.0,,unavailable,,OperatingRevenue1,
5834,S100W2X1,10454000000.0,41916000000.0,31462000000.0,direct_gross_profit,GrossProfit,NetSales,CostOfSales
5838,S100W2TC,,,,unavailable,,,
5842,S100XOZ3,6770000000.0,7250000000.0,479000000.0,direct_gross_profit,GrossProfit,NetSales,CostOfSales
5843,S100XCA4,2341620000.0,3737526000.0,1395906000.0,direct_gross_profit,GrossProfit,NetSales,CostOfSales
5844,S100W4AU,,31329000000.0,,unavailable,,OperatingRevenue1,
5845,S100W6DG,17154000000.0,25658000000.0,8504000000.0,direct_gross_profit,GrossProfit,NetSales,CostOfSales
5851,S100XT40,38854000000.0,309111000000.0,270257000000.0,direct_gross_profit,GrossProfit,NetSales,CostOfSales
5852,S100W8W5,15412000000.0,162929000000.0,147517000000.0,direct_gross_profit,GrossProfit,NetSales,CostOfSales
5856,S100W9LX,1098494000.0,10311719000.0,9213224000.0,direct_gross_profit,GrossProfit,NetSales,CostOfSales
5857,S100VYWM,28943000000.0,506211000000.0,477267000000.0,direct_gross_profit,GrossProfitIFRS,RevenueIFRS,CostOfSalesIFRS
5858,S100W53F,1523634000.0,6426069000.0,4902434000.0,direct_gross_profit,GrossProfit,NetSales,CostOfSales
5867,S100XS2Y,1517766000.0,3418693000.0,1900926000.0,direct_gross_profit,GrossProfit,NetSales,CostOfSales
5868,S100XSJ5,3139840000.0,9189733000.0,6049893000.0,direct_gross_profit,GrossProfit,NetSales,CostOfSales
5869,S100W3RQ,2849057000.0,6986676000.0,4137618000.0,direct_gross_profit,GrossProfit,NetSales,CostOfSales
5870,S100W8LA,2376711000.0,8542662000.0,6165951000.0,direct_gross_profit,GrossProfit,NetSales,CostOfSales
5871,S100XSRF,7274000000.0,25779000000.0,18505000000.0,direct_gross_profit,GrossProfit,NetSales,CostOfSales
5884,S100WRPW,1409935000.0,3075886000.0,1665951000.0,direct_gross_profit,GrossProfit,NetSales,CostOfSales
5885,S100WKSA,1337572000.0,6630931000.0,5293358000.0,direct_gross_profit,GrossProfit,NetSales,CostOfSales
5888,S100Y0CE,9200404000.0,21106860000.0,11906455000.0,direct_gross_profit,GrossProfit,NetSales,CostOfSales
5889,S100Y0I2,14672000000.0,18640000000.0,3968000000.0,direct_gross_profit,GrossProfitIFRS,RevenueIFRS,CostOfSalesIFRS
5891,S100XTBZ,10327273000.0,14721631000.0,4394358000.0,direct_gross_profit,GrossProfit,NetSales,CostOfSales
5892,S100VZ0M,5112270000.0,8306109000.0,3193839000.0,direct_gross_profit,GrossProfit,NetSales,CostOfSales
5900,S100Y6RH,3623130000.0,11567552000.0,7944422000.0,direct_gross_profit,GrossProfit,NetSales,CostOfSales
5901,S100VZP4,122539000000.0,922516000000.0,799976000000.0,direct_gross_profit,GrossProfit,NetSales,CostOfSales
5902,S100W82U,21272000000.0,92419000000.0,71147000000.0,direct_gross_profit,GrossProfit,NetSales,CostOfSales
5903,S100WP45,2578417000.0,7368800000.0,4790382000.0,direct_gross_profit,GrossProfit,NetSales,CostOfSales
5905,S100W4WG,851473000.0,11259429000.0,10407955000.0,direct_gross_profit,GrossProfit,NetSales,CostOfSales
5906,S100VX2E,9175640000.0,28268214000.0,19092574000.0,direct_gross_profit,GrossProfit,NetSales,CostOfSales
5909,S100W4MS,18391000000.0,85214000000.0,66823000000.0,direct_gross_profit,GrossProfit,NetSales,CostOfSales
5911,S100W6LF,28349000000.0,159368000000.0,131019000000.0,direct_gross_profit,GrossProfit,NetSales,CostOfSales
5915,S100W8F4,4252000000.0,40553000000.0,36300000000.0,direct_gross_profit,GrossProfitOnCompletedConstructionContractsCNS,NetSalesOfCompletedConstructionContractsCNS,CostOfSalesOfCompletedConstructionContractsCNS
5918,S100W67V,1740000000.0,23840000000.0,22100000000.0,direct_gross_profit,GrossProfitOnCompletedConstructionContractsCNS,NetSalesOfCompletedConstructionContractsCNS,CostOfSalesOfCompletedConstructionContractsCNS
5921,S100XBJH,2893041000.0,24219601000.0,21326560000.0,direct_gross_profit,GrossProfitOnCompletedConstructionContractsCNS,NetSalesOfCompletedConstructionContractsCNS,CostOfSalesOfCompletedConstructionContractsCNS
5922,S100W4OT,4876825000.0,22939871000.0,18063045000.0,direct_gross_profit,GrossProfit,NetSales,CostOfSales
5923,S100W4OF,1926523000.0,18455160000.0,16528636000.0,direct_gross_profit,GrossProfitOnCompletedConstructionContractsCNS,NetSalesOfCompletedConstructionContractsCNS,CostOfSalesOfCompletedConstructionContractsCNS
5928,S100W0L2,1305330000.0,8296000000.0,6990670000.0,direct_gross_profit,GrossProfit,NetSales,CostOfSales
5929,S100W1GE,218258000000.0,662380000000.0,444121000000.0,direct_gross_profit,GrossProfit,NetSales,CostOfSales
5930,S100VXXD,62483000000.0,228419000000.0,165936000000.0,direct_gross_profit,GrossProfit,NetSales,CostOfSales
5932,S100WJUP,69764000000.0,359424000000.0,289660000000.0,direct_gross_profit,GrossProfit,NetSales,CostOfSales
5933,S100VYLW,16036640000.0,61601118000.0,45564477000.0,direct_gross_profit,GrossProfit,NetSales,CostOfSales
5936,S100VZNK,5697920000.0,20871090000.0,15173169000.0,direct_gross_profit,GrossProfit,NetSales,CostOfSales
5938,S100VYMK,498113000000.0,1504697000000.0,1006584000000.0,direct_gross_profit,GrossProfitIFRS,RevenueIFRS,CostOfSalesIFRS
5939,S100W79B,1721020000.0,7899421000.0,6178401000.0,direct_gross_profit,GrossProfit,NetSales,CostOfSales
5940,S100W2EZ,16342000000.0,104754000000.0,88412000000.0,direct_gross_profit,GrossProfit,NetSales,CostOfSales
5941,S100W59Z,9878094000.0,39931993000.0,30053899000.0,direct_gross_profit,GrossProfit,NetSales,CostOfSales
5942,S100XMRB,9548926000.0,27842145000.0,18293218000.0,direct_gross_profit,GrossProfit,NetSales,CostOfSales
5943,S100XUKL,63700000000.0,202049000000.0,138349000000.0,direct_gross_profit,GrossProfit,NetSales,CostOfSales
5945,S100W783,4582808000.0,13131261000.0,8548453000.0,direct_gross_profit,GrossProfit,NetSales,CostOfSales
5946,S100XRH4,10361000000.0,46501000000.0,36140000000.0,direct_gross_profit,GrossProfit,NetSales,CostOfSales
5947,S100W18P,156062000000.0,460319000000.0,304257000000.0,direct_gross_profit,GrossProfit,NetSales,CostOfSales
5949,S100W7QC,39415000000.0,330045000000.0,290630000000.0,direct_gross_profit,GrossProfit,NetSales,CostOfSales
5950,S100XS9S,1212436000.0,5064474000.0,3852038000.0,direct_gross_profit,GrossProfit,NetSales,CostOfSales
5951,S100W3U0,5738392000.0,19902665000.0,,direct_gross_profit,GrossProfit,NetSales,
5952,S100W386,1042915000.0,5583425000.0,4540509000.0,direct_gross_profit,GrossProfit,NetSales,CostOfSales
5955,S100VZ7R,2288841000.0,11802650000.0,9513809000.0,direct_gross_profit,GrossProfit,NetSales,CostOfSales
5956,S100W8AE,9247034000.0,22789773000.0,13542738000.0,direct_gross_profit,GrossProfit,NetSales,CostOfSales
5957,S100XVV3,12045487000.0,50238187000.0,38192700000.0,direct_gross_profit,GrossProfit,NetSales,CostOfSales
5958,S100W089,8601000000.0,29516000000.0,20915000000.0,direct_gross_profit,GrossProfit,NetSales,CostOfSales
5959,S100XUL3,21714000000.0,69758000000.0,48044000000.0,direct_gross_profit,GrossProfit,NetSales,CostOfSales
5962,S100W6TY,2290073000.0,8448238000.0,6158164000.0,direct_gross_profit,GrossProfit,NetSales,CostOfSales
5965,S100XV4T,15834454000.0,47436908000.0,31602454000.0,direct_gross_profit,GrossProfit,NetSales,CostOfSales
5966,S100WP0H,3366869000.0,9046157000.0,5679287000.0,direct_gross_profit,GrossProfit,NetSales,CostOfSales
5967,S100WLV7,2963135000.0,7591635000.0,4628499000.0,direct_gross_profit,GrossProfit,NetSales,CostOfSales
5969,S100W34X,1706252000.0,5708563000.0,4002310000.0,direct_gross_profit,GrossProfit,NetSales,CostOfSales
5970,S100W52Y,34237000000.0,339233000000.0,304995000000.0,direct_gross_profit,GrossProfit,NetSales,CostOfSales
5971,S100WDOZ,1990959000.0,10457791000.0,8466832000.0,direct_gross_profit,GrossProfit,NetSales,CostOfSales
5973,S100W5W3,2572205000.0,18104665000.0,15532459000.0,direct_gross_profit,GrossProfit,NetSales,CostOfSales
5974,S100W23W,2807000000.0,13843000000.0,11035000000.0,direct_gross_profit,GrossProfit,NetSales,CostOfSales
5975,S100W2OJ,47337000000.0,373568000000.0,326230000000.0,direct_gross_profit,GrossProfit,NetSales,CostOfSales
5976,S100W6ZZ,10346000000.0,57563000000.0,47217000000.0,direct_gross_profit,GrossProfit,NetSales,CostOfSales
5981,S100W5M9,13852000000.0,62867000000.0,49015000000.0,direct_gross_profit,GrossProfit,NetSales,CostOfSales
5982,S100Y6B9,19020163000.0,66782423000.0,47762260000.0,direct_gross_profit,GrossProfit,NetSales,CostOfSales
5983,S100W5R1,3709966000.0,12642063000.0,8932097000.0,direct_gross_profit,GrossProfit,NetSales,CostOfSales
5984,S100W4CS,5950962000.0,20231590000.0,14280627000.0,direct_gross_profit,GrossProfit,NetSales,CostOfSales
5985,S100W3K3,9676000000.0,63940000000.0,54263000000.0,direct_gross_profit,GrossProfit,NetSales,CostOfSales
5986,S100W3DP,4775281000.0,50498662000.0,45723380000.0,direct_gross_profit,GrossProfit,NetSales,CostOfSales
5987,S100WRVO,996268000.0,5053326000.0,4057058000.0,direct_gross_profit,GrossProfit,NetSales,CostOfSales
5988,S100W5WV,14271000000.0,63351000000.0,49079000000.0,direct_gross_profit,GrossProfit,NetSales,CostOfSales
5989,S100W6QU,31705000000.0,228145000000.0,196440000000.0,direct_gross_profit,GrossProfitIFRS,RevenueIFRS,CostOfSalesIFRS
5990,S100VVSN,1662319000.0,5241224000.0,3578904000.0,direct_gross_profit,GrossProfit,NetSales,CostOfSales
5991,S100W53K,113055000000.0,801698000000.0,688643000000.0,direct_gross_profit,GrossProfit,NetSales,CostOfSales
5992,S100VY58,14082700000.0,110157232000.0,96074531000.0,direct_gross_profit,GrossProfit,NetSales,CostOfSales
5994,S100W69N,5752752000.0,42720389000.0,36967637000.0,direct_gross_profit,GrossProfit,NetSales,CostOfSales
5997,S100XUIL,2911553000.0,11923263000.0,9011710000.0,direct_gross_profit,GrossProfit,NetSales,CostOfSales
5998,S100W7KN,6928903000.0,28532758000.0,21603854000.0,direct_gross_profit,GrossProfit,NetSales,CostOfSales
6005,S100W8ZH,94225000000.0,251341000000.0,157115000000.0,direct_gross_profit,GrossProfitIFRS,RevenueIFRS,CostOfSalesIFRS
6013,S100W49Z,33693000000.0,151161000000.0,117468000000.0,direct_gross_profit,GrossProfit,NetSales,CostOfSales
6016,S100W2S0,8226842000.0,28862663000.0,20635821000.0,direct_gross_profit,GrossProfit,NetSales,CostOfSales
6018,S100W7AH,2421061000.0,13337098000.0,,direct_gross_profit,GrossProfit,NetSales,
6022,S100W52J,1523246000.0,7845996000.0,,direct_gross_profit,GrossProfit,NetSales,
6023,S100W526,20901000000.0,88781000000.0,67879000000.0,direct_gross_profit,GrossProfit,NetSales,CostOfSales
6027,S100W1SD,10833070000.0,14072375000.0,3239305000.0,direct_gross_profit,GrossProfit,NetSales,CostOfSales
6029,S100XU1F,1346939000.0,3927223000.0,2580284000.0,direct_gross_profit,GrossProfit,NetSales,CostOfSales
6030,S100WXVU,15646446000.0,16178923000.0,9723978000.0,direct_gross_profit,OperatingGrossProfitIFRS,OperatingRevenue1,CostOfSalesIFRS
6031,S100XVUK,1524354000.0,1858712000.0,334357000.0,direct_gross_profit,GrossProfit,NetSales,CostOfSales
6033,S100W0OV,3536438000.0,11336259000.0,7799820000.0,direct_gross_profit,GrossProfit,NetSales,CostOfSales
6034,S100XSR6,2845543000.0,4191472000.0,1345928000.0,direct_gross_profit,GrossProfitIFRS,RevenueIFRS,CostOfSalesIFRS
6035,S100VXOG,4534314000.0,5783745000.0,1249431000.0,direct_gross_profit,GrossProfit,NetSales,CostOfSales
6036,S100WR7B,12079956000.0,23622215000.0,11013360000.0,direct_gross_profit,GrossProfit,NetSales,CostOfSales
6037,S100WWO9,,3159456000.0,,unavailable,,OperatingRevenue1,
6038,S100WQQU,2756050000.0,6084749000.0,3328699000.0,direct_gross_profit,GrossProfit,NetSales,CostOfSales
6039,S100W2CN,1832535000.0,5277736000.0,3445200000.0,direct_gross_profit,GrossProfit,NetSales,CostOfSales
6040,S100WWGS,4668681000.0,10461767000.0,5793085000.0,direct_gross_profit,GrossProfit,NetSales,CostOfSales
6042,S100W65J,2714224000.0,8360204000.0,5645979000.0,direct_gross_profit,GrossProfit,NetSales,CostOfSales
6044,S100WLAF,4693980000.0,20636072000.0,15942092000.0,direct_gross_profit,GrossProfit,NetSales,CostOfSales
6045,S100W42U,2676134000.0,3862700000.0,1186566000.0,direct_gross_profit,GrossProfit,NetSales,CostOfSales
6046,S100XBUR,688652000.0,906312000.0,217660000.0,direct_gross_profit,GrossProfit,NetSales,CostOfSales
6047,S100WLMH,2895000000.0,6098000000.0,3203000000.0,direct_gross_profit,GrossProfit,NetSales,CostOfSales
6049,S100XHX1,3261477000.0,3669622000.0,408145000.0,direct_gross_profit,GrossProfit,NetSales,CostOfSales
6050,S100X9H5,3287529000.0,11321381000.0,8033852000.0,direct_gross_profit,GrossProfit,NetSales,CostOfSales
6054,S100XSWS,4210415000.0,5639875000.0,1429459000.0,direct_gross_profit,GrossProfit,NetSales,CostOfSales
6055,S100W2YW,16160000000.0,52678000000.0,36518000000.0,direct_gross_profit,GrossProfit,NetSales,CostOfSales
6058,S100Y7IM,42649000000.0,63794000000.0,21144000000.0,direct_gross_profit,GrossProfit,NetSales,CostOfSales
6059,S100W2FD,1792462000.0,29105853000.0,27313391000.0,direct_gross_profit,GrossProfit,NetSales,CostOfSales
6061,S100WRP5,12814181000.0,20506954000.0,7692773000.0,direct_gross_profit,GrossProfit,NetSales,CostOfSales
6062,S100WQO9,7244000000.0,46673000000.0,39429000000.0,direct_gross_profit,GrossProfit,NetSales,CostOfSales
6063,S100XUYQ,871980000.0,3714674000.0,2842694000.0,direct_gross_profit,GrossProfit,NetSales,CostOfSales
6069,S100W5CL,3268614000.0,6191610000.0,2922995000.0,direct_gross_profit,GrossProfit,NetSales,CostOfSales
6070,S100W325,8199473000.0,40397672000.0,32198198000.0,direct_gross_profit,GrossProfit,NetSales,CostOfSales
6071,S100XUID,18661614000.0,20172914000.0,1511300000.0,direct_gross_profit,GrossProfit,NetSales,CostOfSales
6072,S100W64J,920025000.0,1877959000.0,957933000.0,direct_gross_profit,GrossProfit,NetSales,CostOfSales
6073,S100VZ7T,9705120000.0,14024081000.0,4318961000.0,direct_gross_profit,GrossProfit,NetSales,CostOfSales
6074,S100W2X7,1240786000.0,8381933000.0,7141146000.0,direct_gross_profit,GrossProfit,NetSales,CostOfSales
6078,S100XT60,2914053000.0,10068322000.0,7154268000.0,direct_gross_profit,GrossProfit,NetSales,CostOfSales
6080,S100XCS6,14153703000.0,20685940000.0,8295024000.0,direct_gross_profit,GrossProfitIFRS,NetSales,CostOfSalesIFRS
6081,S100XVCC,2025727000.0,2990959000.0,965232000.0,direct_gross_profit,GrossProfit,NetSales,CostOfSales
6082,S100W2WB,11175897000.0,23393750000.0,12217853000.0,direct_gross_profit,GrossProfit,NetSales,CostOfSales
6083,S100WLGA,6410478000.0,19765494000.0,13355015000.0,direct_gross_profit,GrossProfit,NetSales,CostOfSales
6085,S100Y7A6,339201000.0,658989000.0,319788000.0,direct_gross_profit,GrossProfit,NetSales,CostOfSales
6086,S100Y57I,6859141000.0,29946500000.0,23087358000.0,direct_gross_profit,GrossProfit,NetSales,CostOfSales
6087,S100XARO,2935406000.0,10722394000.0,7691845000.0,direct_gross_profit,GrossProfit,NetSales,CostOfSales
6088,S100W25S,11731755000.0,26293590000.0,14561835000.0,direct_gross_profit,GrossProfit,NetSales,CostOfSales
6089,S100W14P,29383000000.0,139705000000.0,110321000000.0,direct_gross_profit,GrossProfitIFRS,RevenueIFRS,CostOfSalesIFRS
6090,S100WPSX,921713000.0,1455004000.0,533290000.0,direct_gross_profit,GrossProfit,NetSales,CostOfSales
6091,S100WWUT,4278810000.0,16114809000.0,11835998000.0,direct_gross_profit,GrossProfit,NetSales,CostOfSales
6092,S100W6WO,2653526000.0,10668079000.0,8014553000.0,direct_gross_profit,GrossProfit,NetSales,CostOfSales
6093,S100Y5Q4,2146282000.0,5078141000.0,2931858000.0,direct_gross_profit,GrossProfit,NetSales,CostOfSales
6094,S100XCVT,14063405000.0,50323355000.0,36259950000.0,direct_gross_profit,GrossProfit,NetSales,CostOfSales
6096,S100W3AF,4082776000.0,9715742000.0,5632965000.0,direct_gross_profit,GrossProfit,NetSales,CostOfSales
6098,S100VZG5,2085644000000.0,3557478000000.0,1471834000000.0,direct_gross_profit,GrossProfitIFRS,RevenueIFRS,CostOfSalesIFRS
6099,S100XU87,11874219000.0,55448687000.0,43574467000.0,direct_gross_profit,GrossProfit,NetSales,CostOfSales
6101,S100VY3E,36355000000.0,107411000000.0,71056000000.0,direct_gross_profit,GrossProfitIFRS,RevenueIFRS,CostOfSalesIFRS
6103,S100W043,65636000000.0,206822000000.0,141185000000.0,direct_gross_profit,GrossProfit,NetSales,CostOfSales
6104,S100W00Q,53547000000.0,168191000000.0,114643000000.0,direct_gross_profit,GrossProfit,NetSales,CostOfSales
6113,S100W4AI,172388000000.0,396670000000.0,224282000000.0,direct_gross_profit,GrossProfitIFRS,RevenueIFRS,CostOfSalesIFRS
6118,S100W1LW,16040000000.0,76006000000.0,59965000000.0,direct_gross_profit,GrossProfit,NetSales,CostOfSales
6125,S100W4PC,12828000000.0,43734000000.0,30906000000.0,direct_gross_profit,GrossProfit,NetSales,CostOfSales
6134,S100W95P,46636000000.0,127387000000.0,80750000000.0,direct_gross_profit,GrossProfit,NetSales,CostOfSales
6135,S100W0JN,72439000000.0,234216000000.0,161777000000.0,direct_gross_profit,GrossProfit,NetSales,CostOfSales
6136,S100XM3S,65819000000.0,160619000000.0,94800000000.0,direct_gross_profit,GrossProfit,NetSales,CostOfSales
6137,S100W3B1,17867000000.0,55206000000.0,37339000000.0,direct_gross_profit,GrossProfit,NetSales,CostOfSales
6138,S100W70L,3010524000.0,8793113000.0,5782588000.0,direct_gross_profit,GrossProfit,NetSales,CostOfSales
6140,S100W3H3,11302000000.0,41006000000.0,29704000000.0,direct_gross_profit,GrossProfit,NetSales,CostOfSales
6141,S100XUMY,31887000000.0,514976000000.0,79394000000.0,direct_gross_profit,GrossProfit,RevenueIFRS,CostOfSales
6143,S100XUQM,28207000000.0,80572000000.0,52364000000.0,direct_gross_profit,GrossProfit,NetSales,CostOfSales
6144,S100W6D6,9348000000.0,33352000000.0,24003000000.0,direct_gross_profit,GrossProfit,NetSales,CostOfSales
6145,S100W68A,8007000000.0,33268000000.0,25260000000.0,direct_gross_profit,GrossProfit,NetSales,CostOfSales
6146,S100W0JY,277570000000.0,393313000000.0,115743000000.0,direct_gross_profit,GrossProfit,NetSales,CostOfSales
6147,S100W3SO,557757000.0,3093870000.0,2536113000.0,direct_gross_profit,GrossProfit,NetSales,CostOfSales
6149,S100XSNC,5902351000.0,18238272000.0,12335920000.0,direct_gross_profit,GrossProfit,NetSales,CostOfSales
6150,S100WLR3,1435228000.0,4890771000.0,3455542000.0,direct_gross_profit,GrossProfit,NetSales,CostOfSales
6151,S100W2RN,12142000000.0,27256000000.0,15113000000.0,direct_gross_profit,GrossProfit,NetSales,CostOfSales
6155,S100W3N9,3259000000.0,13893000000.0,10633000000.0,direct_gross_profit,GrossProfit,NetSales,CostOfSales
6156,S100WQRX,416533000.0,1590845000.0,1174312000.0,direct_gross_profit,GrossProfit,NetSales,CostOfSales
6157,S100W51Q,4983017000.0,9431090000.0,4448073000.0,direct_gross_profit,GrossProfit,NetSales,CostOfSales
6158,S100W43N,2968995000.0,7554307000.0,4585311000.0,direct_gross_profit,GrossProfit,NetSales,CostOfSales
6159,S100X5M8,2090765000.0,5782372000.0,3691607000.0,direct_gross_profit,GrossProfit,NetSales,CostOfSales
6161,S100VZKX,3663406000.0,7881304000.0,4217897000.0,direct_gross_profit,GrossProfit,NetSales,CostOfSales
6165,S100W13L,10810000000.0,40822000000.0,30011000000.0,direct_gross_profit,GrossProfit,NetSales,CostOfSales
6166,S100W7G6,678964000.0,2640960000.0,1961995000.0,direct_gross_profit,GrossProfit,NetSales,CostOfSales
6167,S100W33O,4131000000.0,16595000000.0,12463000000.0,direct_gross_profit,GrossProfit,NetSales,CostOfSales
6171,S100XSOI,2998708000.0,7695661000.0,4696952000.0,direct_gross_profit,GrossProfit,NetSales,CostOfSales
6173,S100VUCO,1567945000.0,3462536000.0,1894590000.0,direct_gross_profit,GrossProfit,NetSales,CostOfSales
6176,S100XAF9,3762880000.0,5196705000.0,1433825000.0,direct_gross_profit,GrossProfit,NetSales,CostOfSales
6177,S100XVHM,120446000.0,1242240000.0,1121794000.0,direct_gross_profit,GrossProfit,NetSales,CostOfSales
6178,S100W03W,,207244000000.0,,unavailable,,OperatingRevenue1,
6180,S100XR40,3363954000.0,7115026000.0,3751071000.0,direct_gross_profit,GrossProfit,NetSales,CostOfSales
6181,S100W75E,4006789000.0,5932087000.0,1902247000.0,direct_gross_profit,GrossProfit,NetSales,CostOfSales
6182,S100Y6W8,2739496000.0,4487157000.0,1747660000.0,direct_gross_profit,GrossProfit,NetSales,CostOfSales
6183,S100Y5Z2,27517000000.0,145826000000.0,118309000000.0,direct_gross_profit,GrossProfitIFRS,RevenueIFRS,CostOfSalesIFRS
6184,S100Y0J1,4580508000.0,8335519000.0,3755011000.0,direct_gross_profit,GrossProfit,NetSales,CostOfSales
6185,S100W1F0,2376591000.0,11640954000.0,9264363000.0,direct_gross_profit,GrossProfit,NetSales,CostOfSales
6186,S100VZCY,12619461000.0,19932772000.0,7313310000.0,direct_gross_profit,GrossProfit,NetSales,CostOfSales
6189,S100XAXC,2685000000.0,26997000000.0,24311000000.0,direct_gross_profit,GrossProfit,NetSales,CostOfSales
6190,S100W45D,1117703000.0,1541388000.0,423685000.0,direct_gross_profit,GrossProfit,NetSales,CostOfSales
6191,S100XCN2,16120000000.0,28104000000.0,11984000000.0,direct_gross_profit,GrossProfitIFRS,RevenueIFRS,CostOfSalesIFRS
6193,S100W86C,1614496000.0,6488911000.0,4874415000.0,direct_gross_profit,GrossProfit,NetSales,CostOfSales
6194,S100XAZ6,7380677000.0,7634032000.0,253354000.0,direct_gross_profit,GrossProfit,NetSales,CostOfSales
6195,S100W8NG,1885376000.0,3140691000.0,1255314000.0,direct_gross_profit,GrossProfit,NetSales,CostOfSales
6196,S100XAN1,11918514000.0,20314153000.0,8395638000.0,direct_gross_profit,GrossProfit,NetSales,CostOfSales
6197,S100W2MF,22400000000.0,137435000000.0,115034000000.0,direct_gross_profit,GrossProfit,NetSales,CostOfSales
6198,S100XD0G,3234005000.0,14935902000.0,11701897000.0,direct_gross_profit,GrossProfit,NetSales,CostOfSales
6199,S100X5OA,6456200000.0,24776494000.0,18320293000.0,direct_gross_profit,GrossProfit,NetSales,CostOfSales
6200,S100XAOQ,11158849000.0,14510945000.0,3352095000.0,direct_gross_profit,GrossProfit,NetSales,CostOfSales
6201,S100VWD2,951573000000.0,1267810000000.0,3133410000000.0,direct_gross_profit,GrossProfitIFRS,NetSales,CostOfSalesIFRS
6203,S100W3GN,4203000000.0,24827000000.0,20623000000.0,direct_gross_profit,GrossProfit,NetSales,CostOfSales
6208,S100VZHX,2497243000.0,16203896000.0,13706653000.0,direct_gross_profit,GrossProfit,NetSales,CostOfSales
6209,S100W1Z7,40792000000.0,170340000000.0,129547000000.0,direct_gross_profit,GrossProfit,NetSales,CostOfSales
6217,S100XMJD,5789000000.0,35447000000.0,29658000000.0,direct_gross_profit,GrossProfit,NetSales,CostOfSales
6218,S100W2YL,2684000000.0,21886000000.0,19202000000.0,direct_gross_profit,GrossProfit,NetSales,CostOfSales
6222,S100W7CP,8633000000.0,32520000000.0,23886000000.0,direct_gross_profit,GrossProfit,NetSales,CostOfSales
6223,S100XTV5,11672000000.0,34322000000.0,22650000000.0,direct_gross_profit,GrossProfit,NetSales,CostOfSales
6224,S100Y688,4879060000.0,13746885000.0,8867825000.0,direct_gross_profit,GrossProfit,NetSales,CostOfSales
6226,S100W7EA,6175358000.0,19435433000.0,13260074000.0,direct_gross_profit,GrossProfit,NetSales,CostOfSales
6227,S100WQVH,5416339000.0,21005577000.0,15589237000.0,direct_gross_profit,GrossProfit,NetSales,CostOfSales
6228,S100Y7JM,1283000000.0,14662000000.0,13378000000.0,direct_gross_profit,GrossProfit,NetSales,CostOfSales
6229,S100W3WW,3483388000.0,10438263000.0,6954874000.0,direct_gross_profit,GrossProfit,NetSales,CostOfSales
6230,S100W0DT,8942773000.0,28465447000.0,19522674000.0,direct_gross_profit,GrossProfit,NetSales,CostOfSales
6231,S100VZXB,7305399000.0,16042155000.0,,direct_gross_profit,GrossProfit,NetSales,
6232,S100XVUY,501282000.0,2598734000.0,2097451000.0,direct_gross_profit,GrossProfit,NetSales,CostOfSales
6233,S100XBSH,3068966000.0,9569361000.0,6500395000.0,direct_gross_profit,GrossProfit,NetSales,CostOfSales
6235,S100XTSL,11440409000.0,33861286000.0,22420876000.0,direct_gross_profit,GrossProfit,NetSales,CostOfSales
6237,S100W3U3,18498374000.0,45763291000.0,27264917000.0,direct_gross_profit,GrossProfit,NetSales,CostOfSales
6238,S100W289,16892156000.0,44305986000.0,27413829000.0,direct_gross_profit,GrossProfit,NetSales,CostOfSales
6239,S100WQEO,3672774000.0,8917041000.0,5244267000.0,direct_gross_profit,GrossProfit,NetSales,CostOfSales
6240,S100W3C0,8933276000.0,20104378000.0,11171101000.0,direct_gross_profit,GrossProfit,NetSales,CostOfSales
6245,S100W4YX,6522154000.0,48355528000.0,41833373000.0,direct_gross_profit,GrossProfit,NetSales,CostOfSales
6246,S100W6QS,4816255000.0,21578662000.0,,direct_gross_profit,GrossProfit,NetSales,
6247,S100W8GV,9773000000.0,38353000000.0,28579000000.0,direct_gross_profit,GrossProfit,NetSales,CostOfSales
6248,S100VZ6G,1088550000.0,2276777000.0,,direct_gross_profit,GrossProfit,NetSales,
6249,S100W16Q,14856000000.0,37946000000.0,23089000000.0,direct_gross_profit,GrossProfit,NetSales,CostOfSales
6250,S100XSYR,58326000000.0,174020000000.0,115694000000.0,direct_gross_profit,GrossProfit,NetSales,CostOfSales
6254,S100W3YM,21110449000.0,96359952000.0,75249503000.0,direct_gross_profit,GrossProfit,NetSales,CostOfSales
6255,S100X6PR,3101185000.0,9272037000.0,6170851000.0,direct_gross_profit,GrossProfit,NetSales,CostOfSales
6257,S100W7RW,17662000000.0,34597000000.0,16935000000.0,direct_gross_profit,GrossProfit,NetSales,CostOfSales
6258,S100W3DG,18962488000.0,88483792000.0,69521303000.0,direct_gross_profit,GrossProfit,NetSales,CostOfSales
6262,S100W5A8,7411286000.0,22040325000.0,14629039000.0,direct_gross_profit,GrossProfit,NetSales,CostOfSales
6264,S100X6CU,3548182000.0,11403403000.0,7855220000.0,direct_gross_profit,GrossProfit,NetSales,CostOfSales
6265,S100XUYZ,1012558000.0,1982229000.0,969670000.0,direct_gross_profit,GrossProfit,NetSales,CostOfSales
6266,S100XS15,10758701000.0,35428641000.0,24669939000.0,direct_gross_profit,GrossProfit,NetSales,CostOfSales
6267,S100WWCW,3107026000.0,10108411000.0,7001385000.0,direct_gross_profit,GrossProfit,NetSales,CostOfSales
6268,S100XTOY,93781000000.0,177112000000.0,148041000000.0,direct_gross_profit,GrossProfitIFRS,NetSales,CostOfSales
6269,S100XU6C,558679000.0,4581232000.0,4022553000.0,direct_gross_profit,GrossProfitIFRS,RevenueIFRS,CostOfSalesIFRS
6272,S100W3X7,17793520000.0,39214430000.0,21420910000.0,direct_gross_profit,GrossProfit,NetSales,CostOfSales
6273,S100W777,363038000000.0,792108000000.0,429069000000.0,direct_gross_profit,GrossProfit,NetSales,CostOfSales
6276,S100XTP6,1007387000.0,2064763000.0,1057376000.0,direct_gross_profit,GrossProfit,NetSales,CostOfSales
6277,S100XB4O,27355000000.0,77994000000.0,50638000000.0,direct_gross_profit,GrossProfit,NetSales,CostOfSales
6278,S100XSU7,16084000000.0,40165000000.0,24080000000.0,direct_gross_profit,GrossProfit,NetSales,CostOfSales
6279,S100Y3PF,3204946000.0,21170251000.0,17965304000.0,direct_gross_profit,GrossProfit,NetSales,CostOfSales
6282,S100W5EY,23685000000.0,67604000000.0,43919000000.0,direct_gross_profit,GrossProfit,NetSales,CostOfSales
6284,S100XB87,20581000000.0,43654000000.0,23073000000.0,direct_gross_profit,GrossProfit,NetSales,CostOfSales
6286,S100W3WA,8811310000.0,40099518000.0,31288207000.0,direct_gross_profit,GrossProfit,NetSales,CostOfSales
6287,S100W2WD,63470000000.0,154807000000.0,91336000000.0,direct_gross_profit,GrossProfit,NetSales,CostOfSales
6289,S100X6JF,10129000000.0,26337000000.0,16207000000.0,direct_gross_profit,GrossProfit,NetSales,CostOfSales
6291,S100XUPZ,3600873000.0,14151101000.0,10561461000.0,direct_gross_profit,GrossProfit,NetSales,CostOfSales
6292,S100W622,6254794000.0,20766991000.0,14512197000.0,direct_gross_profit,GrossProfit,NetSales,CostOfSales
6294,S100VYA7,7858678000.0,26582659000.0,18723980000.0,direct_gross_profit,GrossProfit,NetSales,CostOfSales
6298,S100W3D6,6556000000.0,23041000000.0,16485000000.0,direct_gross_profit,GrossProfit,NetSales,CostOfSales
6301,S100VXAI,323729000000.0,1143406000000.0,819677000000.0,direct_gross_profit,GrossProfit,NetSales,CostOfSales
6302,S100XT1R,260898000000.0,1066881000000.0,805983000000.0,direct_gross_profit,GrossProfit,NetSales,CostOfSales
6305,S100W3QI,428644000000.0,1371285000000.0,942641000000.0,direct_gross_profit,GrossProfitIFRS,RevenueIFRS,CostOfSalesIFRS
6306,S100W1KG,13992000000.0,49162000000.0,35169000000.0,direct_gross_profit,GrossProfit,NetSales,CostOfSales
6307,S100W9BZ,1353705000.0,5781584000.0,4427879000.0,direct_gross_profit,GrossProfit,NetSales,CostOfSales
6309,S100XHQ6,14987994000.0,59365470000.0,44377476000.0,direct_gross_profit,GrossProfit,NetSales,CostOfSales
6310,S100XTT5,55666000000.0,185770000000.0,130103000000.0,direct_gross_profit,GrossProfit,NetSales,CostOfSales
6315,S100W53I,19907008000.0,53479205000.0,33572197000.0,direct_gross_profit,GrossProfit,NetSales,CostOfSales
6316,S100XAQD,10621000000.0,41266000000.0,30645000000.0,direct_gross_profit,GrossProfit,NetSales,CostOfSales
6317,S100VYLC,9109000000.0,57280000000.0,48170000000.0,direct_gross_profit,GrossProfit,NetSales,CostOfSales
6322,S100VYQY,5190796000.0,11119396000.0,5928600000.0,direct_gross_profit,GrossProfit,NetSales,CostOfSales
6323,S100Y5GM,52652000000.0,128794000000.0,76142000000.0,direct_gross_profit,GrossProfit,NetSales,CostOfSales
6324,S100VZ4X,14854345000.0,55645940000.0,40791594000.0,direct_gross_profit,GrossProfit,NetSales,CostOfSales
6325,S100W5DL,2101774000.0,7007958000.0,4906184000.0,direct_gross_profit,GrossProfit,NetSales,CostOfSales
6326,S100XR0M,244439000000.0,1235834000000.0,2134577000000.0,direct_gross_profit,GrossProfit,NetSales,CostOfSalesIFRS
6327,S100WQMF,1362602000.0,6227215000.0,4864613000.0,direct_gross_profit,GrossProfit,NetSales,CostOfSales
6328,S100XPJL,13927000000.0,41211000000.0,27283000000.0,direct_gross_profit,GrossProfit,NetSales,CostOfSales
6330,S100W4SP,26088000000.0,278091000000.0,252003000000.0,direct_gross_profit,GrossProfitOnCompletedConstructionContractsCNS,NetSalesOfCompletedConstructionContractsCNS,CostOfSalesOfCompletedConstructionContractsCNS
6331,S100W7X6,13206000000.0,59202000000.0,45995000000.0,direct_gross_profit,GrossProfit,NetSales,CostOfSales
6332,S100W02L,28851000000.0,139235000000.0,110384000000.0,direct_gross_profit,GrossProfit,NetSales,CostOfSales
6333,S100W3G6,13885646000.0,30546287000.0,16660641000.0,direct_gross_profit,GrossProfit,NetSales,CostOfSales
6334,S100W4CK,1519427000.0,6511496000.0,4992068000.0,direct_gross_profit,GrossProfit,NetSales,CostOfSales
6335,S100W3ZL,1887971000.0,7401882000.0,5513910000.0,direct_gross_profit,GrossProfit,NetSales,CostOfSales
6336,S100Y0EE,3629000000.0,15651000000.0,12021000000.0,direct_gross_profit,GrossProfit,NetSales,CostOfSales
6337,S100W5LZ,2257000000.0,5892000000.0,3634000000.0,direct_gross_profit,GrossProfit,NetSales,CostOfSales
6338,S100XBFK,2369099000.0,7330581000.0,4961481000.0,direct_gross_profit,GrossProfit,NetSales,CostOfSales
6339,S100W29W,42714000000.0,150224000000.0,107510000000.0,direct_gross_profit,GrossProfit,NetSales,CostOfSales
6340,S100WQN6,25206000000.0,129017000000.0,103810000000.0,direct_gross_profit,GrossProfit,NetSales,CostOfSales
6342,S100W4LI,2251341000.0,7855530000.0,5604188000.0,direct_gross_profit,GrossProfit,NetSales,CostOfSales
6343,S100W2YD,3667226000.0,6971719000.0,3304492000.0,direct_gross_profit,GrossProfit,NetSales,CostOfSales
6345,S100VX3M,13053839000.0,59306955000.0,46253116000.0,direct_gross_profit,GrossProfit,NetSales,CostOfSales
6346,S100W95I,2339634000.0,5533700000.0,,direct_gross_profit,GrossProfit,NetSales,
6347,S100W7V7,575611000.0,2227703000.0,1652092000.0,direct_gross_profit,GrossProfit,NetSales,CostOfSales
6349,S100VYJU,39491000000.0,111050000000.0,71559000000.0,direct_gross_profit,GrossProfit,NetSales,CostOfSales
6351,S100W6PA,26152000000.0,68058000000.0,41905000000.0,direct_gross_profit,GrossProfit,NetSales,CostOfSales
6356,S100W2KW,4265819000.0,9555548000.0,,direct_gross_profit,GrossProfit,NetSales,
6357,S100W47W,18239381000.0,61861600000.0,43622218000.0,direct_gross_profit,GrossProfit,NetSales,CostOfSales
6358,S100W9E1,7674595000.0,27854055000.0,20179460000.0,direct_gross_profit,GrossProfit,NetSales,CostOfSales
6360,S100W33R,3725604000.0,12890103000.0,9164499000.0,direct_gross_profit,GrossProfit,NetSales,CostOfSales
6361,S100XS6E,311944000000.0,958285000000.0,646341000000.0,direct_gross_profit,GrossProfitIFRS,RevenueIFRS,CostOfSalesIFRS
6363,S100W11V,23542000000.0,86501000000.0,62959000000.0,direct_gross_profit,GrossProfit,NetSales,CostOfSales
6364,S100W3M7,14671213000.0,54827987000.0,40156773000.0,direct_gross_profit,GrossProfit,NetSales,CostOfSales
6365,S100W47A,7326000000.0,28077000000.0,20750000000.0,direct_gross_profit,GrossProfit,NetSales,CostOfSales
6366,S100W258,42319000000.0,456969000000.0,414650000000.0,direct_gross_profit,GrossProfitOnCompletedConstructionContractsCNS,NetSalesOfCompletedConstructionContractsCNS,CostOfSalesOfCompletedConstructionContractsCNS
6367,S100W3XO,1626688000000.0,4752335000000.0,3125646000000.0,direct_gross_profit,GrossProfit,NetSales,CostOfSales
6368,S100W6CP,55182000000.0,163269000000.0,108087000000.0,direct_gross_profit,GrossProfit,NetSales,CostOfSales
6369,S100W5UY,13241000000.0,60474000000.0,47232000000.0,direct_gross_profit,GrossProfit,NetSales,CostOfSales
6370,S100W5YW,148086000000.0,408888000000.0,260801000000.0,direct_gross_profit,GrossProfitIFRS,RevenueIFRS,CostOfSalesIFRS
6371,S100W70D,82182000000.0,279193000000.0,197010000000.0,direct_gross_profit,GrossProfit,NetSales,CostOfSales
6376,S100XU3R,65013000000.0,215642000000.0,150629000000.0,direct_gross_profit,GrossProfitIFRS,RevenueIFRS,CostOfSalesIFRS
6378,S100W6OW,5809000000.0,26431000000.0,20622000000.0,direct_gross_profit,GrossProfit,NetSales,CostOfSales
6379,S100W2AC,18926000000.0,157371000000.0,138445000000.0,direct_gross_profit,GrossProfitOnCompletedConstructionContractsCNS,NetSalesOfCompletedConstructionContractsCNS,CostOfSalesOfCompletedConstructionContractsCNS
6380,S100W9U3,784602000.0,4055683000.0,3271080000.0,direct_gross_profit,GrossProfit,NetSales,CostOfSales
6381,S100W3EW,25320000000.0,54411000000.0,29091000000.0,direct_gross_profit,GrossProfit,NetSales,CostOfSales
6382,S100W1YQ,8255458000.0,40217018000.0,31961559000.0,direct_gross_profit,GrossProfit,NetSales,CostOfSales
6383,S100XT4W,161651000000.0,660724000000.0,499073000000.0,direct_gross_profit,GrossProfit,NetSales,CostOfSales
6384,S100W5GW,2677722000.0,8480131000.0,5802408000.0,direct_gross_profit,GrossProfit,NetSales,CostOfSales
6387,S100WVTP,4668515000.0,9342282000.0,,direct_gross_profit,GrossProfit,NetSales,
6390,S100W60C,8599000000.0,52932000000.0,44332000000.0,direct_gross_profit,GrossProfit,NetSales,CostOfSales
6391,S100W6PW,2035174000.0,7003943000.0,4968769000.0,direct_gross_profit,GrossProfit,NetSales,CostOfSales
6392,S100W643,6322285000.0,14628739000.0,8306454000.0,direct_gross_profit,GrossProfit,NetSales,CostOfSales
6393,S100W1YK,8876067000.0,33496199000.0,24620132000.0,direct_gross_profit,GrossProfit,NetSales,CostOfSales
6395,S100XQP3,93195000000.0,349477000000.0,256282000000.0,direct_gross_profit,GrossProfit,NetSales,CostOfSales
6396,S100W3TZ,1189960000.0,4954532000.0,3764572000.0,direct_gross_profit,GrossProfit,NetSales,CostOfSales
6400,S100XUJ9,1801021000.0,8719263000.0,6918242000.0,direct_gross_profit,GrossProfit,NetSales,CostOfSales
6402,S100VY7C,3199981000.0,13300759000.0,10100777000.0,direct_gross_profit,GrossProfit,NetSales,CostOfSales
6403,S100W7FM,6065000000.0,25966000000.0,19900000000.0,direct_gross_profit,GrossProfit,NetSales,CostOfSales
6405,S100W25F,7864122000.0,15568092000.0,7703970000.0,direct_gross_profit,GrossProfit,NetSales,CostOfSales
6407,S100VYR7,45199000000.0,155634000000.0,110434000000.0,direct_gross_profit,GrossProfit,NetSales,CostOfSales
6408,S100W782,6747000000.0,43907000000.0,37160000000.0,direct_gross_profit,GrossProfit,NetSales,CostOfSales
6412,S100W6V8,52490000000.0,145867000000.0,93377000000.0,direct_gross_profit,GrossProfit,NetSales,CostOfSales
6413,S100W02P,47029000000.0,78723000000.0,31693000000.0,direct_gross_profit,GrossProfit,NetSales,CostOfSales
6417,S100W45V,112328000000.0,191821000000.0,79492000000.0,direct_gross_profit,GrossProfit,NetSales,CostOfSales
6418,S100W33L,15341146000.0,37815935000.0,22474788000.0,direct_gross_profit,GrossProfit,NetSales,CostOfSales
6419,S100W51N,20848320000.0,42250771000.0,21402450000.0,direct_gross_profit,GrossProfit,NetSales,CostOfSales
6420,S100W2X9,36098000000.0,130639000000.0,94541000000.0,direct_gross_profit,GrossProfit,NetSales,CostOfSales
6424,S100W4ME,4344967000.0,15391532000.0,11046564000.0,direct_gross_profit,GrossProfit,NetSales,CostOfSales
6425,S100XVDD,71980000000.0,122827000000.0,50846000000.0,direct_gross_profit,GrossProfit,NetSales,CostOfSales
6428,S100W6FB,6363876000.0,20113318000.0,13749441000.0,direct_gross_profit,GrossProfit,NetSales,CostOfSales
6430,S100W7Y5,26693087000.0,57415710000.0,30722622000.0,direct_gross_profit,GrossProfit,NetSales,CostOfSales
6432,S100Y78J,56186000000.0,225284000000.0,169098000000.0,direct_gross_profit,GrossProfit,NetSales,CostOfSales
6433,S100W2C1,333894000.0,2245026000.0,1911132000.0,direct_gross_profit,GrossProfit,NetSales,CostOfSales
6436,S100W7VL,78909000000.0,175423000000.0,96514000000.0,direct_gross_profit,GrossProfit,NetSales,CostOfSales
6440,S100XSJU,26174000000.0,88761000000.0,62587000000.0,direct_gross_profit,GrossProfit,NetSales,CostOfSales
6444,S100XUJB,28200000000.0,190875000000.0,162675000000.0,direct_gross_profit,GrossProfit,NetSales,CostOfSales
6445,S100W2GY,15040000000.0,36340000000.0,21300000000.0,direct_gross_profit,GrossProfit,NetSales,CostOfSales
6448,S100W0FQ,381589000000.0,876558000000.0,494968000000.0,direct_gross_profit,GrossProfitIFRS,RevenueIFRS,CostOfSalesIFRS
6454,S100W305,43900000000.0,91839000000.0,47938000000.0,direct_gross_profit,GrossProfit,NetSales,CostOfSales
6455,S100VZZM,30467000000.0,111743000000.0,81276000000.0,direct_gross_profit,GrossProfit,NetSales,CostOfSales
6457,S100W091,156182000000.0,369017000000.0,212834000000.0,direct_gross_profit,GrossProfit,NetSales,CostOfSales
6458,S100VO1N,21797000000.0,57005000000.0,35208000000.0,direct_gross_profit,GrossProfit,NetSales,CostOfSales
6459,S100XU5A,26332325000.0,46919738000.0,20587412000.0,direct_gross_profit,GrossProfit,NetSales,CostOfSales
6460,S100W28S,192708000000.0,428948000000.0,236240000000.0,direct_gross_profit,GrossProfit,NetSales,CostOfSales
6463,S100VZYJ,40892000000.0,192494000000.0,151601000000.0,direct_gross_profit,GrossProfit,NetSales,CostOfSales
6464,S100XTLM,3247000000.0,69837000000.0,66590000000.0,direct_gross_profit,GrossProfitIFRS,RevenueIFRS,CostOfSalesIFRS
6465,S100XSOT,181441000000.0,485890000000.0,304449000000.0,direct_gross_profit,GrossProfit,NetSales,CostOfSales
6466,S100XBK6,2539861000.0,10183746000.0,7643885000.0,direct_gross_profit,GrossProfit,NetSales,CostOfSales
6467,S100W0VR,2321537000.0,11602714000.0,9281176000.0,direct_gross_profit,GrossProfit,NetSales,CostOfSales
6469,S100Y5TC,3626713000.0,14312812000.0,10686098000.0,direct_gross_profit,GrossProfit,NetSales,CostOfSales
6470,S100VZ5A,15837000000.0,112789000000.0,96952000000.0,direct_gross_profit,GrossProfit,NetSales,CostOfSales
6471,S100W12Z,172783000000.0,383802000000.0,623883000000.0,direct_gross_profit,GrossProfitIFRS,NetSales,CostOfSalesIFRS
6472,S100W1RK,141366000000.0,825587000000.0,684221000000.0,direct_gross_profit,GrossProfit,NetSales,CostOfSales
6473,S100W1C3,281291000000.0,1884397000000.0,1603106000000.0,direct_gross_profit,GrossProfitIFRS,RevenueIFRS,CostOfSalesIFRS
6474,S100XMRN,52949000000.0,235903000000.0,182954000000.0,direct_gross_profit,GrossProfit,NetSales,CostOfSales
6479,S100W5ZE,270402000000.0,867651000000.0,1252301000000.0,direct_gross_profit,GrossProfitIFRS,NetSales,CostOfSalesIFRS
6480,S100VXN8,17122000000.0,54384000000.0,37261000000.0,direct_gross_profit,GrossProfit,NetSales,CostOfSales
6481,S100XRWN,70495000000.0,240444000000.0,169949000000.0,direct_gross_profit,GrossProfitIFRS,RevenueIFRS,CostOfSalesIFRS
6482,S100W49K,10766979000.0,26126713000.0,15359734000.0,direct_gross_profit,GrossProfit,NetSales,CostOfSales
6484,S100W1OY,7605969000.0,29648936000.0,22042966000.0,direct_gross_profit,GrossProfit,NetSales,CostOfSales
6485,S100W5C8,9797000000.0,31957000000.0,22160000000.0,direct_gross_profit,GrossProfit,NetSales,CostOfSales
6486,S100W2GM,39647000000.0,168172000000.0,128525000000.0,direct_gross_profit,GrossProfit,NetSales,CostOfSales
6488,S100VYWX,3919294000.0,9843323000.0,5924028000.0,direct_gross_profit,GrossProfit,NetSales,CostOfSales
6489,S100WKXB,11265000000.0,37499000000.0,26234000000.0,direct_gross_profit,GrossProfit,NetSales,CostOfSales
6490,S100VZQK,22424000000.0,57988000000.0,35563000000.0,direct_gross_profit,GrossProfit,NetSales,CostOfSales
6492,S100XBYD,2455000000.0,7006000000.0,4551000000.0,direct_gross_profit,GrossProfit,NetSales,CostOfSales
6493,S100W1BA,6622785000.0,51446480000.0,44823694000.0,direct_gross_profit,GrossProfit,NetSales,CostOfSales
6494,S100W6WX,588985000.0,2082243000.0,1493258000.0,direct_gross_profit,GrossProfit,NetSales,CostOfSales
6495,S100W3CI,1044919000.0,6785681000.0,5740762000.0,direct_gross_profit,GrossProfit,NetSales,CostOfSales
6496,S100WLJD,4125742000.0,23768125000.0,19642382000.0,direct_gross_profit,GrossProfit,NetSales,CostOfSales
6497,S100XUXN,2493682000.0,12715003000.0,10221321000.0,direct_gross_profit,GrossProfit,NetSales,CostOfSales
6498,S100XS6X,46961000000.0,176682000000.0,129720000000.0,direct_gross_profit,GrossProfit,NetSales,CostOfSales
6501,S100W56G,2820843000000.0,9783370000000.0,6962527000000.0,direct_gross_profit,GrossProfitIFRS,RevenueIFRS,CostOfSalesIFRS
6503,S100W0EM,528927000000.0,2070072000000.0,3829496000000.0,direct_gross_profit,GrossProfit,NetSales,CostOfSalesIFRS
6504,S100W178,317901000000.0,1123407000000.0,805505000000.0,direct_gross_profit,GrossProfit,NetSales,CostOfSales
6505,S100WL6X,10603000000.0,40539000000.0,29936000000.0,direct_gross_profit,GrossProfit,NetSales,CostOfSales
6506,S100Y69H,191236000000.0,542122000000.0,350885000000.0,direct_gross_profit,GrossProfitIFRS,RevenueIFRS,CostOfSalesIFRS
6507,S100W773,31855000000.0,119150000000.0,87294000000.0,direct_gross_profit,GrossProfit,NetSales,CostOfSales
6508,S100W34Y,81592000000.0,301101000000.0,219509000000.0,direct_gross_profit,GrossProfit,NetSales,CostOfSales
6513,S100W8OU,6654126000.0,28803206000.0,22149079000.0,direct_gross_profit,GrossProfit,NetSales,CostOfSales
6516,S100VZAX,25125000000.0,97847000000.0,72721000000.0,direct_gross_profit,GrossProfitIFRS,RevenueIFRS,CostOfSalesIFRS
6517,S100VTO2,17790000000.0,70753000000.0,52963000000.0,direct_gross_profit,GrossProfit,NetSales,CostOfSales
6518,S100VZWU,2589263000.0,16029586000.0,13440323000.0,direct_gross_profit,GrossProfit,NetSales,CostOfSales
6521,S100Y5QW,3369491000.0,10040393000.0,6670902000.0,direct_gross_profit,GrossProfit,NetSales,CostOfSales
6522,S100X66T,621577000.0,1666306000.0,1044729000.0,direct_gross_profit,GrossProfit,NetSales,CostOfSales
6523,S100W5A5,166224000000.0,361593000000.0,195369000000.0,direct_gross_profit,GrossProfitIFRS,RevenueIFRS,CostOfSalesIFRS
6524,S100XT3K,7611000000.0,17454000000.0,9842000000.0,direct_gross_profit,GrossProfit,NetSales,CostOfSales
6525,S100W60T,101743000000.0,238933000000.0,137190000000.0,direct_gross_profit,GrossProfitIFRS,RevenueIFRS,CostOfSalesIFRS
6526,S100W3DR,103919000000.0,188535000000.0,84616000000.0,direct_gross_profit,GrossProfit,NetSales,CostOfSales
6532,S100Y69G,83986000000.0,148332000000.0,64346000000.0,direct_gross_profit,GrossProfitIFRS,RevenueIFRS,CostOfSalesIFRS
6533,S100XTR2,6901886000.0,15768184000.0,8866298000.0,direct_gross_profit,GrossProfitIFRS,RevenueIFRS,CostOfSalesIFRS
6535,S100WW4T,21500000000.0,21528000000.0,28000000.0,direct_gross_profit,GrossProfit,NetSales,CostOfSales
6537,S100XVE0,799000000.0,2529000000.0,1730000000.0,direct_gross_profit,GrossProfit,NetSales,CostOfSales
6538,S100W5IN,2846000000.0,4294000000.0,1448000000.0,direct_gross_profit,GrossProfit,NetSales,CostOfSales
6539,S100W3KW,5922516000.0,7474012000.0,1551496000.0,direct_gross_profit,GrossProfit,NetSales,CostOfSales
6540,S100XTA7,6088871000.0,32831820000.0,26742949000.0,direct_gross_profit,GrossProfit,NetSales,CostOfSales
6543,S100Y6L2,1700738000.0,6481269000.0,4780531000.0,direct_gross_profit,GrossProfit,NetSales,CostOfSales
6544,S100W1YP,18762000000.0,49375000000.0,30613000000.0,direct_gross_profit,GrossProfit,NetSales,CostOfSales
6545,S100W4X4,2043673000.0,5161692000.0,3118018000.0,direct_gross_profit,GrossProfit,NetSales,CostOfSales
6546,S100XURA,4729691000.0,13566729000.0,8837037000.0,direct_gross_profit,GrossProfit,NetSales,CostOfSales
6547,S100WQPA,16453000000.0,49645000000.0,33192000000.0,direct_gross_profit,GrossProfit,NetSales,CostOfSales
6548,S100WY01,909191000.0,3722853000.0,2813662000.0,direct_gross_profit,GrossProfit,NetSales,CostOfSales
6549,S100W7MV,3329050000.0,21155962000.0,17826912000.0,direct_gross_profit,GrossProfit,NetSales,CostOfSales
6551,S100XCA9,7970242000.0,18269126000.0,10298883000.0,direct_gross_profit,GrossProfit,NetSales,CostOfSales
6552,S100WLAB,1226896000.0,3451913000.0,2225016000.0,direct_gross_profit,GrossProfit,NetSales,CostOfSales
6554,S100XBSY,3914000000.0,15015000000.0,11100000000.0,direct_gross_profit,GrossProfit,NetSales,CostOfSales
6555,S100Y6L3,866602000.0,2584946000.0,1718344000.0,direct_gross_profit,GrossProfitIFRS,RevenueIFRS,CostOfSalesIFRS
6557,S100W3O4,2138271000.0,13071341000.0,10933069000.0,direct_gross_profit,GrossProfit,NetSales,CostOfSales
6558,S100XNDX,1773872000.0,2860676000.0,1086803000.0,direct_gross_profit,GrossProfit,NetSales,CostOfSales
6560,S100XRW4,6092000000.0,17101000000.0,11008000000.0,direct_gross_profit,GrossProfit,NetSales,CostOfSales
6561,S100XU2F,5717599000.0,7180131000.0,1462531000.0,direct_gross_profit,GrossProfit,NetSales,CostOfSales
6562,S100W8X4,8807401000.0,11321923000.0,2514521000.0,direct_gross_profit,GrossProfitIFRS,RevenueIFRS,CostOfSalesIFRS
6563,S100XBZI,2840651000.0,11144579000.0,8303927000.0,direct_gross_profit,GrossProfit,NetSales,CostOfSales
6564,S100W9T0,6824322000.0,10905457000.0,4081134000.0,direct_gross_profit,GrossProfit,NetSales,CostOfSales
6565,S100W5JY,4625856000.0,10679046000.0,6053189000.0,direct_gross_profit,GrossProfit,NetSales,CostOfSales
6566,S100W1QP,3372682000.0,14506733000.0,11134050000.0,direct_gross_profit,GrossProfit,NetSales,CostOfSales
6568,S100VV73,2320697000.0,8178920000.0,5858223000.0,direct_gross_profit,GrossProfit,NetSales,CostOfSales
6570,S100W6S2,8866775000.0,16705339000.0,7838564000.0,direct_gross_profit,GrossProfit,NetSales,CostOfSales
6571,S100WQ4P,5719000000.0,25543000000.0,19823000000.0,direct_gross_profit,GrossProfitIFRS,RevenueIFRS,CostOfSalesIFRS
6572,S100Y69Y,5661799000.0,8148088000.0,2486289000.0,direct_gross_profit,GrossProfit,NetSales,CostOfSales
6573,S100XURW,56099000.0,546224000.0,490124000.0,direct_gross_profit,GrossProfit,NetSales,CostOfSales
6574,S100W828,1288572000.0,3240603000.0,1952031000.0,direct_gross_profit,GrossProfitIFRS,RevenueIFRS,CostOfSalesIFRS
6577,S100WW3R,506911000.0,2543844000.0,2036933000.0,direct_gross_profit,GrossProfit,NetSales,CostOfSales
6578,S100Y78X,5348654000.0,6685077000.0,1336422000.0,direct_gross_profit,GrossProfit,NetSales,CostOfSales
6579,S100W7GV,284050000.0,1605189000.0,1321138000.0,direct_gross_profit,GrossProfit,NetSales,CostOfSales
6580,S100W8HB,3231883000.0,4003770000.0,771887000.0,direct_gross_profit,GrossProfit,NetSales,CostOfSales
6584,S100W2OY,22770000000.0,159538000000.0,136767000000.0,direct_gross_profit,GrossProfit,NetSales,CostOfSales
6586,S100W2Z1,271426000000.0,753130000000.0,481704000000.0,direct_gross_profit,GrossProfitIFRS,RevenueIFRS,CostOfSalesIFRS
6588,S100VZTW,227829000000.0,577023000000.0,349193000000.0,direct_gross_profit,GrossProfit,NetSales,CostOfSales
6590,S100VXZA,31463000000.0,80915000000.0,49451000000.0,direct_gross_profit,GrossProfit,NetSales,CostOfSales
6592,S100XUAX,59793000000.0,200417000000.0,140624000000.0,direct_gross_profit,GrossProfit,NetSales,CostOfSales
6594,S100WRH7,536421000000.0,253299000000.0,2071392000000.0,direct_gross_profit,GrossProfitIFRS,NetSales,CostOfSalesIFRS
6597,S100WS3O,2103107000.0,7064432000.0,4961325000.0,direct_gross_profit,GrossProfit,NetSales,CostOfSales
6599,S100W76K,864492000.0,4025988000.0,3161495000.0,direct_gross_profit,GrossProfit,NetSales,CostOfSales
6612,S100XTCP,3307000000.0,10115000000.0,6808000000.0,direct_gross_profit,GrossProfit,NetSales,CostOfSales
6613,S100W0Q4,443855000.0,1308870000.0,865014000.0,direct_gross_profit,GrossProfit,NetSales,CostOfSales
6614,S100W4H8,1295893000.0,6516011000.0,,direct_gross_profit,GrossProfit,NetSales,
6615,S100W9P7,7570000000.0,131938000000.0,124368000000.0,direct_gross_profit,GrossProfit,NetSales,CostOfSales
6616,S100W3DN,5272244000.0,23957700000.0,18685456000.0,direct_gross_profit,GrossProfit,NetSales,CostOfSales
6617,S100W7GC,25465000000.0,106624000000.0,81159000000.0,direct_gross_profit,GrossProfit,NetSales,CostOfSales
6619,S100XZF3,-3974000000.0,3630000000.0,7605000000.0,direct_gross_profit,GrossProfit,NetSales,CostOfSales
6620,S100W6EQ,822000000.0,1030000000.0,,direct_gross_profit,OperatingGrossProfit,OperatingRevenue1,
6622,S100W3VQ,63860000000.0,226375000000.0,162515000000.0,direct_gross_profit,GrossProfit,NetSales,CostOfSales
6625,S100W5IE,3478180000.0,6859010000.0,3380829000.0,direct_gross_profit,GrossProfit,NetSales,CostOfSales
6626,S100W5QS,9791505000.0,25334323000.0,15542817000.0,direct_gross_profit,GrossProfit,NetSales,CostOfSales
6627,S100XTOJ,11776992000.0,41746379000.0,29969387000.0,direct_gross_profit,GrossProfit,NetSales,CostOfSales
6629,S100W8WL,10353624000.0,50624704000.0,40271079000.0,direct_gross_profit,GrossProfit,NetSales,CostOfSales
6630,S100XSSJ,9539000000.0,17246000000.0,7706000000.0,direct_gross_profit,GrossProfit,NetSales,CostOfSales
6632,S100W20P,118940000000.0,370308000000.0,251367000000.0,direct_gross_profit,GrossProfitIFRS,RevenueIFRS,CostOfSalesIFRS
6633,S100XRYC,3072253000.0,4982129000.0,1909876000.0,direct_gross_profit,GrossProfit,NetSales,CostOfSales
6634,S100XN0W,1482950000.0,3562181000.0,2079231000.0,direct_gross_profit,GrossProfit,NetSales,CostOfSales
6635,S100XUDS,3875246000.0,36954622000.0,33079375000.0,direct_gross_profit,GrossProfit,NetSales,CostOfSales
6637,S100W8UK,16027204000.0,56404866000.0,40377661000.0,direct_gross_profit,GrossProfit,NetSales,CostOfSales
6638,S100VZ0Z,39124418000.0,83963694000.0,44839276000.0,direct_gross_profit,GrossProfit,NetSales,CostOfSales
6643,S100W8GJ,7173590000.0,27648124000.0,20474533000.0,direct_gross_profit,GrossProfit,NetSales,CostOfSales
6644,S100W1AX,23442000000.0,97102000000.0,73660000000.0,direct_gross_profit,GrossProfit,NetSales,CostOfSales
6645,S100W20H,75260000000.0,254027000000.0,178767000000.0,direct_gross_profit,GrossProfit,NetSales,CostOfSales
6647,S100W5YG,1864692000.0,9212733000.0,7348041000.0,direct_gross_profit,GrossProfit,NetSales,CostOfSales
6648,S100W5A3,8018339000.0,24218746000.0,,direct_gross_profit,GrossProfit,NetSales,
6651,S100W6YI,49419000000.0,184683000000.0,135264000000.0,direct_gross_profit,GrossProfit,NetSales,CostOfSales
6652,S100VZNE,29437000000.0,67380000000.0,37943000000.0,direct_gross_profit,GrossProfit,NetSales,CostOfSales
6653,S100XU9B,5951000000.0,31380000000.0,25428000000.0,direct_gross_profit,GrossProfit,NetSales,CostOfSales
6654,S100XZWO,1232661000.0,3777945000.0,2545283000.0,direct_gross_profit,GrossProfit,NetSales,CostOfSales
6656,S100WEBL,904687000.0,2237768000.0,,direct_gross_profit,GrossProfit,NetSales,
6658,S100W13C,5942000000.0,29337000000.0,23394000000.0,direct_gross_profit,GrossProfit,NetSales,CostOfSales
6659,S100W7PS,1562464000.0,2789756000.0,1227292000.0,direct_gross_profit,GrossProfit,NetSales,CostOfSales
6662,S100WRTP,348750000.0,1235570000.0,886819000.0,direct_gross_profit,GrossProfit,NetSales,CostOfSales
6663,S100XRF9,1124060000.0,3751667000.0,2627606000.0,direct_gross_profit,GrossProfit,NetSales,CostOfSales
6664,S100XNIW,2483075000.0,6772484000.0,4289408000.0,direct_gross_profit,GrossProfit,NetSales,CostOfSales
6666,S100W6CY,1262188000.0,5698619000.0,4436431000.0,direct_gross_profit,GrossProfit,NetSales,CostOfSales
6668,S100X6VA,4822000000.0,12680000000.0,7858000000.0,direct_gross_profit,GrossProfit,NetSales,CostOfSales
6670,S100W339,51675000000.0,207171000000.0,155495000000.0,direct_gross_profit,GrossProfit,NetSales,CostOfSales
6674,S100W35B,139481000000.0,580340000000.0,440859000000.0,direct_gross_profit,GrossProfit,NetSales,CostOfSales
6675,S100W1H6,13417000000.0,43971000000.0,30553000000.0,direct_gross_profit,GrossProfit,NetSales,CostOfSales
6676,S100W5CM,39366000000.0,143170000000.0,103804000000.0,direct_gross_profit,GrossProfit,NetSales,CostOfSales
6677,S100XB6O,6916469000.0,29187200000.0,22270730000.0,direct_gross_profit,GrossProfit,NetSales,CostOfSales
6678,S100W30O,4928362000.0,9905864000.0,,direct_gross_profit,GrossProfit,NetSales,
6694,S100XTUG,6471003000.0,17437011000.0,10966007000.0,direct_gross_profit,GrossProfit,NetSales,CostOfSales
6695,S100XII9,792162000.0,3609243000.0,2817081000.0,direct_gross_profit,GrossProfit,NetSales,CostOfSales
6696,S100Y0AL,222103000.0,485942000.0,263838000.0,direct_gross_profit,GrossProfit,NetSales,CostOfSales
6699,S100W7YU,13831000000.0,91724000000.0,77893000000.0,direct_gross_profit,GrossProfit,NetSales,CostOfSales
6701,S100VZ85,1060556000000.0,3423431000000.0,2362875000000.0,direct_gross_profit,GrossProfitIFRS,RevenueIFRS,CostOfSalesIFRS
6702,S100W1DS,1167978000000.0,3550116000000.0,2382138000000.0,direct_gross_profit,GrossProfitIFRS,RevenueIFRS,CostOfSalesIFRS
6703,S100W0R4,113361000000.0,452457000000.0,339096000000.0,direct_gross_profit,GrossProfit,NetSales,CostOfSales
6706,S100W1TK,7014000000.0,32582000000.0,25567000000.0,direct_gross_profit,GrossProfit,NetSales,CostOfSales
6707,S100W51U,24935000000.0,121619000000.0,96684000000.0,direct_gross_profit,GrossProfit,NetSales,CostOfSales
6718,S100W55W,27240000000.0,63316000000.0,36076000000.0,direct_gross_profit,GrossProfit,NetSales,CostOfSales
6721,S100XW0L,-491014000.0,429053000.0,920067000.0,direct_gross_profit,GrossProfit,NetSales,CostOfSales
6723,S100XR06,753792000000.0,1321212000000.0,567420000000.0,direct_gross_profit,GrossProfitIFRS,RevenueIFRS,CostOfSalesIFRS
6724,S100W55U,493026000000.0,1362944000000.0,869917000000.0,direct_gross_profit,GrossProfitIFRS,RevenueIFRS,CostOfSalesIFRS
6727,S100W3Z7,40145341000.0,115680799000.0,75535458000.0,direct_gross_profit,GrossProfit,NetSales,CostOfSales
6728,S100WQX1,79862000000.0,251184000000.0,171322000000.0,direct_gross_profit,GrossProfit,NetSales,CostOfSales
6730,S100VYP9,4388000000.0,15244000000.0,10856000000.0,direct_gross_profit,GrossProfit,NetSales,CostOfSales
6731,S100XCO8,276914000.0,1001129000.0,724214000.0,direct_gross_profit,GrossProfit,NetSales,CostOfSales
6736,S100W5C6,2835084000.0,10837189000.0,8002104000.0,direct_gross_profit,GrossProfit,NetSales,CostOfSales
6737,S100VZDT,26199000000.0,80493000000.0,54293000000.0,direct_gross_profit,GrossProfit,NetSales,CostOfSales
6740,S100W0PD,-9651000000.0,188012000000.0,197663000000.0,direct_gross_profit,GrossProfit,NetSales,CostOfSales
6741,S100VX5P,25679000000.0,106859000000.0,81180000000.0,direct_gross_profit,GrossProfit,NetSales,CostOfSales
6742,S100W346,18725000000.0,85367000000.0,66641000000.0,direct_gross_profit,GrossProfit,NetSales,CostOfSales
6743,S100W7U9,6037054000.0,21914135000.0,15877081000.0,direct_gross_profit,GrossProfit,NetSales,CostOfSales
6744,S100W3FC,46453000000.0,133696000000.0,87242000000.0,direct_gross_profit,GrossProfit,NetSales,CostOfSales
6745,S100W2KY,37153000000.0,100900000000.0,63747000000.0,direct_gross_profit,GrossProfit,NetSales,CostOfSales
6748,S100XVH2,6077363000.0,25385622000.0,19308258000.0,direct_gross_profit,GrossProfit,NetSales,CostOfSales
6750,S100W2TM,46189000000.0,118007000000.0,71817000000.0,direct_gross_profit,GrossProfit,NetSales,CostOfSales
6752,S100W0F3,2628616000000.0,292156000000.0,5829569000000.0,direct_gross_profit,GrossProfitIFRS,OperatingRevenue1,CostOfSalesIFRS
6753,S100W5F7,405708000000.0,2160146000000.0,1754437000000.0,direct_gross_profit,GrossProfit,NetSales,CostOfSales
6754,S100W3T4,54975000000.0,112979000000.0,58003000000.0,direct_gross_profit,GrossProfitIFRS,RevenueIFRS,CostOfSalesIFRS
6757,S100Y0OW,4814566000.0,8185210000.0,3370643000.0,direct_gross_profit,GrossProfit,NetSales,CostOfSales
6758,S100W19Q,447318000000.0,480922000000.0,8504810000000.0,direct_gross_profit,GrossProfit,OperatingRevenue1,CostOfSalesIFRS
6762,S100VZFD,688042000000.0,495235000000.0,1516764000000.0,direct_gross_profit,GrossProfitIFRS,NetSales,CostOfSalesIFRS
6763,S100W5M5,5329174000.0,16790040000.0,11460865000.0,direct_gross_profit,GrossProfit,NetSales,CostOfSales
6768,S100W1MH,30313000000.0,114051000000.0,83738000000.0,direct_gross_profit,GrossProfit,NetSales,CostOfSales
6769,S100XTHX,2285332000.0,4639402000.0,2354070000.0,direct_gross_profit,GrossProfit,NetSales,CostOfSales
6770,S100W240,175169000000.0,990407000000.0,815238000000.0,direct_gross_profit,GrossProfit,NetSales,CostOfSales
6771,S100W76Z,5911000000.0,20734000000.0,14823000000.0,direct_gross_profit,GrossProfit,NetSales,CostOfSales
6772,S100W8EQ,2922633000.0,10506474000.0,7583840000.0,direct_gross_profit,GrossProfit,NetSales,CostOfSales
6775,S100W94H,1336634000.0,2329863000.0,993228000.0,direct_gross_profit,GrossProfit,NetSales,CostOfSales
6776,S100W3DX,4275000000.0,27885000000.0,23610000000.0,direct_gross_profit,GrossProfit,NetSales,CostOfSales
6777,S100VZX9,14019627000.0,24026716000.0,10007088000.0,direct_gross_profit,GrossProfit,NetSales,CostOfSales
6778,S100WW7U,1656681000.0,2680911000.0,1024229000.0,direct_gross_profit,GrossProfit,NetSales,CostOfSales
6779,S100W12A,16063000000.0,44426000000.0,37000000000.0,direct_gross_profit,GrossProfitIFRS,NetSales,CostOfSalesIFRS
6785,S100WQD6,6925349000.0,33322765000.0,26397415000.0,direct_gross_profit,GrossProfit,NetSales,CostOfSales
6786,S100W3TE,493357000.0,1469510000.0,976153000.0,direct_gross_profit,GrossProfit,NetSales,CostOfSales
6787,S100W363,39775000000.0,206806000000.0,167030000000.0,direct_gross_profit,GrossProfit,NetSales,CostOfSales
6788,S100W12R,15436462000.0,22463830000.0,7027368000.0,direct_gross_profit,GrossProfit,NetSales,CostOfSales
6794,S100W437,24123000000.0,137607000000.0,113484000000.0,direct_gross_profit,GrossProfit,NetSales,CostOfSales
6797,S100W0Z2,5907924000.0,17262298000.0,11354374000.0,direct_gross_profit,GrossProfit,NetSales,CostOfSales
6798,S100W1LQ,9250000000.0,48051000000.0,38800000000.0,direct_gross_profit,GrossProfit,NetSales,CostOfSales
6800,S100W2TG,15705000000.0,82884000000.0,67178000000.0,direct_gross_profit,GrossProfit,NetSales,CostOfSales
6803,S100W2OM,6796000000.0,15668000000.0,8872000000.0,direct_gross_profit,GrossProfitIFRS,RevenueIFRS,CostOfSalesIFRS
6804,S100W3F7,23148000000.0,247571000000.0,224422000000.0,direct_gross_profit,GrossProfit,NetSales,CostOfSales
6806,S100W2RH,85372000000.0,189420000000.0,104048000000.0,direct_gross_profit,GrossProfitIFRS,RevenueIFRS,CostOfSalesIFRS
6807,S100VXL0,42063000000.0,221644000000.0,179580000000.0,direct_gross_profit,GrossProfit,NetSales,CostOfSales
6809,S100W2P6,22483000000.0,50626000000.0,28142000000.0,direct_gross_profit,GrossProfit,NetSales,CostOfSales
6810,S100W4AH,33167000000.0,129806000000.0,96639000000.0,direct_gross_profit,GrossProfit,NetSales,CostOfSales
6814,S100Y3Q6,58338000000.0,140616000000.0,82278000000.0,direct_gross_profit,GrossProfit,NetSales,CostOfSales
6817,S100XQT8,20924000000.0,147194000000.0,126270000000.0,direct_gross_profit,GrossProfitIFRS,RevenueIFRS,CostOfSalesIFRS
6819,S100W86V,4380612000.0,5489630000.0,1109017000.0,direct_gross_profit,GrossProfit,NetSales,CostOfSales
6820,S100W2G0,16649000000.0,37468000000.0,20818000000.0,direct_gross_profit,GrossProfit,NetSales,CostOfSales
6822,S100W18N,5768411000.0,29046192000.0,23277781000.0,direct_gross_profit,GrossProfit,NetSales,CostOfSales
6823,S100W50Z,14062633000.0,27877879000.0,13815245000.0,direct_gross_profit,GrossProfit,NetSales,CostOfSales
6824,S100W5IX,19548293000.0,42153556000.0,22605263000.0,direct_gross_profit,GrossProfit,NetSales,CostOfSales
6832,S100W8K0,5210044000.0,34974678000.0,29764633000.0,direct_gross_profit,GrossProfit,NetSales,CostOfSales
6834,S100VYS0,7288033000.0,19982809000.0,12694776000.0,direct_gross_profit,GrossProfit,NetSales,CostOfSales
6835,S100XVFP,29275460000.0,49950064000.0,20674603000.0,direct_gross_profit,GrossProfit,NetSales,CostOfSales
6836,S100W60W,464952000.0,1167385000.0,702433000.0,direct_gross_profit,GrossProfit,NetSales,CostOfSales
6837,S100W92F,4662000000.0,26229000000.0,21566000000.0,direct_gross_profit,GrossProfit,NetSales,CostOfSales
6838,S100XHR9,1692864000.0,5587974000.0,3895110000.0,direct_gross_profit,GrossProfit,NetSales,CostOfSales
6840,S100W7J1,3869059000.0,18272045000.0,14402985000.0,direct_gross_profit,GrossProfit,NetSales,CostOfSales
6841,S100VY8X,267444000000.0,562404000000.0,294959000000.0,direct_gross_profit,GrossProfit,NetSales,CostOfSales
6844,S100W8PC,14352000000.0,105830000000.0,91478000000.0,direct_gross_profit,GrossProfit,NetSales,CostOfSales
6845,S100W1MM,131863000000.0,300378000000.0,168514000000.0,direct_gross_profit,GrossProfit,NetSales,CostOfSales
6848,S100W3O2,6303000000.0,18058000000.0,11755000000.0,direct_gross_profit,GrossProfit,NetSales,CostOfSales
6849,S100W1AR,117157000000.0,225424000000.0,108266000000.0,direct_gross_profit,GrossProfit,NetSales,CostOfSales
6850,S100W6AK,9366000000.0,29329000000.0,19962000000.0,direct_gross_profit,GrossProfit,NetSales,CostOfSales
6853,S100XSGM,6221941000.0,16272345000.0,10050404000.0,direct_gross_profit,GrossProfit,NetSales,CostOfSales
6855,S100W3ST,9458000000.0,23829000000.0,14370000000.0,direct_gross_profit,GrossProfit,NetSales,CostOfSales
6856,S100XSIJ,146359000000.0,333081000000.0,186722000000.0,direct_gross_profit,GrossProfit,NetSales,CostOfSales
6857,S100W4E8,445085000000.0,673095000000.0,334622000000.0,direct_gross_profit,GrossProfitIFRS,NetSales,CostOfSalesIFRS
6858,S100XR77,6135000000.0,13629000000.0,7493000000.0,direct_gross_profit,GrossProfit,NetSales,CostOfSales
6859,S100VYJK,23987000000.0,67288000000.0,43300000000.0,direct_gross_profit,GrossProfit,NetSales,CostOfSales
6861,S100VWNU,887700000000.0,1059145000000.0,171444000000.0,direct_gross_profit,GrossProfit,NetSales,CostOfSales
6862,S100W6ZV,4315382000.0,24540461000.0,20225079000.0,direct_gross_profit,GrossProfit,NetSales,CostOfSales
6863,S100W0SV,4499339000.0,10756978000.0,6257638000.0,direct_gross_profit,GrossProfit,NetSales,CostOfSales
6864,S100W49M,3255922000.0,9083365000.0,5827443000.0,direct_gross_profit,GrossProfit,NetSales,CostOfSales
6866,S100XNNG,20411372000.0,40531817000.0,20120444000.0,direct_gross_profit,GrossProfit,NetSales,CostOfSales
6867,S100W9EN,2574595000.0,4117038000.0,1542443000.0,direct_gross_profit,GrossProfit,NetSales,CostOfSales
6869,S100W5IV,271977000000.0,236780000000.0,236665000000.0,direct_gross_profit,GrossProfitIFRS,NetSales,CostOfSalesIFRS
6870,S100XU9W,4162642000.0,12909850000.0,8747207000.0,direct_gross_profit,GrossProfit,NetSales,CostOfSales
6871,S100XTD8,33804000000.0,70173000000.0,36368000000.0,direct_gross_profit,GrossProfit,NetSales,CostOfSales
6874,S100WQ31,7996069000.0,38246325000.0,30250256000.0,direct_gross_profit,GrossProfit,NetSales,CostOfSales
6875,S100VY08,7826311000.0,42326428000.0,34500117000.0,direct_gross_profit,GrossProfit,NetSales,CostOfSales
6877,S100XB5N,20355000000.0,61682000000.0,41327000000.0,direct_gross_profit,GrossProfit,NetSales,CostOfSales
6882,S100W3CS,6287000000.0,25440000000.0,19153000000.0,direct_gross_profit,GrossProfit,NetSales,CostOfSales
6888,S100WQFV,2308406000.0,6421748000.0,4113341000.0,direct_gross_profit,GrossProfit,NetSales,CostOfSales
6890,S100W6GJ,73361000000.0,274390000000.0,201029000000.0,direct_gross_profit,GrossProfit,NetSales,CostOfSales
6894,S100W2ND,943921000.0,2486548000.0,1542626000.0,direct_gross_profit,GrossProfit,NetSales,CostOfSales
6897,S100Y6EN,2133902000.0,8998865000.0,6864963000.0,direct_gross_profit,GrossProfit,NetSales,CostOfSales
6898,S100Y0O4,414738000.0,1603226000.0,1188487000.0,direct_gross_profit,GrossProfit,NetSales,CostOfSales
6899,S100VZBO,6381939000.0,65441375000.0,59059435000.0,direct_gross_profit,GrossProfit,NetSales,CostOfSales
6901,S100VZEP,3460000000.0,23601000000.0,20140000000.0,direct_gross_profit,GrossProfit,NetSales,CostOfSales
6902,S100VWHL,1102867000000.0,7161777000000.0,6058910000000.0,direct_gross_profit,GrossProfitIFRS,RevenueIFRS,CostOfSalesIFRS
6904,S100W8RQ,9234311000.0,44817176000.0,35582864000.0,direct_gross_profit,GrossProfit,NetSales,CostOfSales
6905,S100WGO2,7207616000.0,27052756000.0,19845139000.0,direct_gross_profit,GrossProfit,NetSales,CostOfSales
6907,S100W8CD,1537592000.0,5280866000.0,3743273000.0,direct_gross_profit,GrossProfit,NetSales,CostOfSales
6908,S100W0W0,17940000000.0,56332000000.0,38391000000.0,direct_gross_profit,GrossProfit,NetSales,CostOfSales
6912,S100W6HR,6960081000.0,13429290000.0,6469208000.0,direct_gross_profit,GrossProfit,NetSales,CostOfSales
6914,S100XU36,34291000000.0,65878000000.0,31587000000.0,direct_gross_profit,GrossProfit,NetSales,CostOfSales
6915,S100XT6S,10478000000.0,38042000000.0,27564000000.0,direct_gross_profit,GrossProfit,NetSales,CostOfSales
6918,S100VX5Q,3329242000.0,10980379000.0,7651136000.0,direct_gross_profit,GrossProfit,NetSales,CostOfSales
6919,S100W3IE,2936073000.0,11871771000.0,8935697000.0,direct_gross_profit,GrossProfit,NetSales,CostOfSales
6920,S100WQ7F,148256000000.0,251477000000.0,103220000000.0,direct_gross_profit,GrossProfit,NetSales,CostOfSales
6923,S100W0LQ,105672000000.0,509565000000.0,403892000000.0,direct_gross_profit,GrossProfit,NetSales,CostOfSales
6925,S100W6WA,62215000000.0,177616000000.0,115400000000.0,direct_gross_profit,GrossProfit,NetSales,CostOfSales
6926,S100W3JZ,906948000.0,9598649000.0,8691701000.0,direct_gross_profit,GrossProfit,NetSales,CostOfSales
6927,S100VYZK,3835852000.0,9869997000.0,6034145000.0,direct_gross_profit,GrossProfit,NetSales,CostOfSales
6928,S100W5C7,3147067000.0,26880395000.0,23733328000.0,direct_gross_profit,GrossProfit,NetSales,CostOfSales
6929,S100XTCV,8571000000.0,27325000000.0,18753000000.0,direct_gross_profit,GrossProfit,NetSales,CostOfSales
6932,S100W3D7,20820000000.0,53735000000.0,32915000000.0,direct_gross_profit,GrossProfit,NetSales,CostOfSales
6941,S100W32I,17500132000.0,45298813000.0,27798680000.0,direct_gross_profit,GrossProfit,NetSales,CostOfSales
6942,S100VYL7,3114807000.0,8360193000.0,5245385000.0,direct_gross_profit,GrossProfitIFRS,RevenueIFRS,CostOfSalesIFRS
6943,S100W6FX,3002226000.0,7564435000.0,4562209000.0,direct_gross_profit,GrossProfit,NetSales,CostOfSales
6946,S100W2D9,6637000000.0,20122000000.0,13484000000.0,direct_gross_profit,GrossProfit,NetSales,CostOfSales
6947,S100W07I,27923650000.0,40736294000.0,12812644000.0,direct_gross_profit,GrossProfit,NetSales,CostOfSales
6951,S100W5KW,92397000000.0,196695000000.0,104297000000.0,direct_gross_profit,GrossProfit,NetSales,CostOfSales
6952,S100W670,113396000000.0,261757000000.0,148361000000.0,direct_gross_profit,GrossProfit,NetSales,CostOfSales
6954,S100W6NX,294925000000.0,797129000000.0,502204000000.0,direct_gross_profit,GrossProfit,NetSales,CostOfSales
6955,S100W0YQ,11392000000.0,63171000000.0,51779000000.0,direct_gross_profit,GrossProfit,NetSales,CostOfSales
6958,S100W5CU,15568000000.0,95486000000.0,79918000000.0,direct_gross_profit,GrossProfit,NetSales,CostOfSales
6960,S100W6NZ,73816000000.0,139007000000.0,65190000000.0,direct_gross_profit,GrossProfit,NetSales,CostOfSales
6961,S100W6W5,17470000000.0,38069000000.0,20598000000.0,direct_gross_profit,GrossProfit,NetSales,CostOfSales
6962,S100W5YH,9325057000.0,38620931000.0,29295873000.0,direct_gross_profit,GrossProfit,NetSales,CostOfSales
6963,S100W2W6,74263000000.0,448466000000.0,374203000000.0,direct_gross_profit,GrossProfit,NetSales,CostOfSales
6964,S100W4M5,2053175000.0,16838185000.0,14785009000.0,direct_gross_profit,GrossProfit,NetSales,CostOfSales
6965,S100XAWU,101381000000.0,212051000000.0,110669000000.0,direct_gross_profit,GrossProfit,NetSales,CostOfSales
6966,S100XZDC,32187000000.0,218329000000.0,186141000000.0,direct_gross_profit,GrossProfit,NetSales,CostOfSales
6969,S100VZO2,1429743000.0,4545178000.0,3115435000.0,direct_gross_profit,GrossProfit,NetSales,CostOfSales
6971,S100W0VP,559174000000.0,802448000000.0,1455280000000.0,direct_gross_profit,GrossProfitIFRS,NetSales,CostOfSalesIFRS
6976,S100W3IP,71570000000.0,341438000000.0,269867000000.0,direct_gross_profit,GrossProfit,NetSales,CostOfSales
6977,S100XUGC,1268380000.0,5905941000.0,4637561000.0,direct_gross_profit,GrossProfit,NetSales,CostOfSales
6981,S100W2ZR,717702000000.0,1743352000000.0,1025650000000.0,direct_gross_profit,GrossProfitIFRS,RevenueIFRS,CostOfSalesIFRS
6982,S100W65H,514238000.0,4186015000.0,3671777000.0,direct_gross_profit,GrossProfit,NetSales,CostOfSales
6986,S100W5NX,8868000000.0,48116000000.0,39248000000.0,direct_gross_profit,GrossProfit,NetSales,CostOfSales
6988,S100VYH3,395513000000.0,1013878000000.0,618365000000.0,direct_gross_profit,GrossProfitIFRS,RevenueIFRS,CostOfSalesIFRS
6989,S100W3XY,8579000000.0,43185000000.0,34606000000.0,direct_gross_profit,GrossProfit,NetSales,CostOfSales
6993,S100W8RX,3056491000.0,10232047000.0,7175556000.0,direct_gross_profit,GrossProfit,NetSales,CostOfSales
6994,S100W2F2,7033367000.0,27346541000.0,20313174000.0,direct_gross_profit,GrossProfit,NetSales,CostOfSales
6995,S100VWO0,89654000000.0,617660000000.0,528005000000.0,direct_gross_profit,GrossProfit,NetSales,CostOfSales
6996,S100W8DW,28326000000.0,175751000000.0,147425000000.0,direct_gross_profit,GrossProfit,NetSales,CostOfSales
6997,S100W7IF,23729000000.0,122684000000.0,98955000000.0,direct_gross_profit,GrossProfit,NetSales,CostOfSales
6998,S100W5QR,2928000000.0,12392000000.0,9464000000.0,direct_gross_profit,GrossProfit,NetSales,CostOfSales
6999,S100VZ9V,18155000000.0,64120000000.0,45964000000.0,direct_gross_profit,GrossProfit,NetSales,CostOfSales
7003,S100W3WO,51571000000.0,315112000000.0,263541000000.0,direct_gross_profit,GrossProfit,NetSales,CostOfSales
7004,S100W2GB,114184000000.0,610523000000.0,496338000000.0,direct_gross_profit,GrossProfit,NetSales,CostOfSales
7011,S100W6XE,1031241000000.0,5027176000000.0,3995935000000.0,direct_gross_profit,GrossProfitIFRS,RevenueIFRS,CostOfSalesIFRS
7012,S100VWDC,431537000000.0,2129321000000.0,1697784000000.0,direct_gross_profit,GrossProfitIFRS,RevenueIFRS,CostOfSalesIFRS
7013,S100W1K1,374514000000.0,1626831000000.0,1252317000000.0,direct_gross_profit,GrossProfitIFRS,RevenueIFRS,CostOfSalesIFRS
7014,S100W4QD,36308000000.0,159227000000.0,122919000000.0,direct_gross_profit,GrossProfit,NetSales,CostOfSales
7018,S100W785,2640000000.0,44648000000.0,42007000000.0,direct_gross_profit,GrossProfit,NetSales,CostOfSales
7021,S100W7EW,1225168000.0,9850916000.0,8625748000.0,direct_gross_profit,GrossProfit,NetSales,CostOfSales
7022,S100W02J,6232000000.0,25006000000.0,18773000000.0,direct_gross_profit,GrossProfit,NetSales,CostOfSales
7030,S100XCTM,11015000000.0,35127000000.0,24111000000.0,direct_gross_profit,GrossProfit,NetSales,CostOfSales
7031,S100W9GS,572096000.0,2544543000.0,1972446000.0,direct_gross_profit,GrossProfit,NetSales,CostOfSales
7033,S100XT2O,9581911000.0,23066816000.0,13484904000.0,direct_gross_profit,GrossProfit,NetSales,CostOfSales
7034,S100XHNU,7531869000.0,12302688000.0,4770818000.0,direct_gross_profit,GrossProfit,NetSales,CostOfSales
7035,S100X6AI,1385904000.0,3209035000.0,1823131000.0,direct_gross_profit,GrossProfit,NetSales,CostOfSales
7036,S100XVWO,,1594782000.0,,unavailable,,OperatingRevenue1,
7037,S100XRYQ,2973000000.0,18129000000.0,15155000000.0,direct_gross_profit,GrossProfit,NetSales,CostOfSales
7038,S100XTFR,5014808000.0,13489533000.0,8474725000.0,direct_gross_profit,GrossProfit,NetSales,CostOfSales
7039,S100XV70,2913711000.0,8564871000.0,5651159000.0,direct_gross_profit,GrossProfit,NetSales,CostOfSales
7040,S100W69H,3536056000.0,13856017000.0,10319960000.0,direct_gross_profit,GrossProfit,NetSales,CostOfSales
7041,S100XCNC,4105171000.0,16420175000.0,12315004000.0,direct_gross_profit,GrossProfit,NetSales,CostOfSales
7042,S100W2RX,1709408000.0,3594937000.0,1885529000.0,direct_gross_profit,GrossProfit,NetSales,CostOfSales
7043,S100XT2J,2278363000.0,3637843000.0,1359480000.0,direct_gross_profit,GrossProfit,NetSales,CostOfSales
7044,S100XTO4,2416754000.0,15731198000.0,13314443000.0,direct_gross_profit,GrossProfit,NetSales,CostOfSales
7046,S100W5C2,925082000.0,2699081000.0,1773998000.0,direct_gross_profit,GrossProfit,NetSales,CostOfSales
7047,S100VZKV,18828000000.0,21963000000.0,3135000000.0,direct_gross_profit,GrossProfitIFRS,RevenueIFRS,CostOfSalesIFRS
7048,S100XSV4,,4581627000.0,,unavailable,,OperatingRevenue1,
7049,S100Y1AF,4371924000.0,6536914000.0,2164989000.0,direct_gross_profit,GrossProfit,NetSales,CostOfSales
7050,S100WFVC,3893987000.0,20335121000.0,16441134000.0,direct_gross_profit,GrossProfit,NetSales,CostOfSales
7057,S100W5ZH,2163688000.0,8124229000.0,5960540000.0,direct_gross_profit,GrossProfit,NetSales,CostOfSales
7058,S100W9QB,2350914000.0,10113415000.0,7762500000.0,direct_gross_profit,GrossProfit,NetSales,CostOfSales
7059,S100VZON,8308745000.0,30015113000.0,21706367000.0,direct_gross_profit,GrossProfit,NetSales,CostOfSales
7060,S100W5R4,3571333000.0,25162448000.0,21591114000.0,direct_gross_profit,GrossProfit,NetSales,CostOfSales
7061,S100XTMW,1902323000.0,14168928000.0,12266604000.0,direct_gross_profit,GrossProfit,NetSales,CostOfSales
7062,S100W2ZJ,3239886000.0,7582581000.0,4342695000.0,direct_gross_profit,GrossProfit,NetSales,CostOfSales
7063,S100WS69,18645000.0,319062000.0,300417000.0,direct_gross_profit,GrossProfit,NetSales,CostOfSales
7064,S100XVTU,2033691000.0,2558118000.0,524427000.0,direct_gross_profit,GrossProfit,NetSales,CostOfSales
7065,S100X6QU,4638261000.0,15354233000.0,10715971000.0,direct_gross_profit,GrossProfit,NetSales,CostOfSales
7066,S100XD95,1739194000.0,6103869000.0,4364674000.0,direct_gross_profit,GrossProfit,NetSales,CostOfSales
7067,S100W8I0,1189365000.0,5028735000.0,3839369000.0,direct_gross_profit,GrossProfit,NetSales,CostOfSales
7068,S100WL64,3115000000.0,4373000000.0,1257000000.0,direct_gross_profit,GrossProfit,NetSales,CostOfSales
7069,S100XBQ8,2694178000.0,7131164000.0,4436986000.0,direct_gross_profit,GrossProfit,NetSales,CostOfSales
7071,S100XD1A,14789000000.0,49174000000.0,34385000000.0,direct_gross_profit,GrossProfit,NetSales,CostOfSales
7072,S100XBTQ,886616000.0,3363631000.0,2477015000.0,direct_gross_profit,GrossProfit,NetSales,CostOfSales
7073,S100Y1BL,3727313000.0,4475801000.0,748487000.0,direct_gross_profit,GrossProfit,NetSales,CostOfSales
7074,S100XMWM,518384000.0,2094682000.0,1576298000.0,direct_gross_profit,GrossProfit,NetSales,CostOfSales
7075,S100W8MK,1737825000.0,10548294000.0,8810469000.0,direct_gross_profit,GrossProfit,NetSales,CostOfSales
7077,S100Y69B,427717000.0,1015965000.0,588247000.0,direct_gross_profit,GrossProfit,NetSales,CostOfSales
7078,S100W9O2,1890627000.0,4897245000.0,3006618000.0,direct_gross_profit,GrossProfit,NetSales,CostOfSales
7079,S100W96N,2076973000.0,5326810000.0,3249836000.0,direct_gross_profit,GrossProfit,NetSales,CostOfSales
7080,S100XS6L,4330771000.0,4784887000.0,454116000.0,direct_gross_profit,GrossProfit,NetSales,CostOfSales
7081,S100XTYD,14313221000.0,34701560000.0,20388338000.0,direct_gross_profit,GrossProfit,NetSales,CostOfSales
7082,S100XTWJ,1766428000.0,1932044000.0,165616000.0,direct_gross_profit,GrossProfit,NetSales,CostOfSales
7083,S100XMZ1,707934000.0,6660074000.0,5952139000.0,direct_gross_profit,GrossProfit,NetSales,CostOfSales
7084,S100W4G8,1933554000.0,13656500000.0,11722945000.0,direct_gross_profit,GrossProfit,NetSales,CostOfSales
7085,S100X61U,16048000000.0,37566000000.0,21517000000.0,direct_gross_profit,GrossProfit,NetSales,CostOfSales
7087,S100W6C9,8468000000.0,44578000000.0,36109000000.0,direct_gross_profit,GrossProfit,NetSales,CostOfSales
7088,S100W14Y,10502000000.0,34688000000.0,24186000000.0,direct_gross_profit,GrossProfit,NetSales,CostOfSales
7089,S100W265,3086333000.0,3693767000.0,607434000.0,direct_gross_profit,GrossProfit,NetSales,CostOfSales
7090,S100W649,1705586000.0,2872367000.0,1166781000.0,direct_gross_profit,GrossProfit,NetSales,CostOfSales
7091,S100W8O4,1940034000.0,19204574000.0,17264540000.0,direct_gross_profit,GrossProfit,NetSales,CostOfSales
7093,S100XV2Z,992349000.0,3696018000.0,2703668000.0,direct_gross_profit,GrossProfit,NetSales,CostOfSales
7094,S100W378,4827000000.0,19412000000.0,14584000000.0,direct_gross_profit,GrossProfit,NetSales,CostOfSales
7095,S100WFS4,9236000000.0,51675000000.0,42438000000.0,direct_gross_profit,GrossProfitIFRS,RevenueIFRS,CostOfSalesIFRS
7096,S100W2VG,1692090000.0,2679175000.0,987085000.0,direct_gross_profit,GrossProfit,NetSales,CostOfSales
7097,S100WWP5,2878000000.0,18388000000.0,15510000000.0,direct_gross_profit,GrossProfit,NetSales,CostOfSales
7102,S100W8ID,14691000000.0,96340000000.0,81648000000.0,direct_gross_profit,GrossProfit,NetSales,CostOfSales
7110,S100WWW2,3812567000.0,8490727000.0,4678159000.0,direct_gross_profit,GrossProfit,NetSales,CostOfSales
7111,S100W68D,16169000000.0,18960000000.0,2790000000.0,direct_gross_profit,GrossProfitIFRS,RevenueIFRS,CostOfSalesIFRS
7112,S100XTL6,2941217000.0,4863553000.0,1922335000.0,direct_gross_profit,GrossProfit,NetSales,CostOfSales
7114,S100W917,2452789000.0,6866324000.0,4413535000.0,direct_gross_profit,GrossProfit,NetSales,CostOfSales
7115,S100XT1E,6105098000.0,58922469000.0,52817371000.0,direct_gross_profit,GrossProfit,NetSales,CostOfSales
7119,S100W49R,19095000000.0,33930000000.0,14835000000.0,direct_gross_profit,GrossProfitIFRS,RevenueIFRS,CostOfSalesIFRS
7120,S100VZY2,4023332000.0,16904476000.0,12881143000.0,direct_gross_profit,GrossProfit,NetSales,CostOfSales
7122,S100W4MK,3989000000.0,30257000000.0,26267000000.0,direct_gross_profit,GrossProfit,NetSales,CostOfSales
7126,S100WVWR,6393633000.0,11460350000.0,5066716000.0,direct_gross_profit,GrossProfit,NetSales,CostOfSales
7127,S100W3ZY,6678571000.0,10089884000.0,3411312000.0,direct_gross_profit,GrossProfit,NetSales,CostOfSales
7128,S100XU07,26170000000.0,159036000000.0,132865000000.0,direct_gross_profit,GrossProfit,NetSales,CostOfSales
7129,S100W4QZ,2391923000.0,23825724000.0,21433800000.0,direct_gross_profit,GrossProfit,NetSales,CostOfSales
7130,S100W0LS,125737000000.0,1006914000000.0,881177000000.0,direct_gross_profit,GrossProfit,NetSales,CostOfSales
7131,S100XHE7,1914227000.0,7111932000.0,5197704000.0,direct_gross_profit,GrossProfit,NetSales,CostOfSales
7133,S100W4IH,2407447000.0,9984799000.0,7577351000.0,direct_gross_profit,GrossProfit,NetSales,CostOfSales
7134,S100W2GN,5580749000.0,13981821000.0,8401071000.0,direct_gross_profit,GrossProfit,NetSales,CostOfSales
7135,S100WQJ2,8067079000.0,14045675000.0,5978595000.0,direct_gross_profit,GrossProfit,NetSales,CostOfSales
7138,S100W9HD,1333315000.0,3677329000.0,2344013000.0,direct_gross_profit,GrossProfit,NetSales,CostOfSales
7140,S100W3EE,2807267000.0,9032575000.0,6225308000.0,direct_gross_profit,GrossProfit,NetSales,CostOfSales
7148,S100XBXT,36046000000.0,129764000000.0,93717000000.0,direct_gross_profit,GrossProfit,NetSales,CostOfSales
7150,S100W4CJ,,,,unavailable,,,
7157,S100VYH0,,,,unavailable,,,
7161,S100VYX9,,369000000.0,,unavailable,,OperatingRevenue1,
7162,S100W62Z,,20666678000.0,,unavailable,,OperatingRevenue1,
7164,S100VXAU,,56972000000.0,,unavailable,,OperatingRevenue1,
7167,S100VZSO,,34071000000.0,,unavailable,,OperatingRevenue1,
7172,S100XRRA,29140000000.0,38738000000.0,9597000000.0,direct_gross_profit,GrossProfit,NetSales,CostOfSales
7173,S100W1XA,,12245000000.0,,unavailable,,OperatingRevenue1,
7175,S100VYUC,,,,unavailable,,,
7177,S100XSFM,48634000000.0,49518000000.0,884000000.0,revenue_minus_cost_of_sales,OperatingRevenue1-CostOfSales,OperatingRevenue1,CostOfSales
7180,S100VZYY,,11263000000.0,,unavailable,,OperatingRevenue1,
7181,S100VXF5,,,,unavailable,,,
7182,S100VWHB,,,,unavailable,,,
7183,S100VZF1,,5376184000.0,,unavailable,,OperatingRevenue1,
7184,S100W02O,,,,unavailable,,,
7185,S100W6AC,10199761000.0,10203549000.0,3788000.0,revenue_minus_cost_of_sales,OperatingRevenue1-CostOfSales,OperatingRevenue1,CostOfSales
7186,S100VWWW,,114917000000.0,,unavailable,,OperatingRevenue1,
7187,S100W1ZU,11817095000.0,17267928000.0,5450832000.0,direct_gross_profit,GrossProfit,NetSales,CostOfSales
7189,S100W4TT,,19829000000.0,,unavailable,,OperatingRevenue1,
7191,S100W0IL,4982724000.0,10572954000.0,5590230000.0,direct_gross_profit,GrossProfit,NetSales,CostOfSales
7192,S100W8VV,5411254000.0,7565785000.0,,direct_gross_profit,OperatingGrossProfit,OperatingRevenue1,
7196,S100XZL9,6090750000.0,12753987000.0,6663237000.0,direct_gross_profit,GrossProfit,NetSales,CostOfSales
7198,S100W2VW,,17988000000.0,,unavailable,,OperatingRevenue1,
7199,S100W2A6,,7180000000.0,,unavailable,,OperatingRevenue1,
7201,S100W2UQ,1693360000000.0,12633214000000.0,10939854000000.0,direct_gross_profit,GrossProfit,NetSales,CostOfSales
7202,S100W4GF,662302000000.0,3235648000000.0,2573346000000.0,direct_gross_profit,GrossProfitIFRS,RevenueIFRS,CostOfSalesIFRS
7203,S100VWVY,4787596000000.0,18277671000000.0,35510157000000.0,direct_gross_profit,GrossProfit,NetSales,CostOfSalesIFRS
7208,S100W58B,2497823000.0,11117218000.0,8619394000.0,direct_gross_profit,GrossProfit,NetSales,CostOfSales
7211,S100VZMJ,536703000000.0,2788232000000.0,2251528000000.0,direct_gross_profit,GrossProfit,NetSales,CostOfSales
7212,S100VZTC,25329000000.0,300831000000.0,275501000000.0,direct_gross_profit,GrossProfit,NetSales,CostOfSales
7213,S100W0R5,8631683000.0,25931893000.0,17300210000.0,direct_gross_profit,GrossProfit,NetSales,CostOfSales
7214,S100W77A,18109464000.0,103712142000.0,85602678000.0,direct_gross_profit,GrossProfit,NetSales,CostOfSales
7215,S100W1DG,12500000000.0,79114000000.0,66614000000.0,direct_gross_profit,GrossProfit,NetSales,CostOfSales
7217,S100W5AR,2105810000.0,5316141000.0,3210330000.0,direct_gross_profit,GrossProfit,NetSales,CostOfSales
7218,S100W46V,7436385000.0,40474435000.0,33038049000.0,direct_gross_profit,GrossProfit,NetSales,CostOfSales
7219,S100X6JZ,3617121000.0,8976620000.0,5359498000.0,direct_gross_profit,GrossProfit,NetSales,CostOfSales
7220,S100W0UJ,52660000000.0,347196000000.0,294535000000.0,direct_gross_profit,GrossProfit,NetSales,CostOfSales
7222,S100W3HU,12320000000.0,350508000000.0,338187000000.0,direct_gross_profit,GrossProfit,NetSales,CostOfSales
7224,S100W0XQ,44753000000.0,266441000000.0,221688000000.0,direct_gross_profit,GrossProfit,NetSales,CostOfSales
7226,S100W3V6,24752000000.0,140449000000.0,115697000000.0,direct_gross_profit,GrossProfit,NetSales,CostOfSales
7228,S100XSX2,5534649000.0,14376961000.0,8842311000.0,direct_gross_profit,GrossProfit,NetSales,CostOfSales
7229,S100W85O,23736000000.0,179213000000.0,155477000000.0,direct_gross_profit,GrossProfitIFRS,RevenueIFRS,CostOfSalesIFRS
7231,S100W2NQ,42429000000.0,300610000000.0,258181000000.0,direct_gross_profit,GrossProfit,NetSales,CostOfSales
7235,S100W447,4692125000.0,34060230000.0,29368105000.0,direct_gross_profit,GrossProfit,NetSales,CostOfSales
7236,S100VYN1,20127000000.0,159235000000.0,139108000000.0,direct_gross_profit,GrossProfit,NetSales,CostOfSales
7238,S100W1N1,16212000000.0,161672000000.0,145460000000.0,direct_gross_profit,GrossProfit,NetSales,CostOfSales
7239,S100W02F,29763000000.0,285394000000.0,255630000000.0,direct_gross_profit,GrossProfit,NetSales,CostOfSales
7240,S100W1NR,136051000000.0,766859000000.0,630808000000.0,direct_gross_profit,GrossProfit,NetSales,CostOfSales
7241,S100VZ7J,45789000000.0,707104000000.0,661315000000.0,direct_gross_profit,GrossProfit,NetSales,CostOfSales
7242,S100W29I,82645000000.0,224184000000.0,355671000000.0,direct_gross_profit,GrossProfitIFRS,NetSales,CostOfSalesIFRS
7244,S100XTYP,20919000000.0,117089000000.0,96169000000.0,direct_gross_profit,GrossProfit,NetSales,CostOfSales
7245,S100W24A,33762000000.0,136303000000.0,102540000000.0,direct_gross_profit,GrossProfit,NetSales,CostOfSales
7246,S100W4F1,25758000000.0,189883000000.0,164125000000.0,direct_gross_profit,GrossProfit,NetSales,CostOfSales
7247,S100W78J,15675000000.0,101428000000.0,85752000000.0,direct_gross_profit,GrossProfit,NetSales,CostOfSales
7254,S100W39V,9746392000.0,53915906000.0,44169513000.0,direct_gross_profit,GrossProfit,NetSales,CostOfSales
7255,S100W5W6,746726000.0,4964077000.0,4217351000.0,direct_gross_profit,GrossProfit,NetSales,CostOfSales
7256,S100WU0J,20784000000.0,218801000000.0,198016000000.0,direct_gross_profit,GrossProfit,NetSales,CostOfSales
7259,S100VXZU,563489000000.0,4896104000000.0,4332615000000.0,direct_gross_profit,GrossProfitIFRS,RevenueIFRS,CostOfSalesIFRS
7261,S100VZ6C,1078193000000.0,5018893000000.0,3940700000000.0,direct_gross_profit,GrossProfit,NetSales,CostOfSales
7264,S100W290,3926368000.0,22590057000.0,18663689000.0,direct_gross_profit,GrossProfit,NetSales,CostOfSales
7265,S100XH0G,1203005000.0,8100115000.0,6897109000.0,direct_gross_profit,GrossProfit,NetSales,CostOfSales
7266,S100W1YX,7586000000.0,94341000000.0,86755000000.0,direct_gross_profit,GrossProfit,NetSales,CostOfSales
7267,S100VYOD,1656473000000.0,21688767000000.0,17024788000000.0,direct_gross_profit,GrossProfit,RevenueIFRS,CostOfSalesIFRS
7269,S100W4MT,1568659000000.0,5825161000000.0,4256502000000.0,direct_gross_profit,GrossProfitIFRS,RevenueIFRS,CostOfSalesIFRS
7270,S100W1AE,980344000000.0,4685763000000.0,3705419000000.0,direct_gross_profit,GrossProfitIFRS,RevenueIFRS,CostOfSalesIFRS
7271,S100W1HC,4692000000.0,31470000000.0,26777000000.0,direct_gross_profit,GrossProfit,NetSales,CostOfSales
7272,S100XRTH,784544000000.0,2534203000000.0,1749658000000.0,direct_gross_profit,GrossProfitIFRS,RevenueIFRS,CostOfSalesIFRS
7273,S100W6U0,2003511000.0,17736188000.0,15732676000.0,direct_gross_profit,GrossProfit,NetSales,CostOfSales
7276,S100W48W,96671000000.0,916709000000.0,820037000000.0,direct_gross_profit,GrossProfit,NetSales,CostOfSales
7277,S100W4HW,5790000000.0,54415000000.0,48625000000.0,direct_gross_profit,GrossProfit,NetSales,CostOfSales
7278,S100W3GS,59427000000.0,309564000000.0,250137000000.0,direct_gross_profit,GrossProfitIFRS,RevenueIFRS,CostOfSalesIFRS
7279,S100XGCL,33957000000.0,304123000000.0,270165000000.0,direct_gross_profit,GrossProfit,NetSales,CostOfSales
7280,S100VZWJ,54286000000.0,349353000000.0,295067000000.0,direct_gross_profit,GrossProfit,NetSales,CostOfSales
7282,S100VXIY,160340000000.0,1059798000000.0,899458000000.0,direct_gross_profit,GrossProfitIFRS,RevenueIFRS,CostOfSalesIFRS
7283,S100VX2U,48972000000.0,337259000000.0,288286000000.0,direct_gross_profit,GrossProfit,NetSales,CostOfSales
7284,S100W8HJ,3478251000.0,23250412000.0,19772161000.0,direct_gross_profit,GrossProfit,NetSales,CostOfSales
7287,S100W6PR,46339000000.0,316397000000.0,270057000000.0,direct_gross_profit,GrossProfitIFRS,RevenueIFRS,CostOfSalesIFRS
7291,S100W76E,12265000000.0,120591000000.0,108325000000.0,direct_gross_profit,GrossProfit,NetSales,CostOfSales
7292,S100W6YA,17263000000.0,109205000000.0,91941000000.0,direct_gross_profit,GrossProfit,NetSales,CostOfSales
7294,S100W50Q,16784000000.0,178414000000.0,161629000000.0,direct_gross_profit,GrossProfit,NetSales,CostOfSales
7296,S100W2JQ,49305000000.0,256619000000.0,207313000000.0,direct_gross_profit,GrossProfitIFRS,RevenueIFRS,CostOfSalesIFRS
7297,S100W70U,5798740000.0,15523458000.0,9724718000.0,direct_gross_profit,GrossProfit,NetSales,CostOfSales
7299,S100VY4H,6108371000.0,25544048000.0,19435677000.0,direct_gross_profit,GrossProfit,NetSales,CostOfSales
7305,S100VTZF,7717000000.0,42845000000.0,35127000000.0,direct_gross_profit,GrossProfit,NetSales,CostOfSales
7309,S100XQSE,166616000000.0,466243000000.0,299627000000.0,direct_gross_profit,GrossProfit,NetSales,CostOfSales
7313,S100VZ5K,62966000000.0,460514000000.0,397547000000.0,direct_gross_profit,GrossProfitIFRS,RevenueIFRS,CostOfSalesIFRS
7314,S100XT5I,1853378000.0,7672954000.0,5819576000.0,direct_gross_profit,GrossProfit,NetSales,CostOfSales
7317,S100W2DL,2907984000.0,9567398000.0,6659414000.0,direct_gross_profit,GrossProfit,NetSales,CostOfSales
7318,S100W356,4244026000.0,25124596000.0,20880569000.0,direct_gross_profit,GrossProfit,NetSales,CostOfSales
7320,S100WSFJ,4807853000.0,6705733000.0,1897879000.0,direct_gross_profit,GrossProfit,NetSales,CostOfSales
7322,S100VZ84,,3376000000.0,,unavailable,,OperatingRevenue1,
7325,S100WS0W,7368130000.0,9424658000.0,2056527000.0,direct_gross_profit,GrossProfit,NetSales,CostOfSales
7326,S100VZ79,,1164000000.0,,unavailable,,OperatingRevenue1,
7327,S100W200,,9635000000.0,,unavailable,,OperatingRevenue1,
7337,S100VZ2K,,24591000000.0,,unavailable,,OperatingRevenue1,
7343,S100W6WS,4988665000.0,6021968000.0,1033302000.0,direct_gross_profit,GrossProfit,NetSales,CostOfSales
7345,S100W3EQ,751932000.0,3797196000.0,3045263000.0,direct_gross_profit,GrossProfit,NetSales,CostOfSales
7347,S100XQHE,6735446000.0,7215726000.0,,direct_gross_profit,OperatingGrossProfit,OperatingRevenue1,
7350,S100W3MP,,1955000000.0,,unavailable,,OperatingRevenue1,
7351,S100X6Y8,2942524000.0,5085553000.0,2143028000.0,direct_gross_profit,GrossProfit,NetSales,CostOfSales
7352,S100X747,5511521000.0,18077366000.0,12565845000.0,direct_gross_profit,GrossProfit,NetSales,CostOfSales
7353,S100XSRQ,4199385000.0,5031211000.0,831826000.0,direct_gross_profit,GrossProfit,NetSales,CostOfSales
7354,S100XUHI,,22694234000.0,,unavailable,,RevenueIFRS,
7356,S100XBJI,1142875000.0,1630179000.0,487304000.0,direct_gross_profit,GrossProfit,NetSales,CostOfSales
7357,S100Y7GV,976596000.0,1893429000.0,916832000.0,direct_gross_profit,GrossProfit,NetSales,CostOfSales
7358,S100XTK0,7488000000.0,34409000000.0,26921000000.0,direct_gross_profit,GrossProfit,NetSales,CostOfSales
7359,S100XU1Y,4831458000.0,6219055000.0,1387596000.0,direct_gross_profit,GrossProfit,NetSales,CostOfSales
7360,S100XMTU,324223000.0,864425000.0,540201000.0,direct_gross_profit,GrossProfit,NetSales,CostOfSales
7361,S100XB82,2717321000.0,8945582000.0,6228261000.0,direct_gross_profit,GrossProfit,NetSales,CostOfSales
7362,S100XU5X,634888000.0,4886212000.0,4251324000.0,direct_gross_profit,GrossProfit,NetSales,CostOfSales
7363,S100VJ10,1013570000.0,1528358000.0,514788000.0,direct_gross_profit,GrossProfit,NetSales,CostOfSales
7366,S100W0KN,12298000000.0,33214000000.0,20916000000.0,direct_gross_profit,GrossProfitIFRS,RevenueIFRS,CostOfSalesIFRS
7367,S100W3UL,4226542000.0,8184641000.0,3958098000.0,direct_gross_profit,GrossProfit,NetSales,CostOfSales
7368,S100W9NG,5680333000.0,10020947000.0,4340614000.0,direct_gross_profit,GrossProfit,Revenue,CostOfSales
7369,S100WQRU,3173844000.0,13007061000.0,9833218000.0,direct_gross_profit,GrossProfit,NetSales,CostOfSales
7370,S100WKFK,2336735000.0,2919699000.0,582964000.0,direct_gross_profit,GrossProfit,NetSales,CostOfSales
7371,S100WQCF,3062742000.0,5536925000.0,2474182000.0,direct_gross_profit,GrossProfit,NetSales,CostOfSales
7372,S100XBN5,2077840000.0,6046172000.0,3968331000.0,direct_gross_profit,GrossProfitIFRS,RevenueIFRS,CostOfSalesIFRS
7373,S100X7DA,9269841000.0,13269538000.0,3999697000.0,direct_gross_profit,GrossProfit,NetSales,CostOfSales
7374,S100VZ6K,4203268000.0,8392191000.0,4188923000.0,direct_gross_profit,GrossProfit,NetSales,CostOfSales
7375,S100WS5X,1324188000.0,4070479000.0,2746291000.0,direct_gross_profit,GrossProfit,NetSales,CostOfSales
7376,S100XC7N,544054000.0,1467462000.0,923407000.0,direct_gross_profit,GrossProfit,NetSales,CostOfSales
7377,S100WQ3S,12018937000.0,36975577000.0,24956639000.0,direct_gross_profit,GrossProfit,NetSales,CostOfSales
7378,S100XHO2,2624792000.0,6647361000.0,4022569000.0,direct_gross_profit,GrossProfitIFRS,RevenueIFRS,CostOfSalesIFRS
7380,S100VWTF,,9276000000.0,,unavailable,,OperatingRevenue1,
7381,S100VX5L,,8052000000.0,,unavailable,,OperatingRevenue1,
7383,S100W8HG,,22438000000.0,,unavailable,,RevenueIFRS,
7384,S100W105,,2301000000.0,,unavailable,,OperatingRevenue1,
7388,S100XN8S,10673542000.0,32104060000.0,21430518000.0,direct_gross_profit,GrossProfit,NetSales,CostOfSales
7389,S100W08A,,6128000000.0,,unavailable,,OperatingRevenue1,
7399,S100W56P,2199049000.0,9818215000.0,7619166000.0,direct_gross_profit,GrossProfit,NetSales,CostOfSales
7409,S100WQWW,1686540000.0,3602276000.0,1915736000.0,direct_gross_profit,GrossProfit,NetSales,CostOfSales
7412,S100W18T,22649000000.0,35477000000.0,12828000000.0,direct_gross_profit,GrossProfit,NetSales,CostOfSales
7413,S100W5B9,1245145000.0,4950632000.0,3705487000.0,direct_gross_profit,GrossProfit,NetSales,CostOfSales
7414,S100W97U,27041000000.0,271942000000.0,244901000000.0,direct_gross_profit,GrossProfit,NetSales,CostOfSales
7416,S100W946,21469180000.0,36135998000.0,14666818000.0,direct_gross_profit,GrossProfit,NetSales,CostOfSales
7417,S100VYK9,7748000000.0,36535000000.0,28786000000.0,direct_gross_profit,GrossProfit,NetSales,CostOfSales
7419,S100VYT1,245980000000.0,853427000000.0,607447000000.0,direct_gross_profit,GrossProfit,NetSales,CostOfSales
7421,S100VZXW,38256000000.0,73208000000.0,34951000000.0,direct_gross_profit,GrossProfit,NetSales,CostOfSales
7422,S100XRD8,1313391000.0,4547599000.0,3234208000.0,direct_gross_profit,GrossProfit,NetSales,CostOfSales
7425,S100XT3I,6235929000.0,35444619000.0,29208689000.0,direct_gross_profit,GrossProfit,NetSales,CostOfSales
7426,S100W97P,424427000.0,4138547000.0,3714120000.0,direct_gross_profit,GrossProfit,NetSales,CostOfSales
7427,S100Y67Z,11786225000.0,105811956000.0,94025731000.0,direct_gross_profit,GrossProfit,NetSales,CostOfSales
7433,S100W3DA,27878000000.0,183133000000.0,155254000000.0,direct_gross_profit,GrossProfit,NetSales,CostOfSales
7434,S100WLHT,4754496000.0,32993580000.0,28239083000.0,direct_gross_profit,GrossProfit,NetSales,CostOfSales
7435,S100WEWJ,6906630000.0,36890907000.0,29984276000.0,direct_gross_profit,GrossProfit,NetSales,CostOfSales
7438,S100W2E4,17517000000.0,79175000000.0,61658000000.0,direct_gross_profit,GrossProfit,NetSales,CostOfSales
7442,S100W07D,7819459000.0,40949509000.0,33130049000.0,direct_gross_profit,GrossProfit,NetSales,CostOfSales
7443,S100W4AC,1820043000.0,20204963000.0,18384919000.0,direct_gross_profit,GrossProfit,NetSales,CostOfSales
7444,S100W3KO,7230192000.0,61824355000.0,54594163000.0,direct_gross_profit,GrossProfit,NetSales,CostOfSales
7446,S100XAMG,3286053000.0,34442625000.0,31156571000.0,direct_gross_profit,GrossProfit,NetSales,CostOfSales
7447,S100X5AK,6712011000.0,16983838000.0,10271827000.0,direct_gross_profit,GrossProfit,NetSales,CostOfSales
7453,S100X5NI,402975000000.0,784629000000.0,321351000000.0,direct_gross_profit,OperatingGrossProfit,OperatingRevenue1,CostOfGoodsSold
7456,S100W2EX,35202000000.0,468841000000.0,433638000000.0,direct_gross_profit,GrossProfit,NetSales,CostOfSales
7458,S100W2R8,53757000000.0,153020000000.0,99262000000.0,direct_gross_profit,GrossProfit,NetSales,CostOfSales
7459,S100W5ET,255758000000.0,3671328000000.0,3415569000000.0,direct_gross_profit,GrossProfit,NetSales,CostOfSales
7460,S100W6LS,24150000000.0,83376000000.0,59226000000.0,direct_gross_profit,GrossProfit,NetSales,CostOfSales
7461,S100W72Q,10882801000.0,36249862000.0,25367060000.0,direct_gross_profit,GrossProfit,NetSales,CostOfSales
7462,S100W8M6,909448000.0,3369499000.0,2460051000.0,direct_gross_profit,GrossProfit,NetSales,CostOfGoodsSold
7463,S100W8K6,7351628000.0,18518822000.0,11167193000.0,direct_gross_profit,GrossProfit,NetSales,CostOfSales
7464,S100W91H,4685020000.0,10312082000.0,5627062000.0,direct_gross_profit,GrossProfit,NetSales,CostOfSales
7466,S100W57C,12871867000.0,68720867000.0,55849000000.0,direct_gross_profit,GrossProfit,NetSales,CostOfSales
7472,S100VZ8U,4707026000.0,31565763000.0,26858737000.0,direct_gross_profit,GrossProfit,NetSales,CostOfSales
7475,S100W1NA,30631000000.0,97165000000.0,67554000000.0,direct_gross_profit,OperatingGrossProfit,NetSales,CostOfSales
7476,S100W555,31315000000.0,103751000000.0,72436000000.0,direct_gross_profit,GrossProfit,NetSales,CostOfSales
7477,S100W1KI,1774767000.0,7543131000.0,5768364000.0,direct_gross_profit,GrossProfit,NetSales,CostOfSales
7480,S100W1NW,7807433000.0,46631604000.0,38824171000.0,direct_gross_profit,GrossProfit,NetSales,CostOfSales
7481,S100W8OO,22533000000.0,119256000000.0,96723000000.0,direct_gross_profit,GrossProfit,NetSales,CostOfSales
7482,S100W2W0,19436000000.0,60680000000.0,41243000000.0,direct_gross_profit,GrossProfit,NetSales,CostOfSales
7483,S100W245,31968000000.0,113939000000.0,81971000000.0,direct_gross_profit,GrossProfit,NetSales,CostOfSales
7486,S100VZFF,7135000000.0,30826000000.0,23690000000.0,direct_gross_profit,GrossProfit,NetSales,CostOfSales
7487,S100WKUS,3311578000.0,10220514000.0,6908936000.0,direct_gross_profit,GrossProfit,NetSales,CostOfSales
7490,S100VYLX,7325658000.0,39034644000.0,31708985000.0,direct_gross_profit,GrossProfit,NetSales,CostOfSales
7494,S100XC1F,33319000000.0,55487000000.0,22167000000.0,direct_gross_profit,GrossProfit,NetSales,CostOfSales
7500,S100WQDH,8786098000.0,38719270000.0,29933172000.0,direct_gross_profit,GrossProfit,NetSales,CostOfSales
7501,S100XMV5,1451352000.0,3219133000.0,1767780000.0,direct_gross_profit,GrossProfit,NetSales,CostOfSales
7502,S100W98P,6848048000.0,18644069000.0,11796020000.0,direct_gross_profit,GrossProfit,NetSales,CostOfSales
7504,S100VZBQ,23041012000.0,115915464000.0,92874452000.0,direct_gross_profit,GrossProfit,NetSales,CostOfSales
7505,S100XAQS,10510489000.0,54684025000.0,44173535000.0,direct_gross_profit,GrossProfit,NetSales,CostOfSales
7506,S100W2K0,8263064000.0,11594399000.0,3331334000.0,direct_gross_profit,GrossProfit,NetSales,CostOfSales
7508,S100W5I0,51939000000.0,214129000000.0,162189000000.0,direct_gross_profit,GrossProfit,NetSales,CostOfSales
7509,S100W1CH,17661593000.0,37289572000.0,19627978000.0,direct_gross_profit,GrossProfit,NetSales,CostOfSales
7510,S100W3HK,14365000000.0,100965000000.0,86600000000.0,direct_gross_profit,GrossProfit,NetSales,CostOfSales
7512,S100Y36L,119423000000.0,380063000000.0,284936000000.0,direct_gross_profit,OperatingGrossProfit,NetSales,CostOfGoodsSold
7513,S100X50A,76830000000.0,282790000000.0,205959000000.0,direct_gross_profit,GrossProfit,NetSales,CostOfGoodsSold
7514,S100X67D,21202000000.0,60447000000.0,39245000000.0,direct_gross_profit,GrossProfit,NetSales,CostOfSales
7515,S100Y5AV,11660243000.0,40754887000.0,31331476000.0,direct_gross_profit,OperatingGrossProfit,NetSales,CostOfSales
7516,S100Y7KL,203251000000.0,502059000000.0,316527000000.0,direct_gross_profit,OperatingGrossProfit,NetSales,CostOfSales
7520,S100Y4BQ,40650000000.0,134198000000.0,97334000000.0,direct_gross_profit,OperatingGrossProfit,NetSales,CostOfSales
7521,S100W80R,10677000000.0,37391000000.0,26713000000.0,direct_gross_profit,GrossProfit,NetSales,CostOfSales
7522,S100W9GC,50237000000.0,88713000000.0,38475000000.0,direct_gross_profit,GrossProfit,NetSales,CostOfSales
7523,S100W3T2,7171744000.0,10731448000.0,3559703000.0,direct_gross_profit,GrossProfit,NetSales,CostOfSales
7524,S100W2QP,2789494000.0,4581766000.0,1792271000.0,direct_gross_profit,GrossProfit,NetSales,CostOfSales
7525,S100W29P,13592862000.0,54727738000.0,41134876000.0,direct_gross_profit,GrossProfit,NetSales,CostOfSales
7527,S100XBIV,366415000.0,1373351000.0,1006936000.0,direct_gross_profit,GrossProfit,NetSales,CostOfSales
7531,S100XSS6,5030899000.0,50026375000.0,44995476000.0,direct_gross_profit,GrossProfit,NetSales,CostOfSales
7532,S100WR05,716733000000.0,2246758000000.0,1530025000000.0,direct_gross_profit,GrossProfit,NetSales,CostOfSales
7537,S100W4XI,26026000000.0,210837000000.0,184810000000.0,direct_gross_profit,GrossProfit,NetSales,CostOfSales
7538,S100W1YD,6623000000.0,99302000000.0,92678000000.0,direct_gross_profit,GrossProfit,NetSales,CostOfSales
7539,S100XAO8,13625145000.0,92272175000.0,78647029000.0,direct_gross_profit,GrossProfit,NetSales,CostOfSales
7544,S100Y68I,11724000000.0,4577000000.0,3360000000.0,direct_gross_profit,OperatingGrossProfit,NetSales,CostOfSales
7545,S100Y3CW,64723000000.0,193365000000.0,128642000000.0,direct_gross_profit,GrossProfit,NetSales,CostOfSales
7550,S100W4UE,622208000000.0,1136684000000.0,514475000000.0,direct_gross_profit,GrossProfit,NetSales,CostOfSales
7551,S100W29E,7529924000.0,35138284000.0,27608359000.0,direct_gross_profit,GrossProfit,NetSales,CostOfSales
7552,S100VYP3,44928000000.0,364418000000.0,319489000000.0,direct_gross_profit,GrossProfit,NetSales,CostOfSales
7554,S100VZ09,10517141000.0,18843888000.0,8326747000.0,direct_gross_profit,GrossProfit,NetSales,CostOfSales
7555,S100W1TP,3071221000.0,3857541000.0,786319000.0,direct_gross_profit,GrossProfit,NetSales,CostOfSales
7561,S100VWK8,14491000000.0,45175000000.0,30683000000.0,direct_gross_profit,GrossProfit,NetSales,CostOfSales
7562,S100W8N6,18922264000.0,30353499000.0,11431234000.0,direct_gross_profit,GrossProfit,NetSales,CostOfSales
7564,S100W2ZD,51162000000.0,99670000000.0,85771000000.0,direct_gross_profit,OperatingGrossProfit,NetSales,CostOfGoodsSold
7565,S100W6SN,3626462000.0,24422861000.0,20796399000.0,direct_gross_profit,GrossProfit,NetSales,CostOfSales
7567,S100W7R8,1055535000.0,6428380000.0,5372845000.0,direct_gross_profit,GrossProfit,NetSales,CostOfSales
7570,S100W6TW,17443000000.0,165339000000.0,147896000000.0,direct_gross_profit,GrossProfit,NetSales,CostOfSales
7571,S100W8Z2,7061609000.0,13964604000.0,6902995000.0,direct_gross_profit,GrossProfit,NetSales,CostOfSales
7575,S100VZ76,34191000000.0,56610000000.0,22419000000.0,direct_gross_profit,GrossProfit,NetSales,CostOfSales
7578,S100W8IJ,1560162000.0,2242603000.0,682441000.0,direct_gross_profit,GrossProfit,NetSales,CostOfSales
7581,S100X5Z0,149082000000.0,256714000000.0,107631000000.0,direct_gross_profit,GrossProfit,NetSales,CostOfSales
7585,S100WR5V,1295572000.0,1871516000.0,575944000.0,direct_gross_profit,GrossProfit,NetSales,CostOfSales
7590,S100XYFO,8590411000.0,20246400000.0,11655989000.0,direct_gross_profit,GrossProfit,NetSales,CostOfSales
7593,S100W7AZ,53378000000.0,351630000000.0,298252000000.0,direct_gross_profit,GrossProfitIFRS,RevenueIFRS,CostOfSalesIFRS
7595,S100W0WR,17868447000.0,69541642000.0,51673194000.0,direct_gross_profit,GrossProfit,NetSales,CostOfSales
7596,S100WM1E,14862735000.0,36629490000.0,21766755000.0,direct_gross_profit,GrossProfit,NetSales,CostOfSales
7599,S100Y64O,96336000000.0,562774000000.0,466438000000.0,direct_gross_profit,GrossProfit,NetSales,CostOfSales
7600,S100W53A,15646632000.0,25114033000.0,9467401000.0,direct_gross_profit,GrossProfit,NetSales,CostOfSales
7601,S100Y6BQ,5359192000.0,7972760000.0,6294854000.0,direct_gross_profit,OperatingGrossProfit,NetSales,CostOfSales
7602,S100W85T,2902589000.0,20034349000.0,17131759000.0,direct_gross_profit,GrossProfit,NetSales,CostOfSales
7603,S100Y5TM,4356000000.0,12429000000.0,7234000000.0,direct_gross_profit,GrossProfit,NetSales,CostOfSales
7604,S100WESD,19151124000.0,29440638000.0,10289514000.0,direct_gross_profit,GrossProfit,NetSales,CostOfSales
7606,S100W3GR,78629000000.0,150910000000.0,72281000000.0,direct_gross_profit,GrossProfit,NetSales,CostOfSales
7607,S100X5L9,13865327000.0,86146486000.0,72281158000.0,direct_gross_profit,GrossProfit,NetSales,CostOfSales
7608,S100Y6QH,4527272000.0,16232632000.0,11705359000.0,direct_gross_profit,GrossProfit,NetSales,CostOfSales
7609,S100XUE0,20978666000.0,103142476000.0,82163809000.0,direct_gross_profit,GrossProfit,NetSales,CostOfSales
7610,S100Y7L3,14007330000.0,42233216000.0,28225885000.0,direct_gross_profit,GrossProfit,NetSales,CostOfSales
7611,S100Y64B,43055063000.0,62252860000.0,19197796000.0,direct_gross_profit,GrossProfit,NetSales,CostOfSales
7613,S100XUJ0,28210000000.0,289491000000.0,261281000000.0,direct_gross_profit,GrossProfit,NetSales,CostOfSales
7614,S100Y11L,14035757000.0,35371072000.0,21335314000.0,direct_gross_profit,GrossProfit,NetSales,CostOfSales
7615,S100W7ST,3027713000.0,5161206000.0,2133493000.0,direct_gross_profit,GrossProfit,NetSales,CostOfSales
7616,S100W1YL,156766000000.0,269156000000.0,112389000000.0,direct_gross_profit,GrossProfitIFRS,RevenueIFRS,CostOfSalesIFRS
7619,S100W38F,6204303000.0,41452421000.0,35248117000.0,direct_gross_profit,GrossProfit,NetSales,CostOfSales
7621,S100W8ZB,7646034000.0,13462859000.0,5816824000.0,direct_gross_profit,GrossProfit,NetSales,CostOfSales
7624,S100Y4MW,5240000000.0,43518000000.0,38277000000.0,direct_gross_profit,GrossProfit,NetSales,CostOfSales
7625,S100XTRA,2020527000.0,13660201000.0,11639674000.0,direct_gross_profit,GrossProfit,NetSales,CostOfSales
7628,S100W297,8384322000.0,40017105000.0,31632783000.0,direct_gross_profit,GrossProfit,NetSales,CostOfSales
7630,S100Y73F,32565000000.0,65518000000.0,32953000000.0,direct_gross_profit,GrossProfit,NetSales,CostOfSales
7634,S100W5LL,7563189000.0,15102329000.0,7539139000.0,direct_gross_profit,GrossProfit,NetSales,CostOfSales
7636,S100WRQD,11014000000.0,34896000000.0,23882000000.0,direct_gross_profit,GrossProfit,NetSales,CostOfGoodsSold
7637,S100W41M,10573184000.0,66410187000.0,55837003000.0,direct_gross_profit,GrossProfit,NetSales,CostOfSales
7638,S100W9WJ,16782887000.0,27644229000.0,10861341000.0,direct_gross_profit,GrossProfit,NetSales,CostOfSales
7640,S100XI4H,6044347000.0,17333260000.0,11288912000.0,direct_gross_profit,GrossProfit,NetSales,CostOfSales
7643,S100XC2D,15408227000.0,58570779000.0,43752266000.0,direct_gross_profit,OperatingGrossProfit,NetSales,CostOfGoodsSold
7646,S100XAET,22313000000.0,97764000000.0,75450000000.0,direct_gross_profit,GrossProfit,NetSales,CostOfSales
7649,S100Y3QN,321205000000.0,1010336000000.0,689131000000.0,direct_gross_profit,GrossProfit,NetSales,CostOfSales
7670,S100W1DY,9134000000.0,69416000000.0,60281000000.0,direct_gross_profit,GrossProfit,NetSales,CostOfSales
7673,S100WM3R,3099913000.0,21728642000.0,18628728000.0,direct_gross_profit,GrossProfit,NetSales,CostOfGoodsSold
7674,S100Y07P,5178918000.0,7683476000.0,2504558000.0,direct_gross_profit,GrossProfit,NetSales,CostOfSales
7677,S100W6QZ,3632329000.0,29046781000.0,25414451000.0,direct_gross_profit,GrossProfit,NetSales,CostOfSales
7678,S100Y0LF,5635279000.0,10045883000.0,4410604000.0,direct_gross_profit,GrossProfit,NetSales,CostOfSales
7679,S100Y4K3,35173000000.0,163808000000.0,128634000000.0,direct_gross_profit,GrossProfit,NetSales,CostOfSales
7681,S100XACD,2741850000.0,21489527000.0,18747677000.0,direct_gross_profit,GrossProfit,NetSales,CostOfSales
7682,S100WXPT,4505514000.0,6092106000.0,1586591000.0,direct_gross_profit,GrossProfit,NetSales,CostOfSales
7683,S100Y159,14185265000.0,23327358000.0,9142092000.0,direct_gross_profit,GrossProfit,NetSales,CostOfSales
7685,S100XTBY,53290650000.0,100614584000.0,47323933000.0,direct_gross_profit,GrossProfit,NetSales,CostOfSales
7686,S100W5XS,31065000000.0,134514000000.0,103449000000.0,direct_gross_profit,GrossProfit,NetSales,CostOfSales
7687,S100W5G7,2324000000.0,6776000000.0,4451000000.0,direct_gross_profit,GrossProfit,NetSales,CostOfSales
7689,S100Y7HW,657804000.0,1779529000.0,1121724000.0,direct_gross_profit,GrossProfit,NetSales,CostOfSales
7692,S100WWYA,2191270000.0,6725025000.0,4533754000.0,direct_gross_profit,GrossProfit,NetSales,CostOfSales
7694,S100W4K6,2978399000.0,13940858000.0,10962459000.0,direct_gross_profit,GrossProfit,NetSales,CostOfSales
7695,S100W51F,2371385000.0,10292863000.0,7921477000.0,direct_gross_profit,GrossProfit,NetSales,CostOfSales
7698,S100W76Y,9573444000.0,55001943000.0,45143989000.0,direct_gross_profit,GrossProfit,NetSales,CostOfSales
7701,S100W5IM,234442000000.0,539047000000.0,304604000000.0,direct_gross_profit,GrossProfit,NetSales,CostOfSales
7702,S100W4ZL,15924000000.0,69749000000.0,53824000000.0,direct_gross_profit,GrossProfit,NetSales,CostOfSales
7707,S100WS3N,1381084000.0,4692629000.0,3311544000.0,direct_gross_profit,GrossProfit,NetSales,CostOfSales
7709,S100V7BC,680326000.0,1662057000.0,981730000.0,direct_gross_profit,GrossProfit,NetSales,CostOfSales
7711,S100XAGE,1986738000.0,5467931000.0,3481193000.0,direct_gross_profit,GrossProfit,NetSales,CostOfSales
7713,S100WKLO,4325843000.0,11580528000.0,7254684000.0,direct_gross_profit,GrossProfit,NetSales,CostOfSales
7715,S100W6PX,22218315000.0,69544777000.0,47326462000.0,direct_gross_profit,GrossProfit,NetSales,CostOfSales
7716,S100XU9P,46060255000.0,81179143000.0,35118887000.0,direct_gross_profit,GrossProfit,NetSales,CostOfSales
7717,S100W6ME,12130000000.0,46182000000.0,34052000000.0,direct_gross_profit,GrossProfit,NetSales,CostOfSales
7719,S100Y7MQ,1545596000.0,4473482000.0,2927885000.0,direct_gross_profit,GrossProfit,NetSales,CostOfSales
7721,S100W7Z5,15827000000.0,57650000000.0,41823000000.0,direct_gross_profit,GrossProfit,NetSales,CostOfSales
7722,S100W84O,4899095000.0,13204277000.0,8305181000.0,direct_gross_profit,GrossProfit,NetSales,CostOfSales
7723,S100W1YA,12383000000.0,54286000000.0,41902000000.0,direct_gross_profit,GrossProfit,NetSales,CostOfSales
7725,S100WL5W,3004082000.0,6668651000.0,3664568000.0,direct_gross_profit,GrossProfit,NetSales,CostOfSales
7726,S100W6EU,4097083000.0,17284135000.0,13187051000.0,direct_gross_profit,GrossProfit,NetSales,CostOfSales
7727,S100W6CO,6132552000.0,15048652000.0,8916100000.0,direct_gross_profit,GrossProfit,NetSales,CostOfSales
7729,S100W0K6,62453000000.0,150534000000.0,88081000000.0,direct_gross_profit,GrossProfit,NetSales,CostOfSales
7730,S100X59Q,19317000000.0,29968000000.0,10650000000.0,direct_gross_profit,GrossProfit,NetSales,CostOfSales
7731,S100W1PH,311968000000.0,715285000000.0,403318000000.0,direct_gross_profit,GrossProfitIFRS,RevenueIFRS,CostOfSalesIFRS
7733,S100W009,683697000000.0,389797000000.0,313635000000.0,direct_gross_profit,GrossProfitIFRS,NetSales,CostOfSalesIFRS
7734,S100W5VY,24627358000.0,49038948000.0,24411589000.0,direct_gross_profit,GrossProfit,NetSales,CostOfSales
7735,S100VZW3,235298000000.0,625269000000.0,389971000000.0,direct_gross_profit,GrossProfit,NetSales,CostOfSales
7740,S100XUB4,37417000000.0,85071000000.0,47653000000.0,direct_gross_profit,GrossProfit,NetSales,CostOfSales
7741,S100VW2P,133442000000.0,866032000000.0,109229000000.0,direct_gross_profit,GrossProfit,RevenueIFRS,CostOfSales
7743,S100W2QR,14628047000.0,33231633000.0,18603586000.0,direct_gross_profit,GrossProfit,NetSales,CostOfSales
7744,S100XS3C,59697000000.0,119223000000.0,59526000000.0,direct_gross_profit,GrossProfitIFRS,RevenueIFRS,CostOfSalesIFRS
7745,S100W7MR,30203000000.0,67083000000.0,36880000000.0,direct_gross_profit,GrossProfit,NetSales,CostOfSales
7746,S100W8PS,1574607000.0,4686676000.0,3112069000.0,direct_gross_profit,GrossProfit,NetSales,CostOfSales
7747,S100WQNM,81235000000.0,120025000000.0,38789000000.0,direct_gross_profit,GrossProfit,NetSales,CostOfSales
7749,S100W2G9,8668226000.0,22553238000.0,13885011000.0,direct_gross_profit,GrossProfit,NetSales,CostOfSales
7751,S100XTLJ,544713000000.0,1837606000000.0,1292893000000.0,direct_gross_profit,GrossProfit,NetSales,CostOfSales
7752,S100VZRZ,868608000000.0,556967000000.0,1659268000000.0,direct_gross_profit,GrossProfitIFRS,NetSales,CostOfSalesIFRS
7760,S100XAL6,6741000000.0,17941000000.0,11200000000.0,direct_gross_profit,GrossProfit,NetSales,CostOfSales
7762,S100W634,134550000000.0,316885000000.0,182334000000.0,direct_gross_profit,GrossProfit,NetSales,CostOfSales
7769,S100VZ0N,6594000000.0,32666000000.0,26072000000.0,direct_gross_profit,GrossProfit,NetSales,CostOfSales
7771,S100VZHW,1501895000.0,7158415000.0,5656519000.0,direct_gross_profit,GrossProfit,NetSales,CostOfSales
7774,S100VZSY,1511234000.0,2455474000.0,944240000.0,direct_gross_profit,GrossProfit,NetSales,CostOfSales
7775,S100VZKD,4096971000.0,9951701000.0,5854729000.0,direct_gross_profit,GrossProfit,NetSales,CostOfSales
7776,S100XUKD,42749000.0,83678000.0,40929000.0,direct_gross_profit,GrossProfit,NetSales,CostOfSales
7777,S100WDJ9,4424594000.0,6934144000.0,2509550000.0,revenue_minus_cost_of_sales,NetSales-CostOfSales,NetSales,CostOfSales
7779,S100W3SR,2373000000.0,4384000000.0,2011000000.0,direct_gross_profit,GrossProfitIFRS,RevenueIFRS,CostOfSalesIFRS
7780,S100W68P,65080000000.0,121491000000.0,56411000000.0,direct_gross_profit,GrossProfit,NetSales,CostOfSales
7781,S100WR5J,6574204000.0,36220268000.0,29646064000.0,direct_gross_profit,GrossProfit,NetSales,CostOfSales
7782,S100XUH3,2378797000.0,7456078000.0,5077280000.0,direct_gross_profit,GrossProfit,NetSales,CostOfSales
7791,S100W4D5,6000258000.0,11509308000.0,5509050000.0,direct_gross_profit,GrossProfit,NetSales,CostOfSales
7792,S100XBZW,4657651000.0,6917910000.0,,direct_gross_profit,GrossProfit,NetSales,
7793,S100XVC1,3794341000.0,9402044000.0,,direct_gross_profit,GrossProfit,NetSales,
7794,S100W8YV,-168045000.0,902729000.0,1070775000.0,direct_gross_profit,GrossProfit,NetSales,CostOfSales
7795,S100W53O,4514975000.0,40353108000.0,35838132000.0,direct_gross_profit,GrossProfit,NetSales,CostOfSales
7800,S100XCGX,2873142000.0,8842205000.0,5969063000.0,direct_gross_profit,GrossProfit,NetSales,CostOfSales
7803,S100WQQH,20009623000.0,56175627000.0,36166003000.0,direct_gross_profit,GrossProfit,NetSales,CostOfSales
7804,S100XHVC,1918264000.0,4495008000.0,2576744000.0,direct_gross_profit,GrossProfit,NetSales,CostOfSales
7805,S100X68N,2091197000.0,9213751000.0,7122554000.0,direct_gross_profit,GrossProfit,NetSales,CostOfSales
7806,S100XBX1,62004000000.0,98810000000.0,36806000000.0,direct_gross_profit,GrossProfit,NetSales,CostOfSales
7807,S100Y797,2828509000.0,6394414000.0,3565904000.0,direct_gross_profit,GrossProfit,NetSales,CostOfSales
7808,S100WLYT,4333490000.0,20673104000.0,16339614000.0,direct_gross_profit,GrossProfit,NetSales,CostOfSales
7809,S100WQU3,5365890000.0,16502743000.0,11136852000.0,direct_gross_profit,GrossProfit,NetSales,CostOfSales
7810,S100WWNJ,1186727000.0,3757259000.0,2570532000.0,direct_gross_profit,GrossProfit,NetSales,CostOfSales
7811,S100Y635,9137958000.0,49635946000.0,40497988000.0,direct_gross_profit,GrossProfit,NetSales,CostOfSales
7812,S100WQQN,5619588000.0,18785006000.0,13165417000.0,direct_gross_profit,GrossProfit,NetSales,CostOfSales
7813,S100WLVW,2520979000.0,8422729000.0,5901750000.0,direct_gross_profit,GrossProfit,NetSales,CostOfSales
7814,S100XTTY,27758000000.0,86987000000.0,59229000000.0,direct_gross_profit,GrossProfit,NetSales,CostOfSales
7815,S100Y7DO,1688295000.0,6625098000.0,4936803000.0,direct_gross_profit,GrossProfit,NetSales,CostOfSales
7818,S100X6MS,10792648000.0,27453452000.0,16660804000.0,direct_gross_profit,GrossProfit,NetSales,CostOfSales
7819,S100XAKV,7064156000.0,22122189000.0,15058032000.0,direct_gross_profit,GrossProfit,NetSales,CostOfSales
7820,S100W0DW,5697479000.0,23976557000.0,18279077000.0,direct_gross_profit,GrossProfit,NetSales,CostOfSales
7821,S100WQAH,23792000000.0,64108000000.0,40315000000.0,direct_gross_profit,GrossProfit,NetSales,CostOfSales
7822,S100W3YW,14762000000.0,71202000000.0,56440000000.0,direct_gross_profit,GrossProfit,NetSales,CostOfSales
7823,S100W113,28694000000.0,43340000000.0,14646000000.0,direct_gross_profit,GrossProfit,NetSales,CostOfSales
7826,S100WR44,14188000000.0,57379000000.0,43191000000.0,direct_gross_profit,GrossProfit,NetSales,CostOfSales
7827,S100XHFP,2327705000.0,12639125000.0,10311420000.0,direct_gross_profit,GrossProfit,NetSales,CostOfSales
7831,S100XI2U,1209000000.0,8478000000.0,7269000000.0,direct_gross_profit,GrossProfit,NetSales,CostOfSales
7832,S100W1PX,495185000000.0,1241513000000.0,746327000000.0,direct_gross_profit,GrossProfit,NetSales,CostOfSales
7833,S100XT95,2887972000.0,6956047000.0,4068075000.0,direct_gross_profit,GrossProfit,NetSales,CostOfSales
7836,S100W77N,1268285000.0,4347136000.0,3078851000.0,direct_gross_profit,GrossProfit,NetSales,CostOfSales
7837,S100W01E,3074842000.0,10990391000.0,7915549000.0,direct_gross_profit,GrossProfit,NetSales,CostOfSales
7839,S100XC55,15023894000.0,32363623000.0,17339728000.0,direct_gross_profit,GrossProfit,NetSales,CostOfSales
7840,S100W0N0,33056000000.0,60561000000.0,27505000000.0,direct_gross_profit,GrossProfit,NetSales,CostOfSales
7841,S100XTH1,2997693000.0,18237248000.0,15239555000.0,direct_gross_profit,GrossProfit,NetSales,CostOfSales
7844,S100W1QH,12930000000.0,27963000000.0,15032000000.0,direct_gross_profit,GrossProfit,NetSales,CostOfSales
7846,S100XU5I,64447000000.0,126391000000.0,61944000000.0,direct_gross_profit,GrossProfit,NetSales,CostOfSales
7847,S100Y66O,1481755000.0,2711902000.0,,direct_gross_profit,GrossProfit,NetSales,
7849,S100XSPB,4181313000.0,8143367000.0,,direct_gross_profit,GrossProfit,NetSales,
7850,S100WXH6,5024498000.0,16236035000.0,11211536000.0,direct_gross_profit,GrossProfit,NetSales,CostOfSales
7851,S100W9C5,735168000.0,2831271000.0,2096102000.0,direct_gross_profit,GrossProfit,NetSales,CostOfSales
7856,S100XHSU,8378632000.0,31936485000.0,23557852000.0,direct_gross_profit,GrossProfit,NetSales,CostOfSales
7857,S100VWWV,2874518000.0,12302163000.0,9427645000.0,direct_gross_profit,GrossProfit,NetSales,CostOfSales
7859,S100W2YT,2111255000.0,5800748000.0,3689492000.0,direct_gross_profit,GrossProfit,NetSales,CostOfSales
7860,S100W7IB,35839000000.0,131691000000.0,95852000000.0,direct_gross_profit,GrossProfit,NetSales,CostOfSales
7863,S100W2YE,1930334000.0,9792084000.0,7861749000.0,direct_gross_profit,GrossProfit,NetSales,CostOfSales
7864,S100W1PG,44989000000.0,212345000000.0,167356000000.0,direct_gross_profit,GrossProfit,NetSales,CostOfSales
7865,S100XYGD,715653000.0,1612901000.0,897248000.0,direct_gross_profit,GrossProfit,NetSales,CostOfSales
7867,S100W42G,101349000000.0,250235000000.0,148886000000.0,direct_gross_profit,GrossProfit,NetSales,CostOfSales
7868,S100W6HP,16147000000.0,38302000000.0,22155000000.0,direct_gross_profit,GrossProfit,NetSales,CostOfSales
7871,S100W56Y,11989000000.0,39973000000.0,27984000000.0,direct_gross_profit,GrossProfit,NetSales,CostOfSales
7872,S100W8TS,17531000000.0,31271000000.0,13740000000.0,direct_gross_profit,GrossProfit,NetSales,CostOfSales
7874,S100W6L2,17450000000.0,66304000000.0,48853000000.0,direct_gross_profit,GrossProfit,NetSales,CostOfSales
7875,S100W4QN,7310000000.0,34198000000.0,26887000000.0,direct_gross_profit,GrossProfit,NetSales,CostOfSales
7877,S100W7DP,1924034000.0,8857662000.0,6933627000.0,direct_gross_profit,GrossProfit,NetSales,CostOfSales
7878,S100Y03W,782523000.0,4241718000.0,3459194000.0,direct_gross_profit,GrossProfit,NetSales,CostOfSales
7879,S100XMYW,13075844000.0,64686719000.0,51610874000.0,direct_gross_profit,GrossProfit,NetSales,CostOfSales
7883,S100W4VF,3512078000.0,16436392000.0,12924313000.0,direct_gross_profit,GrossProfit,NetSales,CostOfSales
7885,S100W6G7,5400039000.0,23969636000.0,18569596000.0,direct_gross_profit,GrossProfit,NetSales,CostOfSales
7886,S100W7DW,1785102000.0,16072189000.0,14287087000.0,direct_gross_profit,GrossProfit,NetSales,CostOfSales
7887,S100W3JE,7168934000.0,24921443000.0,17752508000.0,direct_gross_profit,GrossProfit,NetSales,CostOfSales
7888,S100WLZJ,15020000000.0,91101000000.0,76080000000.0,direct_gross_profit,GrossProfit,NetSales,CostOfSales
7893,S100W1GF,11182252000.0,30995936000.0,19813684000.0,direct_gross_profit,GrossProfitIFRS,RevenueIFRS,CostOfSalesIFRS
7896,S100W788,2297000000.0,15425000000.0,13122000000.0,direct_gross_profit,GrossProfit,NetSales,CostOfSales
7897,S100W7BZ,1353308000.0,10224606000.0,8871298000.0,direct_gross_profit,GrossProfit,NetSales,CostOfSales
7898,S100W1IO,17676000000.0,65157000000.0,47480000000.0,direct_gross_profit,GrossProfit,NetSales,CostOfSales
7901,S100WEC4,239122000.0,2169091000.0,,direct_gross_profit,GrossProfit,NetSales,
7902,S100W7BV,749923000.0,2423115000.0,1673192000.0,direct_gross_profit,GrossProfit,NetSales,CostOfSales
7906,S100W6P4,62061000000.0,138276000000.0,76214000000.0,direct_gross_profit,GrossProfit,NetSales,CostOfSales
7908,S100Y5JR,4107000000.0,10546000000.0,6438000000.0,direct_gross_profit,GrossProfit,NetSales,CostOfSales
7911,S100W6KM,413044000000.0,1717960000000.0,1304916000000.0,direct_gross_profit,GrossProfit,NetSales,CostOfSales
7912,S100W0RF,338278000000.0,1457609000000.0,1119330000000.0,direct_gross_profit,GrossProfit,NetSales,CostOfSales
7914,S100VZKO,20132000000.0,99977000000.0,79844000000.0,direct_gross_profit,GrossProfit,NetSales,CostOfSales
7915,S100XS06,43695000000.0,194898000000.0,151203000000.0,direct_gross_profit,GrossProfitIFRS,RevenueIFRS,CostOfSalesIFRS
7916,S100W6S9,2595953000.0,14756503000.0,12160549000.0,direct_gross_profit,GrossProfit,NetSales,CostOfSales
7917,S100VWQZ,34735000000.0,150735000000.0,115999000000.0,direct_gross_profit,GrossProfit,NetSales,CostOfSales
7918,S100W7N9,11693000000.0,17373000000.0,5680000000.0,direct_gross_profit,GrossProfit,NetSales,CostOfSales
7919,S100W272,2897789000.0,14570564000.0,11672774000.0,direct_gross_profit,GrossProfit,NetSales,CostOfSales
7921,S100WKEQ,12626220000.0,29678785000.0,17052564000.0,direct_gross_profit,GrossProfit,NetSales,CostOfSales
7922,S100W8T1,2100618000.0,9666593000.0,7565975000.0,direct_gross_profit,GrossProfit,NetSales,CostOfSales
7925,S100W0WK,8772000000.0,24166000000.0,15393000000.0,direct_gross_profit,GrossProfit,NetSales,CostOfSales
7927,S100W2GU,5550535000.0,27574022000.0,22023486000.0,direct_gross_profit,GrossProfit,NetSales,CostOfSales
7928,S100X6CC,793531000.0,8359845000.0,7566313000.0,direct_gross_profit,GrossProfit,NetSales,CostOfSales
7931,S100VXQL,17755000000.0,45113000000.0,27358000000.0,direct_gross_profit,GrossProfit,NetSales,CostOfSales
7932,S100W3MZ,13174000000.0,49141000000.0,35967000000.0,direct_gross_profit,GrossProfit,NetSales,CostOfSales
7936,S100XOKI,460632000000.0,810916000000.0,350283000000.0,direct_gross_profit,GrossProfit,NetSales,CostOfSales
7937,S100VWP8,11383000000.0,24835000000.0,,direct_gross_profit,GrossProfit,NetSales,
7938,S100W16P,11441000000.0,23558000000.0,12116000000.0,direct_gross_profit,GrossProfit,NetSales,CostOfSales
7939,S100W1BG,1737276000.0,5868794000.0,,direct_gross_profit,GrossProfit,NetSales,
7940,S100VZ8G,5645623000.0,25566685000.0,19921062000.0,direct_gross_profit,GrossProfit,NetSales,CostOfSales
7942,S100W6DX,36527000000.0,142250000000.0,105722000000.0,direct_gross_profit,GrossProfit,NetSales,CostOfSales
7943,S100W36Q,50851000000.0,148478000000.0,97626000000.0,direct_gross_profit,GrossProfit,NetSales,CostOfSales
7944,S100XNYW,42644000000.0,100952000000.0,58307000000.0,direct_gross_profit,GrossProfit,NetSales,CostOfSales
7946,S100W8KE,1014004000.0,4726835000.0,3712830000.0,direct_gross_profit,GrossProfit,NetSales,CostOfSales
7947,S100W0NR,73071000000.0,235628000000.0,162556000000.0,direct_gross_profit,GrossProfit,NetSales,CostOfSales
7949,S100W21J,15759000000.0,44616000000.0,28857000000.0,direct_gross_profit,GrossProfit,NetSales,CostOfSales
7951,S100W0I3,176140000000.0,462080000000.0,285939000000.0,direct_gross_profit,GrossProfitIFRS,RevenueIFRS,CostOfSalesIFRS
7952,S100W5N2,18296000000.0,72918000000.0,54621000000.0,direct_gross_profit,GrossProfit,NetSales,CostOfSales
7953,S100W76I,4929959000.0,21390614000.0,16460654000.0,direct_gross_profit,GrossProfit,NetSales,CostOfSales
7955,S100W3K6,41123000000.0,129987000000.0,88864000000.0,direct_gross_profit,GrossProfit,NetSales,CostOfSales
7956,S100XS40,54839000000.0,109170000000.0,54331000000.0,direct_gross_profit,GrossProfit,NetSales,CostOfSales
7957,S100XUTV,1795485000.0,8475562000.0,6680076000.0,direct_gross_profit,GrossProfit,NetSales,CostOfSales
7962,S100WOZY,14865140000.0,39639500000.0,24774360000.0,direct_gross_profit,GrossProfit,NetSales,CostOfSales
7963,S100XTH9,5382952000.0,11857057000.0,6474105000.0,direct_gross_profit,GrossProfit,NetSales,CostOfSales
7965,S100XL0K,30407000000.0,91151000000.0,60743000000.0,direct_gross_profit,GrossProfit,NetSales,CostOfSales
7966,S100VZ46,79844000000.0,315978000000.0,236134000000.0,direct_gross_profit,GrossProfit,NetSales,CostOfSales
7970,S100W0CP,33944000000.0,110582000000.0,76638000000.0,direct_gross_profit,GrossProfit,NetSales,CostOfSales
7971,S100VXRC,30659000000.0,105709000000.0,75050000000.0,direct_gross_profit,GrossProfit,NetSales,CostOfSales
7972,S100XRIU,64812000000.0,153682000000.0,88870000000.0,direct_gross_profit,GrossProfit,NetSales,CostOfSales
7974,S100W73A,710168000000.0,1164922000000.0,454754000000.0,direct_gross_profit,GrossProfit,NetSales,CostOfSales
7975,S100Y4MZ,3102825000.0,9124181000.0,6021355000.0,direct_gross_profit,GrossProfit,NetSales,CostOfSales
7976,S100XRVX,44522000000.0,89814000000.0,45291000000.0,direct_gross_profit,GrossProfit,NetSales,CostOfSales
7979,S100W1YJ,22991000000.0,38698000000.0,15706000000.0,direct_gross_profit,GrossProfit,NetSales,CostOfSales
7980,S100W6SJ,4431312000.0,14112597000.0,9681284000.0,direct_gross_profit,GrossProfit,NetSales,CostOfSales
7981,S100W088,84507000000.0,243380000000.0,158872000000.0,direct_gross_profit,GrossProfit,NetSales,CostOfSales
7983,S100XHE6,1235210000.0,12518322000.0,11283111000.0,direct_gross_profit,GrossProfit,NetSales,CostOfSales
7984,S100XUE1,144469000000.0,359876000000.0,215407000000.0,direct_gross_profit,GrossProfit,NetSales,CostOfSales
7985,S100W6SF,2521887000.0,7277473000.0,4755586000.0,direct_gross_profit,GrossProfit,NetSales,CostOfSales
7986,S100XV0H,1855841000.0,6064134000.0,4208292000.0,direct_gross_profit,GrossProfit,NetSales,CostOfSales
7987,S100W4JX,15637000000.0,62767000000.0,47130000000.0,direct_gross_profit,GrossProfit,NetSales,CostOfSales
7988,S100W273,107200000000.0,353038000000.0,245838000000.0,direct_gross_profit,GrossProfit,NetSales,CostOfSales
7989,S100XRWE,17529182000.0,42623365000.0,25094183000.0,direct_gross_profit,GrossProfit,NetSales,CostOfSales
7990,S100W2BX,46547000000.0,123983000000.0,77435000000.0,direct_gross_profit,GrossProfit,NetSales,CostOfSales
7991,S100W84L,10547926000.0,33707297000.0,23159370000.0,direct_gross_profit,GrossProfit,NetSales,CostOfSales
7992,S100XUCR,1400839000.0,4300610000.0,2899770000.0,direct_gross_profit,GrossProfit,NetSales,CostOfSales
7994,S100W3JI,105529000000.0,314527000000.0,208997000000.0,direct_gross_profit,GrossProfit,NetSales,CostOfSales
7995,S100W3A8,23843000000.0,60113000000.0,36269000000.0,direct_gross_profit,GrossProfit,NetSales,CostOfSales
7997,S100XN3N,1505172000.0,6342269000.0,4837097000.0,direct_gross_profit,GrossProfit,NetSales,CostOfSales
7999,S100W6AN,7617000000.0,18128000000.0,10511000000.0,direct_gross_profit,GrossProfit,NetSales,CostOfSales
8001,S100VYN4,2376456000000.0,4543426000000.0,12347778000000.0,direct_gross_profit,GrossProfitIFRS,Revenue,CostOfSalesIFRS
8002,S100VYGC,1146585000000.0,,6643583000000.0,direct_gross_profit,GrossProfitIFRS,,CostOfSalesIFRS
8005,S100Y6S7,36681000000.0,88548000000.0,51866000000.0,direct_gross_profit,GrossProfit,NetSales,CostOfSales
8006,S100W8U0,9565000000.0,123092000000.0,113526000000.0,direct_gross_profit,GrossProfit,NetSales,CostOfSales
8007,S100W18S,13032000000.0,94503000000.0,81471000000.0,direct_gross_profit,GrossProfit,NetSales,CostOfSales
8008,S100Y6MY,23249000000.0,69962000000.0,46713000000.0,direct_gross_profit,GrossProfit,NetSales,CostOfSales
8011,S100Y77K,35595000000.0,58448000000.0,22852000000.0,direct_gross_profit,GrossProfit,NetSales,CostOfSales
8012,S100VYOV,181291000000.0,944961000000.0,763670000000.0,direct_gross_profit,GrossProfit,NetSales,CostOfSales
8013,S100Y034,4903000000.0,13356000000.0,8453000000.0,direct_gross_profit,GrossProfit,NetSales,CostOfSales
8014,S100VWT5,40515000000.0,311546000000.0,271030000000.0,direct_gross_profit,GrossProfit,NetSales,CostOfSales
8015,S100VZM9,1121124000000.0,2051204000000.0,9188426000000.0,direct_gross_profit,GrossProfitIFRS,NetSales,CostOfSalesIFRS
8016,S100Y6J6,129415000000.0,236804000000.0,107388000000.0,direct_gross_profit,GrossProfit,NetSales,CostOfSales
8018,S100W01N,9881000000.0,22594000000.0,12713000000.0,direct_gross_profit,GrossProfit,NetSales,CostOfSales
8020,S100W7BP,155007000000.0,,895929000000.0,direct_gross_profit,GrossProfitIFRS,,CostOfSalesIFRS
8022,S100VZPV,98558000000.0,240335000000.0,141777000000.0,direct_gross_profit,GrossProfit,NetSales,CostOfSales
8023,S100W5I6,10556181000.0,42690259000.0,32134077000.0,direct_gross_profit,GrossProfit,NetSales,CostOfSales
8025,S100W4T4,2834634000.0,9681223000.0,6846589000.0,direct_gross_profit,GrossProfit,NetSales,CostOfSales
8029,S100XUE5,31456000000.0,52117000000.0,20660000000.0,direct_gross_profit,GrossProfit,NetSales,CostOfSales
8030,S100W7AF,14657000000.0,149902000000.0,135245000000.0,direct_gross_profit,GrossProfit,NetSales,CostOfSales
8031,S100VYNR,1288366000000.0,,,direct_gross_profit,GrossProfitIFRS,,
8032,S100W6SG,91466000000.0,554524000000.0,463058000000.0,direct_gross_profit,GrossProfit,Revenue,CostOfSales
8035,S100VX9R,1146287000000.0,2431568000000.0,1285280000000.0,direct_gross_profit,GrossProfit,NetSales,CostOfSales
8037,S100W79K,93037000000.0,574281000000.0,482750000000.0,direct_gross_profit,GrossProfit,NetSales,CostOfSales
8039,S100W7U0,4200000000.0,62414000000.0,58213000000.0,direct_gross_profit,GrossProfit,NetSales,CostOfSales
8040,S100XV8N,8431674000.0,16112480000.0,7680805000.0,direct_gross_profit,GrossProfit,NetSales,CostOfSales
8041,S100W4I7,31346000000.0,350092000000.0,318745000000.0,direct_gross_profit,GrossProfit,NetSales,CostOfSales
8043,S100W6HO,41882000000.0,436112000000.0,394230000000.0,direct_gross_profit,GrossProfit,NetSales,CostOfSales
8045,S100VYR9,3365497000.0,39841896000.0,36476398000.0,direct_gross_profit,GrossProfit,NetSales,CostOfSales
8046,S100VZJS,6460000000.0,35585000000.0,29124000000.0,direct_gross_profit,GrossProfit,NetSales,CostOfSales
8050,S100W5ES,137068000000.0,304744000000.0,167676000000.0,direct_gross_profit,GrossProfit,NetSales,CostOfSales
8051,S100VY8W,76969000000.0,516126000000.0,439156000000.0,direct_gross_profit,GrossProfit,NetSales,CostOfSales
8052,S100W4VE,19107000000.0,124323000000.0,105216000000.0,direct_gross_profit,GrossProfit,NetSales,CostOfSales
8053,S100VYV6,1444755000000.0,,5847329000000.0,direct_gross_profit,GrossProfitIFRS,,CostOfSalesIFRS
8056,S100W2VL,105831000000.0,404010000000.0,298179000000.0,direct_gross_profit,GrossProfitIFRS,RevenueIFRS,CostOfSalesIFRS
8057,S100WU40,52387000000.0,337055000000.0,284668000000.0,direct_gross_profit,GrossProfit,NetSales,CostOfSales
8058,S100VYM1,1836394000000.0,2123803000000.0,16781207000000.0,direct_gross_profit,GrossProfitIFRS,Revenue,CostOfSalesIFRS
8059,S100W0GD,37771000000.0,221755000000.0,183984000000.0,direct_gross_profit,GrossProfit,NetSales,CostOfSales
8060,S100XS8C,217695000000.0,679799000000.0,462103000000.0,direct_gross_profit,GrossProfit,NetSales,CostOfSales
8061,S100VYSS,25261000000.0,93734000000.0,68473000000.0,direct_gross_profit,GrossProfit,NetSales,CostOfSales
8065,S100W0AO,22771000000.0,284552000000.0,261780000000.0,direct_gross_profit,GrossProfit,NetSales,CostOfSales
8066,S100W8XJ,60190000000.0,339005000000.0,278815000000.0,direct_gross_profit,GrossProfit,NetSales,CostOfSales
8070,S100W40V,9266000000.0,70716000000.0,61450000000.0,direct_gross_profit,GrossProfit,NetSales,CostOfSales
8074,S100W4J8,61300000000.0,528387000000.0,467087000000.0,direct_gross_profit,GrossProfit,NetSales,CostOfSales
8075,S100W3WK,40398000000.0,617177000000.0,576778000000.0,direct_gross_profit,GrossProfit,NetSales,CostOfSales
8076,S100VZF7,8284096000.0,173013544000.0,164729448000.0,direct_gross_profit,GrossProfit,NetSales,CostOfSales
8077,S100XHJG,5153899000.0,22538290000.0,17384391000.0,direct_gross_profit,GrossProfit,NetSales,CostOfSales
8078,S100W5R7,140607000000.0,2554514000000.0,2413907000000.0,direct_gross_profit,GrossProfit,NetSales,CostOfSales
8079,S100XHU7,19649094000.0,124897835000.0,105248741000.0,direct_gross_profit,GrossProfit,NetSales,CostOfSales
8081,S100W2KS,18002000000.0,125665000000.0,107662000000.0,direct_gross_profit,GrossProfit,NetSales,CostOfSales
8084,S100W1PN,27543000000.0,215790000000.0,188246000000.0,direct_gross_profit,GrossProfit,NetSales,CostOfSales
8085,S100W8R8,11985000000.0,112512000000.0,100527000000.0,direct_gross_profit,GrossProfit,NetSales,CostOfSales
8086,S100W5PM,190883000000.0,644586000000.0,453702000000.0,direct_gross_profit,GrossProfit,NetSales,CostOfSales
8088,S100VY24,234311000000.0,883011000000.0,648699000000.0,direct_gross_profit,GrossProfit,NetSales,CostOfSales
8089,S100W5XO,34682000000.0,243054000000.0,208372000000.0,direct_gross_profit,GrossProfit,NetSales,CostOfSales
8091,S100W743,12228000000.0,133900000000.0,121672000000.0,direct_gross_profit,GrossProfit,NetSales,CostOfSales
8093,S100W0AA,10931000000.0,52982000000.0,42050000000.0,direct_gross_profit,GrossProfit,NetSales,CostOfSales
8095,S100XN2T,21866000000.0,62744000000.0,40877000000.0,direct_gross_profit,GrossProfit,NetSales,CostOfSales
8097,S100W2Q4,58910000000.0,654404000000.0,595494000000.0,direct_gross_profit,GrossProfit,NetSales,CostOfSales
8098,S100VXMQ,78923000000.0,837838000000.0,758915000000.0,direct_gross_profit,GrossProfit,NetSales,CostOfSales
8101,S100W83R,16858000000.0,165541000000.0,148683000000.0,direct_gross_profit,GrossProfit,NetSales,CostOfSales
8103,S100W88G,12552000000.0,156727000000.0,144174000000.0,direct_gross_profit,GrossProfit,NetSales,CostOfSales
8104,S100W6YG,9156000000.0,65406000000.0,56250000000.0,direct_gross_profit,GrossProfit,NetSales,CostOfSales
8105,S100W75R,1009708000.0,3098781000.0,2089072000.0,direct_gross_profit,GrossProfit,NetSales,CostOfSales
8107,S100W4Z5,726534000.0,1758327000.0,1031793000.0,direct_gross_profit,GrossProfit,NetSales,CostOfSales
8111,S100W20B,68925000000.0,132305000000.0,63379000000.0,direct_gross_profit,GrossProfit,NetSales,CostOfSales
8113,S100XSEU,369558000000.0,369227000000.0,575710000000.0,direct_gross_profit,GrossProfitIFRS,NetSales,CostOfSalesIFRS
8115,S100W244,5121436000.0,11946371000.0,6824934000.0,direct_gross_profit,GrossProfit,NetSales,CostOfSales
8117,S100W227,18428587000.0,41558245000.0,23129658000.0,direct_gross_profit,GrossProfit,NetSales,CostOfSales
8118,S100W6PG,4687000000.0,8157000000.0,3469000000.0,direct_gross_profit,GrossProfit,NetSales,CostOfSales
8119,S100W3YY,10296461000.0,39861723000.0,29565262000.0,direct_gross_profit,GrossProfit,NetSales,CostOfSales
8123,S100W5RR,5258777000.0,12769226000.0,7510449000.0,direct_gross_profit,GrossProfit,NetSales,CostOfSales
8125,S100Y60M,27381000000.0,93222000000.0,65841000000.0,direct_gross_profit,GrossProfit,NetSales,CostOfSales
8127,S100X5IF,10961171000.0,19444522000.0,8483351000.0,direct_gross_profit,GrossProfit,NetSales,CostOfSales
8129,S100W4IU,121648000000.0,1518495000000.0,1396847000000.0,direct_gross_profit,GrossProfit,NetSales,CostOfSales
8130,S100VY7B,62373000000.0,200378000000.0,138005000000.0,direct_gross_profit,GrossProfit,NetSales,CostOfSales
8131,S100VXKD,42503000000.0,339656000000.0,297152000000.0,direct_gross_profit,GrossProfit,NetSales,CostOfSales
8132,S100W65X,39177000000.0,317118000000.0,277940000000.0,direct_gross_profit,GrossProfit,NetSales,CostOfSales
8133,S100VYGF,94423000000.0,924481000000.0,830058000000.0,direct_gross_profit,GrossProfitIFRS,RevenueIFRS,CostOfSalesIFRS
8135,S100W675,9582000000.0,55309000000.0,45726000000.0,direct_gross_profit,GrossProfit,NetSales,CostOfSales
8136,S100W57J,109899000000.0,144904000000.0,35005000000.0,direct_gross_profit,GrossProfit,NetSales,CostOfSales
8137,S100W5UA,19148000000.0,139581000000.0,120432000000.0,direct_gross_profit,GrossProfit,NetSales,CostOfSales
8138,S100W50A,2566676000.0,27117644000.0,24550967000.0,direct_gross_profit,GrossProfit,NetSales,CostOfSales
8139,S100W5Q4,5678159000.0,22891436000.0,17213277000.0,direct_gross_profit,GrossProfit,NetSales,CostOfSales
8141,S100W1IZ,9245000000.0,116008000000.0,106762000000.0,direct_gross_profit,GrossProfit,NetSales,CostOfSales
8142,S100Y0S6,49980000000.0,259747000000.0,209768000000.0,direct_gross_profit,GrossProfit,NetSales,CostOfSales
8143,S100Y7LR,1164823000.0,1873910000.0,709087000.0,direct_gross_profit,GrossProfit,NetSales,CostOfSales
8144,S100W2H3,10152000000.0,54326000000.0,44174000000.0,direct_gross_profit,GrossProfit,NetSales,CostOfSales
8147,S100W5WU,4132746000.0,21676665000.0,17543919000.0,direct_gross_profit,GrossProfit,NetSales,CostOfSales
8150,S100VYO4,16546000000.0,157342000000.0,140795000000.0,direct_gross_profit,GrossProfit,NetSales,CostOfSales
8151,S100X93C,14207979000.0,32559176000.0,18351196000.0,direct_gross_profit,GrossProfit,NetSales,CostOfSales
8152,S100VW6T,6567652000.0,30363512000.0,23795859000.0,direct_gross_profit,GrossProfit,NetSales,CostOfSales
8153,S100W05O,45447000000.0,96185000000.0,50738000000.0,direct_gross_profit,GrossProfit,NetSales,CostOfSales
8154,S100W7GR,71665000000.0,547779000000.0,476113000000.0,direct_gross_profit,GrossProfit,NetSales,CostOfSales
8157,S100W41O,22665000000.0,98263000000.0,75598000000.0,direct_gross_profit,GrossProfit,NetSales,CostOfSales
8158,S100VYTW,9071000000.0,65146000000.0,56074000000.0,direct_gross_profit,GrossProfit,NetSales,CostOfSales
8159,S100W8E7,29328000000.0,220112000000.0,190783000000.0,direct_gross_profit,GrossProfit,NetSales,CostOfSales
8160,S100W7XS,36290000000.0,53229000000.0,16938000000.0,direct_gross_profit,GrossProfit,NetSales,CostOfSales
8163,S100VZKI,44563463000.0,67478441000.0,22914978000.0,direct_gross_profit,GrossProfit,NetSales,CostOfSales
8165,S100XRKS,21332000000.0,42071000000.0,20738000000.0,direct_gross_profit,GrossProfit,NetSales,CostOfSales
8166,S100Y4PA,5359800000.0,8666899000.0,3307099000.0,direct_gross_profit,GrossProfit,NetSales,CostOfGoodsSold
8167,S100Y650,74116000000.0,278197000000.0,204080000000.0,direct_gross_profit,OperatingGrossProfit,OperatingRevenue1,CostOfSales
8173,S100W56V,102212000000.0,403259000000.0,301047000000.0,direct_gross_profit,GrossProfit,NetSales,CostOfSales
8174,S100VZQ0,74554000000.0,200057000000.0,125503000000.0,direct_gross_profit,GrossProfit,NetSales,CostOfSales
8179,S100XSL6,117630000000.0,165495000000.0,47864000000.0,direct_gross_profit,GrossProfit,NetSales,CostOfSales
8181,S100Y6NU,2885442000.0,4807526000.0,1922084000.0,direct_gross_profit,GrossProfit,NetSales,CostOfSales
8185,S100Y563,38317000000.0,81377000000.0,43060000000.0,direct_gross_profit,GrossProfit,NetSales,CostOfSales
8194,S100Y63D,299229000000.0,881325000000.0,582096000000.0,direct_gross_profit,OperatingGrossProfit,OperatingRevenue1,CostOfSales
8198,S100Y494,109557000000.0,384951000000.0,275394000000.0,direct_gross_profit,OperatingGrossProfit,OperatingRevenue1,CostOfSales
8200,S100Y5IT,29641411000.0,44265122000.0,15443269000.0,direct_gross_profit,OperatingGrossProfit,NetSales,CostOfSales
8202,S100XUR2,19737000000.0,57535000000.0,37798000000.0,direct_gross_profit,GrossProfit,NetSales,CostOfSales
8203,S100Y58I,36687000000.0,142134000000.0,110997000000.0,direct_gross_profit,OperatingGrossProfit,NetSales,CostOfGoodsSold
8207,S100W77R,8508531000.0,11887480000.0,3378949000.0,direct_gross_profit,GrossProfit,NetSales,CostOfSales
8214,S100W5EZ,80690000000.0,192688000000.0,111998000000.0,direct_gross_profit,GrossProfit,NetSales,CostOfSales
8217,S100Y362,79541000000.0,239549000000.0,173114000000.0,direct_gross_profit,OperatingGrossProfit,NetSales,CostOfSales
8218,S100W4UL,130181000000.0,365074000000.0,249010000000.0,direct_gross_profit,OperatingGrossProfit,NetSales,CostOfSales
8219,S100W2TN,100152000000.0,194790000000.0,94638000000.0,direct_gross_profit,GrossProfit,NetSales,CostOfSales
8225,S100W53E,2390000000.0,8536884000.0,6146884000.0,direct_gross_profit,GrossProfit,NetSales,CostOfSales
8226,S100W7TQ,3532063000.0,18725797000.0,15193733000.0,direct_gross_profit,GrossProfit,NetSales,CostOfSales
8227,S100Y2PP,245254000000.0,700034000000.0,456130000000.0,direct_gross_profit,OperatingGrossProfit,NetSales,CostOfSales
8230,S100W01G,13463000000.0,21228000000.0,7765000000.0,direct_gross_profit,GrossProfit,NetSales,CostOfSales
8233,S100Y4X5,299593000000.0,492370000000.0,192777000000.0,direct_gross_profit,OperatingGrossProfit,OperatingRevenue1,CostOfSales
8237,S100Y6A8,24809000000.0,45706000000.0,20897000000.0,direct_gross_profit,GrossProfit,NetSales,CostOfSales
8242,S100W06B,307356000000.0,681759000000.0,374403000000.0,direct_gross_profit,GrossProfit,NetSales,CostOfSales
8244,S100Y5TO,63768000000.0,125450000000.0,61682000000.0,direct_gross_profit,GrossProfit,NetSales,CostOfSales
8247,S100Y7D9,8474877000.0,15983358000.0,7508481000.0,direct_gross_profit,GrossProfit,NetSales,CostOfSales
8252,S100W1HA,222757000000.0,254392000000.0,31635000000.0,direct_gross_profit,GrossProfit,Revenue,CostOfSales
8253,S100W4A7,,,69419000000.0,unavailable,,,CostOfSalesIFRS
8254,S100X51A,2295190000.0,4632926000.0,2337735000.0,direct_gross_profit,GrossProfit,NetSales,CostOfSales
8255,S100VTDY,82056000000.0,281870000000.0,199814000000.0,direct_gross_profit,GrossProfit,NetSales,CostOfSales
8260,S100Y6HY,10730000000.0,21283000000.0,10552000000.0,direct_gross_profit,GrossProfit,NetSales,CostOfSales
8267,S100Y5VH,3910376000000.0,10715342000000.0,6706260000000.0,direct_gross_profit,OperatingGrossProfit,OperatingRevenue1,CostOfSales
8273,S100Y671,222409000000.0,569312000000.0,346902000000.0,direct_gross_profit,OperatingGrossProfit,OperatingRevenue1,CostOfSales
8275,S100W0YM,25250531000.0,72629302000.0,47378770000.0,direct_gross_profit,GrossProfit,NetSales,CostOfSales
8276,S100Y2FB,165977000000.0,456010000000.0,290033000000.0,direct_gross_profit,OperatingGrossProfit,OperatingRevenue1,CostOfSales
8278,S100Y4CU,249760000000.0,784256000000.0,564499000000.0,direct_gross_profit,OperatingGrossProfit,NetSales,CostOfSales
8281,S100W6XT,97671000000.0,250603000000.0,152931000000.0,direct_gross_profit,GrossProfit,NetSales,CostOfSales
8282,S100W60H,204323000000.0,738019000000.0,533695000000.0,direct_gross_profit,GrossProfit,NetSales,CostOfSales
8283,S100W05Z,88982000000.0,1188097000000.0,1099114000000.0,direct_gross_profit,GrossProfit,NetSales,CostOfSales
8285,S100VXNG,19864000000.0,103072000000.0,83207000000.0,direct_gross_profit,GrossProfit,NetSales,CostOfSales
8289,S100Y77X,36848000000.0,90809000000.0,61308000000.0,direct_gross_profit,OperatingGrossProfit,NetSales,CostOfSales
8291,S100W2P5,35405000000.0,141605000000.0,106199000000.0,direct_gross_profit,GrossProfit,NetSales,CostOfSales
8303,S100R8GG,,,,unavailable,,,
8304,S100W0JL,,,,unavailable,,,
8306,S100W4FB,,1343267000000.0,,unavailable,,OperatingRevenue1,
8308,S100VY61,,122135000000.0,,unavailable,,OperatingRevenue1,
8309,S100VXKF,,157127000000.0,,unavailable,,OperatingRevenue1,
8316,S100W0S7,4126746000000.0,1431414000000.0,,direct_gross_profit,ConsolidatedGrossProfit,OperatingRevenue1,
8331,S100W35G,,,,unavailable,,,
8334,S100VXIB,,,,unavailable,,,
8336,S100VZHU,,,,unavailable,,,
8337,S100W1I2,,,,unavailable,,,
8338,S100VZA7,,,,unavailable,,,
8341,S100W06G,,,,unavailable,,,
8343,S100W1T2,,,,unavailable,,,
8344,S100VZWT,,,,unavailable,,,
8345,S100W0HK,,,,unavailable,,,
8346,S100VZOK,,,,unavailable,,,
8349,S100W0ZD,,,,unavailable,,,
8354,S100W43D,,65309000000.0,,unavailable,,OperatingRevenue1,
8358,S100W2NC,,,,unavailable,,,
8359,S100VXML,,,,unavailable,,,
8360,S100VXWE,,,,unavailable,,,
8361,S100W0WN,,,,unavailable,,,
8362,S100VYU1,,,,unavailable,,,
8364,S100W0CW,,,,unavailable,,,
8365,S100W4TK,,,,unavailable,,,
8366,S100VY59,,,,unavailable,,,
8367,S100W4FP,,,,unavailable,,,
8368,S100VYD2,,,,unavailable,,,
8370,S100W0CH,,,,unavailable,,,
8377,S100VY9C,,11317000000.0,,unavailable,,OperatingRevenue1,
8381,S100W06A,,,,unavailable,,,
8383,S100W213,,,,unavailable,,,
8386,S100W116,,,,unavailable,,,
8387,S100VYQS,,,,unavailable,,,
8388,S100W01T,,,,unavailable,,,
8392,S100VYMF,,,,unavailable,,,
8393,S100W59Q,,,,unavailable,,,
8395,S100W553,,,,unavailable,,,
8399,S100W0MP,,,,unavailable,,,
8410,S100VY5C,,,,unavailable,,,
8411,S100VYQX,,594409000000.0,,unavailable,,OperatingRevenue1,
8416,S100W2YX,,,,unavailable,,,
8418,S100W0ZZ,,26895000000.0,,unavailable,,OperatingRevenue1,
8424,S100W1AT,119630000000.0,678395000000.0,558764000000.0,direct_gross_profit,GrossProfit,NetSales,CostOfSales
8425,S100W17L,86343000000.0,695423000000.0,609080000000.0,direct_gross_profit,GrossProfit,NetSales,CostOfSales
8439,S100VZGW,280226000000.0,1368635000000.0,1088408000000.0,direct_gross_profit,GrossProfit,NetSales,CostOfSales
8473,S100W739,150371000000.0,176300000000.0,280604000000.0,direct_gross_profit,GrossProfit,NetSales,CostOfSalesIFRS
8508,S100XSDT,2730000000.0,,,direct_gross_profit,OperatingGrossProfit,,
8511,S100W2L0,18746000000.0,59486000000.0,,direct_gross_profit,OperatingGrossProfit,OperatingRevenue1,
8518,S100W411,1206000000.0,3092000000.0,,direct_gross_profit,OperatingGrossProfit,OperatingRevenue1,
8522,S100W5NA,,,,unavailable,,,
8524,S100VZRN,,,,unavailable,,,
8537,S100VZXH,,,,unavailable,,,
8541,S100W2BD,,,,unavailable,,,
8542,S100W5EN,,,,unavailable,,,
8544,S100W2G3,,,,unavailable,,,
8550,S100W1SX,,,,unavailable,,,
8551,S100VVE5,,,,unavailable,,,
8558,S100W3IC,,,,unavailable,,,
8562,S100W0W6,,,,unavailable,,,
8563,S100VYPZ,,,,unavailable,,,
8566,S100W11D,48546000000.0,312156000000.0,263609000000.0,direct_gross_profit,GrossProfit,NetSales,CostOfSales
8570,S100Y53G,,569370000000.0,,unavailable,,OperatingRevenue1,
8572,S100VZEV,,318001000000.0,,unavailable,,OperatingRevenue1,
8584,S100W2LQ,,190978000000.0,,unavailable,,OperatingRevenue1,
8585,S100W0EA,,245270000000.0,,unavailable,,OperatingRevenue1,
8591,S100W3GQ,245581000000.0,554076000000.0,308495000000.0,direct_gross_profit,GrossProfit,NetSales,CostOfSales
8593,S100W2ZG,462637000000.0,2090808000000.0,1628170000000.0,direct_gross_profit,GrossProfit,NetSales,CostOfSales
8595,S100VYZC,17397000000.0,29685000000.0,12287000000.0,direct_gross_profit,GrossProfit,NetSales,CostOfSales
8596,S100W4UI,8987000000.0,39338000000.0,30351000000.0,direct_gross_profit,GrossProfit,NetSales,CostOfSales
8600,S100W4LT,,5389000000.0,,unavailable,,OperatingRevenue1,
8601,S100VYQN,,,,unavailable,,,
8604,S100VXTD,,,,unavailable,,,
8609,S100W2CD,,14036000000.0,,unavailable,,OperatingRevenue1,
8613,S100VYTT,,,,unavailable,,,
8614,S100W34W,,,,unavailable,,,
8616,S100W1PE,,18014000000.0,,unavailable,,OperatingRevenue1,
8617,S100W40P,,,,unavailable,,,
8622,S100W2S3,,,,unavailable,,,
8624,S100VZKQ,,,,unavailable,,,
8628,S100W2C3,,,,unavailable,,,
8630,S100W7EG,,142732000000.0,,unavailable,,OperatingRevenue1,
8697,S100VXCQ,,59873000000.0,,unavailable,,OperatingRevenue1,
8698,S100W7OX,5165000000.0,5189000000.0,24000000.0,revenue_minus_cost_of_sales,OperatingRevenue1-CostOfSalesIFRS,OperatingRevenue1,CostOfSalesIFRS
8699,S100W3G4,10728000000.0,37766000000.0,27038000000.0,revenue_minus_cost_of_sales,OperatingRevenue1-CostOfSales,OperatingRevenue1,CostOfSales
8700,S100W0FU,,,,unavailable,,,
8704,S100VY4K,13340000000.0,13429000000.0,89000000.0,revenue_minus_cost_of_sales,OperatingRevenue1-CostOfSales,OperatingRevenue1,CostOfSales
8705,S100VZSZ,,,,unavailable,,,
8706,S100W0MB,,,,unavailable,,,
8707,S100W4OK,,,,unavailable,,,
8708,S100W2LU,,20587000000.0,,unavailable,,OperatingRevenue1,
8713,S100VZ4Y,,2912000000.0,,unavailable,,OperatingRevenue1,
8714,S100VXY5,,5248000000.0,,unavailable,,OperatingRevenue1,
8715,S100W0KC,,2507000000.0,,unavailable,,OperatingRevenue1,
8725,S100W0ZR,,5282979000000.0,,unavailable,,NetSales,
8737,S100W632,21958139000.0,56483749000.0,34525610000.0,revenue_minus_cost_of_sales,OperatingRevenue1-CostOfSales,OperatingRevenue1,CostOfSales
8739,S100Y7MV,,,,unavailable,,,
8742,S100W8GM,3182753000.0,4680292000.0,1497538000.0,direct_gross_profit,OperatingGrossProfit,OperatingRevenue1,CostOfSales
8746,S100W9K4,495114000.0,9489720000.0,8994605000.0,direct_gross_profit,GrossProfit,NetSales,CostOfSales
8747,S100W7GA,,,,unavailable,,,
8750,S100VZZW,,225620000000.0,,unavailable,,OperatingRevenue1,
8766,S100VZFR,,755128000000.0,,unavailable,,OperatingRevenue1,
8769,S100W5D3,5911276000.0,8554077000.0,2642801000.0,direct_gross_profit,GrossProfit,NetSales,CostOfSales
8771,S100W6OX,7818743000.0,10224244000.0,2405500000.0,direct_gross_profit,GrossProfit,NetSales,CostOfSales
8772,S100W3LE,,,90043000.0,unavailable,,,CostOfSales
8783,S100X79I,722662000.0,1109625000.0,386963000.0,direct_gross_profit,GrossProfit,NetSales,CostOfSales
8789,S100XAOR,8869088000.0,14432830000.0,5563741000.0,direct_gross_profit,GrossProfit,NetSales,CostOfSales
8793,S100W5B4,29660000000.0,254879000000.0,225218000000.0,direct_gross_profit,GrossProfit,NetSales,CostOfSales
8795,S100VXGU,,87829000000.0,,unavailable,,OperatingRevenue1,
8798,S100XB5U,5218999000.0,6608055000.0,1389055000.0,direct_gross_profit,GrossProfit,NetSales,CostOfSales
8801,S100VWQS,635126000000.0,2625363000000.0,,direct_gross_profit,OperatingGrossProfit,OperatingRevenue1,
8802,S100VYRJ,417965000000.0,1579812000000.0,,direct_gross_profit,OperatingGrossProfit,OperatingRevenue1,
8803,S100W279,19046000000.0,42075000000.0,23028000000.0,direct_gross_profit,GrossProfit,NetSales,CostOfSales
8804,S100XSKF,142332000000.0,474586000000.0,,direct_gross_profit,OperatingGrossProfit,OperatingRevenue1,
8818,S100VZIE,6914151000.0,19584874000.0,12670723000.0,direct_gross_profit,GrossProfit,NetSales,CostOfSales
8830,S100W6AG,351278000000.0,1014239000000.0,,direct_gross_profit,GrossProfit,OperatingRevenue1,
8835,S100W5SG,4370000000.0,42076000000.0,37705000000.0,direct_gross_profit,GrossProfit,NetSales,CostOfSales
8836,S100W40G,321000000.0,383000000.0,62000000.0,direct_gross_profit,GrossProfit,NetSales,CostOfSales
8841,S100W5EP,3166000000.0,13152000000.0,9985000000.0,direct_gross_profit,GrossProfit,NetSales,CostOfSales
8844,S100W0W9,27305000000.0,129528000000.0,102222000000.0,direct_gross_profit,GrossProfit,NetSales,CostOfSales
8848,S100W751,77293000000.0,431831000000.0,354537000000.0,direct_gross_profit,GrossProfit,NetSales,CostOfSales
8850,S100W7F6,77579000000.0,232978000000.0,155398000000.0,direct_gross_profit,GrossProfit,NetSales,CostOfSales
8860,S100VXSS,19612706000.0,123927013000.0,104314307000.0,direct_gross_profit,GrossProfit,NetSales,CostOfSales
8864,S100W50W,6770207000.0,31121104000.0,24350897000.0,direct_gross_profit,GrossProfit,NetSales,CostOfSales
8869,S100W63Z,16569000000.0,79902000000.0,63333000000.0,direct_gross_profit,GrossProfit,NetSales,CostOfSales
8871,S100W2PL,14325000000.0,29294000000.0,14969000000.0,direct_gross_profit,GrossProfit,NetSales,CostOfSales
8876,S100W51Z,66308000000.0,142908000000.0,76600000000.0,direct_gross_profit,GrossProfitIFRS,RevenueIFRS,CostOfSalesIFRS
8877,S100W2D0,23810339000.0,94765891000.0,70955552000.0,direct_gross_profit,GrossProfit,NetSales,CostOfSales
8881,S100W4EZ,10412235000.0,76235977000.0,65823741000.0,direct_gross_profit,GrossProfit,NetSales,CostOfSales
8887,S100WLYW,924171000.0,5419140000.0,4494969000.0,direct_gross_profit,GrossProfit,NetSales,CostOfSales
8891,S100W25O,4490132000.0,30417651000.0,25927519000.0,direct_gross_profit,GrossProfit,NetSales,CostOfSales
8892,S100W2BR,36469000000.0,113603000000.0,77134000000.0,direct_gross_profit,GrossProfit,NetSales,CostOfSales
8894,S100XI3C,860455000.0,34570459000.0,33710003000.0,direct_gross_profit,GrossProfit,NetSales,CostOfSales
8897,S100W4D8,42311000000.0,196523000000.0,154212000000.0,direct_gross_profit,GrossProfit,NetSales,CostOfSales
8898,S100W3M8,3087428000.0,4045647000.0,,direct_gross_profit,OperatingGrossProfit,OperatingRevenue1,
8904,S100X6R9,9115156000.0,69270817000.0,60155661000.0,direct_gross_profit,GrossProfit,NetSales,CostOfSales
8908,S100WKTA,6789567000.0,22255059000.0,15465492000.0,direct_gross_profit,GrossProfit,NetSales,CostOfSales
8912,S100WQF8,720603000.0,2476579000.0,1755975000.0,direct_gross_profit,GrossProfit,NetSales,CostOfSales
8914,S100XSP5,9542353000.0,26418207000.0,16875854000.0,direct_gross_profit,GrossProfit,NetSales,CostOfSales
8917,S100XH4J,7023279000.0,42883657000.0,35860377000.0,direct_gross_profit,GrossProfit,NetSales,CostOfSales
8918,S100Y721,1101271000.0,3007169000.0,1905897000.0,direct_gross_profit,GrossProfit,NetSales,CostOfSales
8919,S100W49Q,30702000000.0,129537000000.0,98835000000.0,direct_gross_profit,GrossProfit,NetSales,CostOfSales
8920,S100W0M0,7798796000.0,35619427000.0,27820631000.0,direct_gross_profit,GrossProfit,NetSales,CostOfSales
8923,S100XMC1,39895915000.0,56833354000.0,54793054000.0,direct_gross_profit,GrossProfitIFRS,NetSales,CostOfSalesIFRS
8927,S100WXQ6,5697232000.0,29796484000.0,24099252000.0,direct_gross_profit,GrossProfit,NetSales,CostOfSales
8928,S100WQZC,26232021000.0,130973099000.0,104741078000.0,direct_gross_profit,GrossProfit,NetSales,CostOfSales
8929,S100XTDE,8501000000.0,41785000000.0,33284000000.0,direct_gross_profit,GrossProfit,NetSales,CostOfSales
8931,S100Y62K,9563468000.0,42144739000.0,32581270000.0,direct_gross_profit,GrossProfit,NetSales,CostOfSales
8934,S100W1T3,32225000000.0,103174000000.0,70949000000.0,direct_gross_profit,GrossProfit,NetSales,CostOfSales
8935,S100W2SI,20644000000.0,112429000000.0,91785000000.0,direct_gross_profit,GrossProfit,NetSales,CostOfSales
8938,S100W8RF,972000000.0,2043000000.0,1070000000.0,direct_gross_profit,GrossProfit,NetSales,CostOfSales
8944,S100X9MO,8800836000.0,18603111000.0,9802275000.0,direct_gross_profit,GrossProfit,NetSales,CostOfSales
8945,S100WQZF,2048229000.0,8695906000.0,6647676000.0,direct_gross_profit,GrossProfit,NetSales,CostOfSales
8946,S100XUGB,1125938000.0,4541319000.0,3415380000.0,direct_gross_profit,GrossProfit,NetSales,CostOfSales
8995,S100W5P9,457230000.0,3274673000.0,2817443000.0,direct_gross_profit,GrossProfit,NetSales,CostOfSales
8996,S100XS94,5037670000.0,16928018000.0,11890348000.0,direct_gross_profit,GrossProfit,NetSales,CostOfSales
8999,S100W80D,7341927000.0,53960131000.0,46618203000.0,direct_gross_profit,GrossProfit,NetSales,CostOfSales
9001,S100VXA3,,631461000000.0,,unavailable,,OperatingRevenue1,
9003,S100W0XK,,292178000000.0,,unavailable,,OperatingRevenue1,
9005,S100W6EI,60973000000.0,1054981000000.0,,direct_gross_profit,OperatingGrossProfit,OperatingRevenue1,
9006,S100W4LL,,293860000000.0,,unavailable,,OperatingRevenue1,
9007,S100W2L1,,422700000000.0,,unavailable,,OperatingRevenue1,
9008,S100W3HD,,452916000000.0,,unavailable,,OperatingRevenue1,
9009,S100W81A,,319314000000.0,,unavailable,,OperatingRevenue1,
9010,S100VYIY,6371915000.0,52230503000.0,,direct_gross_profit,OperatingGrossProfit,OperatingRevenue1,
9012,S100W52S,,5276389000.0,,unavailable,,OperatingRevenue1,
9017,S100W4JC,6449725000.0,19998620000.0,13548894000.0,direct_gross_profit,GrossProfit,NetSales,CostOfSales
9020,S100VYOS,,2887553000000.0,,unavailable,,OperatingRevenue1,
9021,S100VYFN,,1707944000000.0,,unavailable,,NetSales,
9022,S100W2Z6,,1831847000000.0,,unavailable,,NetSales,
9023,S100W3LV,,407832000000.0,,unavailable,,OperatingRevenue1,
9024,S100W1OD,,901131000000.0,,unavailable,,OperatingRevenue1,
9025,S100W21M,40328000000.0,344987000000.0,304659000000.0,direct_gross_profit,GrossProfit,NetSales,CostOfSales
9028,S100WRNH,21753000000.0,147843000000.0,126090000000.0,direct_gross_profit,GrossProfitIFRS,RevenueIFRS,CostOfSalesIFRS
9029,S100VWZH,9025980000.0,48126040000.0,39100060000.0,direct_gross_profit,GrossProfit,NetSales,CostOfSales
9031,S100W6IJ,,443495000000.0,,unavailable,,OperatingRevenue1,
9033,S100W5O2,,33709000000.0,,unavailable,,OperatingRevenue1,
9034,S100W6AR,2928777000.0,,,direct_gross_profit,OperatingGrossProfit,,
9036,S100W3XG,1047227000.0,10370887000.0,9323660000.0,direct_gross_profit,GrossProfit,NetSales,CostOfSales
9037,S100VZJX,18220000000.0,146668000000.0,,direct_gross_profit,OperatingGrossProfit,OperatingRevenue1,
9039,S100W1EA,46486000000.0,121023000000.0,74537000000.0,direct_gross_profit,GrossProfit,NetSales,CostOfSales
9041,S100VZTK,,1741787000000.0,,unavailable,,OperatingRevenue1,
9042,S100VXO3,,1106854000000.0,,unavailable,,OperatingRevenue1,
9044,S100VY49,,260787000000.0,,unavailable,,OperatingRevenue1,
9045,S100VYHN,,313546000000.0,,unavailable,,OperatingRevenue1,
9046,S100VX2K,,22131000000.0,,unavailable,,OperatingRevenue1,
9048,S100W4F4,,690720000000.0,,unavailable,,OperatingRevenue1,
9049,S100VZNX,,14459000000.0,,unavailable,,OperatingRevenue1,
9051,S100W6S6,3583898000.0,18824835000.0,,direct_gross_profit,OperatingGrossProfit,OperatingRevenue1,
9052,S100VYAX,,38489000000.0,,unavailable,,OperatingRevenue1,
9057,S100VYO5,4466000000.0,48631000000.0,,direct_gross_profit,OperatingGrossProfit,OperatingRevenue1,
9059,S100W6B7,5772000000.0,52009000000.0,,direct_gross_profit,OperatingGrossProfit,OperatingRevenue1,
9060,S100W969,4817065000.0,66001552000.0,,direct_gross_profit,OperatingGrossProfit,OperatingRevenue1,
9063,S100W50O,2737764000.0,38346578000.0,,direct_gross_profit,OperatingGrossProfit,OperatingRevenue1,
9064,S100VXJ4,70026000000.0,1762696000000.0,,direct_gross_profit,OperatingGrossProfit,OperatingRevenue1,
9065,S100W1SE,73654000000.0,606791000000.0,533136000000.0,direct_gross_profit,GrossProfit,NetSales,CostOfSales
9067,S100W1FE,4479000000.0,46145000000.0,,direct_gross_profit,OperatingGrossProfit,OperatingRevenue1,
9068,S100W6XI,19616000000.0,144572000000.0,,direct_gross_profit,OperatingGrossProfit,OperatingRevenue1,
9069,S100W47X,135014000000.0,854550000000.0,,direct_gross_profit,OperatingGrossProfit,OperatingRevenue1,
9072,S100W5BJ,38803000000.0,247890000000.0,209086000000.0,direct_gross_profit,GrossProfit,NetSales,CostOfSales
9073,S100W32C,624431000.0,8421594000.0,7797163000.0,direct_gross_profit,GrossProfit,NetSales,CostOfSales
9074,S100VZWR,4178000000.0,37090000000.0,32912000000.0,direct_gross_profit,GrossProfit,NetSales,CostOfSales
9075,S100W1TS,16922000000.0,302495000000.0,285572000000.0,direct_gross_profit,GrossProfit,NetSales,CostOfSales
9076,S100W4TE,86614000000.0,737377000000.0,650763000000.0,direct_gross_profit,GrossProfit,NetSales,CostOfSales
9081,S100W20C,21656000000.0,118149000000.0,96492000000.0,direct_gross_profit,GrossProfit,NetSales,CostOfSales
9082,S100W7H0,1741000000.0,19042000000.0,17301000000.0,direct_gross_profit,GrossProfit,NetSales,CostOfSales
9083,S100W4OG,12211000000.0,52954000000.0,40742000000.0,direct_gross_profit,GrossProfit,NetSales,CostOfSales
9087,S100W3OZ,974671000.0,8345345000.0,,direct_gross_profit,OperatingGrossProfit,OperatingRevenue1,
9090,S100W3OV,21413000000.0,208370000000.0,186957000000.0,direct_gross_profit,GrossProfit,NetSales,CostOfSales
9101,S100VY80,469338000000.0,2588700000000.0,2119361000000.0,direct_gross_profit,GrossProfit,NetSales,CostOfSales
9104,S100W1NC,317665000000.0,1775470000000.0,1457805000000.0,direct_gross_profit,GrossProfit,NetSales,CostOfSales
9107,S100VYMJ,182253000000.0,1047944000000.0,,direct_gross_profit,GrossProfit,NetSales,
9110,S100W1FW,27986000000.0,247408000000.0,,direct_gross_profit,GrossProfit,NetSales,
9115,S100W5GZ,16402825000.0,67544205000.0,51141380000.0,direct_gross_profit,GrossProfit,NetSales,CostOfSales
9119,S100W0HT,28525000000.0,141866000000.0,113341000000.0,direct_gross_profit,GrossProfit,NetSales,CostOfSales
9127,S100W0LU,,5389052000.0,,unavailable,,OperatingRevenue1,
9130,S100W7NI,,,,unavailable,,,
9142,S100VUGL,,454393000000.0,,unavailable,,NetSales,
9143,S100W6EF,160430000000.0,1479239000000.0,,direct_gross_profit,OperatingGrossProfit,OperatingRevenue1,
9145,S100XT1Y,3782000000.0,33515000000.0,,direct_gross_profit,OperatingGrossProfit,OperatingRevenue1,
9147,S100XTG8,240662000000.0,2574826000000.0,2334163000000.0,direct_gross_profit,GrossProfitIFRS,RevenueIFRS,CostOfSalesIFRS
9158,S100W87M,23172000000.0,47043000000.0,23871000000.0,direct_gross_profit,GrossProfitIFRS,RevenueIFRS,CostOfSalesIFRS
9159,S100WQSX,1380445000.0,3925672000.0,2545226000.0,direct_gross_profit,GrossProfit,NetSales,CostOfSales
9160,S100XSAX,12236259000.0,22039886000.0,9803626000.0,direct_gross_profit,GrossProfitIFRS,RevenueIFRS,CostOfSalesIFRS
9162,S100WR5N,2300607000.0,17160468000.0,14859861000.0,direct_gross_profit,GrossProfit,NetSales,CostOfSales
9163,S100XGYG,6237644000.0,24158934000.0,17921289000.0,direct_gross_profit,GrossProfitIFRS,RevenueIFRS,CostOfSalesIFRS
9165,S100WM9C,1238897000.0,4025193000.0,2786295000.0,direct_gross_profit,GrossProfit,NetSales,CostOfSales
9166,S100Y1F9,39270000000.0,170787000000.0,131517000000.0,direct_gross_profit,GrossProfit,NetSales,CostOfSales
9168,S100Y6K8,4607716000.0,8421187000.0,3813471000.0,direct_gross_profit,GrossProfitIFRS,RevenueIFRS,CostOfSalesIFRS
9171,S100W7OA,11109877000.0,53071602000.0,41961724000.0,direct_gross_profit,GrossProfit,NetSales,CostOfSales
9173,S100XTPA,2003410000.0,14288469000.0,12285058000.0,direct_gross_profit,GrossProfit,NetSales,CostOfSales
9193,S100W1LV,1457631000.0,12041210000.0,10583579000.0,direct_gross_profit,GrossProfit,NetSales,CostOfSales
9201,S100W1KL,285201000000.0,1844095000000.0,,direct_gross_profit,OperatingGrossProfit,RevenueIFRS,
9202,S100W708,418314000000.0,2261856000000.0,1843542000000.0,direct_gross_profit,GrossProfit,NetSales,CostOfSales
9204,S100W68U,,,,unavailable,,,
9206,S100W8W7,4517000000.0,,,direct_gross_profit,OperatingGrossProfit,,
9211,S100XVKK,7125336000.0,11937987000.0,4812651000.0,direct_gross_profit,GrossProfitIFRS,RevenueIFRS,CostOfSalesIFRS
9212,S100XC32,642483000.0,1075413000.0,432929000.0,direct_gross_profit,GrossProfit,NetSales,CostOfSales
9213,S100XTQ4,1094546000.0,1928222000.0,833675000.0,direct_gross_profit,GrossProfit,NetSales,CostOfSales
9214,S100XV6A,1166695000.0,2689620000.0,1522925000.0,direct_gross_profit,GrossProfit,NetSales,CostOfSales
9215,S100XMVS,720658000.0,1922120000.0,1201461000.0,direct_gross_profit,GrossProfit,NetSales,CostOfSales
9216,S100WLY3,5187595000.0,36424310000.0,31236715000.0,direct_gross_profit,GrossProfit,NetSales,CostOfSales
9218,S100XVL7,2126697000.0,6435361000.0,4308663000.0,direct_gross_profit,GrossProfit,NetSales,CostOfSales
9219,S100WQMM,732030000.0,2398476000.0,1666445000.0,direct_gross_profit,GrossProfit,NetSales,CostOfSales
9220,S100W9FS,1696667000.0,10967723000.0,9271056000.0,direct_gross_profit,GrossProfit,NetSales,CostOfSales
9221,S100W46Y,4295208000.0,9383585000.0,5088377000.0,direct_gross_profit,GrossProfit,NetSales,CostOfSales
9223,S100W52G,1007744000.0,4266335000.0,3258591000.0,direct_gross_profit,GrossProfit,NetSales,CostOfSales
9225,S100XC8K,1199861000.0,2239359000.0,1039498000.0,direct_gross_profit,GrossProfit,NetSales,CostOfSales
9227,S100W73W,1075027000.0,1608403000.0,533375000.0,direct_gross_profit,GrossProfit,NetSales,CostOfSales
9229,S100W40E,4914000000.0,26496000000.0,21581000000.0,direct_gross_profit,GrossProfit,NetSales,CostOfSales
9233,S100XAIS,11403533000.0,41591491000.0,30187958000.0,direct_gross_profit,GrossProfit,NetSales,CostOfSales
9235,S100WX4A,919104000.0,1567549000.0,648445000.0,direct_gross_profit,GrossProfit,NetSales,CostOfSales
9236,S100XHDT,182428000.0,654208000.0,471779000.0,direct_gross_profit,GrossProfit,NetSales,CostOfSales
9237,S100XIJD,,1872987000.0,,unavailable,,OperatingRevenue1,
9238,S100Y7MG,806185000.0,3127333000.0,2321147000.0,direct_gross_profit,GrossProfit,NetSales,CostOfSales
9240,S100WXTF,1055237000.0,2740744000.0,1685506000.0,direct_gross_profit,GrossProfit,NetSales,CostOfSales
9241,S100X7HS,987631000.0,1544788000.0,557156000.0,direct_gross_profit,GrossProfit,NetSales,CostOfSales
9242,S100WW8R,1086350000.0,1536683000.0,450332000.0,direct_gross_profit,GrossProfit,NetSales,CostOfSales
9244,S100XCIW,1131900000.0,3490010000.0,2358109000.0,direct_gross_profit,GrossProfit,NetSales,CostOfSales
9245,S100XS3W,3135768000.0,4364484000.0,1228715000.0,direct_gross_profit,GrossProfit,NetSales,CostOfSales
9246,S100XUQY,1978029000.0,5485518000.0,3507488000.0,direct_gross_profit,GrossProfit,NetSales,CostOfSales
9247,S100W1H5,36244000000.0,118678000000.0,82434000000.0,direct_gross_profit,GrossProfit,NetSales,CostOfSales
9248,S100XBUH,12821000000.0,45984000000.0,33162000000.0,direct_gross_profit,GrossProfit,NetSales,CostOfSales
9249,S100XCE0,2978035000.0,11261332000.0,8283297000.0,direct_gross_profit,GrossProfit,NetSales,CostOfSales
9250,S100XNEI,953796000.0,3333680000.0,2379883000.0,direct_gross_profit,GrossProfit,NetSales,CostOfSales
9251,S100XHI8,9154000000.0,19378000000.0,10223000000.0,direct_gross_profit,GrossProfitIFRS,RevenueIFRS,CostOfSalesIFRS
9252,S100X7D0,11022527000.0,15510418000.0,4487891000.0,direct_gross_profit,GrossProfitIFRS,RevenueIFRS,CostOfSalesIFRS
9253,S100Y4UP,1561239000.0,1589911000.0,28672000.0,direct_gross_profit,GrossProfit,NetSales,CostOfSales
9254,S100XHKO,1270197000.0,2630574000.0,1360377000.0,direct_gross_profit,GrossProfit,NetSales,CostOfSales
9256,S100W78X,638222000.0,3469824000.0,2831602000.0,direct_gross_profit,GrossProfit,NetSales,CostOfSales
9258,S100XBLU,1790106000.0,3178971000.0,1388865000.0,direct_gross_profit,GrossProfit,NetSales,CostOfSales
9259,S100XCXG,7531760000.0,7982449000.0,450688000.0,direct_gross_profit,OperatingGrossProfit,OperatingRevenue1,CostOfGoodsSold
9262,S100WWED,5041207000.0,14918337000.0,9877130000.0,direct_gross_profit,GrossProfit,NetSales,CostOfSales
9264,S100X5TH,2663670000.0,10114295000.0,7450624000.0,direct_gross_profit,GrossProfit,NetSales,CostOfSales
9265,S100WKIB,8777000000.0,64486000000.0,55709000000.0,direct_gross_profit,GrossProfit,NetSales,CostOfSales
9267,S100WNXO,40889000000.0,200786000000.0,159896000000.0,direct_gross_profit,GrossProfit,NetSales,CostOfSales
9268,S100W4JU,43600000000.0,268825000000.0,225224000000.0,direct_gross_profit,GrossProfit,NetSales,CostOfSales
9270,S100X6BK,21308802000.0,84841115000.0,63532312000.0,direct_gross_profit,GrossProfit,NetSales,CostOfSales
9271,S100XUPT,1957196000.0,2783840000.0,826643000.0,direct_gross_profit,GrossProfit,NetSales,CostOfSales
9272,S100W4GN,4451046000.0,5171406000.0,720360000.0,direct_gross_profit,GrossProfit,NetSales,CostOfSales
9273,S100WRWI,7697392000.0,23269231000.0,15571839000.0,direct_gross_profit,GrossProfit,NetSales,CostOfSales
9274,S100W4SL,129116000000.0,670042000000.0,540925000000.0,direct_gross_profit,GrossProfit,NetSales,CostOfSales
9278,S100WJSD,67751000000.0,119205000000.0,51454000000.0,direct_gross_profit,GrossProfit,NetSales,CostOfSales
9279,S100XHK4,23955347000.0,35878100000.0,11922753000.0,direct_gross_profit,GrossProfit,NetSales,CostOfSales
9301,S100W207,36435000000.0,284069000000.0,,direct_gross_profit,OperatingGrossProfit,OperatingRevenue1,
9302,S100W15N,40057000000.0,280742000000.0,,direct_gross_profit,OperatingGrossProfit,OperatingRevenue1,
9303,S100W076,23196000000.0,193398000000.0,,direct_gross_profit,OperatingGrossProfit,OperatingRevenue1,
9304,S100W4DX,8850000000.0,78620000000.0,,direct_gross_profit,OperatingGrossProfit,OperatingRevenue1,
9305,S100W18E,10107000000.0,80922000000.0,,direct_gross_profit,OperatingGrossProfit,OperatingRevenue1,
9306,S100VWPS,2193765000.0,29186611000.0,,direct_gross_profit,OperatingGrossProfit,OperatingRevenue1,
9307,S100W0YZ,2615320000.0,11235479000.0,,direct_gross_profit,OperatingGrossProfit,OperatingRevenue1,
9308,S100VYWI,5133000000.0,31770000000.0,26636000000.0,direct_gross_profit,GrossProfit,NetSales,CostOfSales
9310,S100W4H5,15078000000.0,124765000000.0,109686000000.0,direct_gross_profit,GrossProfit,NetSales,CostOfSales
9311,S100W598,8134107000.0,38943782000.0,30809674000.0,direct_gross_profit,GrossProfit,NetSales,CostOfSales
9312,S100W8A3,5082000000.0,50452000000.0,45369000000.0,direct_gross_profit,GrossProfit,NetSales,CostOfSales
9313,S100XN1B,1191305000.0,4931022000.0,3739717000.0,direct_gross_profit,GrossProfit,NetSales,CostOfSales
9319,S100W0X0,3320406000.0,27840047000.0,,direct_gross_profit,OperatingGrossProfit,OperatingRevenue1,
9322,S100W2UA,3847640000.0,25542740000.0,,direct_gross_profit,OperatingGrossProfit,OperatingRevenue1,
9324,S100W2MV,9563000000.0,75115000000.0,,direct_gross_profit,OperatingGrossProfit,OperatingRevenue1,
9325,S100VZZY,2565470000.0,31614988000.0,29049518000.0,direct_gross_profit,GrossProfit,NetSales,CostOfSales
9326,S100Y7I7,1535015000.0,18345950000.0,16810935000.0,direct_gross_profit,GrossProfit,NetSales,CostOfSales
9327,S100W63V,563128000.0,10259178000.0,,direct_gross_profit,GrossProfit,NetSales,
9330,S100XCV7,808023000.0,1547053000.0,739029000.0,direct_gross_profit,GrossProfit,NetSales,CostOfSales
9331,S100X1KO,1680506000.0,4588129000.0,2907622000.0,direct_gross_profit,GrossProfit,NetSales,CostOfSales
9332,S100W6W0,17441000000.0,101560000000.0,84119000000.0,direct_gross_profit,GrossProfit,NetSales,CostOfSales
9336,S100W7WX,34929000000.0,80178000000.0,45249000000.0,direct_gross_profit,GrossProfit,NetSales,CostOfSales
9337,S100XQKR,4895234000.0,5372804000.0,477570000.0,direct_gross_profit,GrossProfit,NetSales,CostOfSales
9338,S100XR70,11454382000.0,14431778000.0,2977395000.0,direct_gross_profit,GrossProfit,NetSales,CostOfSales
9339,S100XTSA,1525980000.0,3501884000.0,1975903000.0,direct_gross_profit,GrossProfit,NetSales,CostOfSales
9340,S100WR24,1704949000.0,3796454000.0,2091504000.0,direct_gross_profit,GrossProfit,NetSales,CostOfSales
9341,S100W2S5,7378327000.0,10006101000.0,2627773000.0,direct_gross_profit,GrossProfit,NetSales,CostOfSales
9342,S100XBCH,1030035000.0,2816558000.0,1786522000.0,direct_gross_profit,GrossProfit,NetSales,CostOfSales
9343,S100XS2D,3048897000.0,5005091000.0,1956194000.0,direct_gross_profit,GrossProfit,NetSales,CostOfSales
9344,S100WQ81,2857000000.0,5271000000.0,2414000000.0,direct_gross_profit,GrossProfit,NetSales,CostOfSales
9345,S100XUK8,2654133000.0,3491179000.0,837045000.0,direct_gross_profit,GrossProfit,NetSales,CostOfSales
9346,S100WOJI,1806249000.0,6376772000.0,4570522000.0,direct_gross_profit,GrossProfit,NetSales,CostOfSales
9347,S100VZ9X,39589000000.0,139868000000.0,100278000000.0,direct_gross_profit,GrossProfit,NetSales,CostOfSales
9348,S100W6DA,2244532000.0,4743238000.0,2498705000.0,direct_gross_profit,GrossProfit,NetSales,CostOfSales
9351,S100W18K,3543000000.0,35100000000.0,,direct_gross_profit,OperatingGrossProfit,OperatingRevenue1,
9353,S100W7JU,800244000.0,4338206000.0,3537961000.0,direct_gross_profit,GrossProfit,NetSales,CostOfSales
9355,S100W4QY,1769693000.0,13542957000.0,11773263000.0,direct_gross_profit,GrossProfit,NetSales,CostOfSales
9360,S100W7WR,4622000000.0,19116000000.0,14493000000.0,direct_gross_profit,GrossProfit,NetSales,CostOfSales
9361,S100WQSP,2370750000.0,13453480000.0,11082729000.0,direct_gross_profit,GrossProfit,NetSales,CostOfSales
9362,S100W9IY,2638000000.0,13726000000.0,11088000000.0,direct_gross_profit,GrossProfit,NetSales,CostOfSales
9363,S100W7MT,603671000.0,10477733000.0,,direct_gross_profit,OperatingGrossProfit,NetSales,
9364,S100VZET,55536000000.0,279182000000.0,,direct_gross_profit,OperatingGrossProfit,OperatingRevenue1,
9365,S100W67G,1035576000.0,,,direct_gross_profit,OperatingGrossProfit,,
9366,S100W2MI,4400378000.0,20122036000.0,15721658000.0,direct_gross_profit,GrossProfit,NetSales,CostOfSales
9367,S100W3KA,4644471000.0,16761492000.0,,direct_gross_profit,OperatingGrossProfit,OperatingRevenue1,
9368,S100VZMM,12424000000.0,61129000000.0,48704000000.0,direct_gross_profit,GrossProfit,NetSales,CostOfSales
9369,S100XMO8,12340000000.0,202602000000.0,,direct_gross_profit,OperatingGrossProfit,OperatingRevenue1,
9376,S100XCUO,902605000.0,4787696000.0,,direct_gross_profit,OperatingGrossProfit,OperatingRevenue1,
9380,S100W2BM,4023373000.0,39399447000.0,,direct_gross_profit,OperatingGrossProfit,OperatingRevenue1,
9381,S100Y53V,10292000000.0,58399000000.0,,direct_gross_profit,GrossProfit,OperatingRevenue1,
9385,S100W2CU,4157640000.0,19031005000.0,14873364000.0,direct_gross_profit,GrossProfit,NetSales,CostOfSales
9401,S100W67H,128738000000.0,406700000000.0,277962000000.0,direct_gross_profit,GrossProfit,NetSales,CostOfSales
9404,S100VZ6F,162970000000.0,461915000000.0,298945000000.0,direct_gross_profit,GrossProfit,NetSales,CostOfSales
9405,S100VZPT,30164000000.0,91923000000.0,61759000000.0,direct_gross_profit,GrossProfit,NetSales,CostOfSales
9408,S100W0FY,6525522000.0,24375376000.0,17849854000.0,direct_gross_profit,GrossProfit,NetSales,CostOfSales
9409,S100VZPB,86766000000.0,324056000000.0,237290000000.0,direct_gross_profit,GrossProfit,NetSales,CostOfSales
9412,S100VY95,57326000000.0,123721000000.0,,direct_gross_profit,OperatingGrossProfit,OperatingRevenue1,
9413,S100VZ2E,48256000000.0,155837000000.0,107581000000.0,direct_gross_profit,GrossProfit,NetSales,CostOfSales
9414,S100X54M,5628679000.0,11812703000.0,6184024000.0,direct_gross_profit,GrossProfit,NetSales,CostOfSales
9416,S100XV85,21679203000.0,39012357000.0,17333154000.0,direct_gross_profit,GrossProfit,NetSales,CostOfSales
9417,S100WQZW,1444589000.0,4361869000.0,2917279000.0,direct_gross_profit,GrossProfit,NetSales,CostOfSales
9418,S100X6EF,128825000000.0,390408000000.0,261583000000.0,direct_gross_profit,GrossProfit,NetSales,CostOfSales
9419,S100XSUO,4434240000.0,8348613000.0,3914373000.0,direct_gross_profit,GrossProfit,NetSales,CostOfSales
9421,S100WOVL,1797634000.0,9107700000.0,7310065000.0,direct_gross_profit,GrossProfit,NetSales,CostOfSales
9423,S100W4QO,1242451000.0,3139777000.0,1897326000.0,direct_gross_profit,GrossProfit,NetSales,CostOfSales
9424,S100W51C,3842711000.0,9238862000.0,5396150000.0,direct_gross_profit,GrossProfit,NetSales,CostOfSales
9425,S100XIBW,373219000.0,6259161000.0,5885941000.0,direct_gross_profit,GrossProfit,NetSales,CostOfSales
9428,S100W23S,15179000000.0,61568000000.0,46388000000.0,direct_gross_profit,GrossProfit,NetSales,CostOfSales
9432,S100W1FL,,1330710000000.0,,unavailable,,OperatingRevenue1,
9433,S100VXGZ,2508376000000.0,,3409577000000.0,direct_gross_profit,GrossProfitIFRS,,CostOfSalesIFRS
9434,S100W3P2,3160234000000.0,6544349000000.0,3384115000000.0,direct_gross_profit,GrossProfitIFRS,RevenueIFRS,CostOfSalesIFRS
9435,S100W9IT,343298000000.0,686553000000.0,343254000000.0,direct_gross_profit,GrossProfitIFRS,RevenueIFRS,CostOfSalesIFRS
9436,S100VWV1,,,,unavailable,,,
9438,S100XBLK,22223141000.0,29910940000.0,7687798000.0,direct_gross_profit,GrossProfit,NetSales,CostOfSales
9439,S100WQ59,497511000.0,1844060000.0,1346548000.0,direct_gross_profit,GrossProfit,NetSales,CostOfSales
9441,S100XT5G,31183900000.0,129301029000.0,98117128000.0,direct_gross_profit,GrossProfit,NetSales,CostOfSales
9444,S100WXOA,3286888000.0,17477470000.0,14190582000.0,direct_gross_profit,GrossProfit,NetSales,CostOfSales
9445,S100VYKV,6036208000.0,25684920000.0,19648712000.0,direct_gross_profit,GrossProfit,NetSales,CostOfSales
9446,S100XB7R,6402109000.0,17017023000.0,10614913000.0,direct_gross_profit,GrossProfit,NetSales,CostOfSales
9449,S100XSG3,171165000000.0,285261000000.0,114211000000.0,direct_gross_profit,GrossProfitIFRS,RevenueIFRS,CostOfSalesIFRS
9450,S100WQ94,5428000000.0,13070000000.0,7641000000.0,direct_gross_profit,GrossProfit,NetSales,CostOfSales
9466,S100W7R1,1392142000.0,5586340000.0,4194197000.0,direct_gross_profit,GrossProfit,NetSales,CostOfSales
9467,S100VXM8,10206122000.0,13620187000.0,,direct_gross_profit,GrossProfit,NetSales,
9468,S100W3PV,99075000000.0,277915000000.0,178840000000.0,direct_gross_profit,GrossProfit,NetSales,CostOfSales
9470,S100XBI1,54953000000.0,199119000000.0,144166000000.0,direct_gross_profit,GrossProfit,NetSales,CostOfSales
9474,S100W0L6,27095000000.0,64363000000.0,37267000000.0,direct_gross_profit,GrossProfit,NetSales,CostOfSales
9475,S100W7UR,2414318000.0,6256953000.0,3842635000.0,direct_gross_profit,GrossProfit,NetSales,CostOfSales
9476,S100XB7E,1200557000.0,3256664000.0,2056106000.0,direct_gross_profit,GrossProfit,NetSales,CostOfSales
9478,S100W0HL,3541000000.0,7242000000.0,3700000000.0,direct_gross_profit,GrossProfit,NetSales,CostOfSales
9501,S100W4QX,,6810391000000.0,,unavailable,,NetSales,
9502,S100VZ3E,,3669234000000.0,,unavailable,,OperatingRevenue1,
9503,S100W38I,,4337111000000.0,,unavailable,,NetSales,
9504,S100W1TM,,1529218000000.0,,unavailable,,OperatingRevenue1,
9505,S100W61P,,858275000000.0,,unavailable,,NetSales,
9506,S100W1ER,,2644912000000.0,,unavailable,,OperatingRevenue1,
9507,S100W2ML,783818000000.0,851399000000.0,67581000000.0,revenue_minus_cost_of_sales,NetSales-CostOfSales,NetSales,CostOfSales
9508,S100W361,,2356833000000.0,,unavailable,,OperatingRevenue1,
9509,S100W0BE,,902053000000.0,,unavailable,,NetSales,
9511,S100W4JG,,236540000000.0,,unavailable,,NetSales,
9513,S100W4NR,,1316674000000.0,,unavailable,,OperatingRevenue1,
9514,S100WRA0,2223000000.0,17599000000.0,15375000000.0,direct_gross_profit,GrossProfit,NetSales,CostOfSales
9517,S100W4K8,20504000000.0,123355000000.0,150713000000.0,direct_gross_profit,GrossProfitIFRS,NetSales,CostOfSalesIFRS
9519,S100VZPK,5931000000.0,70246000000.0,130000000.0,direct_gross_profit,GrossProfit,RevenueIFRS,CostOfSales
9531,S100W10L,406235000000.0,2636809000000.0,2230573000000.0,direct_gross_profit,GrossProfit,NetSales,CostOfSales
9532,S100W0XR,405577000000.0,2069019000000.0,1663441000000.0,direct_gross_profit,GrossProfit,NetSales,CostOfSales
9533,S100W1IJ,172844000000.0,656010000000.0,483165000000.0,direct_gross_profit,GrossProfit,NetSales,CostOfSales
9534,S100VZH3,50367000000.0,170295000000.0,119928000000.0,direct_gross_profit,GrossProfit,NetSales,CostOfSales
9535,S100W06L,26231000000.0,91595000000.0,65364000000.0,direct_gross_profit,GrossProfit,NetSales,CostOfSales
9536,S100W1IE,77035000000.0,254442000000.0,177407000000.0,direct_gross_profit,GrossProfit,NetSales,CostOfSales
9537,S100W3I4,22067998000.0,61766221000.0,39698222000.0,direct_gross_profit,GrossProfit,NetSales,CostOfSales
9539,S100XTA9,37613000000.0,117665000000.0,80052000000.0,direct_gross_profit,GrossProfit,NetSales,CostOfSales
9543,S100XTDX,45146000000.0,201207000000.0,156060000000.0,direct_gross_profit,GrossProfit,NetSales,CostOfSales
9551,S100W04R,38713000000.0,179094000000.0,140380000000.0,direct_gross_profit,GrossProfit,NetSales,CostOfSales
9552,S100XDNQ,10030209000.0,16602585000.0,6572376000.0,direct_gross_profit,GrossProfitIFRS,RevenueIFRS,CostOfSalesIFRS
9553,S100XBWH,4808366000.0,15670556000.0,10862189000.0,direct_gross_profit,GrossProfit,NetSales,CostOfSales
9554,S100XC3I,1629447000.0,2680875000.0,1051427000.0,direct_gross_profit,GrossProfit,NetSales,CostOfSales
9556,S100WX3D,9184300000.0,33551838000.0,24367538000.0,direct_gross_profit,GrossProfit,NetSales,CostOfSales
9557,S100WQ8N,2378162000.0,4957589000.0,2579427000.0,direct_gross_profit,GrossProfit,NetSales,CostOfSales
9558,S100XN61,2900082000.0,12084720000.0,9184637000.0,direct_gross_profit,GrossProfit,NetSales,CostOfSales
9560,S100X76V,4255327000.0,5747514000.0,1492186000.0,direct_gross_profit,GrossProfit,NetSales,CostOfSales
9561,S100XV2A,1233224000.0,1755413000.0,522188000.0,direct_gross_profit,GrossProfit,NetSales,CostOfSales
9562,S100XCST,1248645000.0,2003993000.0,755348000.0,direct_gross_profit,GrossProfit,NetSales,CostOfSales
9563,S100XU0E,567735000.0,2280860000.0,1713124000.0,direct_gross_profit,GrossProfit,NetSales,CostOfSales
9564,S100XDAL,4081618000.0,6099848000.0,2018230000.0,direct_gross_profit,GrossProfit,NetSales,CostOfSales
9565,S100XHR6,813983000.0,2843521000.0,2029538000.0,direct_gross_profit,GrossProfit,NetSales,CostOfSales
9601,S100Y66K,41621000000.0,98249000000.0,56628000000.0,direct_gross_profit,GrossProfit,NetSales,CostOfSales
9602,S100Y5O3,159593000000.0,,,direct_gross_profit,GrossProfit,,
9603,S100XHDP,117974000000.0,373106000000.0,255131000000.0,direct_gross_profit,GrossProfit,NetSales,CostOfSales
9605,S100W3VP,75292000000.0,179922000000.0,104629000000.0,direct_gross_profit,GrossProfit,NetSales,CostOfSales
9610,S100W9H1,1254459000.0,1688892000.0,434433000.0,direct_gross_profit,GrossProfit,NetSales,CostOfSales
9612,S100XUUG,9750000000.0,56574000000.0,46823000000.0,direct_gross_profit,GrossProfit,NetSales,CostOfSales
9616,S100W29G,55917000000.0,228933000000.0,173016000000.0,direct_gross_profit,GrossProfit,NetSales,CostOfSales
9619,S100VXBB,34024000000.0,154920000000.0,120896000000.0,direct_gross_profit,GrossProfit,NetSales,CostOfSales
9621,S100XUDU,29580000000.0,101038000000.0,71457000000.0,direct_gross_profit,GrossProfit,NetSales,CostOfSales
9622,S100XT9C,8268595000.0,71511451000.0,63242856000.0,direct_gross_profit,GrossProfit,NetSalesOfCompletedConstructionContractsCNS,CostOfSalesOfCompletedConstructionContractsCNS
9625,S100VZ9A,4535552000.0,13667390000.0,9131837000.0,direct_gross_profit,GrossProfit,NetSales,CostOfSales
9627,S100WFSA,74436000000.0,456804000000.0,382368000000.0,direct_gross_profit,GrossProfit,NetSales,CostOfSales
9628,S100W6NE,7767000000.0,31984000000.0,,direct_gross_profit,OperatingGrossProfit,OperatingRevenue1,
9629,S100VZ7Y,10228000000.0,16237000000.0,6009000000.0,direct_gross_profit,GrossProfit,NetSales,CostOfSales
9632,S100Y0Y3,7051956000.0,29611297000.0,22559340000.0,direct_gross_profit,GrossProfit,NetSales,CostOfSales
9633,S100W9CX,4957946000.0,18387146000.0,13429200000.0,direct_gross_profit,GrossProfit,NetSales,CostOfSales
9635,S100W9PP,680360000.0,1364313000.0,683952000.0,direct_gross_profit,GrossProfit,NetSales,CostOfSales
9636,S100XZ5Y,670780000.0,3771317000.0,,direct_gross_profit,OperatingGrossProfit,NetSales,
9639,S100W52Z,22031000000.0,56092000000.0,34061000000.0,direct_gross_profit,GrossProfit,NetSales,CostOfSales
9640,S100VX9J,8853585000.0,24383235000.0,15529649000.0,direct_gross_profit,GrossProfit,NetSales,CostOfSales
9644,S100W415,6612080000.0,14543581000.0,7931500000.0,direct_gross_profit,GrossProfit,NetSales,CostOfSales
9647,S100XMZO,2192915000.0,8441870000.0,6248955000.0,direct_gross_profit,GrossProfit,NetSales,CostOfSales
9651,S100WL4H,2284695000.0,10473149000.0,8188453000.0,direct_gross_profit,GrossProfit,NetSales,CostOfSales
9656,S100XSM3,1425756000.0,6452959000.0,5027203000.0,direct_gross_profit,GrossProfit,NetSales,CostOfSales
9658,S100W0VO,8590213000.0,38803632000.0,30213419000.0,direct_gross_profit,GrossProfitIFRS,RevenueIFRS,CostOfSalesIFRS
9661,S100Y65X,917349000.0,3632657000.0,2715308000.0,direct_gross_profit,GrossProfit,NetSales,CostOfSales
9663,S100VXUY,13824000000.0,35294000000.0,21470000000.0,direct_gross_profit,GrossProfit,NetSales,CostOfSales
9672,S100XTJA,17677100000.0,41758749000.0,24081648000.0,direct_gross_profit,GrossProfit,NetSales,CostOfSales
9678,S100XGOW,65067000000.0,213266000000.0,148199000000.0,direct_gross_profit,GrossProfit,NetSales,CostOfSales
9679,S100XAG9,1439018000.0,6116799000.0,,direct_gross_profit,OperatingGrossProfit,OperatingRevenue1,
9682,S100W4BF,28370000000.0,125908000000.0,97538000000.0,direct_gross_profit,GrossProfit,NetSales,CostOfSales
9684,S100W67T,162665000000.0,324506000000.0,161840000000.0,direct_gross_profit,GrossProfit,NetSales,CostOfSales
9685,S100W3XK,1439462000.0,6770632000.0,5331170000.0,direct_gross_profit,GrossProfit,NetSales,CostOfSales
9686,S100W0WH,6910342000.0,34925058000.0,28014715000.0,direct_gross_profit,GrossProfit,NetSales,CostOfSales
9687,S100W5OS,5690000000.0,23608000000.0,17917000000.0,direct_gross_profit,GrossProfit,NetSales,CostOfSales
9691,S100W2PO,5351130000.0,22486427000.0,17135297000.0,direct_gross_profit,GrossProfit,NetSales,CostOfSales
9692,S100XZVZ,16863000000.0,65882000000.0,49019000000.0,direct_gross_profit,GrossProfit,NetSales,CostOfSales
9697,S100W1FF,98757000000.0,169604000000.0,70846000000.0,direct_gross_profit,GrossProfit,NetSales,CostOfSales
9698,S100W62O,3560000000.0,14521000000.0,10960000000.0,direct_gross_profit,GrossProfit,NetSales,CostOfSales
9699,S100XB09,87099000000.0,214954000000.0,127855000000.0,direct_gross_profit,GrossProfit,NetSales,CostOfSales
9701,S100VZIO,2180480000.0,15273384000.0,13092904000.0,direct_gross_profit,GrossProfit,NetSales,CostOfSales
9702,S100XU2G,8486000000.0,37020000000.0,28534000000.0,direct_gross_profit,GrossProfit,NetSales,CostOfSales
9704,S100XSK1,3523375000.0,9908171000.0,6384795000.0,direct_gross_profit,GrossProfit,NetSales,CostOfSales
9706,S100W719,173526000000.0,269923000000.0,96397000000.0,direct_gross_profit,OperatingGrossProfit,OperatingRevenue1,CostOfSales
9708,S100W0PW,,52610000000.0,,unavailable,,NetSales,
9709,S100W0HA,6249929000.0,20493251000.0,14243321000.0,direct_gross_profit,GrossProfit,NetSales,CostOfSales
9713,S100W1DQ,21076000000.0,25164000000.0,4088000000.0,direct_gross_profit,GrossProfit,NetSales,CostOfSales
9715,S100W1SJ,72244000000.0,375849000000.0,303604000000.0,direct_gross_profit,GrossProfit,NetSales,CostOfSales
9716,S100Y66D,32769000000.0,162679000000.0,129909000000.0,direct_gross_profit,GrossProfit,NetSales,CostOfSales
9720,S100XMSL,4892341000.0,6529518000.0,1637176000.0,direct_gross_profit,GrossProfit,NetSales,CostOfSales
9722,S100XS71,18025000000.0,82004000000.0,63978000000.0,direct_gross_profit,GrossProfit,NetSales,CostOfSales
9723,S100VZN3,7971867000.0,9358753000.0,,direct_gross_profit,GrossProfit,NetSales,
9726,S100VX0N,52941000000.0,274516000000.0,221575000000.0,direct_gross_profit,GrossProfit,NetSales,CostOfSales
9729,S100VZYN,35439000000.0,149542000000.0,114102000000.0,direct_gross_profit,GrossProfit,NetSales,CostOfSales
9731,S100XT2K,6899000000.0,44625000000.0,37725000000.0,direct_gross_profit,GrossProfit,NetSales,CostOfSales
9733,S100W3FI,14440000000.0,55255000000.0,,direct_gross_profit,OperatingGrossProfit,OperatingRevenue1,
9735,S100W3TS,371153000000.0,1199942000000.0,828789000000.0,direct_gross_profit,GrossProfit,NetSales,CostOfSales
9739,S100W0XU,10510000000.0,50028000000.0,39518000000.0,direct_gross_profit,GrossProfit,NetSales,CostOfSales
9740,S100Y6FE,16973547000.0,78745171000.0,61771623000.0,direct_gross_profit,GrossProfit,NetSales,CostOfSales
9742,S100W3UM,9715000000.0,40563000000.0,30847000000.0,direct_gross_profit,GrossProfit,NetSales,CostOfSales
9743,S100Y04L,21407000000.0,107222000000.0,85815000000.0,direct_gross_profit,GrossProfit,NetSales,CostOfSales
9744,S100VYUN,35933000000.0,133068000000.0,97135000000.0,direct_gross_profit,GrossProfit,NetSales,CostOfSales
9746,S100X9LY,56606000000.0,83476000000.0,26869000000.0,direct_gross_profit,GrossProfit,NetSales,CostOfSales
9753,S100W2OD,4548916000.0,22828117000.0,18279200000.0,direct_gross_profit,GrossProfit,NetSales,CostOfSales
9755,S100XTJV,23648000000.0,76285000000.0,52636000000.0,direct_gross_profit,GrossProfit,NetSales,CostOfSales
9757,S100XUVD,13047817000.0,33330043000.0,20282225000.0,direct_gross_profit,GrossProfit,NetSales,CostOfSales
9759,S100W1ND,27534000000.0,107791000000.0,80257000000.0,direct_gross_profit,GrossProfit,NetSales,CostOfSales
9760,S100W8WF,172705000.0,6245958000.0,6073252000.0,direct_gross_profit,GrossProfit,NetSales,CostOfSales
9761,S100W5OH,3951238000.0,18397791000.0,14446553000.0,direct_gross_profit,GrossProfit,NetSales,CostOfSales
9763,S100VYYW,4319000000.0,22807000000.0,18487000000.0,direct_gross_profit,GrossProfit,NetSales,CostOfSales
9765,S100WKLV,5741644000.0,18096690000.0,12355046000.0,direct_gross_profit,GrossProfit,NetSales,CostOfSales
9766,S100W7UN,198921000000.0,53540000000.0,222681000000.0,direct_gross_profit,GrossProfitIFRS,OperatingRevenue1,CostOfSalesIFRS
9767,S100W3F4,1700954000.0,5515740000.0,3814785000.0,direct_gross_profit,GrossProfit,NetSales,CostOfSales
9768,S100XTWL,8163594000.0,24616233000.0,16452638000.0,direct_gross_profit,GrossProfit,NetSales,CostOfSales
9769,S100W7ZY,4737300000.0,13289916000.0,8552616000.0,direct_gross_profit,GrossProfit,NetSales,CostOfSales
9778,S100Y5RU,629633000.0,3375506000.0,2745873000.0,direct_gross_profit,GrossProfit,NetSales,CostOfSales
9780,S100W6W4,3873735000.0,28025552000.0,24151816000.0,direct_gross_profit,GrossProfit,NetSales,CostOfSales
9782,S100W3CZ,2576466000.0,27679557000.0,24979230000.0,direct_gross_profit,GrossProfit,NetSales,CostOfSales
9788,S100W6TK,28137000000.0,59791000000.0,31653000000.0,direct_gross_profit,GrossProfit,NetSales,CostOfSales
9790,S100VYRR,11649000000.0,14717000000.0,3068000000.0,direct_gross_profit,GrossProfit,NetSales,CostOfSales
9791,S100W65I,7432339000.0,34669302000.0,27236962000.0,direct_gross_profit,GrossProfit,NetSales,CostOfSales
9793,S100Y63V,24087000000.0,71845000000.0,47757000000.0,direct_gross_profit,GrossProfit,NetSales,CostOfSales
9795,S100X9C6,4701458000.0,15846886000.0,11145428000.0,direct_gross_profit,GrossProfit,NetSales,CostOfSales
9799,S100W4QF,3448709000.0,15820459000.0,12371749000.0,direct_gross_profit,GrossProfit,NetSales,CostOfSales
9812,S100WL8B,5766474000.0,24188270000.0,18421796000.0,direct_gross_profit,GrossProfit,NetSales,CostOfSales
9816,S100W17P,2020836000.0,7788787000.0,5767950000.0,direct_gross_profit,GrossProfit,NetSales,CostOfSales
9818,S100W7G0,10230525000.0,33418604000.0,23188078000.0,direct_gross_profit,GrossProfit,NetSales,CostOfSales
9820,S100W40Y,1006642000.0,3950554000.0,2943912000.0,direct_gross_profit,GrossProfit,NetSales,CostOfSales
9823,S100XBFS,44503000000.0,193689000000.0,149185000000.0,direct_gross_profit,OperatingGrossProfit,OperatingRevenue1,CostOfSales
9824,S100XHVV,20491000000.0,135591000000.0,115100000000.0,direct_gross_profit,GrossProfit,NetSales,CostOfSales
9827,S100XUAQ,11119807000.0,33240401000.0,22087284000.0,direct_gross_profit,GrossProfit,NetSales,CostOfSales
9828,S100VZ3B,40222000000.0,67472000000.0,27249000000.0,direct_gross_profit,GrossProfit,NetSales,CostOfSales
9830,S100XRJW,66731000000.0,320043000000.0,253312000000.0,direct_gross_profit,GrossProfit,NetSales,CostOfSales
9831,S100W6TF,457360000000.0,1629069000000.0,1171709000000.0,direct_gross_profit,GrossProfit,NetSales,CostOfSales
9832,S100W222,88373000000.0,249525000000.0,161152000000.0,direct_gross_profit,GrossProfit,NetSales,CostOfSales
9835,S100Y6C2,13625429000.0,42111179000.0,29415552000.0,direct_gross_profit,OperatingGrossProfit,NetSales,CostOfGoodsSold
9837,S100XMFU,17387423000.0,56867188000.0,39479764000.0,direct_gross_profit,GrossProfit,NetSales,CostOfSales
9842,S100Y5KN,146006000000.0,357166000000.0,211160000000.0,direct_gross_profit,OperatingGrossProfit,OperatingRevenue1,CostOfSales
9843,S100W5DK,473923000000.0,928828000000.0,454904000000.0,direct_gross_profit,GrossProfitIFRS,RevenueIFRS,CostOfSalesIFRS
9845,S100W3VF,17976000000.0,70014000000.0,52037000000.0,direct_gross_profit,GrossProfit,NetSales,CostOfSales
9846,S100Y4A4,18991120000.0,59240222000.0,40249102000.0,direct_gross_profit,OperatingGrossProfit,OperatingRevenue1,CostOfSales
9849,S100W59R,2004485000.0,16888324000.0,14883838000.0,direct_gross_profit,GrossProfit,NetSales,CostOfSales
9850,S100W5D9,15060831000.0,42072804000.0,27011973000.0,direct_gross_profit,GrossProfit,NetSales,CostOfSales
9853,S100W66E,6295226000.0,7799973000.0,1504747000.0,direct_gross_profit,GrossProfit,NetSales,CostOfSales
9854,S100W8TX,10090000000.0,14863000000.0,4772000000.0,direct_gross_profit,GrossProfit,NetSales,CostOfSales
9856,S100W5H1,27109000000.0,159964000000.0,132854000000.0,direct_gross_profit,GrossProfit,NetSales,CostOfSales
9857,S100W5IA,8185810000.0,47136291000.0,38950481000.0,direct_gross_profit,GrossProfit,NetSales,CostOfSales
9861,S100Y5NR,139980000000.0,225667000000.0,85687000000.0,direct_gross_profit,GrossProfit,NetSales,CostOfSales
9867,S100W7W2,5397330000.0,28025172000.0,22627841000.0,direct_gross_profit,GrossProfit,NetSales,CostOfSales
9869,S100XA3X,88201000000.0,1214265000000.0,1096043000000.0,direct_gross_profit,OperatingGrossProfit,OperatingRevenue1,CostOfSales
9872,S100XM1D,6468000000.0,58977000000.0,52509000000.0,direct_gross_profit,GrossProfit,NetSales,CostOfSales
9876,S100Y4RA,9297069000.0,14955340000.0,5658271000.0,direct_gross_profit,GrossProfit,NetSales,CostOfSales
9878,S100W17F,2252712000.0,7494389000.0,5241676000.0,direct_gross_profit,GrossProfit,NetSales,CostOfSales
9880,S100W4Q1,12649842000.0,41977111000.0,29327269000.0,direct_gross_profit,GrossProfit,NetSales,CostOfSales
9882,S100VXWY,67391000000.0,154066000000.0,86675000000.0,direct_gross_profit,GrossProfit,NetSales,CostOfSales
9885,S100VXEV,5079000000.0,11548000000.0,6469000000.0,direct_gross_profit,GrossProfit,NetSales,CostOfSales
9887,S100W5US,98587489000.0,154223084000.0,55635595000.0,direct_gross_profit,GrossProfit,NetSales,CostOfSales
9888,S100VZPY,9514048000.0,50280989000.0,40766941000.0,direct_gross_profit,GrossProfit,NetSales,CostOfSales
9889,S100VY2R,20971000000.0,69868000000.0,48896000000.0,direct_gross_profit,GrossProfit,NetSales,CostOfSales
9890,S100W9SL,21716454000.0,89448024000.0,67731570000.0,direct_gross_profit,OperatingGrossProfit,OperatingRevenue1,CostOfSales
9895,S100W4F5,2348691000.0,10297303000.0,7948612000.0,direct_gross_profit,GrossProfit,NetSales,CostOfSales
9896,S100W1Y4,47457000000.0,393258000000.0,345800000000.0,direct_gross_profit,GrossProfit,NetSales,CostOfSales
9900,S100W3N0,23843140000.0,35034150000.0,11191010000.0,direct_gross_profit,GrossProfit,NetSales,CostOfSales
9902,S100VYVQ,20680000000.0,134771000000.0,114091000000.0,direct_gross_profit,GrossProfit,NetSales,CostOfSales
9903,S100Y67I,10035860000.0,35977867000.0,25942006000.0,direct_gross_profit,OperatingGrossProfit,OperatingRevenue1,CostOfGoodsSold
9904,S100W8HA,5501000000.0,7947000000.0,2446000000.0,direct_gross_profit,GrossProfit,NetSales,CostOfGoodsSold
9906,S100W86F,15715391000.0,96100124000.0,80384733000.0,direct_gross_profit,GrossProfit,NetSales,CostOfSales
9908,S100VZOI,16934662000.0,121235333000.0,104300670000.0,direct_gross_profit,GrossProfit,NetSales,CostOfSales
9913,S100W0EI,7563000000.0,44890000000.0,37327000000.0,direct_gross_profit,GrossProfit,NetSales,CostOfSales
9914,S100VZR8,911353000.0,6306303000.0,5394949000.0,direct_gross_profit,GrossProfit,NetSales,CostOfGoodsSold
9927,S100W8VO,3796130000.0,8383058000.0,4586927000.0,direct_gross_profit,GrossProfit,NetSales,CostOfSales
9928,S100W6WP,27876000000.0,46160000000.0,18283000000.0,direct_gross_profit,GrossProfit,NetSales,CostOfSales
9929,S100W7P9,3273917000.0,16032057000.0,12758139000.0,direct_gross_profit,GrossProfit,NetSales,CostOfSales
9930,S100W6NO,4531067000.0,15561539000.0,11030472000.0,direct_gross_profit,GrossProfit,NetSales,CostOfSales
9932,S100VYXF,9790004000.0,49465116000.0,39675111000.0,direct_gross_profit,GrossProfit,NetSales,CostOfSales
9934,S100W2KD,65086000000.0,384012000000.0,318926000000.0,direct_gross_profit,GrossProfit,NetSales,CostOfSales
9936,S100W2HP,75602000000.0,111033000000.0,35431000000.0,direct_gross_profit,GrossProfit,NetSales,CostOfSales
9941,S100XD30,761145000.0,19662137000.0,18900991000.0,direct_gross_profit,GrossProfit,NetSales,CostOfGoodsSold
9946,S100Y4UH,40362000000.0,43082000000.0,32651000000.0,direct_gross_profit,OperatingGrossProfit,NetSales,CostOfSales
9948,S100Y640,157815000000.0,626957000000.0,469142000000.0,direct_gross_profit,GrossProfit,NetSales,CostOfSales
9950,S100VXEA,3743747000.0,8233449000.0,4489702000.0,direct_gross_profit,OperatingGrossProfit,OperatingRevenue1,CostOfSales
9955,S100W22N,5322449000.0,44887777000.0,39565328000.0,direct_gross_profit,GrossProfit,NetSales,CostOfSales
9956,S100W3BP,248772000000.0,827543000000.0,605662000000.0,direct_gross_profit,OperatingGrossProfit,NetSales,CostOfSales
9959,S100W41R,9109000000.0,23969000000.0,14859000000.0,direct_gross_profit,GrossProfit,NetSales,CostOfSales
9960,S100W4DK,41887000000.0,155958000000.0,114070000000.0,direct_gross_profit,GrossProfit,NetSales,CostOfSales
9962,S100VXU6,186990000000.0,401987000000.0,214997000000.0,direct_gross_profit,GrossProfit,NetSales,CostOfSales
9969,S100W7SS,2257317000.0,6060731000.0,3803414000.0,direct_gross_profit,GrossProfit,NetSales,CostOfSales
9972,S100XMNZ,3288050000.0,17551597000.0,14263547000.0,direct_gross_profit,GrossProfit,NetSales,CostOfSales
9973,S100XVJC,7416162000.0,19441295000.0,12025133000.0,direct_gross_profit,GrossProfit,NetSales,CostOfSales
9974,S100Y4X3,118892000000.0,416514000000.0,304539000000.0,direct_gross_profit,OperatingGrossProfit,NetSales,CostOfSales
9976,S100Y3VC,9697869000.0,31018934000.0,22169300000.0,direct_gross_profit,OperatingGrossProfit,NetSales,CostOfSales
9978,S100X6SE,4116515000.0,14456385000.0,10339869000.0,direct_gross_profit,GrossProfit,NetSales,CostOfSales
9979,S100X5DP,20340000000.0,52556000000.0,32216000000.0,direct_gross_profit,GrossProfit,NetSales,CostOfSales
9980,S100W2DP,15789354000.0,21152734000.0,5363379000.0,direct_gross_profit,GrossProfit,NetSales,CostOfSales
9982,S100Y62Z,13413000000.0,63970000000.0,50557000000.0,direct_gross_profit,GrossProfit,NetSales,CostOfSales
9983,S100X6X6,1828858000000.0,3400539000000.0,1571681000000.0,direct_gross_profit,GrossProfitIFRS,RevenueIFRS,CostOfSalesIFRS
9984,S100W4HN,3754203000000.0,408569000000.0,3489549000000.0,direct_gross_profit,GrossProfitIFRS,OperatingRevenue1,CostOfSalesIFRS
9986,S100W57Q,3888090000.0,8449787000.0,4561696000.0,direct_gross_profit,GrossProfit,NetSales,CostOfGoodsSold
9987,S100W3YI,192231000000.0,2399952000000.0,2207720000000.0,direct_gross_profit,GrossProfit,NetSales,CostOfSales
9989,S100VZPP,204087000000.0,801811000000.0,597723000000.0,direct_gross_profit,GrossProfit,NetSales,CostOfSales
9990,S100W25Z,25980315000.0,52289541000.0,26309226000.0,direct_gross_profit,GrossProfit,NetSales,CostOfSales
9991,S100VZLE,23310000000.0,111550000000.0,88240000000.0,direct_gross_profit,GrossProfit,NetSales,CostOfSales
9993,S100Y6JY,29634000000.0,105405000000.0,75771000000.0,direct_gross_profit,GrossProfit,NetSales,CostOfSales
9994,S100VZ1X,46842000000.0,160164000000.0,113321000000.0,direct_gross_profit,GrossProfit,NetSales,CostOfSales
9996,S100W2JZ,10969261000.0,49137191000.0,38167929000.0,direct_gross_profit,GrossProfit,NetSales,CostOfSales
9997,S100W8DE,129251000000.0,210856000000.0,81604000000.0,direct_gross_profit,GrossProfit,NetSales,CostOfSales
