code,ticker,company_name,avg_daily_value_60d,avg_volume_60d,median_daily_value_60d,liquidity_available,liquidity_flag,liquidity_exclusion_flag,liquidity_reason
9022,9022.T,Central Japan Railway Company,11293249795.0,2844086.6666666665,9578881400.0,True,pass,False,pass
9501,9501.T,"Tokyo Electric Power Company Holdings,Incorporated",35605341998.17322,56992405.0,34089930237.908936,True,pass,False,pass
3449,3449.T,TECHNOFLEX CORPORATION,702634568.3333334,154876.66666666666,396248950.0,True,pass,False,pass
6178,6178.T,"JAPAN POST HOLDINGS Co.,Ltd.",10722098913.333334,5606613.333333333,9384905850.0,True,pass,False,pass
6777,6777.T,santec Holdings Corporation,6644598083.333333,262090.0,5681325000.0,True,pass,False,pass
6627,6627.T,"Tera Probe,Inc.",1317274283.3333333,131895.0,1150275000.0,True,pass,False,pass
6524,6524.T,"KOHOKU KOGYO CO.,LTD.",1717554650.0,326406.6666666667,1613172500.0,True,pass,False,pass
6387,6387.T,SAMCO INC.,1829675283.3333333,192685.0,1692883500.0,True,pass,False,pass
5076,5076.T,INFRONEER Holdings Inc.,4740891821.666667,2067411.6666666667,3988502925.0,True,pass,False,pass
6800,6800.T,"YOKOWO CO.,LTD.",835476995.0,200018.33333333334,663638000.0,True,pass,False,pass
9513,9513.T,"Electric Power Development Co.,Ltd.",5372123065.0,1331646.6666666667,4587349250.0,True,pass,False,pass
8050,8050.T,SEIKO GROUP CORPORATION,1845328000.0,295961.6666666667,1771468000.0,True,pass,False,pass
6617,6617.T,"TAKAOKA TOKO CO.,LTD.",971058550.0,146341.66666666666,751206500.0,True,pass,False,pass
6356,6356.T,"NIPPON GEAR CO.,LTD.",5332541846.666667,3058513.3333333335,1202155500.0,True,pass,False,pass
1909,1909.T,"Nippon Dry-Chemical CO.,LTD.",1098486153.3333333,334683.3333333333,627297450.0,True,pass,False,pass
4971,4971.T,MEC COMPANY LTD.,2863908933.3333335,328108.3333333333,2214236000.0,True,pass,False,pass
6278,6278.T,UNION TOOL CO.,5832879450.0,339858.3333333333,5677722000.0,True,pass,False,pass
9503,9503.T,"The Kansai Electric Power Company,Incorporated",10170685626.666666,4107695.0,9594270000.0,True,pass,False,pass
6941,6941.T,"YAMAICHI ELECTRONICS CO.,LTD.",3975964583.3333335,431771.6666666667,3347810000.0,True,pass,False,pass
6871,6871.T,"MICRONICS JAPAN CO.,LTD.",12744986383.333334,996013.3333333334,11672432500.0,True,pass,False,pass
6264,6264.T,"Marumae Co.,Ltd.",1848958473.3333333,915493.3333333334,1279225800.0,True,pass,False,pass
6920,6920.T,Lasertec Corporation,170069025650.0,4399021.666666667,157916961000.0,True,pass,False,pass
5985,5985.T,SUNCALL CORPORATION,4600344573.333333,2492636.6666666665,2715781950.0,True,pass,False,pass
2153,2153.T,E・J Holdings Inc.,114817305.0,67033.33333333333,100016700.0,True,pass,False,pass
6648,6648.T,KAWADEN CORPORATION,162615866.66666666,77710.0,134781000.0,True,pass,False,pass
6327,6327.T,"KITAGAWA SEIKI CO.,LTD.",1635228620.0,573766.6666666666,909694650.0,True,pass,False,pass
4368,4368.T,"FUSO CHEMICAL CO.,LTD.",2355934975.1916504,677728.3333333334,1719986050.0,True,pass,False,pass
6745,6745.T,HOCHIKI CORPORATION,705398966.8503824,337811.6666666667,618874211.9384766,True,pass,False,pass
9502,9502.T,"Chubu Electric Power Company,Incorporated",8361451579.166667,3092333.3333333335,7867711550.0,True,pass,False,pass
6695,6695.T,"Castrico Co.,Ltd.",0.0,0.0,0.0,True,exclude,True,avg_daily_value_60d_below_3m
1662,1662.T,"Japan Petroleum Exploration Co.,Ltd.",7950185018.333333,3352051.6666666665,6863971000.0,True,pass,False,pass
6994,6994.T,SHIZUKI ELECTRIC COMPANY INC.,528394041.6666667,482726.6666666667,393408800.0,True,pass,False,pass
6834,6834.T,"SEIKOH GIKEN Co.,Ltd.",10655836183.333334,385956.6666666667,9137862500.0,True,pass,False,pass
7762,7762.T,"Citizen Watch Co.,Ltd.",2374966998.3333335,1232563.3333333333,2082720800.0,True,pass,False,pass
6492,6492.T,OKANO VALVE MFG.CO.LTD.,936786283.3333334,71046.66666666667,585069000.0,True,pass,False,pass
6914,6914.T,"OPTEX GROUP Company,Limited",650260945.0,188371.66666666666,419568450.0,True,pass,False,pass
7999,7999.T,"MUTOH HOLDINGS CO.,LTD.",105031466.66666667,13846.666666666666,60559000.0,True,pass,False,pass
6741,6741.T,"Nippon Signal Company,Limited",286578320.0,171248.33333333334,252224500.0,True,pass,False,pass
6929,6929.T,"NIPPON CERAMIC CO.,LTD.",466737675.0,124013.33333333333,410580750.0,True,pass,False,pass
6785,6785.T,"SUZUKI CO.,LTD.",185626705.0,62045.0,151944200.0,True,pass,False,pass
6824,6824.T,"NEW COSMOS ELECTRIC CO.,LTD.",72165825.0,14510.0,68105000.0,True,pass,False,pass
6703,6703.T,"Oki Electric Industry Company,Limited",2528427016.6666665,818698.3333333334,2229226000.0,True,pass,False,pass
6248,6248.T,"Yokota Manufacturing Co., Ltd.",8235570.0,4253.333333333333,3161600.0,True,review,False,avg_daily_value_60d_below_10m
3723,3723.T,NIHON FALCOM CORPORATION,35234886.666666664,15733.333333333334,27191300.0,True,pass,False,pass
6814,6814.T,"FURUNO ELECTRIC CO.,LTD.",2906114066.6666665,420620.0,2220642000.0,True,pass,False,pass
3105,3105.T,Nisshinbo Holdings Inc.,2026098104.1666667,1044228.3333333334,1793055075.0,True,pass,False,pass
9880,9880.T,INNOTECH CORPORATION,702919663.3333334,209205.0,384464900.0,True,pass,False,pass
6490,6490.T,PILLAR Corporation,1152533633.3333333,130971.66666666667,977010000.0,True,pass,False,pass
6894,6894.T,"PULSTEC INDUSTRIAL CO.,LTD.",3330735.0,1546.6666666666667,2589600.0,True,review,False,avg_daily_value_60d_below_10m
6961,6961.T,ENPLAS CORPORATION,3183918650.0,221626.66666666666,2586046000.0,True,pass,False,pass
6960,6960.T,"FUKUDA DENSHI CO.,LTD.",515949750.0,49265.0,428487500.0,True,pass,False,pass
6419,6419.T,Mars Group Holdings Corporation,281123513.3333333,94570.0,227388450.0,True,pass,False,pass
7747,7747.T,"ASAHI INTECC CO.,LTD.",3720063671.6666665,1094850.0,3657977750.0,True,pass,False,pass
5214,5214.T,"Nippon Electric Glass Co.,Ltd.",4979816046.666667,727385.0,4752324350.0,True,pass,False,pass
7749,7749.T,"MEDIKIT CO.,LTD.",4741586.666666667,1596.6666666666667,3601800.0,True,review,False,avg_daily_value_60d_below_10m
6866,6866.T,HIOKI E.E.CORPORATION,739085916.6666666,72521.66666666667,481592000.0,True,pass,False,pass
6996,6996.T,NICHICON CORPORATION,1880553048.3333333,669555.0,782577100.0,True,pass,False,pass
6925,6925.T,USHIO INC.,1485762752.5,438061.6666666667,1216784900.0,True,pass,False,pass
1948,1948.T,"The Kodensha,Co.,Ltd.",492083900.0,59228.333333333336,231418500.0,True,pass,False,pass
5187,5187.T,"CREATE MEDIC CO.,LTD.",14786746.666666666,12793.333333333334,13581900.0,True,pass,False,pass
5706,5706.T,"Mitsui Kinzoku Company,Limited",90496849483.33333,2298686.6666666665,77738173000.0,True,pass,False,pass
6136,6136.T,OSG Corporation,1433408844.1666667,473035.0,1417823000.0,True,pass,False,pass
6855,6855.T,JAPAN ELECTRONIC MATERIALS CORPORATION,5397408550.0,765873.3333333334,5036307500.0,True,pass,False,pass
6643,6643.T,"Togami Electric Mfg.Co.,Ltd.",118562650.0,19336.666666666668,95092000.0,True,pass,False,pass
4099,4099.T,SHIKOKU KASEI HOLDINGS CORPORATION,1080196783.3333333,204896.66666666666,912363000.0,True,pass,False,pass
6480,6480.T,"NIPPON THOMPSON CO.,LTD.",1314794431.6666667,844716.6666666666,494077400.0,True,pass,False,pass
6877,6877.T,Obara Group Incorporated,517147733.3333333,87240.0,343806000.0,True,pass,False,pass
7725,7725.T,INTER ACTION Corporation,230083373.33333334,129988.33333333333,149751600.0,True,pass,False,pass
7711,7711.T,"SUKEGAWA ELECTRIC CO.,LTD.",822185566.6666666,127968.33333333333,587867500.0,True,pass,False,pass
7746,7746.T,"OKAMOTO GLASS CO.,LTD.",1525234536.6666667,1509801.6666666667,836749500.0,True,pass,False,pass
6809,6809.T,TOA CORPORATION,263924000.0,155435.0,199790500.0,True,pass,False,pass
6454,6454.T,"MAX CO.,LTD.",539091076.6666666,316225.0,485109400.0,True,pass,False,pass
6622,6622.T,DAIHEN CORPORATION,3054266466.6666665,209893.33333333334,2694189000.0,True,pass,False,pass
7730,7730.T,"MANI,INC.",575694746.6666666,344310.0,439255950.0,True,pass,False,pass
7716,7716.T,NAKANISHI INC.,688632315.0,243451.66666666666,649667300.0,True,pass,False,pass
6647,6647.T,"MORIO DENKI CO.,LTD.",5372728.333333333,1930.0,3474000.0,True,review,False,avg_daily_value_60d_below_10m
6997,6997.T,NIPPON CHEMI-CON CORPORATION,2509765510.0,833498.3333333334,1686372350.0,True,pass,False,pass
7775,7775.T,"DAIKEN MEDICAL CO.,LTD.",16527721.666666666,37008.333333333336,13442700.0,True,pass,False,pass
7722,7722.T,"KOKUSAI CO.,LTD.",54644238.333333336,66101.66666666667,47524200.0,True,pass,False,pass
6822,6822.T,"Oi Electric Co.,Ltd.",61122391.666666664,11130.0,45100000.0,True,pass,False,pass
5802,5802.T,"Sumitomo Electric Industries,Ltd.",83977180426.66667,8061961.666666667,78472949000.0,True,pass,False,pass
6592,6592.T,"MABUCHI MOTOR CO.,LTD.",1653026941.6666667,1037008.3333333334,1565786775.0,True,pass,False,pass
6870,6870.T,"Fenwal Controls of Japan,Ltd.",16554598.333333334,6790.0,4719450.0,True,pass,False,pass
6508,6508.T,MEIDENSHA CORPORATION,2498441766.6666665,282205.0,2149919000.0,True,pass,False,pass
6912,6912.T,KIKUSUI HOLDINGS CORPORATION,17595786.666666668,7888.333333333333,15063150.0,True,pass,False,pass
6998,6998.T,"Nippon Tungsten Co.,Ltd.",143292433.33333334,66923.33333333333,126252900.0,True,pass,False,pass
6644,6644.T,"Osaki Electric Co.,Ltd.",601225355.0,332355.0,498349850.0,True,pass,False,pass
6861,6861.T,KEYENCE CORPORATION,57849066450.0,845955.0,47765129000.0,True,pass,False,pass
6928,6928.T,"ENOMOTO Co.,Ltd.",157416883.33333334,48461.666666666664,112242500.0,True,pass,False,pass
6134,6134.T,FUJI CORPORATION,4464392523.333333,696685.0,3108383550.0,True,pass,False,pass
6346,6346.T,"KIKUKAWA ENTERPRISE,INC.",1680150.0,275.0,622500.0,True,exclude,True,avg_daily_value_60d_below_3m
7740,7740.T,"Tamron Co.,Ltd.",476014856.6666667,459750.0,404951000.0,True,pass,False,pass
6498,6498.T,KITZ CORPORATION,771858006.6666666,374038.3333333333,589165850.0,True,pass,False,pass
6674,6674.T,GS Yuasa Corporation,6837601991.666667,1174581.6666666667,6379512000.0,True,pass,False,pass
6417,6417.T,"SANKYO CO.,LTD.",2076866637.5,1091643.3333333333,1869097275.0,True,pass,False,pass
6794,6794.T,"Foster Electric Company,Limited",557762190.0,185288.33333333334,458892500.0,True,pass,False,pass
4975,4975.T,JCU CORPORATION,690168716.6666666,105966.66666666667,592309000.0,True,pass,False,pass
6654,6654.T,"FUJI ELECTRIC INDUSTRY CO.,LTD.",8569355.0,7966.666666666667,4396500.0,True,review,False,avg_daily_value_60d_below_10m
7261,7261.T,Mazda Motor Corporation,8166730167.29655,7531230.0,7308546250.0,True,pass,False,pass
6853,6853.T,"KYOWA ELECTRONIC INSTRUMENTS CO.,LTD.",57739528.333333336,70208.33333333333,31767550.0,True,pass,False,pass
6787,6787.T,"Meiko Electronics Co.,Ltd.",17151093200.0,577461.6666666666,15274925000.0,True,pass,False,pass
6651,6651.T,NITTO KOGYO CORPORATION,402120600.0,87856.66666666667,368458500.0,True,pass,False,pass
6156,6156.T,A-ONE SEIMITSU INC.,32737273.333333332,16483.333333333332,30264250.0,True,pass,False,pass
4022,4022.T,"Rasa Industries,Ltd.",2427613683.3333335,1290770.0,1741718500.0,True,pass,False,pass
4966,4966.T,"C.Uyemura & Co.,Ltd.",1321243000.0,58083.333333333336,1245491000.0,True,pass,False,pass
6505,6505.T,"TOYO DENKI SEIZO K.K.(TOYO ELECTRIC MFG.CO.,LTD.)",114870116.66666667,48331.666666666664,93981000.0,True,pass,False,pass
6744,6744.T,NOHMI BOSAI LTD.,513833116.6666667,116010.0,482662750.0,True,pass,False,pass
6282,6282.T,OILES CORPORATION,320586861.6666667,127843.33333333333,248347750.0,True,pass,False,pass
6306,6306.T,"NIKKO CO.,LTD.",68182170.0,84183.33333333333,56677750.0,True,pass,False,pass
6706,6706.T,"DKK Co.,Ltd.",118196791.66666667,36243.333333333336,99704500.0,True,pass,False,pass
6365,6365.T,DMW CORPORATION,13054350.0,2270.0,9939500.0,True,pass,False,pass
6850,6850.T,Chino Corporation,105882811.66666667,66815.0,84857200.0,True,pass,False,pass
6676,6676.T,BUFFALO INC.,192503180.0,78305.0,159057450.0,True,pass,False,pass
6969,6969.T,"MATSUO ELECTRIC CO.,LTD.",78829205.0,50540.0,43287750.0,True,pass,False,pass
6743,6743.T,"Daido Signal Co.,Ltd.",22156511.666666668,27663.333333333332,16231050.0,True,pass,False,pass
6143,6143.T,"Sodick Co.,Ltd.",784301170.0,494648.3333333333,674337600.0,True,pass,False,pass
6384,6384.T,"SHOWA SHINKU CO.,LTD.",38555286.666666664,21951.666666666668,26957750.0,True,pass,False,pass
6265,6265.T,CONVUM Ltd.,5922963.333333333,2071.6666666666665,2599000.0,True,review,False,avg_daily_value_60d_below_10m
6848,6848.T,DKK-TOA CORPORATION,3588115.0,4050.0,3285750.0,True,review,False,avg_daily_value_60d_below_10m
6403,6403.T,"SUIDO KIKO KAISHA,LTD.",22949025.0,5691.666666666667,12052500.0,True,pass,False,pass
6678,6678.T,"Techno Medica Co.,Ltd.",27208198.333333332,12348.333333333334,20650600.0,True,pass,False,pass
4732,4732.T,"USS Co.,Ltd.",2247686507.5,1294365.0,2026855275.0,True,pass,False,pass
6823,6823.T,"RION CO.,LTD.",241048556.66666666,74433.33333333333,214123500.0,True,pass,False,pass
6675,6675.T,"SAXA,Inc.",112361550.2709961,49545.0,79643250.0,True,pass,False,pass
6863,6863.T,NIRECO CORPORATION,54529948.333333336,24136.666666666668,41695600.0,True,pass,False,pass
6859,6859.T,ESPEC CORP.,315088283.3333333,91743.33333333333,268659000.0,True,pass,False,pass
4186,4186.T,"TOKYO OHKA KOGYO CO.,LTD.",10657716856.666666,1133830.0,9331294450.0,True,pass,False,pass
6161,6161.T,ESTIC CORPORATION,11086126.666666666,10830.0,8527950.0,True,pass,False,pass
6670,6670.T,"MCJ Co.,Ltd.",1258634811.6666667,569006.6666666666,1001684200.0,True,pass,False,pass
6144,6144.T,"Seibu Electric & Machinery Co.,Ltd.",27735658.333333332,9360.0,19162000.0,True,pass,False,pass
7713,7713.T,"SIGMA KOKI CO.,LTD.",171083445.0,84096.66666666667,147747650.0,True,pass,False,pass
6858,6858.T,"ONO SOKKI Co.,Ltd.",70772015.0,85713.33333333333,41359000.0,True,pass,False,pass
6963,6963.T,ROHM COMPANY LIMITED,21982562685.833332,5860376.666666667,19256716750.0,True,pass,False,pass
4972,4972.T,"Soken Chemical & Engineering Co.,Ltd.",220640216.66666666,66218.33333333333,160096000.0,True,pass,False,pass
6396,6396.T,"Unozawa-gumi Iron Works,Limited",3287391.6666666665,843.3333333333334,1217250.0,True,review,False,avg_daily_value_60d_below_10m
6890,6890.T,Ferrotec Corporation,6870683066.666667,872575.0,4748257500.0,True,pass,False,pass
6392,6392.T,YAMADA CORPORATION,6657383.333333333,975.0,2546000.0,True,review,False,avg_daily_value_60d_below_10m
6668,6668.T,"ADTEC PLASMA TECHNOLOGY CO.,LTD.",272506041.6666667,103418.33333333333,206655750.0,True,pass,False,pass
6402,6402.T,"KANEMATSU ENGINEERING CO.,LTD.",52613461.666666664,29686.666666666668,39840450.0,True,pass,False,pass
4800,4800.T,Oricon Inc.,139246386.66666666,122053.33333333333,20900850.0,True,pass,False,pass
6653,6653.T,"SEIKO ELECTRIC CO.,LTD.",376538168.3333333,153895.0,306903000.0,True,pass,False,pass
6488,6488.T,Yoshitake Inc.,6688561.666666667,7021.666666666667,3992200.0,True,review,False,avg_daily_value_60d_below_10m
6235,6235.T,"OPTORUN CO.,LTD.",2544277095.0,713055.0,2040761500.0,True,pass,False,pass
6380,6380.T,"ORIENTAL CHAIN MFG. CO.,LTD.",46343541.666666664,11316.666666666666,38203000.0,True,pass,False,pass
7721,7721.T,TOKYO KEIKI INC.,2532862416.6666665,342780.0,2275120000.0,True,pass,False,pass
6742,6742.T,"Kyosan Electric Manufacturing Co.,Ltd.",166148170.0,238550.0,145612500.0,True,pass,False,pass
6302,6302.T,"SUMITOMO HEAVY INDUSTRIES,LTD.",4214246596.6666665,801410.0,3751264600.0,True,pass,False,pass
6140,6140.T,"Asahi Diamond Industrial Co.,Ltd.",2903384098.3333335,2128335.0,1457331700.0,True,pass,False,pass
6267,6267.T,"GENERAL PACKER CO.,LTD.",3898533.3333333335,1008.3333333333334,2716000.0,True,review,False,avg_daily_value_60d_below_10m
6485,6485.T,"MAEZAWA KYUSO INDUSTRIES CO.,LTD.",49408115.0,31556.666666666668,40856200.0,True,pass,False,pass
6209,6209.T,NPR-RIKEN CORPORATION,380093691.6666667,96976.66666666667,305875500.0,True,pass,False,pass
6507,6507.T,"SINFONIA TECHNOLOGY CO.,LTD.",2806482233.3333335,214516.66666666666,2422662000.0,True,pass,False,pass
5105,5105.T,Toyo Tire Corporation,3965561160.0,1038821.6666666666,3043843850.0,True,pass,False,pass
5406,5406.T,"Kobe Steel,Ltd.",4657884126.666667,2363693.3333333335,3923774175.0,True,pass,False,pass
6284,6284.T,"NISSEI ASB MACHINE CO.,LTD.",399742916.6666667,46936.666666666664,333648500.0,True,pass,False,pass
4461,4461.T,DKS Co.Ltd.,1946619916.6666667,214500.0,1614046500.0,True,pass,False,pass
6250,6250.T,YAMABIKO CORPORATION,428673725.0,114391.66666666667,410110750.0,True,pass,False,pass
6517,6517.T,"Denyo Co.,Ltd.",126527425.0,34900.0,122676000.0,True,pass,False,pass
6332,6332.T,"TSUKISHIMA HOLDINGS CO.,LTD.",512639051.6666667,174453.33333333334,430994050.0,True,pass,False,pass
6999,6999.T,KOA CORPORATION,1162023816.6666667,581886.6666666666,934187600.0,True,pass,False,pass
6788,6788.T,"NIHON TRIM CO.,LTD.",67782075.0,15168.333333333334,57575000.0,True,pass,False,pass
8086,8086.T,NIPRO CORPORATION,1319637650.8333333,826516.6666666666,1101797200.0,True,pass,False,pass
6247,6247.T,"HISAKA WORKS,LTD.",119858228.33333333,75943.33333333333,101730800.0,True,pass,False,pass
6845,6845.T,Azbil Corporation,2082970090.0,1417660.0,1841300600.0,True,pass,False,pass
6748,6748.T,"SEIWA ELECTRIC MFG. CO.,LTD.",28110711.666666668,36841.666666666664,20146900.0,True,pass,False,pass
6923,6923.T,"Stanley Electric Co.,Ltd.",2066017589.1666667,657081.6666666666,1684258650.0,True,pass,False,pass
6331,6331.T,"Mitsubishi Kakoki Kaisha,Ltd.",947460003.3333334,285681.6666666667,740136000.0,True,pass,False,pass
6457,6457.T,GLORY LTD.,805967148.3333334,196715.0,766855050.0,True,pass,False,pass
6964,6964.T,"SANKO CO.,LTD.",2932850.0,4220.0,2230400.0,True,exclude,True,avg_daily_value_60d_below_3m
6763,6763.T,"Teikoku Tsushin Kogyo Co.,Ltd.",37660443.333333336,13291.666666666666,34050700.0,True,pass,False,pass
2461,2461.T,"FAN Communications,Inc.",36207763.333333336,81571.66666666667,30713900.0,True,pass,False,pass
6770,6770.T,"ALPS ALPINE CO.,LTD.",3605413966.6666665,1661306.6666666667,3000468500.0,True,pass,False,pass
6838,6838.T,"TAMAGAWA HOLDINGS CO.,LTD.",962012165.0,588230.0,739593750.0,True,pass,False,pass
6466,6466.T,"TVE Co.,Ltd.",187820350.0,38360.0,80811000.0,True,pass,False,pass
6159,6159.T,"MICRON MACHINERY CO.,LTD.",2820303.3333333335,1295.0,1991250.0,True,exclude,True,avg_daily_value_60d_below_3m
6371,6371.T,TSUBAKIMOTO CHAIN CO.,534057133.3333333,216735.0,444593900.0,True,pass,False,pass
7760,7760.T,IMV CORPORATION,411799275.0,132291.66666666666,362735000.0,True,pass,False,pass
4287,4287.T,JUST PLANNING INC.,9025088.333333334,18753.333333333332,7690000.0,True,review,False,avg_daily_value_60d_below_10m
5983,5983.T,IWABUCHI CORPORATION,17671816.666666668,1356.6666666666667,12765000.0,True,pass,False,pass
5714,5714.T,"DOWA HOLDINGS CO.,LTD.",5481967496.666667,552355.0,4823095250.0,True,pass,False,pass
6518,6518.T,"SANSO ELECTRIC CO.,LTD.",34292540.0,18263.333333333332,8866250.0,True,pass,False,pass
6369,6369.T,TOYO KANETSU K.K.,329005731.6666667,121768.33333333333,267208600.0,True,pass,False,pass
6989,6989.T,"HOKURIKU ELECTRIC INDUSTRY CO.,LTD.",29394746.666666668,10970.0,25159900.0,True,pass,False,pass
6633,6633.T,CGS HOLDINGS INC.,6082273.333333333,17776.666666666668,4846400.0,True,review,False,avg_daily_value_60d_below_10m
6484,6484.T,KVK CORPORATION,3468041.6666666665,1418.3333333333333,2839200.0,True,review,False,avg_daily_value_60d_below_10m
7991,7991.T,"MAMIYA-OP CO.,LTD",39724676.666666664,30266.666666666668,35658600.0,True,pass,False,pass
6286,6286.T,SEIKO CORPORATION,12597858.333333334,7890.0,6607300.0,True,pass,False,pass
6345,6345.T,AICHI CORPORATION,255396481.66666666,185581.66666666666,209015550.0,True,pass,False,pass
6750,6750.T,"ELECOM CO.,LTD.",288509791.6666667,173958.33333333334,247560350.0,True,pass,False,pass
6436,6436.T,Amano Corporation,1123186771.6666667,296853.3333333333,1048440750.0,True,pass,False,pass
4441,4441.T,Tobila Systems Inc.,32351931.666666668,23956.666666666668,23943700.0,True,pass,False,pass
2433,2433.T,HAKUHODO DY HOLDINGS INCORPORATED,1050303739.1666666,971145.0,957519675.0,True,pass,False,pass
6820,6820.T,ICOM INCORPORATED,76239741.66666667,25065.0,47914500.0,True,pass,False,pass
6915,6915.T,"CHIYODA INTEGRE CO.,LTD.",43607491.666666664,13533.333333333334,37996000.0,True,pass,False,pass
6291,6291.T,"AIRTECH JAPAN,LTD.",67714775.0,53856.666666666664,54459500.0,True,pass,False,pass
9104,9104.T,"Mitsui O.S.K.Lines,Ltd.",31165115151.666668,4940708.333333333,25807297350.0,True,pass,False,pass
6322,6322.T,TACMINA CORPORATION,3542448.3333333335,2250.0,2357250.0,True,review,False,avg_daily_value_60d_below_10m
6597,6597.T,HPC SYSTEMS Inc.,853985185.0,266281.6666666667,224209050.0,True,pass,False,pass
6599,6599.T,"EBRAINS,INC.",42688470.0,12053.333333333334,36561750.0,True,pass,False,pass
6463,6463.T,"TPR CO.,LTD.",197617228.33333334,155790.0,162105250.0,True,pass,False,pass
1911,1911.T,"Sumitomo Forestry Co.,Ltd.",5753079290.0,4116078.3333333335,5188557825.0,True,pass,False,pass
6489,6489.T,"Maezawa Industries,Inc.",132835838.33333333,68710.0,120369350.0,True,pass,False,pass
6328,6328.T,"EBARA JITSUGYO CO.,LTD.",202292231.66666666,80945.0,168445000.0,True,pass,False,pass
2344,2344.T,"HEIAN CEREMONY SERVICE CO.,LTD.",74722575.0,51131.666666666664,45719900.0,True,pass,False,pass
7201,7201.T,"NISSAN MOTOR CO.,LTD.",10862678272.83381,29888596.666666668,10263023577.23236,True,pass,False,pass
7723,7723.T,"Aichi Tokei Denki Co.,Ltd.",81716110.0,27213.333333333332,66957900.0,True,pass,False,pass
1925,1925.T,"DAIWA HOUSE INDUSTRY CO.,LTD.",9620377458.333334,1987711.6666666667,9045638700.0,True,pass,False,pass
6486,6486.T,"EAGLE INDUSTRY CO.,LTD.",333603535.0,114241.66666666667,298533300.0,True,pass,False,pass
5803,5803.T,Fujikura Ltd.,336964991840.9042,66437440.0,319854980603.3203,True,pass,False,pass
6737,6737.T,EIZO Corporation,446824811.6666667,193071.66666666666,328006950.0,True,pass,False,pass
6146,6146.T,DISCO CORPORATION,151512555166.66666,2196380.0,144142897000.0,True,pass,False,pass
4464,4464.T,SOFT99corporation,19805116.666666668,5271.666666666667,3269000.0,True,pass,False,pass
6951,6951.T,JEOL Ltd.,2197945460.0,342195.0,1910561800.0,True,pass,False,pass
6976,6976.T,"TAIYO YUDEN CO.,LTD.",48206398838.333336,5328808.333333333,16648408750.0,True,pass,False,pass
6718,6718.T,"AIPHONE CO.,LTD.",105267921.66666667,37690.0,89438700.0,True,pass,False,pass
7409,7409.T,"AeroEdge Co.,Ltd",624474100.0,147850.0,516513000.0,True,pass,False,pass
6157,6157.T,"NS TOOL CO.,LTD.",65216200.0,72830.0,48063400.0,True,pass,False,pass
2181,2181.T,"PERSOL HOLDINGS CO.,LTD.",2518003718.737335,10620441.666666666,2243626685.874176,True,pass,False,pass
6874,6874.T,KYORITSU ELECTRIC CORPORATION,13132196.666666666,4771.666666666667,10165800.0,True,pass,False,pass
3433,3433.T,"TOCALO Co.,Ltd.",730299221.6666666,246260.0,661178700.0,True,pass,False,pass
6382,6382.T,TRINITY INDUSTRIAL CORPORATION,35749615.0,27788.333333333332,27882050.0,True,pass,False,pass
7715,7715.T,"NAGANO KEIKI CO.,LTD.",259309571.66666666,86295.0,203573250.0,True,pass,False,pass
3891,3891.T,NIPPON KODOSHI CORPORATION,798658950.0,142458.33333333334,574471250.0,True,pass,False,pass
6590,6590.T,SHIBAURA MECHATRONICS CORPORATION,8969342525.0,1837893.3333333333,7878521250.0,True,pass,False,pass
7965,7965.T,Zojirushi Corporation,296180818.3333333,184593.33333333334,248776500.0,True,pass,False,pass
6393,6393.T,"YUKEN KOGYO CO.,LTD.",11575643.333333334,3775.0,9450250.0,True,pass,False,pass
6309,6309.T,"TOMOE ENGINEERING CO.,LTD.(TOMOE KOGYO CO.,LTD.)",250461761.66666666,135721.66666666666,222948300.0,True,pass,False,pass
3712,3712.T,"Information Planning CO.,LTD.",15090305.0,14041.666666666666,14686000.0,True,pass,False,pass
5821,5821.T,HIRAKAWA HEWTECH CORP.,431267400.0,108281.66666666667,361273000.0,True,pass,False,pass
9537,9537.T,"HOKURIKU GAS CO.,LTD.",11260591.666666666,2286.6666666666665,7868000.0,True,pass,False,pass
6798,6798.T,SMK Corporation,69492110.0,21120.0,57697500.0,True,pass,False,pass
6333,6333.T,TEIKOKU CORPORATION,138555041.66666666,47288.333333333336,116273950.0,True,pass,False,pass
6856,6856.T,"HORIBA,Ltd.",4397332916.666667,204848.33333333334,4194811250.0,True,pass,False,pass
5711,5711.T,Mitsubishi Materials Corporation,8394102790.0,1593725.0,6755327100.0,True,pass,False,pass
4004,4004.T,Resonac Holdings Corporation,50704826838.333336,3546846.6666666665,40467309750.0,True,pass,False,pass
9672,9672.T,"TOKYOTOKEIBA CO.,LTD.",288405666.6666667,53653.333333333336,252071000.0,True,pass,False,pass
6272,6272.T,"RHEON AUTOMATIC MACHINERY CO.,LTD.",138759868.33333334,91860.0,123365550.0,True,pass,False,pass
6360,6360.T,"TOKYO AUTOMATIC MACHINERY WORKS,LTD.",9422941.666666666,2360.0,5103250.0,True,review,False,avg_daily_value_60d_below_10m
6841,6841.T,YOKOGAWA ELECTRIC CORPORATION,7155156395.0,1363103.3333333333,6229793200.0,True,pass,False,pass
9532,9532.T,"OSAKA GAS CO.,LTD.",7527891846.666667,1246383.3333333333,7030470800.0,True,pass,False,pass
4976,4976.T,"TOYO DRILUBE CO.,LTD.",2472978.3333333335,1741.6666666666667,1609850.0,True,exclude,True,avg_daily_value_60d_below_3m
4658,4658.T,"Nippon Air Conditioning Services Co.,Ltd.",167926066.66666666,106353.33333333333,151401200.0,True,pass,False,pass
7734,7734.T,"RIKEN KEIKI CO.,LTD.",400625580.0,117261.66666666667,356830750.0,True,pass,False,pass
3103,3103.T,UNITIKA LTD.,24257408651.666668,12403738.333333334,14179868050.0,True,pass,False,pass
6458,6458.T,SINKO INDUSTRIES LTD.,274468970.0,218738.33333333334,252003250.0,True,pass,False,pass
6229,6229.T,OKUMURA ENGINEERING corp.,49585320.0,24916.666666666668,37755500.0,True,pass,False,pass
5869,5869.T,"WASEDA GAKUSHUKENKYUKAI CO.,LTD.",20457581.666666668,15630.0,13091250.0,True,pass,False,pass
6357,6357.T,"Sansei Technologies,Inc.",118035370.0,49560.0,89224850.0,True,pass,False,pass
6810,6810.T,"Maxell,Ltd.",466136956.6666667,230243.33333333334,381809650.0,True,pass,False,pass
6037,6037.T,"RAKUMACHI,INC.",62401283.333333336,65305.0,51100750.0,True,pass,False,pass
6277,6277.T,HOSOKAWA MICRON CORPORATION,258869166.66666666,43951.666666666664,249907000.0,True,pass,False,pass
7781,7781.T,"HIRAYAMA HOLDINGS Co.,Ltd.",14399883.333333334,9731.666666666666,9459200.0,True,pass,False,pass
6418,6418.T,"JAPAN CASH MACHINE CO.,LTD.",148250750.0,147630.0,118622700.0,True,pass,False,pass
6336,6336.T,"ISHII HYOKI CO.,LTD.",75310478.33333333,70925.0,64610400.0,True,pass,False,pass
3763,3763.T,Pro-Ship Incorporated,120789955.0,80348.33333333333,117145100.0,True,pass,False,pass
6381,6381.T,ANEST IWATA Corporation,128812015.0,78861.66666666667,115349650.0,True,pass,False,pass
9531,9531.T,"TOKYO GAS CO.,LTD.",9789365941.666666,1400491.6666666667,8474076800.0,True,pass,False,pass
6875,6875.T,MegaChips Corporation,1504206333.3333333,148570.0,1320411500.0,True,pass,False,pass
4450,4450.T,"Power Solutions,Ltd.",15207461.666666666,6805.0,9456550.0,True,pass,False,pass
6430,6430.T,"DAIKOKU DENKI CO.,LTD.",161995896.66666666,68923.33333333333,132774500.0,True,pass,False,pass
3407,3407.T,ASAHI KASEI CORPORATION,9208645430.0,5653488.333333333,8433197275.0,True,pass,False,pass
6013,6013.T,"TAKUMA CO.,LTD.",829073853.3333334,279496.6666666667,684312250.0,True,pass,False,pass
6340,6340.T,SHIBUYA CORPORATION,119915491.66666667,33553.333333333336,102968000.0,True,pass,False,pass
6932,6932.T,ENDO Lighting Corporation,158684013.33333334,60281.666666666664,120743350.0,True,pass,False,pass
6832,6832.T,"AOI ELECTRONICS CO.,LTD.",118932336.66666667,44260.0,91468900.0,True,pass,False,pass
6118,6118.T,"AIDA ENGINEERING,LTD.",206399750.0,175933.33333333334,171074200.0,True,pass,False,pass
9436,9436.T,OKINAWA CELLULAR TELEPHONE COMPANY,417844866.6666667,122158.33333333333,382206250.0,True,pass,False,pass
6412,6412.T,Heiwa Corporation,715666505.0,374025.0,622184000.0,True,pass,False,pass
6804,6804.T,Hosiden Corporation,714684013.3333334,264943.3333333333,623809550.0,True,pass,False,pass
3444,3444.T,"KIKUCHI SEISAKUSHO CO.,LTD.",1359647176.6666667,979298.3333333334,288318900.0,True,pass,False,pass
7276,7276.T,"KOITO MANUFACTURING CO.,LTD.",2620630796.6666665,999111.6666666666,2358518625.0,True,pass,False,pass
6420,6420.T,GALILEI CO.LTD.,256645533.33333334,73131.66666666667,228692500.0,True,pass,False,pass
6768,6768.T,TAMURA CORPORATION,807111445.0,962506.6666666666,705802800.0,True,pass,False,pass
6459,6459.T,DAIWA INDUSTRIES LTD.,140925468.33333334,75188.33333333333,135460700.0,True,pass,False,pass
4062,4062.T,"IBIDEN CO.,LTD.",92100818745.0,7272455.0,66927835500.0,True,pass,False,pass
5945,5945.T,"Tenryu Saw Mfg.Co.,Ltd.",7815463.333333333,3121.6666666666665,6287100.0,True,review,False,avg_daily_value_60d_below_10m
6482,6482.T,Yushin Company,55788075.0,80950.0,45116700.0,True,pass,False,pass
9449,9449.T,"GMO internet group,Inc.",1248011944.1666667,404388.3333333333,1140809550.0,True,pass,False,pass
6474,6474.T,NACHI-FUJIKOSHI CORP.,668484025.0,132193.33333333334,605014500.0,True,pass,False,pass
6016,6016.T,Japan Engine Corporation,2112415283.3333333,176501.66666666666,1855227000.0,True,pass,False,pass
5208,5208.T,"Arisawa Mfg.Co.,Ltd.",613892995.0,255106.66666666666,517374600.0,True,pass,False,pass
7979,7979.T,SHOFU INC.,235722851.66666666,135750.0,205903300.0,True,pass,False,pass
3969,3969.T,ATLED CORP.,7190455.0,5175.0,5332400.0,True,review,False,avg_daily_value_60d_below_10m
6432,6432.T,"TAKEUCHI MFG.CO.,LTD.",2105206250.0,310781.6666666667,1760066500.0,True,pass,False,pass
6652,6652.T,IDEC CORPORATION,386740616.6666667,117183.33333333333,329314000.0,True,pass,False,pass
6104,6104.T,"SHIBAURA MACHINE CO.,LTD.",627628233.3333334,147810.0,434036750.0,True,pass,False,pass
6497,6497.T,HAMAI INDUSTRIES LTD,13544098.333333334,10056.666666666666,9734100.0,True,pass,False,pass
4047,4047.T,"KANTO DENKA KOGYO CO.,LTD.",1210525410.0,530070.0,614365100.0,True,pass,False,pass
6039,6039.T,"Japan Animal Referral Medical Center Co.,Ltd.",185675618.33333334,150450.0,157938550.0,True,pass,False,pass
7318,7318.T,"SERENDIP HOLDINGS Co.,Ltd.",539686313.3333334,289081.6666666667,465535200.0,True,pass,False,pass
6230,6230.T,SANEI LTD.,3622828.3333333335,1666.6666666666667,2922500.0,True,review,False,avg_daily_value_60d_below_10m
6840,6840.T,"AKIBA Holdings Co.,Ltd.",452013085.0,569656.6666666666,139617400.0,True,pass,False,pass
4626,4626.T,"TAIYO HOLDINGS CO.,LTD.",1867619876.6666667,382248.3333333333,1556360000.0,True,pass,False,pass
7877,7877.T,"EIDAI KAKO CO.,LTD.",4077003.3333333335,1983.3333333333333,2384400.0,True,review,False,avg_daily_value_60d_below_10m
3912,3912.T,"Mobile Factory,Inc.",18054390.0,15518.333333333334,14230700.0,True,pass,False,pass
6952,6952.T,"CASIO COMPUTER CO.,LTD.",3998310440.8333335,2583576.6666666665,3044235400.0,True,pass,False,pass
4204,4204.T,"Sekisui Chemical Co.,Ltd.",7323462598.333333,2976096.6666666665,6356651875.0,True,pass,False,pass
5589,5589.T,"AUTOSERVER CO.,LTD.",13239880.0,4925.0,9967400.0,True,pass,False,pass
6862,6862.T,MINATO HOLDINGS INC.,1443555933.3333333,547555.0,1087453700.0,True,pass,False,pass
4746,4746.T,"Toukei Computer Co.,Ltd.",194215625.0,46310.0,101206250.0,True,pass,False,pass
6919,6919.T,KEL CORPORATION,20929201.666666668,14385.0,14646500.0,True,pass,False,pass
1723,1723.T,"NIHON DENGI CO.,LTD.",641578548.3333334,254705.0,564468000.0,True,pass,False,pass
7701,7701.T,Shimadzu Corporation,7257794340.0,1930486.6666666667,5310652500.0,True,pass,False,pass
7003,7003.T,"MITSUI E&S Co.,Ltd.",27171344351.666668,4630275.0,24098457750.0,True,pass,False,pass
2477,2477.T,"Temairazu,Inc.",22112080.0,8668.333333333334,19143850.0,True,pass,False,pass
9790,9790.T,"Fukui Computer Holdings,Inc.",156148008.33333334,48043.333333333336,138698000.0,True,pass,False,pass
7727,7727.T,OVAL Corporation,127465995.0,165666.66666666666,100775850.0,True,pass,False,pass
6637,6637.T,"TERASAKI ELECTRIC CO.,LTD.",221875950.0,57036.666666666664,203660000.0,True,pass,False,pass
6543,6543.T,NISSEN INC.,3719170.0,3101.6666666666665,3198150.0,True,review,False,avg_daily_value_60d_below_10m
6504,6504.T,"FUJI ELECTRIC CO.,LTD.",14081407208.333334,1078961.6666666667,11368611250.0,True,pass,False,pass
6407,6407.T,CKD Corporation,3933943366.6666665,705446.6666666666,3438698750.0,True,pass,False,pass
6226,6226.T,"Moriya Transportation Engineering and Manufacturing Co.,Ltd.",618011606.6666666,283045.0,589455500.0,True,pass,False,pass
2323,2323.T,fonfun corporation,37875328.333333336,104253.33333333333,17737300.0,True,pass,False,pass
6629,6629.T,"TECHNO HORIZON CO.,LTD.",953178685.0,806946.6666666666,340908750.0,True,pass,False,pass
5261,5261.T,"RESOL HOLDINGS Co.,Ltd.",75703533.33333333,9961.666666666666,62535000.0,True,pass,False,pass
6231,6231.T,"KIMURA KOHKI Co.,Ltd.",125058233.33333333,10125.0,120071000.0,True,pass,False,pass
6137,6137.T,"KOIKE SANSO KOGYO CO.,LTD.",65208191.666666664,34178.333333333336,57855800.0,True,pass,False,pass
7088,7088.T,Forum Engineering Inc.,48907260.0,28795.0,25840200.0,True,pass,False,pass
6958,6958.T,CMK CORPORATION,624305203.3333334,991943.3333333334,395412800.0,True,pass,False,pass
6904,6904.T,"HARADA INDUSTRY CO.,LTD.",3241761.6666666665,6926.666666666667,2671700.0,True,review,False,avg_daily_value_60d_below_10m
4187,4187.T,OSAKA ORGANIC CHEMICAL INDUSTRY LTD.,750245975.0,164406.66666666666,618706000.0,True,pass,False,pass
4620,4620.T,"FUJIKURA KASEI CO.,LTD.",276325670.0,244340.0,224322050.0,True,pass,False,pass
6246,6246.T,Techno Smart Corp.,24677913.333333332,13118.333333333334,11641250.0,True,pass,False,pass
6954,6954.T,FANUC CORPORATION,44299332953.333336,6443420.0,36618004250.0,True,pass,False,pass
4082,4082.T,"DAIICHI KIGENSO KAGAKU-KOGYO CO.,LTD",1139434183.3333333,483218.3333333333,735153200.0,True,pass,False,pass
9024,9024.T,SEIBU HOLDINGS INC.,5192218363.333333,1420371.6666666667,4419195850.0,True,pass,False,pass
6677,6677.T,"SK-Electronics CO.,LTD.",171537108.33333334,52755.0,142703750.0,True,pass,False,pass
9651,9651.T,"Japan Process Development Co.,Ltd.",19951051.666666668,10900.0,14198000.0,True,pass,False,pass
6465,6465.T,HOSHIZAKI CORPORATION,2348703273.3333335,458851.6666666667,2097344750.0,True,pass,False,pass
6727,6727.T,"Wacom Co.,Ltd.",379380291.6666667,484373.3333333333,328682350.0,True,pass,False,pass
6224,6224.T,"JRC Co.,Ltd.",80924393.33333333,65015.0,68343250.0,True,pass,False,pass
3445,3445.T,"RS Technologies Co.,Ltd.",1281878108.3333333,231650.0,862730500.0,True,pass,False,pass
6986,6986.T,FUTABA CORPORATION,191968891.66666666,281343.3333333333,150822950.0,True,pass,False,pass
6947,6947.T,ZUKEN INC.,266918350.0,59001.666666666664,250159000.0,True,pass,False,pass
7989,7989.T,TACHIKAWA CORPORATION,122935105.0,48438.333333333336,113006400.0,True,pass,False,pass
6257,6257.T,"FUJISHOJI CO.,LTD.",39998180.0,39991.666666666664,29053500.0,True,pass,False,pass
4374,4374.T,ROBOT PAYMENT INC.,35713790.0,14880.0,27566350.0,True,pass,False,pass
3441,3441.T,"SANNO Co.,Ltd.",242529890.0,104956.66666666667,155032800.0,True,pass,False,pass
7745,7745.T,"A&D HOLON Holdings Company,Limited",457789410.0,168363.33333333334,400480850.0,True,pass,False,pass
9640,9640.T,"Saison Technology Co.,Ltd.",9534301.666666666,4190.0,6043250.0,True,review,False,avg_daily_value_60d_below_10m
4928,4928.T,"Noevir Holdings Co.,Ltd.",329607316.6666667,74341.66666666667,239756750.0,True,pass,False,pass
7995,7995.T,"VALQUA,LTD.",570078391.6666666,93406.66666666667,398038000.0,True,pass,False,pass
9202,9202.T,ANA HOLDINGS INC.,9395589111.666666,3272910.0,8315410700.0,True,pass,False,pass
9795,9795.T,"STEP CO.,LTD.",36396038.333333336,15281.666666666666,29089800.0,True,pass,False,pass
9476,9476.T,"CHUOKEIZAI-SHA HOLDINGS,INC.",3604716.6666666665,3623.3333333333335,643950.0,True,review,False,avg_daily_value_60d_below_10m
6807,6807.T,"Japan Aviation Electronics Industry,Limited",559728078.3333334,229958.33333333334,415823650.0,True,pass,False,pass
6368,6368.T,ORGANO CORPORATION,4163357991.6666665,260718.33333333334,3741847500.0,True,pass,False,pass
3003,3003.T,"Hulic Co.,Ltd.",4461544794.166667,2475401.6666666665,3642102000.0,True,pass,False,pass
9661,9661.T,"Kabuki-Za Co.,Ltd.",18605858.333333332,4156.666666666667,15592500.0,True,pass,False,pass
6249,6249.T,"Gamecard Holdings,Inc.",50166550.0,19288.333333333332,42454200.0,True,pass,False,pass
7735,7735.T,"SCREEN Holdings Co.,Ltd.",24576668841.666668,2364458.3333333335,21896406250.0,True,pass,False,pass
6351,6351.T,"TSURUMI MANUFACTURING CO.,LTD.",142272755.0,67171.66666666667,135084300.0,True,pass,False,pass
6307,6307.T,"SANSEI CO.,LTD.",19296533.333333332,34996.666666666664,13708500.0,True,pass,False,pass
6238,6238.T,FURYU CORPORATION,259365638.33333334,203666.66666666666,234793550.0,True,pass,False,pass
5819,5819.T,"Canare Electric Co.,Ltd.",21169063.333333332,11271.666666666666,18587850.0,True,pass,False,pass
4762,4762.T,XNET Corporation,2187435.0,1428.3333333333333,1676400.0,True,exclude,True,avg_daily_value_60d_below_3m
7743,7743.T,"SEED CO.,LTD.",125734150.0,212158.33333333334,41699900.0,True,pass,False,pass
6158,6158.T,"WAIDA MFG.CO.,LTD.",16680193.333333334,17060.0,11567800.0,True,pass,False,pass
3800,3800.T,UNIRITA Inc.,5945501.666666667,3061.6666666666665,3864000.0,True,review,False,avg_daily_value_60d_below_10m
6378,6378.T,"KIMURA CHEMICAL PLANTS CO.,LTD.",1767884553.3333333,1133036.6666666667,665348600.0,True,pass,False,pass
7269,7269.T,SUZUKI MOTOR CORPORATION,16100622640.833334,8543528.333333334,15191710800.0,True,pass,False,pass
9769,9769.T,"GAKKYUSHA CO.,LTD.",37573628.333333336,15676.666666666666,32058100.0,True,pass,False,pass
3834,3834.T,"Asahi Net,Inc.",36314050.0,56863.333333333336,34478650.0,True,pass,False,pass
4917,4917.T,MANDOM CORPORATION,480976775.0,155566.66666666666,188496000.0,True,pass,False,pass
6203,6203.T,"Howa Machinery,Ltd.",752620498.3333334,464530.0,326033950.0,True,pass,False,pass
4970,4970.T,"Toyo Gosei Co.,Ltd.",988293166.6666666,71013.33333333333,793129000.0,True,pass,False,pass
5951,5951.T,"Dainichi Co.,Ltd.",28572578.333333332,28400.0,18576750.0,True,pass,False,pass
6496,6496.T,"NAKAKITA SEISAKUSHO CO.,LTD.",167694683.33333334,26701.666666666668,131029500.0,True,pass,False,pass
6918,6918.T,AVAL DATA CORPORATION,86249375.0,27713.333333333332,63239300.0,True,pass,False,pass
6310,6310.T,"ISEKI & CO.,LTD.",292670353.3333333,169118.33333333334,249625500.0,True,pass,False,pass
6433,6433.T,"HEPHAIST CO.,LTD.",1278984505.0,754931.6666666666,438883000.0,True,pass,False,pass
7702,7702.T,"JMS CO.,LTD.",15761036.666666666,36558.333333333336,13744000.0,True,pass,False,pass
6849,6849.T,NIHON KOHDEN CORPORATION,922057090.0,617283.3333333334,891038150.0,True,pass,False,pass
6364,6364.T,AIRMAN CORPORATION,147625148.33333334,78381.66666666667,125864400.0,True,pass,False,pass
3939,3939.T,"Kanamic Network Co.,LTD",87585605.0,166271.66666666666,68482750.0,True,pass,False,pass
4684,4684.T,"OBIC Co.,Ltd.",7176962053.333333,1750745.0,6634784450.0,True,pass,False,pass
4272,4272.T,"NIPPON KAYAKU CO.,LTD.",955660666.6666666,498060.0,767994850.0,True,pass,False,pass
4733,4733.T,"OBIC BUSINESS CONSULTANTS CO.,LTD.",2034922696.6666667,322853.3333333333,1892823200.0,True,pass,False,pass
9446,9446.T,"SAKAI Holdings CO.,LTD",10406168.333333334,15091.666666666666,6890300.0,True,pass,False,pass
6907,6907.T,"GEOMATEC CO.,LTD.",90657495.0,93061.66666666667,40450100.0,True,pass,False,pass
6316,6316.T,"MARUYAMA MFG.CO.,INC.",6920210.0,2906.6666666666665,5841250.0,True,review,False,avg_daily_value_60d_below_10m
9635,9635.T,"Musashino Kogyo Co.,Ltd.",1259358.3333333333,485.0,523500.0,True,exclude,True,avg_daily_value_60d_below_3m
9636,9636.T,Kin-Ei Corp.,5968258.333333333,1456.6666666666667,2091250.0,True,review,False,avg_daily_value_60d_below_10m
6908,6908.T,"IRISO ELECTRONICS CO.,LTD.",441843825.0,131023.33333333333,359876500.0,True,pass,False,pass
5444,5444.T,"YAMATO KOGYO CO.,LTD.",1899128733.3333333,158463.33333333334,1830488750.0,True,pass,False,pass
4345,4345.T,"CTS Co.,Ltd.",55683540.0,63278.333333333336,44652950.0,True,pass,False,pass
6445,6445.T,JANOME Corporation,73976070.0,57486.666666666664,57344250.0,True,pass,False,pass
2124,2124.T,"JAC Recruitment Co.,Ltd.",335563013.3333333,389835.0,311671850.0,True,pass,False,pass
9414,9414.T,Nippon BS Broadcasting Corporation,32297998.333333332,34775.0,25965400.0,True,pass,False,pass
1928,1928.T,"Sekisui House,Ltd.",8520466928.333333,2446366.6666666665,7914553650.0,True,pass,False,pass
5992,5992.T,"CHUO SPRING CO.,LTD.",103739266.66666667,28368.333333333332,81427000.0,True,pass,False,pass
6349,6349.T,KOMORI CORPORATION,224976855.0,143551.66666666666,211692900.0,True,pass,False,pass
4828,4828.T,Business Engineering Corporation,208574455.0,169698.33333333334,169811300.0,True,pass,False,pass
9679,9679.T,"HORAI Co.,Ltd.",1351358.3333333333,623.3333333333334,1053250.0,True,exclude,True,avg_daily_value_60d_below_3m
9445,9445.T,"FORVAL TELECOM,INC.",1215823.3333333333,2171.6666666666665,951150.0,True,exclude,True,avg_daily_value_60d_below_3m
6757,6757.T,"OSG CORPORATION CO.,LTD.",4823628.333333333,5875.0,3813400.0,True,review,False,avg_daily_value_60d_below_10m
6408,6408.T,"OGURA CLUTCH CO.,LTD.",9447575.0,2040.0,3414250.0,True,review,False,avg_daily_value_60d_below_10m
6287,6287.T,SATO CORPORATION,169072476.66666666,76076.66666666667,166479300.0,True,pass,False,pass
6138,6138.T,"DIJET INDUSTRIAL CO.,LTD.",7583176.666666667,6871.666666666667,4390900.0,True,review,False,avg_daily_value_60d_below_10m
6513,6513.T,"Origin Company,Limited",2614773.3333333335,2440.0,1725000.0,True,exclude,True,avg_daily_value_60d_below_3m
6905,6905.T,"COSEL CO.,LTD.",197729048.33333334,151986.66666666666,174749500.0,True,pass,False,pass
2480,2480.T,"System Location Co.,Ltd.",2690310.0,1585.0,2043300.0,True,exclude,True,avg_daily_value_60d_below_3m
6237,6237.T,"IWAKI CO.,LTD.",86794176.66666667,29880.0,57824350.0,True,pass,False,pass
6339,6339.T,"Sintokogio,Ltd.",180568240.0,169896.66666666666,143373950.0,True,pass,False,pass
4109,4109.T,STELLA CHEMIFA CORPORATION,394872275.0,66048.33333333333,246136000.0,True,pass,False,pass
4743,4743.T,ITFOR Inc.,129480861.66666667,77393.33333333333,115939250.0,True,pass,False,pass
9412,9412.T,SKY Perfect JSAT Corporation,7502093313.333333,2102150.0,5142038800.0,True,pass,False,pass
5906,5906.T,"MK SEIKO CO.,LTD.",31201090.0,36053.333333333336,21731500.0,True,pass,False,pass
7729,7729.T,"TOKYO SEIMITSU CO.,LTD.",6268237216.666667,388155.0,6052691000.0,True,pass,False,pass
9441,9441.T,"Bell-Park Co.,Ltd.",40432941.666666664,14410.0,24318050.0,True,pass,False,pass
7244,7244.T,"ICHIKOH INDUSTRIES,LTD.",74790906.66666667,145646.66666666666,61655400.0,True,pass,False,pass
6772,6772.T,"Tokyo Cosmos Electric Co.,Ltd.",6570936.666666667,5393.333333333333,1857300.0,True,review,False,avg_daily_value_60d_below_10m
5703,5703.T,"Nippon Light Metal Holdings Company,Ltd.",874260236.6666666,297505.0,782748250.0,True,pass,False,pass
5817,5817.T,"JMACS Japan Co.,Ltd.",928973493.3333334,575940.0,312106200.0,True,pass,False,pass
6151,6151.T,"NITTO KOHKI CO.,LTD.",41376286.666666664,24611.666666666668,35657600.0,True,pass,False,pass
6566,6566.T,"KANAME KOGYO CO.,LTD.",4653440.0,3270.0,3141000.0,True,review,False,avg_daily_value_60d_below_10m
8035,8035.T,Tokyo Electron Limited,138488824083.33334,3116460.0,135981060000.0,True,pass,False,pass
7780,7780.T,"Menicon Co.,Ltd.",448455850.0,269176.6666666667,420855600.0,True,pass,False,pass
4224,4224.T,LONSEAL CORPORATION,27764693.333333332,13906.666666666666,19990350.0,True,pass,False,pass
6323,6323.T,RORZE CORPORATION,6955437688.333333,1973231.6666666667,5511336000.0,True,pass,False,pass
4680,4680.T,ROUND ONE Corporation,2192292031.963196,2461396.6666666665,1972721781.3354492,True,pass,False,pass
6239,6239.T,NAGAOKA INTERNATIONAL CORPORATION,36183610.0,23518.333333333332,23815200.0,True,pass,False,pass
3964,3964.T,AUCNET INC.,261313381.66666666,202968.33333333334,214833450.0,True,pass,False,pass
6087,6087.T,"ABIST Co.,Ltd.",7664900.0,2246.6666666666665,5448000.0,True,review,False,avg_daily_value_60d_below_10m
7004,7004.T,Kanadevia Corporation,1440936808.3333333,1205925.0,1290764900.0,True,pass,False,pass
9701,9701.T,"Tokyo Kaikan Co.,Ltd.",67654283.33333333,14296.666666666666,7376000.0,True,pass,False,pass
8898,8898.T,CENTURY21 REAL ESTATE OF JAPAN LTD.,3486855.0,3076.6666666666665,2961400.0,True,review,False,avg_daily_value_60d_below_10m
6294,6294.T,OKADA AIYON CORPORATION,59169123.333333336,27111.666666666668,48953550.0,True,pass,False,pass
9845,9845.T,PARKER CORPORATION,26654773.333333332,17851.666666666668,22489800.0,True,pass,False,pass
4617,4617.T,"Chugoku Marine Paints,Ltd.",1528042148.3333333,448951.6666666667,1323467000.0,True,pass,False,pass
2303,2303.T,Dawn Corporation,31981955.0,22803.333333333332,23951400.0,True,pass,False,pass
4403,4403.T,NOF CORPORATION,2507716343.3333335,834820.0,2150955200.0,True,pass,False,pass
7284,7284.T,"MEIWA INDUSTRY CO.,LTD.",3688766.6666666665,2923.3333333333335,2092850.0,True,review,False,avg_daily_value_60d_below_10m
6317,6317.T,Kitagawa Corporation,65882661.666666664,39798.333333333336,57226400.0,True,pass,False,pass
4043,4043.T,Tokuyama Corporation,3580177205.0,861115.0,2756110300.0,True,pass,False,pass
9021,9021.T,West Japan Railway Company,7252673430.833333,2442181.6666666665,6818744050.0,True,pass,False,pass
4064,4064.T,"Nippon Carbide Industries Company,Incorporated",182367516.66666666,63638.333333333336,154254250.0,True,pass,False,pass
5991,5991.T,"NHK SPRING CO.,LTD.",2265217429.1666665,761840.0,1732728500.0,True,pass,False,pass
6363,6363.T,"Torishima Pump Mfg.Co.,Ltd.",1038650928.3333334,347025.0,677023650.0,True,pass,False,pass
6342,6342.T,"Taihei Machinery Works,Limited",4930783.333333333,1736.6666666666667,3846200.0,True,review,False,avg_daily_value_60d_below_10m
9101,9101.T,Nippon Yusen Kabushiki Kaisha,23408384221.666668,4069278.3333333335,21125029100.0,True,pass,False,pass
4092,4092.T,"Nippon Chemical Industrial Co.,Ltd.",903962618.3333334,226995.0,467735500.0,True,pass,False,pass
6470,6470.T,"TAIHO KOGYO CO.,LTD.",145805431.66666666,131460.0,105579200.0,True,pass,False,pass
6343,6343.T,FREESIA MACROSS CORPORATION,36053241.666666664,215733.33333333334,28940050.0,True,pass,False,pass
6467,6467.T,NICHIDAI CORPORATION,2254631.6666666665,6573.333333333333,1227600.0,True,exclude,True,avg_daily_value_60d_below_3m
6149,6149.T,"Odawara Engineering Co.,Ltd.",39992515.0,19840.0,30279700.0,True,pass,False,pass
4320,4320.T,"CE Holdings Co.,Ltd.",58470530.0,41680.0,37620100.0,True,pass,False,pass
4275,4275.T,"Carlit Co.,Ltd.",752988370.0,288928.3333333333,679023400.0,True,pass,False,pass
9746,9746.T,TKC Corporation,423318908.3333333,116265.0,409881500.0,True,pass,False,pass
2391,2391.T,"PLANET,INC.",5576828.333333333,4525.0,4305700.0,True,review,False,avg_daily_value_60d_below_10m
6227,6227.T,"AIMECHATEC,Ltd.",11660062164.694824,1739496.6666666667,8616750117.1875,True,pass,False,pass
6155,6155.T,"TAKAMATSU MACHINERY CO.,LTD.",3339611.6666666665,7003.333333333333,2216400.0,True,review,False,avg_daily_value_60d_below_10m
9744,9744.T,MEITEC Group Holdings Inc.,1231690015.0,386908.3333333333,1177256450.0,True,pass,False,pass
6273,6273.T,SMC CORPORATION,25180922616.666668,361345.0,21637544000.0,True,pass,False,pass
6325,6325.T,"TAKAKITA CO.,LTD.",4135470.0,10245.0,2202300.0,True,review,False,avg_daily_value_60d_below_10m
4623,4623.T,ASAHIPEN CORPORATION,1876161.6666666667,1090.0,1881000.0,True,exclude,True,avg_daily_value_60d_below_3m
9336,9336.T,"Daiei Kankyo Co.,Ltd.",670212658.3333334,171881.66666666666,613196250.0,True,pass,False,pass
4182,4182.T,"Mitsubishi Gas Chemical Company,Inc.",7644054946.666667,1711938.3333333333,6179525600.0,True,pass,False,pass
7208,7208.T,KANEMITSU CORPORATION,6115045.0,5285.0,4883700.0,True,review,False,avg_daily_value_60d_below_10m
4973,4973.T,"JAPAN PURE CHEMICAL CO.,LTD.",279702925.0,53736.666666666664,198464000.0,True,pass,False,pass
3997,3997.T,"TRADE WORKS Co.,Ltd",181343785.0,453185.0,114966150.0,True,pass,False,pass
6165,6165.T,"PUNCH INDUSTRY CO.,LTD.",38581596.666666664,77551.66666666667,24267150.0,True,pass,False,pass
7940,7940.T,"WAVELOCK HOLDINGS CO.,LTD.",117119948.33333333,109906.66666666667,66732250.0,True,pass,False,pass
6258,6258.T,HIRATA Corporation,1250363636.6666667,431796.6666666667,1204787550.0,True,pass,False,pass
6395,6395.T,TADANO LTD.,622003466.6666666,464865.0,539393300.0,True,pass,False,pass
6135,6135.T,"Makino Milling Machine Co.,Ltd.",2886068716.6666665,233051.66666666666,1541358000.0,True,pass,False,pass
6901,6901.T,"SAWAFUJI ELECTRIC CO.,LTD.",4114866.6666666665,3183.3333333333335,2779850.0,True,review,False,avg_daily_value_60d_below_10m
4045,4045.T,"TOAGOSEI CO.,LTD.",566131817.5,324011.6666666667,506605425.0,True,pass,False,pass
4659,4659.T,"AJIS CO.,LTD.",55524675.0,12526.666666666666,31125750.0,True,pass,False,pass
7717,7717.T,"V Technology Co.,Ltd.",1406196250.0,287358.3333333333,1345722000.0,True,pass,False,pass
4262,4262.T,"NIFTY Lifestyle Co.,Ltd.",17123713.333333332,12116.666666666666,9968400.0,True,pass,False,pass
6366,6366.T,Chiyoda Corporation,7886265126.666667,7838975.0,6500923500.0,True,pass,False,pass
3104,3104.T,"Fujibo Holdings,Inc.",1066016735.740153,279531.6666666667,903078010.9863281,True,pass,False,pass
4628,4628.T,"SK KAKEN CO.,LTD.",27745850.0,2595.0,24007000.0,True,pass,False,pass
4767,4767.T,"TOW CO.,LTD.",38237533.333333336,104573.33333333333,31377100.0,True,pass,False,pass
7719,7719.T,TOKYO KOKI CO.LTD.,697487330.0,1027670.0,263011800.0,True,pass,False,pass
6882,6882.T,"Sansha Electric Manufacturing Co.,Ltd.",148393133.33333334,122825.0,78050300.0,True,pass,False,pass
6440,6440.T,JUKI CORPORATION,282656406.6666667,419830.0,236973400.0,True,pass,False,pass
6103,6103.T,OKUMA Corporation,2060773266.6666667,492781.6666666667,1887711000.0,True,pass,False,pass
6626,6626.T,SEMITEC Corporation,53840140.0,22870.0,45316000.0,True,pass,False,pass
3817,3817.T,"SRA Holdings,Inc.",145493183.33333334,31055.0,132229250.0,True,pass,False,pass
6150,6150.T,"TAKEDA MACHINERY CO.,LTD.",11596856.666666666,3735.0,7882250.0,True,pass,False,pass
6778,6778.T,"Artiza Networks,Inc.",6621623.333333333,10508.333333333334,4834800.0,True,review,False,avg_daily_value_60d_below_10m
9687,9687.T,"KSK CO.,LTD",17475691.666666668,3980.0,11778750.0,True,pass,False,pass
7970,7970.T,"Shin-Etsu Polymer Co.,Ltd.",334295235.0,156650.0,296412750.0,True,pass,False,pass
6835,6835.T,ALLIED TELESIS HOLDINGS K.K.,196985018.33333334,719355.0,137130450.0,True,pass,False,pass
4437,4437.T,"gooddays holdings,Inc.",9185600.0,9466.666666666666,6289400.0,True,review,False,avg_daily_value_60d_below_10m
7202,7202.T,ISUZU MOTORS LIMITED,6319506922.5,2714736.6666666665,5722609275.0,True,pass,False,pass
6167,6167.T,"Fuji Die Co.,Ltd.",122524630.0,112378.33333333333,95965500.0,True,pass,False,pass
6391,6391.T,KAJI TECHNOLOGY CORPORATION,62468125.0,13110.0,36025000.0,True,pass,False,pass
4078,4078.T,"Sakai Chemical Industry Co.,Ltd.",744857341.6666666,188485.0,410717750.0,True,pass,False,pass
7988,7988.T,NIFCO INC.,1597828465.0,352970.0,1408189500.0,True,pass,False,pass
6588,6588.T,TOSHIBA TEC CORPORATION,352472765.0,119501.66666666667,294374150.0,True,pass,False,pass
4462,4462.T,"ISHIHARA CHEMICAL CO.,LTD.",73297066.66666667,28766.666666666668,60022000.0,True,pass,False,pass
6946,6946.T,"Nippon Avionics Co.,Ltd.",1888257866.6666667,279045.0,1531157500.0,True,pass,False,pass
4220,4220.T,RIKEN TECHNOS CORPORATION,201720043.33333334,119083.33333333333,181921050.0,True,pass,False,pass
6899,6899.T,ASTI CORPORATION,20076103.333333332,8555.0,14007000.0,True,pass,False,pass
9757,9757.T,Funai Soken Holdings Incorporated,428013006.6666667,382665.0,392391750.0,True,pass,False,pass
6844,6844.T,"Shindengen Electric Manufacturing Co.,Ltd.",304436435.0,91616.66666666667,233446500.0,True,pass,False,pass
5019,5019.T,"Idemitsu Kosan Co.,Ltd.",7145332335.0,4969621.666666667,6418124825.0,True,pass,False,pass
3635,3635.T,"KOEI TECMO HOLDINGS CO.,LTD.",3286465785.0,1936913.3333333333,2161240050.0,True,pass,False,pass
4119,4119.T,Nippon Pigment Holdings Company Limited,37236941.666666664,6908.333333333333,31737000.0,True,pass,False,pass
9709,9709.T,"NCS&A CO.,LTD.",22671681.666666668,14630.0,20037000.0,True,pass,False,pass
4095,4095.T,"NIHON PARKERIZING CO.,LTD.",206946303.33333334,139340.0,180078000.0,True,pass,False,pass
6455,6455.T,MORITA HOLDINGS CORPORATION,227809591.66666666,86453.33333333333,208077100.0,True,pass,False,pass
4668,4668.T,"MEIKO NETWORK JAPAN CO.,LTD.",34207918.333333336,49070.0,29249500.0,True,pass,False,pass
9347,9347.T,"NIPPON KANZAI Holdings Co.,Ltd.",216675366.66666666,75666.66666666667,161043000.0,True,pass,False,pass
3101,3101.T,"TOYOBO CO.,LTD.",1210438066.6666667,775105.0,908307200.0,True,pass,False,pass
4341,4341.T,SEIRYO ELECTRIC CORPORATION,12916103.333333334,15123.333333333334,4260150.0,True,pass,False,pass
7925,7925.T,"MAEZAWA KASEI INDUSTRIES CO.,LTD.",91342145.0,44011.666666666664,82981600.0,True,pass,False,pass
6289,6289.T,GIKEN LTD.,203808835.0,105765.0,155348400.0,True,pass,False,pass
5921,5921.T,"Kawagishi Bridge Works Co.,Ltd.",7233466.666666667,1681.6666666666667,3827250.0,True,review,False,avg_daily_value_60d_below_10m
4923,4923.T,"COTA CO.,LTD.",58192455.0087382,48448.25,51126148.91052246,True,pass,False,pass
2207,2207.T,"MEITO CO.,LTD.",257003321.66666666,85038.33333333333,224022750.0,True,pass,False,pass
2485,2485.T,TEAR Corporation,20027006.666666668,41033.333333333336,14585800.0,True,pass,False,pass
4635,4635.T,"TOKYO PRINTING INK MFG.CO.,LTD.",56492010.0,40716.666666666664,44521600.0,True,pass,False,pass
4686,4686.T,JUSTSYSTEMS CORPORATION,514459058.3333333,140641.66666666666,416353250.0,True,pass,False,pass
9534,9534.T,"HOKKAIDO GAS CO.,LTD.",192052623.33333334,225968.33333333334,159361950.0,True,pass,False,pass
3837,3837.T,Ad-Sol Nissin Corporation,157799480.0,103663.33333333333,137744000.0,True,pass,False,pass
4248,4248.T,"Takemoto Yohki Co.,Ltd.",12768828.333333334,14491.666666666666,9581250.0,True,pass,False,pass
6266,6266.T,"TAZMO CO.,LTD.",591646710.0,197551.66666666666,442964050.0,True,pass,False,pass
7942,7942.T,JSP Corporation,226544830.0,92096.66666666667,164382300.0,True,pass,False,pass
7280,7280.T,MITSUBA Corporation,401115181.6666667,325730.0,348690600.0,True,pass,False,pass
4094,4094.T,"NIHON KAGAKU SANGYO CO.,LTD.",38008955.0,16233.333333333334,28798200.0,True,pass,False,pass
6472,6472.T,NTN CORPORATION,1800549502.1690369,4643645.0,1349930895.4116821,True,pass,False,pass
4644,4644.T,"Imagineer Co.,Ltd.",12377028.333333334,11866.666666666666,10127100.0,True,pass,False,pass
6539,6539.T,"MATCHING SERVICE JAPAN CO.,LTD.",98865243.33333333,99641.66666666667,72016400.0,True,pass,False,pass
6469,6469.T,"HODEN SEIMITSU KAKO KENKYUSHO CO.,LTD.",473222303.3333333,138396.66666666666,360167500.0,True,pass,False,pass
2393,2393.T,"Nippon Care Supply Co.,Ltd.",8690386.666666666,3703.3333333333335,7135300.0,True,review,False,avg_daily_value_60d_below_10m
4041,4041.T,"Nippon Soda Co.,Ltd.",577478683.3333334,157716.66666666666,505836750.0,True,pass,False,pass
9605,9605.T,"TOEI COMPANY,LTD.",637863916.6666666,110193.33333333333,567214500.0,True,pass,False,pass
4728,4728.T,"TOSE CO.,LTD.",4880650.0,7651.666666666667,4191950.0,True,review,False,avg_daily_value_60d_below_10m
4206,4206.T,"Aica Kogyo Company,Limited",1029594755.0,287493.3333333333,923554450.0,True,pass,False,pass
2180,2180.T,SUNNY SIDE UP GROUP Inc.,89460860.0,75181.66666666667,30230650.0,True,pass,False,pass
5333,5333.T,NGK Corporation,6809885990.0,1385268.3333333333,5285854450.0,True,pass,False,pass
9759,9759.T,"NSD CO.,LTD.",795412755.8333334,289268.3333333333,710973700.0,True,pass,False,pass
2121,2121.T,"MIXI,Inc.",757822020.0,289790.0,634496200.0,True,pass,False,pass
2169,2169.T,"CDS Co.,Ltd.",5894430.0,3236.6666666666665,4741250.0,True,review,False,avg_daily_value_60d_below_10m
4008,4008.T,"Sumitomo Seika Chemicals Company,Limited.",267441945.0,209935.0,237332500.0,True,pass,False,pass
4247,4247.T,"POVAL KOGYO CO.,LTD.",1585296.6666666667,1175.0,838650.0,True,exclude,True,avg_daily_value_60d_below_3m
6666,6666.T,RIVER ELETEC CORPORATION,478083251.6666667,500768.3333333333,312346550.0,True,pass,False,pass
4752,4752.T,SHOWA SYSTEM ENGINEERING CORPORATION,2046721.6666666667,1301.6666666666667,1478950.0,True,exclude,True,avg_daily_value_60d_below_3m
9622,9622.T,"SPACE CO.,LTD.",84805545.0,55550.0,65559200.0,True,pass,False,pass
6521,6521.T,OXIDE Corporation,4627047291.666667,928711.6666666666,3302184000.0,True,pass,False,pass
4401,4401.T,ADEKA CORPORATION,1990900181.6666667,492760.0,1685646000.0,True,pass,False,pass
6413,6413.T,RISO KAGAKU CORPORATION,121976801.66666667,112590.0,105017250.0,True,pass,False,pass
6728,6728.T,"ULVAC, Inc.",4047026295.0,421351.6666666667,3306183550.0,True,pass,False,pass
2359,2359.T,CORE CORPORATION,77066276.66666667,35550.0,57617250.0,True,pass,False,pass
6337,6337.T,TESEC Corporation,88019541.66666667,32996.666666666664,55147000.0,True,pass,False,pass
4218,4218.T,"NICHIBAN CO.,LTD.",48725570.0,25781.666666666668,42662650.0,True,pass,False,pass
6730,6730.T,AXELL CORPORATION,53339991.666666664,47288.333333333336,43765300.0,True,pass,False,pass
4229,4229.T,"Gun Ei Chemical Industry Co.,Ltd.",180565791.66666666,35530.0,141615000.0,True,pass,False,pass
4926,4926.T,"C'BON COSMETICS Co.,Ltd.",2823420.0,2211.6666666666665,2409900.0,True,exclude,True,avg_daily_value_60d_below_3m
9049,9049.T,"Keifuku Electric Railroad Co.,Ltd.",1847283.3333333333,248.33333333333334,731000.0,True,exclude,True,avg_daily_value_60d_below_3m
3682,3682.T,"Encourage Technologies Co.,Ltd.",2693113.3333333335,4181.666666666667,1741500.0,True,exclude,True,avg_daily_value_60d_below_3m
9551,9551.T,"METAWATER Co.,Ltd.",548529375.0,156105.0,451094500.0,True,pass,False,pass
4951,4951.T,S.T.CORPORATION,65158291.666666664,43936.666666666664,51312250.0,True,pass,False,pass
7769,7769.T,"RHYTHM CO.,LTD.",172013541.66666666,46815.0,107041000.0,True,pass,False,pass
3710,3710.T,"Jorudan Co.,Ltd.",14333583.333333334,21043.333333333332,3177600.0,True,pass,False,pass
6658,6658.T,"Shirai Electronics Industrial Co.,Ltd.",79449121.66666667,130626.66666666667,59620000.0,True,pass,False,pass
4116,4116.T,"Dainichiseika Color & Chemicals Mfg.Co.,Ltd.",210168320.0,190206.66666666666,187174750.0,True,pass,False,pass
9367,9367.T,"DAITO KOUN CO.,LTD.",21032521.666666668,9425.0,16661950.0,True,pass,False,pass
7782,7782.T,"Sincere Co.,LTD.",2208335.0,4931.666666666667,1822150.0,True,exclude,True,avg_daily_value_60d_below_3m
4627,4627.T,"NATOCO CO.,LTD.",11462866.666666666,6505.0,4850500.0,True,pass,False,pass
9405,9405.T,ASAHI BROADCASTING GROUP HOLDINGS CORPORATION,102546095.0,118336.66666666667,72947800.0,True,pass,False,pass
5959,5959.T,"OKABE CO.,LTD.",121744743.33333333,127558.33333333333,107538750.0,True,pass,False,pass
1961,1961.T,"SANKI ENGINEERING CO.,LTD.",1726008034.3977864,718481.6666666666,1497023750.0,True,pass,False,pass
4216,4216.T,ASAHI YUKIZAI CORPORATION,588775183.3333334,98421.66666666667,426177500.0,True,pass,False,pass
5997,5997.T,KYORITSU AIR TECH INC.,3600705.0,4493.333333333333,2343200.0,True,review,False,avg_daily_value_60d_below_10m
6570,6570.T,Kyowa Corporation,10298501.666666666,7236.666666666667,4908650.0,True,pass,False,pass
3913,3913.T,"GreenBee,Inc.",45010771.666666664,41431.666666666664,28594300.0,True,pass,False,pass
6292,6292.T,"KAWATA MFG. CO.,LTD.",8338338.333333333,10366.666666666666,5726850.0,True,review,False,avg_daily_value_60d_below_10m
5801,5801.T,"Furukawa Electric Co.,Ltd.",285077684391.6667,7233156.666666667,253770239000.0,True,pass,False,pass
2173,2173.T,Hakuten Corporation,28267111.666666668,31623.333333333332,23881250.0,True,pass,False,pass
2493,2493.T,"E-SUPPORTLINK,Ltd.",12765085.0,12928.333333333334,10336550.0,True,pass,False,pass
4246,4246.T,DaikyoNishikawa Corporation,404458355.0,433285.0,318773000.0,True,pass,False,pass
6072,6072.T,"Jibannet Holdings Co.,Ltd.",2086277216.6666667,1915940.0,1429033800.0,True,pass,False,pass
4624,4624.T,"Isamu Paint Co.,Ltd.",4887366.666666667,1293.3333333333333,3762500.0,True,review,False,avg_daily_value_60d_below_10m
5982,5982.T,"MARUZEN CO.,LTD.",17275391.666666668,4496.666666666667,14485250.0,True,pass,False,pass
5911,5911.T,Yokogawa Bridge Holdings Corp.,340249840.0,115263.33333333333,305040650.0,True,pass,False,pass
2349,2349.T,"Nippon Information Development Co.,Ltd.",6431566.666666667,2698.3333333333335,3399550.0,True,review,False,avg_daily_value_60d_below_10m
3839,3839.T,"ODK Solutions Company,Ltd.",4954298.333333333,7860.0,1429300.0,True,review,False,avg_daily_value_60d_below_10m
5915,5915.T,KOMAIHALTEC Inc.,77801481.66666667,31918.333333333332,47541900.0,True,pass,False,pass
4665,4665.T,"DUSKIN CO.,LTD.",528490856.6666667,127171.66666666667,456866600.0,True,pass,False,pass
4629,4629.T,"DAISHIN CHEMICAL CO.,LTD.",20421610.0,10478.333333333334,15089500.0,True,pass,False,pass
4028,4028.T,"ISHIHARA SANGYO KAISHA,LTD.",1360033703.3333333,454595.0,996077500.0,True,pass,False,pass
9678,9678.T,"KANAMOTO CO.,LTD.",562789908.3333334,124261.66666666667,514096750.0,True,pass,False,pass
4380,4380.T,M - mart Inc.,4696793.333333333,3935.0,2105850.0,True,review,False,avg_daily_value_60d_below_10m
4977,4977.T,Nitta Gelatin Inc.,60044753.333333336,48111.666666666664,48754000.0,True,pass,False,pass
6145,6145.T,"NITTOKU CO.,LTD.",329150408.3333333,128280.0,255840600.0,True,pass,False,pass
6223,6223.T,"Seibu Giken Co.,Ltd.",116099348.33333333,51508.333333333336,89469550.0,True,pass,False,pass
6424,6424.T,"TAKAMISAWA CYBERNETICS COMPANY,LTD.",3400983.3333333335,3731.6666666666665,2342600.0,True,review,False,avg_daily_value_60d_below_10m
4521,4521.T,"KAKEN PHARMACEUTICAL CO.,LTD.",515517875.0,123986.66666666667,474137500.0,True,pass,False,pass
7871,7871.T,"FUKUVI CHEMICAL INDUSTRY CO.,LTD.",54859785.0,52456.666666666664,10789800.0,True,pass,False,pass
5186,5186.T,Nitta Corporation,256339058.33333334,51310.0,169873500.0,True,pass,False,pass
9385,9385.T,SHOEI CORPORATION,21862105.0,28758.333333333332,14698450.0,True,pass,False,pass
5990,5990.T,"SUPER TOOL CO.,LTD.",2513433.3333333335,1260.0,1383550.0,True,exclude,True,avg_daily_value_60d_below_3m
9708,9708.T,"Imperial Hotel,Ltd.",204428023.33333334,156145.0,164639250.0,True,pass,False,pass
7595,7595.T,ARGO GRAPHICS Inc.,319902865.0,223988.33333333334,287820200.0,True,pass,False,pass
3826,3826.T,System Integrator Corp.,7162830.0,15613.333333333334,5050100.0,True,review,False,avg_daily_value_60d_below_10m
4471,4471.T,"SANYO CHEMICAL INDUSTRIES,LTD.",334006650.0,64320.0,302536500.0,True,pass,False,pass
7224,7224.T,"ShinMaywa Industries,LTD.",661173931.6666666,273246.6666666667,613967050.0,True,pass,False,pass
4994,4994.T,"Taisei Lamick Group Head Quarter & Innovation Co.,Ltd.",47970096.666666664,20135.0,39676300.0,True,pass,False,pass
5942,5942.T,"NIPPON FILCON CO.,LTD.",31905006.666666668,53026.666666666664,26285900.0,True,pass,False,pass
2179,2179.T,"SEIGAKUSHA CO.,LTD.",1461943.3333333333,1855.0,1054750.0,True,exclude,True,avg_daily_value_60d_below_3m
4465,4465.T,"Niitaka Co., Ltd.",28123728.333333332,12123.333333333334,18616350.0,True,pass,False,pass
7040,7040.T,"SUN-LIFE HOLDING CO.,LTD.",3336688.3333333335,3178.3333333333335,2403750.0,True,review,False,avg_daily_value_60d_below_10m
6040,6040.T,"Nippon Ski Resort Development Co.,Ltd.",27643673.333333332,61270.0,22796800.0,True,pass,False,pass
5393,5393.T,NICHIAS CORPORATION,2331036960.5924478,737356.6666666666,2086201550.0,True,pass,False,pass
7317,7317.T,"Matsuya R&D Co.,Ltd",77762023.33333333,70983.33333333333,42507900.0,True,pass,False,pass
6771,6771.T,"IKEGAMI TSUSHINKI CO.,LTD.",40359146.666666664,52905.0,35533350.0,True,pass,False,pass
3435,3435.T,"SANKO TECHNO CO.,LTD.",4219643.333333333,3100.0,3435600.0,True,review,False,avg_daily_value_60d_below_10m
9716,9716.T,"NOMURA Co.,Ltd.",403327315.0,326566.6666666667,370798500.0,True,pass,False,pass
6245,6245.T,"HIRANO TECSEED CO.,LTD.",124153945.0,65463.333333333336,52653650.0,True,pass,False,pass
9639,9639.T,"SANKYO FRONTIER CO.,LTD.",12171531.666666666,5568.333333333333,9154800.0,True,pass,False,pass
5941,5941.T,"NAKANISHI MFG. CO.,LTD.",7133105.0,2801.6666666666665,4651500.0,True,review,False,avg_daily_value_60d_below_10m
2185,2185.T,CMC CORPORATION,4570485.0,2450.0,3551700.0,True,review,False,avg_daily_value_60d_below_10m
6254,6254.T,"Nomura Micro Science Co.,Ltd.",3210923443.3333335,839960.0,2636737500.0,True,pass,False,pass
5975,5975.T,Topre Corporation,237861173.33333334,93978.33333333333,206848400.0,True,pass,False,pass
6262,6262.T,"PEGASUS CO.,LTD.",94981941.66666667,128626.66666666667,64376000.0,True,pass,False,pass
4071,4071.T,"Plus Alpha Consulting Co.,LTD.",547287396.6666666,244238.33333333334,523623000.0,True,pass,False,pass
3437,3437.T,"TOKUDEN CO.,LTD.",1297398.3333333333,440.0,1021900.0,True,exclude,True,avg_daily_value_60d_below_3m
7034,7034.T,"Prored Partners CO.,LTD.",14177910.0,33083.333333333336,12078200.0,True,pass,False,pass
5903,5903.T,"SHINPO CO.,LTD.",25285130.0,15370.0,3083850.0,True,pass,False,pass
5902,5902.T,HOKKAN HOLDINGS LIMITED,66116871.666666664,28588.333333333332,52657600.0,True,pass,False,pass
4631,4631.T,DIC Corporation,2285513820.0,554501.6666666666,1614948000.0,True,pass,False,pass
4625,4625.T,"ATOMIX CO.,LTD.",23745646.666666668,27380.0,9942900.0,True,pass,False,pass
4482,4482.T,WILLs Inc.,10016485.0,13745.0,7784500.0,True,pass,False,pass
7912,7912.T,"Dai Nippon Printing Co.,Ltd.",5125957500.833333,1751751.6666666667,4612379500.0,True,pass,False,pass
7272,7272.T,"Yamaha Motor Co.,Ltd.",7798810045.0,6623171.666666667,6568484700.0,True,pass,False,pass
3420,3420.T,KFC Ltd,6791870.0,4333.333333333333,5070100.0,True,review,False,avg_daily_value_60d_below_10m
5570,5570.T,"JENOBA CO.,LTD.",12055661.666666666,18060.0,10722600.0,True,pass,False,pass
4318,4318.T,"QUICK CO.,LTD.",132203401.66666667,160486.66666666666,106272000.0,True,pass,False,pass
6943,6943.T,"NKK SWITCHES CO.,LTD.",809116.6666666666,163.33333333333334,485750.0,True,exclude,True,avg_daily_value_60d_below_3m
6635,6635.T,KK DI-NIKKO ENGINEERING,92605645.0,107530.0,17124450.0,True,pass,False,pass
4042,4042.T,TOSOH CORPORATION,3747044575.8333335,1489475.0,2989873350.0,True,pass,False,pass
6197,6197.T,Solasto Corporation,1364233406.6666667,1260626.6666666667,633876900.0,True,pass,False,pass
2408,2408.T,"KG Intelligence CO.,LTD.",17104638.333333332,21726.666666666668,11935550.0,True,pass,False,pass
5971,5971.T,"KYOWAKOGYOSYO CO.,LTD.",6498066.666666667,861.6666666666666,5547500.0,True,review,False,avg_daily_value_60d_below_10m
6018,6018.T,"THE HANSHIN DIESEL WORKS,LTD.",50570491.666666664,9151.666666666666,47433000.0,True,pass,False,pass
9743,9743.T,"TANSEISHA CO.,LTD.",413237021.6666667,279030.0,367480800.0,True,pass,False,pass
5121,5121.T,FUJIKURA COMPOSITES Inc.,372661843.3333333,147036.66666666666,296810500.0,True,pass,False,pass
6460,6460.T,SEGA SAMMY HOLDINGS INC.,2637196344.1666665,1084063.3333333333,2345888050.0,True,pass,False,pass
5974,5974.T,"CHUGOKUKOGYO CO.,LTD.",2848233.3333333335,3363.3333333333335,2082500.0,True,exclude,True,avg_daily_value_60d_below_3m
9761,9761.T,"TOKAI LEASE CO.,LTD.",21212655.0,8741.666666666666,16602450.0,True,pass,False,pass
6091,6091.T,Wesco Holdings Inc.,14111211.666666666,16191.666666666666,7326200.0,True,pass,False,pass
9853,9853.T,"GINZA RENOIR CO.,LTD.",3600185.0,3875.0,2363400.0,True,review,False,avg_daily_value_60d_below_10m
4769,4769.T,"IC CO.,LTD.",1404023.3333333333,1348.3333333333333,856400.0,True,exclude,True,avg_daily_value_60d_below_3m
2411,2411.T,GENDAI AGENCY INC.,17687643.333333332,37565.0,9148400.0,True,pass,False,pass
4681,4681.T,"RESORTTRUST,INC.",1176155907.5,651205.0,1004149475.0,True,pass,False,pass
4832,4832.T,"JFE Systems, Inc.",32086111.666666668,16100.0,29465850.0,True,pass,False,pass
6073,6073.T,ASANTE INCORPORATED,55746083.333333336,37845.0,47676450.0,True,pass,False,pass
5715,5715.T,"FURUKAWA CO.,LTD.",1683821891.6666667,369505.0,1344311250.0,True,pass,False,pass
5956,5956.T,"TOSO CO.,LTD.",4871816.666666667,7966.666666666667,3515700.0,True,review,False,avg_daily_value_60d_below_10m
3984,3984.T,"User Local,Inc.",181290763.33333334,112626.66666666667,131492500.0,True,pass,False,pass
3922,3922.T,PR TIMES Corporation,198671063.33333334,92183.33333333333,151850400.0,True,pass,False,pass
9733,9733.T,Nagase Brothers Inc.,136464088.33333334,53276.666666666664,98502350.0,True,pass,False,pass
3861,3861.T,Oji Holdings Corporation,3960281667.903646,4665428.333333333,3676887116.5161133,True,pass,False,pass
4118,4118.T,KANEKA CORPORATION,1211886806.6666667,240205.0,1122127300.0,True,pass,False,pass
3521,3521.T,"THERMAE-YU HOLDINGS CO.,LTD.",6005763.333333333,36820.0,4250150.0,True,review,False,avg_daily_value_60d_below_10m
4765,4765.T,"SBI Global Asset Management Co.,Ltd.",178385016.66666666,298531.6666666667,147729650.0,True,pass,False,pass
3901,3901.T,"MarkLines Co.,Ltd.",111262800.0,74345.0,80334500.0,True,pass,False,pass
9698,9698.T,"CREO CO.,LTD.",7389730.0,6148.333333333333,4394550.0,True,review,False,avg_daily_value_60d_below_10m
9632,9632.T,"Subaru Enterprise Co.,Ltd.",65757325.0,18223.333333333332,59201500.0,True,pass,False,pass
3649,3649.T,FINDEX Inc.,73780635.0,89970.0,66132200.0,True,pass,False,pass
4107,4107.T,ISE CHEMICALS CORPORATION,2148833416.6666665,407288.3333333333,1805842000.0,True,pass,False,pass
4619,4619.T,"Nihon Tokushu Toryo Co.,Ltd.",119799161.66666667,52921.666666666664,92948750.0,True,pass,False,pass
2341,2341.T,"ARBEIT-TIMES CO.,LTD.",19746480.0,97566.66666666667,5873750.0,True,pass,False,pass
9543,9543.T,"SHIZUOKA GAS CO.,LTD.",209472231.66666666,144693.33333333334,184203950.0,True,pass,False,pass
5998,5998.T,Advanex Inc.,52582613.333333336,27040.0,40360600.0,True,pass,False,pass
4410,4410.T,"HARIMA CHEMICALS GROUP,INC.",73728451.66666667,76458.33333333333,43872000.0,True,pass,False,pass
7917,7917.T,ZACROS Corporation,238887251.66666666,178181.66666666666,198790350.0,True,pass,False,pass
2311,2311.T,"EPCO Co.,Ltd.",17077015.0,21083.333333333332,12091050.0,True,pass,False,pass
6927,6927.T,"Helios Techno Holding Co.,Ltd.",151947470.0,129455.0,124988500.0,True,pass,False,pass
5184,5184.T,"NICHIRIN CO.,LTD.",73357266.66666667,17781.666666666668,67162000.0,True,pass,False,pass
6819,6819.T,"Izu Shaboten Resort Co.,Ltd",8694971.666666666,18025.0,6546100.0,True,review,False,avg_daily_value_60d_below_10m
6616,6616.T,TOREX SEMICONDUCTOR LTD.,188780905.0,81838.33333333333,94742550.0,True,pass,False,pass
5038,5038.T,"eWeLL Co.,Ltd.",136554948.33333334,66511.66666666667,122690550.0,True,pass,False,pass
9691,9691.T,"RYOMO SYSTEMS CO.,LTD.",22725766.666666668,4986.666666666667,7888250.0,True,pass,False,pass
4058,4058.T,"Toyokumo,Inc.",91046135.0,48596.666666666664,77622100.0,True,pass,False,pass
6358,6358.T,"SAKAI HEAVY INDUSTRIES,LTD.",71873918.33333333,34275.0,54308200.0,True,pass,False,pass
3804,3804.T,System D Inc.,3692805.0439961753,6641.666666666667,1936250.0,True,review,False,avg_daily_value_60d_below_10m
9799,9799.T,"ASAHI INTELLIGENCE SERVICE CO.,LTD.",15279370.0,15171.666666666666,13701400.0,True,pass,False,pass
4705,4705.T,CLIP Corporation,2225956.6666666665,2671.6666666666665,1473100.0,True,exclude,True,avg_daily_value_60d_below_3m
2449,2449.T,"PRAP Japan,Inc.",2678050.0,2486.6666666666665,1789650.0,True,exclude,True,avg_daily_value_60d_below_3m
9682,9682.T,DTS CORPORATION,481370001.6666667,460766.6666666667,433457000.0,True,pass,False,pass
4102,4102.T,"Maruo Calcium Co.,Ltd.",970820.0,678.3333333333334,429150.0,True,exclude,True,avg_daily_value_60d_below_3m
9753,9753.T,IX Knowledge Incorporated,14605121.666666666,11011.666666666666,10566350.0,True,pass,False,pass
3045,3045.T,"Kawasaki & Co.,Ltd.",1867606.6666666667,1291.6666666666667,1371850.0,True,exclude,True,avg_daily_value_60d_below_3m
7085,7085.T,"CURVES HOLDINGS Co.,Ltd.",272759905.0,327738.3333333333,211453600.0,True,pass,False,pass
5957,5957.T,"NITTOSEIKO CO.,LTD.",94599650.0,122388.33333333333,70170000.0,True,pass,False,pass
4221,4221.T,"Okura Industrial Co.,Ltd.",254845241.66666666,52991.666666666664,218535750.0,True,pass,False,pass
6208,6208.T,"Ishikawa Seisakusho,Ltd.",462115130.0,198790.0,273009900.0,True,pass,False,pass
4044,4044.T,"Central Glass Co.,Ltd.",313958200.0,76991.66666666667,282156250.0,True,pass,False,pass
1847,1847.T,"ICHIKEN Co.,Ltd.",158522773.33333334,58018.333333333336,117885950.0,True,pass,False,pass
9408,9408.T,"BSN MEDIA HOLDINGS,INC.",553890.0,200.0,273750.0,True,exclude,True,avg_daily_value_60d_below_3m
3940,3940.T,"Nomura System Corporation Co,Ltd.",20929251.666666668,155951.66666666666,16601400.0,True,pass,False,pass
6405,6405.T,"Suzumo Machinery Co.,Ltd.",53118948.333333336,46203.333333333336,47442600.0,True,pass,False,pass
5922,5922.T,"NASU DENKI-TEKKO CO.,LTD.",19710116.666666668,1031.6666666666667,15200000.0,True,pass,False,pass
6736,6736.T,SUNCORPORATION,462617366.6666667,57403.333333333336,464936500.0,True,pass,False,pass
6663,6663.T,"TAIYO TECHNOLEX CO.,LTD.",53325108.333333336,153341.66666666666,23958200.0,True,pass,False,pass
4634,4634.T,"artience Co.,Ltd.",489590258.3333333,123023.33333333333,431024000.0,True,pass,False,pass
6367,6367.T,"DAIKIN INDUSTRIES,LTD.",28153308783.333332,1307811.6666666667,24264884250.0,True,pass,False,pass
5976,5976.T,"Neturen Co.,Ltd.",132849148.33333333,100958.33333333333,114728600.0,True,pass,False,pass
4317,4317.T,Ray Corporation,11355585.0,19453.333333333332,9059400.0,True,pass,False,pass
3436,3436.T,SUMCO CORPORATION,31328762263.333332,12184355.0,20854342575.0,True,pass,False,pass
5742,5742.T,"NIC Autotec,Inc.",2955303.3333333335,3928.3333333333335,2255150.0,True,exclude,True,avg_daily_value_60d_below_3m
9507,9507.T,"Shikoku Electric Power Company,Incorporated",1122384626.6666667,675840.0,1052105500.0,True,pass,False,pass
5946,5946.T,"CHOFU SEISAKUSHO CO.,LTD.",155116095.0,76861.66666666667,141781000.0,True,pass,False,pass
4367,4367.T,"KOEI CHEMICAL COMPANY,LIMITED",47721423.333333336,16998.333333333332,4329050.0,True,pass,False,pass
1717,1717.T,Meiho Facility Works Ltd.,26438580.0,26836.666666666668,20226250.0,True,pass,False,pass
7963,7963.T,KOKEN LTD.,31170030.0,15986.666666666666,21156000.0,True,pass,False,pass
6662,6662.T,"Ubiteq,INC.",5740635.0,26208.333333333332,3597300.0,True,review,False,avg_daily_value_60d_below_10m
6962,6962.T,DAISHINKU CORP.,365586371.6666667,463593.3333333333,246681950.0,True,pass,False,pass
3816,3816.T,"DAIWA COMPUTER CO.,LTD.",1109486.6666666667,975.0,677100.0,True,exclude,True,avg_daily_value_60d_below_3m
5909,5909.T,CORONA CORPORATION,24982305.0,25743.333333333332,12679350.0,True,pass,False,pass
5900,5900.T,"DAIKEN CO.,LTD.",1628885.0,2018.3333333333333,944400.0,True,exclude,True,avg_daily_value_60d_below_3m
6638,6638.T,"MIMAKI ENGINEERING CO.,LTD.",162855460.0,96446.66666666667,131374200.0,True,pass,False,pass
3440,3440.T,"NISSO GROUP Co.,Ltd.",5694283.333333333,5931.666666666667,4474400.0,True,review,False,avg_daily_value_60d_below_10m
4366,4366.T,Daito Chemix Corporation,94538088.33333333,197436.66666666666,39100050.0,True,pass,False,pass
7551,7551.T,"WEDS CO.,LTD.",15931986.666666666,22015.0,4472100.0,True,pass,False,pass
2152,2152.T,Youji Corporation,1521293.3333333333,1018.3333333333334,889200.0,True,exclude,True,avg_daily_value_60d_below_3m
4990,4990.T,"Showa Chemical Industry Co.,Ltd.",2959066.6666666665,5675.0,1792000.0,True,exclude,True,avg_daily_value_60d_below_3m
4633,4633.T,SAKATA INX CORPORATION,551415293.3333334,235526.66666666666,534022650.0,True,pass,False,pass
6400,6400.T,"FUJI SEIKI CO.,LTD.",6597105.0,23465.0,4986850.0,True,review,False,avg_daily_value_60d_below_10m
7022,7022.T,Sanoyas Holdings Corporation,45876608.333333336,135903.33333333334,40498500.0,True,pass,False,pass
2481,2481.T,"TOWNNEWS-SHA CO.,LTD.",1211195.0,1768.3333333333333,897650.0,True,exclude,True,avg_daily_value_60d_below_3m
3835,3835.T,"eBASE Co.,Ltd.",45836076.666666664,113038.33333333333,31414100.0,True,pass,False,pass
4998,4998.T,FUMAKILLA LIMITED,20704675.0,18176.666666666668,14030200.0,True,pass,False,pass
6383,6383.T,"DAIFUKU CO.,LTD.",12851375221.666666,1982886.6666666667,11474794900.0,True,pass,False,pass
2335,2335.T,CUBE SYSTEM INC.,21618931.666666668,20936.666666666668,18518400.0,True,pass,False,pass
4212,4212.T,Sekisui Jushi Corporation,196552688.33333334,88546.66666666667,194477300.0,True,pass,False,pass
9536,9536.T,"SAIBU GAS HOLDINGS CO.,LTD.",266079590.0,108565.0,188986600.0,True,pass,False,pass
4369,4369.T,Tri Chemical Laboratories Inc.,2472853603.3333335,776908.3333333334,2038673650.0,True,pass,False,pass
6494,6494.T,"NFK HOLDINGS CO.,Ltd",115775056.66666667,1020093.3333333334,94142900.0,True,pass,False,pass
9633,9633.T,"TOKYO THEATRES COMPANY,INCORPORATED",16655906.666666666,10153.333333333334,13569600.0,True,pass,False,pass
7235,7235.T,"TOKYO RADIATOR MFG.CO.,LTD.",63067490.0,42901.666666666664,49909200.0,True,pass,False,pass
3421,3421.T,"INABA SEISAKUSHO Co.,Ltd.",45810426.666666664,26936.666666666668,36896000.0,True,pass,False,pass
5965,5965.T,FUJIMAK CORPORATION,26100208.333333332,21350.0,17687400.0,True,pass,False,pass
3040,3040.T,SOLITON SYSTEMS K.K.,127042691.66666667,67783.33333333333,115385500.0,True,pass,False,pass
4027,4027.T,TAYCA CORPORATION,226978911.66666666,122273.33333333333,190218100.0,True,pass,False,pass
4825,4825.T,WEATHERNEWS INC.,448546900.0,217966.66666666666,373660300.0,True,pass,False,pass
3294,3294.T,"e'grand Co.,Ltd",206810645.0,45281.666666666664,67642500.0,True,pass,False,pass
7236,7236.T,"T.RAD Co., Ltd.",558537033.3333334,44528.333333333336,268519500.0,True,pass,False,pass
2332,2332.T,"Quest Co.,Ltd.",124968250.0,66856.66666666667,38899600.0,True,pass,False,pass
4172,4172.T,"Hi-CRATES CO.,LTD.",2056176.6666666667,876.6666666666666,1505850.0,True,exclude,True,avg_daily_value_60d_below_3m
4641,4641.T,Altech Corporation,99617276.66666667,39630.0,92138650.0,True,pass,False,pass
6171,6171.T,C.E.Management Integrated Laboratory Co.Ltd,11717233.333333334,28825.0,8911300.0,True,pass,False,pass
9702,9702.T,ISB CORPORATION,111980473.33333333,53176.666666666664,96634100.0,True,pass,False,pass
4202,4202.T,Daicel Corporation,1938201755.0,1513920.0,1673157900.0,True,pass,False,pass
7213,7213.T,LECIP HOLDINGS CORPORATION,17981228.333333332,33981.666666666664,5897100.0,True,pass,False,pass
3799,3799.T,Keyware Solutions Inc.,8848826.666666666,8065.0,7497450.0,True,review,False,avg_daily_value_60d_below_10m
6033,6033.T,"EXTREME CO.,LTD.",17171415.0,11513.333333333334,12626250.0,True,pass,False,pass
5943,5943.T,NORITZ CORPORATION,230872905.0,97441.66666666667,221934850.0,True,pass,False,pass
4611,4611.T,"Dai Nippon Toryo Company,Limited",213811660.0,165826.66666666666,171612750.0,True,pass,False,pass
5933,5933.T,ALINCO INCORPORATED,79567365.0,74163.33333333333,52314600.0,True,pass,False,pass
4205,4205.T,ZEON CORPORATION,1978478704.1666667,1005886.6666666666,1676312500.0,True,pass,False,pass
4025,4025.T,"TAKI CHEMICAL CO.,LTD.",352135866.6666667,77101.66666666667,222793500.0,True,pass,False,pass
4255,4255.T,THECOO Inc.,12596923.333333334,5563.333333333333,2762700.0,True,pass,False,pass
7240,7240.T,NOK CORPORATION,993844125.8333334,341145.0,947289850.0,True,pass,False,pass
4531,4531.T,"Yuki Gosei Kogyo Co.,Ltd.",35993951.666666664,90105.0,23023150.0,True,pass,False,pass
4754,4754.T,TOSNET CORPORATION,1881920.0,1255.0,1060850.0,True,exclude,True,avg_daily_value_60d_below_3m
4801,4801.T,"CENTRAL SPORTS CO.,LTD.",43831528.333333336,18401.666666666668,31919200.0,True,pass,False,pass
2705,2705.T,"OOTOYA Holdings Co.,Ltd.",105290916.66666667,14673.333333333334,80059000.0,True,pass,False,pass
5918,5918.T,"The Takigami Steel Construction Co.,Ltd.",24836100.0,3523.3333333333335,2134500.0,True,pass,False,pass
6977,6977.T,"JAPAN RESISTOR MFG. CO.,LTD.",27671916.666666668,21275.0,2912800.0,True,pass,False,pass
4958,4958.T,"T.HASEGAWA CO.,LTD.",249179861.66666666,85681.66666666667,233111250.0,True,pass,False,pass
9511,9511.T,"The Okinawa Electric Power Company,Incorporated",218396093.33333334,218200.0,199702700.0,True,pass,False,pass
6837,6837.T,"KYOSHA CO.,LTD.",19774040.0,57101.666666666664,3012300.0,True,pass,False,pass
7544,7544.T,"Three F Co.,Ltd.",4006080.0,7193.333333333333,2868800.0,True,review,False,avg_daily_value_60d_below_10m
5947,5947.T,RINNAI CORPORATION,1455609815.0,404861.6666666667,1256864800.0,True,pass,False,pass
5958,5958.T,"SANYO INDUSTRIES,LTD.",28586533.333333332,6180.0,13659750.0,True,pass,False,pass
7299,7299.T,FUJI OOZX Inc.,12675408.333333334,6931.666666666667,10598900.0,True,pass,False,pass
9409,9409.T,TV Asahi Holdings Corporation,921650425.0,280441.6666666667,712186500.0,True,pass,False,pass
3854,3854.T,I'LL INC,170285833.33333334,70288.33333333333,135126600.0,True,pass,False,pass
3623,3623.T,Billing System Corporation,26948778.333333332,25343.333333333332,23261400.0,True,pass,False,pass
5727,5727.T,"TOHO TITANIUM COMPANY,LIMITED",3485777938.3333335,1191023.3333333333,2255942100.0,True,pass,False,pass
3110,3110.T,"NITTO BOSEKI CO.,LTD.",56759289100.0,2320560.0,52742327500.0,True,pass,False,pass
2136,2136.T,HIP CORPORATION,4678095.0,3140.0,3304850.0,True,review,False,avg_daily_value_60d_below_10m
2331,2331.T,"ALSOK CO.,LTD.",1541879085.0,1291036.6666666667,1404258100.0,True,pass,False,pass
6042,6042.T,"NIKKI CO.,LTD.",7423275.0,1646.6666666666667,4373500.0,True,review,False,avg_daily_value_60d_below_10m
5757,5757.T,"CK SAN-ETSU Co.,Ltd.",67464258.33333333,15395.0,45178250.0,True,pass,False,pass
4956,4956.T,"KONISHI CO.,LTD.",169233188.33333334,121425.0,156277250.0,True,pass,False,pass
4021,4021.T,Nissan Chemical Corporation,4466553355.0,671043.3333333334,4194144650.0,True,pass,False,pass
4299,4299.T,"HIMACS,Ltd.",26932043.333333332,21685.0,16483900.0,True,pass,False,pass
4725,4725.T,CAC Holdings Corporation,103891828.33333333,56670.0,92670300.0,True,pass,False,pass
9765,9765.T,"OHBA CO.,LTD.",44522836.666666664,36845.0,35454600.0,True,pass,False,pass
6864,6864.T,NF HOLDINGS CORPORATION,117240380.0,70753.33333333333,47348000.0,True,pass,False,pass
2805,2805.T,S&B FOODS INC.,208716791.66666666,42795.0,193050500.0,True,pass,False,pass
4377,4377.T,ONE CAREER Inc.,183376095.0,95936.66666666667,151572750.0,True,pass,False,pass
4750,4750.T,"DAISAN CO.,LTD.",7762866.666666667,13418.333333333334,4486050.0,True,review,False,avg_daily_value_60d_below_10m
5729,5729.T,"NIHON SEIKO CO.,LTD",151225580.0,59098.333333333336,112621500.0,True,pass,False,pass
9474,9474.T,"ZENRIN CO.,LTD.",193094326.66666666,208341.66666666666,152046300.0,True,pass,False,pass
7102,7102.T,"NIPPON SHARYO,LTD.",153706841.66666666,42731.666666666664,123960500.0,True,pass,False,pass
5741,5741.T,UACJ Corporation,2446425878.3333335,883718.3333333334,2091458500.0,True,pass,False,pass
1997,1997.T,"AKATSUKI EAZIMA CO.,LTD.",9045325.0,2265.0,5937000.0,True,review,False,avg_daily_value_60d_below_10m
3513,3513.T,"ICHIKAWA CO.,LTD.",40510291.666666664,11530.0,28432250.0,True,pass,False,pass
7971,7971.T,TOLI Corporation,128915508.33333333,195385.0,109089000.0,True,pass,False,pass
9552,9552.T,"Quants Research Institute Holdings,Inc.",390671875.0,536733.3333333334,267796450.0,True,pass,False,pass
9475,9475.T,"Shobunsha Holdings,Inc.",3344475.0,6436.666666666667,2193350.0,True,review,False,avg_daily_value_60d_below_10m
6942,6942.T,"SOPHIA HOLDINGS CO.,LTD.",7031251.666666667,5306.666666666667,5439600.0,True,review,False,avg_daily_value_60d_below_10m
2305,2305.T,"STUDIO ALICE Co.,Ltd.",60766175.0,32341.666666666668,54509400.0,True,pass,False,pass
6045,6045.T,"Rentracks CO.,LTD.",23414290.0,14326.666666666666,19555500.0,True,pass,False,pass
2109,2109.T,"Mitsui DM Sugar Co.,Ltd.",178308575.0,52690.0,158066250.0,True,pass,False,pass
9052,9052.T,"Sanyo Electric Railway Co.,Ltd.",74117831.66666667,37065.0,57573300.0,True,pass,False,pass
4061,4061.T,Denka Company Limited,3898168721.6666665,1029533.3333333334,3465588500.0,True,pass,False,pass
2163,2163.T,"ARTNER CO.,LTD.",42283543.333333336,21775.0,29081200.0,True,pass,False,pass
9739,9739.T,NSW Inc.,61556520.0,25000.0,51634350.0,True,pass,False,pass
9535,9535.T,"HIROSHIMA GAS CO.,LTD.",97907388.33333333,245311.66666666666,65140000.0,True,pass,False,pass
6061,6061.T,"UNIVERSAL ENGEISHA CO.,LTD",14067110.0,4866.666666666667,10816000.0,True,pass,False,pass
9656,9656.T,GREENLAND RESORT COMPANY LIMITED,2826898.3333333335,4646.666666666667,1854400.0,True,exclude,True,avg_daily_value_60d_below_3m
3921,3921.T,NEOJAPAN Inc.,44534193.333333336,27323.333333333332,36272600.0,True,pass,False,pass
3974,3974.T,SCAT Inc.,2309198.3333333335,3921.6666666666665,1690200.0,True,exclude,True,avg_daily_value_60d_below_3m
5331,5331.T,"NORITAKE CO.,LIMITED",853827866.6666666,241280.0,546214500.0,True,pass,False,pass
3741,3741.T,"Systems Engineering Consultants Co.,LTD.",511867435.0,148363.33333333334,397599250.0,True,pass,False,pass
7292,7292.T,MURAKAMI CORPORATION,40257966.666666664,6053.333333333333,29394000.0,True,pass,False,pass
5966,5966.T,"KYOTO TOOL CO.,LTD.",1079485.0,436.6666666666667,492000.0,True,exclude,True,avg_daily_value_60d_below_3m
9788,9788.T,"NAC CO.,LTD.",37110626.666666664,70950.0,31339250.0,True,pass,False,pass
6546,6546.T,Fulltech Co.Ltd.,1832696.6666666667,1633.3333333333333,1132950.0,True,exclude,True,avg_daily_value_60d_below_3m
4337,4337.T,PIA CORPORATION,131632308.33333333,41823.333333333336,109946000.0,True,pass,False,pass
7245,7245.T,"DAIDO METAL CO.,LTD.",550193408.3333334,571145.0,424449150.0,True,pass,False,pass
5973,5973.T,TOAMI CORPORATION,2500921.6666666665,3940.0,1113300.0,True,exclude,True,avg_daily_value_60d_below_3m
2488,2488.T,"JTP CO.,LTD.",39581460.0,31043.333333333332,29710950.0,True,pass,False,pass
3350,3350.T,Metaplanet Inc.,9350779301.666666,28486788.333333332,8404590350.0,True,pass,False,pass
6255,6255.T,NPC Incorporated,242331603.33333334,310748.3333333333,188618750.0,True,pass,False,pass
4491,4491.T,"Computer Management Co.,Ltd.",5951346.666666667,2015.0,4410750.0,True,review,False,avg_daily_value_60d_below_10m
1736,1736.T,OTEC CORPORATION,14883283.333333334,6265.0,11659800.0,True,pass,False,pass
7058,7058.T,"Kyoei Security Service Co.,Ltd.",2483243.3333333335,823.3333333333334,1667000.0,True,exclude,True,avg_daily_value_60d_below_3m
9729,9729.T,TOKAI Corp.,116156833.33333333,45513.333333333336,109421300.0,True,pass,False,pass
5984,5984.T,KANEFUSA CORPORATION,8951176.666666666,11465.0,5109250.0,True,review,False,avg_daily_value_60d_below_10m
4356,4356.T,"APPLIED TECHNOLOGY CO.,LTD.",5759223.333333333,3373.3333333333335,4776300.0,True,review,False,avg_daily_value_60d_below_10m
7678,7678.T,"ASAKUMA CO.,LTD.",66163991.666666664,11728.333333333334,59470500.0,True,pass,False,pass
5071,5071.T,VIS co.ltd.,7314850.0,4873.333333333333,5997750.0,True,review,False,avg_daily_value_60d_below_10m
4097,4097.T,"KOATSU GAS KOGYO CO.,LTD.",132472881.66666667,119035.0,92900500.0,True,pass,False,pass
5901,5901.T,"Toyo Seikan Group Holdings,Ltd.",1576106886.6666667,431556.6666666667,1254946350.0,True,pass,False,pass
4992,4992.T,"HOKKO CHEMICAL INDUSTRY CO.,LTD.",105582648.33333333,60156.666666666664,94920450.0,True,pass,False,pass
4430,4430.T,"TOKAI SOFT CO.,LTD.",39675630.0,22105.0,33382150.0,True,pass,False,pass
2326,2326.T,Digital Arts Inc.,822751933.3333334,173010.0,661046000.0,True,pass,False,pass
7833,7833.T,IFIS JAPAN LTD.,4127230.0,6218.333333333333,3385500.0,True,review,False,avg_daily_value_60d_below_10m
5192,5192.T,Mitsuboshi Belting Ltd.,270403166.6666667,67505.0,234009000.0,True,pass,False,pass
4290,4290.T,Prestige International Inc.,238662576.66666666,360653.3333333333,177448500.0,True,pass,False,pass
2301,2301.T,"GAKUJO CO.,Ltd.",219050666.66666666,132316.66666666666,189026200.0,True,pass,False,pass
6240,6240.T,YAMASHIN-FILTER CORP.,261342851.66666666,483700.0,174853150.0,True,pass,False,pass
2818,2818.T,"PIETRO Co.,Ltd.",8440260.0,4796.666666666667,5888800.0,True,review,False,avg_daily_value_60d_below_10m
6535,6535.T,"i-mobile Co.,Ltd.",122321596.66666667,241195.0,92011350.0,True,pass,False,pass
9768,9768.T,"IDEA Consultants,Inc.",108113850.0,28668.333333333332,89672000.0,True,pass,False,pass
9619,9619.T,"ICHINEN HOLDINGS CO.,LTD.",78034051.66666667,36833.333333333336,69636350.0,True,pass,False,pass
1379,1379.T,HOKUTO CORPORATION,194170863.33333334,102005.0,172478700.0,True,pass,False,pass
6888,6888.T,ACMOS INC.,9282755.0,17043.333333333332,7069400.0,True,review,False,avg_daily_value_60d_below_10m
4481,4481.T,"BASE CO.,LTD.",258740533.33333334,80568.33333333333,233901500.0,True,pass,False,pass
2208,2208.T,BOURBON CORPORATION,28596980.0,9251.666666666666,22645000.0,True,pass,False,pass
2198,2198.T,IKK Holdings Inc.,45254250.0,56175.0,33554900.0,True,pass,False,pass
1941,1941.T,CHUDENKO CORPORATION,385413541.6666667,81468.33333333333,356451750.0,True,pass,False,pass
3150,3150.T,"grems,Inc.",201039335.0,74181.66666666667,164103450.0,True,pass,False,pass
4463,4463.T,"NICCA CHEMICAL CO.,LTD.",35333861.666666664,20311.666666666668,28035500.0,True,pass,False,pass
5930,5930.T,"Bunka Shutter Co.,Ltd.",198330333.33333334,104788.33333333333,188157300.0,True,pass,False,pass
6059,6059.T,"UCHIYAMA HOLDINGS Co.,Ltd.",5285258.333333333,14346.666666666666,3509100.0,True,review,False,avg_daily_value_60d_below_10m
4362,4362.T,"Nippon Fine Chemical Co.,Ltd.",107341171.66666667,42908.333333333336,96652900.0,True,pass,False,pass
9404,9404.T,"Nippon Television Holdings,Inc.",1402408172.5,459940.0,1339305300.0,True,pass,False,pass
9699,9699.T,"NISHIO HOLDINGS CO.,LTD.",172423258.33333334,40750.0,167982250.0,True,pass,False,pass
3431,3431.T,"MIYAJI ENGINEERING GROUP,INC.",322607561.6666667,191731.66666666666,297444500.0,True,pass,False,pass
3553,3553.T,"KYOWA LEATHER CLOTH CO.,LTD.",95241720.0,97893.33333333333,51014500.0,True,pass,False,pass
3096,3096.T,OCEAN SYSTEM CORPORATION,7571130.0,4533.333333333333,6110450.0,True,review,False,avg_daily_value_60d_below_10m
7266,7266.T,"Imasen Electric Industrial Co.,Ltd.",46096271.666666664,51381.666666666664,36059500.0,True,pass,False,pass
9928,9928.T,"MIROKU JYOHO SERVICE CO.,LTD.",76093230.0,43598.333333333336,69856600.0,True,pass,False,pass
7966,7966.T,LINTEC Corporation,1259046683.3333333,247155.0,1059545000.0,True,pass,False,pass
4390,4390.T,"IPS,Inc.",370538121.6666667,106396.66666666667,282061500.0,True,pass,False,pass
7600,7600.T,"Japan Medical Dynamic Marketing,INC.",332300625.0,525610.0,208902500.0,True,pass,False,pass
3766,3766.T,"SYSTEMS DESIGN Co.,Ltd.",3009141.6666666665,2361.6666666666665,1384350.0,True,review,False,avg_daily_value_60d_below_10m
7377,7377.T,"DN HOLDINGS CO.,LTD.",16078621.666666666,8436.666666666666,5599200.0,True,pass,False,pass
3771,3771.T,"SYSTEM RESEARCH CO.,LTD.",78911916.66666667,45638.333333333336,63160350.0,True,pass,False,pass
9340,9340.T,"ASO INTERNATIONAL,INC.",6159581.666666667,9041.666666666666,3376100.0,True,review,False,avg_daily_value_60d_below_10m
9067,9067.T,MARUWN CORPORATION,8401181.666666666,8918.333333333334,4095550.0,True,review,False,avg_daily_value_60d_below_10m
5122,5122.T,"OKAMOTO INDUSTRIES,INC.",108351400.0,18766.666666666668,101510000.0,True,pass,False,pass
5936,5936.T,"TOYO SHUTTER CO.,LTD.",7619036.666666667,8211.666666666666,5161200.0,True,review,False,avg_daily_value_60d_below_10m
2325,2325.T,"NJS Co.,Ltd.",133162350.0,27911.666666666668,112668750.0,True,pass,False,pass
7931,7931.T,"MIRAI INDUSTRY CO.,LTD.",145170931.66666666,47143.333333333336,99149000.0,True,pass,False,pass
9083,9083.T,"Shinki Bus Co.,Ltd.",9386271.666666666,4721.666666666667,6379350.0,True,review,False,avg_daily_value_60d_below_10m
9686,9686.T,"TOYO TEC CO.,LTD.",14931268.333333334,9188.333333333334,12350350.0,True,pass,False,pass
7081,7081.T,"Koyou Rentia Co.,Ltd.",6572961.666666667,5065.0,5189200.0,True,review,False,avg_daily_value_60d_below_10m
9780,9780.T,HARIMA B.STEM CORPORATION,5680743.333333333,5981.666666666667,4846750.0,True,review,False,avg_daily_value_60d_below_10m
9539,9539.T,"KEIYO GAS CO.,LTD.",7608963.333333333,5615.0,5872100.0,True,review,False,avg_daily_value_60d_below_10m
4685,4685.T,"Ryoyu Systems Co.,Ltd.",124852345.0,40225.0,117134850.0,True,pass,False,pass
4189,4189.T,"KH Neochem Co.,Ltd.",472522321.6666667,169793.33333333334,440109750.0,True,pass,False,pass
4709,4709.T,ID Holdings Corporation,86656013.33333333,87925.0,70634300.0,True,pass,False,pass
9889,9889.T,JBCC Holdings Inc.,284830408.3333333,227615.0,249947200.0,True,pass,False,pass
3252,3252.T,"JINUSHI Co.,Ltd.",423440098.3333333,131056.66666666667,404374250.0,True,pass,False,pass
2483,2483.T,HONYAKU Center Inc.,20210875.0,10428.333333333334,8275950.0,True,pass,False,pass
4335,4335.T,"IPS HOLDINGS CO.,LTD.",4576578.333333333,3685.0,3682500.0,True,review,False,avg_daily_value_60d_below_10m
4112,4112.T,"Hodogaya Chemical Co.,Ltd.",164561026.66666666,70050.0,117316200.0,True,pass,False,pass
4925,4925.T,"HABA LABORATORIES,INC.",3281358.3333333335,1878.3333333333333,2478000.0,True,review,False,avg_daily_value_60d_below_10m
6897,6897.T,TWINBIRD CORPORATION,4566051.666666667,11415.0,3275450.0,True,review,False,avg_daily_value_60d_below_10m
8864,8864.T,"AIRPORT FACILITIES Co.,LTD.",107492510.0,112628.33333333333,98640500.0,True,pass,False,pass
4671,4671.T,"FALCO HOLDINGS Co.,Ltd.",38752770.0,14908.333333333334,34033600.0,True,pass,False,pass
3371,3371.T,SOFTCREATE HOLDINGS CORP.,66806153.333333336,36205.0,54015900.0,True,pass,False,pass
2186,2186.T,Sobal Corporation,2934936.6666666665,3248.3333333333335,1991000.0,True,exclude,True,avg_daily_value_60d_below_3m
5970,5970.T,G-TEKT CORPORATION,406910966.6666667,211511.66666666666,355023650.0,True,pass,False,pass
4012,4012.T,"AXIS CO.,LTD.",30209460.0,19108.333333333332,20266100.0,True,pass,False,pass
2410,2410.T,"CAREER DESIGN CENTER CO.,LTD.",51596796.666666664,20908.333333333332,41627700.0,True,pass,False,pass
2702,2702.T,"McDonald's Holdings Company(Japan),Ltd.",3969068333.3333335,493411.6666666667,3639890000.0,True,pass,False,pass
6995,6995.T,"TOKAI RIKA CO.,LTD.",468268355.0,158231.66666666666,422361350.0,True,pass,False,pass
6540,6540.T,SEMBA CORPORATION,35018761.666666664,20618.333333333332,27136600.0,True,pass,False,pass
4674,4674.T,CRESCO LTD.,161593313.33333334,107993.33333333333,130462200.0,True,pass,False,pass
8803,8803.T,"HEIWA REAL ESTATE CO.,LTD.",591125973.3333334,243738.33333333334,529440750.0,True,pass,False,pass
9723,9723.T,"THE KYOTO HOTEL,LTD.",3165585.0,4783.333333333333,2316600.0,True,review,False,avg_daily_value_60d_below_10m
2317,2317.T,Systena Corporation,459048755.0,1087576.6666666667,435068750.0,True,pass,False,pass
6200,6200.T,"Insource Co.,Ltd.",336795160.0,497553.3333333333,294289900.0,True,pass,False,pass
7219,7219.T,"HKS CO.,LTD.",3596375.0,1566.6666666666667,1563100.0,True,review,False,avg_daily_value_60d_below_10m
6428,6428.T,OIZUMI Corporation,4738221.666666667,14271.666666666666,3860150.0,True,review,False,avg_daily_value_60d_below_10m
4985,4985.T,Earth Corporation,260027616.66666666,54928.333333333336,244788500.0,True,pass,False,pass
2612,2612.T,KADOYA SESAME MILLS INCORPORATED,28797646.64347331,17773.333333333332,20476500.0,True,pass,False,pass
4231,4231.T,TIGERS POLYMER CORPORATION,40221918.333333336,38576.666666666664,34552700.0,True,pass,False,pass
7043,7043.T,"Alue Co.,Ltd.",2949051.6666666665,3381.6666666666665,2097500.0,True,exclude,True,avg_daily_value_60d_below_3m
4372,4372.T,"YMIRLINK,Inc.",6118056.666666667,5121.666666666667,2207400.0,True,review,False,avg_daily_value_60d_below_10m
3443,3443.T,"KAWADA TECHNOLOGIES,INC.",603407098.0633545,410475.0,456290344.1833496,True,pass,False,pass
6493,6493.T,NITTAN Corporation,70662133.33333333,118120.0,58511300.0,True,pass,False,pass
7314,7314.T,"ODAWARA AUTO-MACHINE MFG.CO.,LTD.",1864785.0,1611.6666666666667,1560500.0,True,exclude,True,avg_daily_value_60d_below_3m
7264,7264.T,MURO CORPORATION,4503235.0,3390.0,2433100.0,True,review,False,avg_daily_value_60d_below_10m
9793,9793.T,"Daiseki Co.,Ltd.",645189191.6666666,157988.33333333334,618230000.0,True,pass,False,pass
4613,4613.T,"KANSAI PAINT CO.,LTD.",3023000225.8333335,1246346.6666666667,2698415375.0,True,pass,False,pass
3848,3848.T,"Data Applications Company,Limited",8136710.0,8590.0,3052200.0,True,review,False,avg_daily_value_60d_below_10m
9322,9322.T,"KAWANISHI WAREHOUSE CO.,LTD.",12881655.0,5213.333333333333,9550400.0,True,pass,False,pass
4847,4847.T,INTELLIGENT WAVE INC.,61041475.0,61698.333333333336,29610200.0,True,pass,False,pass
3426,3426.T,"ATOM LIVIN TECH Co.,Ltd.",1104630.0,841.6666666666666,659000.0,True,exclude,True,avg_daily_value_60d_below_3m
7246,7246.T,"PRESS KOGYO CO.,LTD.",279517793.3333333,339331.6666666667,248862600.0,True,pass,False,pass
2874,2874.T,"YOKOREI CO.,LTD.",385237018.3333333,197348.33333333334,242984250.0,True,pass,False,pass
6055,6055.T,"JAPAN MATERIAL Co.,Ltd.",1519887463.3333333,803925.0,1352721700.0,True,pass,False,pass
4662,4662.T,Focus Systems Corporation,89678351.66666667,56421.666666666664,83711050.0,True,pass,False,pass
9074,9074.T,"Japan Oil Transportation Co.,Ltd.",20715633.333333332,4011.6666666666665,16816500.0,True,pass,False,pass
6664,6664.T,"OPTOELECTRONICS CO.,LTD.",5548050.0,19346.666666666668,3128150.0,True,review,False,avg_daily_value_60d_below_10m
4389,4389.T,"Property Data Bank,Inc.",6833246.666666667,8143.333333333333,3827300.0,True,review,False,avg_daily_value_60d_below_10m
6298,6298.T,"Y.A.C.HOLDINGS CO.,LTD.",254399958.33333334,209730.0,183671550.0,True,pass,False,pass
6196,6196.T,"Strike Group Co.,Ltd.",648150802.1563721,499526.6666666667,471483000.0,True,pass,False,pass
4301,4301.T,AMUSE INC.,67830205.0,35010.0,52601250.0,True,pass,False,pass
9742,9742.T,INES Corporation,143800431.66666666,70018.33333333333,113107150.0,True,pass,False,pass
2268,2268.T,"B-R 31 ICE CREAM CO.,LTD.",23928108.333333332,5886.666666666667,19234750.0,True,pass,False,pass
6038,6038.T,"IID,Inc.",9098093.333333334,9983.333333333334,6857700.0,True,review,False,avg_daily_value_60d_below_10m
4931,4931.T,"Shinnihonseiyaku Co.,Ltd.",57874173.333333336,28728.333333333332,48399000.0,True,pass,False,pass
3593,3593.T,"HOGY MEDICAL CO.,LTD.",386478183.3333333,57991.666666666664,150183000.0,True,pass,False,pass
2749,2749.T,"JP-HOLDINGS,INC.",187521540.0,272560.0,148835550.0,True,pass,False,pass
4245,4245.T,"Daiki Axis Co.,Ltd.",17181600.0,24336.666666666668,12976850.0,True,pass,False,pass
3010,3010.T,"Polaris Holdings Co.,Ltd.",46942993.333333336,262150.0,31391100.0,True,pass,False,pass
9505,9505.T,Hokuriku Electric Power Company,1064338543.5148112,1090640.0,868517457.6080322,True,pass,False,pass
5923,5923.T,"TAKADAKIKO(Steel Construction)CO.,LTD.",13209756.666666666,11378.333333333334,5144100.0,True,pass,False,pass
2497,2497.T,"UNITED,Inc.",19354265.0,37301.666666666664,16216050.0,True,pass,False,pass
5290,5290.T,Vertex Corporation,162595723.33333334,86630.0,145134600.0,True,pass,False,pass
7368,7368.T,"HYOJITO Co.,Ltd.",3200761.6666666665,1890.0,2890850.0,True,review,False,avg_daily_value_60d_below_10m
4691,4691.T,WASHINGTON HOTEL CORPORATION,261103788.33333334,136033.33333333334,149045850.0,True,pass,False,pass
4093,4093.T,"Toho Acetylene Co.,Ltd.",33972228.333333336,77281.66666666667,24031950.0,True,pass,False,pass
5355,5355.T,"Nippon Crucible Co.,Ltd.",6342816.666666667,9593.333333333334,3042050.0,True,review,False,avg_daily_value_60d_below_10m
9950,9950.T,"HACHI-BAN CO.,LTD.",7885933.333333333,2315.0,4826500.0,True,review,False,avg_daily_value_60d_below_10m
6090,6090.T,"Human Metabolome Technologies,Inc.",5592800.0,8243.333333333334,4006700.0,True,review,False,avg_daily_value_60d_below_10m
9247,9247.T,TRE HOLDINGS CORPORATION,730388958.3333334,453973.3333333333,638634850.0,True,pass,False,pass
4544,4544.T,"H.U. Group Holdings,Inc.",854278609.1666666,269381.6666666667,818928400.0,True,pass,False,pass
4718,4718.T,"WASEDA ACADEMY CO.,LTD.",77219583.33333333,36898.333333333336,68733550.0,True,pass,False,pass
5280,5280.T,"Yoshicon Co.,Ltd.",44026561.666666664,17930.0,31750500.0,True,pass,False,pass
9042,9042.T,"Hankyu Hanshin Holdings,Inc.",5785670126.666667,1271321.6666666667,5039042650.0,True,pass,False,pass
7226,7226.T,"KYOKUTO KAIHATSU KOGYO CO.,LTD.",632643893.3333334,243008.33333333334,558835750.0,True,pass,False,pass
9612,9612.T,"LUCKLAND CO.,LTD.",70864825.0,47188.333333333336,60207650.0,True,pass,False,pass
6233,6233.T,KLASS Corporation,1444260.0,3621.6666666666665,858800.0,True,exclude,True,avg_daily_value_60d_below_3m
2573,2573.T,"HOKKAIDO COCA-COLA BOTTLING CO.,LTD.",29738141.666666668,7088.333333333333,27296500.0,True,pass,False,pass
4722,4722.T,Future Corporation,406306626.6666667,251843.33333333334,351280800.0,True,pass,False,pass
3636,3636.T,"Mitsubishi Research Institute,Inc.",318351941.6666667,68446.66666666667,236404500.0,True,pass,False,pass
7443,7443.T,"YOKOHAMA GYORUI CO.,LTD.",5796100.0,8785.0,3257600.0,True,review,False,avg_daily_value_60d_below_10m
4792,4792.T,"YAMADA Consulting Group Co.,Ltd.",45333990.0,27465.0,39514050.0,True,pass,False,pass
2597,2597.T,UNICAFE INC.,5221080.0,4885.0,4214300.0,True,review,False,avg_daily_value_60d_below_10m
1950,1950.T,"NIPPON DENSETSU KOGYO CO.,LTD.",810168816.6666666,166663.33333333334,700828500.0,True,pass,False,pass
4812,4812.T,DENTSU SOKEN INC.,848790408.3333334,412305.0,789402000.0,True,pass,False,pass
1434,1434.T,"JESCO Holdings,Inc.",149722740.0,70770.0,103502350.0,True,pass,False,pass
4409,4409.T,"TOHO CHEMICAL INDUSTRY COMPANY,LIMITED",4069853.3333333335,5408.333333333333,3430750.0,True,review,False,avg_daily_value_60d_below_10m
9697,9697.T,"CAPCOM CO.,LTD.",10101733333.333334,3010425.0,9364428350.0,True,pass,False,pass
9644,9644.T,"TANABE CONSULTING GROUP CO.,LTD.",25790591.666666668,35846.666666666664,22895950.0,True,pass,False,pass
4967,4967.T,"KOBAYASHI PHARMACEUTICAL CO.,LTD.",1154259515.0,198586.66666666666,1131070200.0,True,pass,False,pass
9466,9466.T,Aidma Marketing Communication Corporation,1535566.6666666667,6545.0,1067450.0,True,exclude,True,avg_daily_value_60d_below_3m
9072,9072.T,"NIKKON Holdings Co.,Ltd.",1797056128.3333333,368458.3333333333,1656473850.0,True,pass,False,pass
6564,6564.T,"MIDAC HOLDINGS CO.,LTD.",110114480.0,53323.333333333336,101502300.0,True,pass,False,pass
5753,5753.T,"NIPPON SHINDO CO.,LTD.",15932133.333333334,6161.666666666667,9699300.0,True,pass,False,pass
4914,4914.T,TAKASAGO INTERNATIONAL CORPORATION,222915165.0,186695.0,199692150.0,True,pass,False,pass
7297,7297.T,"CAR MATE MFG. CO.,LTD.",1238286.6666666667,1413.3333333333333,1041600.0,True,exclude,True,avg_daily_value_60d_below_3m
2114,2114.T,Fuji Nihon Corporation,9393005.0,14873.333333333334,7981200.0,True,review,False,avg_daily_value_60d_below_10m
9508,9508.T,"Kyushu Electric Power Company,Incorporated",3069015738.3333335,1739226.6666666667,3004345925.0,True,pass,False,pass
5929,5929.T,Sanwa Holdings Corporation,2475157598.3333335,686588.3333333334,2255355250.0,True,pass,False,pass
9020,9020.T,East Japan Railway Company,12462183503.333334,3447103.3333333335,10922475100.0,True,pass,False,pass
7908,7908.T,"KIMOTO CO.,LTD.",47025656.666666664,183621.66666666666,35259600.0,True,pass,False,pass
1926,1926.T,"RAITO KOGYO CO.,LTD.",671334425.0,168658.33333333334,584495500.0,True,pass,False,pass
5816,5816.T,"Onamba Co.,Ltd.",64332175.0,33741.666666666664,33507750.0,True,pass,False,pass
1450,1450.T,TANAKEN Inc.,11574583.333333334,7606.666666666667,6549250.0,True,pass,False,pass
1414,1414.T,"SHO-BOND Holdings Co.,Ltd.",1236836335.0,908913.3333333334,1174786075.0,True,pass,False,pass
6125,6125.T,"OKAMOTO MACHINE TOOL WORKS,LTD.",237973250.0,52610.0,181101250.0,True,pass,False,pass
2816,2816.T,"DAISHO CO.,LTD.",4389540.0,3105.0,3082200.0,True,review,False,avg_daily_value_60d_below_10m
9376,9376.T,"EURASIA TRAVEL Co.,Ltd.",3794960.0,4518.333333333333,2455050.0,True,review,False,avg_daily_value_60d_below_10m
2911,2911.T,"ASAHIMATSU FOODS CO.,LTD.",2323573.3333333335,1013.3333333333334,1885200.0,True,exclude,True,avg_daily_value_60d_below_3m
4929,4929.T,"ADJUVANT HOLDINGS CO.,LTD.",9885530.0,12655.0,3661900.0,True,review,False,avg_daily_value_60d_below_10m
1976,1976.T,"MEISEI INDUSTRIAL Co.,Ltd.",188124856.66666666,103328.33333333333,159698550.0,True,pass,False,pass
6707,6707.T,"Sanken Electric Co.,Ltd.",1184136345.0,139833.33333333334,1093186500.0,True,pass,False,pass
3512,3512.T,Nippon Felt Company Limited,37885303.333333336,40448.333333333336,19404700.0,True,pass,False,pass
6315,6315.T,TOWA CORPORATION,10875321243.333334,3945163.3333333335,8215881050.0,True,pass,False,pass
7021,7021.T,"NITCHITSU CO.,LTD.",6025276.666666667,2808.3333333333335,4000900.0,True,review,False,avg_daily_value_60d_below_10m
4063,4063.T,"Shin-Etsu Chemical Co.,Ltd.",61646985801.666664,9161033.333333334,57390699550.0,True,pass,False,pass
4495,4495.T,"i Cubed Systems,Inc.",32200316.666666668,15351.666666666666,28111000.0,True,pass,False,pass
2354,2354.T,YE DIGITAL Corporation,160879241.66666666,179236.66666666666,117498900.0,True,pass,False,pass
7927,7927.T,MUTO SEIKO CO.,59250261.666666664,27345.0,47109500.0,True,pass,False,pass
2961,2961.T,NITCHO CORPORATION,1007191.6666666666,200.0,483500.0,True,exclude,True,avg_daily_value_60d_below_3m
2329,2329.T,TOHOKUSHINSHA FILM CORPORATION,29663890.0,48536.666666666664,24025000.0,True,pass,False,pass
6334,6334.T,"Meiji Machine Co.,Ltd.",2657238.3333333335,6378.333333333333,1585850.0,True,exclude,True,avg_daily_value_60d_below_3m
7521,7521.T,"MUSASHI CO.,LTD.",27698258.333333332,9861.666666666666,17663100.0,True,pass,False,pass
2814,2814.T,"SATO FOODS INDUSTRIES CO.,LTD.",5206893.333333333,1648.3333333333333,3870500.0,True,review,False,avg_daily_value_60d_below_10m
4838,4838.T,SPACE SHOWER SKIYAKI HOLDINGS INC.,45011256.666666664,59236.666666666664,31598350.0,True,pass,False,pass
3842,3842.T,"Nextgen,Inc.",9342446.666666666,9190.0,4524700.0,True,review,False,avg_daily_value_60d_below_10m
1878,1878.T,"DAITO TRUST CONSTRUCTION CO.,LTD.",5921914433.333333,1672933.3333333333,5490266700.0,True,pass,False,pass
4927,4927.T,POLA ORBIS HOLDINGS INC.,733567020.8333334,565070.0,683455025.0,True,pass,False,pass
5724,5724.T,"Asaka Riken Co.,Ltd.",269786756.6666667,80166.66666666667,175821500.0,True,pass,False,pass
8157,8157.T,"TSUZUKI DENKI CO.,LTD.",116827316.66666667,30940.0,89490500.0,True,pass,False,pass
3991,3991.T,"Wantedly,Inc",4811553.333333333,4675.0,2696600.0,True,review,False,avg_daily_value_60d_below_10m
3640,3640.T,"DENSAN CO.,LTD.",74822798.33333333,24956.666666666668,67566650.0,True,pass,False,pass
9206,9206.T,Star Flyer Inc.,6126735.0,3115.0,4684000.0,True,review,False,avg_daily_value_60d_below_10m
4234,4234.T,"Sun A.Kaken Company,Limited",8303515.0,10990.0,6089400.0,True,review,False,avg_daily_value_60d_below_10m
7483,7483.T,"DOSHISHA CO.,LTD.",324433966.6666667,97921.66666666667,266085100.0,True,pass,False,pass
8285,8285.T,"MITANI SANGYO CO.,LTD.",107023321.66666667,150080.0,96243900.0,True,pass,False,pass
3925,3925.T,Double Standard Inc.,73041858.33333333,54091.666666666664,56772500.0,True,pass,False,pass
9692,9692.T,COMPUTER ENGINEERING & CONSULTING LTD.,212192055.0,107001.66666666667,166077000.0,True,pass,False,pass
4645,4645.T,"ICHISHIN HOLDINGS CO.,LTD.",467281.6666666667,1103.3333333333333,338000.0,True,exclude,True,avg_daily_value_60d_below_3m
3293,3293.T,"AZUMA HOUSE Co.,Ltd.",3067990.0,3935.0,2128650.0,True,review,False,avg_daily_value_60d_below_10m
9791,9791.T,BIKEN TECHNO CORPORATION,7819396.666666667,6130.0,3958950.0,True,review,False,avg_daily_value_60d_below_10m
7374,7374.T,Interworks Confidence Inc.,14485528.333333334,9410.0,11687550.0,True,pass,False,pass
4120,4120.T,"SUGAI CHEMICAL INDUSTRY CO.,LTD.",7596030.0,3340.0,1879600.0,True,review,False,avg_daily_value_60d_below_10m
6218,6218.T,ENSHU Limited,3551660.0,6185.0,2607000.0,True,review,False,avg_daily_value_60d_below_10m
4284,4284.T,"SOLXYZ Co.,Ltd.",32501655.0,71733.33333333333,23214750.0,True,pass,False,pass
3434,3434.T,ALPHA Corporation,9273623.333333334,7218.333333333333,8011250.0,True,review,False,avg_daily_value_60d_below_10m
8153,8153.T,"MOS FOOD SERVICES,INC.",552478033.3333334,135331.66666666666,423859500.0,True,pass,False,pass
4783,4783.T,"NCD Co.,Ltd.",54822273.333333336,20178.333333333332,45019250.0,True,pass,False,pass
3836,3836.T,AVANT GROUP CORPORATION,161220958.33333334,125026.66666666667,143932450.0,True,pass,False,pass
7844,7844.T,Marvelous Inc.,60259285.0,128930.0,51630900.0,True,pass,False,pass
9934,9934.T,"INABA DENKISANGYO CO.,LTD.",532289361.6666667,197818.33333333334,463440825.0,True,pass,False,pass
9470,9470.T,"GAKKEN HOLDINGS CO.,LTD.",121937936.66666667,122360.0,109139100.0,True,pass,False,pass
4251,4251.T,KEIWA Incorporated,103042775.0,82405.0,90159950.0,True,pass,False,pass
8046,8046.T,"MARUFUJI SHEET PILING CO.,LTD.",63203986.666666664,62045.0,47977850.0,True,pass,False,pass
4960,4960.T,"CHEMIPRO KASEI KAISHA,LTD.",126047776.66666667,178348.33333333334,76504900.0,True,pass,False,pass
8045,8045.T,"Yokohama Maruuo Co.,Ltd.",1453876.6666666667,893.3333333333334,973500.0,True,exclude,True,avg_daily_value_60d_below_3m
9715,9715.T,transcosmos inc.,309124041.6666667,79535.0,262379250.0,True,pass,False,pass
3916,3916.T,Digital Information Technologies Corporation,79438595.0,85160.0,74623100.0,True,pass,False,pass
3123,3123.T,"SAIBO Co.,Ltd.",2370130.0,3650.0,1829350.0,True,exclude,True,avg_daily_value_60d_below_3m
3986,3986.T,"bBreak Systems Company,Limited",3299680.0,6493.333333333333,2577150.0,True,review,False,avg_daily_value_60d_below_10m
6058,6058.T,VECTOR INC.,404857170.0,319415.0,352886200.0,True,pass,False,pass
4194,4194.T,"Visional,Inc.",2253251585.0,305631.6666666667,1996490400.0,True,pass,False,pass
3167,3167.T,TOKAI Holdings Corporation,400618005.0,345965.0,329732500.0,True,pass,False,pass
9628,9628.T,"SAN HOLDINGS,INC.",68307736.66666667,49001.666666666664,59704500.0,True,pass,False,pass
2001,2001.T,NIPPN CORPORATION,587806231.6666666,216906.66666666666,558843300.0,True,pass,False,pass
3802,3802.T,"ECOMIC CO.,LTD",1627435.0,3443.3333333333335,1121900.0,True,exclude,True,avg_daily_value_60d_below_3m
9364,9364.T,"Kamigumi Co.,Ltd.",1545779260.0,292053.3333333333,1521845400.0,True,pass,False,pass
4208,4208.T,UBE Corporation,2941879385.0,1118578.3333333333,2173173775.0,True,pass,False,pass
4046,4046.T,"OSAKA SODA CO.,LTD.",842957066.6666666,448933.3333333333,796333250.0,True,pass,False,pass
3671,3671.T,"SOFTMAX CO.,LTD",27527960.0,81961.66666666667,25528250.0,True,pass,False,pass
9033,9033.T,"Hiroshima Electric Railway Co.,Ltd.",9041950.0,14366.666666666666,6883950.0,True,review,False,avg_daily_value_60d_below_10m
4243,4243.T,"NIX,INC.",2073438.3333333333,2403.3333333333335,1333500.0,True,exclude,True,avg_daily_value_60d_below_3m
3297,3297.T,"Toubujyuhan Co.,Ltd.",8887350.0,6876.666666666667,7202000.0,True,review,False,avg_daily_value_60d_below_10m
8944,8944.T,"LAND BUSINESS  CO.,LTD.",46068153.333333336,169461.66666666666,21293300.0,True,pass,False,pass
7888,7888.T,SANKO GOSEI LTD.,106535446.66666667,122553.33333333333,89541300.0,True,pass,False,pass
7228,7228.T,DAYTONA CORPORATION,9114800.0,2416.6666666666665,7215250.0,True,review,False,avg_daily_value_60d_below_10m
9722,9722.T,FUJITA KANKO INC.,492975990.0,240491.66666666666,441629200.0,True,pass,False,pass
9401,9401.T,"TBS HOLDINGS,INC.",1293919811.6666667,225528.33333333334,1193114500.0,True,pass,False,pass
4060,4060.T,rakumo Inc.,19154523.333333332,17621.666666666668,15951800.0,True,pass,False,pass
1435,1435.T,robot home Inc.,133587750.0,692948.3333333334,115442550.0,True,pass,False,pass
5988,5988.T,"PIOLAX,INC.",186768245.0,115201.66666666667,165294850.0,True,pass,False,pass
2221,2221.T,"IWATSUKA CONFECTIONERY CO.,LTD.",10606150.0,3315.0,8293000.0,True,pass,False,pass
9478,9478.T,"SE Holdings and Incubations Co.,Ltd.",20175545.0,40501.666666666664,9324550.0,True,pass,False,pass
2425,2425.T,"Care Service Co.,Ltd.",3505725.0,4715.0,3242950.0,True,review,False,avg_daily_value_60d_below_10m
9319,9319.T,"Chuo Warehouse Co.,Ltd.",128432323.33333333,65008.333333333336,112644550.0,True,pass,False,pass
3091,3091.T,"BRONCO BILLY Co.,LTD.",215942383.33333334,50545.0,185977750.0,True,pass,False,pass
2436,2436.T,"KYODO PUBLIC RELATIONS CO.,LTD.",13138833.333333334,12950.0,10093800.0,True,pass,False,pass
4997,4997.T,"NIHON NOHYAKU CO.,LTD.",154991463.33333334,154056.66666666666,131688800.0,True,pass,False,pass
3329,3329.T,"TOWA FOOD SERVICE CO.,LTD.",27947530.0,13210.0,14334100.0,True,pass,False,pass
3633,3633.T,"GMO Pepabo,Inc.",14175636.666666666,7635.0,12454900.0,True,pass,False,pass
6565,6565.T,"ABHOTEL CO.,LTD.",26760181.666666668,17831.666666666668,20343800.0,True,pass,False,pass
4694,4694.T,"BML,INC.",333172666.6666667,86140.0,259288000.0,True,pass,False,pass
6279,6279.T,ZUIKO CORPORATION,48905468.333333336,54656.666666666664,34213600.0,True,pass,False,pass
4394,4394.T,"eXmotion Co.,Ltd.",6118270.0,14438.333333333334,2807650.0,True,review,False,avg_daily_value_60d_below_10m
3733,3733.T,"Software Service,Inc.",59788683.333333336,5203.333333333333,41637000.0,True,pass,False,pass
3076,3076.T,Ai Holdings Corporation,321181283.3333333,114978.33333333333,289612150.0,True,pass,False,pass
3236,3236.T,"PROPERST CO.,LTD.",104545070.0,305908.3333333333,83992350.0,True,pass,False,pass
2224,2224.T,"COMO CO.,LTD.",13155275.0,3555.0,8360500.0,True,pass,False,pass
8920,8920.T,"TOSHO CO.,LTD.",89364801.66666667,106963.33333333333,80400900.0,True,pass,False,pass
2669,2669.T,"Kanemi Co.,Ltd.",37489150.0,10281.666666666666,24541750.0,True,pass,False,pass
9220,9220.T,"FB CARE SERVICE CO.,LTD.",3961060.0,3188.3333333333335,2917550.0,True,review,False,avg_daily_value_60d_below_10m
8154,8154.T,"KAGA ELECTRONICS CO.,LTD.",617870541.6666666,149563.33333333334,535565000.0,True,pass,False,pass
7239,7239.T,"TACHI-S CO.,LTD.",269835560.0,126643.33333333333,233703600.0,True,pass,False,pass
7079,7079.T,"WDB coco CO.,LTD.",4677375.0,1775.0,3986700.0,True,review,False,avg_daily_value_60d_below_10m
3648,3648.T,AGS Corporation,17085463.333333332,14881.666666666666,13948700.0,True,pass,False,pass
8008,8008.T,YONDOSHI HOLDINGS INC.,177394891.66666666,96976.66666666667,152777650.0,True,pass,False,pass
2379,2379.T,dip Corporation,831188383.3333334,438271.6666666667,678608300.0,True,pass,False,pass
4642,4642.T,"ORIGINAL ENGINEERING CONSULTANTS CO.,LTD.",6149008.333333333,4090.0,4296100.0,True,review,False,avg_daily_value_60d_below_10m
9271,9271.T,"Wagokoro co.,ltd.",42599123.333333336,42993.333333333336,35084400.0,True,pass,False,pass
6078,6078.T,"Value HR Co.,Ltd.",40715430.0,28818.333333333332,35742500.0,True,pass,False,pass
4826,4826.T,"Computer Institute of Japan, Ltd.",163405246.66666666,323965.0,132150350.0,True,pass,False,pass
4996,4996.T,"KUMIAI CHEMICAL INDUSTRY CO.,LTD.",498276386.6666667,650711.6666666666,394160100.0,True,pass,False,pass
3454,3454.T,"First Brothers Co.,Ltd.",15076075.0,12660.0,6922300.0,True,pass,False,pass
1381,1381.T,"AXYZ CO.,Ltd.",48760233.333333336,12843.333333333334,39856000.0,True,pass,False,pass
2668,2668.T,Tabio Corporation,1718923.3333333333,1373.3333333333333,1516800.0,True,exclude,True,avg_daily_value_60d_below_3m
5981,5981.T,"TOKYO ROPE MFG.CO.,LTD",281269581.6666667,154501.66666666666,250764350.0,True,pass,False,pass
9046,9046.T,"Kobe Electric Railway Co.,Ltd.",50294331.666666664,20353.333333333332,30696100.0,True,pass,False,pass
6495,6495.T,"MIYAIRI VALVE MFG.CO.,LTD.",153049576.66666666,709145.0,90141500.0,True,pass,False,pass
4820,4820.T,"EM SYSTEMS CO.,LTD.",99177771.66666667,160418.33333333334,75302900.0,True,pass,False,pass
9107,9107.T,"Kawasaki Kisen Kaisha,Ltd.",17849093597.5,6792385.0,16799307575.0,True,pass,False,pass
9242,9242.T,"Media Research Institute,Inc.",4467901.666666667,2346.6666666666665,3458700.0,True,review,False,avg_daily_value_60d_below_10m
8830,8830.T,"Sumitomo Realty & Development Co.,Ltd.",13594616746.666666,3056310.0,13006457000.0,True,pass,False,pass
9017,9017.T,"Niigata Kotsu Co.,Ltd.",5497321.666666667,2686.6666666666665,2391600.0,True,review,False,avg_daily_value_60d_below_10m
8996,8996.T,"HouseFreedom Co.,Ltd.",3537375.0,3446.6666666666665,2726100.0,True,review,False,avg_daily_value_60d_below_10m
4919,4919.T,"Milbon Co.,Ltd.",310390416.6666667,116846.66666666667,295653700.0,True,pass,False,pass
7849,7849.T,Starts Publishing Corporation,7860066.666666667,2055.0,4910000.0,True,review,False,avg_daily_value_60d_below_10m
6776,6776.T,"Tensho Electric Industries Co.,Ltd.",5029511.666666667,18200.0,3365850.0,True,review,False,avg_daily_value_60d_below_10m
3965,3965.T,"Capital Asset Planning,Inc.",6653586.666666667,7796.666666666667,2806650.0,True,review,False,avg_daily_value_60d_below_10m
2798,2798.T,Y's table corporation,7498815.0,2548.3333333333335,5600700.0,True,review,False,avg_daily_value_60d_below_10m
7075,7075.T,"QLS Holdings Co.,Ltd",8313580.0,10395.0,4403600.0,True,review,False,avg_daily_value_60d_below_10m
9735,9735.T,"SECOM CO.,LTD.",7809239985.0,1289963.3333333333,7457354000.0,True,pass,False,pass
1721,1721.T,COMSYS Holdings Corporation,3514694575.0,648135.0,3178449750.0,True,pass,False,pass
6083,6083.T,"ERI HOLDINGS CO.,LTD.",191660223.93513998,137916.66666666666,150714997.8881836,True,pass,False,pass
7608,7608.T,"SK JAPAN CO.,LTD.",108607158.33333333,132473.33333333334,83247500.0,True,pass,False,pass
3140,3140.T,"BRUNO,Inc.",14232188.333333334,13638.333333333334,10741550.0,True,pass,False,pass
2613,2613.T,"J-OIL MILLS, INC.",210030045.0,104531.66666666667,175649250.0,True,pass,False,pass
2993,2993.T,Choei Inc.,5187565.0,2225.0,2762600.0,True,review,False,avg_daily_value_60d_below_10m
6965,6965.T,HAMAMATSU PHOTONICS K.K.,11627075023.333334,5216480.0,9011822500.0,True,pass,False,pass
7987,7987.T,"NAKABAYASHI CO.,LTD.",42081025.0,71526.66666666667,35328100.0,True,pass,False,pass
3405,3405.T,"KURARAY CO.,LTD.",2948053131.6666665,1777505.0,2654341700.0,True,pass,False,pass
9684,9684.T,"SQUARE ENIX HOLDINGS CO.,LTD.",3615485590.8333335,1401693.3333333333,3078911575.0,True,pass,False,pass
6093,6093.T,"Escrow Agent Japan,Inc.",49817765.0,277420.0,36509550.0,True,pass,False,pass
8060,8060.T,Canon Marketing Japan Inc.,1918739823.3333333,536505.0,1847960700.0,True,pass,False,pass
2112,2112.T,"Ensuiko Sugar Refining Co.,Ltd.",57909498.333333336,115975.0,45574500.0,True,pass,False,pass
6044,6044.T,SANKI SERVICE CORPORATION,14508156.666666666,8603.333333333334,11192250.0,True,pass,False,pass
4816,4816.T,"TOEI ANIMATION CO.,LTD.",1178478283.3333333,448543.3333333333,1008783500.0,True,pass,False,pass
4076,4076.T,"CNS Co.,Ltd.",4328255.0,2540.0,2762400.0,True,review,False,avg_daily_value_60d_below_10m
3923,3923.T,"RAKUS Co.,Ltd.",2854616212.4676514,3384593.3333333335,2564317239.477539,True,pass,False,pass
4809,4809.T,Paraca Inc.,48090870.0,23711.666666666668,39631600.0,True,pass,False,pass
6086,6086.T,"Shin Maint Holdings Co.,Ltd.",33510273.333333332,31535.0,29323000.0,True,pass,False,pass
3646,3646.T,"Ekitan & Co.,Ltd.",5121053.333333333,13768.333333333334,2964700.0,True,review,False,avg_daily_value_60d_below_10m
9223,9223.T,"ASNOVA Co.,Ltd.",7879956.666666667,17521.666666666668,5936350.0,True,review,False,avg_daily_value_60d_below_10m
5237,5237.T,NOZAWA CORPORATION,18799430.0,15656.666666666666,8721150.0,True,pass,False,pass
7505,7505.T,"FUSO DENTSU CO.,LTD.",28468703.333333332,14598.333333333334,24940400.0,True,pass,False,pass
9037,9037.T,"HAMAKYOREX CO.,LTD.",211066765.0,116061.66666666667,209258450.0,True,pass,False,pass
4559,4559.T,"ZERIA PHARMACEUTICAL CO.,LTD.",212655758.33333334,94626.66666666667,197268100.0,True,pass,False,pass
4968,4968.T,"ARAKAWA CHEMICAL INDUSTRIES,LTD.",87037365.0,65188.333333333336,70308150.0,True,pass,False,pass
2204,2204.T,"NAKAMURAYA CO.,LTD.",44950083.333333336,13688.333333333334,33049750.0,True,pass,False,pass
6023,6023.T,"DAIHATSU INFINEARTH MFG.CO.,LTD.",586502921.6666666,214636.66666666666,357631200.0,True,pass,False,pass
2428,2428.T,WELLNET CORPORATION,47740811.666666664,74616.66666666667,39433200.0,True,pass,False,pass
4486,4486.T,Unite and Grow Inc.,7579440.0,11371.666666666666,5480300.0,True,review,False,avg_daily_value_60d_below_10m
3184,3184.T,"International Conglomerate of Distribution for Automobile Holdings Co.,Ltd.",2253258.3333333335,518.3333333333334,861000.0,True,exclude,True,avg_daily_value_60d_below_3m
2540,2540.T,"YOMEISHU SEIZO CO.,LTD.",184667466.66666666,45800.0,115793750.0,True,pass,False,pass
5384,5384.T,FUJIMI INCORPORATED,1271243343.3333333,392666.6666666667,1041601750.0,True,pass,False,pass
9416,9416.T,VISION INC.,372228028.3333333,330183.3333333333,329543950.0,True,pass,False,pass
6189,6189.T,Global Kids Company Corp.,43664800.0,42200.0,24747050.0,True,pass,False,pass
2139,2139.T,"CHUCO CO.,LTD.",3366376.6666666665,6633.333333333333,2036550.0,True,review,False,avg_daily_value_60d_below_10m
1965,1965.T,TECHNO RYOWA LTD.,578125116.6666666,88326.66666666667,505056000.0,True,pass,False,pass
2464,2464.T,"Aoba-BBT,Inc.",4060258.3333333335,11945.0,3056000.0,True,review,False,avg_daily_value_60d_below_10m
9621,9621.T,"CTI Engineering Co.,Ltd.",153798066.66666666,52798.333333333336,139305800.0,True,pass,False,pass
4396,4396.T,System Support Holdings Inc.,96560793.33333333,87876.66666666667,89920550.0,True,pass,False,pass
6088,6088.T,SIGMAXYZ Holdings Inc.,364978625.0,579141.6666666666,348434350.0,True,pass,False,pass
3021,3021.T,"Pacific Net Co.,Ltd.",81479821.66666667,39026.666666666664,59098600.0,True,pass,False,pass
3569,3569.T,"SEIREN CO.,LTD.",605581675.0,185695.0,497505000.0,True,pass,False,pass
4776,4776.T,"Cybozu,Inc.",1370849053.3333333,620130.0,1237771250.0,True,pass,False,pass
4678,4678.T,"SHUEI YOBIKO Co.,Ltd.",3522653.3333333335,10600.0,1706100.0,True,review,False,avg_daily_value_60d_below_10m
5142,5142.T,Achilles Corporation,114115218.33333333,80625.0,84606000.0,True,pass,False,pass
2157,2157.T,"KOSHIDAKA HOLDINGS Co.,LTD.",402662761.6666667,388146.6666666667,368254400.0,True,pass,False,pass
1384,1384.T,"Hokuryo Co.,Ltd.",94858213.33333333,35288.333333333336,79103000.0,True,pass,False,pass
2209,2209.T,"IMURAYA GROUP CO.,LTD.",62597641.666666664,26453.333333333332,56550750.0,True,pass,False,pass
1828,1828.T,TANABE ENGINEERING CORPORATION,28184173.333333332,11360.0,21770400.0,True,pass,False,pass
3932,3932.T,Akatsuki Inc.,235169231.66666666,79513.33333333333,202896750.0,True,pass,False,pass
2127,2127.T,Nihon M&A Center Holdings Inc.,1514637376.0428874,2322236.6666666665,1279727210.0646973,True,pass,False,pass
3423,3423.T,S E Corporation,25281921.666666668,82588.33333333333,5559450.0,True,pass,False,pass
2469,2469.T,Hibino Corporation,125646036.66666667,35835.0,110821500.0,True,pass,False,pass
3670,3670.T,"Kyoritsu Computer & Communication Co.,Ltd.",8526513.333333334,4856.666666666667,5087500.0,True,review,False,avg_daily_value_60d_below_10m
6176,6176.T,Brangista Inc.,120028213.33333333,129666.66666666667,75107700.0,True,pass,False,pass
7502,7502.T,"PLAZA HOLDINGS CO.,LTD.",2947423.3333333335,1688.3333333333333,2155800.0,True,exclude,True,avg_daily_value_60d_below_3m
7947,7947.T,FP CORPORATION,729894408.3333334,305566.6666666667,639225900.0,True,pass,False,pass
4249,4249.T,"MORIROKU COMPANY,LTD.",50966365.0,20926.666666666668,41159350.0,True,pass,False,pass
4386,4386.T,"SIG Group Co.,Ltd.",10323126.666666666,11436.666666666666,7148200.0,True,pass,False,pass
1835,1835.T,"TOTETSU KOGYO CO.,LTD.",457907033.3333333,90290.0,431958500.0,True,pass,False,pass
3063,3063.T,j-Group Holdings Corp.,15396581.666666666,18206.666666666668,8469650.0,True,pass,False,pass
9413,9413.T,TV TOKYO Holdings Corporation,262912741.66666666,65163.333333333336,226714000.0,True,pass,False,pass
4556,4556.T,"KAINOS Laboratories,Inc.",18760395.0,8253.333333333334,5660200.0,True,pass,False,pass
4595,4595.T,"MIZUHO MEDY CO.,LTD.",152895988.33333334,85715.0,131451150.0,True,pass,False,pass
1802,1802.T,OBAYASHI CORPORATION,10812431821.666666,2932161.6666666665,9399818850.0,True,pass,False,pass
5695,5695.T,"Powdertech Co.,Ltd.",4131991.6666666665,1608.3333333333333,2743950.0,True,review,False,avg_daily_value_60d_below_10m
3988,3988.T,"SYS Holdings Co.,Ltd.",3006063.3333333335,5590.0,1552900.0,True,review,False,avg_daily_value_60d_below_10m
3798,3798.T,"ULS Group,Inc.",119376643.33333333,231375.0,108996350.0,True,pass,False,pass
4676,4676.T,"FUJI MEDIA HOLDINGS,INC.",3210287756.6666665,817781.6666666666,2573409450.0,True,pass,False,pass
3692,3692.T,"FFRI Security,Inc.",1082947733.3333333,166001.66666666666,1011402000.0,True,pass,False,pass
8818,8818.T,"Keihanshin Building Co.,Ltd.",194199001.66666666,95296.66666666667,159222000.0,True,pass,False,pass
2286,2286.T,"Hayashikane Sangyo Co.,Ltd.",47552393.333333336,51241.666666666664,33398250.0,True,pass,False,pass
4013,4013.T,"Kinjiro Co.,Ltd.",73291471.66666667,109068.33333333333,56418350.0,True,pass,False,pass
6080,6080.T,"M&A Capital Partners Co.,Ltd.",465915755.0,141185.0,415205250.0,True,pass,False,pass
5018,5018.T,MORESCO Corporation,71094721.66666667,38188.333333333336,51077400.0,True,pass,False,pass
4661,4661.T,"ORIENTAL LAND CO.,LTD.",14070255415.833334,5736405.0,12365927850.0,True,pass,False,pass
7265,7265.T,"EIKEN INDUSTRIES CO.,LTD",3854916.6666666665,1068.3333333333333,1738750.0,True,review,False,avg_daily_value_60d_below_10m
1377,1377.T,SAKATA SEED CORPORATION,792116691.6666666,187440.0,635191250.0,True,pass,False,pass
2378,2378.T,"RENAISSANCE,INCORPORATED",51859750.0,49670.0,45823500.0,True,pass,False,pass
3954,3954.T,SHOWA PAXXS CORPORATION,5795478.333333333,1896.6666666666667,3313750.0,True,review,False,avg_daily_value_60d_below_10m
9740,9740.T,"CENTRAL SECURITY PATROLS CO.,LTD.",80988650.0,28200.0,62932250.0,True,pass,False,pass
9755,9755.T,OYO Corporation,226440950.0,78751.66666666667,161772100.0,True,pass,False,pass
4540,4540.T,TSUMURA & CO.,1211252031.6666667,319268.3333333333,1194331500.0,True,pass,False,pass
2831,2831.T,HAGOROMO FOODS CORPORATION,7514508.333333333,2141.6666666666665,7176500.0,True,review,False,avg_daily_value_60d_below_10m
9165,9165.T,"Qualtec Co.,Ltd.",49724768.333333336,27418.333333333332,12197500.0,True,pass,False,pass
9601,9601.T,"Shochiku Co.,Ltd.",646830483.3333334,59515.0,546245000.0,True,pass,False,pass
1905,1905.T,TENOX CORPORATION,13639980.0,9311.666666666666,10303500.0,True,pass,False,pass
4323,4323.T,"Japan System Techniques Co.,Ltd.",101428550.0,52578.333333333336,82912200.0,True,pass,False,pass
8065,8065.T,SATO SHO-JI CORPORATION,115815198.33333333,41971.666666666664,94591400.0,True,pass,False,pass
3920,3920.T,"Internetworking and Broadband Consulting Co.,Ltd.",8647436.666666666,8750.0,6270250.0,True,review,False,avg_daily_value_60d_below_10m
1980,1980.T,"DAI-DAN CO.,LTD.",1721383641.6666667,614660.0,1504953050.0,True,pass,False,pass
9986,9986.T,"ZAOH COMPANY,LTD.",6933593.333333333,2645.0,6008750.0,True,review,False,avg_daily_value_60d_below_10m
1430,1430.T,First-corporation Inc.,51754656.666666664,49845.0,32623750.0,True,pass,False,pass
8198,8198.T,"Maxvalu Tokai Co.,Ltd.",56826816.666666664,16146.666666666666,48208250.0,True,pass,False,pass
7726,7726.T,KURODA PRECISION INDUSTRIES LTD.,21986856.666666668,19726.666666666668,15252300.0,True,pass,False,pass
1401,1401.T,"mbs,inc.",6442451.666666667,4636.666666666667,4832000.0,True,review,False,avg_daily_value_60d_below_10m
5015,5015.T,BP Castrol K.K.,16013701.666666666,15938.333333333334,12686900.0,True,pass,False,pass
5013,5013.T,Yushiro Inc.,150744898.33333334,47200.0,131912250.0,True,pass,False,pass
8908,8908.T,"MAINICHI COMNET CO.,LTD.",16148940.0,18301.666666666668,12453850.0,True,pass,False,pass
8801,8801.T,"Mitsui Fudosan Co.,Ltd.",17728089403.333332,10503756.666666666,17059536675.0,True,pass,False,pass
5940,5940.T,"FUJISASH CO.,LTD.",39471633.333333336,45298.333333333336,28821300.0,True,pass,False,pass
7131,7131.T,NOMURA CORPORATION,28468383.333333332,7600.0,22300500.0,True,pass,False,pass
3221,3221.T,"Yossix Holdings Co.,Ltd.",99031733.33333333,29423.333333333332,79280750.0,True,pass,False,pass
7218,7218.T,"TANAKA SEIMITSU KOGYO CO.,LTD.",5613396.666666667,5211.666666666667,4285250.0,True,review,False,avg_daily_value_60d_below_10m
7839,7839.T,"SHOEI CO.,LTD.",520148206.6666667,302890.0,419199900.0,True,pass,False,pass
9906,9906.T,Fujii Sangyo Corporation,36050666.666666664,8705.0,23460000.0,True,pass,False,pass
3773,3773.T,"Advanced Media,Inc.",66403981.666666664,62813.333333333336,47686400.0,True,pass,False,pass
2751,2751.T,"TENPOS HOLDINGS Co.,Ltd.",74517291.66666667,19830.0,48823500.0,True,pass,False,pass
7460,7460.T,"YAGI & CO.,LTD.",70254616.66666667,16520.0,33302250.0,True,pass,False,pass
9057,9057.T,"ENSHU TRUCK CO.,LTD.",14095525.0,4275.0,8236250.0,True,pass,False,pass
5032,5032.T,ANYCOLOR Inc.,3479777313.3333335,1097555.0,2612177750.0,True,pass,False,pass
3560,3560.T,"Hobonichi Co.,Ltd.",11560750.0,2836.6666666666665,5536250.0,True,pass,False,pass
5185,5185.T,"Fukoku Co.,Ltd.",83295231.66666667,45726.666666666664,68345300.0,True,pass,False,pass
7523,7523.T,"ART VIVANT CO.,LTD.",9778253.333333334,6408.333333333333,4896000.0,True,review,False,avg_daily_value_60d_below_10m
2659,2659.T,"SAN-A CO.,LTD.",695597795.0,217398.33333333334,519076750.0,True,pass,False,pass
9428,9428.T,CROPS CORPORATION,5267431.666666667,3445.0,1384500.0,True,review,False,avg_daily_value_60d_below_10m
3395,3395.T,"Saint Marc Holdings Co.,Ltd.",286046453.3333333,101651.66666666667,244480050.0,True,pass,False,pass
6147,6147.T,"YAMAZAKI CO.,LTD.",5345333.333333333,20651.666666666668,3028750.0,True,review,False,avg_daily_value_60d_below_10m
1951,1951.T,"EXEO Group,Inc.",1685198310.0,601013.3333333334,1687917900.0,True,pass,False,pass
9303,9303.T,"The Sumitomo Warehouse Co.,Ltd.",569512975.0,143686.66666666666,534753750.0,True,pass,False,pass
2737,2737.T,TOMEN DEVICES CORPORATION,1569758833.3333333,115231.66666666667,1159797500.0,True,pass,False,pass
3089,3089.T,"Techno Alpha Co.,Ltd.",48838031.666666664,40041.666666666664,13892450.0,True,pass,False,pass
7014,7014.T,"Namura Shipbuilding Co.,Ltd.",5842217641.666667,1367720.0,5533554000.0,True,pass,False,pass
4274,4274.T,"HOSOYA PYRO-ENGINEERING CO.,LTD.",185737065.0,121943.33333333333,62613900.0,True,pass,False,pass
6547,6547.T,"GREENS CO.,LTD.",154029598.33333334,72558.33333333333,145741850.0,True,pass,False,pass
9506,9506.T,"Tohoku Electric Power Company,Incorporated",2941860844.8057046,2647418.3333333335,2807859250.0,True,pass,False,pass
1968,1968.T,"TAIHEI DENGYO KAISHA,LTD.",481476985.0,166811.66666666666,431341250.0,True,pass,False,pass
9706,9706.T,"Japan Airport Terminal Co.,ltd.",1612961591.6666667,315391.6666666667,1465938350.0,True,pass,False,pass
7939,7939.T,"KENSOH CO.,LTD.",1373821.6666666667,2286.6666666666665,1127000.0,True,exclude,True,avg_daily_value_60d_below_3m
2498,2498.T,Oriental Consultants Holdings Company Limited,29672093.333333332,9721.666666666666,19942750.0,True,pass,False,pass
7217,7217.T,"TEIN,INC.",2974280.0,6968.333333333333,1127050.0,True,exclude,True,avg_daily_value_60d_below_3m
5268,5268.T,"ASAHI CONCRETE WORKS CO.,LTD.",13138483.333333334,13963.333333333334,7971850.0,True,pass,False,pass
1959,1959.T,KRAFTIA CORPORATION,2420183995.0,255085.0,2168084750.0,True,pass,False,pass
9005,9005.T,TOKYU CORPORATION,5938184926.666667,3482530.0,4161035025.0,True,pass,False,pass
8117,8117.T,CENTRAL AUTOMOTIVE PRODUCTS LTD.,291527841.6666667,150155.0,260484000.0,True,pass,False,pass
4326,4326.T,INTAGE HOLDINGS Inc.,60726300.0,35965.0,56643750.0,True,pass,False,pass
4421,4421.T,"D.I.System Co.,Ltd.",1061018.3333333333,1160.0,807750.0,True,exclude,True,avg_daily_value_60d_below_3m
2288,2288.T,"MARUDAI FOOD CO.,LTD.",313430735.0,138955.0,212288800.0,True,pass,False,pass
7821,7821.T,"MAEDA KOSEN CO.,LTD.",293851375.0,152415.0,257305000.0,True,pass,False,pass
7255,7255.T,SAKURAI LTD.,8492800.0,16653.333333333332,3635050.0,True,review,False,avg_daily_value_60d_below_10m
4361,4361.T,"KAWAGUCHI CHEMICAL INDUSTRY CO.,LTD.",4063060.0,2746.6666666666665,2374850.0,True,review,False,avg_daily_value_60d_below_10m
9824,9824.T,"SENSHU ELECTRIC CO.,LTD.",388946200.0,62528.333333333336,299286000.0,True,pass,False,pass
5252,5252.T,"Nihon Knowledge Co,Ltd.",7030433.333333333,8311.666666666666,3405950.0,True,review,False,avg_daily_value_60d_below_10m
4524,4524.T,"MORISHITA JINTAN CO.,LTD.",4468253.333333333,1986.6666666666667,3788800.0,True,review,False,avg_daily_value_60d_below_10m
4526,4526.T,"RIKEN VITAMIN CO.,LTD.",263002075.0,92448.33333333333,209982400.0,True,pass,False,pass
3153,3153.T,"Yashima Denki Co.,Ltd.",143553723.33333334,48108.333333333336,129350850.0,True,pass,False,pass
9629,9629.T,PCA CORPORATION,126689151.66666667,82901.66666666667,104163800.0,True,pass,False,pass
2499,2499.T,"NIHONWASOU HOLDINGS,INC.",4652681.666666667,14741.666666666666,3280000.0,True,review,False,avg_daily_value_60d_below_10m
3934,3934.T,"BENEFIT JAPAN Co.,LTD.",5358091.666666667,2550.0,3583300.0,True,review,False,avg_daily_value_60d_below_10m
9900,9900.T,Sagami Holdings Corporation,194786358.33333334,109795.0,152222900.0,True,pass,False,pass
2674,2674.T,"HARD OFF CORPORATION Co.,Ltd.",111042623.33333333,50861.666666666664,79567200.0,True,pass,False,pass
9034,9034.T,"NANSO Transport Co.,Ltd.",7094681.666666667,4476.666666666667,4842200.0,True,review,False,avg_daily_value_60d_below_10m
1719,1719.T,HAZAMA ANDO CORPORATION,1509714267.5,790965.0,1387844125.0,True,pass,False,pass
9304,9304.T,Shibusawa Logistics Corporation,145991053.33333334,107416.66666666667,118689100.0,True,pass,False,pass
2201,2201.T,"Morinaga & Co.,Ltd.",912455010.8333334,344138.3333333333,814331700.0,True,pass,False,pass
9214,9214.T,"Recovery International Co.,Ltd.",2106366.6666666665,1506.6666666666667,1280750.0,True,exclude,True,avg_daily_value_60d_below_3m
8006,8006.T,"YUASA FUNASHOKU Co.,Ltd.",3841800.0,2451.6666666666665,2020850.0,True,review,False,avg_daily_value_60d_below_10m
6082,6082.T,"RIDE ON EXPRESS HOLDINGS Co.,Ltd.",17890013.333333332,17835.0,14076700.0,True,pass,False,pass
4687,4687.T,TDC SOFT Inc.,107281473.33333333,111211.66666666667,94587100.0,True,pass,False,pass
5357,5357.T,"YOTAI REFRACTORIES CO.,LTD.",55013961.666666664,31055.0,52438500.0,True,pass,False,pass
5136,5136.T,"tripla Co.,Ltd.",102201441.66666667,69170.0,82373400.0,True,pass,False,pass
7564,7564.T,"WORKMAN CO.,LTD.",2199066900.0,315543.3333333333,1727116500.0,True,pass,False,pass
3495,3495.T,"Koryojyuhan Co.,Ltd.",2200466.6666666665,915.0,963800.0,True,exclude,True,avg_daily_value_60d_below_3m
2922,2922.T,"NATORI CO.,LTD.",48021205.0,25036.666666666668,39498750.0,True,pass,False,pass
5967,5967.T,"TONE CO.,LTD.",4264523.333333333,8956.666666666666,3500600.0,True,review,False,avg_daily_value_60d_below_10m
8061,8061.T,SEIKA CORPORATION,724336140.0,252171.66666666666,654105000.0,True,pass,False,pass
7804,7804.T,"B&P Co.,Ltd.",12133070.0,5166.666666666667,9552600.0,True,pass,False,pass
9003,9003.T,"Sotetsu Holdings,Inc.",929345440.0,331151.6666666667,777509975.0,True,pass,False,pass
7030,7030.T,SPRIX Inc.,16290210.0,12958.333333333334,9425450.0,True,pass,False,pass
2226,2226.T,KOIKE-YA Inc.,6738658.333333333,1443.3333333333333,5583000.0,True,review,False,avg_daily_value_60d_below_10m
2415,2415.T,"Human Holdings Co.,Ltd.",12648345.0,7601.666666666667,9306600.0,True,pass,False,pass
1994,1994.T,TAKAHASHI CURTAIN WALL CORPORATION,6557818.333333333,11446.666666666666,4403400.0,True,review,False,avg_daily_value_60d_below_10m
9726,9726.T,"KNT-CT Holdings Co.,Ltd.",90266868.33333333,49068.333333333336,73308450.0,True,pass,False,pass
7399,7399.T,"NANSIN CO.,LTD.",4007235.0,6838.333333333333,1669250.0,True,review,False,avg_daily_value_60d_below_10m
7596,7596.T,"UORIKI CO.,LTD.",27086443.333333332,11950.0,23241650.0,True,pass,False,pass
2883,2883.T,"DAIREI CO.,LTD.",4671995.0,2348.3333333333335,3578400.0,True,review,False,avg_daily_value_60d_below_10m
4258,4258.T,AMIYA Corporation,213212606.66666666,71056.66666666667,182648750.0,True,pass,False,pass
7211,7211.T,MITSUBISHI MOTORS CORPORATION,5211658271.408691,15249906.666666666,4522207689.215088,True,pass,False,pass
9504,9504.T,"The Chugoku Electric Power Company,Incorporated",1703961685.296529,1796286.6666666667,1581954910.7910156,True,pass,False,pass
9173,9173.T,"Tokai Kisen Co.,Ltd.",3663671.6666666665,1218.3333333333333,3134850.0,True,review,False,avg_daily_value_60d_below_10m
9782,9782.T,DMS INC.,146814136.66666666,43300.0,132605250.0,True,pass,False,pass
6022,6022.T,Akasaka Diesels Ltd.,15388793.333333334,4980.0,5543000.0,True,pass,False,pass
9273,9273.T,"KOA SHOJI HOLDINGS CO.,LTD.",63799366.666666664,76881.66666666667,53464350.0,True,pass,False,pass
3245,3245.T,"DEAR LIFE CO.,LTD.",278794800.0,266185.0,235959450.0,True,pass,False,pass
1860,1860.T,TODA CORPORATION,1410755331.6666667,952650.0,1253187025.0,True,pass,False,pass
8150,8150.T,"SANSHIN ELECTRONICS CO.,LTD.",241860426.66666666,85760.0,207894400.0,True,pass,False,pass
7279,7279.T,HI-LEX CORPORATION,275418620.0,93741.66666666667,234748800.0,True,pass,False,pass
7059,7059.T,"COPRO-HOLDINGS.Co.,Ltd.",137325271.66666666,163340.0,98309700.0,True,pass,False,pass
7509,7509.T,I.A GROUP CORPORATION,2719675.0,586.6666666666666,1900000.0,True,exclude,True,avg_daily_value_60d_below_3m
7371,7371.T,Zenken Corporation,16739058.333333334,23985.0,12033350.0,True,pass,False,pass
4650,4650.T,"SD ENTERTAINMENT,Inc.",1985996.6666666667,7111.666666666667,1474250.0,True,exclude,True,avg_daily_value_60d_below_3m
6544,6544.T,"JAPAN ELEVATOR SERVICE HOLDINGS CO.,LTD.",1124987600.0,662403.3333333334,954261900.0,True,pass,False,pass
8032,8032.T,JAPAN PULP AND PAPER COMPANY LIMITED,366005653.3333333,330960.0,328656300.0,True,pass,False,pass
5161,5161.T,"NISHIKAWA RUBBER CO.,LTD.",386114608.3333333,110096.66666666667,341311750.0,True,pass,False,pass
3941,3941.T,"Rengo Co.,Ltd.",1438263301.6666667,1087070.0,1317646675.0,True,pass,False,pass
1939,1939.T,YONDENKO CORPORATION,237354626.66666666,120886.66666666667,197975300.0,True,pass,False,pass
8945,8945.T,SUNNEXTA GROUP Inc.,6022748.333333333,5028.333333333333,5512500.0,True,review,False,avg_daily_value_60d_below_10m
2907,2907.T,"AHJIKAN CO.,LTD.",5135173.333333333,3658.3333333333335,3878550.0,True,review,False,avg_daily_value_60d_below_10m
7937,7937.T,"TSUTSUMI JEWELRY CO.,LTD.",58788350.0,19626.666666666668,54708250.0,True,pass,False,pass
5162,5162.T,ASAHI RUBBER INC.,77500086.66666667,95895.0,28418350.0,True,pass,False,pass
9564,9564.T,FCE Inc.,36133206.666666664,73950.0,28297650.0,True,pass,False,pass
9007,9007.T,"Odakyu Electric Railway Co.,Ltd.",2139267193.3333333,1294543.3333333333,1991212750.0,True,pass,False,pass
4719,4719.T,ALPHA SYSTEMS INC.,35926075.0,10566.666666666666,31547000.0,True,pass,False,pass
6180,6180.T,"GMO Media,Inc.",11024650.0,2761.6666666666665,6429000.0,True,pass,False,pass
4979,4979.T,"OAT Agrio Co.,Ltd.",206192960.0,73525.0,130789050.0,True,pass,False,pass
5858,5858.T,"STG CO.,LTD.",9246980.0,6735.0,4880100.0,True,review,False,avg_daily_value_60d_below_10m
7806,7806.T,"MTG Co.,Ltd.",1071027450.0,168411.66666666666,832386000.0,True,pass,False,pass
3352,3352.T,"BUFFALO CO.,LTD.",3053288.3333333335,1798.3333333333333,2429200.0,True,review,False,avg_daily_value_60d_below_10m
9142,9142.T,Kyushu Railway Company,2942990561.6666665,791763.3333333334,2752358700.0,True,pass,False,pass
3850,3850.T,NTT DATA INTRAMART CORPORATION,81075563.33333333,28723.333333333332,59356450.0,True,pass,False,pass
7811,7811.T,"NAKAMOTO PACKS CO.,LTD.",45057418.333333336,24003.333333333332,34782750.0,True,pass,False,pass
1979,1979.T,Taikisha Ltd.,715695591.6666666,190576.66666666666,532601250.0,True,pass,False,pass
9778,9778.T,"SUBARU CO.,LTD.",2574700.0,463.3333333333333,1671000.0,True,exclude,True,avg_daily_value_60d_below_3m
5302,5302.T,"Nippon Carbon Co.,Ltd.",250077716.66666666,52995.0,227185000.0,True,pass,False,pass
7609,7609.T,"Daitron Co.,Ltd.",358066731.6666667,109756.66666666667,254401200.0,True,pass,False,pass
5851,5851.T,RYOBI LIMITED,330405475.0,127748.33333333333,307233900.0,True,pass,False,pass
9533,9533.T,"TOHO GAS CO.,LTD.",1168177015.8333333,921846.6666666666,1035426500.0,True,pass,False,pass
9313,9313.T,Maruhachi Warehouse Company Limited,1035690.0,1000.0,616200.0,True,exclude,True,avg_daily_value_60d_below_3m
9272,9272.T,"Boutiques,Inc.",22806438.333333332,15220.0,13945350.0,True,pass,False,pass
2809,2809.T,Kewpie Corporation,1853444786.6666667,450001.6666666667,1680478800.0,True,pass,False,pass
1795,1795.T,MASARU CORPORATION,2750983.3333333335,583.3333333333334,1891000.0,True,exclude,True,avg_daily_value_60d_below_3m
9720,9720.T,"HOTEL NEWGRAND CO.,LTD.",914483.3333333334,161.66666666666666,567000.0,True,exclude,True,avg_daily_value_60d_below_3m
3201,3201.T,"THE JAPAN WOOL TEXTILE CO.,LTD.",300487875.0,163208.33333333334,219988350.0,True,pass,False,pass
3583,3583.T,AuBEX CORPORATION,3253378.3333333335,2575.0,1640350.0,True,review,False,avg_daily_value_60d_below_10m
1801,1801.T,TAISEI CORPORATION,15360286533.333334,946231.6666666666,14455530000.0,True,pass,False,pass
7575,7575.T,"Japan Lifeline Co.,Ltd.",263144780.0,192565.0,237117300.0,True,pass,False,pass
3744,3744.T,SIOS Corporation,36643001.666666664,72385.0,10017700.0,True,pass,False,pass
3843,3843.T,"FreeBit Co.,Ltd.",138572351.66666666,93578.33333333333,116756750.0,True,pass,False,pass
8118,8118.T,"KING Co.,Ltd.",3641960.0,3271.6666666666665,2222900.0,True,review,False,avg_daily_value_60d_below_10m
3951,3951.T,"ASAHI PRINTING CO.,LTD.",12437335.0,14305.0,10211350.0,True,pass,False,pass
9450,9450.T,Fibergate Inc.,45229605.0,63978.333333333336,38642100.0,True,pass,False,pass
9850,9850.T,"GOURMET KINEYA CO.,LTD.",35096936.666666664,35841.666666666664,29961500.0,True,pass,False,pass
1780,1780.T,YAMAURA CORPORATION,66698318.333333336,43981.666666666664,54352300.0,True,pass,False,pass
1871,1871.T,"PS Construction Co.,Ltd.",378934330.0,144535.0,310853700.0,True,pass,False,pass
6568,6568.T,"KNC Laboratories Co.,Ltd.",6365583.333333333,5215.0,3754800.0,True,review,False,avg_daily_value_60d_below_10m
3276,3276.T,"Japan Property Management Center Co.,Ltd.",44902183.333333336,33978.333333333336,43559650.0,True,pass,False,pass
9685,9685.T,"KYCOM HOLDINGS CO.,LTD.",2118545.0,3421.6666666666665,1269500.0,True,exclude,True,avg_daily_value_60d_below_3m
4240,4240.T,"CLUSTER TECHNOLOGY CO.,LTD.",14925743.333333334,39153.333333333336,11507200.0,True,pass,False,pass
8023,8023.T,"DAIKO XTECH,LTD.",23829770.0,24560.0,15809150.0,True,pass,False,pass
7080,7080.T,"Sportsfield Co.,Ltd.",11689733.333333334,13611.666666666666,8179100.0,True,pass,False,pass
7962,7962.T,"KING JIM CO.,LTD.",39865551.666666664,49313.333333333336,28641500.0,True,pass,False,pass
1967,1967.T,YAMATO CORPORATION,120988950.0,54531.666666666664,101629800.0,True,pass,False,pass
5126,5126.T,PORTERS CORPORATION,2139391.6666666665,1456.6666666666667,469500.0,True,exclude,True,avg_daily_value_60d_below_3m
1720,1720.T,"TOKYU CONSTRUCTION CO., LTD.",620717418.3333334,446378.3333333333,566303650.0,True,pass,False,pass
5368,5368.T,"JAPAN INSULATION CO.,LTD.",31893306.666666668,28966.666666666668,23925150.0,True,pass,False,pass
5702,5702.T,"DAIKI ALUMINIUM INDUSTRY CO.,LTD.",466203660.0,294233.3333333333,331386250.0,True,pass,False,pass
7874,7874.T,"LEC,INC.",83720245.0,77535.0,71254200.0,True,pass,False,pass
8850,8850.T,STARTS CORPORATION INC.,322550091.6666667,66786.66666666667,310084250.0,True,pass,False,pass
1799,1799.T,DAIICHI KENSETSU CORPORATION,120250950.0,33098.333333333336,98611750.0,True,pass,False,pass
5644,5644.T,METALART CORPORATION,137259116.66666666,18955.0,13810500.0,True,pass,False,pass
9036,9036.T,"TOHBU NETWORK CO.,LTD.",7780733.333333333,6293.333333333333,4884700.0,True,review,False,avg_daily_value_60d_below_10m
6867,6867.T,LEADER ELECTRONICS CORPORATION,3696860.0,8788.333333333334,1346000.0,True,review,False,avg_daily_value_60d_below_10m
5356,5356.T,"MINO CERAMIC CO.,LTD.",8819058.333333334,7046.666666666667,5429600.0,True,review,False,avg_daily_value_60d_below_10m
5928,5928.T,"ALMETAX MANUFACTURING CO,LTD.",2201106.6666666665,7738.333333333333,1564500.0,True,exclude,True,avg_daily_value_60d_below_3m
3388,3388.T,"MEIJI ELECTRIC INDUSTRIES CO.,LTD.",108461381.66666667,51253.333333333336,61850550.0,True,pass,False,pass
5189,5189.T,"SAKURA RUBBER CO.,LTD.",25332176.666666668,7933.333333333333,15232500.0,True,pass,False,pass
8207,8207.T,"TEN ALLIED Co.,Ltd.",9243221.666666666,31806.666666666668,7850650.0,True,review,False,avg_daily_value_60d_below_10m
4057,4057.T,"Interfactory,Inc.",1484885.0,3851.6666666666665,982500.0,True,exclude,True,avg_daily_value_60d_below_3m
7840,7840.T,"FRANCE BED HOLDINGS CO.,LTD.",74679865.0,56998.333333333336,50118000.0,True,pass,False,pass
9837,9837.T,"MORITO CO.,LTD.",135956835.0,71285.0,122385900.0,True,pass,False,pass
9832,9832.T,"AUTOBACS SEVEN CO.,LTD.",455908010.0,289743.3333333333,359135900.0,True,pass,False,pass
4615,4615.T,"SHINTO PAINT COMPANY,LIMITED",4791101.666666667,38053.333333333336,4345200.0,True,review,False,avg_daily_value_60d_below_10m
4554,4554.T,"Fuji Pharma Co.,Ltd.",320938188.3333333,141661.66666666666,293977050.0,True,pass,False,pass
9647,9647.T,"KYOWA ENGINEERING CONSULTANTS CO.,LTD.",7974183.333333333,1010.0,6420000.0,True,review,False,avg_daily_value_60d_below_10m
1952,1952.T,"Shin Nippon Air Technologies Co.,Ltd.",669762766.6666666,188755.0,601974500.0,True,pass,False,pass
5463,5463.T,Maruichi Steel Tube Ltd.,926629076.6666666,573388.3333333334,679631100.0,True,pass,False,pass
3943,3943.T,"OHISHI SANGYO CO.,LTD.",6586133.333333333,4885.0,5854800.0,True,review,False,avg_daily_value_60d_below_10m
3687,3687.T,Fixstars Corporation,2292146523.3333335,1216383.3333333333,691759700.0,True,pass,False,pass
4569,4569.T,"KYORIN Pharmaceutical Co.,Ltd.",238764530.0,160055.0,179160000.0,True,pass,False,pass
2806,2806.T,YUTAKA FOODS CORPORATION,3001801.6666666665,1438.3333333333333,1701600.0,True,review,False,avg_daily_value_60d_below_10m
1921,1921.T,TOMOE CORPORATION,95491888.33333333,48188.333333333336,66051000.0,True,pass,False,pass
5563,5563.T,"Nippon Denko Co.,Ltd.",460523865.0,1011425.0,392661300.0,True,pass,False,pass
3002,3002.T,GUNZE LIMITED,1160320833.3333333,292628.3333333333,969882000.0,True,pass,False,pass
2810,2810.T,House Foods Group Inc.,829138349.1666666,258198.33333333334,629024625.0,True,pass,False,pass
9767,9767.T,"NIKKEN KOGAKU CO.,LTD.",9338556.666666666,5520.0,3206900.0,True,review,False,avg_daily_value_60d_below_10m
4829,4829.T,"Nihon Enterprise Co.,Ltd.",38990518.333333336,325018.3333333333,32452650.0,True,pass,False,pass
4667,4667.T,"AISAN TECHNOLOGY CO.,LTD.",33443516.666666668,19063.333333333332,24321400.0,True,pass,False,pass
4839,4839.T,WOWOW INC.,122055703.33333333,102836.66666666667,77400750.0,True,pass,False,pass
9343,9343.T,ibis inc.,48748116.666666664,67683.33333333333,38705650.0,True,pass,False,pass
9361,9361.T,"FUSHIKI KAIRIKU UNSO CO.,LTD.",1153623.3333333333,520.0,875600.0,True,exclude,True,avg_daily_value_60d_below_3m
4530,4530.T,"HISAMITSU PHARMACEUTICAL CO.,INC.",2874384023.3333335,473666.6666666667,1340914800.0,True,pass,False,pass
2730,2730.T,EDION Corporation,1040772180.0,476440.0,784476500.0,True,pass,False,pass
2300,2300.T,"Kyokuto Co.,Ltd.",1173248.3333333333,2353.3333333333335,897350.0,True,exclude,True,avg_daily_value_60d_below_3m
2908,2908.T,"FUJICCO CO.,LTD.",102892838.33333333,66755.0,96420050.0,True,pass,False,pass
4768,4768.T,OTSUKA CORPORATION,4944641539.166667,1659765.0,4486847550.0,True,pass,False,pass
2404,2404.T,"TETSUJIN Holdings,Inc.",3345010.0,6180.0,2724900.0,True,review,False,avg_daily_value_60d_below_10m
8927,8927.T,"MEIHO ENTERPRISE CO.,LTD.",95280250.0,204880.0,78822950.0,True,pass,False,pass
9616,9616.T,"KYORITSU MAINTENANCE CO.,LTD.",2468048378.3333335,995985.0,2292103350.0,True,pass,False,pass
3963,3963.T,"Synchro Food Co.,Ltd.",45147515.0,110561.66666666667,42985900.0,True,pass,False,pass
7463,7463.T,"ADVAN GROUP CO.,LTD.",45974796.666666664,48540.0,36351700.0,True,pass,False,pass
4547,4547.T,"KISSEI PHARMACEUTICAL CO.,LTD.",492095616.6666667,113511.66666666667,390374000.0,True,pass,False,pass
6036,6036.T,"KeePer Technical Laboratory Co.,Ltd.",455031830.0,156116.66666666666,416175900.0,True,pass,False,pass
1975,1975.T,"ASAHI KOGYOSHA CO.,LTD.",410787575.0,107215.0,368058250.0,True,pass,False,pass
7621,7621.T,"UKAI CO.,LTD.",7745633.333333333,2328.3333333333335,6851500.0,True,review,False,avg_daily_value_60d_below_10m
3597,3597.T,"JICHODO Co.,Ltd.",22300483.333333332,2226.6666666666665,16406000.0,True,pass,False,pass
6545,6545.T,internet infinity INC.,16656611.666666666,22058.333333333332,10582800.0,True,pass,False,pass
7417,7417.T,NANYO CORPORATION,20295041.666666668,13766.666666666666,16934750.0,True,pass,False,pass
9366,9366.T,SANRITSU CORPORATION,13561830.0,14453.333333333334,3954750.0,True,pass,False,pass
9311,9311.T,ASAGAMI CORPORATION,3585133.3333333335,438.3333333333333,2583000.0,True,review,False,avg_daily_value_60d_below_10m
9044,9044.T,"NANKAI Co.,Ltd.",1238613120.8333333,410636.6666666667,1013137800.0,True,pass,False,pass
3708,3708.T,"Tokushu Tokai Paper Co.,Ltd.",112315168.33333333,68210.0,86456200.0,True,pass,False,pass
5132,5132.T,"pluszero,Inc.",162455711.66666666,73925.0,159730300.0,True,pass,False,pass
7490,7490.T,"NISSIN SHOJI CO.,LTD.",46051723.333333336,21911.666666666668,3731000.0,True,pass,False,pass
5576,5576.T,O.B.System Inc.,18267546.666666668,6521.666666666667,8236800.0,True,pass,False,pass
4494,4494.T,Vario Secure Inc.,7610991.666666667,10310.0,4838350.0,True,review,False,avg_daily_value_60d_below_10m
3845,3845.T,I-FREEK MOBILE INC.,29141491.666666668,107863.33333333333,21241200.0,True,pass,False,pass
7949,7949.T,"KOMATSU WALL INDUSTRY CO.,LTD.",197142165.0,75965.0,167777400.0,True,pass,False,pass
9301,9301.T,Mitsubishi Logistics Corporation,1861522054.1666667,1317833.3333333333,1720322400.0,True,pass,False,pass
2009,2009.T,"THE TORIGOE CO.,LTD.",24039206.666666668,22078.333333333332,21376950.0,True,pass,False,pass
4124,4124.T,OSAKA YUKA INDUSTRY LTD.,5932765.0,2261.6666666666665,3229800.0,True,review,False,avg_daily_value_60d_below_10m
2211,2211.T,"Fujiya Co.,Ltd.",103493280.0,42820.0,95057050.0,True,pass,False,pass
2004,2004.T,"Showa Sangyo Co.,Ltd.",240991866.66666666,75051.66666666667,202405250.0,True,pass,False,pass
2429,2429.T,"WORLD HOLDINGS CO.,LTD.",175359536.66666666,68116.66666666667,151047050.0,True,pass,False,pass
8160,8160.T,"KISOJI CO.,LTD.",239441706.66666666,97888.33333333333,196539000.0,True,pass,False,pass
7800,7800.T,"Amifa Co.,Ltd.",64909250.0,50198.333333333336,36876400.0,True,pass,False,pass
9602,9602.T,"TOHO CO.,LTD",5394467222.5,3664883.3333333335,5060038275.0,True,pass,False,pass
8804,8804.T,"Tokyo Tatemono Co.,Ltd.",3410740106.6666665,955966.6666666666,3213153800.0,True,pass,False,pass
3241,3241.T,"WILL,Co.,Ltd.",3537320.0,6038.333333333333,2449750.0,True,review,False,avg_daily_value_60d_below_10m
2875,2875.T,"TOYO SUISAN KAISHA,LTD.",3969695666.6666665,361628.3333333333,3593214000.0,True,pass,False,pass
3191,3191.T,"JOYFUL HONDA CO.,LTD.",459830761.6666667,214816.66666666666,359715000.0,True,pass,False,pass
8115,8115.T,"MOONBAT Co.,Ltd.",5598758.333333333,3716.6666666666665,4239800.0,True,review,False,avg_daily_value_60d_below_10m
9713,9713.T,"THE ROYAL HOTEL,LIMITED",13805063.333333334,14916.666666666666,10451900.0,True,pass,False,pass
2229,2229.T,"CALBEE,Inc.",1546889987.5,511968.3333333333,1458668850.0,True,pass,False,pass
7611,7611.T,HIDAY HIDAKA Corp.,388446186.6666667,135216.66666666666,356855850.0,True,pass,False,pass
8151,8151.T,TOYO Corporation,235796443.33333334,125416.66666666667,161281550.0,True,pass,False,pass
3087,3087.T,"DOUTOR・NICHIRES Holdings Co.,Ltd.",371988901.6666667,130285.0,362908400.0,True,pass,False,pass
9467,9467.T,"AlphaPolis Co.,Ltd.",141378376.66666666,122826.66666666667,122172000.0,True,pass,False,pass
5304,5304.T,"SEC CARBON,LIMITED",244274303.33333334,94788.33333333333,156855250.0,True,pass,False,pass
1879,1879.T,SHINNIHON CORPORATION,289679720.0,141311.66666666666,220316350.0,True,pass,False,pass
8200,8200.T,"RINGER HUT CO.,LTD.",264019746.66666666,119696.66666666667,255514000.0,True,pass,False,pass
2670,2670.T,"ABC-MART,INC.",1687652441.6666667,632536.6666666666,1561187925.0,True,pass,False,pass
3177,3177.T,"ARIGATOU SERVICES COMPANY,LIMITED",7235441.666666667,2050.0,5761500.0,True,review,False,avg_daily_value_60d_below_10m
1417,1417.T,MIRAIT ONE Corporation,1027705946.6666666,266606.6666666667,921631300.0,True,pass,False,pass
8935,8935.T,"FJ NEXT HOLDINGS CO.,LTD.",143541633.33333334,85920.0,123658400.0,True,pass,False,pass
1798,1798.T,MORIYA CORPORATION,28610513.333333332,23448.333333333332,9550800.0,True,pass,False,pass
6769,6769.T,"THine Electronics,Inc.",251999111.66666666,222706.66666666666,129745750.0,True,pass,False,pass
1944,1944.T,KINDEN CORPORATION,5339883436.666667,712551.6666666666,4789366950.0,True,pass,False,pass
9381,9381.T,AIT CORPORATION,51317568.333333336,23145.0,43212400.0,True,pass,False,pass
1982,1982.T,"Hibiya Engineering,Ltd.",360486961.6666667,118768.33333333333,322318000.0,True,pass,False,pass
9324,9324.T,Yasuda Logistics Corporation,208140220.0,88113.33333333333,161635950.0,True,pass,False,pass
7466,7466.T,SPK CORPORATION,48065623.333333336,37865.0,46389900.0,True,pass,False,pass
9351,9351.T,"TOYO WHARF & WAREHOUSE CO.,LTD.",21105835.0,10700.0,16309550.0,True,pass,False,pass
2220,2220.T,"KAMEDA SEIKA CO.,LTD.",259911348.64074707,186853.33333333334,245702496.45996094,True,pass,False,pass
7472,7472.T,"TOBA,INC.",4659075.0,1211.6666666666667,4149750.0,True,review,False,avg_daily_value_60d_below_10m
4171,4171.T,"Global Information,Inc.",13570251.666666666,8641.666666666666,2596200.0,True,pass,False,pass
2594,2594.T,KEY COFFEE INC,166351081.66666666,84381.66666666667,133494000.0,True,pass,False,pass
5805,5805.T,SWCC Corporation,7136362733.333333,480041.6666666667,5628744000.0,True,pass,False,pass
3844,3844.T,COMTURE CORPORATION,416811996.6666667,296266.6666666667,364165950.0,True,pass,False,pass
3768,3768.T,Riskmonster.com,2372353.3333333335,4190.0,1805100.0,True,exclude,True,avg_daily_value_60d_below_3m
6071,6071.T,"IBJ,Inc.",127604868.33333333,169968.33333333334,107748000.0,True,pass,False,pass
6074,6074.T,JSS CORPORATION,4146541.6666666665,7740.0,1944400.0,True,review,False,avg_daily_value_60d_below_10m
8144,8144.T,"Denkyo Group Holdings Co.,Ltd.",1861516.6666666667,1376.6666666666667,929600.0,True,exclude,True,avg_daily_value_60d_below_3m
4059,4059.T,"Magmag,Inc.",2681965.0,6093.333333333333,1578400.0,True,exclude,True,avg_daily_value_60d_below_3m
1848,1848.T,FUJI P.S CORPORATION,8067521.666666667,13756.666666666666,5826450.0,True,review,False,avg_daily_value_60d_below_10m
7283,7283.T,"AISAN INDUSTRY CO.,LTD.",309820258.3333333,165580.0,271556450.0,True,pass,False,pass
9438,9438.T,MTI Ltd.,32933113.333333332,52833.333333333336,25704000.0,True,pass,False,pass
1960,1960.T,Sanyo Engineering & Construction Inc.,78368048.33333333,52721.666666666664,41218450.0,True,pass,False,pass
9221,9221.T,FULUHASHI EPO CORPORATION,36403671.666666664,30323.333333333332,26993000.0,True,pass,False,pass
3796,3796.T,"e-Seikatsu Co.,Ltd.",46389081.666666664,135295.0,9521500.0,True,pass,False,pass
7883,7883.T,"Sun Messe Co.,Ltd.",3400515.0,9235.0,2094050.0,True,review,False,avg_daily_value_60d_below_10m
1853,1853.T,"Mori-Gumi Co.,Ltd.",15406673.333333334,47496.666666666664,12419700.0,True,pass,False,pass
8934,8934.T,"Sun Frontier Fudousan Co.,Ltd.",538216955.0,204165.0,501834350.0,True,pass,False,pass
2462,2462.T,"LIKE,Inc.",102403223.33333333,64968.333333333336,86750250.0,True,pass,False,pass
2418,2418.T,TSUKADA GLOBAL HOLDINGS Inc.,96762128.33333333,151660.0,76293150.0,True,pass,False,pass
9955,9955.T,"THE YONKYU CO.,LTD.",11100088.333333334,3901.6666666666665,8206450.0,True,pass,False,pass
8012,8012.T,"NAGASE & CO.,LTD.",1227580922.5,1059170.0,1093236100.0,True,pass,False,pass
8181,8181.T,"Totenko Co.,Ltd.",3630450.0,3595.0,1899050.0,True,review,False,avg_daily_value_60d_below_10m
1718,1718.T,"MIKIKOGYO CO.,LTD.",19455050.0,2633.3333333333335,13775000.0,True,pass,False,pass
6966,6966.T,"Mitsui High-tec,Inc.",1756678383.3333333,2406998.3333333335,1218788200.0,True,pass,False,pass
7562,7562.T,"ANRAKUTEI Co.,Ltd",13506616.666666666,3588.3333333333335,8659500.0,True,pass,False,pass
5133,5133.T,Terilogy Holdings Corporation,42188531.666666664,124760.0,29229950.0,True,pass,False,pass
3372,3372.T,"KANMONKAI Co.,Ltd.",3299963.3333333335,14768.333333333334,2495700.0,True,review,False,avg_daily_value_60d_below_10m
4440,4440.T,WITZ Corporation,48412008.333333336,37253.333333333336,28541550.0,True,pass,False,pass
7707,7707.T,"Precision System Science Co.,Ltd.",107132431.66666667,424298.3333333333,37255700.0,True,pass,False,pass
7875,7875.T,"TAKEDA iP HOLDINGS CO.,LTD.",19343711.666666668,27710.0,11415850.0,True,pass,False,pass
5388,5388.T,"KUNIMINE INDUSTRIES CO.,LTD.",9449530.0,7441.666666666667,6416900.0,True,review,False,avg_daily_value_60d_below_10m
9039,9039.T,"Sakai Moving Service Co.,Ltd.",281207035.0,100023.33333333333,246947550.0,True,pass,False,pass
3937,3937.T,"Ubicom Holdings,Inc.",45122801.666666664,46811.666666666664,36372850.0,True,pass,False,pass
3242,3242.T,"URBANET CORPORATION CO.,LTD.",50905501.666666664,93853.33333333333,44051600.0,True,pass,False,pass
9338,9338.T,INFORICH INC.,259737616.66666666,57200.0,40723000.0,True,pass,False,pass
2753,2753.T,"AMIYAKI TEI CO.,LTD.",80127405.0,57291.666666666664,73269600.0,True,pass,False,pass
3361,3361.T,"Toell Co.,Ltd.",9434158.333333334,10488.333333333334,6847500.0,True,review,False,avg_daily_value_60d_below_10m
2304,2304.T,"CSS HOLDINGS,LTD.",4606323.333333333,4876.666666666667,4086800.0,True,review,False,avg_daily_value_60d_below_10m
3935,3935.T,"Edia Co.,Ltd.",49075575.0,73695.0,35835000.0,True,pass,False,pass
3641,3641.T,"PAPYLESS CO.,LTD.",9757980.0,9433.333333333334,5832000.0,True,review,False,avg_daily_value_60d_below_10m
1814,1814.T,"DAISUE CONSTRUCTION CO.,LTD.",380603916.6666667,107503.33333333333,313616250.0,True,pass,False,pass
4439,4439.T,"TOUMEI CO.,LTD.",33384270.0,38621.666666666664,25835200.0,True,pass,False,pass
9663,9663.T,"NAGAWA CO.,Ltd",151560883.33333334,27470.0,144827000.0,True,pass,False,pass
7984,7984.T,"KOKUYO CO.,LTD.",856846988.002828,1026993.3333333334,791174443.5546875,True,pass,False,pass
3075,3075.T,"Choushimaru Co.,Ltd.",10630475.0,6665.0,9208850.0,True,pass,False,pass
7902,7902.T,"SONOCOM CO.,LTD.",5483416.666666667,4840.0,2853900.0,True,review,False,avg_daily_value_60d_below_10m
9936,9936.T,OHSHO FOOD SERVICE CORP.,707268498.3333334,237840.0,631720500.0,True,pass,False,pass
5363,5363.T,TYK CORPORATION,65188566.666666664,105465.0,37746850.0,True,pass,False,pass
4406,4406.T,"New Japan Chemical Co.,Ltd.",43772571.666666664,213586.66666666666,36230450.0,True,pass,False,pass
8081,8081.T,KANADEN CORPORATION,107381890.0,46063.333333333336,101169900.0,True,pass,False,pass
1867,1867.T,UEKI CORPORATION,43087495.0,15583.333333333334,30616250.0,True,pass,False,pass
1899,1899.T,FUKUDA CORPORATION,222369383.33333334,27680.0,177891000.0,True,pass,False,pass
7506,7506.T,"HOUSE OF ROSE Co.,Ltd.",5837231.666666667,4185.0,3350000.0,True,review,False,avg_daily_value_60d_below_10m
3947,3947.T,"Dynapac Co.,Ltd.",7534073.333333333,3080.0,4834200.0,True,review,False,avg_daily_value_60d_below_10m
4980,4980.T,Dexerials Corporation,7067677015.0,2324710.0,4088689950.0,True,pass,False,pass
1332,1332.T,Nissui Corporation,1936423690.8333333,1463768.3333333333,1808101825.0,True,pass,False,pass
4242,4242.T,TAKAGI SEIKO CORPORATION,12767876.666666666,7136.666666666667,9021000.0,True,pass,False,pass
6099,6099.T,ELAN Corporation,87544926.66666667,121221.66666666667,73331100.0,True,pass,False,pass
9993,9993.T,"YAMAZAWA CO.,LTD.",5521326.666666667,4755.0,4044250.0,True,review,False,avg_daily_value_60d_below_10m
1716,1716.T,DAI-ICHI CUTTER KOGYO K.K.,27889593.333333332,18840.0,24729900.0,True,pass,False,pass
2795,2795.T,NIPPON PRIMEX INC.,925801.6666666666,1015.0,457250.0,True,exclude,True,avg_daily_value_60d_below_3m
9820,9820.T,MT GENEX CORPORATION,4004808.3333333335,1111.6666666666667,2100000.0,True,review,False,avg_daily_value_60d_below_10m
7887,7887.T,"NANKAI PLYWOOD CO.,LTD.",21440878.333333332,11188.333333333334,16733600.0,True,pass,False,pass
7921,7921.T,TAKARA & COMPANY LTD.,94239528.33333333,26341.666666666668,83039250.0,True,pass,False,pass
5631,5631.T,"The Japan Steel Works,Ltd.",10766041570.0,1188081.6666666667,10562419050.0,True,pass,False,pass
9253,9253.T,Slogan Inc.,1681180.0,2173.3333333333335,787000.0,True,exclude,True,avg_daily_value_60d_below_3m
2002,2002.T,NISSHIN SEIFUN GROUP INC.,1916750076.6666667,936615.0,1833153900.0,True,pass,False,pass
4072,4072.T,"Densan System Holdings Co.,Ltd.",155785166.66666666,53466.666666666664,132595050.0,True,pass,False,pass
9009,9009.T,"Keisei Electric Railway Co.,Ltd.",2677283185.0,2282111.6666666665,2418771750.0,True,pass,False,pass
7254,7254.T,UNIVANCE CORPORATION,22847433.333333332,28140.0,11828500.0,True,pass,False,pass
2108,2108.T,"Nippon Beet Sugar Manufacturing Co.,Ltd.",130737350.0,31121.666666666668,88878750.0,True,pass,False,pass
7916,7916.T,"MITSUMURA PRINTING CO.,LTD.",2391068.3333333335,1281.6666666666667,1484800.0,True,exclude,True,avg_daily_value_60d_below_3m
6390,6390.T,"KATO WORKS CO.,LTD.",110727170.0,78436.66666666667,96180700.0,True,pass,False,pass
4422,4422.T,VALUENEX Japan Inc.,813743218.3333334,833553.3333333334,244237850.0,True,pass,False,pass
8041,8041.T,OUG Holdings Inc.,24689816.666666668,5965.0,20616500.0,True,pass,False,pass
8892,8892.T,ES-CON JAPAN Ltd.,295480576.6666667,262038.33333333334,248969200.0,True,pass,False,pass
3401,3401.T,TEIJIN LIMITED,2122011092.5,1304741.6666666667,1674152325.0,True,pass,False,pass
1815,1815.T,TEKKEN CORPORATION,531203658.3333333,112340.0,442128500.0,True,pass,False,pass
5199,5199.T,"FUJI LATEX CO.,LTD.",1489710.0,740.0,1015250.0,True,exclude,True,avg_daily_value_60d_below_3m
1808,1808.T,HASEKO Corporation,2806570245.8333335,987411.6666666666,2606339425.0,True,pass,False,pass
1969,1969.T,"Takasago Thermal Engineering Co.,Ltd.",3151319321.6666665,686373.3333333334,2709430650.0,True,pass,False,pass
4534,4534.T,"Mochida Pharmaceutical Co.,Ltd.",411554175.0,117516.66666666667,261921250.0,True,pass,False,pass
6694,6694.T,ZOOM CORPORATION,2640751.6666666665,4105.0,1830800.0,True,exclude,True,avg_daily_value_60d_below_3m
7818,7818.T,"TRANSACTION CO.,Ltd.",215627161.66666666,183028.33333333334,187337900.0,True,pass,False,pass
2222,2222.T,"Kotobuki Spirits Co.,Ltd.",1111039233.3333333,560725.0,1043408000.0,True,pass,False,pass
5445,5445.T,"TOKYO TEKKO CO.,LTD.",497459840.8247884,254523.33333333334,397862800.0,True,pass,False,pass
4238,4238.T,"Miraial Co.,Ltd.",61861653.333333336,46503.333333333336,40835300.0,True,pass,False,pass
3169,3169.T,"Misawa & Co.,Ltd.",2382180.0,3720.0,1848000.0,True,exclude,True,avg_daily_value_60d_below_3m
3698,3698.T,"CRI Middleware Co.,Ltd.",18297555.0,18345.0,15379500.0,True,pass,False,pass
4811,4811.T,DreamArts Corporation,17756260.0,22691.666666666668,14888700.0,True,pass,False,pass
5962,5962.T,"ASAKA INDUSTRIAL CO.,LTD.",2455466.6666666665,1253.3333333333333,1818900.0,True,exclude,True,avg_daily_value_60d_below_3m
7981,7981.T,"TAKARA STANDARD CO.,LTD.",426282983.3333333,147901.66666666666,332779700.0,True,pass,False,pass
9846,9846.T,"TENMAYA STORE CO.,LTD.",5837218.333333333,6050.0,4063500.0,True,review,False,avg_daily_value_60d_below_10m
7087,7087.T,"WILLTEC Co.,Ltd.",4908076.666666667,3720.0,3157400.0,True,review,False,avg_daily_value_60d_below_10m
3109,3109.T,SHIKIBO LTD.,54882281.666666664,51465.0,45688200.0,True,pass,False,pass
5659,5659.T,"Nippon Seisen Co.,Ltd.",134588461.66666666,100013.33333333333,111636300.0,True,pass,False,pass
4716,4716.T,ORACLE CORPORATION JAPAN,4243755291.6666665,474190.0,3452760150.0,True,pass,False,pass
8282,8282.T,K'S HOLDINGS CORPORATION,1411873930.0,773386.6666666666,1277005525.0,True,pass,False,pass
9306,9306.T,"Toyo Logistics Co.,Ltd.",16471101.666666666,7953.333333333333,10314000.0,True,pass,False,pass
3489,3489.T,"FaithNetwork Co.,Ltd",66867393.333333336,84841.66666666667,54113300.0,True,pass,False,pass
8059,8059.T,"DAIICHI JITSUGYO CO.,LTD.",121483230.0,38205.0,98069750.0,True,pass,False,pass
2894,2894.T,"Ishii Food Co.,Ltd.",3721635.0,10573.333333333334,1996450.0,True,review,False,avg_daily_value_60d_below_10m
9948,9948.T,"ARCS COMPANY,LIMITED",274269908.3333333,76498.33333333333,249476250.0,True,pass,False,pass
7456,7456.T,"MATSUDA SANGYO Co.,Ltd.",1055623416.6666666,152025.0,950903500.0,True,pass,False,pass
4391,4391.T,"Logizard Co.,Ltd.",10333113.333333334,9441.666666666666,7308700.0,True,pass,False,pass
4974,4974.T,TAKARA BIO INC.,637854210.0,557290.0,465767800.0,True,pass,False,pass
7068,7068.T,Feedforce Group Inc.,35539245.0,67320.0,28702500.0,True,pass,False,pass
9554,9554.T,"AViC Co.,Ltd.",75050536.66666667,51231.666666666664,67126350.0,True,pass,False,pass
8802,8802.T,"Mitsubishi Estate Company,Limited",17967007603.333332,4021575.0,17114991450.0,True,pass,False,pass
3878,3878.T,TOMOEGAWA CORPORATION,59347620.0,66883.33333333333,37255100.0,True,pass,False,pass
5726,5726.T,"OSAKA Titanium technologies Co.,Ltd.",2695169611.6666665,1005901.6666666666,2252554200.0,True,pass,False,pass
9068,9068.T,"Maruzen Showa Unyu Co.,Ltd.",293242016.6666667,35853.333333333336,284328000.0,True,pass,False,pass
3661,3661.T,"m-up holdings,Inc.",571522431.6666666,847273.3333333334,476179400.0,True,pass,False,pass
1803,1803.T,SHIMIZU CORPORATION,11804376233.333334,3984250.0,10145417450.0,True,pass,False,pass
2916,2916.T,"Semba Tohka Industries Co.,Ltd",1661186.6666666667,2310.0,1089000.0,True,exclude,True,avg_daily_value_60d_below_3m
3001,3001.T,"Katakura Industries Co.,Ltd.",92550538.33333333,33960.0,87375700.0,True,pass,False,pass
4679,4679.T,"TAYA Co.,Ltd.",8559276.666666666,29528.333333333332,3455500.0,True,review,False,avg_daily_value_60d_below_10m
8130,8130.T,Sangetsu Corporation,537035846.6666666,176266.66666666666,520416800.0,True,pass,False,pass
2676,2676.T,"TAKACHIHO KOHEKI CO.,LTD.",56368933.333333336,27768.333333333332,48177250.0,True,pass,False,pass
3622,3622.T,Netyear Group Corporation,3983260.0,7450.0,2747250.0,True,review,False,avg_daily_value_60d_below_10m
7419,7419.T,"Nojima Co.,Ltd.",1256600990.0,1011833.3333333334,783495850.0,True,pass,False,pass
5532,5532.T,REALGATE INC.,253026818.33333334,71708.33333333333,198621600.0,True,pass,False,pass
9929,9929.T,"HEIWA PAPER CO.,LTD.",1546083.3333333333,3285.0,1039600.0,True,exclude,True,avg_daily_value_60d_below_3m
1897,1897.T,"The Kaneshita Construction Co.,Ltd.",3418533.3333333335,1028.3333333333333,1980000.0,True,review,False,avg_daily_value_60d_below_10m
1946,1946.T,TOENEC CORPORATION,466363165.0,212823.33333333334,379959750.0,True,pass,False,pass
5367,5367.T,NIKKATO CORPORATION,363505828.3333333,332451.6666666667,68467650.0,True,pass,False,pass
9882,9882.T,YELLOW HAT LTD.,265018991.66666666,166596.66666666666,246088800.0,True,pass,False,pass
1726,1726.T,Br.Holdings Corporation,105231643.33333333,199920.0,50629650.0,True,pass,False,pass
5033,5033.T,Nulab Inc.,4849441.666666667,6666.666666666667,3521950.0,True,review,False,avg_daily_value_60d_below_10m
8914,8914.T,"Arealink Co.,Ltd.",98523011.66666667,88285.0,75284100.0,True,pass,False,pass
1663,1663.T,K&O Energy Group Inc.,1031066625.0,207055.0,814782500.0,True,pass,False,pass
8132,8132.T,"SINANEN HOLDINGS CO.,LTD.",69673283.33333333,9351.666666666666,61121500.0,True,pass,False,pass
3198,3198.T,"SFP Holdings Co.,Ltd.",155062453.33333334,68465.0,105539400.0,True,pass,False,pass
7277,7277.T,"TBK Co.,Ltd.",13567440.0,37085.0,9498350.0,True,pass,False,pass
8917,8917.T,"First Juken Co.,Ltd.",44618931.666666664,38806.666666666664,38271600.0,True,pass,False,pass
3439,3439.T,Mitsuchi Corporation,2552610.0,3691.6666666666665,1845650.0,True,exclude,True,avg_daily_value_60d_below_3m
4404,4404.T,"Miyoshi Oil & Fat Co.,Ltd.",75754676.66666667,34665.0,52244750.0,True,pass,False,pass
3565,3565.T,Ascentech K.K.,179280550.52200317,432593.3333333333,138403350.0,True,pass,False,pass
9956,9956.T,"VALOR HOLDINGS CO.,LTD.",485283200.0,133328.33333333334,471110000.0,True,pass,False,pass
5484,5484.T,"Tohoku Steel Co.,Ltd.",19826915.0,5180.0,2991750.0,True,pass,False,pass
3981,3981.T,Beaglee Inc.,7725068.333333333,6113.333333333333,4238700.0,True,review,False,avg_daily_value_60d_below_10m
5451,5451.T,"YODOKO,Ltd.",940082116.6666666,672900.0,779141150.0,True,pass,False,pass
2122,2122.T,"Interspace Co.,Ltd.",12051875.0,9406.666666666666,7986900.0,True,pass,False,pass
4771,4771.T,"F&M CO.,LTD.",50845480.0,22000.0,39717250.0,True,pass,False,pass
2819,2819.T,"EBARA Foods Industry,Inc.",43411520.0,17143.333333333332,35003500.0,True,pass,False,pass
5867,5867.T,"ES NETWORKS CO.,LTD.",1576150.0,1320.0,969200.0,True,exclude,True,avg_daily_value_60d_below_3m
9339,9339.T,"COACH A Co.,Ltd.",1552106.6666666667,1260.0,1297700.0,True,exclude,True,avg_daily_value_60d_below_3m
7630,7630.T,"ICHIBANYA CO.,LTD.",354370326.6666667,399886.6666666667,311738800.0,True,pass,False,pass
7857,7857.T,"SEKI CO.,LTD.",1171505.0,870.0,472500.0,True,exclude,True,avg_daily_value_60d_below_3m
5994,5994.T,"FINE SINTER CO.,LTD.",40568023.333333336,30195.0,28477350.0,True,pass,False,pass
5949,5949.T,UNIPRES CORPORATION,239581620.0,181678.33333333334,198406000.0,True,pass,False,pass
3392,3392.T,"DELICA FOODS HOLDINGS CO.,LTD.",38285641.666666664,42388.333333333336,25536600.0,True,pass,False,pass
4493,4493.T,"Cyber Security Cloud,Inc.",290842445.0,174101.66666666666,270623000.0,True,pass,False,pass
7482,7482.T,"SHIMOJIMA Co.,Ltd.",79970775.0,58101.666666666664,60212100.0,True,pass,False,pass
7986,7986.T,"NIHON ISK Company,Limited",4136623.3333333335,2143.3333333333335,2045350.0,True,review,False,avg_daily_value_60d_below_10m
2353,2353.T,"NIPPON PARKING DEVELOPMENT Co.,Ltd.",398459690.0,1516373.3333333333,347203300.0,True,pass,False,pass
8904,8904.T,"AVANTIA CO.,LTD.",12652216.666666666,15188.333333333334,9392850.0,True,pass,False,pass
7953,7953.T,"KIKUSUI CHEMICAL INDUSTRIES CO.,LTD.",8912241.666666666,22891.666666666668,8726850.0,True,review,False,avg_daily_value_60d_below_10m
5905,5905.T,NIHON SEIKAN K.K.,1264690.0,958.3333333333334,911400.0,True,exclude,True,avg_daily_value_60d_below_3m
3484,3484.T,"Innovation Holdings CO.,LTD.",13461216.666666666,11253.333333333334,9966000.0,True,pass,False,pass
9029,9029.T,"HIGASHI HOLDINGS CO.,LTD.",38958931.666666664,20040.0,29026450.0,True,pass,False,pass
3551,3551.T,DYNIC CORPORATION,32588826.666666668,26821.666666666668,21550850.0,True,pass,False,pass
7914,7914.T,"Kyodo Printing Co.,Ltd.",149237776.66666666,94118.33333333333,125818000.0,True,pass,False,pass
1380,1380.T,"AKIKAWA FOODS & FARMS CO.,LTD.",1933170.0,1866.6666666666667,1446200.0,True,exclude,True,avg_daily_value_60d_below_3m
5284,5284.T,"YAMAU HOLDINGS CO.,LTD.",23333450.0,10321.666666666666,16178350.0,True,pass,False,pass
9332,9332.T,"NISSO HOLDINGS Co.,Ltd.",117959080.0,191586.66666666666,90643550.0,True,pass,False,pass
4848,4848.T,"FULLCAST HOLDINGS CO.,LTD.",183702356.66666666,114533.33333333333,157764150.0,True,pass,False,pass
5599,5599.T,S&J Corporation,53698993.333333336,42726.666666666664,46345650.0,True,pass,False,pass
3930,3930.T,"Hatena Co.,Ltd.",90137698.33333333,87536.66666666667,32616750.0,True,pass,False,pass
2003,2003.T,"NITTO FUJI FLOUR MILLING CO.,LTD.",44604015.0,24825.0,34306250.0,True,pass,False,pass
4384,4384.T,RAKSUL INC.,442631373.3333333,234258.33333333334,176232100.0,True,pass,False,pass
9991,9991.T,GECOSS CORPORATION,113689870.0,66238.33333333333,93464100.0,True,pass,False,pass
2475,2475.T,"WDB HOLDINGS CO.,LTD.",69015713.33333333,42853.333333333336,45489750.0,True,pass,False,pass
4840,4840.T,TriIs Incorporated,360887193.3333333,404548.3333333333,81961400.0,True,pass,False,pass
4347,4347.T,Broadmedia Corporation,34892985.0,15980.0,33245150.0,True,pass,False,pass
9119,9119.T,"IINO KAIUN KAISHA,LTD.",580686118.3333334,345690.0,460181700.0,True,pass,False,pass
7539,7539.T,"AINAVO HOLDINGS Co.,Ltd.",20081751.666666668,25116.666666666668,13965750.0,True,pass,False,pass
1942,1942.T,"KANDENKO CO.,LTD.",7770475881.666667,1204981.6666666667,6457207900.0,True,pass,False,pass
9059,9059.T,"Kanda Holdings Co.,Ltd.",7601010.0,8826.666666666666,5050400.0,True,review,False,avg_daily_value_60d_below_10m
7673,7673.T,"DAIKO TSUSAN CO.,LTD.",10729958.333333334,6048.333333333333,7257600.0,True,pass,False,pass
3665,3665.T,Enigmo Inc.,87946038.33333333,228420.0,63494600.0,True,pass,False,pass
7110,7110.T,Kurashicom Inc.,18290430.0,9020.0,12218150.0,True,pass,False,pass
7438,7438.T,KONDOTEC INC.,62979135.0,42246.666666666664,45017300.0,True,pass,False,pass
9960,9960.T,TOTECH CORPORATION,285223000.0,72990.0,278724000.0,True,pass,False,pass
8125,8125.T,"Wakita & Co.,LTD.",320485041.6666667,171645.0,271639500.0,True,pass,False,pass
7458,7458.T,"DAIICHIKOSHO CO.,LTD.",587280254.1666666,348956.6666666667,521856300.0,True,pass,False,pass
4428,4428.T,sinops Inc.,4453028.333333333,6633.333333333333,3261450.0,True,review,False,avg_daily_value_60d_below_10m
2206,2206.T,"Ezaki Glico Co.,Ltd.",1226195435.0,212115.0,1184167300.0,True,pass,False,pass
3946,3946.T,"TOMOKU CO.,LTD.",160153341.66666666,44171.666666666664,128949500.0,True,pass,False,pass
9012,9012.T,"Chichibu Railway Co.,Ltd.",1097091.6666666667,513.3333333333334,637200.0,True,exclude,True,avg_daily_value_60d_below_3m
1333,1333.T,Umios Corporation,835708894.1666666,602106.6666666666,785152700.0,True,pass,False,pass
7634,7634.T,"HOSHIIRYO-SANKI CO.,LTD.",4495125.0,848.3333333333334,3494750.0,True,review,False,avg_daily_value_60d_below_10m
4360,4360.T,"MANAC Chemical Partners Co.,Ltd",37918541.666666664,39181.666666666664,27165500.0,True,pass,False,pass
3159,3159.T,"Maruzen CHI Holdings Co.,Ltd.",19280395.0,54743.333333333336,11467900.0,True,pass,False,pass
9006,9006.T,Keikyu Corporation,1205207106.6666667,781735.0,1068706700.0,True,pass,False,pass
7643,7643.T,"DAIICHI CO.,LTD.",5041718.333333333,3008.3333333333335,3910000.0,True,review,False,avg_daily_value_60d_below_10m
7487,7487.T,OZU CORPORATION,41673485.0,22196.666666666668,37090600.0,True,pass,False,pass
3992,3992.T,Needs Well Inc.,71528626.66666667,149416.66666666666,60037950.0,True,pass,False,pass
8163,8163.T,"SRS HOLDINGS CO.,LTD.",142190920.0,116006.66666666667,110178250.0,True,pass,False,pass
4343,4343.T,"AEON Fantasy Co.,LTD.",204252251.66666666,82153.33333333333,177992350.0,True,pass,False,pass
2602,2602.T,"The Nisshin OilliO Group,Ltd.",538747864.448649,290080.0,500426100.0,True,pass,False,pass
8098,8098.T,"Inabata & Co.,Ltd.",358874666.6666667,90075.0,307023750.0,True,pass,False,pass
7231,7231.T,"TOPY INDUSTRIES,LIMITED",236382251.66666666,79493.33333333333,194047250.0,True,pass,False,pass
3386,3386.T,"COSMO BIO COMPANY,LIMITED",7809665.0,6116.666666666667,4778500.0,True,review,False,avg_daily_value_60d_below_10m
9368,9368.T,"KIMURA UNITY CO.,LTD.",22713811.666666668,25045.0,16480800.0,True,pass,False,pass
3765,3765.T,"GungHo Online Entertainment,Inc.",709168105.0,286251.6666666667,660092450.0,True,pass,False,pass
7685,7685.T,"BuySell Technologies Co.,Ltd.",1251450550.0,370075.0,1102888000.0,True,pass,False,pass
2683,2683.T,"UOKI CO.,LTD.",1422493.3333333333,1420.0,1204200.0,True,exclude,True,avg_daily_value_60d_below_3m
2175,2175.T,"SMS CO.,LTD.",746426730.0,425326.6666666667,673859200.0,True,pass,False,pass
7928,7928.T,"ASAHI KAGAKU KOGYO CO.,LTD.",3145396.6666666665,5126.666666666667,1889450.0,True,review,False,avg_daily_value_60d_below_10m
8005,8005.T,Scroll Corporation,289173661.6666667,192850.0,183303600.0,True,pass,False,pass
7846,7846.T,PILOT CORPORATION,524889803.3333333,110938.33333333333,471539600.0,True,pass,False,pass
5137,5137.T,SmartDrive inc.,101441783.33333333,368158.3333333333,79235700.0,True,pass,False,pass
9076,9076.T,"SEINO HOLDINGS CO.,LTD.",1150331653.3333333,453911.6666666667,1011946550.0,True,pass,False,pass
9341,9341.T,"GENOVA,Inc.",39066246.666666664,67681.66666666667,29026900.0,True,pass,False,pass
3547,3547.T,UNISIA HOLDINGS CO.,95743170.0,51755.0,83601200.0,True,pass,False,pass
4763,4763.T,"CREEK & RIVER Co.,Ltd.",72374811.66666667,52848.333333333336,59328400.0,True,pass,False,pass
3202,3202.T,"Daitobo Co.,Ltd.",9889438.333333334,74120.0,7091250.0,True,review,False,avg_daily_value_60d_below_10m
8030,8030.T,"Chuo Gyorui Co.,Ltd.",18277566.666666668,4608.333333333333,12600000.0,True,pass,False,pass
3950,3950.T,THE PACK CORPORATION,148391510.0,112026.66666666667,137015050.0,True,pass,False,pass
1929,1929.T,"NITTOC CONSTRUCTION CO.,LTD.",132105578.33333333,108543.33333333333,116427000.0,True,pass,False,pass
3776,3776.T,"BroadBand Tower,Inc.",184025450.0,776271.6666666666,146732400.0,True,pass,False,pass
4392,4392.T,"Future Innovation Group,Inc.",6319499200.0,3975510.0,83721450.0,True,pass,False,pass
1930,1930.T,"HOKURIKU ELECTRICAL CONSTRUCTION CO.,LTD.",154086250.0,96006.66666666667,99019500.0,True,pass,False,pass
1833,1833.T,OKUMURA CORPORATION,669114400.0,107923.33333333333,600219500.0,True,pass,False,pass
9065,9065.T,SANKYU INC.,1746423651.6666667,195501.66666666666,1701277600.0,True,pass,False,pass
2792,2792.T,"HONEYS HOLDINGS CO.,LTD.",156530006.66666666,107043.33333333333,124280100.0,True,pass,False,pass
1762,1762.T,"TAKAMATSU CONSTRUCTION GROUP CO.,LTD.",263385241.66666666,73068.33333333333,224174500.0,True,pass,False,pass
1893,1893.T,"PENTA-OCEAN CONSTRUCTION CO.,LTD.",4410752068.333333,2401043.3333333335,3487044550.0,True,pass,False,pass
4673,4673.T,"Kawasaki Geological Engineering Co.,Ltd.",75247000.0,14183.333333333334,30450500.0,True,pass,False,pass
1963,1963.T,JGC HOLDINGS CORPORATION,7475130711.666667,3046566.6666666665,6429754650.0,True,pass,False,pass
4228,4228.T,"Sekisui Kasei Co.,Ltd.",150409473.33333334,310963.3333333333,116443950.0,True,pass,False,pass
3317,3317.T,"FLYING GARDEN CO.,LTD.",6076041.666666667,4115.0,3767700.0,True,review,False,avg_daily_value_60d_below_10m
2294,2294.T,"Kakiyasu Honten Co.,Ltd.",139525793.33333334,49653.333333333336,109781700.0,True,pass,False,pass
8084,8084.T,RYODEN CORPORATION,218051925.0,63075.0,163687500.0,True,pass,False,pass
8085,8085.T,"NARASAKI SANGYO CO.,LTD.",20717800.0,4720.0,19753250.0,True,pass,False,pass
8218,8218.T,"KOMERI CO.,LTD.",345641491.6666667,98716.66666666667,328914000.0,True,pass,False,pass
1787,1787.T,"Nakabohtec Corrosion Protecting Co.,Ltd.",7024716.666666667,1180.0,4113000.0,True,review,False,avg_daily_value_60d_below_10m
1852,1852.T,ASANUMA CORPORATION,383774358.3333333,406620.0,332735400.0,True,pass,False,pass
4055,4055.T,T&S Group Inc.,529030540.0,253868.33333333334,153456350.0,True,pass,False,pass
7872,7872.T,"ESTELLE HOLDINGS CO.,LTD.",3063338.3333333335,5056.666666666667,1992500.0,True,review,False,avg_daily_value_60d_below_10m
2924,2924.T,"Ifuji Sangyo Co.,Ltd.",23827326.666666668,12093.333333333334,19732400.0,True,pass,False,pass
2053,2053.T,"CHUBU SHIRYO CO.,LTD.",157912838.33333334,90343.33333333333,118892450.0,True,pass,False,pass
3020,3020.T,"Applied Co.,Ltd.",15546500.0,3908.3333333333335,12298500.0,True,pass,False,pass
9509,9509.T,"Hokkaido Electric Power Company,Incorporated",3309542959.906718,3224978.3333333335,3148734395.7733154,True,pass,False,pass
3391,3391.T,TSURUHA HOLDINGS INC.,5370741455.0,2504455.0,4497816000.0,True,pass,False,pass
8066,8066.T,MITANI CORPORATION,36159680.0,14396.666666666666,30988150.0,True,pass,False,pass
9110,9110.T,"NS United Kaiun Kaisha,Ltd.",518649916.6666667,68265.0,449125500.0,True,pass,False,pass
4449,4449.T,giftee Inc.,480679238.3333333,435366.6666666667,345093350.0,True,pass,False,pass
9360,9360.T,SUZUYO SHINWART CORPORATION,6320718.333333333,2155.0,4613300.0,True,review,False,avg_daily_value_60d_below_10m
9069,9069.T,"SENKO Group Holdings Co.,Ltd.",729732463.3333334,389373.3333333333,645284250.0,True,pass,False,pass
3399,3399.T,Maruchiyo Yamaokaya Corporation,534956868.3333333,158755.0,414106750.0,True,pass,False,pass
3302,3302.T,"TEIKOKU SEN-I Co.,Ltd.",141838696.66666666,46888.333333333336,116026000.0,True,pass,False,pass
3148,3148.T,"CREATE SD HOLDINGS CO.,LTD.",644299083.3333334,197985.0,424667500.0,True,pass,False,pass
9424,9424.T,Japan Communications Inc.,281194613.3333333,2214981.6666666665,263900600.0,True,pass,False,pass
1418,1418.T,"INTERLIFE HOLDINGS CO.,LTD.",44587205.0,84021.66666666667,34449300.0,True,pass,False,pass
7084,7084.T,Smile Holdings Inc.,18915778.333333332,6656.666666666667,12461400.0,True,pass,False,pass
3668,3668.T,"COLOPL,Inc.",208891755.0,504886.6666666667,182279600.0,True,pass,False,pass
9418,9418.T,"U-NEXT HOLDINGS Co.,Ltd.",1030255606.6666666,628988.3333333334,974759300.0,True,pass,False,pass
9913,9913.T,NIPPO LTD.,43031591.666666664,11448.333333333334,17122500.0,True,pass,False,pass
6092,6092.T,"EnBio Holdings,Inc",71669373.33333333,88273.33333333333,50582250.0,True,pass,False,pass
3106,3106.T,KURABO INDUSTRIES LTD.,403914166.6666667,41696.666666666664,372106500.0,True,pass,False,pass
1904,1904.T,"TAISEI ONCHO CO.,LTD.",110884541.66666667,21251.666666666668,96394000.0,True,pass,False,pass
9763,9763.T,"Maruken Lease Co.,Ltd.",37624251.63228353,27133.333333333332,29019500.0,True,pass,False,pass
9218,9218.T,"Mental Health Technologies Co.,Ltd.",18805388.333333332,25918.333333333332,14765600.0,True,pass,False,pass
7361,7361.T,"Human Creation Holdings,Inc.",8362513.333333333,6985.0,5166450.0,True,review,False,avg_daily_value_60d_below_10m
1786,1786.T,Oriental Shiraishi Corporation,158868866.66666666,436745.0,140871400.0,True,pass,False,pass
1812,1812.T,KAJIMA CORPORATION,13824471666.666666,2270711.6666666665,12725415000.0,True,pass,False,pass
9081,9081.T,"Kanagawa Chuo Kotsu Co.,Ltd.",46495450.0,13388.333333333334,32796500.0,True,pass,False,pass
2815,2815.T,"ARIAKE JAPAN Co.,Ltd.",364391033.3333333,65435.0,332594000.0,True,pass,False,pass
8227,8227.T,"SHIMAMURA Co.,Ltd.",2906437450.0,875833.3333333334,2763593450.0,True,pass,False,pass
7932,7932.T,"Nippi,Incorporated",125096716.66666667,9936.666666666666,101850000.0,True,pass,False,pass
4193,4193.T,"Fabrica Holdings Co.,Ltd.",11699420.0,5413.333333333333,9354200.0,True,pass,False,pass
8289,8289.T,Olympic Group Corporation,178635290.0,201740.0,52666550.0,True,pass,False,pass
3979,3979.T,"ULURU.CO.,LTD.",11534126.666666666,29460.0,3381750.0,True,pass,False,pass
4549,4549.T,"EIKEN CHEMICAL CO.,LTD.",524698408.3333333,172460.0,490283250.0,True,pass,False,pass
8860,8860.T,FUJI CORPORATION LIMITED,84990128.33333333,105241.66666666667,65239600.0,True,pass,False,pass
7464,7464.T,"SAFTEC CO.,LTD.",2458158.3333333335,1511.6666666666667,1318800.0,True,exclude,True,avg_daily_value_60d_below_3m
3626,3626.T,TIS Inc.,7694157528.333333,2252118.3333333335,6287452200.0,True,pass,False,pass
3248,3248.T,"EARLY AGE CO.,Ltd.",4632951.666666667,5305.0,2265050.0,True,review,False,avg_daily_value_60d_below_10m
3446,3446.T,JTEC CORPORATION,155157165.0,76398.33333333333,126537600.0,True,pass,False,pass
2445,2445.T,"Takamiya Co.,Ltd.",54566161.666666664,134351.66666666666,42841300.0,True,pass,False,pass
3271,3271.T,The Global Ltd.,303460510.0,247616.66666666666,74532950.0,True,pass,False,pass
7425,7425.T,"HATSUHO SHOUJI CO.,LTD.",6650413.333333333,2703.3333333333335,2251250.0,True,review,False,avg_daily_value_60d_below_10m
4657,4657.T,"ENVIRONMENTAL CONTROL CENTER CO.,LTD.",23624466.666666668,48220.0,9412200.0,True,pass,False,pass
7447,7447.T,"NAGAILEBEN Co.,Ltd.",112065798.33333333,65846.66666666667,103096850.0,True,pass,False,pass
5969,5969.T,"LOBTEX Co.,Ltd.",379328.3333333333,303.3333333333333,123300.0,True,exclude,True,avg_daily_value_60d_below_3m
3355,3355.T,KURIYAMA HOLDINGS CORPORATION,77897028.33333333,43675.0,67823550.0,True,pass,False,pass
9051,9051.T,"SENKON LOGISTICS CO.,LTD",2147858.3333333335,1616.6666666666667,1662000.0,True,exclude,True,avg_daily_value_60d_below_3m
1885,1885.T,TOA CORPORATION,1820299350.0,614440.0,1773195000.0,True,pass,False,pass
5537,5537.T,"AlbaLink Co.,Ltd.",223835296.66666666,82738.33333333333,192167950.0,True,pass,False,pass
3050,3050.T,"DCM Holdings Co.,Ltd.",508394780.0,328613.3333333333,469094600.0,True,pass,False,pass
7819,7819.T,SHOBIDO Corporation,35987888.333333336,33025.0,25924700.0,True,pass,False,pass
5571,5571.T,"Excite Holdings Co.,Ltd.",10671568.333333334,10418.333333333334,2478000.0,True,pass,False,pass
8018,8018.T,"SANKYO SEIKO CO.,LTD.",55793758.333333336,63888.333333333336,48578000.0,True,pass,False,pass
9063,9063.T,"Okayamaken Freight Transportation CO.,LTD.",4953883.333333333,1171.6666666666667,2944000.0,True,review,False,avg_daily_value_60d_below_10m
8928,8928.T,ANABUKI KOSAN INC.,34113453.333333336,13105.0,28919700.0,True,pass,False,pass
7486,7486.T,"SANRIN CO.,LTD.",7123843.333333333,8786.666666666666,1772450.0,True,review,False,avg_daily_value_60d_below_10m
1793,1793.T,"OHMOTO GUMI CO.,LTD.",8362963.333333333,4620.0,5380950.0,True,review,False,avg_daily_value_60d_below_10m
3023,3023.T,Rasa Corporation,97829025.0,51043.333333333336,80169050.0,True,pass,False,pass
3333,3333.T,"ASAHI CO.,LTD.",224447166.66666666,171096.66666666666,186327200.0,True,pass,False,pass
1861,1861.T,"Kumagai Gumi Co.,Ltd.",1539420790.0,989710.0,1405457550.0,True,pass,False,pass
3538,3538.T,WILLPLUS Holdings Corporation,16754046.666666666,16711.666666666668,13351150.0,True,pass,False,pass
9890,9890.T,"MAKIYA CO.,LTD.",12632175.0,8920.0,2323700.0,True,pass,False,pass
3544,3544.T,"SATUDORA HOLDINGS CO.,LTD.",23715388.333333332,27991.666666666668,12714900.0,True,pass,False,pass
9861,9861.T,"YOSHINOYA HOLDINGS CO.,LTD.",1260047870.0,387560.0,1123212150.0,True,pass,False,pass
7039,7039.T,BRIDGE International Group Corp.,23250123.333333332,13108.333333333334,19062600.0,True,pass,False,pass
2664,2664.T,CAWACHI LIMITED,400199793.3333333,131701.66666666666,265570250.0,True,pass,False,pass
5868,5868.T,Rococo Co.Ltd.,8630936.666666666,8280.0,6627950.0,True,review,False,avg_daily_value_60d_below_10m
4113,4113.T,"TAOKA CHEMICAL COMPANY,LIMITED",67990681.66666667,74028.33333333333,43634100.0,True,pass,False,pass
2915,2915.T,"KENKO Mayonnaise Co.,Ltd.",89062971.66666667,41165.0,68315600.0,True,pass,False,pass
5282,5282.T,GEOSTR Corporation,41818331.666666664,98556.66666666667,31784200.0,True,pass,False,pass
9048,9048.T,"Nagoya Railroad Co., Ltd.",1709724983.3333333,960143.3333333334,1476845250.0,True,pass,False,pass
3480,3480.T,"J.S.B.Co.,Ltd.",403102833.3333333,79373.33333333333,239739000.0,True,pass,False,pass
2871,2871.T,NICHIREI CORPORATION,2371136350.8333335,1228496.6666666667,2111901525.0,True,pass,False,pass
8174,8174.T,"NIPPON GAS CO.,LTD.",944809907.5,328596.6666666667,875712350.0,True,pass,False,pass
6379,6379.T,RAIZNEXT Corporation,316485883.3333333,135686.66666666666,273075750.0,True,pass,False,pass
1934,1934.T,YURTEC CORPORATION,384479453.3333333,149855.0,328960150.0,True,pass,False,pass
1992,1992.T,"KANDA TSUSHINKI CO.,LTD.",527945.0,185.0,275400.0,True,exclude,True,avg_daily_value_60d_below_3m
9908,9908.T,"NIHON DENKEI CO.,LTD",34894515.0,13895.0,28773100.0,True,pass,False,pass
5952,5952.T,Amatei Incorporated,7048400.0,37515.0,4255400.0,True,review,False,avg_daily_value_60d_below_10m
3065,3065.T,"Life Foods Co.,Ltd.",1841943.3333333333,1141.6666666666667,1453500.0,True,exclude,True,avg_daily_value_60d_below_3m
9193,9193.T,"Tokyo Kisen Co.,Ltd.",20513038.333333332,18561.666666666668,16856400.0,True,pass,False,pass
7826,7826.T,"FURUYA METAL CO.,LTD.",4455900400.0,555943.3333333334,3657709000.0,True,pass,False,pass
7097,7097.T,"SAKURASAKU PLUS,Co.,Ltd.",13735996.666666666,4788.333333333333,11543150.0,True,pass,False,pass
6898,6898.T,"TOMITA ELECTRIC CO.,LTD.",11935008.333333334,3078.3333333333335,2139250.0,True,pass,False,pass
9854,9854.T,"AIGAN CO.,LTD.",23652885.0,93076.66666666667,17086800.0,True,pass,False,pass
8141,8141.T,"Shinko Shoji Co.,Ltd.",606414443.3333334,402401.6666666667,347683950.0,True,pass,False,pass
3204,3204.T,Toabo Corporation,9856486.666666666,19541.666666666668,7682800.0,True,review,False,avg_daily_value_60d_below_10m
3143,3143.T,O'will Corporation,9028146.666666666,12866.666666666666,4066750.0,True,review,False,avg_daily_value_60d_below_10m
9887,9887.T,"MATSUYA FOODS HOLDINGS CO.,LTD.",510602966.6666667,94046.66666666667,390228750.0,True,pass,False,pass
6184,6184.T,"Kamakura Shinsho,Ltd.",99566193.33333333,206430.0,67649150.0,True,pass,False,pass
3048,3048.T,BIC CAMERA INC.,891480108.3333334,518503.3333333333,778600625.0,True,pass,False,pass
7955,7955.T,Cleanup Corporation,86421141.66666667,90716.66666666667,64601500.0,True,pass,False,pass
2882,2882.T,"EAT&HOLDINGS Co.,Ltd",48179930.0,24448.333333333332,40063450.0,True,pass,False,pass
9895,9895.T,CONSEC CORPORATION,1283908.3333333333,1003.3333333333334,635750.0,True,exclude,True,avg_daily_value_60d_below_3m
7774,7774.T,"Japan Tissue Engineering Co.,Ltd.",122179730.0,190833.33333333334,84957600.0,True,pass,False,pass
9307,9307.T,"Sugimura Warehouse Co.,Ltd.",12412300.0,12063.333333333334,10811400.0,True,pass,False,pass
9996,9996.T,"Satoh&Co.,Ltd.",2416540.0,1050.0,1586900.0,True,exclude,True,avg_daily_value_60d_below_3m
7813,7813.T,"PLATZ Co.,Ltd.",3704156.6666666665,4505.0,2847500.0,True,review,False,avg_daily_value_60d_below_10m
7565,7565.T,MANSEI CORPORATION,2215966.6666666665,365.0,634000.0,True,exclude,True,avg_daily_value_60d_below_3m
7555,7555.T,"Ota Floriculture Auction Co.,Ltd.",1419853.3333333333,1848.3333333333333,601600.0,True,exclude,True,avg_daily_value_60d_below_3m
1766,1766.T,TOKEN CORPORATION,679098200.0,50546.666666666664,526055500.0,True,pass,False,pass
9731,9731.T,"Hakuyosha Company,Ltd.",15277050.0,4336.666666666667,12022500.0,True,pass,False,pass
5621,5621.T,"Human Technologies,Inc.",80775021.66666667,55256.666666666664,57200150.0,True,pass,False,pass
5852,5852.T,AHRESTY CORPORATION,166616380.0,212165.0,110898450.0,True,pass,False,pass
9904,9904.T,"Verite Co.,Ltd.",17622608.333333332,54701.666666666664,10280400.0,True,pass,False,pass
1301,1301.T,"KYOKUYO CO.,LTD.",285001450.0,59488.333333333336,239499750.0,True,pass,False,pass
5288,5288.T,ASIA PILE HOLDINGS CORPORATION,270134461.6666667,181368.33333333334,226177600.0,True,pass,False,pass
5138,5138.T,"Rebase,Inc.",3781728.3333333335,6541.666666666667,1580800.0,True,review,False,avg_daily_value_60d_below_10m
3068,3068.T,WDI Corporation,15396125.0,5061.666666666667,11797150.0,True,pass,False,pass
6347,6347.T,"PLACO CO.,LTD.",51835743.333333336,166588.33333333334,20270600.0,True,pass,False,pass
4553,4553.T,"TOWA PHARMACEUTICAL CO.,LTD.",513262933.3333333,130521.66666666667,418570500.0,True,pass,False,pass
3232,3232.T,"Mie Kotsu Group Holdings,Inc.",82209891.66666667,149435.0,67227000.0,True,pass,False,pass
2789,2789.T,"Karula Co.,LTD.",1412426.6666666667,3071.6666666666665,1175550.0,True,exclude,True,avg_daily_value_60d_below_3m
2296,2296.T,ITOHAM YONEKYU HOLDINGS INC.,1231731283.3333333,223893.33333333334,1120572000.0,True,pass,False,pass
2877,2877.T,NittoBest Corporation,2145030.0,2880.0,1441150.0,True,exclude,True,avg_daily_value_60d_below_3m
5279,5279.T,"NIHON KOGYO CO.,LTD.",10933590.0,8565.0,6281200.0,True,pass,False,pass
3539,3539.T,"JM HOLDINGS CO.,LTD.",144716800.0,100725.0,130683600.0,True,pass,False,pass
4177,4177.T,"i-plug,Inc.",11596410.0,7325.0,8248250.0,True,pass,False,pass
7241,7241.T,"FUTABA INDUSTRIAL CO.,LTD.",282187703.3333333,281531.6666666667,257435150.0,True,pass,False,pass
7510,7510.T,TAKEBISHI CORPORATION,84549568.33333333,35650.0,72486800.0,True,pass,False,pass
6926,6926.T,"OKAYA ELECTRIC INDUSTRIES CO.,LTD.",12722640.0,56538.333333333336,2105100.0,True,pass,False,pass
8255,8255.T,Axial Retailing Inc.,168119678.33333334,146961.66666666666,145309850.0,True,pass,False,pass
3917,3917.T,"iRidge,Inc.",20517931.666666668,39441.666666666664,14639300.0,True,pass,False,pass
4498,4498.T,"Cybertrust Japan Co.,Ltd.",68115225.0,57340.0,53016300.0,True,pass,False,pass
9249,9249.T,"Japan Ecosystem Co.,Ltd.",7984915.0,5041.666666666667,6301700.0,True,review,False,avg_daily_value_60d_below_10m
2479,2479.T,JTEC CORPORATION,11587646.666666666,47826.666666666664,8500300.0,True,pass,False,pass
1820,1820.T,"Nishimatsu Construction Co.,Ltd.",775371245.0,133953.33333333334,758801050.0,True,pass,False,pass
9075,9075.T,"FUKUYAMA TRANSPORTING CO.,LTD.",682964866.6666666,118328.33333333333,554255500.0,True,pass,False,pass
2692,2692.T,"ITOCHU-SHOKUHIN Co.,Ltd.",688365833.3333334,53073.333333333336,394966000.0,True,pass,False,pass
3656,3656.T,KLab Inc.,4125604891.6666665,13142151.666666666,2837312500.0,True,pass,False,pass
2269,2269.T,"Meiji Holdings Co.,Ltd.",4417956616.666667,1153846.6666666667,4211312500.0,True,pass,False,pass
1972,1972.T,"SANKO METAL INDUSTRIAL CO.,LTD.",121127770.0,93233.33333333333,95981600.0,True,pass,False,pass
6062,6062.T,CHARM CARE CORPORATION,135671158.33333334,102883.33333333333,109821250.0,True,pass,False,pass
1810,1810.T,"MATSUI CONSTRUCTION CO.,LTD.",106979841.66666667,68056.66666666667,84896700.0,True,pass,False,pass
2734,2734.T,SALA CORPORATION,360192615.0,338886.6666666667,205074450.0,True,pass,False,pass
7050,7050.T,FRONTIER INTERNATIONAL INC.,62174396.666666664,40401.666666666664,54197700.0,True,pass,False,pass
7856,7856.T,HAGIHARA INDUSTRIES INC.,134062133.33333333,78191.66666666667,114542200.0,True,pass,False,pass
9259,9259.T,"TAKAYOSHI Holdings,INC.",24362885.0,25198.333333333332,22926300.0,True,pass,False,pass
2164,2164.T,"CHIIKISHINBUNSHA CO.,LTD.",19499450.0,60768.333333333336,7736000.0,True,pass,False,pass
7271,7271.T,YASUNAGA CORPORATION,91183545.0,79531.66666666667,52799900.0,True,pass,False,pass
4922,4922.T,KOSE Holdings Corporation,1676975191.6666667,296336.6666666667,1482660350.0,True,pass,False,pass
7628,7628.T,OHASHI TECHNICA INC.,42780153.333333336,37800.0,32608500.0,True,pass,False,pass
7434,7434.T,OTAKE CORPORATION,9168823.333333334,4895.0,6449700.0,True,review,False,avg_daily_value_60d_below_10m
8127,8127.T,YAMATO INTERNATIONAL INC.,15537623.333333334,25796.666666666668,10881150.0,True,pass,False,pass
7357,7357.T,"GEOCODE CO.,Ltd.",5489363.333333333,3686.6666666666665,4042400.0,True,review,False,avg_daily_value_60d_below_10m
9927,9927.T,"WATT MANN CO.,LTD.",13726208.333333334,14175.0,1541600.0,True,pass,False,pass
4714,4714.T,RISO KYOIKU GROUP CORPORATION,102936366.66666667,528033.3333333334,89007750.0,True,pass,False,pass
8233,8233.T,"Takashimaya Company,Limited",2979508780.8333335,1577536.6666666667,2460438725.0,True,pass,False,pass
2904,2904.T,"ICHIMASA KAMABOKO CO.,LTD.",3941398.3333333335,5185.0,3774000.0,True,review,False,avg_daily_value_60d_below_10m
4431,4431.T,"Smaregi,Inc.",292030711.6666667,127275.0,238270950.0,True,pass,False,pass
9060,9060.T,JAPAN LOGISTIC SYSTEMS CORP.,4419783.333333333,998.3333333333334,3455000.0,True,review,False,avg_daily_value_60d_below_10m
3396,3396.T,FELISSIMO CORPORATION,5782095.0,6695.0,3812400.0,True,review,False,avg_daily_value_60d_below_10m
6199,6199.T,"SERAKU Co.,Ltd.",45157361.666666664,32856.666666666664,39859000.0,True,pass,False,pass
2653,2653.T,"AEON KYUSHU CO.,LTD.",61239341.666666664,21848.333333333332,53585050.0,True,pass,False,pass
5658,5658.T,"NICHIA STEEL WORKS,LTD.",11708568.333333334,31590.0,8895750.0,True,pass,False,pass
2903,2903.T,"SHINOBU FOODS PRODUCTS CO.,LTD.",10548400.0,6413.333333333333,7428100.0,True,pass,False,pass
2975,2975.T,"Star Mica Holdings Co.,Ltd.",371586011.6666667,225506.66666666666,317427950.0,True,pass,False,pass
8252,8252.T,"MARUI GROUP CO.,LTD.",2890260675.8333335,974573.3333333334,2642410350.0,True,pass,False,pass
4125,4125.T,SANWAYUKA INDUSTRY CORPORATION,211452766.66666666,65985.0,158969000.0,True,pass,False,pass
7619,7619.T,"TANAKA CO.,LTD.",6298553.333333333,7266.666666666667,4882050.0,True,review,False,avg_daily_value_60d_below_10m
9346,9346.T,"Cocorport,Inc.",7853150.0,4751.666666666667,6246750.0,True,review,False,avg_daily_value_60d_below_10m
7823,7823.T,ARTNATURE INC.,21750151.666666668,26766.666666666668,18317300.0,True,pass,False,pass
9215,9215.T,"CaSy Co.,Ltd.",3222753.3333333335,3575.0,1326750.0,True,review,False,avg_daily_value_60d_below_10m
2373,2373.T,CARE TWENTYONE CORPORATION,5719023.333333333,13355.0,3627400.0,True,review,False,avg_daily_value_60d_below_10m
8052,8052.T,"TSUBAKIMOTO KOGYO CO.,LTD.",194498681.66666666,69866.66666666667,151969000.0,True,pass,False,pass
9045,9045.T,"Keihan Holdings Co.,Ltd.",1053545038.3333334,323620.0,987415950.0,True,pass,False,pass
8037,8037.T,KAMEI CORPORATION,185679500.0,55866.666666666664,164797500.0,True,pass,False,pass
7550,7550.T,"ZENSHO HOLDINGS CO.,LTD.",5247133653.333333,608985.0,4578501900.0,True,pass,False,pass
7367,7367.T,"CELM,Inc.",5235913.333333333,16010.0,4218750.0,True,review,False,avg_daily_value_60d_below_10m
6522,6522.T,Asterisk Inc.,2417018996.6666665,2063403.3333333333,593431250.0,True,pass,False,pass
2935,2935.T,"PICKLES HOLDINGS CO.,LTD.",42765180.0,37148.333333333336,32162850.0,True,pass,False,pass
7129,7129.T,Miahelsa Holdings Corporation,1894998.3333333333,1640.0,1535300.0,True,exclude,True,avg_daily_value_60d_below_3m
5139,5139.T,OpenWork Inc.,33895580.0,37396.666666666664,31466100.0,True,pass,False,pass
5351,5351.T,"SHINAGAWA REFRA CO.,LTD.",161283495.0,79165.0,152013450.0,True,pass,False,pass
8074,8074.T,"YUASA CO.,LTD.",243908316.66666666,41203.333333333336,230059500.0,True,pass,False,pass
9031,9031.T,"Nishi-Nippon Railroad Co.,Ltd.",661271084.1666666,220501.66666666666,557173900.0,True,pass,False,pass
2982,2982.T,"A.D.Works Group Co.,Ltd.",248148980.0,600495.0,211527000.0,True,pass,False,pass
5254,5254.T,Arent Inc.,146848533.33333334,35028.333333333336,122309000.0,True,pass,False,pass
5034,5034.T,"unerry,Inc.",59675296.666666664,24883.333333333332,43830100.0,True,pass,False,pass
4548,4548.T,SEIKAGAKU CORPORATION,116632163.33333333,156271.66666666666,94903000.0,True,pass,False,pass
1898,1898.T,"SEIKITOKYU KOGYO CO.,LTD.",225326983.33333334,149361.66666666666,215165400.0,True,pass,False,pass
3931,3931.T,VALUE GOLF Inc.,4202533.333333333,2396.6666666666665,3262500.0,True,review,False,avg_daily_value_60d_below_10m
8093,8093.T,"Kyokuto Boeki Kaisha,Limited",113691310.0,59498.333333333336,83131200.0,True,pass,False,pass
9831,9831.T,"YAMADA HOLDINGS CO.,LTD.",2204535293.9248657,3988451.6666666665,1978022075.0,True,pass,False,pass
3288,3288.T,"Open House Group Co.,Ltd.",3096627380.0,323250.0,3020085500.0,True,pass,False,pass
9959,9959.T,"ASEED HOLDINGS CO.,LTD.",17022336.666666668,15896.666666666666,5176000.0,True,pass,False,pass
4098,4098.T,"Titan Kogyo ,Ltd.",81534236.66666667,67576.66666666667,12787050.0,True,pass,False,pass
5244,5244.T,"jig.jp co.,ltd.",94936770.0,431110.0,60906650.0,True,pass,False,pass
4784,4784.T,"GMO internet,Inc.",787592378.3333334,1243603.3333333333,439794500.0,True,pass,False,pass
2531,2531.T,TAKARA HOLDINGS INC.,1061036350.8333334,607238.3333333334,980740425.0,True,pass,False,pass
5932,5932.T,"Sankyo Tateyama,Inc.",95031101.66666667,140923.33333333334,71687500.0,True,pass,False,pass
5471,5471.T,"Daido Steel Co.,Ltd.",1839259875.0,949196.6666666666,1551053500.0,True,pass,False,pass
7614,7614.T,"OM2Network Co.,Ltd.",7071513.333333333,4558.333333333333,4983250.0,True,review,False,avg_daily_value_60d_below_10m
2384,2384.T,"SBS Holdings,Inc.",417870308.3333333,94713.33333333333,371887250.0,True,pass,False,pass
6551,6551.T,TSUNAGU GROUP HOLDINGS Inc.,22833018.333333332,36491.666666666664,15912000.0,True,pass,False,pass
2270,2270.T,"MEGMILK SNOW BRAND Co.,Ltd.",717011033.3333334,217385.0,587235000.0,True,pass,False,pass
8039,8039.T,"TSUKIJI UOICHIBA COMPANY,LIMITED",9198008.333333334,2330.0,6804250.0,True,review,False,avg_daily_value_60d_below_10m
8203,8203.T,MrMax Holdings Ltd.,54556100.0,74110.0,47748100.0,True,pass,False,pass
5194,5194.T,"SAGAMI RUBBER INDUSTRIES CO.,LTD.",24275711.666666668,35215.0,10923800.0,True,pass,False,pass
3524,3524.T,"NITTO SEIMO CO.,LTD.",18701143.333333332,12380.0,13738350.0,True,pass,False,pass
5253,5253.T,COVER Corporation,2215731995.0,1454410.0,1891961700.0,True,pass,False,pass
4256,4256.T,"CYND Co.,Ltd.",18619800.0,16071.666666666666,12502800.0,True,pass,False,pass
3928,3928.T,Mynet Inc.,7131785.0,25635.0,5683450.0,True,review,False,avg_daily_value_60d_below_10m
8179,8179.T,"ROYAL HOLDINGS Co., Ltd.",451804678.3333333,326678.3333333333,384500200.0,True,pass,False,pass
3190,3190.T,"HOTMAN Co.,Ltd.",1135335.0,1996.6666666666667,628650.0,True,exclude,True,avg_daily_value_60d_below_3m
3183,3183.T,"WIN-Partners Co.,Ltd.",48303841.666666664,35306.666666666664,33484600.0,True,pass,False,pass
4198,4198.T,"TENDA Co.,LTD.",3011378.3333333335,5536.666666666667,2158250.0,True,review,False,avg_daily_value_60d_below_10m
3918,3918.T,"PCI Holdings,INC.",30159701.666666668,27271.666666666668,22729450.0,True,pass,False,pass
7677,7677.T,"Yashima & Co.,Ltd.",707133.3333333334,273.3333333333333,494400.0,True,exclude,True,avg_daily_value_60d_below_3m
4379,4379.T,Photosynth inc.,73520345.0,155855.0,44391950.0,True,pass,False,pass
9994,9994.T,YAMAYA CORPORATION,42954048.333333336,19326.666666666668,31242300.0,True,pass,False,pass
2747,2747.T,"Hokuyu Lucky Co.,Ltd.",2915648.3333333335,961.6666666666666,2143750.0,True,exclude,True,avg_daily_value_60d_below_3m
7481,7481.T,"OIE SANGYO CO.,LTD.",7717598.333333333,3120.0,6292500.0,True,review,False,avg_daily_value_60d_below_10m
3173,3173.T,"Cominix Co.,Ltd.",3257125.0,3405.0,2398500.0,True,review,False,avg_daily_value_60d_below_10m
1882,1882.T,TOA ROAD CORPORATION,459838096.6666667,275445.0,416627600.0,True,pass,False,pass
3156,3156.T,Restar Corporation,227436006.66666666,71003.33333333333,154363800.0,True,pass,False,pass
1770,1770.T,"FUJITA ENGINEERING CO.,LTD.",7177660.0,4245.0,3249350.0,True,review,False,avg_daily_value_60d_below_10m
7291,7291.T,"NIHON PLAST CO.,LTD.",26034083.333333332,58736.666666666664,17242000.0,True,pass,False,pass
9857,9857.T,EIWA CORPORATION,5144506.666666667,2000.0,4070300.0,True,review,False,avg_daily_value_60d_below_10m
7911,7911.T,TOPPAN Holdings Inc.,8475929190.0,1779793.3333333333,7920809750.0,True,pass,False,pass
8841,8841.T,"TOC Co.,Ltd.",211615311.66666666,221120.0,184225050.0,True,pass,False,pass
9312,9312.T,"THE KEIHIN CO.,LTD.",40378530.0,13516.666666666666,31839800.0,True,pass,False,pass
4496,4496.T,Commerce One Holdings Inc.,2843815.0,3926.6666666666665,1441950.0,True,exclude,True,avg_daily_value_60d_below_3m
3168,3168.T,MERF Inc.,277729266.6666667,185905.0,190310350.0,True,pass,False,pass
3477,3477.T,"FORLIFE Co.,Ltd.",2802848.3333333335,3355.0,1967450.0,True,exclude,True,avg_daily_value_60d_below_3m
9248,9248.T,"People, Dreams & Technologies Group Co.,Ltd.",27205701.666666668,17701.666666666668,23360500.0,True,pass,False,pass
7442,7442.T,"NAKAYAMAFUKU CO.,LTD.",5917356.666666667,12825.0,4172100.0,True,review,False,avg_daily_value_60d_below_10m
4766,4766.T,"PA Co.,Ltd.",2948061.6666666665,13468.333333333334,2217000.0,True,exclude,True,avg_daily_value_60d_below_3m
9233,9233.T,"Asia Air Survey Co.,Ltd.",24084081.666666668,20156.666666666668,21558600.0,True,pass,False,pass
3107,3107.T,"Daiwabo Holdings Co.,Ltd.",923766207.5,289185.0,855331900.0,True,pass,False,pass
2698,2698.T,"CAN DO CO.,LTD.",40718258.333333336,12575.0,31715000.0,True,pass,False,pass
2910,2910.T,"ROCK FIELD CO.,LTD.",136960926.66666666,101416.66666666667,120598000.0,True,pass,False,pass
7120,7120.T,SHINKO Inc.,27234391.666666668,28341.666666666668,12192000.0,True,pass,False,pass
8152,8152.T,SOMAR CORPORATION,33660750.0,5028.333333333333,13402000.0,True,pass,False,pass
5391,5391.T,A&A Material Corporation,34913668.333333336,25048.333333333332,25135350.0,True,pass,False,pass
6549,6549.T,"DM Solutions Co.,Ltd",5847963.333333333,3200.0,4077650.0,True,review,False,avg_daily_value_60d_below_10m
3652,3652.T,Digital Media Professionals Inc.,169908481.66666666,56830.0,83352600.0,True,pass,False,pass
9468,9468.T,KADOKAWA CORPORATION,2095283860.0,609311.6666666666,1787482200.0,True,pass,False,pass
3321,3321.T,"MITACHI CO.,LTD.",145952271.66666666,74290.0,118186050.0,True,pass,False,pass
3577,3577.T,Tokai Senko K.K.,1449486.6666666667,1495.0,863550.0,True,exclude,True,avg_daily_value_60d_below_3m
8769,8769.T,"Advantage Risk Management Co.,Ltd.",27208476.666666668,56186.666666666664,19988000.0,True,pass,False,pass
4577,4577.T,"Daito Pharmaceutical Co.,Ltd.",121494230.0,89286.66666666667,106003500.0,True,pass,False,pass
2395,2395.T,"SHIN NIPPON BIOMEDICAL LABORATORIES,LTD.",369319210.0,269871.6666666667,308084000.0,True,pass,False,pass
3571,3571.T,"SOTOH CO.,LTD.",8246501.666666667,11316.666666666666,3903200.0,True,review,False,avg_daily_value_60d_below_10m
7461,7461.T,"KIMURA CO.,LTD.",1711841.6666666667,3651.6666666666665,1198550.0,True,exclude,True,avg_daily_value_60d_below_3m
7607,7607.T,"Shinwa Co.,Ltd.",65014403.333333336,21095.0,55612850.0,True,pass,False,pass
9025,9025.T,"Konoike Transport Co.,Ltd.",256485348.33333334,87708.33333333333,234939500.0,True,pass,False,pass
4261,4261.T,"AsiaQuest Co.,Ltd.",16887016.666666668,4696.666666666667,14257250.0,True,pass,False,pass
2492,2492.T,Infomart Corporation,878068175.0,2111006.6666666665,771569100.0,True,pass,False,pass
1811,1811.T,THE ZENITAKA CORPORATION,36353866.666666664,4260.0,23990000.0,True,pass,False,pass
9990,9990.T,SAC'S BAR HOLDINGS INC.,64096080.0,81815.0,50706700.0,True,pass,False,pass
3683,3683.T,"CYBERLINKS CO.,LTD.",41969486.666666664,40251.666666666664,29468100.0,True,pass,False,pass
7444,7444.T,"Harima-Kyowa Co.,LTD.",4066131.6666666665,2021.6666666666667,2577200.0,True,review,False,avg_daily_value_60d_below_10m
3121,3121.T,"MBK Co.,Ltd.",17440658.333333332,79156.66666666667,11921600.0,True,pass,False,pass
8079,8079.T,SHOEI FOODS CORPORATION,306767725.0,74355.0,233293500.0,True,pass,False,pass
2146,2146.T,"UT Group Co.,Ltd.",1003249258.3333334,5277873.333333333,989796500.0,True,pass,False,pass
5542,5542.T,Shinhokoku Material Corp.,6635800.0,8145.0,5671200.0,True,review,False,avg_daily_value_60d_below_10m
1383,1383.T,"Berg Earth co.,ltd.",24511438.333333332,7865.0,20309000.0,True,pass,False,pass
7994,7994.T,OKAMURA CORPORATION,456281468.3333333,185375.0,401154300.0,True,pass,False,pass
4259,4259.T,ExaWizards Inc.,1957991376.6666667,2199786.6666666665,1062097850.0,True,pass,False,pass
7500,7500.T,"NISHIKAWA KEISOKU Co.,Ltd.",7016950.0,686.6666666666666,4462000.0,True,review,False,avg_daily_value_60d_below_10m
7162,7162.T,"ASTMAX Co.,Ltd.",267418151.66666666,737908.3333333334,12327950.0,True,pass,False,pass
5458,5458.T,TAKASAGO TEKKO K.K.,3422768.3333333335,3088.3333333333335,1621000.0,True,review,False,avg_daily_value_60d_below_10m
9001,9001.T,"TOBU RAILWAY CO.,LTD.",1670379444.1666667,582093.3333333334,1490963675.0,True,pass,False,pass
4886,4886.T,"ASKA Pharmaceutical Holdings Co.,Ltd.",319288665.0,119206.66666666667,272802700.0,True,pass,False,pass
4476,4476.T,AI CROSS Inc.,34160973.333333336,33278.333333333336,30550150.0,True,pass,False,pass
5592,5592.T,"Kusurinomadoguchi,Inc.",172795071.66666666,63345.0,147291900.0,True,pass,False,pass
8051,8051.T,YAMAZEN CORPORATION,472701818.3333333,301900.0,382908000.0,True,pass,False,pass
2752,2752.T,FUJIO FOOD GROUP INC.,108922770.0,99375.0,92789350.0,True,pass,False,pass
4075,4075.T,"Brains Technology,Inc.",361021241.6666667,232580.0,76598300.0,True,pass,False,pass
3289,3289.T,Tokyu Fudosan Holdings Corporation,3907770766.6666665,2892528.3333333335,3780257225.0,True,pass,False,pass
7501,7501.T,TIEMCO LTD.,11853260.0,6536.666666666667,6135200.0,True,pass,False,pass
7446,7446.T,"TOHOKU CHEMICAL Co.,LTD.",2445483.3333333335,545.0,1341000.0,True,exclude,True,avg_daily_value_60d_below_3m
9982,9982.T,"Takihyo Co.,Ltd.",55047393.333333336,20988.333333333332,47591000.0,True,pass,False,pass
6615,6615.T,"UMC Electronics Co.,Ltd.",30166845.0,105923.33333333333,21773300.0,True,pass,False,pass
4761,4761.T,SAKURA KCS Corporation,12046433.333333334,8993.333333333334,6733600.0,True,pass,False,pass
1807,1807.T,"WATANABE SATO CO.,LTD.",15933770.0,8700.0,4167900.0,True,pass,False,pass
6561,6561.T,"HANATOUR JAPAN CO.,LTD.",14880140.0,18478.333333333332,12911700.0,True,pass,False,pass
1446,1446.T,"CANDEAL Co.,Ltd.",13868190.0,25023.333333333332,7783500.0,True,pass,False,pass
7037,7037.T,teno.Holdings Company Limited,4791393.333333333,5490.0,3035050.0,True,review,False,avg_daily_value_60d_below_10m
3546,3546.T,"Alleanza Holdings Co.,Ltd.",141570656.66666666,97131.66666666667,89825950.0,True,pass,False,pass
8043,8043.T,Starzen Company Limited,184579505.0,152285.0,148744300.0,True,pass,False,pass
3058,3058.T,Sanyodo Holdings Inc.,1188678.3333333333,1686.6666666666667,798150.0,True,exclude,True,avg_daily_value_60d_below_3m
2376,2376.T,SCINEX CORPORATION,7429856.666666667,10230.0,2475900.0,True,review,False,avg_daily_value_60d_below_10m
7976,7976.T,"MITSUBISHI PENCIL COMPANY,LIMITED",226094138.33333334,92503.33333333333,193519500.0,True,pass,False,pass
9849,9849.T,KYODO PAPER HOLDINGS,1399591.6666666667,308.3333333333333,896000.0,True,exclude,True,avg_daily_value_60d_below_3m
7504,7504.T,KOHSOKU CORPORATION,164747950.0,54951.666666666664,142873400.0,True,pass,False,pass
9419,9419.T,"WirelessGate,Inc.",7286196.666666667,24410.0,4551100.0,True,review,False,avg_daily_value_60d_below_10m
7459,7459.T,MEDIPAL HOLDINGS CORPORATION,1173707812.5,412823.3333333333,1145800150.0,True,pass,False,pass
8173,8173.T,Joshin Corporation,359923850.0,124968.33333333333,293480400.0,True,pass,False,pass
4415,4415.T,"BROAD ENTERPRISE CO.,LTD.",22774615.0,17825.0,16500700.0,True,pass,False,pass
9989,9989.T,"SUNDRUG CO.,LTD.",1789926436.6666667,465028.3333333333,1696257100.0,True,pass,False,pass
9216,9216.T,"Bewith,Inc.",133346356.66666667,73666.66666666667,110445000.0,True,pass,False,pass
7421,7421.T,"KAPPA・CREATE CO.,LTD.",178797256.66666666,117328.33333333333,145643950.0,True,pass,False,pass
8076,8076.T,CANOX CORPORATION,24256660.0,11765.0,18512500.0,True,pass,False,pass
5257,5257.T,"NOVA SYSTEM CO.,LTD.",12587465.0,5128.333333333333,9092750.0,True,pass,False,pass
2060,2060.T,"FEED ONE CO.,LTD.",120609050.0,101495.0,110313900.0,True,pass,False,pass
1788,1788.T,SANTO CORPORATION,3270375.0,658.3333333333334,2220750.0,True,review,False,avg_daily_value_60d_below_10m
2217,2217.T,Morozoff Limited,49824975.0,33278.333333333336,39838900.0,True,pass,False,pass
7215,7215.T,"FALTEC Co.,Ltd.",5349883.333333333,13078.333333333334,2005250.0,True,review,False,avg_daily_value_60d_below_10m
7095,7095.T,"Macbee Planet,Inc.",160841916.66666666,123511.66666666667,137255000.0,True,pass,False,pass
7938,7938.T,REGAL CORPORATION,7365608.333333333,3236.6666666666665,6531300.0,True,review,False,avg_daily_value_60d_below_10m
1813,1813.T,Fudo Tetra Corporation,315120176.6666667,104273.33333333333,264138750.0,True,pass,False,pass
7475,7475.T,"ALBIS Co.,Ltd.",38099146.666666664,14861.666666666666,30162300.0,True,pass,False,pass
3719,3719.T,"AI storm Co.,Ltd.",185740190.0,828120.0,87837100.0,True,pass,False,pass
9355,9355.T,RINKO CORPORATION,2458121.6666666665,1136.6666666666667,1745200.0,True,exclude,True,avg_daily_value_60d_below_3m
3176,3176.T,"Sanyo Trading Co.,Ltd.",137642525.0,84921.66666666667,118435500.0,True,pass,False,pass
3178,3178.T,"CHIMNEY CO.,LTD.",32587450.0,26943.333333333332,23303050.0,True,pass,False,pass
6630,6630.T,YA-MAN LTD.,62821481.666666664,88690.0,49190200.0,True,pass,False,pass
6070,6070.T,"CAREERLINK CO.,LTD.",82121398.33333333,33713.333333333336,70071000.0,True,pass,False,pass
2264,2264.T,"MORINAGA MILK INDUSTRY CO.,LTD.",2097093838.3333333,443741.6666666667,1694981550.0,True,pass,False,pass
8214,8214.T,AOKI Holdings Inc.,389855761.6666667,237078.33333333334,311255650.0,True,pass,False,pass
7082,7082.T,"Jimoty,Inc.",171441520.0,140785.0,47508350.0,True,pass,False,pass
5243,5243.T,note inc.,1689173220.0,676286.6666666666,938057700.0,True,pass,False,pass
3031,3031.T,"RACCOON HOLDINGS,Inc.",119282586.66666667,181523.33333333334,101815300.0,True,pass,False,pass
9558,9558.T,"Japaniace Co.,Ltd.",26776883.333333332,12668.333333333334,20430450.0,True,pass,False,pass
3036,3036.T,ALCONIX CORPORATION,403372276.6666667,149721.66666666666,330528100.0,True,pass,False,pass
8276,8276.T,"HEIWADO CO.,LTD.",328742838.3333333,118610.0,293177950.0,True,pass,False,pass
8881,8881.T,"NISSHIN GROUP HOLDINGS Company,Limited",138712550.0,192525.0,100178350.0,True,pass,False,pass
2782,2782.T,"Seria Co.,Ltd.",1259672700.0,339815.0,1101829000.0,True,pass,False,pass
5344,5344.T,"MARUWA CO.,LTD.",12363966400.0,185765.0,9949060000.0,True,pass,False,pass
4918,4918.T,IVY COSMETICS CORPORATION,7360753.333333333,22805.0,4076000.0,True,review,False,avg_daily_value_60d_below_10m
7864,7864.T,"FUJI SEAL INTERNATIONAL,INC.",597209216.6666666,226516.66666666666,540244350.0,True,pass,False,pass
7462,7462.T,CAPITA Inc.,5779403.333333333,9693.333333333334,4219350.0,True,review,False,avg_daily_value_60d_below_10m
5602,5602.T,"Kurimoto,Ltd.",479867301.6666667,318153.3333333333,420148200.0,True,pass,False,pass
8057,8057.T,"UCHIDA YOKO CO.,LTD.",307689490.0,151470.0,258832350.0,True,pass,False,pass
1938,1938.T,"NIPPON RIETEC CO.,LTD.",407385053.3333333,146445.0,299864750.0,True,pass,False,pass
8078,8078.T,"HANWA CO.,LTD.",938953120.0,560528.3333333334,925164050.0,True,pass,False,pass
2784,2784.T,Alfresa Holdings Corporation,991256838.3333334,416526.6666666667,924699900.0,True,pass,False,pass
2804,2804.T,"BULL-DOG SAUCE CO.,LTD.",48921296.666666664,26458.333333333332,41059600.0,True,pass,False,pass
7850,7850.T,"SOUGOU SHOUKEN CO.,LTD.",1746985.0,2015.0,1100300.0,True,exclude,True,avg_daily_value_60d_below_3m
1420,1420.T,Sanyo Homes Corporation,50934911.666666664,76980.0,39375150.0,True,pass,False,pass
6836,6836.T,"PLAT'HOME CO.,LTD.",111368230.0,112901.66666666667,27448200.0,True,pass,False,pass
2281,2281.T,"Prima Meat Packers,Ltd.",274876876.6666667,105573.33333333333,236056000.0,True,pass,False,pass
4413,4413.T,"baudroie,inc.",635843273.3333334,302523.3333333333,524321000.0,True,pass,False,pass
2923,2923.T,"SATO FOODS CO.,LTD.",27595650.0,3715.0,19845000.0,True,pass,False,pass
9979,9979.T,DAISYO CORPORATION,50551938.333333336,47258.333333333336,37912400.0,True,pass,False,pass
7860,7860.T,Avex Inc.,187963046.66666666,157260.0,167781450.0,True,pass,False,pass
7638,7638.T,"NEW ART HOLDINGS Co.,Ltd.",45785936.666666664,31598.333333333332,35240700.0,True,pass,False,pass
2742,2742.T,"HALOWS CO.,LTD.",139080066.66666666,33585.0,130818000.0,True,pass,False,pass
7649,7649.T,"SUGI HOLDINGS Co.,LTD.",2393207116.6666665,728100.0,2246259600.0,True,pass,False,pass
7919,7919.T,"Nozaki Insatsu Shigyo Co.,Ltd.",3126261.6666666665,15278.333333333334,2100250.0,True,review,False,avg_daily_value_60d_below_10m
7956,7956.T,PIGEON CORPORATION,1752277466.6666667,1021491.6666666666,1539446325.0,True,pass,False,pass
3877,3877.T,"Chuetsu Pulp & Paper Co.,Ltd.",89059385.0,45735.0,68103000.0,True,pass,False,pass
3360,3360.T,"SHIP HEALTHCARE HOLDINGS,INC.",538698653.3333334,231698.33333333334,525548225.0,True,pass,False,pass
7525,7525.T,RIX CORPORATION,60638650.0,17253.333333333332,49692000.0,True,pass,False,pass
3166,3166.T,"OCHI HOLDINGS CO.,LTD.",14406286.666666666,9680.0,8965400.0,True,pass,False,pass
3851,3851.T,"Nippon Ichi Software,Inc.",3289016.6666666665,3940.0,2115000.0,True,review,False,avg_daily_value_60d_below_10m
9087,9087.T,TAKASE CORPORATION,2486253.3333333335,1315.0,1496000.0,True,exclude,True,avg_daily_value_60d_below_3m
9008,9008.T,Keio Corporation,1631731031.6906738,2108216.6666666665,1551263638.1378174,True,pass,False,pass
4419,4419.T,Finatext Holdings Ltd.,616628686.6666666,558396.6666666666,522558450.0,True,pass,False,pass
8999,8999.T,Grandy House Corporation,53684463.333333336,94575.0,43091800.0,True,pass,False,pass
9302,9302.T,"MITSUI-SOKO HOLDINGS Co.,Ltd.",829793685.0,209943.33333333334,812122500.0,True,pass,False,pass
2689,2689.T,"OLBA HEALTHCARE HOLDINGS,Inc.",6099351.666666667,2915.0,5008550.0,True,review,False,avg_daily_value_60d_below_10m
2340,2340.T,"GOKURAKUYU HOLDINGS CO.,LTD.",11762055.0,24370.0,9164400.0,True,pass,False,pass
3556,3556.T,"RenetJapanGroup,Inc.",116837793.33333333,127746.66666666667,78618950.0,True,pass,False,pass
3970,3970.T,Innovation Inc.,3068390.0,3493.3333333333335,2392550.0,True,review,False,avg_daily_value_60d_below_10m
1438,1438.T,"Gifu landscape architect Co.,Ltd.",2035386.6666666667,1091.6666666666667,1188000.0,True,exclude,True,avg_daily_value_60d_below_3m
1981,1981.T,"KYOWANISSEI CO.,LTD.",9374901.666666666,6588.333333333333,3945000.0,True,review,False,avg_daily_value_60d_below_10m
5233,5233.T,TAIHEIYO CEMENT CORPORATION,2753052776.6666665,723501.6666666666,2332968200.0,True,pass,False,pass
4527,4527.T,"ROHTO PHARMACEUTICAL CO.,LTD.",1970750629.1666667,823121.6666666666,1774878750.0,True,pass,False,pass
9265,9265.T,"YAMASHITA HEALTH CARE HOLDINGS,INC.",7439225.0,2033.3333333333333,2465750.0,True,review,False,avg_daily_value_60d_below_10m
3933,3933.T,"CHIeru Co.,Ltd.",10582701.666666666,16673.333333333332,7255650.0,True,pass,False,pass
5575,5575.T,Globee Inc.,11768880.0,15726.666666666666,4595850.0,True,pass,False,pass
3353,3353.T,"Medical Ikkou Group Co.,Ltd.",9971926.666666666,3488.3333333333335,7003750.0,True,review,False,avg_daily_value_60d_below_10m
9842,9842.T,ARCLANDS CORPORATION,359585696.6666667,195766.66666666666,306953150.0,True,pass,False,pass
3694,3694.T,OPTiM CORPORATION,92127955.0,214911.66666666666,77667100.0,True,pass,False,pass
3042,3042.T,SecuAvail Inc.,13258456.666666666,44761.666666666664,10412650.0,True,pass,False,pass
1431,1431.T,"Lib Work Co.,Ltd.",13440485.0,20751.666666666668,10990000.0,True,pass,False,pass
5590,5590.T,"NETSTARS Co.,Ltd.",148676971.66666666,188695.0,122807850.0,True,pass,False,pass
8283,8283.T,PALTAC CORPORATION,1486085281.6666667,245183.33333333334,486495600.0,True,pass,False,pass
8016,8016.T,"ONWARD HOLDINGS CO.,LTD.",464536056.6666667,616696.6666666666,429617000.0,True,pass,False,pass
9603,9603.T,"H.I.S.Co.,Ltd.",673689895.0,626253.3333333334,574984400.0,True,pass,False,pass
5660,5660.T,"KOBELCO WIRE COMPANY,LTD.",23625010.0,13381.666666666666,4479250.0,True,pass,False,pass
7122,7122.T,"THE KINKI SHARYO CO.,LTD.",14653890.0,6446.666666666667,7723500.0,True,pass,False,pass
3059,3059.T,"HIRAKI CO.,LTD.",4995076.666666667,6305.0,3060950.0,True,review,False,avg_daily_value_60d_below_10m
3097,3097.T,The Monogatari Corporation,838203425.0,177906.66666666666,695091750.0,True,pass,False,pass
3160,3160.T,"OOMITSU CO.,LTD.",11700545.0,20116.666666666668,8195550.0,True,pass,False,pass
5580,5580.T,"Prodelight Co.,Ltd.",3281376.6666666665,2203.3333333333335,2367100.0,True,review,False,avg_daily_value_60d_below_10m
4492,4492.T,GENETEC CORPORATION,9609213.333333334,22648.333333333332,6278600.0,True,review,False,avg_daily_value_60d_below_10m
4031,4031.T,Katakura & Co-op Agri Corporation,452161521.6666667,325831.6666666667,165010800.0,True,pass,False,pass
6699,6699.T,"DIAMOND ELECTRIC HOLDINGS Co.,Ltd.",161612486.66666666,271771.6666666667,83896600.0,True,pass,False,pass
9380,9380.T,"Azuma Shipping Co.,Ltd.",16125615.0,38536.666666666664,10134950.0,True,pass,False,pass
5232,5232.T,"Sumitomo Osaka Cement Co.,Ltd.",1110920506.6666667,253331.66666666666,870568950.0,True,pass,False,pass
7972,7972.T,ITOKI CORPORATION,710911855.0,231610.0,580261750.0,True,pass,False,pass
3944,3944.T,"Furubayashi Shiko Co.,Ltd.",2236696.6666666665,925.0,1174500.0,True,exclude,True,avg_daily_value_60d_below_3m
5079,5079.T,"NOVAC CO.,LTD.",34634518.333333336,12761.666666666666,25478150.0,True,pass,False,pass
9127,9127.T,"TAMAI STEAMSHIP CO.,LTD",52071608.333333336,15846.666666666666,33859500.0,True,pass,False,pass
9869,9869.T,"KATO SANGYO CO.,LTD.",265278566.66666666,41846.666666666664,253869000.0,True,pass,False,pass
2267,2267.T,"YAKULT HONSHA CO.,LTD.",4761358286.666667,1738510.0,3245590525.0,True,pass,False,pass
7545,7545.T,"NISHIMATSUYA CHAIN Co.,Ltd.",395680055.0,192036.66666666666,357352500.0,True,pass,False,pass
3968,3968.T,"Segue Group Co.,Ltd.",181563146.66666666,338490.0,137560850.0,True,pass,False,pass
3625,3625.T,Techfirm Holdings Inc.,8118191.666666667,13045.0,6545050.0,True,review,False,avg_daily_value_60d_below_10m
6538,6538.T,Disruptors Inc.,14370473.333333334,56741.666666666664,8794400.0,True,pass,False,pass
7683,7683.T,"WA,Inc.",34118020.0,24973.333333333332,29813400.0,True,pass,False,pass
7698,7698.T,Iceco Inc.,9552936.666666666,3826.6666666666665,7058350.0,True,review,False,avg_daily_value_60d_below_10m
3138,3138.T,"Fujisan Magazine Service Co.,Ltd.",4335250.0,3960.0,3263950.0,True,review,False,avg_daily_value_60d_below_10m
8111,8111.T,Goldwin Inc.,1059624842.5,471786.6666666667,972390975.0,True,pass,False,pass
1870,1870.T,"YAHAGI CONSTRUCTION CO.,LTD.",383455415.0,186908.33333333334,330689700.0,True,pass,False,pass
7936,7936.T,ASICS Corporation,16440098733.333334,3651446.6666666665,14336594850.0,True,pass,False,pass
9760,9760.T,"SHINGAKUKAI HOLDINGS CO.,LTD.",4396726.666666667,31498.333333333332,2888650.0,True,review,False,avg_daily_value_60d_below_10m
9256,9256.T,"Succeed co.,ltd.",40264046.666666664,21820.0,2424000.0,True,pass,False,pass
3892,3892.T,"Okayama Paper Industries Co.,Ltd.",11161996.666666666,6428.333333333333,6001500.0,True,pass,False,pass
3645,3645.T,"Medical Net,Inc.",10101021.666666666,34876.666666666664,4198950.0,True,pass,False,pass
8119,8119.T,SANYEI CORPORATION,3718925.0,4631.666666666667,2308700.0,True,review,False,avg_daily_value_60d_below_10m
1515,1515.T,"Nittetsu Mining Co.,Ltd.",2948757588.3333335,1077328.3333333333,2457532100.0,True,pass,False,pass
8291,8291.T,"NISSAN TOKYO SALES HOLDINGS CO.,LTD.",88925090.0,168150.0,70624150.0,True,pass,False,pass
8101,8101.T,GSI Creos Corporation,88640040.0,35833.333333333336,72104350.0,True,pass,False,pass
3675,3675.T,Cross Marketing Group Inc.,24115630.0,40013.333333333336,18676000.0,True,pass,False,pass
4016,4016.T,"MIT Holdings CO.,LTD.",3220271.6666666665,3530.0,2344200.0,True,review,False,avg_daily_value_60d_below_10m
4388,4388.T,"AI,Inc.",4692630.0,11975.0,3712700.0,True,review,False,avg_daily_value_60d_below_10m
7522,7522.T,"WATAMI CO.,LTD.",93923431.66666667,97805.0,83701750.0,True,pass,False,pass
1827,1827.T,NAKANO CORPORATION,62481733.333333336,44291.666666666664,57918350.0,True,pass,False,pass
8897,8897.T,"MIRARTH HOLDINGS,Inc.",371027965.0,898018.3333333334,336732350.0,True,pass,False,pass
4447,4447.T,"PBsystems,Inc.",3553095.0,7791.666666666667,2350400.0,True,review,False,avg_daily_value_60d_below_10m
5134,5134.T,"POPER Co.,Ltd.",24268776.666666668,42775.0,5484600.0,True,pass,False,pass
6194,6194.T,"Atrae,Inc.",70807621.66666667,103158.33333333333,51665850.0,True,pass,False,pass
4308,4308.T,J-Stream Inc.,13307148.333333334,36088.333333333336,10252650.0,True,pass,False,pass
7581,7581.T,"SAIZERIYA CO.,LTD.",2746001683.3333335,483595.0,2102499500.0,True,pass,False,pass
2307,2307.T,"CROSS CAT CO.,LTD.",34459491.666666664,35841.666666666664,28811600.0,True,pass,False,pass
3067,3067.T,"TOKYO ICHIBAN FOODS CO.,LTD.",5181326.666666667,11275.0,2300100.0,True,review,False,avg_daily_value_60d_below_10m
3231,3231.T,"Nomura Real Estate Holdings,Inc.",3195873363.69517,3225340.0,2657158370.2331543,True,pass,False,pass
8242,8242.T,H2O RETAILING CORPORATION,945686011.6666666,389938.3333333333,878887600.0,True,pass,False,pass
2736,2736.T,"Festaria Holdings Co.,Ltd.",2366236.6666666665,3641.6666666666665,1892900.0,True,exclude,True,avg_daily_value_60d_below_3m
3172,3172.T,"Tea Life Co.,Ltd.",3398263.3333333335,2963.3333333333335,2532300.0,True,review,False,avg_daily_value_60d_below_10m
8014,8014.T,"CHORI CO.,LTD.",159292383.33333334,37160.0,133184250.0,True,pass,False,pass
6955,6955.T,FDK CORPORATION,76008050.0,159305.0,36575050.0,True,pass,False,pass
4570,4570.T,"Immuno-Biological Laboratories Co.,Ltd.",190590641.66666666,139241.66666666666,159330600.0,True,pass,False,pass
3452,3452.T,B-Lot Company Limited,113304101.66666667,78026.66666666667,98298600.0,True,pass,False,pass
7247,7247.T,MIKUNI CORPORATION,43739210.0,115786.66666666667,36385200.0,True,pass,False,pass
7513,7513.T,"Kojima Co.,Ltd.",211400388.33333334,164383.33333333334,185825750.0,True,pass,False,pass
7682,7682.T,"HAMAYUU CO.,LTD.",6283433.333333333,1550.0,5307250.0,True,review,False,avg_daily_value_60d_below_10m
1758,1758.T,"Taiyo Kisokogyo Co.,Ltd.",7346603.333333333,2895.0,4041600.0,True,review,False,avg_daily_value_60d_below_10m
3911,3911.T,Aiming Inc.,55000158.333333336,288950.0,49451500.0,True,pass,False,pass
9830,9830.T,TRUSCO NAKAYAMA CORPORATION,335124091.6666667,145348.33333333334,308796100.0,True,pass,False,pass
8230,8230.T,"HASEGAWA CO.,LTD.",2944373.3333333335,9080.0,2502750.0,True,exclude,True,avg_daily_value_60d_below_3m
9310,9310.T,Japan Transcity Corporation,95364996.66666667,78611.66666666667,81612150.0,True,pass,False,pass
1964,1964.T,"Chugai Ro Co.,Ltd.",167249083.33333334,37543.333333333336,134955000.0,True,pass,False,pass
8871,8871.T,"GOLDCREST Co.,Ltd.",132038941.66666667,38535.0,103536000.0,True,pass,False,pass
9974,9974.T,"Belc CO.,LTD.",187348066.66666666,26380.0,173307000.0,True,pass,False,pass
1376,1376.T,"KANEKO SEEDS CO.,LTD.",31808988.333333332,22125.0,27081200.0,True,pass,False,pass
1433,1433.T,"BESTERRA CO.,LTD",115547265.0,102611.66666666667,70280750.0,True,pass,False,pass
9279,9279.T,GIFT HOLDINGS INC.,656858308.3333334,147105.0,482114000.0,True,pass,False,pass
5464,5464.T,MORY INDUSTRIES INC.,35322691.666666664,36430.0,24809400.0,True,pass,False,pass
7435,7435.T,"NADEX CO.,LTD.",58503731.666666664,51866.666666666664,28353200.0,True,pass,False,pass
9835,9835.T,"JUNTENDO CO.,LTD.",1586310.0,3110.0,1267500.0,True,exclude,True,avg_daily_value_60d_below_3m
4664,4664.T,JAPAN RELIANCE SERVICE CORPORATION,126559708.33333333,127033.33333333333,40241800.0,True,pass,False,pass
8919,8919.T,"KATITAS CO.,LTD",960925241.6666666,291553.3333333333,780903000.0,True,pass,False,pass
7943,7943.T,NICHIHA CORPORATION,256716713.33333334,80223.33333333333,238634000.0,True,pass,False,pass
7709,7709.T,KUBOTEK CORPORATION,30051250.0,276095.0,6705300.0,True,pass,False,pass
7375,7375.T,"REFINVERSE Group,Inc.",2318416866.6666665,1354688.3333333333,612658050.0,True,pass,False,pass
6554,6554.T,"SUS Co.,Ltd.",16046825.0,15633.333333333334,11803900.0,True,pass,False,pass
3157,3157.T,GEOLIVE Group Corporation,7381085.0,4773.333333333333,5146750.0,True,review,False,avg_daily_value_60d_below_10m
7885,7885.T,"TAKANO Co.,Ltd.",100586630.0,84538.33333333333,35534800.0,True,pass,False,pass
3300,3300.T,"AMBITION DX HOLDINGS Co.,Ltd.",65518525.0,27026.666666666668,48311550.0,True,pass,False,pass
7515,7515.T,Maruyoshi Center Inc.,1599616.6666666667,355.0,905500.0,True,exclude,True,avg_daily_value_60d_below_3m
8095,8095.T,"Astena Holdings Co.,Ltd.",57531943.333333336,119460.0,50733750.0,True,pass,False,pass
3566,3566.T,"UNIFORM NEXT CO.,LTD.",7374558.333333333,9330.0,5480000.0,True,review,False,avg_daily_value_60d_below_10m
3482,3482.T,Loadstar Capital K.K.,376826598.3333333,123588.33333333333,338385850.0,True,pass,False,pass
7624,7624.T,"Naito & Co.,Ltd.",3433290.0,25480.0,2570100.0,True,review,False,avg_daily_value_60d_below_10m
9856,9856.T,"KU HOLDINGS CO.,LTD.",58035511.666666664,48213.333333333336,45083300.0,True,pass,False,pass
1873,1873.T,"NIHON HOUSE HOLDINGS CO.,LTD.",42986025.0,137716.66666666666,34193700.0,True,pass,False,pass
3537,3537.T,"SHOEI YAKUHIN CO.,LTD.",3611335.0,2273.3333333333335,3039100.0,True,review,False,avg_daily_value_60d_below_10m
5011,5011.T,"NICHIREKI GROUP CO.,LTD.",106311003.33333333,50548.333333333336,92369200.0,True,pass,False,pass
8022,8022.T,Mizuno Corporation,805257741.6666666,233641.66666666666,619856250.0,True,pass,False,pass
9130,9130.T,"KYOEI TANKER CO.,LTD.",1690480143.3333333,807688.3333333334,220289900.0,True,pass,False,pass
6050,6050.T,E-Guardian Inc.,28268315.0,17140.0,23962800.0,True,pass,False,pass
9828,9828.T,Genki Global Dining Concepts Corporation,204865356.66666666,72668.33333333333,166363200.0,True,pass,False,pass
3151,3151.T,"VITAL KSK HOLDINGS,INC.",174287908.33333334,118433.33333333333,160092050.0,True,pass,False,pass
9369,9369.T,K.R.S.Corporation,233913463.33333334,75976.66666666667,182391500.0,True,pass,False,pass
7520,7520.T,"Eco's Co.,Ltd.",62678718.333333336,25525.0,54465850.0,True,pass,False,pass
5955,5955.T,"WISE HOLDINGS CO.,LTD.",204753826.66666666,1782413.3333333333,153741500.0,True,pass,False,pass
3908,3908.T,Collabos Corporation,17256996.666666668,45063.333333333336,7143150.0,True,pass,False,pass
3457,3457.T,"&Do Holdings Co.,Ltd.",80409173.33333333,75466.66666666667,61817800.0,True,pass,False,pass
3375,3375.T,ZOA CORPORATION,982270.0,528.3333333333334,580950.0,True,exclude,True,avg_daily_value_60d_below_3m
8138,8138.T,SANKYO KASEI CORPORATION,1792708.3333333333,421.6666666666667,1356750.0,True,exclude,True,avg_daily_value_60d_below_3m
2292,2292.T,S Foods Inc.,251349011.66666666,86410.0,229588150.0,True,pass,False,pass
8877,8877.T,ESLEAD CORPORATION,269973766.6666667,44786.666666666664,209636500.0,True,pass,False,pass
7532,7532.T,Pan Pacific International Holdings Corporation,9741535810.79661,10393890.0,8489455655.279541,True,pass,False,pass
3662,3662.T,"Ateam Holdings Co.,Ltd.",76323586.66666667,78651.66666666667,64734600.0,True,pass,False,pass
7792,7792.T,"Colan Totte.Co.,Ltd.",10613703.333333334,7425.0,9101950.0,True,pass,False,pass
9946,9946.T,"MINISTOP CO.,LTD.",139763743.33333334,76251.66666666667,113530200.0,True,pass,False,pass
7222,7222.T,"NISSAN SHATAI CO.,LTD.",63242841.666666664,63293.333333333336,55768400.0,True,pass,False,pass
4054,4054.T,"Japan PropTech Co.,Ltd.",15533656.666666666,27580.0,11720000.0,True,pass,False,pass
3490,3490.T,"Azplanning Co.,Ltd.",5665446.666666667,1991.6666666666667,3656900.0,True,review,False,avg_daily_value_60d_below_10m
7480,7480.T,SUZUDEN CORPORATION,59176553.333333336,31371.666666666668,43753600.0,True,pass,False,pass
9278,9278.T,BOOKOFF GROUP HOLDINGS LIMITED,185465665.0,92975.0,149200800.0,True,pass,False,pass
4019,4019.T,"Stmn,Inc.",35101685.0,57126.666666666664,24800500.0,True,pass,False,pass
4382,4382.T,"HEROZ,Inc.",42054535.0,51136.666666666664,33597450.0,True,pass,False,pass
3496,3496.T,"AZOOM CO.,LTD",397826325.0,91645.0,316642000.0,True,pass,False,pass
3690,3690.T,YRGLM Inc.,4248780.0,7665.0,3105900.0,True,review,False,avg_daily_value_60d_below_10m
4445,4445.T,Living Technologies Inc.,6682826.666666667,3843.3333333333335,5496100.0,True,review,False,avg_daily_value_60d_below_10m
8070,8070.T,"TOKYO SANGYO CO.,LTD.",103529653.33333333,117828.33333333333,82577600.0,True,pass,False,pass
7057,7057.T,"New Constructor's Network Co.,Ltd.",2084601.6666666667,2186.6666666666665,1668600.0,True,exclude,True,avg_daily_value_60d_below_3m
9562,9562.T,Business Coach Inc.,7080280.011291504,10696.666666666666,4311600.0,True,review,False,avg_daily_value_60d_below_10m
6533,6533.T,Orchestra Holdings Inc.,23384380.0,22646.666666666668,12595650.0,True,pass,False,pass
8123,8123.T,"T.KAWABE & CO.,LTD.",1760510.0,1236.6666666666667,1083600.0,True,exclude,True,avg_daily_value_60d_below_3m
7042,7042.T,"ACCESS GROUP HOLDINGS CO.,LTD.",2016415.0,3146.6666666666665,1712450.0,True,exclude,True,avg_daily_value_60d_below_3m
9115,9115.T,"Meiji Shipping Group Co.,Ltd.",694251050.0,588850.0,218425650.0,True,pass,False,pass
3199,3199.T,"Watahan & Co.,Ltd.",39417690.0,27811.666666666668,33880250.0,True,pass,False,pass
3161,3161.T,AZEARTH Corporation,19614345.0,29298.333333333332,15135650.0,True,pass,False,pass
5986,5986.T,"MOLITEC STEEL CO.,LTD.",21448111.666666668,89790.0,8109000.0,True,pass,False,pass
2055,2055.T,"NICHIWA SANGYO CO.,LTD.",9290550.0,26713.333333333332,3659850.0,True,review,False,avg_daily_value_60d_below_10m
4932,4932.T,"ALMADO,INC.",34578188.333333336,44190.0,31005550.0,True,pass,False,pass
7370,7370.T,"Enjin Co.,Ltd.",9298558.333333334,11745.0,7643000.0,True,review,False,avg_daily_value_60d_below_10m
5603,5603.T,KOGI CORPORATION,71111683.33333333,47156.666666666664,20795400.0,True,pass,False,pass
7944,7944.T,Roland Corporation,416319516.6666667,98050.0,363797000.0,True,pass,False,pass
2337,2337.T,Ichigo Inc.,559580690.0,1160295.0,459941100.0,True,pass,False,pass
3030,3030.T,"HUB CO.,LTD.",40226348.333333336,43815.0,35426400.0,True,pass,False,pass
2930,2930.T,Kitanotatsujin Corporation,65383940.0,513546.6666666667,48187500.0,True,pass,False,pass
9245,9245.T,Livero Inc.,6994491.666666667,3455.0,4828400.0,True,review,False,avg_daily_value_60d_below_10m
4241,4241.T,atect corporation,44906963.333333336,59376.666666666664,28958500.0,True,pass,False,pass
7814,7814.T,"JAPAN Creative Platform Group Co.,Ltd.",27549426.666666668,44843.333333333336,18326300.0,True,pass,False,pass
3895,3895.T,HAVIX CORPORATION,3603105.0,8496.666666666666,2394750.0,True,review,False,avg_daily_value_60d_below_10m
8273,8273.T,"IZUMI CO.,LTD.",647097245.0,650196.6666666666,578063250.0,True,pass,False,pass
7827,7827.T,ORVIS CORPORATION,6234648.333333333,3611.6666666666665,3904250.0,True,review,False,avg_daily_value_60d_below_10m
3093,3093.T,"Treasure Factory Co.,LTD.",229812250.0,130943.33333333333,199183500.0,True,pass,False,pass
3284,3284.T,"Hoosiers Holdings Co.,Ltd.",255784588.33333334,208903.33333333334,225158150.0,True,pass,False,pass
9987,9987.T,"SUZUKEN CO.,LTD.",1171492866.6666667,203900.0,1110253400.0,True,pass,False,pass
7516,7516.T,"KOHNAN SHOJI CO.,LTD.",381394408.3333333,91586.66666666667,341159000.0,True,pass,False,pass
2654,2654.T,ASMO CORPORATION,2400871.6666666665,6018.333333333333,1826600.0,True,exclude,True,avg_daily_value_60d_below_3m
4849,4849.T,en Inc.,236035853.33333334,202460.0,193598150.0,True,pass,False,pass
1850,1850.T,"Nankai Tatsumura Construction Co.,Ltd.",41102088.333333336,88591.66666666667,29350000.0,True,pass,False,pass
3501,3501.T,"SUMINOE Co.,Ltd.",54063843.333333336,42105.0,42252150.0,True,pass,False,pass
7975,7975.T,"LIHIT LAB.,INC.",2406398.3333333335,2075.0,1656550.0,True,exclude,True,avg_daily_value_60d_below_3m
7414,7414.T,"ONOKEN CO.,LTD.",88305473.33333333,63343.333333333336,75204000.0,True,pass,False,pass
8147,8147.T,TOMITA CO.LTD.,5664451.666666667,4401.666666666667,3424250.0,True,review,False,avg_daily_value_60d_below_10m
7128,7128.T,UNISOL Holdings Corporation,114492756.66666667,52866.666666666664,102728400.0,True,pass,False,pass
9227,9227.T,"Microwave Chemical Co.,Ltd.",711779846.6666666,656710.0,317547750.0,True,pass,False,pass
7636,7636.T,"HANDSMAN CO.,LTD",5100385.0,6338.333333333333,4224000.0,True,review,False,avg_daily_value_60d_below_10m
5036,5036.T,"Japan Business Systems,Inc.",229082413.33333334,146135.0,177263850.0,True,pass,False,pass
9041,9041.T,"Kintetsu Group Holdings Co.,Ltd.",3150454995.0,941496.6666666666,2859812650.0,True,pass,False,pass
3475,3475.T,"Good Com Asset Co.,Ltd.",334606838.3333333,215780.0,285944300.0,True,pass,False,pass
5283,5283.T,"TAKAMISAWA CO.,LTD.",3895175.0,1195.0,2290750.0,True,review,False,avg_daily_value_60d_below_10m
3382,3382.T,"Seven & i Holdings Co.,Ltd.",14576106490.833334,7319376.666666667,13466081450.0,True,pass,False,pass
2750,2750.T,"S.ISHIMITSU&CO.,LTD.",24598263.333333332,18961.666666666668,20668450.0,True,pass,False,pass
6625,6625.T,JALCO Holdings Inc.,175955111.66666666,473781.6666666667,139823900.0,True,pass,False,pass
4051,4051.T,"GMO Financial Gate,Inc.",195536000.0,34661.666666666664,165467500.0,True,pass,False,pass
5461,5461.T,"Chubu Steel Plate Co.,Ltd.",416968025.0,188721.66666666666,278627400.0,True,pass,False,pass
4707,4707.T,KITAC CORPORATION,2365571.6666666665,7321.666666666667,1576050.0,True,exclude,True,avg_daily_value_60d_below_3m
9365,9365.T,TRADIA CORPORATION,1361556.6666666667,878.3333333333334,780250.0,True,exclude,True,avg_daily_value_60d_below_3m
1443,1443.T,"Giken Holdings Co.,Ltd.",78790425.0,269928.3333333333,38086000.0,True,pass,False,pass
2293,2293.T,"TAKIZAWA HAM CO.,LTD.",3649190.0,1278.3333333333333,2284500.0,True,review,False,avg_daily_value_60d_below_10m
1768,1768.T,SONEC CORPORATION,20667578.333333332,16875.0,15628600.0,True,pass,False,pass
7538,7538.T,"DAISUI CO.,LTD.",3073053.3333333335,7693.333333333333,1808700.0,True,review,False,avg_daily_value_60d_below_10m
9514,9514.T,EF-ON INC.,114348866.66666667,300008.3333333333,64357550.0,True,pass,False,pass
7805,7805.T,PRINTNET INC.,3887865.0,5361.666666666667,2451150.0,True,review,False,avg_daily_value_60d_below_10m
7127,7127.T,"Ikka Holdings Co.,Ltd.",4904880.0,7070.0,3742750.0,True,review,False,avg_daily_value_60d_below_10m
8159,8159.T,"TACHIBANA ELETECH CO.,LTD.",99631495.0,33386.666666666664,83648250.0,True,pass,False,pass
7795,7795.T,"KYORITSU CO.,LTD.",20158686.666666668,90795.0,14305400.0,True,pass,False,pass
7867,7867.T,"TOMY COMPANY,LTD.",1572488375.0,565933.3333333334,1398018000.0,True,pass,False,pass
2933,2933.T,KIBUN FOODS INC.,29301951.666666668,28085.0,24197200.0,True,pass,False,pass
5204,5204.T,"ISHIZUKA GLASS CO.,LTD.",81722878.33333333,25081.666666666668,51249400.0,True,pass,False,pass
3467,3467.T,Agratio urban design Inc.,29098995.0,11286.666666666666,21467000.0,True,pass,False,pass
7134,7134.T,"UP GARAGE GROUP Co.,Ltd.",15602476.666666666,14173.333333333334,12563100.0,True,pass,False,pass
7476,7476.T,AS ONE CORPORATION,541204968.3333334,249280.0,434913375.0,True,pass,False,pass
7413,7413.T,"Sokensha Co.,Ltd.",1314011.6666666667,501.6666666666667,768300.0,True,exclude,True,avg_daily_value_60d_below_3m
1764,1764.T,KUDO CORPORATION,4931460.0,1601.6666666666667,3032250.0,True,review,False,avg_daily_value_60d_below_10m
9010,9010.T,"FUJI KYUKO CO.,LTD.",465170258.3333333,201278.33333333334,441493100.0,True,pass,False,pass
7791,7791.T,"DREAMBED CO.,LTD.",3093548.3333333335,3785.0,2383950.0,True,review,False,avg_daily_value_60d_below_10m
3280,3280.T,"STrust Co.,Ltd.",11916026.666666666,11743.333333333334,8635200.0,True,pass,False,pass
3955,3955.T,"IMURA & Co.,Ltd.",4656473.333333333,5360.0,3256550.0,True,review,False,avg_daily_value_60d_below_10m
5078,5078.T,CEL Corporation,3266316.6666666665,661.6666666666666,1689000.0,True,review,False,avg_daily_value_60d_below_10m
6584,6584.T,"Sanoh Industrial Co.,Ltd.",511124351.6666667,647530.0,327544100.0,True,pass,False,pass
4398,4398.T,"BroadBand Security,Inc.",6733155.0,5351.666666666667,5242300.0,True,review,False,avg_daily_value_60d_below_10m
9423,9423.T,Forval RealStraight Inc.,22497833.333333332,210680.0,18012800.0,True,pass,False,pass
8137,8137.T,SUN-WA TECHNOS CORPORATION,230852325.0,66850.0,191455000.0,True,pass,False,pass
3035,3035.T,ktk INC.,8794361.666666666,12053.333333333334,4073900.0,True,review,False,avg_daily_value_60d_below_10m
7358,7358.T,Poppins Corporation,26278570.0,18481.666666666668,23757800.0,True,pass,False,pass
8194,8194.T,LIFE CORPORATION,477797628.3333333,187938.33333333334,430634750.0,True,pass,False,pass
5697,5697.T,"SANYU CO.,LTD.",4165395.0,5861.666666666667,3000350.0,True,review,False,avg_daily_value_60d_below_10m
3222,3222.T,United Super Markets Holdings Inc.,333229565.0,387820.0,290805600.0,True,pass,False,pass
4539,4539.T,"NIPPON CHEMIPHAR CO.,LTD.",3173023.3333333335,1860.0,2290900.0,True,review,False,avg_daily_value_60d_below_10m
8091,8091.T,"NICHIMO CO.,LTD.",57740978.333333336,24520.0,37439200.0,True,pass,False,pass
7554,7554.T,KOURAKUEN CORPORATION,96363635.0,84228.33333333333,75083200.0,True,pass,False,pass
3549,3549.T,"KUSURI NO AOKI HOLDINGS CO.,LTD.",967681208.3333334,258698.33333333334,891038650.0,True,pass,False,pass
7453,7453.T,"RYOHIN KEIKAKU CO.,LTD.",15092460411.666666,4171855.0,13521947950.0,True,pass,False,pass
3580,3580.T,"KOMATSU MATERE Co.,Ltd.",48498541.666666664,63196.666666666664,47285200.0,True,pass,False,pass
3299,3299.T,"MUGEN ESTATE Co.,Ltd.",284233420.0,133975.0,220457200.0,True,pass,False,pass
2938,2938.T,"Okamura Foods Co.,Ltd.",143905093.33333334,110311.66666666667,109199750.0,True,pass,False,pass
2685,2685.T,"and ST HD Co.,Ltd.",655337998.3333334,215791.66666666666,595026050.0,True,pass,False,pass
6335,6335.T,"TOKYO KIKAI SEISAKUSHO,LTD.",33240550.0,60423.333333333336,13744350.0,True,pass,False,pass
4417,4417.T,Global Security Experts Inc.,254702825.0,95950.0,207509900.0,True,pass,False,pass
5310,5310.T,"TOYO TANSO CO.,LTD.",987986616.6666666,161168.33333333334,763909000.0,True,pass,False,pass
1887,1887.T,JDC CORPORATION,253472253.33333334,428213.3333333333,181051150.0,True,pass,False,pass
3186,3186.T,"NEXTAGE Co.,Ltd.",1822075236.6666667,535695.0,1401773750.0,True,pass,False,pass
3024,3024.T,CREATE CORPORATION,4730276.666666667,4201.666666666667,3960600.0,True,review,False,avg_daily_value_60d_below_10m
6222,6222.T,"SHIMA SEIKI MFG.,LTD.",207372591.66666666,223610.0,174321500.0,True,pass,False,pass
7606,7606.T,UNITED ARROWS LTD.,552891135.0,221926.66666666666,445596700.0,True,pass,False,pass
3011,3011.T,"BANNERS CO.,LTD.",25392270.0,144626.66666666666,5574750.0,True,pass,False,pass
2454,2454.T,"All About,Inc.",3673526.6666666665,9855.0,2361500.0,True,review,False,avg_daily_value_60d_below_10m
3958,3958.T,"Sasatoku Printing Co.,Ltd.",3339096.6666666665,5880.0,1850650.0,True,review,False,avg_daily_value_60d_below_10m
2385,2385.T,Soiken Holdings Inc.,20000671.666666668,80960.0,16452150.0,True,pass,False,pass
7841,7841.T,"ENDO MANUFACTURING CO.,LTD.",29402410.0,26248.333333333332,19844800.0,True,pass,False,pass
8129,8129.T,"TOHO HOLDINGS CO.,LTD.",656754468.3333334,144271.66666666666,614685800.0,True,pass,False,pass
3277,3277.T,"Sansei Landic Co.,Ltd",12102395.0,8838.333333333334,8145400.0,True,pass,False,pass
9305,9305.T,Yamatane Corporation,197092638.33333334,94136.66666666667,169078200.0,True,pass,False,pass
7041,7041.T,"CRG HOLDINGS CO.,LTD.",1016341.6666666666,3366.6666666666665,580750.0,True,exclude,True,avg_daily_value_60d_below_3m
9560,9560.T,PROGRIT Inc.,59027856.666666664,76665.0,44748700.0,True,pass,False,pass
5423,5423.T,"TOKYO STEEL MANUFACTURING CO.,LTD.",964738555.0,558866.6666666666,761973400.0,True,pass,False,pass
7126,7126.T,"Global Style Co.,Ltd.",5059948.333333333,3303.3333333333335,4843650.0,True,review,False,avg_daily_value_60d_below_10m
3639,3639.T,Voltage Incorporation,2259490.0,9315.0,1719950.0,True,exclude,True,avg_daily_value_60d_below_3m
2984,2984.T,"Yamaichi Real Estate Co.,Ltd",9192866.666666666,12595.0,5498050.0,True,review,False,avg_daily_value_60d_below_10m
1826,1826.T,"Sata Construction Co.,Ltd.",31655318.333333332,28700.0,23051850.0,True,pass,False,pass
5582,5582.T,GRID Inc.,70323931.66666667,31220.0,54818800.0,True,pass,False,pass
7552,7552.T,HAPPINET CORPORATION,648253933.3333334,232910.0,620275650.0,True,pass,False,pass
5028,5028.T,"SecondXight Analytica,Inc.",12123110.0,32840.0,9034850.0,True,pass,False,pass
2266,2266.T,"ROKKO BUTTER CO.,LTD.",38681195.0,34145.0,32164300.0,True,pass,False,pass
3788,3788.T,GMO GlobalSign Holdings K.K.,63700548.333333336,32496.666666666668,57304300.0,True,pass,False,pass
5210,5210.T,"Nihon Yamamura Glass Co.,Ltd.",408525683.3333333,137595.0,242814000.0,True,pass,False,pass
1914,1914.T,"JAPAN FOUNDATION ENGINEERING CO.,LTD.",28611308.333333332,40358.333333333336,24099150.0,True,pass,False,pass
1444,1444.T,"Nissou Co.,Ltd.",4919520.0,1826.6666666666667,3009600.0,True,review,False,avg_daily_value_60d_below_10m
5446,5446.T,"HOKUETSU METAL Co.,Ltd.",2359248.3333333335,1880.0,1116300.0,True,exclude,True,avg_daily_value_60d_below_3m
8088,8088.T,IWATANI  CORPORATION,2687886657.5,1357686.6666666667,2173556550.0,True,pass,False,pass
5572,5572.T,Ridge-i Inc.,41832260.0,18698.333333333332,29688550.0,True,pass,False,pass
6186,6186.T,"ICHIKURA CO.,LTD.",1079996.6666666667,2850.0,722000.0,True,exclude,True,avg_daily_value_60d_below_3m
4616,4616.T,"KAWAKAMI PAINT MANUFACTURING CO.,LTD.",1167893.3333333333,626.6666666666666,939750.0,True,exclude,True,avg_daily_value_60d_below_3m
4168,4168.T,"Yappli,Inc.",68032553.33333333,95101.66666666667,58210700.0,True,pass,False,pass
3548,3548.T,BAROQUE JAPAN LIMITED,58734773.333333336,79201.66666666667,48717750.0,True,pass,False,pass
8931,8931.T,WADAKOHSAN CORPORATION,26145143.333333332,17875.0,16449600.0,True,pass,False,pass
7812,7812.T,CRESTEC Inc.,18786210.0,9568.333333333334,6113200.0,True,pass,False,pass
9823,9823.T,Mammy Mart Holdings Corporation,128441468.33333333,100546.66666666667,108025150.0,True,pass,False,pass
7294,7294.T,YOROZU CORPORATION,62071758.333333336,67596.66666666667,49695400.0,True,pass,False,pass
9337,9337.T,toridori Inc.,63380933.333333336,37536.666666666664,45116050.0,True,pass,False,pass
5440,5440.T,KYOEI STEEL LTD.,298099328.3333333,141833.33333333334,257525100.0,True,pass,False,pass
3927,3927.T,Fuva Brain Limited,77312596.66666667,73045.0,55878900.0,True,pass,False,pass
5287,5287.T,"ITO YOGYO CO.,LTD.",30033280.0,26676.666666666668,23211000.0,True,pass,False,pass
2983,2983.T,"Arr Planner Co.,Ltd.",145330008.33333334,86653.33333333333,86001800.0,True,pass,False,pass
2666,2666.T,"AUTOWAVE Co.,Ltd.",11774988.333333334,73146.66666666667,7721600.0,True,pass,False,pass
7646,7646.T,"PLANT Co.,Ltd.",11644305.0,6248.333333333333,7300100.0,True,pass,False,pass
8097,8097.T,"SAN-AI OBBLI CO.,LTD.",294202571.6666667,127165.0,278217800.0,True,pass,False,pass
3627,3627.T,TECMIRA HOLDINGS INC.,29072361.666666668,103741.66666666667,18607500.0,True,pass,False,pass
8244,8244.T,"Kintetsu Department Store CO.,Ltd.",98360835.0,57550.0,79987950.0,True,pass,False,pass
5074,5074.T,"TESS Holdings Co.,Ltd.",3176387816.6666665,3791468.3333333335,2366181300.0,True,pass,False,pass
1945,1945.T,TOKYO ENERGY & SYSTEMS INC.,751726303.3333334,369471.6666666667,510735700.0,True,pass,False,pass
1822,1822.T,DAIHO CORPORATION,154266280.0,196783.33333333334,137135200.0,True,pass,False,pass
9872,9872.T,"KITAKEI CO.,LTD.",5155720.0,5776.666666666667,2438650.0,True,review,False,avg_daily_value_60d_below_10m
5578,5578.T,"AR advanced technology,Inc.",65111190.0,64606.666666666664,26851150.0,True,pass,False,pass
8007,8007.T,"Takashima & Co.,Ltd.",127447115.0,160588.33333333334,98632100.0,True,pass,False,pass
4484,4484.T,"LANCERS,INC.",8200030.0,28001.666666666668,6444700.0,True,review,False,avg_daily_value_60d_below_10m
7670,7670.T,O-WELL CORPORATION,8265706.666666667,7735.0,3871900.0,True,review,False,avg_daily_value_60d_below_10m
5870,5870.T,Nalnet Communications Inc.,29946538.333333332,30918.333333333332,19122450.0,True,pass,False,pass
8848,8848.T,LEOPALACE21 CORPORATION,702344080.0,1066993.3333333333,646684250.0,True,pass,False,pass
2733,2733.T,ARATA CORPORATION,256909288.33333334,90735.0,238427250.0,True,pass,False,pass
5125,5125.T,Fines inc.,5834066.666666667,10425.0,3709600.0,True,review,False,avg_daily_value_60d_below_10m
3320,3320.T,CROSS PLUS INC.,22646958.333333332,16731.666666666668,16910700.0,True,pass,False,pass
7863,7863.T,"HIRAGA CO.,LTD.",1426268.3333333333,1461.6666666666667,875250.0,True,exclude,True,avg_daily_value_60d_below_3m
7212,7212.T,F-TECH INC.,74063615.0,101518.33333333333,55330350.0,True,pass,False,pass
1776,1776.T,"SUMIKEN MITSUI ROAD CO., LTD.",101454415.0,51241.666666666664,44929850.0,True,pass,False,pass
8281,8281.T,"XEBIO holdings CO.,LTD.",152692603.33333334,150070.0,113012050.0,True,pass,False,pass
3193,3193.T,"Eternal Hospitality Group Co.,Ltd.",181675665.0,56900.0,155244600.0,True,pass,False,pass
7980,7980.T,"SHIGEMATSU WORKS CO.,LTD.",112767791.66666667,103740.0,32702850.0,True,pass,False,pass
4479,4479.T,"Makuake,Inc.",96849340.0,100166.66666666667,73461300.0,True,pass,False,pass
1491,1491.T,"Chugai Mining Co.,Ltd.",86605223.33333333,88510.0,60899650.0,True,pass,False,pass
2212,2212.T,"YAMAZAKI BAKING CO.,LTD.",2279715938.3333335,695158.3333333334,1976580000.0,True,pass,False,pass
8029,8029.T,LOOK HOLDINGS INCORPORATED,33256460.0,13126.666666666666,30757500.0,True,pass,False,pass
3695,3695.T,"GMO Product Platform,Inc.",4858793.333333333,2843.3333333333335,3476300.0,True,review,False,avg_daily_value_60d_below_10m
4237,4237.T,Fujipream Corporation,71319418.33333333,178320.0,40107500.0,True,pass,False,pass
4015,4015.T,Paycloud Holdings Inc.,28353538.333333332,63116.666666666664,18020900.0,True,pass,False,pass
4197,4197.T,"ASMARQ Co.,Ltd.",2753363.3333333335,1173.3333333333333,1662150.0,True,exclude,True,avg_daily_value_60d_below_3m
3953,3953.T,"OHMURA SHIGYO CO.,LTD.",3631168.3333333335,4638.333333333333,2017300.0,True,review,False,avg_daily_value_60d_below_10m
7089,7089.T,"for Startups,Inc.",49235625.0,36223.333333333336,33342100.0,True,pass,False,pass
5381,5381.T,Mipox Corporation,494126861.6666667,481000.0,361154250.0,True,pass,False,pass
3660,3660.T,istyle Inc.,526125480.0,1232623.3333333333,481749900.0,True,pass,False,pass
3910,3910.T,MKSystem Corporation,4046238.3333333335,13756.666666666666,2931950.0,True,review,False,avg_daily_value_60d_below_10m
4350,4350.T,"MEDICAL SYSTEM NETWORK Co.,Ltd.",30067965.0,59293.333333333336,23711100.0,True,pass,False,pass
8158,8158.T,"SODA NIKKA CO.,LTD.",91224133.33333333,85278.33333333333,68709550.0,True,pass,False,pass
3914,3914.T,JIG-SAW INC.,60235485.0,22535.0,37235250.0,True,pass,False,pass
7305,7305.T,"ARAYA INDUSTRIAL CO.,LTD.",103662683.33333333,39901.666666666664,79877500.0,True,pass,False,pass
4429,4429.T,"Ricksoft Co.,Ltd.",3622043.3333333335,4170.0,2099100.0,True,review,False,avg_daily_value_60d_below_10m
4433,4433.T,"HITO-Communications Holdings,Inc.",47680553.333333336,53380.0,35714000.0,True,pass,False,pass
7847,7847.T,GRAPHITE DESIGN INC.,4136398.3333333335,6640.0,2357850.0,True,review,False,avg_daily_value_60d_below_10m
9997,9997.T,"BELLUNA CO.,LTD.",389976626.6666667,434621.6666666667,326391500.0,True,pass,False,pass
5987,5987.T,ONEX Corporation,1332763.3333333333,735.0,590250.0,True,exclude,True,avg_daily_value_60d_below_3m
3139,3139.T,"Lacto Japan Co.,Ltd.",170163516.66666666,49930.0,143435000.0,True,pass,False,pass
3758,3758.T,Aeria Inc.,7117691.666666667,28708.333333333332,5808900.0,True,review,False,avg_daily_value_60d_below_10m
6613,6613.T,"QD Laser,Inc.",19955912568.333332,11896303.333333334,14525297000.0,True,pass,False,pass
9902,9902.T,NICHIDEN Corporation,166537295.0,67615.0,123435200.0,True,pass,False,pass
4538,4538.T,"Fuso Pharmaceutical Industries,Ltd.",74245355.0,32845.0,52072600.0,True,pass,False,pass
4735,4735.T,"KYOSHIN CO.,LTD.",5265171.666666667,14505.0,849150.0,True,review,False,avg_daily_value_60d_below_10m
7512,7512.T,Aeon Hokkaido Corporation,148987848.33333334,172631.66666666666,129512800.0,True,pass,False,pass
4334,4334.T,"YUKE'S Co.,Ltd.",5792953.333333333,14565.0,5109000.0,True,review,False,avg_daily_value_60d_below_10m
2216,2216.T,Kanro Inc.,166399418.33333334,141303.33333333334,121929250.0,True,pass,False,pass
4920,4920.T,"Nippon Shikizai,Inc.",2260233.3333333335,2021.6666666666667,1119500.0,True,exclude,True,avg_daily_value_60d_below_3m
9353,9353.T,"SAKURAJIMA FUTO KAISHA,LTD.",11530828.333333334,4795.0,7691850.0,True,pass,False,pass
7820,7820.T,"NIHON FLUSH CO.,LTD.",36458748.333333336,46576.666666666664,30529100.0,True,pass,False,pass
4736,4736.T,Nippon RAD Inc.,8955436.666666666,15315.0,3218350.0,True,review,False,avg_daily_value_60d_below_10m
7922,7922.T,"SANKO SANGYO CO.,LTD.",69194628.33333333,91183.33333333333,41835300.0,True,pass,False,pass
3028,3028.T,"Alpen Co.,Ltd.",375134426.6666667,185723.33333333334,326433400.0,True,pass,False,pass
8167,8167.T,"RETAIL PARTNERS CO.,LTD.",116230200.0,89991.66666666667,105386400.0,True,pass,False,pass
3092,3092.T,"ZOZO,Inc.",5356770378.154297,5057251.666666667,4457379450.0,True,pass,False,pass
6049,6049.T,ItoKuro Inc.,3867630.0,14885.0,2704200.0,True,review,False,avg_daily_value_60d_below_10m
3863,3863.T,"Nippon Paper Industries Co.,Ltd.",1578237018.3333333,1176243.3333333333,1472709000.0,True,pass,False,pass
2926,2926.T,"SHINOZAKIYA,INC.",22520201.666666668,227828.33333333334,21381700.0,True,pass,False,pass
3132,3132.T,"MACNICA HOLDINGS,INC.",2216093099.1666665,826786.6666666666,1877051900.0,True,pass,False,pass
6560,6560.T,"LTS,Inc.",19146756.666666668,11366.666666666666,17039350.0,True,pass,False,pass
3417,3417.T,"OHKI HEALTHCARE HOLDINGS CO.,LTD.",8723486.666666666,6745.0,4943200.0,True,review,False,avg_daily_value_60d_below_10m
2986,2986.T,"LA Holdings Co.,Ltd.",733063466.6666666,80913.33333333333,658087500.0,True,pass,False,pass
2918,2918.T,"WARABEYA NICHIYO HOLDINGS CO.,LTD.",376477828.3333333,130308.33333333333,310111500.0,True,pass,False,pass
2790,2790.T,"NAFCO Co.,Ltd.",16798460.0,7665.0,13755050.0,True,pass,False,pass
5285,5285.T,YAMAX Corp.,77954081.66666667,51588.333333333336,70148450.0,True,pass,False,pass
6193,6193.T,"Virtualex Holdings,Inc.",10261018.333333334,10381.666666666666,7404100.0,True,pass,False,pass
5256,5256.T,"Fusic Co.,Ltd.",17320840.0,7298.333333333333,8278750.0,True,pass,False,pass
5021,5021.T,"COSMO ENERGY HOLDINGS COMPANY,LIMITED",3314935555.0,781160.0,2798941250.0,True,pass,False,pass
7832,7832.T,Bandai Namco Holdings Inc.,9826299475.0,2531461.6666666665,8714697000.0,True,pass,False,pass
5273,5273.T,"MITANI SEKISAN CO.,LTD.",106426105.0,61590.0,92124500.0,True,pass,False,pass
3676,3676.T,"DIGITAL HEARTS HOLDINGS Co.,Ltd.",89646230.0,105011.66666666667,65707000.0,True,pass,False,pass
4397,4397.T,TeamSpirit Inc.,25211738.333333332,62086.666666666664,19299000.0,True,pass,False,pass
3034,3034.T,"Qol Holdings Co.,Ltd.",334768013.3333333,182891.66666666666,308236750.0,True,pass,False,pass
3077,3077.T,"Horiifoodservice Co.,Ltd.",70987671.66666667,94063.33333333333,21975250.0,True,pass,False,pass
5609,5609.T,NIPPON CHUZO K.K.,10203415.0,11580.0,7183850.0,True,pass,False,pass
5262,5262.T,Nippon Hume Corporation,512303433.3333333,431768.3333333333,366712750.0,True,pass,False,pass
6027,6027.T,"Bengo4.com,Inc.",342735466.6666667,127613.33333333333,262662300.0,True,pass,False,pass
1866,1866.T,KITANO CONSTRUCTION CORP.,20775515.0,17396.666666666668,18076700.0,True,pass,False,pass
5218,5218.T,OHARA INC.,124852321.66666667,98600.0,117882750.0,True,pass,False,pass
2780,2780.T,"Komehyo Holdings Co.,Ltd.",573694491.6666666,113733.33333333333,486890250.0,True,pass,False,pass
1429,1429.T,"Nippon Aqua Co.,Ltd.",148338330.0,206045.0,121769200.0,True,pass,False,pass
5939,5939.T,"OTANI KOGYO CO.,LTD.",54677283.333333336,8618.333333333334,15339000.0,True,pass,False,pass
3486,3486.T,GLOBAL LINK MANAGEMENT INC.,173072185.0,86873.33333333333,153089100.0,True,pass,False,pass
9421,9421.T,NJ Holdings Inc.,2187703.3333333335,3341.6666666666665,1862000.0,True,exclude,True,avg_daily_value_60d_below_3m
2695,2695.T,"Kura Sushi,Inc.",922079620.0,536810.0,673597750.0,True,pass,False,pass
2694,2694.T,Yakiniku Sakai Holdings Inc.,20029323.333333332,280730.0,18037950.0,True,pass,False,pass
2927,2927.T,"AFC-HD AMS Life Science Co.,Ltd.",29200446.666666668,33606.666666666664,22794000.0,True,pass,False,pass
2424,2424.T,Brass Corporation,1449185.0,2398.3333333333335,1151100.0,True,exclude,True,avg_daily_value_60d_below_3m
7604,7604.T,"UMENOHANA GROUP CO.,LTD.",10484720.0,11811.666666666666,9032200.0,True,pass,False,pass
7508,7508.T,G-7 HOLDINGS Inc.,104220275.0,76670.0,89591250.0,True,pass,False,pass
2917,2917.T,"OHMORIYA Co.,LTD.",2030856.6666666667,2231.6666666666665,1638900.0,True,exclude,True,avg_daily_value_60d_below_3m
3967,3967.T,"Eltes Co.,Ltd.",7992780.0,13543.333333333334,5769700.0,True,review,False,avg_daily_value_60d_below_10m
3080,3080.T,"JASON CO.,LTD.",3568838.3333333335,4746.666666666667,2468900.0,True,review,False,avg_daily_value_60d_below_10m
6656,6656.T,inspec Inc.,79285538.33333333,107831.66666666667,42638900.0,True,pass,False,pass
8891,8891.T,"AMG HOLDINGS CO.,LTD.",32256965.0,15606.666666666666,22110750.0,True,pass,False,pass
9816,9816.T,Striders Corporation,2038640.0,6495.0,1345200.0,True,exclude,True,avg_daily_value_60d_below_3m
3632,3632.T,"GREE Holdings,Inc.",225981098.33333334,581458.3333333334,191910450.0,True,pass,False,pass
5480,5480.T,"Nippon Yakin kogyo Co.,Ltd.",411949041.6666667,88075.0,365291250.0,True,pass,False,pass
4420,4420.T,"eSOL Co.,Ltd.",61076928.333333336,100123.33333333333,43313400.0,True,pass,False,pass
7822,7822.T,"Eidai Co.,Ltd.",17451235.0,73211.66666666667,13120950.0,True,pass,False,pass
3550,3550.T,"STUDIO ATAO Co.,Ltd.",2481541.6666666665,11190.0,1668550.0,True,exclude,True,avg_daily_value_60d_below_3m
7637,7637.T,"Hakudo Co.,Ltd.",99844163.33333333,33411.666666666664,50166500.0,True,pass,False,pass
7416,7416.T,Haruyama Holdings Inc.,7461185.0,9641.666666666666,2358550.0,True,review,False,avg_daily_value_60d_below_10m
9867,9867.T,Solekia Limited,11069400.0,1073.3333333333333,5844000.0,True,pass,False,pass
8217,8217.T,"OKUWA CO.,LTD.",89222235.0,110836.66666666667,77509700.0,True,pass,False,pass
6572,6572.T,"OPEN Group,Inc.",36682456.666666664,167485.0,28027300.0,True,pass,False,pass
7514,7514.T,"HIMARAYA Co.,Ltd.",3727233.3333333335,4393.333333333333,3211200.0,True,review,False,avg_daily_value_60d_below_10m
8835,8835.T,TAIHEIYO KOUHATSU INCORPORATED,627204008.3333334,567628.3333333334,72597350.0,True,pass,False,pass
7561,7561.T,HURXLEY CORPORATION,18327211.666666668,26660.0,13113850.0,True,pass,False,pass
4442,4442.T,"VALTES HOLDINGS CO.,LTD.",12209458.333333334,28793.333333333332,7377650.0,True,pass,False,pass
2892,2892.T,"NIHON SHOKUHIN KAKO CO.,LTD.",27981833.333333332,7275.0,20883750.0,True,pass,False,pass
7570,7570.T,"HASHIMOTO SOGYO HOLDINGS CO.,LTD.",35857365.0,26111.666666666668,21138550.0,True,pass,False,pass
4310,4310.T,Dream Incubator Inc.,88633123.33333333,32490.0,80131250.0,True,pass,False,pass
8278,8278.T,"FUJI CO.,LTD.",256673550.0,123586.66666666667,223789350.0,True,pass,False,pass
8219,8219.T,"AOYAMA TRADING Co.,Ltd.",785521897.2480265,993431.6666666666,681761200.0,True,pass,False,pass
7896,7896.T,"SEVEN INDUSTRIES CO.,LTD.",1769811.6666666667,3378.3333333333335,998900.0,True,exclude,True,avg_daily_value_60d_below_3m
4666,4666.T,"PARK24 Co.,Ltd.",2098592236.6666667,1100531.6666666667,1819551875.0,True,pass,False,pass
3418,3418.T,"BALNIBARBI Co.,Ltd.",21550721.666666668,19630.0,19200600.0,True,pass,False,pass
7836,7836.T,"AVIX,Inc.",53002296.666666664,603933.3333333334,11353700.0,True,pass,False,pass
3915,3915.T,"TerraSky Co.,Ltd",277499776.6666667,149151.66666666666,175413100.0,True,pass,False,pass
9345,9345.T,"Bizmates,Inc.",2284706.6666666665,3788.3333333333335,1467600.0,True,exclude,True,avg_daily_value_60d_below_3m
7069,7069.T,"CyberBuzz,Inc.",4484991.666666667,4648.333333333333,1110350.0,True,review,False,avg_daily_value_60d_below_10m
2735,2735.T,"WATTS CO.,LTD.",18928766.666666668,30926.666666666668,16570250.0,True,pass,False,pass
7077,7077.T,"ALiNK Internet,INC.",1791856.6666666667,1845.0,1187400.0,True,exclude,True,avg_daily_value_60d_below_3m
4418,4418.T,Japan Data Science Consortium Co.Ltd.,142050280.0,169598.33333333334,91306850.0,True,pass,False,pass
7309,7309.T,SHIMANO INC.,5550893725.0,334271.6666666667,5432693750.0,True,pass,False,pass
9143,9143.T,"SG HOLDINGS CO.,LTD.",2553597238.3333335,1722763.3333333333,2275150000.0,True,pass,False,pass
3479,3479.T,TKP Corporation,323165016.6666667,181331.66666666666,244639000.0,True,pass,False,pass
2932,2932.T,"STI Foods Holdings,Inc.",26718475.0,23055.0,22316000.0,True,pass,False,pass
2726,2726.T,"PAL GROUP Holdings CO.,LTD",1488770916.6666667,1006601.6666666666,1367109500.0,True,pass,False,pass
2321,2321.T,Softfront Holdings,442908396.6666667,1405941.6666666667,70137300.0,True,pass,False,pass
3904,3904.T,KAYAC Inc.,8644036.666666666,20220.0,6333750.0,True,review,False,avg_daily_value_60d_below_10m
9896,9896.T,"JK Holdings Co.,Ltd.",37831551.666666664,26236.666666666668,33781950.0,True,pass,False,pass
3608,3608.T,"TSI HOLDINGS CO.,LTD.",596071966.6666666,474783.3333333333,439681600.0,True,pass,False,pass
7067,7067.T,Branding Technology Inc.,2353668.3333333335,2308.3333333333335,613250.0,True,exclude,True,avg_daily_value_60d_below_3m
5029,5029.T,circlace Inc,7376325.0,10816.666666666666,4313850.0,True,review,False,avg_daily_value_60d_below_10m
7049,7049.T,"SHIKIGAKU.Co.,Ltd.",16291161.666666666,20641.666666666668,12019150.0,True,pass,False,pass
3196,3196.T,"HOTLAND HOLDINGS Co.,Ltd.",408025218.3333333,241218.33333333334,185294650.0,True,pass,False,pass
8237,8237.T,"MATSUYA CO.,LTD.",618746896.6666666,342883.3333333333,581032250.0,True,pass,False,pass
5301,5301.T,"TOKAI CARBON CO.,LTD.",2551319823.3102417,2052100.0,1675910229.9957275,True,pass,False,pass
8929,8929.T,"Aoyama Zaisan Networks Company,Limited",157376870.0,117511.66666666667,145716250.0,True,pass,False,pass
2820,2820.T,Yamami Company,77433458.33333333,18028.333333333332,62003500.0,True,pass,False,pass
3864,3864.T,Mitsubishi Paper Mills Limited,271488140.0,293103.3333333333,234338600.0,True,pass,False,pass
9980,9980.T,MRK HOLDINGS INC.,107800986.66666667,873728.3333333334,24013500.0,True,pass,False,pass
4651,4651.T,SANIX HOLDINGS INCORPORATED,307577845.0,1203388.3333333333,92898300.0,True,pass,False,pass
9342,9342.T,Sumasapo Inc.,8793820.0,9416.666666666666,3857100.0,True,review,False,avg_daily_value_60d_below_10m
7412,7412.T,ATOM CORPORATION,293239815.0,455046.6666666667,220657200.0,True,pass,False,pass
4475,4475.T,HENNGE K.K.,381580481.6666667,377780.0,318696950.0,True,pass,False,pass
3326,3326.T,"RUNSYSTEM CO.,LTD.",9794496.666666666,13760.0,7143650.0,True,review,False,avg_daily_value_60d_below_10m
7064,7064.T,"Howtelevision,Inc.",8480251.666666666,8545.0,3223400.0,True,review,False,avg_daily_value_60d_below_10m
6185,6185.T,SMN Corporation,12738475.0,32178.333333333332,10953450.0,True,pass,False,pass
7807,7807.T,"KOWA CO.,LTD.",2762520.0,3286.6666666666665,1582700.0,True,exclude,True,avg_daily_value_60d_below_3m
6276,6276.T,"SiriusVision CO.,LTD.",103376128.33333333,324723.3333333333,9583500.0,True,pass,False,pass
4751,4751.T,"CyberAgent,Inc.",5048035577.5,3822820.0,4478217825.0,True,pass,False,pass
2435,2435.T,"CEDAR.Co.,Ltd",39905021.666666664,170103.33333333334,4199200.0,True,pass,False,pass
8089,8089.T,Nice Corporation,11531653.333333334,5466.666666666667,7874650.0,True,pass,False,pass
8075,8075.T,Shinsho Corporation,127553006.66666667,53133.333333333336,105809550.0,True,pass,False,pass
3099,3099.T,Isetan Mitsukoshi Holdings Ltd.,5978154790.0,1944835.0,5594507900.0,True,pass,False,pass
2796,2796.T,Pharmarise Holdings Corporation,4681075.0,8995.0,2741750.0,True,review,False,avg_daily_value_60d_below_10m
7018,7018.T,Naikai Zosen Corporation,426868750.0,33461.666666666664,381735000.0,True,pass,False,pass
6612,6612.T,BALMUDA Inc.,2842726.6666666665,4715.0,2808400.0,True,exclude,True,avg_daily_value_60d_below_3m
7091,7091.T,"Living Platform,Ltd.",13077503.333333334,10685.0,7843700.0,True,pass,False,pass
4480,4480.T,"MEDLEY,INC.",696719653.3333334,343380.0,587709650.0,True,pass,False,pass
9627,9627.T,AIN HOLDINGS INC.,860015508.3333334,148895.0,653766300.0,True,pass,False,pass
3948,3948.T,"HIKARI BUSINESS FORM CO.,LTD.",4360025.0,3768.3333333333335,1717500.0,True,review,False,avg_daily_value_60d_below_10m
3777,3777.T,Environment Friendly Holdings Corp.,252617878.33333334,4357741.666666667,151479700.0,True,pass,False,pass
3747,3747.T,"INTERTRADE Co.,Ltd.",52440203.333333336,89950.0,43468000.0,True,pass,False,pass
9344,9344.T,Axis Consulting Corporation,2156706.6666666665,2335.0,1371000.0,True,exclude,True,avg_daily_value_60d_below_3m
3558,3558.T,"JADE GROUP,Inc.",310558428.3333333,167941.66666666666,206464050.0,True,pass,False,pass
1436,1436.T,GreenEnergy & Company Inc.,273848571.97387695,176233.33333333334,125030503.1616211,True,pass,False,pass
3536,3536.T,"AXAS HOLDINGS CO.,LTD.",3053123.3333333335,23410.0,1670250.0,True,review,False,avg_daily_value_60d_below_10m
9254,9254.T,"Lovable Marketing Group,inc.",1732653.3333333333,1498.3333333333333,1105300.0,True,exclude,True,avg_daily_value_60d_below_3m
3422,3422.T,"J-MAX Co.,Ltd.",8274173.333333333,18458.333333333332,4617800.0,True,review,False,avg_daily_value_60d_below_10m
7073,7073.T,"JAIC Co.,Ltd.",3792191.6666666665,1713.3333333333333,2433250.0,True,review,False,avg_daily_value_60d_below_10m
5533,5533.T,"Elitz Holdings Co.,Ltd.",1433833.3333333333,735.0,388700.0,True,exclude,True,avg_daily_value_60d_below_3m
9976,9976.T,"SEKICHU CO.,LTD.",1868233.3333333333,1788.3333333333333,889300.0,True,exclude,True,avg_daily_value_60d_below_3m
3306,3306.T,"THE NIHON SEIMA CO.,LTD.",4408993.333333333,6441.666666666667,2721850.0,True,review,False,avg_daily_value_60d_below_10m
9876,9876.T,"COX CO.,LTD.",13131445.0,53078.333333333336,6887150.0,True,pass,False,pass
7679,7679.T,"YAKUODO HOLDINGS Co.,Ltd.",74198498.33333333,39676.666666666664,67428450.0,True,pass,False,pass
6526,6526.T,Socionext Inc.,17619074970.833332,8125200.0,11876060700.0,True,pass,False,pass
8226,8226.T,RIKEI CORPORATION,132506966.66666667,280046.6666666667,100376500.0,True,pass,False,pass
4414,4414.T,"FLECT Co.,Ltd.",43919143.333333336,39940.0,31514400.0,True,pass,False,pass
3674,3674.T,"Aucfan Co.,Ltd.",2128755.0,6418.333333333333,1609650.0,True,exclude,True,avg_daily_value_60d_below_3m
3561,3561.T,"CHIKARANOMOTO HOLDINGS Co.,Ltd.",77903346.66666667,52668.333333333336,67343500.0,True,pass,False,pass
3046,3046.T,JINS HOLDINGS Inc.,1699515383.3333333,263675.0,1397074000.0,True,pass,False,pass
4574,4574.T,"TAIKO PHARMACEUTICAL CO.,LTD.",33589151.666666664,117091.66666666667,25636850.0,True,pass,False,pass
3359,3359.T,"cotta CO.,LTD",15202858.333333334,29365.0,12218800.0,True,pass,False,pass
7062,7062.T,"Fureasu Co.,Ltd.",4045643.3333333335,4855.0,1727250.0,True,review,False,avg_daily_value_60d_below_10m
6580,6580.T,"Writeup Co.,Ltd.",205702778.33333334,177216.66666666666,129454950.0,True,pass,False,pass
6563,6563.T,Mirai Works Inc.,2817878.3333333335,5060.0,1629600.0,True,exclude,True,avg_daily_value_60d_below_3m
7065,7065.T,UPR Corporation,34703533.333333336,35548.333333333336,20042100.0,True,pass,False,pass
3498,3498.T,"Kasumigaseki Capital Co.,Ltd.",2521007666.6666665,391278.3333333333,2179321000.0,True,pass,False,pass
9325,9325.T,PHYZ Holdings Inc.,23622428.333333332,18970.0,13964450.0,True,pass,False,pass
3088,3088.T,MatsukiyoCocokara & Co.,6540671277.5,2771033.3333333335,5663682075.0,True,pass,False,pass
3791,3791.T,"IG Port,Inc.",130709990.0,97826.66666666667,114076250.0,True,pass,False,pass
3993,3993.T,PKSHA Technology Inc.,1150146888.3333333,380905.0,982386750.0,True,pass,False,pass
2970,2970.T,"GLC GROUP,INC.",37476971.666666664,34665.0,27422100.0,True,pass,False,pass
7433,7433.T,"Hakuto Co.,Ltd.",321020441.6666667,73793.33333333333,263357750.0,True,pass,False,pass
8025,8025.T,"TSUKAMOTO CORPORATION CO.,LTD.",1588673.3333333333,1230.0,1161000.0,True,exclude,True,avg_daily_value_60d_below_3m
3071,3071.T,"Stream Co.,Ltd.",4741771.666666667,44838.333333333336,3048850.0,True,review,False,avg_daily_value_60d_below_10m
8131,8131.T,"Mitsuuroko Group Holdings Co.,Ltd.",122984106.66666667,59331.666666666664,112608500.0,True,pass,False,pass
4196,4196.T,NEO MARKETING Inc.,7095653.333333333,4970.0,5784950.0,True,review,False,avg_daily_value_60d_below_10m
9267,9267.T,"Genky DrugStores Co.,Ltd.",320991541.6666667,84753.33333333333,295051500.0,True,pass,False,pass
3598,3598.T,"YAMAKI CO.,LTD.",1890710.0,11405.0,1426000.0,True,exclude,True,avg_daily_value_60d_below_3m
3246,3246.T,"KOSE R.E. Co.,Ltd.",5198883.333333333,7968.333333333333,3708350.0,True,review,False,avg_daily_value_60d_below_10m
1966,1966.T,TAKADA CORPORATION,31959431.666666668,18038.333333333332,24690500.0,True,pass,False,pass
1724,1724.T,SYNCLAYER INC.,4286483.333333333,5963.333333333333,3219750.0,True,review,False,avg_daily_value_60d_below_10m
1844,1844.T,"OHMORI CO.,LTD.",154772025.0,256320.0,81424000.0,True,pass,False,pass
7567,7567.T,SAKAE ELECTRONICS CORPORATION,25334548.333333332,43068.333333333336,2509200.0,True,pass,False,pass
3131,3131.T,SHINDEN HIGHTEX CORPORATION,47403175.0,15298.333333333334,24550650.0,True,pass,False,pass
3079,3079.T,DVx Inc.,4285878.333333333,3946.6666666666665,2221500.0,True,review,False,avg_daily_value_60d_below_10m
3349,3349.T,COSMOS Pharmaceutical Corporation,2960785696.6666665,460706.6666666667,2647555750.0,True,pass,False,pass
5587,5587.T,Inbound Platform Corp.,12371028.333333334,16898.333333333332,5177300.0,True,pass,False,pass
2876,2876.T,Delsole Corporation,1796230.0,3826.6666666666665,1208200.0,True,exclude,True,avg_daily_value_60d_below_3m
6614,6614.T,"Shikino High-Tech CO.,LTD.",61587013.333333336,65848.33333333333,18321000.0,True,pass,False,pass
8077,8077.T,TORQ Inc.,3790368.3333333335,17533.333333333332,2363500.0,True,review,False,avg_daily_value_60d_below_10m
7373,7373.T,"Aidma Holdings,Inc.",223847833.33333334,163390.0,148172850.0,True,pass,False,pass
3858,3858.T,Ubiquitous AI Corporation,28014115.0,78483.33333333333,13333800.0,True,pass,False,pass
8142,8142.T,"TOHO Co.,Ltd.",182888551.66666666,137248.33333333334,144438500.0,True,pass,False,pass
8013,8013.T,"NAIGAI CO.,LTD.",5291805.0,16273.333333333334,3930700.0,True,review,False,avg_daily_value_60d_below_10m
9969,9969.T,"SHOKUBUN CO.,LTD.",3306896.6666666665,13505.0,2519950.0,True,review,False,avg_daily_value_60d_below_10m
8225,8225.T,"Takachiho Co.,Ltd.",2405433.3333333335,708.3333333333334,1008000.0,True,exclude,True,avg_daily_value_60d_below_3m
7687,7687.T,"MICREED Co.,Ltd.",4571850.0,10606.666666666666,3282250.0,True,review,False,avg_daily_value_60d_below_10m
3004,3004.T,SHINYEI KAISHA,24585248.333333332,10516.666666666666,20181750.0,True,pass,False,pass
6096,6096.T,"RareJob,Inc.",10105405.0,29360.0,3757600.0,True,pass,False,pass
3082,3082.T,"KICHIRI HOLDINGS & Co.,Ltd.",9477166.666666666,9920.0,8461400.0,True,review,False,avg_daily_value_60d_below_10m
7599,7599.T,IDOM Inc.,1004378630.0,747965.0,846024850.0,True,pass,False,pass
7494,7494.T,"KONAKA CO.,LTD.",8084426.666666667,34005.0,7223050.0,True,review,False,avg_daily_value_60d_below_10m
2533,2533.T,"Oenon Holdings,Inc.",49686715.0,109613.33333333333,38298350.0,True,pass,False,pass
7537,7537.T,MARUBUN CORPORATION,192274855.0,141826.66666666666,145949300.0,True,pass,False,pass
2489,2489.T,Adways Inc.,52447903.333333336,186096.66666666666,27659250.0,True,pass,False,pass
8135,8135.T,ZETT CORPORATION,18725446.666666668,39920.0,14840050.0,True,pass,False,pass
3179,3179.T,"Syuppin Co.,Ltd.",222297560.0,195218.33333333334,187130300.0,True,pass,False,pass
4720,4720.T,"JOHNAN ACADEMIC PREPARATORY INSTITUTE,INC.",4799941.666666667,18005.0,3683000.0,True,review,False,avg_daily_value_60d_below_10m
6195,6195.T,"HOPE,INC.",11061556.666666666,51255.0,6745800.0,True,pass,False,pass
7060,7060.T,geechs inc.,12354306.666666666,21466.666666666668,8883000.0,True,pass,False,pass
9237,9237.T,"Emimen Co.,Ltd.",25822413.333333332,35600.0,18488500.0,True,pass,False,pass
9932,9932.T,"SUGIMOTO & CO.,LTD.",52702595.0,41745.0,40948000.0,True,pass,False,pass
2593,2593.T,"ITO EN,LTD.",1507178258.3333333,512158.3333333333,1229440900.0,True,pass,False,pass
4933,4933.T,"I-ne CO.,LTD.",123226056.66666667,109941.66666666667,95335050.0,True,pass,False,pass
9962,9962.T,MISUMI Group Inc.,4443064213.333333,1405428.3333333333,3538904200.0,True,pass,False,pass
7906,7906.T,"YONEX CO.,LTD.",1171481036.6666667,421036.6666666667,937906650.0,True,pass,False,pass
8275,8275.T,FORVAL CORPORATION,9814435.0,9065.0,8946650.0,True,review,False,avg_daily_value_60d_below_10m
9625,9625.T,"CERESPO CO.,LTD.",7063333.333333333,6483.333333333333,3407250.0,True,review,False,avg_daily_value_60d_below_10m
8136,8136.T,"Sanrio Company,Ltd.",26216736795.707905,26382975.0,24148494276.409912,True,pass,False,pass
4477,4477.T,"BASE,Inc.",309433351.6666667,1079900.0,245832400.0,True,pass,False,pass
5248,5248.T,"TECHNOLOGIES,Inc.",53756935.0,111463.33333333333,26455850.0,True,pass,False,pass
8844,8844.T,"COSMOS INITIA Co.,Ltd.",99126518.33333333,83896.66666666667,82955150.0,True,pass,False,pass
4026,4026.T,"Konoshima Chemical Co.,Ltd.",214463123.33333334,112340.0,165055450.0,True,pass,False,pass
2722,2722.T,"IK HOLDINGS Co.,Ltd.",6684533.333333333,17383.333333333332,5024500.0,True,review,False,avg_daily_value_60d_below_10m
7094,7094.T,NexTone Inc.,145845735.0,96821.66666666667,129259600.0,True,pass,False,pass
6063,6063.T,"Emergency Assistance Japan Co., Ltd.",1351423.3333333333,1493.3333333333333,903000.0,True,exclude,True,avg_daily_value_60d_below_3m
6031,6031.T,ZETA INC.,33167288.333333332,123523.33333333333,24687200.0,True,pass,False,pass
4178,4178.T,Sharing Innovations Inc.,1243883.3333333333,2285.0,532000.0,True,exclude,True,avg_daily_value_60d_below_3m
7046,7046.T,TDSE Inc.,3248493.3333333335,2468.3333333333335,2106400.0,True,review,False,avg_daily_value_60d_below_10m
3611,3611.T,MATSUOKA CORPORATION,93228618.33333333,41325.0,74276400.0,True,pass,False,pass
5699,5699.T,"IBOKIN Co.,Ltd.",66519213.333333336,32086.666666666668,19871000.0,True,pass,False,pass
8011,8011.T,SANYO SHOKAI LTD.,234527183.33333334,60340.0,170889500.0,True,pass,False,pass
6338,6338.T,Takatori Corporation,56152206.666666664,34098.333333333336,49643900.0,True,pass,False,pass
3678,3678.T,"MEDIA DO Co.,Ltd.",118677485.0,84303.33333333333,93727300.0,True,pass,False,pass
8887,8887.T,"SYLA Holdings Co.,Ltd.",59880051.666666664,155820.0,44487850.0,True,pass,False,pass
7220,7220.T,"MUSASHI SEIMITSU INDUSTRY CO.,LTD.",9874328358.333334,1959828.3333333333,4814497000.0,True,pass,False,pass
8105,8105.T,Bitcoin Japan Corporation,532572721.6666667,3117320.0,218736700.0,True,pass,False,pass
9930,9930.T,"KITAZAWA SANGYO CO.,LTD.",2978731.6666666665,8393.333333333334,2044700.0,True,exclude,True,avg_daily_value_60d_below_3m
6330,6330.T,TOYO ENGINEERING CORPORATION,8782538288.333334,3429761.6666666665,6410879200.0,True,pass,False,pass
7808,7808.T,"C.S. LUMBER CO.,INC",4566968.333333333,1548.3333333333333,2426000.0,True,review,False,avg_daily_value_60d_below_10m
5408,5408.T,"NAKAYAMA STEEL WORKS,LTD.",239147871.66666666,378868.3333333333,211973900.0,True,pass,False,pass
6035,6035.T,"IR Japan Holdings,Ltd.",47533606.666666664,63843.333333333336,29847850.0,True,pass,False,pass
5619,5619.T,"MRSO.,Inc",609893.3333333334,703.3333333333334,255450.0,True,exclude,True,avg_daily_value_60d_below_3m
4263,4263.T,"SUSMED,Inc.",246768065.0,265315.0,142587900.0,True,pass,False,pass
9308,9308.T,"Inui Global Logistics Co.,Ltd.",128878280.0,81915.0,117647000.0,True,pass,False,pass
2491,2491.T,"ValueCommerce Co.,Ltd.",170931293.33333334,372636.6666666667,149373900.0,True,pass,False,pass
2438,2438.T,"Asukanet Company,Limited",29310848.333333332,81731.66666666667,17869850.0,True,pass,False,pass
3181,3181.T,"KAITORI OKOKU CO.,LTD.",10752465.0,11201.666666666666,5226000.0,True,pass,False,pass
8103,8103.T,Meiwa Corporation,616020121.6666666,734388.3333333334,296291450.0,True,pass,False,pass
1840,1840.T,"TSUCHIYA HOLDINGS CO.,LTD.",3607246.6666666665,15533.333333333334,2542350.0,True,review,False,avg_daily_value_60d_below_10m
9145,9145.T,"BEING HOLDINGS CO.,LTD.",19880253.333333332,31688.333333333332,16716000.0,True,pass,False,pass
2687,2687.T,CVS Bay Area Inc.,3086808.3333333335,6190.0,2074150.0,True,review,False,avg_daily_value_60d_below_10m
7613,7613.T,SIIX CORPORATION,366164821.6666667,287480.0,306704400.0,True,pass,False,pass
2991,2991.T,LANDNET Inc.,16225385.0,27181.666666666668,10865550.0,True,pass,False,pass
7096,7096.T,StemCell Institute,15371460.0,19628.333333333332,9780300.0,True,pass,False,pass
3929,3929.T,"SOCIALWIRE CO.,LTD.",11417346.666666666,33778.333333333336,5642000.0,True,pass,False,pass
3223,3223.T,SLD Entertainment Inc.,2490540.0,2728.3333333333335,1846550.0,True,exclude,True,avg_daily_value_60d_below_3m
7898,7898.T,"WOOD ONE CO.,LTD.",11540566.666666666,11875.0,7841300.0,True,pass,False,pass
4558,4558.T,"CHUKYO IYAKUHIN CO.,LTD.",6635835.0,32506.666666666668,4029400.0,True,review,False,avg_daily_value_60d_below_10m
6634,6634.T,JN Group Inc.,28327691.666666668,340371.6666666667,6978050.0,True,pass,False,pass
9270,9270.T,Valuence Holdings Inc.,285388648.3333333,127991.66666666667,197758800.0,True,pass,False,pass
6775,6775.T,TB GROUP INC.,66927273.333333336,445635.0,19682000.0,True,pass,False,pass
1407,1407.T,West Holdings Corporation,1913371075.0,818378.3333333334,1792807500.0,True,pass,False,pass
5632,5632.T,"Mitsubishi Steel Mfg.Co.,Ltd.",226712190.0,117520.0,183933000.0,True,pass,False,pass
3600,3600.T,FUJIX Ltd.,1215931.6666666667,726.6666666666666,498150.0,True,exclude,True,avg_daily_value_60d_below_3m
5269,5269.T,"NIPPON CONCRETE INDUSTRIES CO.,LTD.",62922673.333333336,195393.33333333334,52582750.0,True,pass,False,pass
7686,7686.T,"HitoMile Co.,Ltd.",5888725.0,13903.333333333334,4623050.0,True,review,False,avg_daily_value_60d_below_10m
2981,2981.T,Landix Inc.,22633461.666666668,10725.0,18088750.0,True,pass,False,pass
7983,7983.T,Miroku Corporation,2827400.0,2480.0,1635600.0,True,exclude,True,avg_daily_value_60d_below_3m
5588,5588.T,"Fast Accounting Co.,Ltd.",53092893.333333336,65988.33333333333,40473200.0,True,pass,False,pass
7625,7625.T,"GLOBAL-DINING,INC.",4017891.6666666665,8628.333333333334,2146250.0,True,review,False,avg_daily_value_60d_below_10m
9417,9417.T,"Smartvalue Co.,Ltd.",55441631.666666664,149891.66666666666,4747850.0,True,pass,False,pass
4371,4371.T,Core Concept Technologies Inc.,172072990.0,139248.33333333334,71263200.0,True,pass,False,pass
3663,3663.T,"CELSYS,Inc.",252165991.66666666,177111.66666666666,200739150.0,True,pass,False,pass
4936,4936.T,AXXZIA Inc.,17318980.0,50216.666666666664,12558250.0,True,pass,False,pass
9064,9064.T,"YAMATO HOLDINGS CO.,LTD.",2306412297.5,1292186.6666666667,2217473975.0,True,pass,False,pass
3987,3987.T,Ecomott Inc.,39260578.333333336,65453.333333333336,7954150.0,True,pass,False,pass
5410,5410.T,"Godo Steel,Ltd.",409730553.3333333,129851.66666666667,326801000.0,True,pass,False,pass
1888,1888.T,"WAKACHIKU CONSTRUCTION CO.,LTD.",81090441.66666667,20321.666666666668,70536000.0,True,pass,False,pass
4412,4412.T,"Science Arts,Inc.",79704928.33333333,44598.333333333336,64419150.0,True,pass,False,pass
9244,9244.T,DIGITALIFT Inc.,4469440.0,4235.0,1562750.0,True,review,False,avg_daily_value_60d_below_10m
9439,9439.T,M・H・GROUP LTD.,3262921.6666666665,13310.0,2599700.0,True,review,False,avg_daily_value_60d_below_10m
8104,8104.T,KUWAZAWA Holdings Corporation,8569191.666666666,14321.666666666666,7181550.0,True,review,False,avg_daily_value_60d_below_10m
4040,4040.T,"NANKAI CHEMICAL COMPANY,LIMITED",45006875.0,12748.333333333334,31674750.0,True,pass,False,pass
3474,3474.T,"G-FACTORY CO.,LTD.",1146121.6666666667,2091.6666666666665,935400.0,True,exclude,True,avg_daily_value_60d_below_3m
4370,4370.T,Mobilus Corporation,5520588.333333333,16518.333333333332,1659350.0,True,review,False,avg_daily_value_60d_below_10m
5698,5698.T,ENVIPRO HOLDINGS Inc.,352984186.6666667,359645.0,248728500.0,True,pass,False,pass
3494,3494.T,"Mullion Co.,Ltd.",2241603.3333333335,6390.0,1582200.0,True,exclude,True,avg_daily_value_60d_below_3m
3653,3653.T,"Morpho,Inc.",27198426.666666668,39166.666666666664,14770850.0,True,pass,False,pass
3154,3154.T,"MEDIUS HOLDINGS Co.,Ltd.",29302195.0,35851.666666666664,21690300.0,True,pass,False,pass
3998,3998.T,"SuRaLa Net Co.,Ltd.",3179421.6666666665,10103.333333333334,2269500.0,True,review,False,avg_daily_value_60d_below_10m
4704,4704.T,Trend Micro Incorporated,6947150856.666667,1239716.6666666667,6306679050.0,True,pass,False,pass
9362,9362.T,"HYOKI KAIUN KAISHA,LTD.",2240425.0,631.6666666666666,544250.0,True,exclude,True,avg_daily_value_60d_below_3m
2607,2607.T,"FUJI OIL CO.,LTD.",1523366266.6666667,441600.0,1384769550.0,True,pass,False,pass
7363,7363.T,baby calendar Inc.,2230066.6666666665,1713.3333333333333,1688000.0,True,exclude,True,avg_daily_value_60d_below_3m
7531,7531.T,SEIWA CHUO HOLDINGS CORPORATION,870421.6666666666,608.3333333333334,295000.0,True,exclude,True,avg_daily_value_60d_below_3m
3393,3393.T,"Startia Holdings,Inc.",129176081.66666667,45725.0,109803800.0,True,pass,False,pass
4165,4165.T,"PLAID,Inc.",223514888.33333334,388828.3333333333,189568400.0,True,pass,False,pass
3562,3562.T,"No.1 Co.,Ltd",60204515.0,37696.666666666664,42863750.0,True,pass,False,pass
7033,7033.T,"Management Solutions Co.,Ltd.",135307911.66666666,101018.33333333333,120924350.0,True,pass,False,pass
9171,9171.T,"Kuribayashi Steamship Co.,Ltd.",15043925.0,8173.333333333333,9219850.0,True,pass,False,pass
6047,6047.T,Gunosy Inc.,95766445.0,183868.33333333334,86058500.0,True,pass,False,pass
8185,8185.T,"CHIYODA CO.,LTD.",135331973.33333334,135363.33333333334,118818500.0,True,pass,False,pass
4937,4937.T,Waqoo Inc.,7782761.666666667,5343.333333333333,3667200.0,True,review,False,avg_daily_value_60d_below_10m
9903,9903.T,"KANSEKI CO.,LTD",5017521.666666667,4783.333333333333,1683750.0,True,review,False,avg_daily_value_60d_below_10m
6425,6425.T,Universal Entertainment Corporation,272705786.6666667,360435.0,249091250.0,True,pass,False,pass
3542,3542.T,"Vega corporation Co.,Ltd.",47570076.666666664,25930.0,32522500.0,True,pass,False,pass
9843,9843.T,"Nitori Holdings Co.,Ltd.",10158527971.666666,4073981.6666666665,9125340400.0,True,pass,False,pass
3559,3559.T,p-ban.com Corp.,4390101.666666667,9191.666666666666,2853900.0,True,review,False,avg_daily_value_60d_below_10m
2708,2708.T,"KUZE CO.,LTD.",6293358.333333333,3086.6666666666665,4353750.0,True,review,False,avg_daily_value_60d_below_10m
7851,7851.T,"KAWASE COMPUTER SUPPLIES CO.,LTD.",6553690.0,32928.333333333336,3324800.0,True,review,False,avg_daily_value_60d_below_10m
7957,7957.T,"FUJICOPIAN CO.,LTD.",3359458.3333333335,2178.3333333333335,1065750.0,True,review,False,avg_daily_value_60d_below_10m
9159,9159.T,W TOKYO Inc.,142924506.66666666,60923.333333333336,26345950.0,True,pass,False,pass
2652,2652.T,MANDARAKE INC.,28634163.333333332,84548.33333333333,23254350.0,True,pass,False,pass
3054,3054.T,HYPER Inc.,2356211.6666666665,9265.0,1328450.0,True,exclude,True,avg_daily_value_60d_below_3m
3529,3529.T,"ATSUGI CO.,LTD.",67376943.33333333,65235.0,47160200.0,True,pass,False,pass
3696,3696.T,CERES INC.,326841798.3333333,186966.66666666666,195435800.0,True,pass,False,pass
8836,8836.T,RISE Inc.,9271343.333333334,342300.0,4074550.0,True,review,False,avg_daily_value_60d_below_10m
5332,5332.T,TOTO LTD.,8295119741.666667,1363475.0,6734605000.0,True,pass,False,pass
8946,8946.T,ASIAN STAR CO.,39343925.0,440740.0,19657000.0,True,pass,False,pass
2130,2130.T,"Members Co.,Ltd.",108817055.0,97915.0,87328750.0,True,pass,False,pass
5950,5950.T,"JAPAN POWER FASTENING CO.,LTD.",4511563.333333333,27613.333333333332,2841300.0,True,review,False,avg_daily_value_60d_below_10m
3374,3374.T,Naigai Tec Corporation,73428053.33333333,26218.333333333332,36420200.0,True,pass,False,pass
4814,4814.T,Nextware Ltd.,84323261.66666667,426903.3333333333,34195900.0,True,pass,False,pass
3465,3465.T,"KI-STAR REAL ESTATE CO.,LTD",558615583.3333334,166656.66666666666,504029750.0,True,pass,False,pass
2215,2215.T,"FIRST BAKING CO.,LTD.",7234241.666666667,11961.666666666666,4817850.0,True,review,False,avg_daily_value_60d_below_10m
3907,3907.T,Silicon Studio Corp.,289592470.0,215715.0,4814450.0,True,pass,False,pass
5574,5574.T,"ABEJA,Inc.",333634070.0,121041.66666666667,265432400.0,True,pass,False,pass
5527,5527.T,property technologies Inc.,27382506.666666668,39903.333333333336,22323650.0,True,pass,False,pass
7952,7952.T,"Kawai Musical Instruments Manufacturing Co.,Ltd.",74354853.33333333,25236.666666666668,53560850.0,True,pass,False,pass
2440,2440.T,"Gurunavi,Inc.",22073506.666666668,157148.33333333334,19893000.0,True,pass,False,pass
3900,3900.T,CrowdWorks Inc.,142065765.0,218673.33333333334,121738250.0,True,pass,False,pass
3841,3841.T,Jedat Inc.,4025066.6666666665,3446.6666666666665,2291000.0,True,review,False,avg_daily_value_60d_below_10m
5591,5591.T,AVILEN Inc.,42687033.333333336,45336.666666666664,30675600.0,True,pass,False,pass
2678,2678.T,ASKUL Corporation,586196151.6666666,493190.0,533351000.0,True,pass,False,pass
9262,9262.T,"SILVER LIFE CO.,LTD.",25535793.333333332,30783.333333333332,20245950.0,True,pass,False,pass
7238,7238.T,"AKEBONO BRAKE INDUSTRY CO.,LTD.",230093688.33333334,1841205.0,197202200.0,True,pass,False,pass
4175,4175.T,coly Inc.,32911623.333333332,16998.333333333332,19788000.0,True,pass,False,pass
5888,5888.T,"DAIWA CYCLE CO.,LTD.",44442370.0,12945.0,34886250.0,True,pass,False,pass
2997,2997.T,"STORAGE-OH Co.,Ltd.",3254485.0,3415.0,2203400.0,True,review,False,avg_daily_value_60d_below_10m
2681,2681.T,GEO HOLDINGS CORPORATION,374649705.0,201291.66666666666,302649050.0,True,pass,False,pass
5449,5449.T,"OSAKA STEEL CO.,LTD.",157390170.0,62565.0,125991850.0,True,pass,False,pass
2760,2760.T,TOKYO ELECTRON DEVICE LIMITED,695089530.0,191548.33333333334,511382700.0,True,pass,False,pass
7590,7590.T,"TAKASHO CO.,LTD.",16307563.333333334,41896.666666666664,11613800.0,True,pass,False,pass
8912,8912.T,Area Quest Inc.,64749126.666666664,359990.0,15615750.0,True,pass,False,pass
4395,4395.T,Accrete Inc.,98654778.33333333,90435.0,66633750.0,True,pass,False,pass
6324,6324.T,Harmonic Drive Systems Inc.,9223113350.0,1770620.0,7021851250.0,True,pass,False,pass
3266,3266.T,"Fund Creation Group Co.,Ltd.",11925053.333333334,133863.33333333334,7866250.0,True,pass,False,pass
2764,2764.T,Hiramatsu Inc.,47479335.0,308270.0,34978900.0,True,pass,False,pass
7879,7879.T,NODA CORPORATION,6374481.666666667,9453.333333333334,5227150.0,True,review,False,avg_daily_value_60d_below_10m
3461,3461.T,"Palma Co.,Ltd.",7530291.666666667,12758.333333333334,1740300.0,True,review,False,avg_daily_value_60d_below_10m
9914,9914.T,"Uematsu Shokai Co.,Ltd.",3032083.3333333335,3451.6666666666665,1499200.0,True,review,False,avg_daily_value_60d_below_10m
9556,9556.T,INTLOOP Inc.,228855426.66666666,113385.0,171628300.0,True,pass,False,pass
2931,2931.T,"Euglena Co.,Ltd.",485913766.6666667,1266171.6666666667,409120400.0,True,pass,False,pass
7351,7351.T,Goodpatch Inc.,8748388.333333334,18598.333333333332,6621300.0,True,review,False,avg_daily_value_60d_below_10m
3415,3415.T,"TOKYO BASE Co.,Ltd.",364052646.6666667,909761.6666666666,282969800.0,True,pass,False,pass
4487,4487.T,"Spacemarket,Inc.",4432483.333333333,16680.0,2796000.0,True,review,False,avg_daily_value_60d_below_10m
4017,4017.T,CREEMA LTD.,1911633.3333333333,8608.333333333334,1310300.0,True,exclude,True,avg_daily_value_60d_below_3m
4444,4444.T,infoNet inc.,2101653.3333333335,2443.3333333333335,1548000.0,True,exclude,True,avg_daily_value_60d_below_3m
4167,4167.T,Kokopelli Inc.,58131901.666666664,172810.0,12032750.0,True,pass,False,pass
7362,7362.T,Terminalcare Support Institute Inc.,2856028.3333333335,3625.0,1080000.0,True,exclude,True,avg_daily_value_60d_below_3m
4375,4375.T,Safie Inc.,136399133.33333334,180723.33333333334,128010800.0,True,pass,False,pass
7048,7048.T,VELTRA Corporation,35103211.666666664,202673.33333333334,30590800.0,True,pass,False,pass
4434,4434.T,"Serverworks Co.,Ltd.",73260876.66666667,36125.0,61712700.0,True,pass,False,pass
3416,3416.T,PIXTA Inc.,2337093.3333333335,2625.0,1390950.0,True,exclude,True,avg_daily_value_60d_below_3m
6557,6557.T,AIAI Group Corporation,40640223.333333336,44645.0,27306200.0,True,pass,False,pass
9274,9274.T,"KPP GROUP HOLDINGS CO.,LTD.",270670861.6666667,288011.6666666667,239029500.0,True,pass,False,pass
7071,7071.T,"Amvis Holdings,Inc.",232705380.0,559115.0,202660100.0,True,pass,False,pass
9090,9090.T,AZ-COM MARUWA Holdings Inc.,232528423.33333334,266775.0,208135600.0,True,pass,False,pass
7353,7353.T,"KIYO Learning Co.,Ltd.",4235836.666666667,7385.0,3581550.0,True,review,False,avg_daily_value_60d_below_10m
6552,6552.T,"GameWith,Inc.",59878151.666666664,248733.33333333334,9023750.0,True,pass,False,pass
2813,2813.T,"Wakou Shokuhin Co.,Ltd.",13560591.666666666,3461.6666666666665,9432000.0,True,pass,False,pass
1518,1518.T,"MITSUI MATSUSHIMA HOLDINGS CO.,LTD.",372819925.0,268430.0,334165400.0,True,pass,False,pass
7130,7130.T,"YAMAE GROUP HOLDINGS CO.,LTD.",246312053.33333334,84036.66666666667,198584050.0,True,pass,False,pass
7369,7369.T,"Meiho Holdings,Inc.",5048085.0,9853.333333333334,2594850.0,True,review,False,avg_daily_value_60d_below_10m
4270,4270.T,BeeX Inc.,26671573.333333332,13910.0,13719700.0,True,pass,False,pass
4020,4020.T,BETREND CORPORATION,941430.0,1383.3333333333333,718400.0,True,exclude,True,avg_daily_value_60d_below_3m
3976,3976.T,SHANON Inc.,9096418.333333334,20843.333333333332,2909400.0,True,review,False,avg_daily_value_60d_below_10m
7214,7214.T,GMB CORPORATION,8113900.0,8520.0,5200250.0,True,review,False,avg_daily_value_60d_below_10m
7376,7376.T,"BCC Co.,Ltd.",32683334.994099934,32076.666666666668,14070000.0,True,pass,False,pass
5250,5250.T,"GMO PRIME STRATEGY CO.,LTD.",3891068.3333333335,3350.0,1685250.0,True,review,False,avg_daily_value_60d_below_10m
9818,9818.T,"DAIMARU ENAWIN Co.,Ltd.",1414188.3333333333,760.0,731000.0,True,exclude,True,avg_daily_value_60d_below_3m
3069,3069.T,JFLA Holdings Inc.,16154365.0,97961.66666666667,13317200.0,True,pass,False,pass
5491,5491.T,"NIPPON KINZOKU CO.,LTD.",57261641.666666664,60233.333333333336,38280900.0,True,pass,False,pass
9972,9972.T,"ALTECH CO.,LTD.",5450835.0,19928.333333333332,1989500.0,True,review,False,avg_daily_value_60d_below_10m
6069,6069.T,"Trenders,Inc.",46991558.333333336,68133.33333333333,34341600.0,True,pass,False,pass
3807,3807.T,FISCO Ltd.,18232973.333333332,169543.33333333334,16911400.0,True,pass,False,pass
8869,8869.T,Meiwa Estate Company Limited,96826230.0,102343.33333333333,77584900.0,True,pass,False,pass
4579,4579.T,RaQualia Pharma Inc.,200611621.66666666,266441.6666666667,156880050.0,True,pass,False,pass
6577,6577.T,"Bestone.Com Co.,Ltd",6432835.0,3416.6666666666665,5117850.0,True,review,False,avg_daily_value_60d_below_10m
7990,7990.T,"GLOBERIDE,Inc.",276182553.3333333,120900.0,204565800.0,True,pass,False,pass
7427,7427.T,"ECHO TRADING CO.,LTD.",11171825.0,12798.333333333334,7730100.0,True,pass,False,pass
5891,5891.T,"Kairikiya Co.,Ltd.",27526370.0,18548.333333333332,16236200.0,True,pass,False,pass
1419,1419.T,"Tama Home Co.,Ltd.",607815516.6666666,167631.66666666666,438103500.0,True,pass,False,pass
9557,9557.T,"airCloset,Inc.",12711668.333333334,57528.333333333336,4178550.0,True,pass,False,pass
3180,3180.T,BEAUTY GARAGE Inc.,77756131.66666667,53383.333333333336,52151500.0,True,pass,False,pass
4772,4772.T,"SM ENTERTAINMENT JAPAN Co.,Ltd.",56882265.0,564880.0,12399200.0,True,pass,False,pass
9268,9268.T,OPTIMUS GROUP COMPANY LIMITED,162581413.33333334,367126.6666666667,110902450.0,True,pass,False,pass
6094,6094.T,"FreakOut Holdings,inc.",21448123.333333332,31250.0,12953850.0,True,pass,False,pass
4885,4885.T,MUROMACHI CHEMICALS INC.,71591108.33333333,68900.0,38398450.0,True,pass,False,pass
7366,7366.T,LITALICO Inc.,233433341.66666666,168721.66666666666,165944000.0,True,pass,False,pass
5258,5258.T,Transaction Media Networks Inc.,58568743.333333336,177576.66666666666,39951350.0,True,pass,False,pass
2590,2590.T,"DyDo GROUP HOLDINGS,INC.",376493425.0,140110.0,259885300.0,True,pass,False,pass
4443,4443.T,"Sansan,Inc.",2592403153.3333335,2022025.0,2147367200.0,True,pass,False,pass
7793,7793.T,IMAGE MAGIC Inc.,7564405.0,4506.666666666667,5160550.0,True,review,False,avg_daily_value_60d_below_10m
2156,2156.T,SAYLOR ADVERTISING INC.,2982330.0,10065.0,2027600.0,True,exclude,True,avg_daily_value_60d_below_3m
5885,5885.T,"GDEP ADVANCE,Inc.",131890008.33333333,44721.666666666664,101872850.0,True,pass,False,pass
6982,6982.T,"The Lead Co.,Inc.",1568140.0,2548.3333333333335,876500.0,True,exclude,True,avg_daily_value_60d_below_3m
4176,4176.T,coconala Inc.,52360451.666666664,189166.66666666666,44008500.0,True,pass,False,pass
2693,2693.T,YKT CORPORATION,161684946.66666666,395530.0,5262400.0,True,pass,False,pass
2195,2195.T,"AMITA HOLDINGS CO.,LTD.",510353323.3333333,1044073.3333333334,168431650.0,True,pass,False,pass
8165,8165.T,"SENSHUKAI CO.,LTD.",44742151.666666664,340686.6666666667,22780900.0,True,pass,False,pass
9553,9553.T,"MicroAd,Inc.",267644301.66666666,350598.3333333333,212022050.0,True,pass,False,pass
3175,3175.T,"AP HOLDINGS CO.,LTD.",18610050.0,19830.0,11892900.0,True,pass,False,pass
9363,9363.T,"DAIUN CO.,LTD.",17762485.0,33666.666666666664,9087800.0,True,pass,False,pass
5586,5586.T,Laboro.AI Inc.,52092256.666666664,62250.0,43476500.0,True,pass,False,pass
4488,4488.T,AI inside Inc.,52158325.0,21705.0,39685950.0,True,pass,False,pass
4978,4978.T,ReproCELL Incorporated,130293405.0,767506.6666666666,98993050.0,True,pass,False,pass
2168,2168.T,Pasona Group Inc.,433144513.3333333,250163.33333333334,344026000.0,True,pass,False,pass
7135,7135.T,"JAPAN CRAFT HOLDINGS CO.,LTD.",5677613.333333333,26993.333333333332,2231100.0,True,review,False,avg_daily_value_60d_below_10m
5704,5704.T,JMC Corporation,2486353.3333333335,6310.0,1665300.0,True,exclude,True,avg_daily_value_60d_below_3m
4331,4331.T,"TAKE AND GIVE. NEEDS Co.,Ltd.",41671710.0,59428.333333333336,35046000.0,True,pass,False,pass
5025,5025.T,MERCURY Inc.,981698.3333333334,1413.3333333333333,643850.0,True,exclude,True,avg_daily_value_60d_below_3m
4760,4760.T,"ALPHA CO.,LTD.",2977890.0,1840.0,1436400.0,True,exclude,True,avg_daily_value_60d_below_3m
7997,7997.T,Kurogane Kosakusho Ltd.,2820596.6666666665,2893.3333333333335,1876300.0,True,exclude,True,avg_daily_value_60d_below_3m
2700,2700.T,"KITOKU SHINRYO CO.,LTD.",60802623.333333336,31475.0,50513300.0,True,pass,False,pass
3557,3557.T,UNITED&COLLECTIVE CO.LTD.,12453343.333333334,18963.333333333332,5455600.0,True,pass,False,pass
7044,7044.T,PIALA INC.,7593830.0,14918.333333333334,5716700.0,True,review,False,avg_daily_value_60d_below_10m
3985,3985.T,TEMONA.inc.,4532773.333333333,23405.0,2422200.0,True,review,False,avg_daily_value_60d_below_10m
2791,2791.T,"DAIKOKUTENBUSSAN CO.,LTD.",485456225.0,104735.0,390368500.0,True,pass,False,pass
8139,8139.T,NAGAHORI CORPORATION,81269403.33333333,35356.666666666664,53287200.0,True,pass,False,pass
6029,6029.T,Artra Group Corporation,42334936.666666664,215673.33333333334,6803550.0,True,pass,False,pass
8260,8260.T,"IZUTSUYA CO.,LTD.",9324258.333333334,21485.0,5669600.0,True,review,False,avg_daily_value_60d_below_10m
3994,3994.T,"Money Forward,Inc.",3914358680.0,965296.6666666666,3320299450.0,True,pass,False,pass
3657,3657.T,"Pole To Win Holdings,Inc.",60802366.666666664,202241.66666666666,41410500.0,True,pass,False,pass
2342,2342.T,TRANSGENIC GROUP INC.,73990141.66666667,253205.0,27203900.0,True,pass,False,pass
3286,3286.T,TRUST Holdings Inc.,5634536.666666667,5398.333333333333,4391400.0,True,review,False,avg_daily_value_60d_below_10m
7602,7602.T,"Ledax Co.,Ltd.",23647818.333333332,122486.66666666667,12249650.0,True,pass,False,pass
3880,3880.T,Daio Paper Corporation,395107855.0,385763.3333333333,322005600.0,True,pass,False,pass
5031,5031.T,Moi Corporation,187227966.66666666,310401.6666666667,8051200.0,True,pass,False,pass
4934,4934.T,"Premier Anti-Aging Co.,Ltd.",28685771.666666668,44876.666666666664,13859500.0,True,pass,False,pass
2937,2937.T,"St.Cousair CO.,LTD.",6785321.666666667,3971.6666666666665,4854600.0,True,review,False,avg_daily_value_60d_below_10m
9264,9264.T,"Puequ CO.,LTD.",23524136.666666668,14046.666666666666,16841250.0,True,pass,False,pass
4100,4100.T,TODA KOGYO CORP.,156246608.33333334,89873.33333333333,50154950.0,True,pass,False,pass
7868,7868.T,"KOSAIDO Holdings Co.,Ltd.",1392469978.3333333,2285491.6666666665,456227400.0,True,pass,False,pass
4053,4053.T,Sun* Inc.,74289006.66666667,170513.33333333334,49827800.0,True,pass,False,pass
9240,9240.T,Delivery Consulting Inc.,10153745.0,21083.333333333332,5445650.0,True,pass,False,pass
3772,3772.T,"Wealth Management,Inc.",32182006.666666668,30246.666666666668,23127700.0,True,pass,False,pass
3865,3865.T,Hokuetsu Corporation,348046906.6666667,378250.0,305464750.0,True,pass,False,pass
4478,4478.T,freee K.K.,1685864601.6666667,758691.6666666666,1497770800.0,True,pass,False,pass
3996,3996.T,Signpost Corporation,8832010.0,39550.0,6268600.0,True,review,False,avg_daily_value_60d_below_10m
2330,2330.T,"Forside Co.,Ltd.",37373433.333333336,385931.6666666667,22007900.0,True,pass,False,pass
5612,5612.T,NIPPON CHUTETSUKAN K.K.,29417035.0,17546.666666666668,21080200.0,True,pass,False,pass
3038,3038.T,"KOBE BUSSAN CO.,LTD.",5781448567.5,1843636.6666666667,5227141700.0,True,pass,False,pass
3469,3469.T,"Dualtap Co.,Ltd.",5053941.666666667,5096.666666666667,4565000.0,True,review,False,avg_daily_value_60d_below_10m
6537,6537.T,"WASHHOUSE CO.,LTD.",12720965.0,35438.333333333336,7170700.0,True,pass,False,pass
2183,2183.T,"Linical Co.,Ltd.",11590081.666666666,44728.333333333336,6511600.0,True,pass,False,pass
2999,2999.T,"Home Position Co.,Ltd.",12338323.333333334,21945.0,4811700.0,True,pass,False,pass
5010,5010.T,"NIPPON SEIRO CO.,LTD.",63959341.666666664,245576.66666666666,48531650.0,True,pass,False,pass
7035,7035.T,"and factory,inc",3848196.6666666665,17121.666666666668,2885200.0,True,review,False,avg_daily_value_60d_below_10m
6578,6578.T,CORREC HOLDINGS Inc.,3712525.0,8868.333333333334,2718700.0,True,review,False,avg_daily_value_60d_below_10m
7985,7985.T,NEPON Inc.,5950063.333333333,5298.333333333333,2753850.0,True,review,False,avg_daily_value_60d_below_10m
9827,9827.T,"Lilycolor Co.,Ltd.",19032680.0,29668.333333333332,16325400.0,True,pass,False,pass
9444,9444.T,"TOSHIN HOLDINGS CO.,LTD",14781470.0,64285.0,3690750.0,True,pass,False,pass
5035,5035.T,HOUSEI Inc.,2544078.3333333335,6136.666666666667,1533250.0,True,exclude,True,avg_daily_value_60d_below_3m
3634,3634.T,Sockets Inc.,76894750.0,96018.33333333333,12700800.0,True,pass,False,pass
2158,2158.T,"FRONTEO,Inc.",324048711.6666667,419183.3333333333,252808550.0,True,pass,False,pass
7352,7352.T,TWOSTONE&Sons Inc.,86634858.33333333,179778.33333333334,63136500.0,True,pass,False,pass
3377,3377.T,BIKE O & COMPANY Ltd.,5761561.666666667,14433.333333333334,4176950.0,True,review,False,avg_daily_value_60d_below_10m
9330,9330.T,AGEHA Inc.,2617271.6666666665,2978.3333333333335,1812750.0,True,exclude,True,avg_daily_value_60d_below_3m
4170,4170.T,"Kaizen Platform,Inc.",24852466.666666668,154326.66666666666,21054500.0,True,pass,False,pass
4074,4074.T,"LaKeel,Inc.",20012460.0,28086.666666666668,14380950.0,True,pass,False,pass
9885,9885.T,"CHARLE CO.,LTD.",2640031.6666666665,7558.333333333333,1507350.0,True,exclude,True,avg_daily_value_60d_below_3m
6182,6182.T,MetaReal Corporation,38173645.0,78185.0,25128750.0,True,pass,False,pass
7974,7974.T,"Nintendo Co.,Ltd.",94607247510.0,11350696.666666666,83039230600.0,True,pass,False,pass
4446,4446.T,Link-U Group Inc.,152158360.0,182903.33333333334,86976600.0,True,pass,False,pass
2788,2788.T,"APPLE INTERNATIONAL CO.,LTD.",16914056.666666668,47615.0,8214000.0,True,pass,False,pass
2962,2962.T,"TECNISCO,LTD.",217537406.66666666,210721.66666666666,114182000.0,True,pass,False,pass
7061,7061.T,Japan Hospice Holdings Inc.,74741011.66666667,101936.66666666667,60743750.0,True,pass,False,pass
9204,9204.T,Skymark Airlines Inc.,81447915.0,221486.66666666666,57852000.0,True,pass,False,pass
4512,4512.T,"WAKAMOTO PHARMACEUTICAL CO.,LTD.",40484806.666666664,120950.0,30385600.0,True,pass,False,pass
3760,3760.T,"CAVE Interactive CO.,LTD.",12434678.333333334,19978.333333333332,6975800.0,True,pass,False,pass
4068,4068.T,Basis Corporation,3137950.0,1785.0,2407950.0,True,review,False,avg_daily_value_60d_below_10m
7681,7681.T,"LEOCLAN Co.,Ltd.",1105006.6666666667,1270.0,302150.0,True,exclude,True,avg_daily_value_60d_below_3m
7610,7610.T,"TAY TWO CO.,LTD.",130786970.0,920518.3333333334,114522400.0,True,pass,False,pass
9082,9082.T,"Daiwa Motor Transportation Co.,Ltd.",3001830.0,2286.6666666666665,2168350.0,True,review,False,avg_daily_value_60d_below_10m
4052,4052.T,Ficha Inc.,12479770.0,38278.333333333336,2675000.0,True,pass,False,pass
9166,9166.T,GENDA Inc.,1350602798.3333333,2322455.0,1116329600.0,True,pass,False,pass
3607,3607.T,"KURAUDIA HOLDINGS CO.,LTD.",6141038.333333333,17081.666666666668,4498600.0,True,review,False,avg_daily_value_60d_below_10m
7112,7112.T,"CUBE CO.,LTD.",6765490.0,8363.333333333334,4121450.0,True,review,False,avg_daily_value_60d_below_10m
7356,7356.T,Retty Inc.,6850650.0,48795.0,3635600.0,True,review,False,avg_daily_value_60d_below_10m
3926,3926.T,Open Door Inc.,23326026.666666668,71730.0,17549450.0,True,pass,False,pass
7359,7359.T,"Tokyo Communications Group,Inc.",8312595.0,34065.0,6258900.0,True,review,False,avg_daily_value_60d_below_10m
2767,2767.T,TSUBURAYA FIELDS HOLDINGS INC.,664230243.3333334,459145.0,608538300.0,True,pass,False,pass
3182,3182.T,Oisix ra daichi Inc.,162832058.33333334,115456.66666666667,141320100.0,True,pass,False,pass
4222,4222.T,"KODAMA CHEMICAL INDUSTRY CO.,LTD.",425851551.6666667,402918.3333333333,332518900.0,True,pass,False,pass
8247,8247.T,"Daiwa Co.,Ltd.",7603256.666666667,27190.0,3573100.0,True,review,False,avg_daily_value_60d_below_10m
2585,2585.T,"LIFEDRINK COMPANY,INC.",2207372208.3333335,1635720.0,1781339850.0,True,pass,False,pass
7114,7114.T,"Foodison,Inc.",1665603.3333333333,2013.3333333333333,1430550.0,True,exclude,True,avg_daily_value_60d_below_3m
3697,3697.T,SHIFT Inc.,5806373240.805766,8628496.666666666,4978585005.386353,True,pass,False,pass
9517,9517.T,"eREX Co.,Ltd.",640418500.0,680461.6666666666,523328400.0,True,pass,False,pass
7140,7140.T,Petgo Corporation,2658493.3333333335,3158.3333333333335,1967350.0,True,exclude,True,avg_daily_value_60d_below_3m
7674,7674.T,"NATTY SWANKY holdings Co.,Ltd.",9404816.666666666,3715.0,6627450.0,True,review,False,avg_daily_value_60d_below_10m
8040,8040.T,"TOKYO SOIR CO.,LTD.",2658375.0,2501.6666666666665,1814750.0,True,exclude,True,avg_daily_value_60d_below_3m
6228,6228.T,"J.E.T.Co.,LTD.",30244683.333333332,48065.0,18557200.0,True,pass,False,pass
7918,7918.T,"VIA Holdings,Inc.",14959241.666666666,127440.0,6420700.0,True,pass,False,pass
9561,9561.T,GLAD CUBE Inc.,9119596.666666666,19946.666666666668,5374950.0,True,review,False,avg_daily_value_60d_below_10m
3803,3803.T,Image Information Inc.,110287526.66666667,170968.33333333334,33733100.0,True,pass,False,pass
3135,3135.T,"MarketEnterprise Co.,Ltd",31829240.0,28991.666666666668,21850750.0,True,pass,False,pass
7695,7695.T,"Koukandekirukun,Inc.",8783695.0,11231.666666666666,5608900.0,True,review,False,avg_daily_value_60d_below_10m
4385,4385.T,"Mercari,Inc.",6699641391.666667,1745580.0,5909957500.0,True,pass,False,pass
5871,5871.T,SOLIZE Holdings Corporation,7880615.0,5701.666666666667,5307250.0,True,review,False,avg_daily_value_60d_below_10m
6620,6620.T,"Miyakoshi Holdings,Inc.",108398003.33333333,159541.66666666666,55564950.0,True,pass,False,pass
3134,3134.T,Hamee Corp.,90865578.33333333,188535.0,76395100.0,True,pass,False,pass
7066,7066.T,"Peers Co.,Ltd.",46300448.333333336,88118.33333333333,11756750.0,True,pass,False,pass
4416,4416.T,True Data Inc.,5295186.666666667,12066.666666666666,3418350.0,True,review,False,avg_daily_value_60d_below_10m
7072,7072.T,"Intimate Merger,Inc.",24934520.0,22140.0,4754600.0,True,pass,False,pass
9258,9258.T,"CS-C.Co.,Ltd.",690260.0,2075.0,239400.0,True,exclude,True,avg_daily_value_60d_below_3m
2162,2162.T,nms Holdings Corporation,15175833.333333334,37041.666666666664,8491500.0,True,pass,False,pass
4264,4264.T,"SECURE,INC.",27810103.333333332,15816.666666666666,22949450.0,True,pass,False,pass
2315,2315.T,CAICA DIGITAL Inc.,144677983.33333334,1910353.3333333333,115454700.0,True,pass,False,pass
7810,7810.T,"Crossfor Co.,Ltd.",35760865.0,176485.0,15348150.0,True,pass,False,pass
7038,7038.T,Frontier Management Inc.,17191195.0,30503.333333333332,12806750.0,True,pass,False,pass
4378,4378.T,CINC Corp.,1309255.0,2833.3333333333335,764200.0,True,exclude,True,avg_daily_value_60d_below_3m
9888,9888.T,"UEX,LTD.",42944633.333333336,52905.0,21326400.0,True,pass,False,pass
7273,7273.T,"IKUYO CO.,LTD.",71448203.33333333,109580.0,48509800.0,True,pass,False,pass
7133,7133.T,"HYUGA PRIMARY CARE Co.,Ltd.",13435166.666666666,13090.0,8147250.0,True,pass,False,pass
7692,7692.T,EARTH INFINITY CO.LTD.,52447175.0,533761.6666666666,35025400.0,True,pass,False,pass
6054,6054.T,Livesense Inc.,17552196.666666668,135123.33333333334,6947150.0,True,pass,False,pass
9326,9326.T,"KANTSU HD CO.,LTD.",5720790.0,13108.333333333334,4348400.0,True,review,False,avg_daily_value_60d_below_10m
3945,3945.T,"Superbag Company,Limited",11491630.0,4953.333333333333,6486050.0,True,pass,False,pass
6046,6046.T,LINKBAL INC.,18184413.333333332,105841.66666666667,10598700.0,True,pass,False,pass
6190,6190.T,"PhoenixBio Co.,Ltd.",15815028.333333334,34713.333333333336,4750750.0,True,pass,False,pass
3238,3238.T,"CENTRAL GENERAL DEVELOPMENT CO.,LTD.",7547003.333333333,20653.333333333332,3078050.0,True,review,False,avg_daily_value_60d_below_10m
9219,9219.T,GiXo Ltd.,6850618.333333333,7410.0,5080450.0,True,review,False,avg_daily_value_60d_below_10m
4393,4393.T,"Bank of Innovation,Inc.",174589733.33333334,34256.666666666664,149580000.0,True,pass,False,pass
4192,4192.T,SpiderPlus & Co.,65712916.666666664,234516.66666666666,51815700.0,True,pass,False,pass
9704,9704.T,"Agora Hospitality Group Co.,Ltd.",30137603.333333332,814058.3333333334,22492550.0,True,pass,False,pass
7803,7803.T,Bushiroad Inc.,159848943.33333334,614988.3333333334,130108950.0,True,pass,False,pass
5820,5820.T,"MITSUBOSHI CO.,LTD.",59666088.333333336,65028.333333333336,34233500.0,True,pass,False,pass
7422,7422.T,"TOHO LAMAC CO.,LTD.",2231791.6666666665,5406.666666666667,1432700.0,True,exclude,True,avg_daily_value_60d_below_3m
3793,3793.T,"Drecom Co.,Ltd.",45946766.666666664,108835.0,30641200.0,True,pass,False,pass
7897,7897.T,"HOKUSHIN CO.,LTD.",23082798.333333332,220531.66666666666,22599300.0,True,pass,False,pass
7031,7031.T,Inbound Tech Inc.,13823953.333333334,19311.666666666668,2331800.0,True,pass,False,pass
2872,2872.T,"SEIHYO CO.,LTD.",4627351.666666667,2166.6666666666665,3696200.0,True,review,False,avg_daily_value_60d_below_10m
2138,2138.T,"CROOZ,Inc.",14737348.333333334,27871.666666666668,9058450.0,True,pass,False,pass
7859,7859.T,ALMEDIO INC.,255201351.66666666,901508.3333333334,128565700.0,True,pass,False,pass
7640,7640.T,"TOP CULTURE Co.,Ltd.",10031380.0,48513.333333333336,3540250.0,True,pass,False,pass
4069,4069.T,BlueMeme Inc.,12241366.666666666,11450.0,7004500.0,True,pass,False,pass
7093,7093.T,"adish Co.,Ltd.",7929298.333333333,15063.333333333334,1285150.0,True,review,False,avg_daily_value_60d_below_10m
3905,3905.T,Datasection Inc.,5561041981.666667,1701755.0,939718250.0,True,pass,False,pass
1447,1447.T,"SAAF Holdings Co.,Ltd.",80032645.0,223803.33333333334,48222200.0,True,pass,False,pass
6198,6198.T,"CAREER CO.,LTD.",868650.0,3726.6666666666665,400350.0,True,exclude,True,avg_daily_value_60d_below_3m
9212,9212.T,"Green Earth Institute Co.,Ltd.",87201216.66666667,221293.33333333334,49688150.0,True,pass,False,pass
9563,9563.T,Atlas Technologies Corporation,3805786.6666666665,13073.333333333334,1795200.0,True,review,False,avg_daily_value_60d_below_10m
9252,9252.T,"Last One Mile Co.,Ltd.",62131116.666666664,15513.333333333334,50615000.0,True,pass,False,pass
9162,9162.T,"Bleach,Inc.",7127335.0,28263.333333333332,3570450.0,True,review,False,avg_daily_value_60d_below_10m
6532,6532.T,"BayCurrent,Inc.",9717307288.333334,1920065.0,8238050400.0,True,pass,False,pass
2998,2998.T,CREAL Inc.,102828890.0,160391.66666666666,81276150.0,True,pass,False,pass
7115,7115.T,AlphaPurchase Corporation,20436126.666666668,12355.0,18474750.0,True,pass,False,pass
7809,7809.T,"KOTOBUKIYA CO.,LTD.",9641031.666666666,7106.666666666667,7528650.0,True,review,False,avg_daily_value_60d_below_10m
4888,4888.T,STELLA PHARMA CORPORATION,1609617806.6666667,2475563.3333333335,795951400.0,True,pass,False,pass
7477,7477.T,MURAKI CORPORATION,20475286.666666668,9760.0,2669300.0,True,pass,False,pass
4344,4344.T,SOURCENEXT CORPORATION,122500645.0,976775.0,97733750.0,True,pass,False,pass
3267,3267.T,"Phil Company,Inc.",48044646.666666664,51483.333333333336,33926150.0,True,pass,False,pass
3840,3840.T,PATH Corporation,131624486.66666667,1720310.0,29673250.0,True,pass,False,pass
7083,7083.T,AHC GROUP INC.,1743753.3333333333,2340.0,804300.0,True,exclude,True,avg_daily_value_60d_below_3m
8202,8202.T,"Laox Holdings CO.,LTD.",15176778.333333334,102313.33333333333,9400400.0,True,pass,False,pass
8166,8166.T,"Taka-Q Co.,Ltd.",7522776.666666667,95576.66666666667,5105100.0,True,review,False,avg_daily_value_60d_below_10m
7601,7601.T,"POPLAR CO.,Ltd.",3418575.0,20150.0,2306550.0,True,review,False,avg_daily_value_60d_below_10m
3903,3903.T,gumi Inc.,159141436.66666666,491550.0,127719850.0,True,pass,False,pass
2980,2980.T,SRE Holdings Corporation,1330277315.0,445450.0,1221434750.0,True,pass,False,pass
5380,5380.T,SHINTO COMPANY LIMITED,2299820.0,1676.6666666666667,1318500.0,True,exclude,True,avg_daily_value_60d_below_3m
4427,4427.T,"EduLab,Inc.",115055496.66666667,437830.0,33375700.0,True,pass,False,pass
2929,2929.T,"Pharma Foods International Co.,Ltd.",187330905.0,282663.3333333333,120509650.0,True,pass,False,pass
3111,3111.T,"OMIKENSHI CO.,LTD.",4771068.333333333,22116.666666666668,2255000.0,True,review,False,avg_daily_value_60d_below_10m
3192,3192.T,"Shirohato Co.,Ltd.",90086686.66666667,198698.33333333334,18960750.0,True,pass,False,pass
4014,4014.T,"KARADANOTE,INC.",3747406.6666666665,8973.333333333334,2410800.0,True,review,False,avg_daily_value_60d_below_10m
6786,6786.T,RVH Inc.,6753053.333333333,127298.33333333333,5579100.0,True,review,False,avg_daily_value_60d_below_10m
8254,8254.T,"Saikaya Department Store Co.,Ltd.",8267813.333333333,30321.666666666668,6740900.0,True,review,False,avg_daily_value_60d_below_10m
3779,3779.T,"J ESCOM HOLDINGS,INC.",6567488.333333333,42868.333333333336,3166700.0,True,review,False,avg_daily_value_60d_below_10m
7524,7524.T,MARCHE CORPORATION,3916646.6666666665,23490.0,2520600.0,True,review,False,avg_daily_value_60d_below_10m
4174,4174.T,Appirits Inc.,2156405.0,3431.6666666666665,1165550.0,True,exclude,True,avg_daily_value_60d_below_3m
9565,9565.T,GLOE Inc.,6835231.666666667,8903.333333333334,2957800.0,True,review,False,avg_daily_value_60d_below_10m
9213,9213.T,SEYFERT LTD.,9120931.666666666,10378.333333333334,3849000.0,True,review,False,avg_daily_value_60d_below_10m
9941,9941.T,"TAIYO BUSSAN KAISHA,LTD.",146652115.0,128413.33333333333,40093050.0,True,pass,False,pass
3358,3358.T,"Trailhead Global Holdings,Inc.",109203061.66666667,945343.3333333334,26503400.0,True,pass,False,pass
3896,3896.T,"AWA PAPER & TECHNOLOGICAL COMPANY,Inc.",40996015.0,94566.66666666667,23487350.0,True,pass,False,pass
9246,9246.T,"ProjectHoldings,Inc.",2736141.6666666665,2618.3333333333335,2316400.0,True,exclude,True,avg_daily_value_60d_below_3m
4376,4376.T,Kufu Company Holdings Inc.,5757683.333333333,36780.0,3385650.0,True,review,False,avg_daily_value_60d_below_10m
4166,4166.T,Cacco Inc.,9571305.0,13215.0,3507400.0,True,review,False,avg_daily_value_60d_below_10m
8995,8995.T,"Makoto Construction CO,Ltd",11325533.333333334,10026.666666666666,6383100.0,True,pass,False,pass
3195,3195.T,"GENERATION PASS CO.,LTD.",32570341.666666668,73141.66666666667,20218350.0,True,pass,False,pass
2776,2776.T,"SHINTO Holdings,Inc.",86936205.0,688080.0,52075550.0,True,pass,False,pass
7865,7865.T,"People Co.,Ltd.",1444871.6666666667,3591.6666666666665,736200.0,True,exclude,True,avg_daily_value_60d_below_3m
3053,3053.T,"PEPPER FOOD SERVICE CO.,LTD.",44967386.666666664,246740.0,41037100.0,True,pass,False,pass
6548,6548.T,TABIKOBO Co.Ltd.,5959118.333333333,47161.666666666664,3183650.0,True,review,False,avg_daily_value_60d_below_10m
3909,3909.T,Showcase Inc.,5007548.333333333,21810.0,2639500.0,True,review,False,avg_daily_value_60d_below_10m
8267,8267.T,"AEON CO.,LTD.",14467840911.666666,8454340.0,13325136100.0,True,pass,False,pass
4387,4387.T,"ZUU Co.,Ltd.",2581795.0,4441.666666666667,2105900.0,True,exclude,True,avg_daily_value_60d_below_3m
4448,4448.T,"kubell Co.,Ltd.",44491193.333333336,156153.33333333334,38761500.0,True,pass,False,pass
9225,9225.T,Bridge Consulting Group Inc.,1033845.0,965.0,331200.0,True,exclude,True,avg_daily_value_60d_below_3m
3856,3856.T,Abalance Corporation,147798545.0,258675.0,113468800.0,True,pass,False,pass
4935,4935.T,"LIBERTA CO.,LTD.",116905315.0,405165.0,80407950.0,True,pass,False,pass
3064,3064.T,"MonotaRO Co.,Ltd.",6105263480.833333,3290951.6666666665,4924173525.0,True,pass,False,pass
5884,5884.T,"KURADASHI.Co.,Ltd.",10066870.0,19930.0,8190600.0,True,pass,False,pass
4011,4011.T,"Headwaters Co.,Ltd",76475583.33333333,33038.333333333336,53048600.0,True,pass,False,pass
5026,5026.T,"TRIPLEIZE CO.,LTD.",25353313.333333332,40405.0,20682900.0,True,pass,False,pass
9236,9236.T,Japan M&A Solution Incorporated,7618761.666666667,6555.0,2676400.0,True,review,False,avg_daily_value_60d_below_10m
4599,4599.T,StemRIM Inc.,49967063.333333336,166650.0,41090000.0,True,pass,False,pass
3370,3370.T,"FUJITA CORPORATION Co.,Ltd.",23327361.666666668,48926.666666666664,14924450.0,True,pass,False,pass
5337,5337.T,DANTO HOLDINGS CORPORATION,19327510.0,25251.666666666668,9493500.0,True,pass,False,pass
2484,2484.T,"DEMAE-CAN CO.,LTD",65827140.0,512971.6666666667,51054150.0,True,pass,False,pass
7837,7837.T,"R.C.CORE CO.,LTD.",1918855.0,5946.666666666667,1446900.0,True,exclude,True,avg_daily_value_60d_below_3m
8918,8918.T,"LAND Co.,Ltd.",2139294545.0,219404475.0,2146023500.0,True,pass,False,pass
2884,2884.T,Yoshimura Food Holdings K.K.,131427036.66666667,170515.0,79287150.0,True,pass,False,pass
4890,4890.T,Tsubota Laboratory Incorporated,262706766.66666666,678183.3333333334,24305550.0,True,pass,False,pass
1382,1382.T,"HOB Co.,Ltd.",3380536.6666666665,2008.3333333333333,2322250.0,True,review,False,avg_daily_value_60d_below_10m
9425,9425.T,ReYuu Japan Inc.,133537153.33333333,442250.0,17299600.0,True,pass,False,pass
7878,7878.T,"Kohsai Co.,Ltd.",4127451.6666666665,3898.3333333333335,2325600.0,True,review,False,avg_daily_value_60d_below_10m
2762,2762.T,"SANKO MARKETING FOODS CO.,LTD.",7216708.333333333,74355.0,4958450.0,True,review,False,avg_daily_value_60d_below_10m
5541,5541.T,"PACIFIC METALS CO.,LTD.",1179327185.0,440101.6666666667,1028301500.0,True,pass,False,pass
7886,7886.T,"YAMATO Mobility & Mfg. Co.,Ltd.",3701403.3333333335,5805.0,1662800.0,True,review,False,avg_daily_value_60d_below_10m
5247,5247.T,"BTM,Inc.",8566441.666666666,12628.333333333334,4596550.0,True,review,False,avg_daily_value_60d_below_10m
5618,5618.T,Nyle Inc.,1783081.6666666667,5686.666666666667,1190400.0,True,exclude,True,avg_daily_value_60d_below_3m
2437,2437.T,"SHINWA WISE HOLDINGS CO.,LTD.",77031813.33333333,131163.33333333334,53196500.0,True,pass,False,pass
7571,7571.T,YAMANO HOLDINGS CORPORATION,25890121.666666668,261293.33333333334,23464800.0,True,pass,False,pass
3647,3647.T,"ASULINA Co.,Ltd.",89064431.66666667,623208.3333333334,31256000.0,True,pass,False,pass
7585,7585.T,KAN-NANMARU CORPORATION,1810730.0,4413.333333333333,1597050.0,True,exclude,True,avg_daily_value_60d_below_3m
2375,2375.T,GiG Works Inc.,20281675.0,91718.33333333333,7795250.0,True,pass,False,pass
3778,3778.T,SAKURA internet Inc.,6982859726.666667,2150501.6666666665,2792572500.0,True,pass,False,pass
7360,7360.T,"ONDECK Co.,Ltd.",1379818.3333333333,1823.3333333333333,864900.0,True,exclude,True,avg_daily_value_60d_below_3m
9073,9073.T,"Kyogoku unyu shoji Co.,Ltd.",6531641.666666667,5055.0,2459000.0,True,review,False,avg_daily_value_60d_below_10m
6659,6659.T,"MEDIA LINKS CO.,LTD.",480588051.6666667,7316905.0,66613400.0,True,pass,False,pass
9241,9241.T,"Future Link Network Co.,Ltd.",1778250.0,1300.0,1384000.0,True,exclude,True,avg_daily_value_60d_below_3m
7036,7036.T,eMnet Japan.co.ltd.,7302433.333333333,9333.333333333334,2387500.0,True,review,False,avg_daily_value_60d_below_10m
3205,3205.T,DAIDOH LIMITED,382065946.6666667,486270.0,216716100.0,True,pass,False,pass
2934,2934.T,"J Frontier Co.,Ltd.",14769026.666666666,9548.333333333334,11533500.0,True,pass,False,pass
4056,4056.T,Neural Group Inc.,18680480.0,60485.0,16655700.0,True,pass,False,pass
3815,3815.T,"Media Kobo,Inc.",4010890.0,8818.333333333334,3615150.0,True,review,False,avg_daily_value_60d_below_10m
4199,4199.T,WonderPlanet Inc.,26238188.333333332,27766.666666666668,14424050.0,True,pass,False,pass
4499,4499.T,"Speee,Inc.",458653946.6666667,160540.0,368865750.0,True,pass,False,pass
2978,2978.T,TSUKURUBA Inc.,5351291.666666667,12663.333333333334,2792100.0,True,review,False,avg_daily_value_60d_below_10m
3261,3261.T,"GRANDES,Inc.",5255588.333333333,11506.666666666666,4943400.0,True,review,False,avg_daily_value_60d_below_10m
5892,5892.T,"yutori,Inc.",148605755.0,66871.66666666667,112961000.0,True,pass,False,pass
4288,4288.T,"Asgent,Inc.",141564246.66666666,187066.66666666666,24878550.0,True,pass,False,pass
2778,2778.T,"PALEMO HOLDINGS CO.,LTD.",21675880.0,170311.66666666666,10717750.0,True,pass,False,pass
1514,1514.T,"Sumiseki Holdings,Inc.",1566456366.6666667,1697803.3333333333,988567350.0,True,pass,False,pass
3936,3936.T,"Globalway,Inc.",697716426.6666666,3506568.3333333335,47410400.0,True,pass,False,pass
9331,9331.T,Caster Co.Ltd.,2234780.0,3113.3333333333335,1215850.0,True,exclude,True,avg_daily_value_60d_below_3m
9229,9229.T,"SUNWELS Co.,Ltd.",44717201.666666664,192255.0,30706650.0,True,pass,False,pass
4490,4490.T,VisasQ Inc.,36188670.0,55093.333333333336,16922250.0,True,pass,False,pass
7946,7946.T,KOYOSHA INC.,12601401.666666666,21721.666666666668,3966750.0,True,pass,False,pass
3315,3315.T,"NIPPON COKE & ENGINEERING COMPANY,LIMITED",1161864911.6666667,10058468.333333334,530441100.0,True,pass,False,pass
3726,3726.T,"4Cs HD Co.,Ltd.",18631673.333333332,43338.333333333336,9297550.0,True,pass,False,pass
4552,4552.T,"JCR Pharmaceuticals Co.,Ltd.",349695526.6666667,622926.6666666666,294977500.0,True,pass,False,pass
6558,6558.T,"Cookbiz Co.,Ltd.",2471598.3333333335,3543.3333333333335,621900.0,True,exclude,True,avg_daily_value_60d_below_3m
3686,3686.T,DLE Inc.,22670738.333333332,217150.0,18651000.0,True,pass,False,pass
4889,4889.T,Renascience Inc.,844572040.0,528081.6666666666,614474650.0,True,pass,False,pass
3083,3083.T,"Star seeds Co.,Ltd.",309441841.6666667,283780.0,254046400.0,True,pass,False,pass
4591,4591.T,RIBOMIC Inc.,252930008.33333334,2623053.3333333335,55798300.0,True,pass,False,pass
5246,5246.T,"ELEMENTS,Inc.",383262906.6666667,585530.0,257829400.0,True,pass,False,pass
2901,2901.T,Wel-Dish.Incorporated,79092873.33333333,365975.0,32580000.0,True,pass,False,pass
5242,5242.T,"EYEZ,INC.",1508865.0,1488.3333333333333,943650.0,True,exclude,True,avg_daily_value_60d_below_3m
4880,4880.T,"CellSource Co.,Ltd.",28764231.666666668,76033.33333333333,21319850.0,True,pass,False,pass
6619,6619.T,W-SCOPE Corporation,753395208.3333334,3043398.3333333335,592743100.0,True,pass,False,pass
9978,9978.T,"BUNKYODO GROUP HOLDINGS CO.,LTD.",5817000.0,123105.0,3811200.0,True,review,False,avg_daily_value_60d_below_10m
7694,7694.T,itsumo.inc.,11102033.333333334,18650.0,7956500.0,True,pass,False,pass
6232,6232.T,ACSL Ltd.,6406209675.0,2792835.0,3597947400.0,True,pass,False,pass
4891,4891.T,"TMS Co.,Ltd.",42905671.666666664,298051.6666666667,32398000.0,True,pass,False,pass
3187,3187.T,miratap inc.,4857536.666666667,19613.333333333332,4001900.0,True,review,False,avg_daily_value_60d_below_10m
2673,2673.T,"YUMEMITSUKETAI Co.,Ltd.",44943388.333333336,295003.3333333333,18435850.0,True,pass,False,pass
5616,5616.T,"Ame Kaze Taiyo,Inc.",4352483.333333333,5628.333333333333,2876550.0,True,review,False,avg_daily_value_60d_below_10m
2936,2936.T,"BASE FOOD,Inc.",13270301.666666666,41856.666666666664,9240850.0,True,pass,False,pass
7527,7527.T,SystemSoft Corporation,92844031.66666667,1738361.6666666667,82547950.0,True,pass,False,pass
2586,2586.T,FRUTA FRUTA INC.,212399843.33333334,1954055.0,112585250.0,True,pass,False,pass
6177,6177.T,AppBank Inc.,35969006.666666664,333096.6666666667,24026500.0,True,pass,False,pass
4584,4584.T,Kidswell Bio Corporation,162284851.66666666,692820.0,137981600.0,True,pass,False,pass
4316,4316.T,"BeMap,Inc.",242055620.0,752453.3333333334,127508100.0,True,pass,False,pass
4424,4424.T,"Amazia,inc.",5540380.0,21961.666666666668,2875450.0,True,review,False,avg_daily_value_60d_below_10m
3041,3041.T,"Beauty Kadan Holdings Co.,Ltd.",8164265.0,14591.666666666666,5476000.0,True,review,False,avg_daily_value_60d_below_10m
8938,8938.T,"GLOME Holdings,Inc.",7811910.0,22875.0,4094050.0,True,review,False,avg_daily_value_60d_below_10m
3664,3664.T,WIZE INC.,180657430.0,5471616.666666667,146344050.0,True,pass,False,pass
4592,4592.T,SanBio Company Limited,2707681278.3333335,1419565.0,2037307850.0,True,pass,False,pass
6081,6081.T,"Allied Architects,Inc.",156875926.66666666,469453.3333333333,53654450.0,True,pass,False,pass
5131,5131.T,Linkers Corporation,14207233.333333334,102933.33333333333,8021850.0,True,pass,False,pass
3672,3672.T,AltPlusInc.,23276993.333333332,619208.3333333334,13584000.0,True,pass,False,pass
9812,9812.T,"T.O. Holdings CO.,LTD.",3785228.3333333335,14840.0,2048500.0,True,review,False,avg_daily_value_60d_below_10m
7578,7578.T,"NICHIRYOKU CO.,LTD.",7669083.333333333,76051.66666666667,5392050.0,True,review,False,avg_daily_value_60d_below_10m
4169,4169.T,ENECHANGE Ltd.,378457363.3333333,1312011.6666666667,293347800.0,True,pass,False,pass
7815,7815.T,"TOKYO BOARD INDUSTRIES CO.,LTD.",1768086.6666666667,5210.0,869500.0,True,exclude,True,avg_daily_value_60d_below_3m
6579,6579.T,"logly,Inc.",30251360.0,78426.66666666667,1484500.0,True,pass,False,pass
9878,9878.T,"SEKIDO CO.,LTD.",7744043.333333333,15083.333333333334,3997000.0,True,review,False,avg_daily_value_60d_below_10m
4265,4265.T,Institution for a Global Society Corporation,222223828.33333334,535930.0,24581500.0,True,pass,False,pass
7689,7689.T,Copa Corporation Inc.,607705.0,1401.6666666666667,348650.0,True,exclude,True,avg_daily_value_60d_below_3m
8143,8143.T,"LAPINE CO.,LTD.",1801486.6666666667,9486.666666666666,1128100.0,True,exclude,True,avg_daily_value_60d_below_3m
9238,9238.T,"VALUE CREATION CO.,LTD.",6493781.666666667,10863.333333333334,3798300.0,True,review,False,avg_daily_value_60d_below_10m
2459,2459.T,"AUN CONSULTING,Inc.",25571976.666666668,117300.0,6192700.0,True,pass,False,pass
7901,7901.T,MATSUMOTO INC.,44583586.666666664,38501.666666666664,15945000.0,True,pass,False,pass
5721,5721.T,S Crypto Energy Inc.,346182953.3333333,3414223.3333333335,250008850.0,True,pass,False,pass
7078,7078.T,INCLUSIVE Holdings Inc.,10283473.333333334,26396.666666666668,7744650.0,True,pass,False,pass
3070,3070.T,"JELLY BEANS GROUP Co.,Ltd.",462294411.6666667,4667025.0,325440800.0,True,pass,False,pass
5535,5535.T,MIGALO HOLDINGS Inc.,111840178.33333333,339596.6666666667,93061700.0,True,pass,False,pass
4883,4883.T,Modalis Therapeutics Corporation,215029953.33333334,3348565.0,65899900.0,True,pass,False,pass
3137,3137.T,"Fundely Co.,Ltd.",100214653.33333333,391793.3333333333,21441500.0,True,pass,False,pass
5240,5240.T,"monoAI technology Co.,Ltd.",21159403.333333332,118555.0,12826650.0,True,pass,False,pass
9327,9327.T,"e-LogiT co.,ltd.",9551403.333333334,45911.666666666664,6528100.0,True,review,False,avg_daily_value_60d_below_10m
9235,9235.T,"Ureru Net Advertising Group Co.,Ltd.",332560956.6666667,484030.0,73538650.0,True,pass,False,pass
7615,7615.T,"KYOTO KIMONO YUZEN HOLDINGS Co.,Ltd.",50488786.666666664,397370.0,32075000.0,True,pass,False,pass
7138,7138.T,"TORICO Co.,Ltd.",53278406.666666664,255681.66666666666,39515400.0,True,pass,False,pass
8894,8894.T,"REVOLUTION CO.,LTD.",49435041.666666664,1136558.3333333333,32377000.0,True,pass,False,pass
5856,5856.T,"Life Intelligent Enterprise Holdings Co.,Ltd.",240062140.0,9700575.0,77821900.0,True,pass,False,pass
5129,5129.T,FIXER Inc.,171558565.0,394121.6666666667,42218550.0,True,pass,False,pass
3825,3825.T,"Remixpoint,inc.",233269813.33333334,1070056.6666666667,193365200.0,True,pass,False,pass
4425,4425.T,Kudan Inc.,734449651.6666666,317965.0,628690650.0,True,pass,False,pass
7426,7426.T,Yamadai Corporation,14961135.0,19118.333333333332,7024600.0,True,pass,False,pass
3624,3624.T,AXEL MARK INC.,43791481.666666664,602535.0,17418500.0,True,pass,False,pass
5216,5216.T,"KURAMOTO CO.,LTD.",54943598.333333336,332750.0,38284800.0,True,pass,False,pass
4896,4896.T,"K Pharma,Inc.",54084976.666666664,68353.33333333333,29821250.0,True,pass,False,pass
4833,4833.T,"Def consulting,inc.",100922730.0,1503170.0,80678500.0,True,pass,False,pass
2370,2370.T,"MEDINET Co.,Ltd.",33330170.0,1130090.0,16176850.0,True,pass,False,pass
4588,4588.T,Oncolys BioPharma Inc.,4454590498.333333,1666781.6666666667,3428222500.0,True,pass,False,pass
4564,4564.T,"OncoTherapy Science,Inc.",3026969586.6666665,131202730.0,3457794950.0,True,pass,False,pass
7794,7794.T,EDP Corporation,1118618286.6666667,866753.3333333334,641335950.0,True,pass,False,pass
4892,4892.T,Cyfuse Biomedical K.K.,67879095.0,104105.0,34186200.0,True,pass,False,pass
7776,7776.T,CellSeed Inc.,152194618.33333334,500405.0,92948500.0,True,pass,False,pass
4894,4894.T,Cuorips Inc.,1056437108.3333334,159190.0,706986500.0,True,pass,False,pass
4571,4571.T,"Nano Holdings,Inc.",112622120.0,748236.6666666666,101814150.0,True,pass,False,pass
4583,4583.T,Chiome Bioscience Inc.,66924915.0,670838.3333333334,56587500.0,True,pass,False,pass
4576,4576.T,"D.Western Therapeutics Institute, Inc.",46283105.0,506496.6666666667,31983650.0,True,pass,False,pass
2345,2345.T,"HODL1,inc.",72104656.66666667,320545.0,52412550.0,True,pass,False,pass
3189,3189.T,ANAP HOLDINGS INC.,31045938.333333332,184943.33333333334,26465200.0,True,pass,False,pass
4586,4586.T,"Medrx Co.,Ltd.",145580766.66666666,1453770.0,62458950.0,True,pass,False,pass
4884,4884.T,"Kringle Pharma,Inc.",463439941.6666667,938961.6666666666,95599200.0,True,pass,False,pass
4572,4572.T,"Carna Biosciences,Inc.",77300151.66666667,191215.0,66135050.0,True,pass,False,pass
