rank,code,ticker,company_name,sector,final_exploratory_weighted_score,bm_score,ep_score,gp_score,piotroski_score,sloan_quality_score,distress_safety_score,liquidity_score,anomaly_penalty,microcap_penalty,one_time_profit_penalty,missingness_penalty,bm_raw,ep_raw,gross_profitability,piotroski_available_ratio,sloan_accruals,avg_daily_value_60d,distress_exclusion_flag,anomaly_flags,gp_missing_review_flag,phase1_top5_flag,phase2_selected_topn_flag,phase3_priority_flag,phase3_handoff_note
1,7261,7261.T,Mazda Motor Corporation,Transportation Equipment,1.0,0.9362253156361282,0.9069090909090909,0.43162393162393164,0.21022910616327847,0.6859934853420195,1.0,0.9751532752500807,0.0,0.0,0.0,0.0,2.5609190009374183,0.1628279785698918,0.2279626242047051,0.5,-0.0415734057274953,8166730167.29655,False,,False,False,True,priority_top100,Priority qualitative moat/theme validation.
2,7211,7211.T,MITSUBISHI MOTORS CORPORATION,Transportation Equipment,0.9931305702633936,0.8938167691809648,0.761090909090909,0.4569362261669954,0.707647628267183,0.7602605863192182,1.0,0.9580509841884479,0.0,0.0,0.0,0.0,2.08613505000056,0.1085296350500257,0.2371500267107117,0.8333333333333334,-0.0523004660404182,5211658271.408691,False,,False,False,True,priority_top100,Priority qualitative moat/theme validation.
3,9533,9533.T,"TOHO GAS CO.,LTD.",Electric Power and Gas,0.9905049928140924,0.9812236969893169,0.9545454545454546,0.43129520052596976,0.44062600838980315,0.8680781758957654,1.0,0.8747983220393676,0.0,0.0,0.0,0.0,3.7970202710801617,0.2155456004765327,0.2277964850777249,0.6666666666666666,-0.0772013990593917,1168177015.8333333,False,,False,False,True,priority_top100,Priority qualitative moat/theme validation.
4,9507,9507.T,"Shikoku Electric Power Company,Incorporated",Electric Power and Gas,0.9898966402528043,0.7934606668824863,0.9618181818181818,0.6729125575279421,0.9209422394320749,0.5801302931596091,1.0,0.8712487899322362,0.0,0.0,0.0,0.0,1.5210845189509965,0.236369625854869,0.3592865040089916,1.0,-0.0284462935638381,1122384626.6666667,False,,False,False,True,priority_top100,Priority qualitative moat/theme validation.
5,7419,7419.T,"Nojima Co.,Ltd.",Retail Trade,0.9898935704779284,0.7640012949174491,0.9567272727272728,0.7126890203813281,0.707647628267183,0.5045602605863192,1.0,0.8818973862536302,0.0,0.0,0.0,0.0,1.4375356459111268,0.2251948479761692,0.394318782962761,0.8333333333333334,-0.0195499046929336,1256600990.0,False,,False,False,True,priority_top100,Priority qualitative moat/theme validation.
6,8012,8012.T,"NAGASE & CO.,LTD.",Wholesale Trade,0.9858411683359851,0.9721592748462285,0.9523636363636364,0.42209072978303747,0.707647628267183,0.4358306188925082,1.0,0.8793159083575347,0.0,0.0,0.0,0.0,3.2318551329825733,0.2088792088339837,0.2243303474756324,0.8333333333333334,-0.0125599898530377,1227580922.5,False,,False,False,True,priority_top100,Priority qualitative moat/theme validation.
7,2695,2695.T,"Kura Sushi,Inc.",Retail Trade,0.9828227566197851,0.7228876659112982,0.32545454545454544,0.9539776462853385,0.44062600838980315,0.850814332247557,1.0,0.856727976766699,0.0,0.0,0.0,0.0,1.3266371658947702,0.0561211599892185,0.8835641033443901,0.6666666666666666,-0.0719613640590827,922079620.0,False,,False,False,True,priority_top100,Priority qualitative moat/theme validation.
8,4022,4022.T,"Rasa Industries,Ltd.",Chemicals,0.9826186177217648,0.8562641631595985,0.9447272727272727,0.3780407626561473,0.9209422394320749,0.6925081433224756,1.0,0.9261051952242659,0.0,0.0,0.0,0.0,1.7852927535571048,0.2005148190762024,0.2101531480431083,1.0,-0.0423021040139306,2427613683.3333335,False,,False,False,True,priority_top100,Priority qualitative moat/theme validation.
9,1333,1333.T,Umios Corporation,"Fishery, Agriculture and Forestry",0.9818830469903835,0.9873745548721269,0.9898181818181818,0.3898750821827745,0.9209422394320749,0.44723127035830623,1.0,0.851242336237496,0.0,0.0,0.0,0.0,4.33046990092831,0.4689838080262125,0.2137340706477141,1.0,-0.0138269283642717,835708894.1666666,False,,False,False,True,priority_top100,Priority qualitative moat/theme validation.
10,1515,1515.T,"Nittetsu Mining Co.,Ltd.",Mining,0.980881397611317,0.9844609906118484,0.9694545454545455,0.1834319526627219,0.707647628267183,0.6280130293159609,1.0,0.9383672152307196,0.0,0.0,0.0,0.0,3.9995725898048793,0.2524422441216311,0.1425228683606809,0.8333333333333334,-0.0345753965888674,2948757588.3333335,False,,False,False,True,priority_top100,Priority qualitative moat/theme validation.
11,8111,8111.T,Goldwin Inc.,Textiles and Apparels,0.9776799340054664,0.6668824862415021,0.9701818181818181,0.777449046679816,0.21022910616327847,0.33061889250814336,1.0,0.8676992578251048,0.0,0.0,0.0,0.0,1.1742490396118532,0.2530470045879811,0.4568290726883487,0.5,0.0001027911215881,1059624842.5,False,,False,False,True,priority_top100,Priority qualitative moat/theme validation.
12,9684,9684.T,"SQUARE ENIX HOLDINGS CO.,LTD.",Information & Communication,0.9776603468283108,0.6529621236646164,0.5694545454545454,0.7064431295200526,0.44062600838980315,0.7087947882736156,1.0,0.9461116489190061,0.0,0.0,0.0,0.0,1.1419701429032374,0.0812038123146788,0.3908712995001922,0.6666666666666666,-0.0443535710658302,3615485590.8333335,False,,False,False,True,priority_top100,Priority qualitative moat/theme validation.
13,6745,6745.T,HOCHIKI CORPORATION,Electric Appliances,0.9767186795769388,0.6859825186144384,0.9014545454545455,0.7357001972386588,0.9209422394320749,0.7328990228013029,1.0,0.8363988383349468,0.0,0.0,0.0,0.0,1.2254997659566285,0.1588247366139235,0.4143996430762366,1.0,-0.047870637207813,705398966.8503824,False,,False,False,True,priority_top100,Priority qualitative moat/theme validation.
14,9831,9831.T,"YAMADA HOLDINGS CO.,LTD.",Retail Trade,0.97563391443188,0.7973454192295241,0.408,0.6545036160420776,0.44062600838980315,0.4921824104234528,1.0,0.9196515004840271,0.0,0.0,0.0,0.0,1.5315686074520405,0.0651268234781706,0.3451825687934912,0.6666666666666666,-0.0184600152870686,2204535293.9248657,False,,False,False,True,priority_top100,Priority qualitative moat/theme validation.
15,8273,8273.T,"IZUMI CO.,LTD.",Retail Trade,0.973295317931272,0.8284234380058271,0.6414545454545455,0.6377383300460223,0.707647628267183,0.8543973941368078,1.0,0.8267182962245886,0.0,0.0,0.0,0.0,1.6419362978602792,0.0911828402044191,0.333054301827232,0.8333333333333334,-0.0726251207189295,647097245.0,False,,False,False,True,priority_top100,Priority qualitative moat/theme validation.
16,5021,5021.T,"COSMO ENERGY HOLDINGS COMPANY,LIMITED",Oil and Coal Products,0.9721323301961704,0.9158303658141793,0.9734545454545455,0.18277449046679817,0.44062600838980315,0.5534201954397394,1.0,0.9438528557599225,0.0,0.0,0.0,0.0,2.317108126436069,0.2652364451583565,0.1422708377287449,0.6666666666666666,-0.0256991626735388,3314935555.0,False,,False,False,True,priority_top100,Priority qualitative moat/theme validation.
17,1909,1909.T,"Nippon Dry-Chemical CO.,LTD.",Machinery,0.9706087518853451,0.6798316607316284,0.9105454545454545,0.5706771860618014,0.9209422394320749,0.9,1.0,0.8699580509841884,0.0,0.0,0.0,0.0,1.2144395139194808,0.1672963333050793,0.2908272956083912,1.0,-0.0902868256360876,1098486153.3333333,False,,False,False,True,priority_top100,Priority qualitative moat/theme validation.
18,6454,6454.T,"MAX CO.,LTD.",Machinery,0.9700994129050017,0.7546131434121075,0.8898181818181818,0.6650230111768574,0.9209422394320749,0.5693811074918567,1.0,0.8076798967408841,0.0,0.0,0.0,0.0,1.4066745456714502,0.148993358945584,0.3522963462294661,1.0,-0.0272563411386444,539091076.6666666,False,,False,False,True,priority_top100,Priority qualitative moat/theme validation.
19,8060,8060.T,Canon Marketing Japan Inc.,Wholesale Trade,0.9691231173106468,0.6176756231790224,0.7574545454545455,0.7018408941485864,0.44062600838980315,0.3938110749185668,1.0,0.9109390125847048,0.0,0.0,0.0,0.0,1.075431531498073,0.1079657226303506,0.3856927214550711,0.6666666666666666,-0.0080219133401957,1918739823.3333333,False,,False,False,True,priority_top100,Priority qualitative moat/theme validation.
20,1911,1911.T,"Sumitomo Forestry Co.,Ltd.",Construction,0.9670535851100559,0.7656199417287148,0.9229090909090909,0.3625904010519395,0.07454017424975799,0.21954397394136804,1.0,0.9619232010325912,0.0,0.0,0.0,0.0,1.4410784809889408,0.1753426707695453,0.2039807436299393,0.3333333333333333,0.0180598200763061,5753079290.0,False,,False,False,True,priority_top100,Priority qualitative moat/theme validation.
21,3028,3028.T,"Alpen Co.,Ltd.",Retail Trade,0.9657243682170388,0.8067335707348656,0.4949090909090909,0.826758711374096,0.9209422394320749,0.47459283387622153,1.0,0.7583091319780574,0.0,0.0,0.0,0.0,1.5595882417716584,0.0726740158227618,0.5223581973581973,1.0,-0.016846328138027,375134426.6666667,False,,False,False,True,priority_top100,Priority qualitative moat/theme validation.
22,2602,2602.T,"The Nisshin OilliO Group,Ltd.",Foods,0.965679975275605,0.9779864033667853,0.9669090909090909,0.33037475345167655,0.707647628267183,0.4879478827361563,1.0,0.8073572120038722,0.0,0.0,0.0,0.0,3.5048336109921365,0.2500798555060067,0.1922214853770505,0.8333333333333334,-0.0179748168521576,538747864.448649,False,,False,False,True,priority_top100,Priority qualitative moat/theme validation.
23,2791,2791.T,"DAIKOKUTENBUSSAN CO.,LTD.",Retail Trade,0.9655851424854276,0.6238264810618324,0.8163636363636364,0.863905325443787,0.21022910616327847,0.6918566775244299,1.0,0.7950951919974185,0.0,0.0,0.0,0.0,1.086035287183094,0.1205480672168055,0.5903885638686288,0.5,-0.0422187492922017,485456225.0,False,,False,False,True,priority_top100,Priority qualitative moat/theme validation.
24,9682,9682.T,DTS CORPORATION,Information & Communication,0.9651273563958187,0.7704758821625122,0.972,0.6669953977646286,0.44062600838980315,0.2201954397394137,1.0,0.7941271377863827,0.0,0.0,0.0,0.0,1.4552379798967203,0.2616260111808794,0.3529177603343824,0.6666666666666666,0.0180070067586782,481370001.6666667,False,,False,False,True,priority_top100,Priority qualitative moat/theme validation.
25,5105,5105.T,Toyo Tire Corporation,Rubber Products,0.9648001739384977,0.5302686953706701,0.7821818181818182,0.6107823800131492,0.707647628267183,0.6697068403908795,1.0,0.9486931268151017,0.0,0.0,0.0,0.0,0.9225291248042264,0.1122830903998516,0.3117353116105187,0.8333333333333334,-0.0399020539137104,3965561160.0,False,,False,False,True,priority_top100,Priority qualitative moat/theme validation.
26,9997,9997.T,"BELLUNA CO.,LTD.",Retail Trade,0.9643022753963326,0.8141793460666883,0.6996363636363636,0.7347140039447732,0.707647628267183,0.35146579804560263,1.0,0.7663762504033559,0.0,0.0,0.0,0.0,1.5811978557981228,0.0985513911789237,0.4136535002656323,0.8333333333333334,-0.0028051726078156,389976626.6666667,False,,False,False,True,priority_top100,Priority qualitative moat/theme validation.
27,5406,5406.T,"Kobe Steel,Ltd.",Iron and Steel,0.9631605648962671,0.8190352865004856,0.8967272727272727,0.19263642340565418,0.9209422394320749,0.4071661237785016,1.0,0.9554695062923524,0.0,0.0,0.0,0.0,1.5960241103581545,0.1558519977682185,0.1463888763021639,1.0,-0.0094520108755603,4657884126.666667,False,,False,False,True,priority_top100,Priority qualitative moat/theme validation.
28,8276,8276.T,"HEIWADO CO.,LTD.",Retail Trade,0.962786844831248,0.8200064745872451,0.532,0.8040762656147271,0.707647628267183,0.5429967426710098,1.0,0.7415295256534365,0.0,0.0,0.0,0.0,1.6011494901321344,0.0771611023118606,0.4902917640247307,0.8333333333333334,-0.0244148751862063,328742838.3333333,False,,False,False,True,priority_top100,Priority qualitative moat/theme validation.
29,1414,1414.T,"SHO-BOND Holdings Co.,Ltd.",Construction,0.9623996869718898,0.8313370022661055,0.9610909090909091,0.36554898093359633,0.707647628267183,0.1260586319218241,1.0,0.8802839625685706,0.0,0.0,0.0,0.0,1.667313357860232,0.2360272058306353,0.2052030505981185,0.8333333333333334,0.0431013204985807,1236836335.0,False,,False,False,True,priority_top100,Priority qualitative moat/theme validation.
30,3382,3382.T,"Seven & i Holdings Co.,Ltd.",Retail Trade,0.9617092086890395,0.48786014891550666,0.4709090909090909,0.6505588428665352,0.9209422394320749,0.6374592833876221,1.0,0.9883833494675702,0.0,0.0,0.0,0.0,0.8604768900717785,0.0705447196568325,0.3423436203407716,1.0,-0.0358170180935637,14576106490.833334,False,,False,False,True,priority_top100,Priority qualitative moat/theme validation.
31,3863,3863.T,"Nippon Paper Industries Co.,Ltd.",Pulp and Paper,0.9615501648673707,0.979281320815798,0.86,0.10486522024983563,0.707647628267183,0.6013029315960912,1.0,0.8973862536302033,0.0,0.0,0.0,0.0,3.606671276476924,0.134407125336515,0.1121711399230203,0.8333333333333334,-0.0313100423839725,1578237018.3333333,False,,False,False,True,priority_top100,Priority qualitative moat/theme validation.
32,4204,4204.T,"Sekisui Chemical Co.,Ltd.",Chemicals,0.9615015256342817,0.5160246034315312,0.6367272727272727,0.6111111111111112,0.707647628267183,0.5596091205211726,1.0,0.9716037431429493,0.0,0.0,0.0,0.0,0.8996711203175161,0.0905803435205945,0.3118542980560914,0.8333333333333334,-0.026291472692984,7323462598.333333,False,,False,False,True,priority_top100,Priority qualitative moat/theme validation.
33,8278,8278.T,"FUJI CO.,LTD.",Retail Trade,0.9602509221678523,0.7348656523146649,0.692,0.8698224852071006,0.707647628267183,0.7560260586319218,1.0,0.7057115198451114,0.0,0.0,0.0,0.0,1.3580434047819971,0.0976097245789434,0.6015240407310001,0.8333333333333334,-0.0517714202800415,256673550.0,False,,False,False,True,priority_top100,Priority qualitative moat/theme validation.
34,1723,1723.T,"NIHON DENGI CO.,LTD.",Construction,0.9601875907509162,0.6374231142764649,0.928,0.6663379355687048,0.44062600838980315,0.6299674267100976,1.0,0.8254275572765408,0.0,0.0,0.0,0.0,1.107349189413224,0.1796200925824799,0.3527587641341754,0.6666666666666666,-0.0348003680224857,641578548.3333334,False,,False,False,True,priority_top100,Priority qualitative moat/theme validation.
35,2121,2121.T,"MIXI,Inc.",Information & Communication,0.9596757617725497,0.5691162188410489,0.6803636363636364,0.7876397107166337,0.44062600838980315,0.7159609120521173,1.0,0.8444659567602453,0.0,0.0,0.0,0.0,0.9856274396574592,0.0959086110788211,0.4701654666051857,0.6666666666666666,-0.0454207343272824,757822020.0,False,,False,False,True,priority_top100,Priority qualitative moat/theme validation.
36,1662,1662.T,"Japan Petroleum Exploration Co.,Ltd.",Mining,0.9595032580197609,0.6931045645840078,0.9327272727272727,0.18902038132807364,0.9209422394320749,0.849185667752443,1.0,0.9748305905130688,0.0,0.0,0.0,0.0,1.2417513764926127,0.1846125181732306,0.1454772461186799,1.0,-0.0713848372396512,7950185018.333333,False,,False,False,True,priority_top100,Priority qualitative moat/theme validation.
37,9956,9956.T,"VALOR HOLDINGS CO.,LTD.",Retail Trade,0.9586224057258159,0.6251213985108449,0.602909090909091,0.8257725180802103,0.707647628267183,0.739413680781759,1.0,0.7947725072604066,0.0,0.0,0.0,0.0,1.0884954397508355,0.0859772645970291,0.5220467880436152,0.8333333333333334,-0.0493334452688928,485283200.0,False,,False,False,True,priority_top100,Priority qualitative moat/theme validation.
38,7516,7516.T,"KOHNAN SHOJI CO.,LTD.",Retail Trade,0.9586032918939504,0.776303010683069,0.7327272727272728,0.7238658777120316,0.21022910616327847,0.5208469055374593,1.0,0.7615359793481769,0.0,0.0,0.0,0.0,1.4728443132235791,0.1041036239546465,0.4026422711883881,0.5,-0.0217564766786711,381394408.3333333,False,,False,False,True,priority_top100,Priority qualitative moat/theme validation.
39,4922,4922.T,KOSE Holdings Corporation,Chemicals,0.9581383359160323,0.5730009711880868,0.2869090909090909,0.8593030900723209,0.44062600838980315,0.24560260586319216,1.0,0.8999677315262988,0.0,0.0,0.0,0.0,0.9974081025416932,0.0526579275093127,0.5794171618537364,0.6666666666666666,0.0127560119756623,1676975191.6666667,False,,False,False,True,priority_top100,Priority qualitative moat/theme validation.
40,2212,2212.T,"YAMAZAKI BAKING CO.,LTD.",Foods,0.9576135902476718,0.4749109744253804,0.4829090909090909,0.774819197896121,0.707647628267183,0.6612377850162867,1.0,0.9219102936431107,0.0,0.0,0.0,0.0,0.8400760054843739,0.0714683279819037,0.4531366515798815,0.8333333333333334,-0.0388169447605016,2279715938.3333335,False,,False,False,True,priority_top100,Priority qualitative moat/theme validation.
41,3608,3608.T,"TSI HOLDINGS CO.,LTD.",Textiles and Apparels,0.9570384471095661,0.7669148591777274,0.31636363636363635,0.8293885601577909,0.02032913843175218,0.06905537459283384,1.0,0.8176831235882542,0.0,0.0,0.0,0.0,1.4477643062725285,0.0552891132156512,0.5250051663566853,0.1666666666666666,0.072995246747399,596071966.6666666,False,,False,False,True,priority_top100,Priority qualitative moat/theme validation.
42,6457,6457.T,GLORY LTD.,Machinery,0.9562915584328153,0.5924247329232761,0.7447272727272727,0.6676528599605522,0.707647628267183,0.7273615635179154,1.0,0.8476928041303646,0.0,0.0,0.0,0.0,1.0275330080484286,0.1061018465274201,0.353628963783949,0.8333333333333334,-0.0470460325268204,805967148.3333334,False,,False,False,True,priority_top100,Priority qualitative moat/theme validation.
43,3405,3405.T,"KURARAY CO.,LTD.",Chemicals,0.9561473100492097,0.7966979605050178,0.5345454545454545,0.3228139381985536,0.21022910616327847,0.7234527687296417,1.0,0.9380445304937076,0.0,0.0,0.0,0.0,1.5276641889637002,0.0774720501138713,0.1891107938483066,0.5,-0.0464738593212676,2948053131.6666665,False,,False,False,True,priority_top100,Priority qualitative moat/theme validation.
44,2220,2220.T,"KAMEDA SEIKA CO.,LTD.",Foods,0.9559889343086111,0.9666558756879249,0.9603636363636363,0.4289940828402367,0.9209422394320749,0.5840390879478827,1.0,0.7086156824782188,0.0,0.0,0.0,0.0,3.1319405674705356,0.2334626960239987,0.2265747364001873,1.0,-0.0291359075507832,259911348.64074707,False,,False,False,True,priority_top100,Priority qualitative moat/theme validation.
45,2918,2918.T,"WARABEYA NICHIYO HOLDINGS CO.,LTD.",Foods,0.9548306099288242,0.7322758174166397,0.8221818181818182,0.6390532544378699,0.44062600838980315,0.898371335504886,1.0,0.7586318167150694,0.0,0.0,0.0,0.0,1.3484299567485671,0.1218190170322336,0.3336243215546362,0.6666666666666666,-0.0898206673817279,376477828.3333333,False,,False,False,True,priority_top100,Priority qualitative moat/theme validation.
46,3539,3539.T,"JM HOLDINGS CO.,LTD.",Retail Trade,0.9545126937979272,0.7601165425704112,0.9476363636363636,0.9181459566074951,0.9209422394320749,0.3462540716612378,1.0,0.6153597934817683,0.0,0.0,0.0,0.0,1.4261053094504172,0.2040707732159516,0.7348633819666947,1.0,-0.0021099389228206,144716800.0,False,,False,True,True,priority_top100,Priority qualitative moat/theme validation.
47,8016,8016.T,"ONWARD HOLDINGS CO.,LTD.",Textiles and Apparels,0.9540323345534889,0.565231466494011,0.7236363636363636,0.9000657462195923,0.44062600838980315,0.26058631921824105,1.0,0.7883188125201678,0.0,0.0,0.0,0.0,0.9797284524528492,0.1023618080472307,0.6839284864947707,0.6666666666666666,0.0100151720356854,464536056.6666667,False,,False,False,True,priority_top100,Priority qualitative moat/theme validation.
48,9101,9101.T,Nippon Yusen Kabushiki Kaisha,Marine Transportation,0.9539927668401805,0.7500809323405633,0.9585454545454546,0.07166337935568705,0.9209422394320749,0.3710097719869707,1.0,0.9922555663117134,0.0,0.0,0.0,0.0,1.395165378282858,0.2286358618174065,0.0978776267942344,1.0,-0.0050799515583391,23408384221.666668,False,,False,False,True,priority_top100,Priority qualitative moat/theme validation.
49,6196,6196.T,"Strike Group Co.,Ltd.",Services,0.9530167069791877,0.513434768533506,0.9432727272727273,0.797172912557528,0.44062600838980315,0.14462540716612382,1.0,0.8270409809616005,0.0,0.0,0.0,0.0,0.8967935860863916,0.1971107645037531,0.4813003805533472,0.6666666666666666,0.0367764413569139,648150802.1563721,False,,False,False,True,priority_top100,Priority qualitative moat/theme validation.
50,4118,4118.T,KANEKA CORPORATION,Chemicals,0.9529226958361652,0.7552606021366138,0.5269090909090909,0.4760026298487837,0.707647628267183,0.46905537459283386,1.0,0.8786705388835108,0.0,0.0,0.0,0.0,1.4091805817343177,0.0767092364295211,0.2452271005702374,0.8333333333333334,-0.0161387618496515,1211886806.6666667,False,,False,False,True,priority_top100,Priority qualitative moat/theme validation.
51,6648,6648.T,KAWADEN CORPORATION,Electric Appliances,0.9527293395438796,0.9708643573972159,0.982909090909091,0.6170282708744247,0.44062600838980315,0.2218241042345277,1.0,0.6385930945466279,0.0,0.0,0.0,0.0,3.203906598028923,0.3544637115342725,0.3153164610373536,0.6666666666666666,0.0177810487014362,162615866.66666666,False,,False,False,True,priority_top100,Priority qualitative moat/theme validation.
52,2730,2730.T,EDION Corporation,Retail Trade,0.9525879265963667,0.5270314017481386,0.3421818181818182,0.8182117028270874,0.9209422394320749,0.6537459283387622,1.0,0.8660858341400451,0.0,0.0,0.0,0.0,0.9167135613737252,0.0580187103903182,0.5125359335832395,1.0,-0.0380347226389574,1040772180.0,False,,False,False,True,priority_top100,Priority qualitative moat/theme validation.
53,1861,1861.T,"Kumagai Gumi Co.,Ltd.",Construction,0.951732878671953,0.9601812884428618,0.8981818181818182,0.04667981591058514,0.707647628267183,0.3127035830618893,1.0,0.8948047757341078,0.0,0.0,0.0,0.0,3.0457050432770667,0.1566830647191244,0.0828373326876136,0.8333333333333334,0.0024113620108306,1539420790.0,False,,False,False,True,priority_top100,Priority qualitative moat/theme validation.
54,4202,4202.T,Daicel Corporation,Chemicals,0.9510326750863116,0.6267400453221107,0.9138181818181819,0.36028928336620647,0.707647628267183,0.6882736156351792,1.0,0.9115843820587286,0.0,0.0,0.0,0.0,1.091370244153981,0.1709877500246632,0.2024326917996488,0.8333333333333334,-0.0419213551119177,1938201755.0,False,,False,False,True,priority_top100,Priority qualitative moat/theme validation.
55,5233,5233.T,TAIHEIYO CEMENT CORPORATION,Glass and Ceramics Products,0.9505336024977125,0.737131757850437,0.8105454545454546,0.2064431295200526,0.707647628267183,0.6931596091205212,1.0,0.9335269441755405,0.0,0.0,0.0,0.0,1.362145359284772,0.1184849123389437,0.1512270492094485,0.8333333333333334,-0.0424618711635711,2753052776.6666665,False,,False,False,True,priority_top100,Priority qualitative moat/theme validation.
56,6440,6440.T,JUKI CORPORATION,Machinery,0.9500116241923289,0.8824862415021042,0.9665454545454546,0.4000657462195924,0.9209422394320749,0.7964169381107492,1.0,0.723459180380768,0.0,0.0,0.0,0.0,1.971059522355152,0.2498271362045276,0.2170423072457999,1.0,-0.0575998904163797,282656406.6666667,False,,False,False,True,priority_top100,Priority qualitative moat/theme validation.
57,1961,1961.T,"SANKI ENGINEERING CO.,LTD.",Construction,0.9498103758146607,0.5351246358044675,0.892,0.4546351084812623,0.9209422394320749,0.8169381107491857,1.0,0.9038399483704421,0.0,0.0,0.0,0.0,0.9293605209957886,0.1502894251051941,0.2364829540079367,1.0,-0.0621439205955334,1726008034.3977864,False,,False,False,True,priority_top100,Priority qualitative moat/theme validation.
58,6417,6417.T,"SANKYO CO.,LTD.",Machinery,0.9497140415944114,0.46390417610877305,0.9109090909090909,0.6387245233399079,0.07454017424975799,0.3058631921824104,1.0,0.914811229428848,0.0,0.0,0.0,0.0,0.8237260682202047,0.1675610369474735,0.333605576328521,0.3333333333333333,0.0035049329864446,2076866637.5,False,,False,False,True,priority_top100,Priority qualitative moat/theme validation.
59,7917,7917.T,ZACROS Corporation,Chemicals,0.9496749563241619,0.9880220135966332,0.9803636363636363,0.4266929651545036,0.44062600838980315,0.288599348534202,1.0,0.6944175540496934,0.0,0.0,0.0,0.0,4.338036065132955,0.3208238202199227,0.2256603822616062,0.6666666666666666,0.0058117900177939,238887251.66666663,False,,False,False,True,priority_top100,Priority qualitative moat/theme validation.
60,5393,5393.T,NICHIAS CORPORATION,Glass and Ceramics Products,0.9493374582170689,0.5519585626416316,0.8756363636363637,0.47567389875082183,0.707647628267183,0.30781758957654726,1.0,0.9235237173281704,0.0,0.0,0.0,0.0,0.955548083392607,0.1420911664336826,0.2448519948519948,0.8333333333333334,0.0032354199147339,2331036960.592448,False,,False,False,True,priority_top100,Priority qualitative moat/theme validation.
61,7649,7649.T,"SUGI HOLDINGS Co.,LTD.",Retail Trade,0.9492256074209257,0.2958886370993849,0.6312727272727273,0.8270874424720579,0.44062600838980315,0.862214983713355,1.0,0.9251371410132301,0.0,0.0,0.0,0.0,0.5816520826533422,0.090073032291746,0.5227154743829466,0.6666666666666666,-0.0753364473431632,2393207116.6666665,False,,False,False,True,priority_top100,Priority qualitative moat/theme validation.
62,7552,7552.T,HAPPINET CORPORATION,Wholesale Trade,0.9484991509331058,0.5050178051149239,0.7985454545454546,0.6870479947403024,0.707647628267183,0.904885993485342,1.0,0.8273636656986124,0.0,0.0,0.0,0.0,0.884905661906876,0.1159380280562716,0.3699239205612094,0.8333333333333334,-0.0921968603507517,648253933.3333334,False,,False,False,True,priority_top100,Priority qualitative moat/theme validation.
63,4318,4318.T,"QUICK CO.,LTD.",Services,0.9481227958535159,0.7134995144059566,0.9716363636363636,0.9467455621301775,0.21022910616327847,0.5423452768729642,1.0,0.6005162955792192,0.0,0.0,0.0,0.0,1.2985904460495588,0.2608370162332741,0.850938253822331,0.5,-0.0243737245929763,132203401.66666669,False,,False,False,True,priority_top100,Priority qualitative moat/theme validation.
64,2664,2664.T,CAWACHI LIMITED,Retail Trade,0.948035200011343,0.8060861120103593,0.44145454545454543,0.6400394477317555,0.707647628267183,0.4342019543973942,1.0,0.7689577282994514,0.0,0.0,0.0,0.0,1.5593440148400604,0.0681486779389143,0.3342518324056492,0.8333333333333334,-0.0123471141210957,400199793.3333333,False,,False,False,True,priority_top100,Priority qualitative moat/theme validation.
65,8194,8194.T,LIFE CORPORATION,Retail Trade,0.9479996502868933,0.4146973130462933,0.6290909090909091,0.9474030243261012,0.44062600838980315,0.9742671009771987,1.0,0.7921910293643111,0.0,0.0,0.0,0.0,0.740864547895805,0.0896559756740959,0.852329436696746,0.6666666666666666,-0.1642203039499328,477797628.3333333,False,,False,False,True,priority_top100,Priority qualitative moat/theme validation.
66,6369,6369.T,TOYO KANETSU K.K.,Machinery,0.9475302954476614,0.9057947555843315,0.9516363636363636,0.3418803418803419,0.9209422394320749,0.5449511400651466,1.0,0.7418522103904486,0.0,0.0,0.0,0.0,2.2203929521027295,0.2077213586998878,0.1963491310279376,1.0,-0.0245331678083457,329005731.6666667,False,,False,False,True,priority_top100,Priority qualitative moat/theme validation.
67,8218,8218.T,"KOMERI CO.,LTD.",Retail Trade,0.947410814930544,0.7905471026222078,0.5909090909090909,0.6433267587113741,0.44062600838980315,0.5465798045602606,1.0,0.7479832203936754,0.0,0.0,0.0,0.0,1.5069430685806602,0.0839318272376056,0.3366799341024825,0.6666666666666666,-0.024755369237089,345641491.6666667,False,,False,False,True,priority_top100,Priority qualitative moat/theme validation.
68,9104,9104.T,"Mitsui O.S.K.Lines,Ltd.",Marine Transportation,0.947350533257788,0.7766267400453221,0.9592727272727273,0.021367521367521368,0.21022910616327847,0.24495114006514662,1.0,0.994514359470797,0.0,0.0,0.0,0.0,1.4728756301975552,0.2305752586651844,0.0568779194103095,0.5,0.0129072208515858,31165115151.666668,False,,False,False,True,priority_top100,Priority qualitative moat/theme validation.
69,5410,5410.T,"Godo Steel,Ltd.",Iron and Steel,0.9467916360438228,0.9789575914535449,0.9774545454545455,0.1844181459566075,0.44062600838980315,0.5889250814332248,1.0,0.7744433688286544,0.0,0.0,0.0,0.0,3.543764964759882,0.298414838367115,0.1425879075696709,0.6666666666666666,-0.0296815830177609,409730553.3333333,False,,False,False,True,priority_top100,Priority qualitative moat/theme validation.
70,6770,6770.T,"ALPS ALPINE CO.,LTD.",Electric Appliances,0.9467098565853882,0.5228229200388476,0.6778181818181818,0.4549638395792242,0.9209422394320749,0.5915309446254071,1.0,0.9457889641819942,0.0,0.0,0.0,0.0,0.912588054476894,0.0954504093656446,0.2364863679012845,1.0,-0.0299149530609404,3605413966.6666665,False,,False,False,True,priority_top100,Priority qualitative moat/theme validation.
71,2267,2267.T,"YAKULT HONSHA CO.,LTD.",Foods,0.9466190902028716,0.4422143088378116,0.4421818181818182,0.6495726495726496,0.44062600838980315,0.6338762214983713,1.0,0.9561148757663762,0.0,0.0,0.0,0.0,0.7837608494669953,0.0681700063568236,0.3419115903077227,0.6666666666666666,-0.0352650177927348,4761358286.666667,False,,False,False,True,priority_top100,Priority qualitative moat/theme validation.
72,6430,6430.T,"DAIKOKU DENKI CO.,LTD.",Machinery,0.9463890451018464,0.7743606345095501,0.9676363636363636,0.7853385930309007,0.44062600838980315,0.32410423452768733,1.0,0.6369796708615683,0.0,0.0,0.0,0.0,1.4680010753754904,0.2504875349508444,0.4661222776211255,0.6666666666666666,0.0010428298740779,161995896.66666666,False,,False,True,True,priority_top100,Priority qualitative moat/theme validation.
73,6676,6676.T,BUFFALO INC.,Electric Appliances,0.9463845670489271,0.6992554224668177,0.9101818181818182,0.7370151216305062,0.9209422394320749,0.8644951140065147,1.0,0.6624717650855114,0.0,0.0,0.0,0.0,1.2518549409299973,0.1669436413443516,0.4161266794219934,1.0,-0.0759991283504031,192503180.0,False,,False,False,True,priority_top100,Priority qualitative moat/theme validation.
74,3391,3391.T,TSURUHA HOLDINGS INC.,Retail Trade,0.9463836281390965,0.5823891226934282,0.2752727272727273,0.5282708744247205,0.44062600838980315,0.632899022801303,1.0,0.9596644078735076,0.0,0.0,0.0,0.0,1.0160114382977483,0.0514479246487493,0.2694139070778122,0.6666666666666666,-0.0351590947693832,5370741455.0,False,,False,False,True,priority_top100,Priority qualitative moat/theme validation.
75,7803,7803.T,Bushiroad Inc.,Other Products,0.9461874584572638,0.765943671090968,0.9490909090909091,0.7215647600262984,0.9209422394320749,0.70814332247557,1.0,0.6340755082284608,0.0,0.0,0.0,0.0,1.4416281315483317,0.2051146799188709,0.4013605395783348,1.0,-0.0443112124392795,159848943.33333334,False,,False,True,True,priority_top100,Priority qualitative moat/theme validation.
76,4569,4569.T,"KYORIN Pharmaceutical Co.,Ltd.",Pharmaceutical,0.9461427083403157,0.8883133700226611,0.8556363636363636,0.6022353714661407,0.07454017424975799,0.16188925081433225,1.0,0.6940948693126815,0.0,0.0,0.0,0.0,2.023624905492668,0.1329629653778107,0.3074869072090405,0.3333333333333333,0.0316512118331147,238764530.0,False,,False,False,True,priority_top100,Priority qualitative moat/theme validation.
77,5463,5463.T,Maruichi Steel Tube Ltd.,Iron and Steel,0.9455209955576339,0.9375202330851409,0.9487272727272728,0.0831689677843524,0.44062600838980315,0.32899022801302935,1.0,0.8573733462407228,0.0,0.0,0.0,0.0,2.6031418316717323,0.2047845045798145,0.1029147107608884,0.6666666666666666,0.0003625039904673,926629076.6666666,False,,False,False,True,priority_top100,Priority qualitative moat/theme validation.
78,6104,6104.T,"SHIBAURA MACHINE CO.,LTD.",Machinery,0.945357200117282,0.6876011654257042,0.854909090909091,0.5230111768573307,0.44062600838980315,0.2143322475570033,1.0,0.8234914488544692,0.0,0.0,0.0,0.0,1.231885103194753,0.1324393975040266,0.2682621350954626,0.6666666666666666,0.0188436301153542,627628233.3333334,False,,False,False,True,priority_top100,Priority qualitative moat/theme validation.
79,9274,9274.T,"KPP GROUP HOLDINGS CO.,LTD.",Wholesale Trade,0.944817564113154,0.7196503722887666,0.8247272727272728,0.6844181459566075,0.707647628267183,0.40325732899022804,1.0,0.7163601161665053,0.0,0.0,0.0,0.0,1.3190651041412866,0.1222739202966637,0.3667703495391083,0.8333333333333334,-0.0091214863113105,270670861.6666667,False,,False,False,True,priority_top100,Priority qualitative moat/theme validation.
80,8242,8242.T,H2O RETAILING CORPORATION,Retail Trade,0.9447581452449137,0.596309485270314,0.8043636363636364,0.5417488494411571,0.44062600838980315,0.4100977198697069,1.0,0.8596321393998064,0.0,0.0,0.0,0.0,1.0340400969264516,0.1177259038307273,0.2764124549101711,0.6666666666666666,-0.0098639180022793,945686011.6666666,False,,False,False,True,priority_top100,Priority qualitative moat/theme validation.
81,4849,4849.T,en Inc.,Services,0.9443378163125327,0.5367432826157332,0.8832727272727273,0.9585798816568047,0.44062600838980315,0.395114006514658,1.0,0.6921587608906099,0.0,0.0,0.0,0.0,0.9300906506250386,0.1469283682134656,0.9208844086965684,0.6666666666666666,-0.0081385248687639,236035853.33333337,False,,False,False,True,priority_top100,Priority qualitative moat/theme validation.
82,6310,6310.T,"ISEKI & CO.,LTD.",Machinery,0.9442346539531244,0.8760116542570411,0.47854545454545455,0.5167652859960552,0.707647628267183,0.9192182410423453,1.0,0.728622136172959,0.0,0.0,0.0,0.0,1.9241062540789584,0.0710978212414038,0.2657405418307674,0.8333333333333334,-0.0989299987728791,292670353.3333333,False,,False,False,True,priority_top100,Priority qualitative moat/theme validation.
83,4633,4633.T,SAKATA INX CORPORATION,Chemicals,0.9442287796824315,0.6367756555519586,0.7938181818181819,0.559500328731098,0.9209422394320749,0.47915309446254073,1.0,0.8096160051629558,0.0,0.0,0.0,0.0,1.105737790644816,0.1149969399798013,0.285273438883576,1.0,-0.0171996763045062,551415293.3333334,False,,False,False,True,priority_top100,Priority qualitative moat/theme validation.
84,2681,2681.T,GEO HOLDINGS CORPORATION,Retail Trade,0.9441550456585228,0.6432502427970217,0.3352727272727273,0.8964497041420119,0.21022910616327847,0.4482084690553746,1.0,0.7579864472410455,0.0,0.0,0.0,0.0,1.1161655838869795,0.0571968701643661,0.6751039330398289,0.5,-0.0139523734739591,374649705.0,False,,False,False,True,priority_top100,Priority qualitative moat/theme validation.
85,3333,3333.T,"ASAHI CO.,LTD.",Retail Trade,0.9441535764104128,0.6872774360634509,0.4592727272727273,0.903353057199211,0.21022910616327847,0.8550488599348534,1.0,0.6834462729912875,0.0,0.0,0.0,0.0,1.2312420551992873,0.0695601177886431,0.691742225881895,0.5,-0.0729406778259452,224447166.66666663,False,,False,False,True,priority_top100,Priority qualitative moat/theme validation.
86,3861,3861.T,Oji Holdings Corporation,Pulp and Paper,0.9440694631127289,0.8429912593072192,0.49054545454545456,0.13773833004602234,0.44062600838980315,0.48110749185667756,1.0,0.9483704420780897,0.0,0.0,0.0,0.0,1.7100859762120166,0.0723712685743478,0.1257590553034619,0.6666666666666666,-0.0172837995800646,3960281667.903646,False,,False,False,True,priority_top100,Priority qualitative moat/theme validation.
87,4042,4042.T,TOSOH CORPORATION,Chemicals,0.9437130953518533,0.6157332470055034,0.5978181818181818,0.33694937541091385,0.9209422394320749,0.562214983713355,1.0,0.9467570183930301,0.0,0.0,0.0,0.0,1.0710643563818367,0.0848443132960065,0.1951377912119207,1.0,-0.0265614976347283,3747044575.8333335,False,,False,False,True,priority_top100,Priority qualitative moat/theme validation.
88,8227,8227.T,"SHIMAMURA Co.,Ltd.",Retail Trade,0.9436372980667536,0.3878277759792813,0.3996363636363636,0.7606837606837606,0.707647628267183,0.3817589576547231,1.0,0.9367537915456599,0.0,0.0,0.0,0.0,0.7090697487657511,0.064088067879215,0.4368575270971936,0.8333333333333334,-0.0063355271918816,2906437450.0,False,,False,False,True,priority_top100,Priority qualitative moat/theme validation.
89,3134,3134.T,Hamee Corp.,Retail Trade,0.9435894571195191,0.838459048235675,0.9472727272727273,0.9329388560157791,0.21022910616327847,0.18208469055374588,1.0,0.5401742497579864,0.0,0.0,0.0,0.0,1.686078356851542,0.2038620670469535,0.7952267744640035,0.5,0.0265300414526736,90865578.33333331,False,,False,False,True,priority_top100,Priority qualitative moat/theme validation.
90,4521,4521.T,"KAKEN PHARMACEUTICAL CO.,LTD.",Pharmaceutical,0.9435409573108292,0.5891874393007446,0.768,0.6015779092702169,0.707647628267183,0.8563517915309447,1.0,0.8012262020006453,0.0,0.0,0.0,0.0,1.0235823318430946,0.1096981169143823,0.3073804497379504,0.8333333333333334,-0.0736427792125288,515517875.0,False,,False,False,True,priority_top100,Priority qualitative moat/theme validation.
91,9948,9948.T,"ARCS COMPANY,LIMITED",Retail Trade,0.9434829832725061,0.65231466494011,0.5047272727272727,0.8287310979618672,0.707647628267183,0.7237785016286644,1.0,0.718296224588577,0.0,0.0,0.0,0.0,1.1415347904936295,0.0740994838054312,0.5248009736826353,0.8333333333333334,-0.0465223115109294,274269908.3333333,False,,False,False,True,priority_top100,Priority qualitative moat/theme validation.
92,7280,7280.T,MITSUBA Corporation,Electric Appliances,0.9430234536436218,0.8786014891550664,0.974909090909091,0.22715318869165024,0.707647628267183,0.8237785016286645,1.0,0.7699257825104873,0.0,0.0,0.0,0.0,1.947709578353597,0.271115355787816,0.15949348493529,0.8333333333333334,-0.0636101610670781,401115181.6666667,False,,False,False,True,priority_top100,Priority qualitative moat/theme validation.
93,8088,8088.T,IWATANI  CORPORATION,Wholesale Trade,0.9426417517924492,0.5037228876659113,0.6552727272727272,0.5249835634451019,0.44062600838980315,0.43517915309446253,1.0,0.9322362052274927,0.0,0.0,0.0,0.0,0.8831789677252955,0.0928848715574843,0.2686455077654742,0.6666666666666666,-0.0124763782641942,2687886657.5,False,,False,False,True,priority_top100,Priority qualitative moat/theme validation.
94,9842,9842.T,ARCLANDS CORPORATION,Retail Trade,0.9424661989999432,0.6678536743282616,0.46,0.7435897435897436,0.707647628267183,0.7058631921824104,1.0,0.7512100677637947,0.0,0.0,0.0,0.0,1.1778426978400742,0.0696389498359479,0.4217230433288178,0.8333333333333334,-0.0442146236880373,359585696.6666667,False,,False,False,True,priority_top100,Priority qualitative moat/theme validation.
95,2734,2734.T,SALA CORPORATION,Retail Trade,0.9419791661625011,0.7724182583360311,0.6636363636363637,0.5404339250493096,0.44062600838980315,0.7319218241042345,1.0,0.7518554372378187,0.0,0.0,0.0,0.0,1.4609311671228422,0.0940571927148246,0.2758401743617917,0.6666666666666666,-0.0477535434721669,360192615.0,False,,False,False,True,priority_top100,Priority qualitative moat/theme validation.
96,1925,1925.T,"DAIWA HOUSE INDUSTRY CO.,LTD.",Construction,0.9419656872449945,0.5992230495305925,0.8392727272727273,0.21992110453648916,0.44062600838980315,0.4426710097719869,1.0,0.979025492094224,0.0,0.0,0.0,0.0,1.040679997680401,0.1263631277852053,0.1561944317206063,0.6666666666666666,-0.0133525298158498,9620377458.333334,False,,False,False,True,priority_top100,Priority qualitative moat/theme validation.
97,7595,7595.T,ARGO GRAPHICS Inc.,Information & Communication,0.9414507502057247,0.900615085788281,0.9756363636363636,0.3691650230111769,0.21022910616327847,0.2387622149837133,1.0,0.7373346240722813,0.0,0.0,0.0,0.0,2.159705644014021,0.2756420917463322,0.2065941209695556,0.5,0.0143264817757121,319902865.0,False,,False,False,True,priority_top100,Priority qualitative moat/theme validation.
98,8281,8281.T,"XEBIO holdings CO.,LTD.",Retail Trade,0.9409658063774883,0.9511168662997734,0.0730909090909091,0.7958579881656804,0.707647628267183,0.7693811074918566,1.0,0.6250403355921265,0.0,0.0,0.0,0.0,2.839494526849039,0.0227613393961009,0.4788756563819199,0.8333333333333334,-0.0535830457400317,152692603.33333334,False,,False,False,True,priority_top100,Priority qualitative moat/theme validation.
99,2491,2491.T,"ValueCommerce Co.,Ltd.",Services,0.9408974052646727,0.8811913240530916,0.2370909090909091,0.7767915844838922,0.44062600838980315,0.8771986970684039,1.0,0.6450467892868668,0.0,0.0,0.0,0.0,1.9673513104445504,0.0469036122869974,0.4552100111510345,0.6666666666666666,-0.0803716348575586,170931293.33333334,False,,False,False,True,priority_top100,Priority qualitative moat/theme validation.
100,5947,5947.T,RINNAI CORPORATION,Metal Products,0.9406144604348737,0.5655551958562641,0.5447272727272727,0.5009861932938856,0.9209422394320749,0.6260586319218241,1.0,0.8909325588899645,0.0,0.0,0.0,0.0,0.9799956703305742,0.0789314668006302,0.2572792646055135,1.0,-0.0343236397859545,1455609815.0,False,,False,False,True,priority_top100,Priority qualitative moat/theme validation.
101,4828,4828.T,Business Engineering Corporation,Information & Communication,0.9405551878148,0.6131434121074781,0.9730909090909091,0.8053911900065747,0.707647628267183,0.4267100977198697,1.0,0.6727976766698935,0.0,0.0,0.0,0.0,1.0653254599770232,0.2651103561054257,0.4927276515082538,0.8333333333333334,-0.0112488618257899,208574455.0,False,,False,False,True,candidate_top300,Use as candidate universe sensitivity reference.
102,8167,8167.T,"RETAIL PARTNERS CO.,LTD.",Retail Trade,0.9404603172748661,0.840401424409194,0.6730909090909091,0.8399079552925707,0.44062600838980315,0.6241042345276873,1.0,0.5776056792513714,0.0,0.0,0.0,0.0,1.6951559961607254,0.0949794605105048,0.5440065765812053,0.6666666666666666,-0.0341313521500169,116230200.0,False,,False,False,True,candidate_top300,Use as candidate universe sensitivity reference.
103,9115,9115.T,"Meiji Shipping Group Co.,Ltd.",Marine Transportation,0.9400692778692266,0.9252185173195209,0.9258181818181819,0.020381328073635765,0.44062600838980315,0.8850162866449511,1.0,0.8334946757018393,0.0,0.0,0.0,0.0,2.4207987227402694,0.1770432408694408,0.0559291088339798,0.6666666666666666,-0.0825984539199036,694251050.0,False,,False,False,True,candidate_top300,Use as candidate universe sensitivity reference.
104,1928,1928.T,"Sekisui House,Ltd.",Construction,0.9400639665584382,0.5940433797345419,0.7767272727272727,0.25378040762656146,0.44062600838980315,0.30000000000000004,1.0,0.9767666989351403,0.0,0.0,0.0,0.0,1.0291683111168135,0.1112674769121007,0.1677411404102194,0.6666666666666666,0.0041269483881845,8520466928.333333,False,,False,False,True,candidate_top300,Use as candidate universe sensitivity reference.
105,3104,3104.T,"Fujibo Holdings,Inc.",Textiles and Apparels,0.9395292480889932,0.5943671090967951,0.6872727272727273,0.4184746877054569,0.9209422394320749,0.8289902280130294,1.0,0.8686673120361407,0.0,0.0,0.0,0.0,1.0292663292663975,0.0970928225058083,0.2234566418448234,1.0,-0.0647304832713754,1066016735.740153,False,,False,False,True,candidate_top300,Use as candidate universe sensitivity reference.
106,8061,8061.T,SEIKA CORPORATION,Wholesale Trade,0.9391970075252203,0.693752023308514,0.9494545454545454,0.33629191321499013,0.707647628267183,0.3416938110749186,1.0,0.8393030009680542,0.0,0.0,0.0,0.0,1.242915463991396,0.205653266714921,0.1950159418835354,0.8333333333333334,-0.0015076025089085,724336140.0,False,,False,False,True,candidate_top300,Use as candidate universe sensitivity reference.
107,9989,9989.T,"SUNDRUG CO.,LTD.",Retail Trade,0.938709715991886,0.3425056652638394,0.49818181818181817,0.7577251808021038,0.9209422394320749,0.5283387622149838,1.0,0.9054533720555018,0.0,0.0,0.0,0.0,0.6444104110253505,0.0730260554229943,0.4346836149407783,1.0,-0.0227109662083328,1789926436.6666667,False,,False,False,True,candidate_top300,Use as candidate universe sensitivity reference.
108,8173,8173.T,Joshin Corporation,Retail Trade,0.9386969508869887,0.7112334088701845,0.1970909090909091,0.7389875082182774,0.707647628267183,0.7648208469055374,1.0,0.7515327525008068,0.0,0.0,0.0,0.0,1.2884751685173856,0.0419417656249819,0.4183649662523075,0.8333333333333334,-0.053020886148411,359923850.0,False,,False,False,True,candidate_top300,Use as candidate universe sensitivity reference.
109,4540,4540.T,TSUMURA & CO.,Pharmaceutical,0.9385724802621788,0.6607316283586921,0.8192727272727273,0.336620644312952,0.707647628267183,0.31954397394136813,1.0,0.8783478541464989,0.0,0.0,0.0,0.0,1.1580357383101123,0.1211077149849444,0.1950622335156552,0.8333333333333334,0.0015683919725217,1211252031.6666667,False,,False,False,True,candidate_top300,Use as candidate universe sensitivity reference.
110,2733,2733.T,ARATA CORPORATION,Wholesale Trade,0.9383870156302972,0.7494334736160569,0.8309090909090909,0.6048652202498357,0.707647628267183,0.3172638436482085,1.0,0.7063568893191352,0.0,0.0,0.0,0.0,1.3949156080552183,0.1240688256278769,0.3086697377200636,0.8333333333333334,0.0018832391713747,256909288.33333337,False,,False,False,True,candidate_top300,Use as candidate universe sensitivity reference.
111,8282,8282.T,K'S HOLDINGS CORPORATION,Retail Trade,0.937876741616391,0.4308837811589511,0.10945454545454546,0.7988165680473372,0.707647628267183,0.8156351791530945,1.0,0.8893191352049048,0.0,0.0,0.0,0.0,0.7669909627607371,0.0290760450226302,0.4833965013887509,0.8333333333333334,-0.0619063494257626,1411873930.0,False,,False,False,True,candidate_top300,Use as candidate universe sensitivity reference.
112,2433,2433.T,HAKUHODO DY HOLDINGS INCORPORATED,Services,0.9377333374949985,0.5723535124635805,0.11781818181818182,0.6982248520710059,0.21022910616327847,0.8368078175895766,1.0,0.8664085188770572,0.0,0.0,0.0,0.0,0.9960339045325776,0.0301327210640666,0.380500308991412,0.5,-0.0670735011665519,1050303739.1666666,False,,False,False,True,candidate_top300,Use as candidate universe sensitivity reference.
113,8037,8037.T,KAMEI CORPORATION,Wholesale Trade,0.9376015682065995,0.8096471349951441,0.7516363636363637,0.5680473372781065,0.9209422394320749,0.886970684039088,1.0,0.6569861245563084,0.0,0.0,0.0,0.0,1.5722567592460746,0.1071827955997696,0.2900969723426148,1.0,-0.0837228041901692,185679500.0,False,,False,False,True,candidate_top300,Use as candidate universe sensitivity reference.
114,7912,7912.T,"Dai Nippon Printing Co.,Ltd.",Other Products,0.9375258236755019,0.5862738750404661,0.6796363636363636,0.28205128205128205,0.707647628267183,0.41107491856677525,1.0,0.957405614714424,0.0,0.0,0.0,0.0,1.0201257969945152,0.0958326383154823,0.1763850752774739,0.8333333333333334,-0.0099001747013721,5125957500.833333,False,,False,False,True,candidate_top300,Use as candidate universe sensitivity reference.
115,3087,3087.T,"DOUTOR・NICHIRES Holdings Co.,Ltd.",Retail Trade,0.9373600938865033,0.5561670443509227,0.4203636363636364,0.8997370151216305,0.44062600838980315,0.3179153094462541,1.0,0.7566957082929977,0.0,0.0,0.0,0.0,0.9627624285949304,0.0662826095515031,0.6825506680459837,0.6666666666666666,0.0018104409454034,371988901.6666667,False,,False,False,True,candidate_top300,Use as candidate universe sensitivity reference.
116,2001,2001.T,NIPPN CORPORATION,Foods,0.9364096204670965,0.6701197798640337,0.8152727272727273,0.48619329388560156,0.21022910616327847,0.22931596091205209,1.0,0.8163923846402065,0.0,0.0,0.0,0.0,1.182607118325566,0.1203170944412222,0.2494577006507592,0.5,0.0160551100750968,587806231.6666666,False,,False,False,True,candidate_top300,Use as candidate universe sensitivity reference.
117,9934,9934.T,"INABA DENKISANGYO CO.,LTD.",Wholesale Trade,0.9363347074859817,0.6506960181288443,0.8290909090909091,0.44806048652202496,0.9209422394320749,0.47361563517915306,1.0,0.8050984188447886,0.0,0.0,0.0,0.0,1.1388876800512058,0.123635165812648,0.2332973693737611,1.0,-0.0165983988599676,532289361.6666667,False,,False,False,True,candidate_top300,Use as candidate universe sensitivity reference.
118,2593,2593.T,"ITO EN,LTD.",Foods,0.9362700972866157,0.3787633538361929,0.3341818181818182,0.8247863247863247,0.44062600838980315,0.4146579804560261,1.0,0.8925459825750242,0.0,0.0,0.0,0.0,0.6934492453687575,0.057144117536937,0.5212972797288434,0.6666666666666666,-0.0101275608813297,1507178258.3333333,False,,False,False,True,candidate_top300,Use as candidate universe sensitivity reference.
119,9832,9832.T,"AUTOBACS SEVEN CO.,LTD.",Wholesale Trade,0.9361766443188034,0.6591129815474264,0.48,0.7024983563445102,0.21022910616327847,0.21205211726384365,1.0,0.7841239109390126,0.0,0.0,0.0,0.0,1.1547090648686182,0.0712970261402779,0.3873120918613315,0.5,0.0198715252010077,455908010.0,False,,False,False,True,candidate_top300,Use as candidate universe sensitivity reference.
120,3048,3048.T,BIC CAMERA INC.,Retail Trade,0.9359374428311832,0.3852379410812561,0.43927272727272726,0.8241288625904011,0.9209422394320749,0.41270358306188926,1.0,0.8551145530816392,0.0,0.0,0.0,0.0,0.7059480180837249,0.0679955881929372,0.5207210232485623,1.0,-0.0100538279270519,891480108.3333334,False,,False,False,True,candidate_top300,Use as candidate universe sensitivity reference.
121,2792,2792.T,"HONEYS HOLDINGS CO.,LTD.",Retail Trade,0.9358980954763139,0.6837164130786663,0.7850909090909091,0.8642340565417489,0.21022910616327847,0.43224755700325734,1.0,0.6302032913843175,0.0,0.0,0.0,0.0,1.2209874209982614,0.1128694970299521,0.5915147318703415,0.5,-0.0120890288945393,156530006.66666666,False,,False,False,True,candidate_top300,Use as candidate universe sensitivity reference.
122,8011,8011.T,SANYO SHOKAI LTD.,Textiles and Apparels,0.9357458623082707,0.6225315636128197,0.7661818181818182,0.86620644312952,0.07454017424975799,0.09804560260586315,1.0,0.6908680219425621,0.0,0.0,0.0,0.0,1.0847300873304335,0.109101215440023,0.5944388777555111,0.3333333333333333,0.0533974353490679,234527183.33333337,False,,False,False,True,candidate_top300,Use as candidate universe sensitivity reference.
123,6302,6302.T,"SUMITOMO HEAVY INDUSTRIES,LTD.",Machinery,0.9356935128187048,0.6416315959857559,0.2989090909090909,0.33596318211702825,0.707647628267183,0.5355048859934853,1.0,0.9512746047111972,0.0,0.0,0.0,0.0,1.113332001441348,0.0534469059234131,0.1949691738594328,0.8333333333333334,-0.0236439349455095,4214246596.6666665,False,,False,False,True,candidate_top300,Use as candidate universe sensitivity reference.
124,6419,6419.T,Mars Group Holdings Corporation,Machinery,0.9352348553934428,0.759792813208158,0.9007272727272727,0.4641683103221565,0.707647628267183,0.5276872964169381,1.0,0.7218457566957083,0.0,0.0,0.0,0.0,1.4243868130896205,0.1587026516418462,0.2396333941204467,0.8333333333333334,-0.0226435415364907,281123513.3333333,False,,False,False,True,candidate_top300,Use as candidate universe sensitivity reference.
125,7581,7581.T,"SAIZERIYA CO.,LTD.",Retail Trade,0.9347522580451565,0.20427322758174166,0.2029090909090909,0.9217619986850756,0.44062600838980315,0.8729641693811074,1.0,0.9332042594385286,0.0,0.0,0.0,0.0,0.4457400572055082,0.0424749865449123,0.7515728977616455,0.6666666666666666,-0.0785855025448269,2746001683.3333335,False,,False,False,True,candidate_top300,Use as candidate universe sensitivity reference.
126,2288,2288.T,"MARUDAI FOOD CO.,LTD.",Foods,0.9344622065748815,0.695694399482033,0.7301818181818182,0.6009204470742933,0.707647628267183,0.3224755700325733,1.0,0.7350758309131978,0.0,0.0,0.0,0.0,1.2458779308370531,0.1033226925793052,0.3068144227588488,0.8333333333333334,0.0013265276696369,313430735.0,False,,False,False,True,candidate_top300,Use as candidate universe sensitivity reference.
127,6794,6794.T,"Foster Electric Company,Limited",Electric Appliances,0.9343511630425493,0.6429265134347686,0.668,0.4270216962524655,0.9209422394320749,0.890228013029316,1.0,0.8105840593739916,0.0,0.0,0.0,0.0,1.1159323840996305,0.0943325013693799,0.2258158126298841,1.0,-0.0860893340268069,557762190.0,False,,False,False,True,candidate_top300,Use as candidate universe sensitivity reference.
128,1980,1980.T,"DAI-DAN CO.,LTD.",Construction,0.9342203005865172,0.5950145678213014,0.9090909090909091,0.33004602235371466,0.21022910616327847,0.17980456026058633,1.0,0.9035172636334301,0.0,0.0,0.0,0.0,1.031508979804418,0.1653724082780776,0.1920449214849356,0.5,0.0271695462696415,1721383641.6666667,False,,False,False,True,candidate_top300,Use as candidate universe sensitivity reference.
129,3349,3349.T,COSMOS Pharmaceutical Corporation,Retail Trade,0.9340817959238567,0.2790547102622208,0.428,0.7271531886916502,0.707647628267183,0.6973941368078176,1.0,0.9386898999677316,0.0,0.0,0.0,0.0,0.5572896131448768,0.0670531984634762,0.4064391954340597,0.8333333333333334,-0.042922158272088,2960785696.6666665,False,,False,False,True,candidate_top300,Use as candidate universe sensitivity reference.
130,5423,5423.T,"TOKYO STEEL MANUFACTURING CO.,LTD.",Iron and Steel,0.933737423496106,0.6691485917772741,0.812,0.34779750164365547,0.21022910616327847,0.2915309446254072,1.0,0.861568247821878,0.0,0.0,0.0,0.0,1.1816233025451932,0.1193511699037992,0.1980489669696525,0.5,0.0053514298921264,964738555.0,False,,False,False,True,candidate_top300,Use as candidate universe sensitivity reference.
131,8214,8214.T,AOKI Holdings Inc.,Retail Trade,0.9337019595849995,0.6079637423114277,0.47454545454545455,0.6571334648257725,0.9209422394320749,0.7566775244299674,1.0,0.766053565666344,0.0,0.0,0.0,0.0,1.0530684922944171,0.0709306159084476,0.3463446878648444,1.0,-0.0518300543572063,389855761.6666667,False,,False,False,True,candidate_top300,Use as candidate universe sensitivity reference.
132,2678,2678.T,ASKUL Corporation,Retail Trade,0.9334430573669619,0.39656846876011653,0.5872727272727273,0.8208415516107824,0.707647628267183,0.45537459283387627,1.0,0.8154243304291707,0.0,0.0,0.0,0.0,0.7197919356784274,0.0836157737572141,0.5160109227243592,0.8333333333333334,-0.0147352413963011,586196151.6666666,False,,False,False,True,candidate_top300,Use as candidate universe sensitivity reference.
133,2659,2659.T,"SAN-A CO.,LTD.",Retail Trade,0.9332907998165249,0.47393978633862094,0.3690909090909091,0.7340565417488495,0.21022910616327847,0.9143322475570033,1.0,0.8341400451758632,0.0,0.0,0.0,0.0,0.8381621692111931,0.0606342045645145,0.4130564983030545,0.5,-0.0963155318620536,695597795.0,False,,False,False,True,candidate_top300,Use as candidate universe sensitivity reference.
134,9202,9202.T,ANA HOLDINGS INC.,Air Transportation,0.9330929527110879,0.5717060537390741,0.8047272727272727,0.11505588428665352,0.44062600838980315,0.8078175895765473,1.0,0.978702807357212,0.0,0.0,0.0,0.0,0.9945097324415596,0.1179077441730312,0.1151749717165838,0.6666666666666666,-0.0608125179064584,9395589111.666666,False,,False,False,True,candidate_top300,Use as candidate universe sensitivity reference.
135,3941,3941.T,"Rengo Co.,Ltd.",Pulp and Paper,0.9329507867673696,0.7578504370346391,0.6087272727272727,0.16206443129520054,0.707647628267183,0.6325732899022801,1.0,0.8899645046789287,0.0,0.0,0.0,0.0,1.4187979895088514,0.0866774721083711,0.1336385576533601,0.8333333333333334,-0.0351145909604139,1438263301.6666667,False,,False,False,True,candidate_top300,Use as candidate universe sensitivity reference.
136,9470,9470.T,"GAKKEN HOLDINGS CO.,LTD.",Information & Communication,0.9329350394286179,0.7957267724182583,0.8210909090909091,0.7130177514792899,0.9209422394320749,0.5296416938110748,1.0,0.5863181671506937,0.0,0.0,0.0,0.0,1.52597030210713,0.1215213356220572,0.3947943158469474,1.0,-0.0228300013337878,121937936.66666669,False,,False,True,True,candidate_top300,Use as candidate universe sensitivity reference.
137,6814,6814.T,"FURUNO ELECTRIC CO.,LTD.",Electric Appliances,0.9328742892228293,0.21754613143412108,0.610909090909091,0.7337278106508875,0.707647628267183,0.6293159609120521,1.0,0.9364311068086479,0.0,0.0,0.0,0.0,0.4655885756400852,0.0870113123636959,0.4126793242975581,0.8333333333333334,-0.0347021137634351,2906114066.6666665,False,,False,False,True,candidate_top300,Use as candidate universe sensitivity reference.
138,4651,4651.T,SANIX HOLDINGS INCORPORATED,Services,0.9328664141305262,0.5059889932016834,0.8487272727272728,0.7738330046022354,0.21022910616327847,0.6035830618892508,1.0,0.7324943530171023,0.0,0.0,0.0,0.0,0.8864321719046249,0.1297834320517194,0.453035056608921,0.5,-0.0314860092366204,307577845.0,False,,False,False,True,candidate_top300,Use as candidate universe sensitivity reference.
139,2685,2685.T,"and ST HD Co.,Ltd.",Retail Trade,0.9328174060099526,0.26901910003237295,0.38836363636363636,0.982577251808021,0.44062600838980315,0.8693811074918567,1.0,0.8280090351726364,0.0,0.0,0.0,0.0,0.5414170118514697,0.0628475951574161,1.1421381226106329,0.6666666666666666,-0.0778247326269011,655337998.3333334,False,,False,False,True,candidate_top300,Use as candidate universe sensitivity reference.
140,6460,6460.T,SEGA SAMMY HOLDINGS INC.,Machinery,0.9326760648239778,0.41146001942376176,0.6112727272727273,0.5848126232741617,0.44062600838980315,0.14364820846905535,1.0,0.9315908357534689,0.0,0.0,0.0,0.0,0.7376935462086935,0.0871033736676536,0.2988754251469888,0.6666666666666666,0.0372690797684888,2637196344.1666665,False,,False,False,True,candidate_top300,Use as candidate universe sensitivity reference.
141,6588,6588.T,TOSHIBA TEC CORPORATION,Electric Appliances,0.9326510911807926,0.3709938491421172,0.9287272727272727,0.8905325443786982,0.707647628267183,0.22671009771986972,1.0,0.749596644078735,0.0,0.0,0.0,0.0,0.6848655359687531,0.1805804853149058,0.6577600318733381,0.8333333333333334,0.0164268585131894,352472765.0,False,,False,False,True,candidate_top300,Use as candidate universe sensitivity reference.
142,4613,4613.T,"KANSAI PAINT CO.,LTD.",Chemicals,0.9324166322522732,0.46778892845581094,0.7487272727272727,0.4510190664036818,0.07454017424975799,0.24234527687296414,1.0,0.9393352694417554,0.0,0.0,0.0,0.0,0.8273662193742193,0.1069260606646498,0.2346890030759743,0.3333333333333333,0.0134917177960461,3023000225.8333335,False,,False,False,True,candidate_top300,Use as candidate universe sensitivity reference.
143,4751,4751.T,"CyberAgent,Inc.",Services,0.9324118664886714,0.16736808028488184,0.37527272727272726,0.7922419460881,0.9209422394320749,0.8449511400651466,1.0,0.9570829299774121,0.0,0.0,0.0,0.0,0.4015090602001421,0.0611174734647609,0.4739214088541573,1.0,-0.0697006901582157,5048035577.5,False,,False,False,True,candidate_top300,Use as candidate universe sensitivity reference.
144,7911,7911.T,TOPPAN Holdings Inc.,Other Products,0.9321136816911199,0.6254451278730981,0.525090909090909,0.24490466798159105,0.21022910616327847,0.2403908794788273,1.0,0.9764440141981284,0.0,0.0,0.0,0.0,1.0891854252634172,0.0763907322435681,0.1642265257623295,0.5,0.0140255385335492,8475929190.0,False,,False,False,True,candidate_top300,Use as candidate universe sensitivity reference.
145,3148,3148.T,"CREATE SD HOLDINGS CO.,LTD.",Retail Trade,0.9318744363634497,0.3722887665911298,0.5152727272727273,0.8132807363576594,0.707647628267183,0.6322475570032573,1.0,0.8257502420135527,0.0,0.0,0.0,0.0,0.6860893892431892,0.0754015699991551,0.5039714914969078,0.8333333333333334,-0.0350519377894323,644299083.3333334,False,,False,False,True,candidate_top300,Use as candidate universe sensitivity reference.
146,3407,3407.T,ASAHI KASEI CORPORATION,Chemicals,0.9314829603401155,0.4499838135318873,0.34763636363636363,0.4608809993425378,0.21022910616327847,0.6895765472312704,1.0,0.9777347531461762,0.0,0.0,0.0,0.0,0.7980797578755279,0.0585459085139145,0.2386572670846435,0.5,-0.0419604519126474,9208645430.0,False,,False,False,True,candidate_top300,Use as candidate universe sensitivity reference.
147,2929,2929.T,"Pharma Foods International Co.,Ltd.",Foods,0.9307961728054619,0.4953059242473292,0.884,0.9940828402366864,0.21022910616327847,0.040065146579804534,1.0,0.6585995482413682,0.0,0.0,0.0,0.0,0.8727181247274739,0.146932021738797,1.44792928736645,0.5,0.1040940766550522,187330905.0,False,,False,False,True,candidate_top300,Use as candidate universe sensitivity reference.
148,2726,2726.T,"PAL GROUP Holdings CO.,LTD",Retail Trade,0.9307435832021257,0.14503075428941406,0.5189090909090909,0.9362261669953977,0.9209422394320749,0.5234527687296417,1.0,0.8919006131010003,0.0,0.0,0.0,0.0,0.3656750597813177,0.0758493430602375,0.8088464157183154,1.0,-0.0221429142994318,1488770916.6666667,False,,False,False,True,candidate_top300,Use as candidate universe sensitivity reference.
149,2002,2002.T,NISSHIN SEIFUN GROUP INC.,Foods,0.9307101021837458,0.519585626416316,0.4047272727272727,0.46679815910585143,0.9209422394320749,0.5381107491856678,1.0,0.9106163278476928,0.0,0.0,0.0,0.0,0.905364777781256,0.0647268170915106,0.2408203993096226,1.0,-0.0238540226365135,1916750076.6666667,False,,False,False,True,candidate_top300,Use as candidate universe sensitivity reference.
150,7240,7240.T,NOK CORPORATION,Transportation Equipment,0.9305806929739605,0.7186791842020072,0.6156363636363636,0.20677186061801447,0.9209422394320749,0.7716612377850163,1.0,0.8635043562439496,0.0,0.0,0.0,0.0,1.317035445261267,0.0879451743697778,0.1513920061602351,1.0,-0.0539856924139108,993844125.8333334,False,,False,False,True,candidate_top300,Use as candidate universe sensitivity reference.
151,7988,7988.T,NIFCO INC.,Chemicals,0.9303392777896811,0.3680802848818388,0.7785454545454545,0.5522682445759369,0.707647628267183,0.5231270358306188,1.0,0.8977089383672152,0.0,0.0,0.0,0.0,0.6783691390819069,0.1114888636579567,0.2822419276702403,0.8333333333333334,-0.0221225143741096,1597828465.0,False,,False,False,True,candidate_top300,Use as candidate universe sensitivity reference.
152,2296,2296.T,ITOHAM YONEKYU HOLDINGS INC.,Foods,0.9300466063106997,0.6086112010359339,0.24945454545454546,0.5598290598290598,0.21022910616327847,0.2827361563517915,1.0,0.8799612778315585,0.0,0.0,0.0,0.0,1.054689814910892,0.0485134181657333,0.2853735152855726,0.5,0.0067858675809156,1231731283.3333333,False,,False,False,True,candidate_top300,Use as candidate universe sensitivity reference.
153,5019,5019.T,"Idemitsu Kosan Co.,Ltd.",Oil and Coal Products,0.9299807233716615,0.6092586597604402,0.3901818181818182,0.18704799474030243,0.707647628267183,0.8648208469055374,1.0,0.9699903194578896,0.0,0.0,0.0,0.0,1.0568100544617998,0.0632827493236875,0.1443617600018092,0.8333333333333334,-0.0761527443989153,7145332335.0,False,,False,False,True,candidate_top300,Use as candidate universe sensitivity reference.
154,2379,2379.T,dip Corporation,Services,0.9299627362330709,0.2113952735513111,0.4032727272727273,0.9644970414201184,0.44062600838980315,0.8755700325732899,1.0,0.8505969667634721,0.0,0.0,0.0,0.0,0.4545114267440464,0.0646274320329389,0.971554483506279,0.6666666666666666,-0.0797376242962509,831188383.3333334,False,,False,False,True,candidate_top300,Use as candidate universe sensitivity reference.
155,5210,5210.T,"Nihon Yamamura Glass Co.,Ltd.",Glass and Ceramics Products,0.9298692424004915,0.8821625121398511,0.7090909090909091,0.2024983563445102,0.44062600838980315,0.6811074918566775,1.0,0.7741206840916425,0.0,0.0,0.0,0.0,1.969799159694988,0.1004153092424095,0.1493152562386007,0.6666666666666666,-0.041058852786023,408525683.3333333,False,,False,False,True,candidate_top300,Use as candidate universe sensitivity reference.
156,3002,3002.T,GUNZE LIMITED,Textiles and Apparels,0.9298468821660627,0.56102298478472,0.2687272727272727,0.5302432610124918,0.9209422394320749,0.6100977198697068,1.0,0.8738302678283317,0.0,0.0,0.0,0.0,0.9712837155565194,0.0508193443609195,0.2704334375019571,1.0,-0.0325946376162761,1160320833.3333333,False,,False,False,True,candidate_top300,Use as candidate universe sensitivity reference.
157,6039,6039.T,"Japan Animal Referral Medical Center Co.,Ltd.",Services,0.9296012017961156,0.8248624150210424,0.948,0.3767258382642998,0.9209422394320749,0.9169381107491856,1.0,0.6566634398192965,0.0,0.0,0.0,0.0,1.6266100138769692,0.2042735983759178,0.2093435944196975,1.0,-0.097170269728149,185675618.33333337,False,,False,False,True,candidate_top300,Use as candidate universe sensitivity reference.
158,9699,9699.T,"NISHIO HOLDINGS CO.,LTD.",Services,0.9293187477768948,0.7335707348656523,0.8036363636363636,0.5762656147271532,0.9209422394320749,0.8364820846905537,1.0,0.6473055824459503,0.0,0.0,0.0,0.0,1.354737694872295,0.1175421253411569,0.293005136899896,1.0,-0.0667989924193331,172423258.33333334,False,,False,False,True,candidate_top300,Use as candidate universe sensitivity reference.
159,4043,4043.T,Tokuyama Corporation,Chemicals,0.929148156740777,0.40530916154095176,0.5956363636363636,0.42998027613412226,0.707647628267183,0.7084690553745928,1.0,0.9454662794449823,0.0,0.0,0.0,0.0,0.7308125082297066,0.0845326695703335,0.2270924198930297,0.8333333333333334,-0.044326759621966,3580177205.0,False,,False,False,True,candidate_top300,Use as candidate universe sensitivity reference.
160,2269,2269.T,"Meiji Holdings Co.,Ltd.",Foods,0.9290564866528913,0.4396244739397863,0.29454545454545455,0.5433925049309665,0.44062600838980315,0.4332247557003257,1.0,0.952565343659245,0.0,0.0,0.0,0.0,0.7794528278837647,0.0532427523653493,0.2771169701660005,0.6666666666666666,-0.0122636899181912,4417956616.666667,False,,False,False,True,candidate_top300,Use as candidate universe sensitivity reference.
161,9107,9107.T,"Kawasaki Kisen Kaisha,Ltd.",Marine Transportation,0.9289650457297155,0.5911298154742635,0.9356363636363636,0.045364891518737675,0.44062600838980315,0.22996742671009773,1.0,0.9909648273636656,0.0,0.0,0.0,0.0,1.0266126998069478,0.1882513030260937,0.0824655923918429,0.6666666666666666,0.0159384889064218,17849093597.5,False,,False,False,True,candidate_top300,Use as candidate universe sensitivity reference.
162,5331,5331.T,"NORITAKE CO.,LIMITED",Glass and Ceramics Products,0.928625900711913,0.6720621560375526,0.7196363636363636,0.3346482577251808,0.707647628267183,0.09641693811074914,1.0,0.8528557599225557,0.0,0.0,0.0,0.0,1.1864294358046907,0.1020004360434492,0.1948041470006858,0.8333333333333334,0.0547228764601716,853827866.6666666,False,,False,False,True,candidate_top300,Use as candidate universe sensitivity reference.
163,5440,5440.T,KYOEI STEEL LTD.,Iron and Steel,0.9284579593380691,0.9443185496924571,0.8749090909090909,0.09533201840894148,0.707647628267183,0.8788273615635179,1.0,0.7308809293320426,0.0,0.0,0.0,0.0,2.743865292421231,0.1415637553154687,0.1086280000453478,0.8333333333333334,-0.080948171615668,298099328.3333333,False,,False,False,True,candidate_top300,Use as candidate universe sensitivity reference.
164,3865,3865.T,Hokuetsu Corporation,Pulp and Paper,0.9281292245640032,0.8491421171900292,0.7254545454545455,0.22583826429980275,0.9209422394320749,0.8006514657980456,1.0,0.7486285898676993,0.0,0.0,0.0,0.0,1.7409351775357629,0.1026475339190229,0.1589782577047771,1.0,-0.0588663747743506,348046906.6666667,False,,False,False,True,candidate_top300,Use as candidate universe sensitivity reference.
165,9534,9534.T,"HOKKAIDO GAS CO.,LTD.",Electric Power and Gas,0.9280006140836808,0.7393978633862092,0.9054545454545454,0.5016436554898094,0.44062600838980315,0.9221498371335505,1.0,0.6618263956114876,0.0,0.0,0.0,0.0,1.371415650458767,0.1616201704561627,0.257722674498928,0.6666666666666666,-0.1016456389128254,192052623.33333337,False,,False,False,True,candidate_top300,Use as candidate universe sensitivity reference.
166,6526,6526.T,Socionext Inc.,Electric Appliances,0.9279836506797623,0.089025574619618,0.17745454545454545,0.8740959894806049,0.44062600838980315,0.8423452768729642,1.0,0.9903194578896418,0.0,0.0,0.0,0.0,0.2732454103467318,0.0390789227178899,0.6101683968246512,0.6666666666666666,-0.0686878415912552,17619074970.833332,False,,False,False,True,candidate_top300,Use as candidate universe sensitivity reference.
167,5262,5262.T,Nippon Hume Corporation,Glass and Ceramics Products,0.9279593956167446,0.8685658789252185,0.8538181818181818,0.14102564102564102,0.707647628267183,0.14560260586319218,1.0,0.7996127783155856,0.0,0.0,0.0,0.0,1.8672393558343376,0.1322657828912961,0.126882416111655,0.8333333333333334,0.0361143035525064,512303433.3333333,False,,False,False,True,candidate_top300,Use as candidate universe sensitivity reference.
168,7130,7130.T,"YAMAE GROUP HOLDINGS CO.,LTD.",Wholesale Trade,0.9278713975847057,0.6545807704758821,0.7912727272727272,0.6019066403681789,0.44062600838980315,0.6820846905537459,1.0,0.6986124556308486,0.0,0.0,0.0,0.0,1.1458148320911177,0.1143264520858148,0.3074517379237832,0.6666666666666666,-0.0411140745965618,246312053.33333337,False,,False,False,True,candidate_top300,Use as candidate universe sensitivity reference.
169,7459,7459.T,MEDIPAL HOLDINGS CORPORATION,Wholesale Trade,0.9278699409559255,0.7387504046617028,0.6556363636363637,0.17751479289940827,0.707647628267183,0.3706840390879479,1.0,0.8757663762504033,0.0,0.0,0.0,0.0,1.3663909601707236,0.092895843875096,0.1401425985104527,0.8333333333333334,-0.0049827392152171,1173707812.5,False,,False,False,True,candidate_top300,Use as candidate universe sensitivity reference.
170,7245,7245.T,"DAIDO METAL CO.,LTD.",Transportation Equipment,0.9278218861807155,0.8128844286176756,0.4690909090909091,0.2666009204470743,0.707647628267183,0.6504885993485342,1.0,0.8092933204259438,0.0,0.0,0.0,0.0,1.5806613043703892,0.0703350477479144,0.1716804979253112,0.8333333333333334,-0.0377689760405168,550193408.3333334,False,,False,False,True,candidate_top300,Use as candidate universe sensitivity reference.
171,6463,6463.T,"TPR CO.,LTD.",Machinery,0.927749666672605,0.9876982842343801,0.9683636363636363,0.17587113740959895,0.707647628267183,0.6306188925081433,1.0,0.6663439819296547,0.0,0.0,0.0,0.0,4.331748843938584,0.2511361023324023,0.1392428338906406,0.8333333333333334,-0.0349193938017819,197617228.33333337,False,,False,False,True,candidate_top300,Use as candidate universe sensitivity reference.
172,2613,2613.T,"J-OIL MILLS, INC.",Foods,0.9277038932381958,0.8229200388475235,0.756,0.41946088099934253,0.707647628267183,0.8283387622149837,1.0,0.6740884156179413,0.0,0.0,0.0,0.0,1.6202918954849683,0.1075184285982941,0.2235137866998895,0.8333333333333334,-0.0645557734661471,210030045.0,False,,False,False,True,candidate_top300,Use as candidate universe sensitivity reference.
173,2670,2670.T,"ABC-MART,INC.",Retail Trade,0.9273827256927586,0.33408870184525735,0.49963636363636366,0.7409598948060486,0.07454017424975799,0.2550488599348534,1.0,0.9012584704743466,0.0,0.0,0.0,0.0,0.6324697660345767,0.0733743790166946,0.4196236465093498,0.3333333333333333,0.0107271538060087,1687652441.6666667,False,,False,False,True,candidate_top300,Use as candidate universe sensitivity reference.
174,8255,8255.T,Axial Retailing Inc.,Retail Trade,0.9273056057049687,0.5606992554224668,0.6938181818181818,0.8668639053254438,0.9209422394320749,0.5140065146579804,1.0,0.6431106808647951,0.0,0.0,0.0,0.0,0.9697343296708116,0.0978053102449809,0.598232772447581,1.0,-0.0206598805566179,168119678.33333334,False,,False,False,True,candidate_top300,Use as candidate universe sensitivity reference.
175,5408,5408.T,"NAKAYAMA STEEL WORKS,LTD.",Iron and Steel,0.9272913070211247,0.9698931693104564,0.9134545454545454,0.19723865877712032,0.44062600838980315,0.4241042345276873,1.0,0.6947402387867054,0.0,0.0,0.0,0.0,3.2005854681020858,0.1706519449568521,0.1480408721538337,0.6666666666666666,-0.0109615416535263,239147871.66666663,False,,False,False,True,candidate_top300,Use as candidate universe sensitivity reference.
176,7606,7606.T,UNITED ARROWS LTD.,Retail Trade,0.9272278893721604,0.2787309808999676,0.4090909090909091,0.980276134122288,0.21022910616327847,0.6739413680781758,1.0,0.8102613746369797,0.0,0.0,0.0,0.0,0.5570941885942252,0.0652636967174285,1.120997405263608,0.5,-0.0403694781581329,552891135.0,False,,False,False,True,candidate_top300,Use as candidate universe sensitivity reference.
177,6849,6849.T,NIHON KOHDEN CORPORATION,Electric Appliances,0.927163754156796,0.4444804143735837,0.49636363636363634,0.6965811965811965,0.07454017424975799,0.293485342019544,1.0,0.856405292029687,0.0,0.0,0.0,0.0,0.7882255194852027,0.0728730566488217,0.3792249577585146,0.3333333333333333,0.0049784828284532,922057090.0,False,,False,False,True,candidate_top300,Use as candidate universe sensitivity reference.
178,9543,9543.T,"SHIZUOKA GAS CO.,LTD.",Electric Power and Gas,0.9271531569203574,0.7992877954030431,0.8050909090909091,0.43951347797501644,0.21022910616327847,0.957328990228013,1.0,0.6737657308809293,0.0,0.0,0.0,0.0,1.5364845616290397,0.1179755346412786,0.230486080266295,0.5,-0.1306289694734685,209472231.66666663,False,,False,False,True,candidate_top300,Use as candidate universe sensitivity reference.
179,4206,4206.T,"Aica Kogyo Company,Limited",Chemicals,0.9268722234594611,0.507283910650696,0.6123636363636363,0.4539776462853386,0.9209422394320749,0.580456026058632,1.0,0.8647950951919974,0.0,0.0,0.0,0.0,0.8867753395661269,0.0874094634030989,0.2357372473599067,1.0,-0.0286071176640955,1029594755.0,False,,False,False,True,candidate_top300,Use as candidate universe sensitivity reference.
180,4631,4631.T,DIC Corporation,Chemicals,0.9263922368694537,0.6034315312398835,0.4738181818181818,0.28172255095332016,0.44062600838980315,0.6042345276872965,1.0,0.9222329783801226,0.0,0.0,0.0,0.0,1.046798545544533,0.070829577818258,0.1763309499426067,0.6666666666666666,-0.0315364407344304,2285513820.0,False,,False,False,True,candidate_top300,Use as candidate universe sensitivity reference.
181,6995,6995.T,"TOKAI RIKA CO.,LTD.",Transportation Equipment,0.9259701444666065,0.745548721269019,0.8203636363636364,0.24424720578566733,0.9209422394320749,0.4820846905537459,1.0,0.7905776056792514,0.0,0.0,0.0,0.0,1.3867904146212835,0.1214868413131861,0.1641082901649246,1.0,-0.0173391624432991,468268355.0,False,,False,False,True,candidate_top300,Use as candidate universe sensitivity reference.
182,7832,7832.T,Bandai Namco Holdings Inc.,Other Products,0.9259468735165206,0.12334088701845257,0.3058181818181818,0.7702169625246549,0.707647628267183,0.785342019543974,1.0,0.9803162310422717,0.0,0.0,0.0,0.0,0.3323731078359931,0.0542035466801582,0.4490919940941525,0.8333333333333334,-0.0558975431844409,9826299475.0,False,,False,False,True,candidate_top300,Use as candidate universe sensitivity reference.
183,4534,4534.T,"Mochida Pharmaceutical Co.,Ltd.",Pharmaceutical,0.9259100181908287,0.6299773389446423,0.24072727272727273,0.6416831032215647,0.9209422394320749,0.5315960912052118,1.0,0.7750887383026783,0.0,0.0,0.0,0.0,1.095590396193776,0.0476565978726002,0.3359147144971615,1.0,-0.0230088329084632,411554175.0,False,,False,False,True,candidate_top300,Use as candidate universe sensitivity reference.
184,8217,8217.T,"OKUWA CO.,LTD.",Retail Trade,0.9257486388492769,0.9177727419876983,0.01818181818181818,0.8770545693622617,0.707647628267183,0.7912052117263844,1.0,0.537270087124879,0.0,0.0,0.0,0.0,2.340198614726025,0.0089041733977598,0.6155328385813671,0.8333333333333334,-0.0568931014690597,89222235.0,False,,False,False,True,candidate_top300,Use as candidate universe sensitivity reference.
185,1766,1766.T,TOKEN CORPORATION,Construction,0.9255816110872429,0.4664940110067983,0.6898181818181818,0.5447074293228139,0.707647628267183,0.604885993485342,1.0,0.8318812520167796,0.0,0.0,0.0,0.0,0.8256347200785887,0.0973963904075481,0.2777668446578589,0.8333333333333334,-0.0316232925428118,679098200.0,False,,False,False,True,candidate_top300,Use as candidate universe sensitivity reference.
186,7994,7994.T,OKAMURA CORPORATION,Other Products,0.9254893463954952,0.49239235998705083,0.7250909090909091,0.6788297172912557,0.707647628267183,0.0684039087947883,1.0,0.7844465956760245,0.0,0.0,0.0,0.0,0.8682387195721764,0.1026343272939491,0.3649703953739313,0.8333333333333334,0.0738645315109354,456281468.3333333,False,,False,False,True,candidate_top300,Use as candidate universe sensitivity reference.
187,9603,9603.T,"H.I.S.Co.,Ltd.",Services,0.9254795961520216,0.47911945613467144,0.49454545454545457,0.596646942800789,0.707647628267183,0.6602605863192182,1.0,0.8315585672797676,0.0,0.0,0.0,0.0,0.846717026583811,0.0726711377030789,0.305371055833096,0.8333333333333334,-0.0386986086934742,673689895.0,False,,False,False,True,candidate_top300,Use as candidate universe sensitivity reference.
188,6580,6580.T,"Writeup Co.,Ltd.",Services,0.9253843622066849,0.4606668824862415,0.8425454545454546,0.9253780407626562,0.44062600838980315,0.20879478827361564,1.0,0.6705388835108099,0.0,0.0,0.0,0.0,0.816131000667601,0.1275824820856857,0.7720833507528204,0.6666666666666666,0.0202462854708622,205702778.33333337,False,,False,False,True,candidate_top300,Use as candidate universe sensitivity reference.
189,6418,6418.T,"JAPAN CASH MACHINE CO.,LTD.",Machinery,0.9252966247468888,0.6908384590482357,0.8847272727272727,0.6081525312294543,0.9209422394320749,0.8736156351791531,1.0,0.6198773797999355,0.0,0.0,0.0,0.0,1.236366701536982,0.1470802774301514,0.3106436379346681,1.0,-0.0788334225231195,148250750.0,False,,False,False,True,candidate_top300,Use as candidate universe sensitivity reference.
190,3092,3092.T,"ZOZO,Inc.",Retail Trade,0.9251012754049791,0.016510197474910976,0.27054545454545453,0.9746877054569362,0.21022910616327847,0.8827361563517915,1.0,0.9593417231364957,0.0,0.0,0.0,0.0,0.1186546389171456,0.050902926738735,1.055918215217507,0.5,-0.0817280194010386,5356770378.154297,False,,False,False,True,candidate_top300,Use as candidate universe sensitivity reference.
191,9247,9247.T,TRE HOLDINGS CORPORATION,Services,0.9248326482715294,0.5069601812884429,0.8818181818181818,0.37541091387245235,0.707647628267183,0.7172638436482084,1.0,0.840593739916102,0.0,0.0,0.0,0.0,0.8867004360241063,0.1466430838035253,0.2090509534301567,0.8333333333333334,-0.0456238649816227,730388958.3333334,False,,False,False,True,candidate_top300,Use as candidate universe sensitivity reference.
192,3479,3479.T,TKP Corporation,Real Estate,0.9244473905126378,0.5571382324376821,0.9581818181818181,0.5548980933596318,0.707647628267183,0.349185667752443,1.0,0.7402387867053888,0.0,0.0,0.0,0.0,0.963880032219222,0.2285870198030229,0.2834106911870577,0.8333333333333334,-0.0025731834590839,323165016.6666667,False,,False,False,True,candidate_top300,Use as candidate universe sensitivity reference.
193,9980,9980.T,MRK HOLDINGS INC.,Retail Trade,0.9242202831412956,0.7850437034639042,0.09163636363636364,0.9142011834319527,0.9209422394320749,0.8273615635179153,1.0,0.5656663439819296,0.0,0.0,0.0,0.0,1.4912064348118683,0.0262058710745443,0.725931156290591,1.0,-0.0643025174109509,107800986.66666669,False,,False,False,True,candidate_top300,Use as candidate universe sensitivity reference.
194,9974,9974.T,"Belc CO.,LTD.",Retail Trade,0.9241091642107805,0.5441890579475559,0.7032727272727273,0.8379355687047995,0.21022910616327847,0.6641693811074918,1.0,0.6589222329783802,0.0,0.0,0.0,0.0,0.9427802912261704,0.0991392204544171,0.5370591211332755,0.5,-0.0391098644137666,187348066.66666663,False,,False,False,True,candidate_top300,Use as candidate universe sensitivity reference.
195,6209,6209.T,NPR-RIKEN CORPORATION,Machinery,0.9239891567583788,0.7814826804791195,0.6196363636363637,0.31196581196581197,0.707647628267183,0.6485342019543974,1.0,0.7608906098741529,0.0,0.0,0.0,0.0,1.4817065676218504,0.0885178586841959,0.1862265744481727,0.8333333333333334,-0.0376441016852327,380093691.6666667,False,,False,False,True,candidate_top300,Use as candidate universe sensitivity reference.
196,6923,6923.T,"Stanley Electric Co.,Ltd.",Electric Appliances,0.923948259981074,0.6455163483327938,0.516,0.17915844838921763,0.707647628267183,0.6381107491856677,1.0,0.914488544691836,0.0,0.0,0.0,0.0,1.1200450529410444,0.0754793211901376,0.1409702443286797,0.8333333333333334,-0.0359661944934695,2066017589.1666667,False,,False,False,True,candidate_top300,Use as candidate universe sensitivity reference.
197,5929,5929.T,Sanwa Holdings Corporation,Metal Products,0.9239355305352593,0.18355454839753965,0.512,0.7294543063773833,0.707647628267183,0.6462540716612377,1.0,0.9273959341723137,0.0,0.0,0.0,0.0,0.4192828730833378,0.0748532809120655,0.4082572496908956,0.8333333333333334,-0.0371525172706102,2475157598.3333335,False,,False,False,True,candidate_top300,Use as candidate universe sensitivity reference.
198,4927,4927.T,POLA ORBIS HOLDINGS INC.,Chemicals,0.9236345120883037,0.2923276141146002,0.21381818181818182,0.905982905982906,0.707647628267183,0.5954397394136808,1.0,0.8412391093901258,0.0,0.0,0.0,0.0,0.578033094978028,0.0439266982611425,0.6986347053651734,0.8333333333333334,-0.0304400014062366,733567020.8333334,False,,False,False,True,candidate_top300,Use as candidate universe sensitivity reference.
199,3050,3050.T,"DCM Holdings Co.,Ltd.",Retail Trade,0.923439701221037,0.770152152800259,0.5945454545454546,0.2866535174227482,0.44062600838980315,0.4876221498371336,1.0,0.797999354630526,0.0,0.0,0.0,0.0,1.454906962184349,0.0844613753421997,0.1777088392827439,0.6666666666666666,-0.0179530397919684,508394780.0,False,,False,False,True,candidate_top300,Use as candidate universe sensitivity reference.
200,4112,4112.T,"Hodogaya Chemical Co.,Ltd.",Chemicals,0.9232962797406419,0.8148268047911945,0.8294545454545454,0.46614069690992765,0.9209422394320749,0.4452768729641694,1.0,0.6398838334946757,0.0,0.0,0.0,0.0,1.582145902423277,0.1237225661266246,0.2404267574945528,1.0,-0.0135639536689128,164561026.66666666,False,,False,False,True,candidate_top300,Use as candidate universe sensitivity reference.
201,6287,6287.T,SATO CORPORATION,Machinery,0.9232680749419376,0.6387180317254775,0.7578181818181818,0.6883629191321499,0.9209422394320749,0.5745928338762215,1.0,0.6434333656018071,0.0,0.0,0.0,0.0,1.1090061337010535,0.1082371852513547,0.3708919639100556,1.0,-0.0277700472509747,169072476.66666666,False,,False,False,True,candidate_top300,Use as candidate universe sensitivity reference.
202,7453,7453.T,"RYOHIN KEIKAKU CO.,LTD.",Retail Trade,0.9232580468195312,0.03722887665911298,0.09054545454545454,0.9112426035502958,0.9209422394320749,0.6889250814332247,1.0,0.9887060342045821,0.0,0.0,0.0,0.0,0.1721497080010871,0.0260704928120722,0.7160830139191717,1.0,-0.0419341602163573,15092460411.666666,False,,False,False,True,candidate_top300,Use as candidate universe sensitivity reference.
203,2201,2201.T,"Morinaga & Co.,Ltd.",Foods,0.923023669383885,0.3201683392683716,0.5778181818181818,0.7511505588428665,0.707647628267183,0.15700325732899023,1.0,0.8557599225556631,0.0,0.0,0.0,0.0,0.6122173743217698,0.0825242366450364,0.4288190641280847,0.8333333333333334,0.0326684039388418,912455010.8333334,False,,False,False,True,candidate_top300,Use as candidate universe sensitivity reference.
204,9404,9404.T,"Nippon Television Holdings,Inc.",Information & Communication,0.922904634943713,0.7507283910650696,0.42763636363636365,0.1564760026298488,0.9209422394320749,0.3342019543973941,1.0,0.888351080993869,0.0,0.0,0.0,0.0,1.3985851256039965,0.0669336349355199,0.1322682829633874,1.0,-0.0003899949325499,1402408172.5,False,,False,False,True,candidate_top300,Use as candidate universe sensitivity reference.
205,7610,7610.T,"TAY TWO CO.,LTD.",Retail Trade,0.9227028278811563,0.46876011654257044,0.7294545454545455,0.9661406969099277,0.9209422394320749,0.8684039087947882,1.0,0.5982575024201355,0.0,0.0,0.0,0.0,0.8298274749704683,0.1032326110034534,0.9790798348206045,1.0,-0.0772060159346117,130786970.0,False,,False,False,True,candidate_top300,Use as candidate universe sensitivity reference.
206,7984,7984.T,"KOKUYO CO.,LTD.",Other Products,0.9226472952249455,0.40692780835221753,0.3850909090909091,0.7281393819855358,0.44062600838980315,0.20749185667752446,1.0,0.8538238141335914,0.0,0.0,0.0,0.0,0.7320723942666145,0.0622208662292156,0.4068999121245578,0.6666666666666666,0.0204538395865221,856846988.002828,False,,False,False,True,candidate_top300,Use as candidate universe sensitivity reference.
207,7600,7600.T,"Japan Medical Dynamic Marketing,INC.",Precision Instruments,0.9225144918157242,0.6390417610877307,0.07636363636363637,0.7685733070348455,0.44062600838980315,0.46123778501628665,1.0,0.7431429493384963,0.0,0.0,0.0,0.0,1.1105020794184812,0.0232801769293446,0.4461848671190748,0.6666666666666666,-0.0153851278175979,332300625.0,False,,False,False,True,candidate_top300,Use as candidate universe sensitivity reference.
208,5970,5970.T,G-TEKT CORPORATION,Metal Products,0.9221739741608352,0.9093557785691162,0.8687272727272727,0.054240631163708086,0.21022910616327847,0.5433224755700325,1.0,0.7731526298806066,0.0,0.0,0.0,0.0,2.2483138654990382,0.1392564044176026,0.0874267124267124,0.5,-0.0244961228172498,406910966.6666667,False,,False,False,True,candidate_top300,Use as candidate universe sensitivity reference.
209,7599,7599.T,IDOM Inc.,Wholesale Trade,0.9221382108691907,0.3593395921010036,0.6232727272727273,0.6771860618014465,0.07454017424975799,0.30293159609120524,1.0,0.8641497257179735,0.0,0.0,0.0,0.0,0.6654565106841445,0.088922468562,0.3629527207514044,0.3333333333333333,0.0037996986587845,1004378630.0,False,,False,False,True,candidate_top300,Use as candidate universe sensitivity reference.
210,5851,5851.T,RYOBI LIMITED,Nonferrous Metals,0.9220942899153168,0.9028811913240531,0.862909090909091,0.10683760683760683,0.9209422394320749,0.38208469055374594,1.0,0.7428202646014843,0.0,0.0,0.0,0.0,2.1988623905909805,0.1357482864399665,0.1130350794509708,1.0,-0.0064586657212078,330405475.0,False,,False,False,True,candidate_top300,Use as candidate universe sensitivity reference.
211,2206,2206.T,"Ezaki Glico Co.,Ltd.",Foods,0.9220417666419322,0.4593719650372289,0.039636363636363636,0.6512163050624589,0.44062600838980315,0.795114006514658,1.0,0.8789932236205228,0.0,0.0,0.0,0.0,0.8150531583097451,0.0148799610457866,0.3428243037178183,0.6666666666666666,-0.0575048581422464,1226195435.0,False,,False,False,True,candidate_top300,Use as candidate universe sensitivity reference.
212,3697,3697.T,SHIFT Inc.,Information & Communication,0.9219537945691015,0.06021366137908708,0.26,0.8612754766600921,0.44062600838980315,0.9045602605863192,1.0,0.962891255243627,0.0,0.0,0.0,0.0,0.2207761717045294,0.0496513704379243,0.5846157842105947,0.6666666666666666,-0.0919423410011594,5806373240.805766,False,,False,False,True,candidate_top300,Use as candidate universe sensitivity reference.
213,1301,1301.T,"KYOKUYO CO.,LTD.","Fishery, Agriculture and Forestry",0.921937719021305,0.724830042084817,0.8963636363636364,0.3895463510848126,0.707647628267183,0.24690553745928334,1.0,0.7244272345918038,0.0,0.0,0.0,0.0,1.3298087865698802,0.1557523099301947,0.2131448181194234,0.8333333333333334,0.0125706481468028,285001450.0,False,,False,False,True,candidate_top300,Use as candidate universe sensitivity reference.
214,9409,9409.T,TV Asahi Holdings Corporation,Information & Communication,0.9219274686014731,0.7377792165749434,0.5541818181818182,0.21630506245890863,0.44062600838980315,0.33648208469055374,1.0,0.856082607292675,0.0,0.0,0.0,0.0,1.3636791763453535,0.0797333417424071,0.1550616736781531,0.6666666666666666,-0.0006203761145936,921650425.0,False,,False,False,True,candidate_top300,Use as candidate universe sensitivity reference.
215,9706,9706.T,"Japan Airport Terminal Co.,ltd.",Real Estate,0.9217521900309502,0.204920686306248,0.6443636363636364,0.6863905325443787,0.9209422394320749,0.5781758957654723,1.0,0.8983543078412392,0.0,0.0,0.0,0.0,0.4464556850100923,0.0914938500924653,0.369239608047579,1.0,-0.028300325244148,1612961591.6666667,False,,False,False,True,candidate_top300,Use as candidate universe sensitivity reference.
216,9936,9936.T,OHSHO FOOD SERVICE CORP.,Retail Trade,0.9217305893226574,0.2366461638070573,0.2952727272727273,0.9289940828402367,0.707647628267183,0.6185667752442996,1.0,0.8367215230719587,0.0,0.0,0.0,0.0,0.4898256131862223,0.0532528155934427,0.7823702293236195,0.8333333333333334,-0.0334300934639063,707268498.3333334,False,,False,False,True,candidate_top300,Use as candidate universe sensitivity reference.
217,6395,6395.T,TADANO LTD.,Machinery,0.9217272058437174,0.7138232437682098,0.8789090909090909,0.2403024326101249,0.21022910616327847,0.11302931596091204,1.0,0.8222007099064215,0.0,0.0,0.0,0.0,1.3026425475214238,0.1451056232346779,0.1627553230133005,0.5,0.0470888963609579,622003466.6666666,False,,False,False,True,candidate_top300,Use as candidate universe sensitivity reference.
218,8835,8835.T,TAIHEIYO KOUHATSU INCORPORATED,Wholesale Trade,0.9216017522369395,0.9423761735189382,0.48654545454545456,0.0601577909270217,0.21022910616327847,0.41856677524429964,1.0,0.8231687641174572,0.0,0.0,0.0,0.0,2.7115851291451527,0.0719382945104057,0.0915336600896485,0.5,-0.0103462427371103,627204008.3333334,False,,False,False,True,candidate_top300,Use as candidate universe sensitivity reference.
219,7550,7550.T,"ZENSHO HOLDINGS CO.,LTD.",Retail Trade,0.9215786408055936,0.04694075752670767,0.12690909090909092,0.9250493096646942,0.9209422394320749,0.7498371335504885,1.0,0.9583736689254598,0.0,0.0,0.0,0.0,0.1941963213558477,0.0317537981477392,0.7652208990430557,1.0,-0.0507941184948419,5247133653.333333,False,,False,False,True,candidate_top300,Use as candidate universe sensitivity reference.
220,6436,6436.T,Amano Corporation,Machinery,0.9215646740047273,0.2661055357720945,0.4723636363636364,0.7268244575936884,0.9209422394320749,0.6332247557003257,1.0,0.8715714746692481,0.0,0.0,0.0,0.0,0.5366572976172441,0.0707589266558006,0.4060399921785754,1.0,-0.0351839291887797,1123186771.6666667,False,,False,False,True,candidate_top300,Use as candidate universe sensitivity reference.
221,8291,8291.T,"NISSAN TOKYO SALES HOLDINGS CO.,LTD.",Retail Trade,0.9213787798483474,0.8484946584655229,0.9305454545454546,0.6785009861932939,0.07454017424975799,0.255700325732899,1.0,0.5359793481768312,0.0,0.0,0.0,0.0,1.738749860590441,0.1819971739891378,0.3646954604917543,0.3333333333333333,0.0105751546564119,88925090.0,False,,False,False,True,candidate_top300,Use as candidate universe sensitivity reference.
222,4996,4996.T,"KUMIAI CHEMICAL INDUSTRY CO.,LTD.",Chemicals,0.9213425399720323,0.8439624473939786,0.3829090909090909,0.17324128862590402,0.707647628267183,0.9306188925081433,1.0,0.797676669893514,0.0,0.0,0.0,0.0,1.7118699270646969,0.0619801886806763,0.1382197857886925,0.8333333333333334,-0.1079291671984015,498276386.6666667,False,,False,False,True,candidate_top300,Use as candidate universe sensitivity reference.
223,9990,9990.T,SAC'S BAR HOLDINGS INC.,Retail Trade,0.9211612779004146,0.7607640012949175,0.8261818181818181,0.8872452333990796,0.44062600838980315,0.4543973941368078,1.0,0.4856405292029687,0.0,0.0,0.0,0.0,1.4279661367598429,0.1230264031525422,0.6444542100866973,0.6666666666666666,-0.0145722900362938,64096080.0,False,,False,False,True,candidate_top300,Use as candidate universe sensitivity reference.
224,4401,4401.T,ADEKA CORPORATION,Chemicals,0.9205110679076624,0.4710262220783425,0.4338181818181818,0.3826429980276134,0.9209422394320749,0.6104234527687297,1.0,0.9131978057437883,0.0,0.0,0.0,0.0,0.8329727092457994,0.0675232243724791,0.2114917936801947,1.0,-0.0326264183948258,1990900181.6666667,False,,False,False,True,candidate_top300,Use as candidate universe sensitivity reference.
225,5480,5480.T,"Nippon Yakin kogyo Co.,Ltd.",Iron and Steel,0.9204763843552963,0.7960505017805115,0.932,0.17882971729125574,0.21022910616327847,0.3100977198697068,1.0,0.7757341077767022,0.0,0.0,0.0,0.0,1.5265926631028228,0.1837012163692764,0.1409402145672097,0.5,0.0026700255344051,411949041.6666667,False,,False,False,True,candidate_top300,Use as candidate universe sensitivity reference.
226,7942,7942.T,JSP Corporation,Chemicals,0.9203438562340506,0.8099708643573972,0.521090909090909,0.45627876397107164,0.707647628267183,0.5452768729641694,1.0,0.6853823814133592,0.0,0.0,0.0,0.0,1.5722578882494087,0.0760470491506019,0.2369006466174191,0.8333333333333334,-0.0245906176634354,226544830.0,False,,False,False,True,candidate_top300,Use as candidate universe sensitivity reference.
227,7981,7981.T,"TAKARA STANDARD CO.,LTD.",Other Products,0.9203314696564603,0.5629653609582389,0.31963636363636366,0.5963182117028271,0.9209422394320749,0.7143322475570033,1.0,0.7789609551468215,0.0,0.0,0.0,0.0,0.9746096335535064,0.0555677158183343,0.3051741695977812,1.0,-0.0449972415133003,426282983.3333333,False,,False,False,True,candidate_top300,Use as candidate universe sensitivity reference.
228,6809,6809.T,TOA CORPORATION,Electric Appliances,0.9202877855779303,0.6513434768533506,0.37636363636363634,0.6314924391847468,0.707647628267183,0.6876221498371335,1.0,0.7118425298483382,0.0,0.0,0.0,0.0,1.139273048934797,0.0612901429170604,0.327597260673175,0.8333333333333334,-0.0418403767133559,263924000.0,False,,False,False,True,candidate_top300,Use as candidate universe sensitivity reference.
229,6058,6058.T,VECTOR INC.,Services,0.920284428613249,0.1699579151829071,0.6658181818181819,0.9569362261669954,0.707647628267183,0.8964169381107492,1.0,0.7725072604065828,0.0,0.0,0.0,0.0,0.4037994366218915,0.0942511120076519,0.9010415566306804,0.8333333333333334,-0.0889854462019353,404857170.0,False,,False,False,True,candidate_top300,Use as candidate universe sensitivity reference.
230,7864,7864.T,"FUJI SEAL INTERNATIONAL,INC.",Other Products,0.9202757102874947,0.590158627387504,0.604,0.37836949375410917,0.707647628267183,0.7091205211726385,1.0,0.8180058083252663,0.0,0.0,0.0,0.0,1.0247468634355723,0.0860533698659077,0.2102063796881643,0.8333333333333334,-0.0444026651315198,597209216.6666666,False,,False,False,True,candidate_top300,Use as candidate universe sensitivity reference.
231,9861,9861.T,"YOSHINOYA HOLDINGS CO.,LTD.",Retail Trade,0.9201542649141401,0.1252832631919715,0.07527272727272727,0.9806048652202498,0.9209422394320749,0.8824104234527688,1.0,0.883188125201678,0.0,0.0,0.0,0.0,0.3356654014170914,0.0231700576161553,1.121418957892713,1.0,-0.0816358322025768,1260047870.0,False,,False,False,True,candidate_top300,Use as candidate universe sensitivity reference.
232,2767,2767.T,TSUBURAYA FIELDS HOLDINGS INC.,Wholesale Trade,0.9200456589918238,0.3489802525089026,0.8807272727272727,0.6706114398422091,0.07454017424975799,0.10749185667752448,1.0,0.829622458857696,0.0,0.0,0.0,0.0,0.6536901735097648,0.146271703802761,0.3563611007245864,0.3333333333333333,0.0487792502993525,664230243.3333334,False,,False,False,True,candidate_top300,Use as candidate universe sensitivity reference.
233,2810,2810.T,House Foods Group Inc.,Foods,0.9199529207631335,0.5687924894787957,0.212,0.5184089414858646,0.44062600838980315,0.5778501628664495,1.0,0.8499515972894482,0.0,0.0,0.0,0.0,0.9849115682158438,0.043636172124851,0.2664144490362559,0.6666666666666666,-0.028298958663859,829138349.1666666,False,,False,False,True,candidate_top300,Use as candidate universe sensitivity reference.
234,6474,6474.T,NACHI-FUJIKOSHI CORP.,Machinery,0.9197395107789103,0.7410165101974749,0.46763636363636363,0.22912557527942143,0.707647628267183,0.5677524429967427,1.0,0.829945143594708,0.0,0.0,0.0,0.0,1.3745701357498046,0.0702864844162453,0.1598243257519733,0.8333333333333334,-0.0271089944929224,668484025.0,False,,False,False,True,candidate_top300,Use as candidate universe sensitivity reference.
235,7231,7231.T,"TOPY INDUSTRIES,LIMITED",Transportation Equipment,0.9196857668216433,0.9112981547426352,0.7585454545454545,0.20611439842209073,0.707647628267183,0.5973941368078176,1.0,0.6924814456276218,0.0,0.0,0.0,0.0,2.2741160456511658,0.1082555954817595,0.150590414940852,0.8333333333333334,-0.0306253685077977,236382251.66666663,False,,False,False,True,candidate_top300,Use as candidate universe sensitivity reference.
236,3660,3660.T,istyle Inc.,Information & Communication,0.9194912335246956,0.2224020718679184,0.40254545454545454,0.9487179487179487,0.9209422394320749,0.5530944625407166,1.0,0.8034849951597289,0.0,0.0,0.0,0.0,0.4700105631979176,0.0645031254485764,0.8564492355712263,1.0,-0.0256606419941984,526125480.0,False,,False,False,True,candidate_top300,Use as candidate universe sensitivity reference.
237,4544,4544.T,"H.U. Group Holdings,Inc.",Services,0.9194895591311383,0.4253803820006475,0.8189090909090909,0.4658119658119658,0.707647628267183,0.3283387622149837,1.0,0.8535011293965795,0.0,0.0,0.0,0.0,0.7532315191962684,0.1210755409675694,0.2403516678470001,0.8333333333333334,0.0003681426850925,854278609.1666666,False,,False,False,True,candidate_top300,Use as candidate universe sensitivity reference.
238,4776,4776.T,"Cybozu,Inc.",Information & Communication,0.9193721157045375,0.026869537067011978,0.352,0.9799474030243261,0.707647628267183,0.9641693811074918,1.0,0.8877057115198451,0.0,0.0,0.0,0.0,0.1483397509073074,0.0589611998975382,1.117916390179164,0.8333333333333334,-0.140355671813692,1370849053.3333333,False,,False,False,True,candidate_top300,Use as candidate universe sensitivity reference.
239,2004,2004.T,"Showa Sangyo Co.,Ltd.",Foods,0.919279354181047,0.7338944642279055,0.792,0.4181459566074951,0.44062600838980315,0.6149837133550489,1.0,0.6960309777347532,0.0,0.0,0.0,0.0,1.3552151616097918,0.1144344820453373,0.2234094182478552,0.6666666666666666,-0.0331014288970182,240991866.66666663,False,,False,False,True,candidate_top300,Use as candidate universe sensitivity reference.
240,1377,1377.T,SAKATA SEED CORPORATION,"Fishery, Agriculture and Forestry",0.9191218248276439,0.5163483327937844,0.3069090909090909,0.5999342537804077,0.44062600838980315,0.18892508143322473,1.0,0.8464020651823169,0.0,0.0,0.0,0.0,0.9001731047548711,0.0543048645548117,0.3062318703988774,0.6666666666666666,0.0242844074714036,792116691.6666666,False,,False,False,True,candidate_top300,Use as candidate universe sensitivity reference.
241,4665,4665.T,"DUSKIN CO.,LTD.",Services,0.9187978572493463,0.4412431207510521,0.22872727272727272,0.7320841551610783,0.707647628267183,0.6586319218241042,1.0,0.8041303646337529,0.0,0.0,0.0,0.0,0.7817569315531069,0.0456749671508308,0.4109277093026687,0.8333333333333334,-0.0386238674681855,528490856.6666667,False,,False,False,True,candidate_top300,Use as candidate universe sensitivity reference.
242,2229,2229.T,"CALBEE,Inc.",Foods,0.9187808587029995,0.3098089996762706,0.3603636363636364,0.6538461538461539,0.21022910616327847,0.7960912052117264,1.0,0.8957728299451436,0.0,0.0,0.0,0.0,0.5985843276499997,0.0598537012471148,0.344262757347988,0.5,-0.057563300819365,1546889987.5,False,,False,False,True,candidate_top300,Use as candidate universe sensitivity reference.
243,6356,6356.T,"NIPPON GEAR CO.,LTD.",Machinery,0.91876164081058,0.3020394949821949,0.4978181818181818,0.5486522024983563,0.21022910616327847,0.22442996742671006,1.0,0.9586963536624717,0.0,0.0,0.0,0.0,0.5913700192449329,0.0729892320740976,0.2800242960595509,0.5,0.0174169526347404,5332541846.666667,False,,False,False,True,candidate_top300,Use as candidate universe sensitivity reference.
244,3923,3923.T,"RAKUS Co.,Ltd.",Information & Communication,0.9187534852583409,0.015539009388151505,0.20327272727272727,0.9835634451019066,0.707647628267183,0.6517915309446254,1.0,0.9344949983865763,0.0,0.0,0.0,0.0,0.1167501553613234,0.0425149698938286,1.1470904151134138,0.8333333333333334,-0.0379292088942671,2854616212.4676514,False,,False,False,True,candidate_top300,Use as candidate universe sensitivity reference.
245,6810,6810.T,"Maxell,Ltd.",Electric Appliances,0.918741135558708,0.6383943023632244,0.6952727272727273,0.3576594345825115,0.9209422394320749,0.4029315960912052,1.0,0.7892868667312036,0.0,0.0,0.0,0.0,1.1080458417123729,0.097931056700811,0.2016059423514108,1.0,-0.0090163104042143,466136956.6666667,False,,False,False,True,candidate_top300,Use as candidate universe sensitivity reference.
246,2429,2429.T,"WORLD HOLDINGS CO.,LTD.",Services,0.9185565317908443,0.6960181288442862,0.9112727272727272,0.4737015121630506,0.9209422394320749,0.6921824104234527,1.0,0.6489190061310101,0.0,0.0,0.0,0.0,1.2459029222115598,0.1676557154893813,0.2444154837041983,1.0,-0.0422649432597719,175359536.66666666,False,,False,False,True,candidate_top300,Use as candidate universe sensitivity reference.
247,7867,7867.T,"TOMY COMPANY,LTD.",Other Products,0.9184110282459131,0.14729685982518614,0.3327272727272727,0.8750821827744905,0.9209422394320749,0.3618892508143322,1.0,0.8967408841561794,0.0,0.0,0.0,0.0,0.3711551235618009,0.0570347776296118,0.6113832418411052,1.0,-0.0039093794989488,1572488375.0,False,,False,False,True,candidate_top300,Use as candidate universe sensitivity reference.
248,7936,7936.T,ASICS Corporation,Other Products,0.9183962394929721,0.006474587245063127,0.11054545454545454,0.923405654174885,0.707647628267183,0.506514657980456,1.0,0.989674088415618,0.0,0.0,0.0,0.0,0.0811272798558366,0.0293305292150962,0.7574178548114726,0.8333333333333334,-0.0196672152454631,16440098733.333334,False,,False,False,True,candidate_top300,Use as candidate universe sensitivity reference.
249,2270,2270.T,"MEGMILK SNOW BRAND Co.,Ltd.",Foods,0.9182777998581947,0.6134671414697314,0.368,0.4227481919789612,0.44062600838980315,0.4651465798045603,1.0,0.8389803162310423,0.0,0.0,0.0,0.0,1.06537489323379,0.0604638919679405,0.2244249525169866,0.6666666666666666,-0.0157786717202751,717011033.3333334,False,,False,False,True,candidate_top300,Use as candidate universe sensitivity reference.
250,5703,5703.T,"Nippon Light Metal Holdings Company,Ltd.",Nonferrous Metals,0.9181123220764171,0.7131757850437035,0.4730909090909091,0.22419460880999342,0.707647628267183,0.30944625407166126,1.0,0.8544691836076154,0.0,0.0,0.0,0.0,1.2920163644608456,0.070805804172588,0.1582994067698034,0.8333333333333334,0.0028114175915859,874260236.6666666,False,,False,False,True,candidate_top300,Use as candidate universe sensitivity reference.
251,4208,4208.T,UBE Corporation,Chemicals,0.9180054002463037,0.7695046940757526,0.1421818181818182,0.08711374095989481,0.21022910616327847,0.6039087947882736,1.0,0.9373991610196838,0.0,0.0,0.0,0.0,1.4538290726504557,0.0343967928201213,0.1050436136675796,0.5,-0.0315331512664206,2941879385.0,False,,False,False,True,candidate_top300,Use as candidate universe sensitivity reference.
252,3626,3626.T,TIS Inc.,Information & Communication,0.9180032440759283,0.22499190676594366,0.4567272727272727,0.5631163708086785,0.44062600838980315,0.5205211726384364,1.0,0.9732171668280091,0.0,0.0,0.0,0.0,0.4738429855200302,0.0692192107285174,0.2870812882693517,0.6666666666666666,-0.0216592970788375,7694157528.333333,False,,False,False,True,candidate_top300,Use as candidate universe sensitivity reference.
253,4559,4559.T,"ZERIA PHARMACEUTICAL CO.,LTD.",Pharmaceutical,0.9179083600323292,0.5241178374878601,0.7156363636363636,0.722550953320184,0.9209422394320749,0.4986970684039088,1.0,0.6766698935140368,0.0,0.0,0.0,0.0,0.9135231319553476,0.1014065103396637,0.401828508397943,1.0,-0.0190764708175425,212655758.33333337,False,,False,False,True,candidate_top300,Use as candidate universe sensitivity reference.
254,3930,3930.T,"Hatena Co.,Ltd.",Information & Communication,0.9178961840477476,0.592101003561023,0.5934545454545455,0.9592373438527285,0.44062600838980315,0.9700325732899023,1.0,0.5392061955469506,0.0,0.0,0.0,0.0,1.0272778739162536,0.0842199797476924,0.9409789131751364,0.6666666666666666,-0.1511584321622704,90137698.33333331,False,,False,False,True,candidate_top300,Use as candidate universe sensitivity reference.
255,2742,2742.T,"HALOWS CO.,LTD.",Retail Trade,0.9178469754370281,0.5649077371317579,0.7865454545454545,0.7777777777777778,0.21022910616327847,0.962214983713355,1.0,0.6089060987415296,0.0,0.0,0.0,0.0,0.9788873420909998,0.1131640559226619,0.4568708183221822,0.5,-0.1383242459186994,139080066.66666666,False,,False,False,True,candidate_top300,Use as candidate universe sensitivity reference.
256,8103,8103.T,Meiwa Corporation,Wholesale Trade,0.9176257076350933,0.6286824214956297,0.7981818181818182,0.25476660092044706,0.9209422394320749,0.35048859934853416,1.0,0.8202646014843498,0.0,0.0,0.0,0.0,1.094206647703043,0.1158664384840273,0.1681807219229841,1.0,-0.0026751839188944,616020121.6666666,False,,False,False,True,candidate_top300,Use as candidate universe sensitivity reference.
257,1663,1663.T,K&O Energy Group Inc.,Mining,0.917584916133967,0.5704111362900615,0.5916363636363636,0.2616699539776463,0.707647628267183,0.7719869706840391,1.0,0.8654404646660213,0.0,0.0,0.0,0.0,0.9900640144033503,0.0839874118456004,0.17049767947845,0.8333333333333334,-0.0539923954372623,1031066625.0,False,,False,False,True,candidate_top300,Use as candidate universe sensitivity reference.
258,3765,3765.T,"GungHo Online Entertainment,Inc.",Information & Communication,0.9173615980676996,0.6808028488183878,0.1410909090909091,0.4881656804733728,0.02032913843175218,0.1807817589576547,1.0,0.8370442078089706,0.0,0.0,0.0,0.0,1.2154575097202505,0.0342565676898343,0.2497610252900149,0.1666666666666666,0.0269381743965582,709168105.0,False,,False,False,True,candidate_top300,Use as candidate universe sensitivity reference.
259,6349,6349.T,KOMORI CORPORATION,Machinery,0.9172295292842431,0.7860148915506636,0.722909090909091,0.3668639053254438,0.44062600838980315,0.7342019543973941,1.0,0.6837689577282995,0.0,0.0,0.0,0.0,1.4937373625200792,0.1023380613652186,0.2057058621300357,0.6666666666666666,-0.0480917784450589,224976855.0,False,,False,False,True,candidate_top300,Use as candidate universe sensitivity reference.
260,7990,7990.T,"GLOBERIDE,Inc.",Other Products,0.9172139748884922,0.5878925218517319,0.5574545454545454,0.6896778435239974,0.21022910616327847,0.19543973941368076,1.0,0.7195869635366248,0.0,0.0,0.0,0.0,1.0215160903047902,0.0800633326637657,0.3722330625039984,0.5,0.0225419292134418,276182553.3333333,False,,False,False,True,candidate_top300,Use as candidate universe sensitivity reference.
261,4933,4933.T,"I-ne CO.,LTD.",Chemicals,0.9171873645620456,0.5001618646811266,0.7018181818181818,0.9260355029585798,0.707647628267183,0.7416938110749185,1.0,0.5892223297838012,0.0,0.0,0.0,0.0,0.876644137710109,0.0990033734516712,0.7756341068537507,0.8333333333333334,-0.0495130432373273,123226056.66666669,False,,False,False,True,candidate_top300,Use as candidate universe sensitivity reference.
262,5817,5817.T,"JMACS Japan Co.,Ltd.",Nonferrous Metals,0.9170234271070539,0.6001942376173519,0.5029090909090909,0.2373438527284681,0.9209422394320749,0.9019543973941369,1.0,0.8576960309777347,0.0,0.0,0.0,0.0,1.0413418657197726,0.0737691440273559,0.1620437293329056,1.0,-0.091238530131127,928973493.3333334,False,,False,False,True,candidate_top300,Use as candidate universe sensitivity reference.
263,9531,9531.T,"TOKYO GAS CO.,LTD.",Electric Power and Gas,0.9170109045885538,0.49821948850760767,0.608,0.08777120315581854,0.707647628267183,0.7322475570032574,1.0,0.9799935463052598,0.0,0.0,0.0,0.0,0.874983057302651,0.0865400096875565,0.105376186774223,0.8333333333333334,-0.0477653000769116,9789365941.666666,False,,False,False,True,candidate_top300,Use as candidate universe sensitivity reference.
264,6367,6367.T,"DAIKIN INDUSTRIES,LTD.",Machinery,0.9168422196927724,0.17902233732599546,0.18072727272727274,0.6203155818540433,0.707647628267183,0.7315960912052117,1.0,0.9941916747337851,0.0,0.0,0.0,0.0,0.4142711447288204,0.0398055035098854,0.3168821696897348,0.8333333333333334,-0.0477352604635714,28153308783.333332,False,,False,False,True,candidate_top300,Use as candidate universe sensitivity reference.
265,3046,3046.T,JINS HOLDINGS Inc.,Retail Trade,0.9168395001677793,0.03399158303658142,0.2101818181818182,0.9917817225509533,0.9209422394320749,0.6661237785016287,1.0,0.9022265246853823,0.0,0.0,0.0,0.0,0.1655647196281022,0.0434488726136378,1.3101648636505028,1.0,-0.0393705712575171,1699515383.3333333,False,,False,False,True,candidate_top300,Use as candidate universe sensitivity reference.
266,7955,7955.T,Cleanup Corporation,Other Products,0.9167738284775885,0.8533505988993202,0.29309090909090907,0.7758053911900066,0.9209422394320749,0.5830618892508144,1.0,0.5311390771216521,0.0,0.0,0.0,0.0,1.7669263719559498,0.0531962525770579,0.4544731170912306,1.0,-0.0289414730538262,86421141.66666667,False,,False,False,True,candidate_top300,Use as candidate universe sensitivity reference.
267,7532,7532.T,Pan Pacific International Holdings Corporation,Retail Trade,0.9167508739526655,0.07931369375202331,0.16218181818181818,0.7928994082840237,0.9209422394320749,0.5661237785016286,1.0,0.9796708615682478,0.0,0.0,0.0,0.0,0.2558062917188096,0.037107272789644,0.4743353191804774,1.0,-0.0269924331336502,9741535810.79661,False,,False,False,True,candidate_top300,Use as candidate universe sensitivity reference.
268,4620,4620.T,"FUJIKURA KASEI CO.,LTD.",Chemicals,0.9167217961563716,0.7691809647134995,0.10145454545454545,0.5312294543063774,0.707647628267183,0.6892508143322476,1.0,0.7199096482736367,0.0,0.0,0.0,0.0,1.4534707492420995,0.0278493934273556,0.2707140210391118,0.8333333333333334,-0.0419585872158791,276325670.0,False,,False,False,True,candidate_top300,Use as candidate universe sensitivity reference.
269,8050,8050.T,SEIKO GROUP CORPORATION,Precision Instruments,0.9166832516365823,0.25348009064422145,0.21454545454545454,0.6886916502301118,0.9209422394320749,0.7534201954397395,1.0,0.9077121652145853,0.0,0.0,0.0,0.0,0.5157494513490897,0.0440894071969794,0.3712205743751963,1.0,-0.0512435982390294,1845328000.0,False,,False,False,True,candidate_top300,Use as candidate universe sensitivity reference.
270,7545,7545.T,"NISHIMATSUYA CHAIN Co.,Ltd.",Retail Trade,0.9166033028741023,0.4910974425380382,0.3610909090909091,0.725180802103879,0.21022910616327847,0.5338762214983713,1.0,0.7676669893514037,0.0,0.0,0.0,0.0,0.8651225075056379,0.0599128434271489,0.4037491032718879,0.5,-0.0233531230194145,395680055.0,False,,False,False,True,candidate_top300,Use as candidate universe sensitivity reference.
271,9987,9987.T,"SUZUKEN CO.,LTD.",Wholesale Trade,0.9165720809780857,0.6348332793784396,0.6589090909090909,0.23800131492439186,0.44062600838980315,0.05960912052117262,1.0,0.8754436915133914,0.0,0.0,0.0,0.0,1.1033049085952604,0.0934351020108543,0.1621154595426079,0.6666666666666666,0.0814115854256731,1171492866.6666667,False,,False,False,True,candidate_top300,Use as candidate universe sensitivity reference.
272,3167,3167.T,TOKAI Holdings Corporation,Wholesale Trade,0.9165609596534836,0.3635480738102946,0.4109090909090909,0.7666009204470743,0.9209422394320749,0.8739413680781759,1.0,0.7692804130364633,0.0,0.0,0.0,0.0,0.6713090381250351,0.0653205299524511,0.4440207660316227,1.0,-0.0789692974556632,400618005.0,False,,False,False,True,candidate_top300,Use as candidate universe sensitivity reference.
273,3101,3101.T,"TOYOBO CO.,LTD.",Chemicals,0.9164307855708423,0.7406927808352217,0.12254545454545454,0.22090729783037474,0.44062600838980315,0.6775244299674268,1.0,0.877702484672475,0.0,0.0,0.0,0.0,1.3742554391622708,0.0307905139896082,0.1570980205536104,0.6666666666666666,-0.0406910904653781,1210438066.6666667,False,,False,False,True,candidate_top300,Use as candidate universe sensitivity reference.
274,7004,7004.T,Kanadevia Corporation,Machinery,0.9163257949416672,0.4875364195532535,0.6861818181818182,0.3152531229454306,0.707647628267183,0.36579804560260587,1.0,0.8902871894159406,0.0,0.0,0.0,0.0,0.8596817655080881,0.0968350197576532,0.1872894338867511,0.8333333333333334,-0.0043349757141645,1440936808.3333333,False,,False,False,True,candidate_top300,Use as candidate universe sensitivity reference.
275,9962,9962.T,MISUMI Group Inc.,Wholesale Trade,0.9163059564118953,0.14179346066688248,0.16727272727272727,0.7679158448389217,0.44062600838980315,0.7928338762214984,1.0,0.9528880283962569,0.0,0.0,0.0,0.0,0.3616250993412612,0.0376494228073719,0.445666318694676,0.6666666666666666,-0.0571534202145984,4443064213.333333,False,,False,False,True,candidate_top300,Use as candidate universe sensitivity reference.
276,9830,9830.T,TRUSCO NAKAYAMA CORPORATION,Wholesale Trade,0.9162006567782592,0.7079961152476529,0.7654545454545455,0.3974358974358974,0.07454017424975799,0.18175895765472316,1.0,0.7463697967086157,0.0,0.0,0.0,0.0,1.278076366560757,0.108976713148591,0.2164068504567728,0.3333333333333333,0.0266068030878822,335124091.6666667,False,,False,False,True,candidate_top300,Use as candidate universe sensitivity reference.
277,6850,6850.T,Chino Corporation,Electric Appliances,0.9161792093215546,0.8572353512463581,0.9025454545454545,0.48356344510190663,0.9209422394320749,0.396742671009772,1.0,0.5621168118747983,0.0,0.0,0.0,0.0,1.7894848890007036,0.1598405389607946,0.2480074142724745,1.0,-0.0082643515714381,105882811.66666669,False,,False,False,True,candidate_top300,Use as candidate universe sensitivity reference.
278,9994,9994.T,YAMAYA CORPORATION,Retail Trade,0.9160348042404877,0.8245386856587893,0.9414545454545454,0.9056541748849442,0.21022910616327847,0.18306188925081435,1.0,0.4191674733785092,0.0,0.0,0.0,0.0,1.6241792456223867,0.1965287343283236,0.6985608828573558,0.5,0.0263880744421468,42954048.333333336,False,,False,False,True,candidate_top300,Use as candidate universe sensitivity reference.
279,2809,2809.T,Kewpie Corporation,Foods,0.9158637915455007,0.32081579799287796,0.36,0.6147271531886916,0.707647628267183,0.2977198697068404,1.0,0.9083575346886092,0.0,0.0,0.0,0.0,0.6130588890911901,0.0597714779956859,0.3140837948020002,0.8333333333333334,0.0044288755046913,1853444786.6666667,False,,False,False,True,candidate_top300,Use as candidate universe sensitivity reference.
280,4611,4611.T,"Dai Nippon Toryo Company,Limited",Chemicals,0.9157819130797191,0.8954354159922305,0.9738181818181818,0.23307034845496383,0.21022910616327847,0.10586319218241047,1.0,0.6773152629880607,0.0,0.0,0.0,0.0,2.0964039229208176,0.2654013788725934,0.1606967843473906,0.5,0.0490464095492301,213811660.0,False,,False,False,True,candidate_top300,Use as candidate universe sensitivity reference.
281,8022,8022.T,Mizuno Corporation,Other Products,0.9157545329471866,0.33020394949821946,0.3789090909090909,0.7715318869165023,0.44062600838980315,0.13615635179153096,1.0,0.8473701193933527,0.0,0.0,0.0,0.0,0.627530314018226,0.0616063740284948,0.4511097176387661,0.6666666666666666,0.0396486352824812,805257741.6666666,False,,False,False,True,candidate_top300,Use as candidate universe sensitivity reference.
282,8086,8086.T,NIPRO CORPORATION,Precision Instruments,0.9157369366534166,0.6338620912916801,0.4258181818181818,0.18244575936883628,0.9209422394320749,0.655700325732899,1.0,0.8854469183607615,0.0,0.0,0.0,0.0,1.1016580805109957,0.0666147121377207,0.1422625107507568,1.0,-0.0382613443058316,1319637650.8333333,False,,False,False,True,candidate_top300,Use as candidate universe sensitivity reference.
283,7279,7279.T,HI-LEX CORPORATION,Transportation Equipment,0.9157346079680622,0.9041761087730658,0.7749090909090909,0.13050624589086127,0.707647628267183,0.40032573289902285,1.0,0.7192642787996127,0.0,0.0,0.0,0.0,2.20701068170369,0.1111610715723615,0.1225897753405271,0.8333333333333334,-0.0086540692946823,275418620.0,False,,False,False,True,candidate_top300,Use as candidate universe sensitivity reference.
284,3088,3088.T,MatsukiyoCocokara & Co.,Retail Trade,0.9155224137737932,0.28844286176756234,0.36836363636363634,0.47764628533859305,0.9209422394320749,0.4833876221498371,1.0,0.9664407873507583,0.0,0.0,0.0,0.0,0.5735423676087691,0.0604997624964925,0.2458398717156186,1.0,-0.0175030128570615,6540671277.5,False,,False,False,True,candidate_top300,Use as candidate universe sensitivity reference.
285,2292,2292.T,S Foods Inc.,Foods,0.9155063456041904,0.8332793784396245,0.7992727272727272,0.2955292570677186,0.21022910616327847,0.3065146579804561,1.0,0.7005485640529203,0.0,0.0,0.0,0.0,1.672815959574628,0.116097746625676,0.1807070618594904,0.5,0.0032989500763613,251349011.66666663,False,,False,False,True,candidate_top300,Use as candidate universe sensitivity reference.
286,4194,4194.T,"Visional,Inc.",Information & Communication,0.9152532104919976,0.050825509873745546,0.24836363636363637,0.9247205785667324,0.44062600838980315,0.6814332247557003,1.0,0.9212649241690868,0.0,0.0,0.0,0.0,0.2041643488930477,0.0483933294111666,0.7641004140244222,0.6666666666666666,-0.0410670921680186,2253251585.0,False,,False,False,True,candidate_top300,Use as candidate universe sensitivity reference.
287,6841,6841.T,YOKOGAWA ELECTRIC CORPORATION,Electric Appliances,0.915068912248725,0.14632567173842667,0.20545454545454545,0.6900065746219592,0.44062600838980315,0.8214983713355049,1.0,0.9703130041949016,0.0,0.0,0.0,0.0,0.3679920051596237,0.0427043721778987,0.3723368857765372,0.6666666666666666,-0.0629967559236919,7155156395.0,False,,False,False,True,candidate_top300,Use as candidate universe sensitivity reference.
288,1878,1878.T,"DAITO TRUST CONSTRUCTION CO.,LTD.",Real Estate,0.915036090453693,0.2165749433473616,0.704,0.502301117685733,0.44062600838980315,0.2478827361563518,1.0,0.9638593094546628,0.0,0.0,0.0,0.0,0.4646102251182417,0.0993106306838926,0.2583091194431064,0.6666666666666666,0.0124211195508873,5921914433.333333,False,,False,False,True,candidate_top300,Use as candidate universe sensitivity reference.
289,7520,7520.T,"Eco's Co.,Ltd.",Retail Trade,0.9148967461796321,0.6717384266752995,0.7396363636363636,0.9132149901380671,0.707647628267183,0.719543973941368,1.0,0.48209099709583736,0.0,0.0,0.0,0.0,1.185928310672142,0.1054769959221162,0.7197237960339944,0.8333333333333334,-0.0459262762407713,62678718.333333336,False,,False,False,True,candidate_top300,Use as candidate universe sensitivity reference.
290,3558,3558.T,"JADE GROUP,Inc.",Retail Trade,0.9148683647503623,0.23761735189381678,0.6585454545454545,0.9648257725180802,0.707647628267183,0.4117263843648209,1.0,0.7347531461761858,0.0,0.0,0.0,0.0,0.4912794598544008,0.0932768305143925,0.9722803096615674,0.8333333333333334,-0.0099465297962263,310558428.3333333,False,,False,False,True,candidate_top300,Use as candidate universe sensitivity reference.
291,2782,2782.T,"Seria Co.,Ltd.",Retail Trade,0.9148264068003049,0.15830365814179345,0.18327272727272728,0.9036817882971729,0.44062600838980315,0.6302931596091206,1.0,0.882865440464666,0.0,0.0,0.0,0.0,0.3869118111223228,0.0401879289010408,0.6921538418047153,0.6666666666666666,-0.0349086983636091,1259672700.0,False,,False,False,True,candidate_top300,Use as candidate universe sensitivity reference.
292,6952,6952.T,"CASIO COMPUTER CO.,LTD.",Electric Appliances,0.9146867841856676,0.2686953706701198,0.11454545454545455,0.6499013806706114,0.707647628267183,0.4312703583061889,1.0,0.9499838657631494,0.0,0.0,0.0,0.0,0.5412414956051664,0.0298746259387505,0.3419208548925956,0.8333333333333334,-0.0119142118059274,3998310440.8333335,False,,False,False,True,candidate_top300,Use as candidate universe sensitivity reference.
293,5032,5032.T,ANYCOLOR Inc.,Information & Communication,0.9143850694669275,0.018452573648429914,0.40545454545454546,0.9023668639053254,0.44062600838980315,0.24983713355048864,1.0,0.9444982252339464,0.0,0.0,0.0,0.0,0.1236972617307609,0.0648104280098806,0.6900113234739046,0.6666666666666666,0.0120251240252295,3479777313.3333335,False,,False,False,True,candidate_top300,Use as candidate universe sensitivity reference.
294,8142,8142.T,"TOHO Co.,Ltd.",Wholesale Trade,0.9143510660806515,0.4525736484299126,0.7472727272727273,0.821827744904668,0.44062600838980315,0.6397394136807817,1.0,0.654081961923201,0.0,0.0,0.0,0.0,0.8019403666833402,0.1064006919260537,0.5181744665851079,0.6666666666666666,-0.0362821609100847,182888551.66666663,False,,False,False,True,candidate_top300,Use as candidate universe sensitivity reference.
295,8267,8267.T,"AEON CO.,LTD.",Retail Trade,0.91428816321262,0.30009711880867596,0.13672727272727273,0.47337278106508873,0.44062600838980315,0.8345276872964169,1.0,0.9880606647305582,0.0,0.0,0.0,0.0,0.589083241233237,0.0332818440462169,0.2443983625259211,0.6666666666666666,-0.0664531237964505,14467840911.666666,False,,False,False,True,candidate_top300,Use as candidate universe sensitivity reference.
296,7859,7859.T,ALMEDIO INC.,Other Products,0.9137864012055198,0.7465199093557786,0.5614545454545454,0.40335305719921105,0.44062600838980315,0.6710097719869708,1.0,0.7037754114230397,0.0,0.0,0.0,0.0,1.3884405159766064,0.080602057077096,0.2178888123119246,0.6666666666666666,-0.0401166901959017,255201351.66666663,False,,False,False,True,candidate_top300,Use as candidate universe sensitivity reference.
297,7943,7943.T,NICHIHA CORPORATION,Glass and Ceramics Products,0.913779331621585,0.710262220783425,0.2832727272727273,0.5624589086127547,0.44062600838980315,0.595114006514658,1.0,0.7060342045821233,0.0,0.0,0.0,0.0,1.2875897747762757,0.0522577452346436,0.2865571553351554,0.6666666666666666,-0.0304352627689066,256716713.33333337,False,,False,False,True,candidate_top300,Use as candidate universe sensitivity reference.
298,6658,6658.T,"Shirai Electronics Industrial Co.,Ltd.",Electric Appliances,0.9137355743274287,0.7733894464227905,0.9792727272727273,0.5969756738987508,0.9209422394320749,0.5586319218241043,1.0,0.5224265892223298,0.0,0.0,0.0,0.0,1.4644343389314858,0.3055881483069681,0.3054384702374833,1.0,-0.0262068965517241,79449121.66666667,False,,False,False,True,candidate_top300,Use as candidate universe sensitivity reference.
299,4527,4527.T,"ROHTO PHARMACEUTICAL CO.,LTD.",Pharmaceutical,0.9137071938702042,0.2502427970216899,0.3472727272727273,0.6860618014464168,0.21022910616327847,0.44755700325732894,1.0,0.9125524362697645,0.0,0.0,0.0,0.0,0.5124791456387754,0.0585393766197902,0.3688548440148774,0.5,-0.0138837345860246,1970750629.1666667,False,,False,False,True,candidate_top300,Use as candidate universe sensitivity reference.
300,9474,9474.T,"ZENRIN CO.,LTD.",Information & Communication,0.9136252815618221,0.6144383295564908,0.3316363636363636,0.68310322156476,0.9209422394320749,0.9084690553745929,1.0,0.6627944498225234,0.0,0.0,0.0,0.0,1.0673954531983694,0.0568954945964264,0.3662822921876901,1.0,-0.0934962343096234,193094326.66666663,False,,False,False,True,candidate_top300,Use as candidate universe sensitivity reference.
301,5214,5214.T,"Nippon Electric Glass Co.,Ltd.",Glass and Ceramics Products,0.9135544278678178,0.5645840077695047,0.38436363636363635,0.10979618671926364,0.9209422394320749,0.5872964169381107,1.0,0.9567602452404002,0.0,0.0,0.0,0.0,0.9776307078586786,0.0621376869201745,0.1140697420777772,1.0,-0.0293460577870448,4979816046.666667,False,,False,False,True,universe_top1200,Use as candidate universe sensitivity reference.
302,6250,6250.T,YAMABIKO CORPORATION,Machinery,0.9135383327322228,0.44415668501133054,0.6723636363636364,0.653517422748192,0.21022910616327847,0.15114006514657985,1.0,0.7799290093578574,0.0,0.0,0.0,0.0,0.7880704217810706,0.0948850845847187,0.344156955303142,0.5,0.0339365542007169,428673725.0,False,,False,False,True,universe_top1200,Use as candidate universe sensitivity reference.
303,9715,9715.T,transcosmos inc.,Services,0.9134319691127994,0.5098737455487212,0.5949090909090909,0.6190006574621959,0.707647628267183,0.5289902280130293,1.0,0.7331397224911261,0.0,0.0,0.0,0.0,0.8923059443647744,0.0845170001073803,0.3159699442797036,0.8333333333333334,-0.0227981874343415,309124041.6666667,False,,False,False,True,universe_top1200,Use as candidate universe sensitivity reference.
304,7701,7701.T,Shimadzu Corporation,Precision Instruments,0.9133669962240363,0.19844609906118485,0.23927272727272728,0.6610782380013149,0.44062600838980315,0.31074918566775245,1.0,0.9712810584059374,0.0,0.0,0.0,0.0,0.437060943051765,0.0471893067857507,0.3487801576072969,0.6666666666666666,0.0026356862107107,7257794340.0,False,,False,False,True,universe_top1200,Use as candidate universe sensitivity reference.
305,8803,8803.T,"HEIWA REAL ESTATE CO.,LTD.",Real Estate,0.9133356291654132,0.79281320815798,0.8265454545454546,0.011834319526627219,0.44062600838980315,0.46449511400651466,1.0,0.8170377541142304,0.0,0.0,0.0,0.0,1.5202978362789097,0.1232353562657969,0.0453972317365883,0.6666666666666666,-0.0157064638046322,591125973.3333334,False,,False,False,True,universe_top1200,Use as candidate universe sensitivity reference.
306,3864,3864.T,Mitsubishi Paper Mills Limited,Pulp and Paper,0.913242683710287,0.861120103593396,0.944,0.1222879684418146,0.707647628267183,0.21009771986970682,1.0,0.7166828009035172,0.0,0.0,0.0,0.0,1.811125382345089,0.1988623400046834,0.1179835605133471,0.8333333333333334,0.020104893156535,271488140.0,False,,False,False,True,universe_top1200,Use as candidate universe sensitivity reference.
307,4205,4205.T,ZEON CORPORATION,Chemicals,0.913200775409459,0.47296859825186144,0.37927272727272726,0.41452991452991456,0.21022910616327847,0.2570032573289902,1.0,0.9128751210067764,0.0,0.0,0.0,0.0,0.8368964761945696,0.0616114511779813,0.2214988778274439,0.5,0.0104573937188098,1978478704.1666667,False,,False,False,True,universe_top1200,Use as candidate universe sensitivity reference.
308,5273,5273.T,"MITANI SEKISAN CO.,LTD.",Glass and Ceramics Products,0.9130898278237385,0.9737779216574943,0.9854545454545455,0.24786324786324787,0.9209422394320749,0.5416938110749185,1.0,0.5627621813488222,0.0,0.0,0.0,0.0,3.3097792596104334,0.3798083376483003,0.1649791590143252,1.0,-0.0242679902765166,106426105.0,False,,False,False,True,universe_top1200,Use as candidate universe sensitivity reference.
309,8203,8203.T,MrMax Holdings Ltd.,Retail Trade,0.9126960416796005,0.8255098737455487,0.7963636363636364,0.744904667981591,0.9209422394320749,0.460586319218241,1.0,0.45982575024201355,0.0,0.0,0.0,0.0,1.6310195345882703,0.1153963109503089,0.4229292754625627,1.0,-0.0153697688650378,54556100.0,False,,False,False,True,universe_top1200,Use as candidate universe sensitivity reference.
310,7956,7956.T,PIGEON CORPORATION,Other Products,0.9125912927410657,0.15733247005503398,0.18,0.8099934253780408,0.707647628267183,0.6592833876221498,1.0,0.904485317844466,0.0,0.0,0.0,0.0,0.3861956870378087,0.0397360635061547,0.4981378533536807,0.8333333333333334,-0.0386545541127126,1752277466.6666667,False,,False,False,True,universe_top1200,Use as candidate universe sensitivity reference.
311,7458,7458.T,"DAIICHIKOSHO CO.,LTD.",Wholesale Trade,0.9125089540701823,0.37941081256069925,0.7545454545454545,0.5,0.9209422394320749,0.5970684039087948,1.0,0.8160696999031946,0.0,0.0,0.0,0.0,0.6945792111116154,0.1073556319154629,0.2568222209482314,1.0,-0.0306107410946465,587280254.1666666,False,,False,False,True,universe_top1200,Use as candidate universe sensitivity reference.
312,9413,9413.T,TV TOKYO Holdings Corporation,Information & Communication,0.9123952541836325,0.6063450955001619,0.39854545454545454,0.6305062458908612,0.707647628267183,0.40488599348534204,1.0,0.7105517909002904,0.0,0.0,0.0,0.0,1.0506023498149506,0.063994983172732,0.326400303024154,0.8333333333333334,-0.0092358707113722,262912741.66666663,False,,False,False,True,universe_top1200,Use as candidate universe sensitivity reference.
313,6378,6378.T,"KIMURA CHEMICAL PLANTS CO.,LTD.",Machinery,0.9122353035826204,0.4503075428941405,0.6832727272727273,0.2646285338593031,0.9209422394320749,0.39185667752443,1.0,0.9051306873184899,0.0,0.0,0.0,0.0,0.7986164371975576,0.0963782654831527,0.1713114512371346,1.0,-0.0077899343544857,1767884553.3333333,False,,False,False,True,universe_top1200,Use as candidate universe sensitivity reference.
314,7947,7947.T,FP CORPORATION,Chemicals,0.9122145705367843,0.4383295564907737,0.38872727272727275,0.4888231426692965,0.9209422394320749,0.7592833876221499,1.0,0.839948370442078,0.0,0.0,0.0,0.0,0.7777039968810732,0.0630433058192977,0.2500496191303991,1.0,-0.0522201873372985,729894408.3333334,False,,False,False,True,universe_top1200,Use as candidate universe sensitivity reference.
315,6282,6282.T,OILES CORPORATION,Machinery,0.9120642709613792,0.5778569116218841,0.5829090909090909,0.49375410913872453,0.9209422394320749,0.5563517915309446,1.0,0.7379799935463053,0.0,0.0,0.0,0.0,1.0076259780538703,0.0829897560655737,0.2536926553914375,1.0,-0.0259398416438472,320586861.6666667,False,,False,False,True,universe_top1200,Use as candidate universe sensitivity reference.
316,1847,1847.T,"ICHIKEN Co.,Ltd.",Construction,0.9120285699396464,0.8565878925218517,0.9650909090909091,0.2176199868507561,0.707647628267183,0.7612377850162866,1.0,0.6324620845434011,0.0,0.0,0.0,0.0,1.786188878634793,0.2461269446694523,0.1554391881896985,0.8333333333333334,-0.0524170861148705,158522773.33333334,False,,False,False,True,universe_top1200,Use as candidate universe sensitivity reference.
317,9887,9887.T,"MATSUYA FOODS HOLDINGS CO.,LTD.",Retail Trade,0.9119348845827269,0.2476529621236646,0.08072727272727273,0.960552268244576,0.44062600838980315,0.8201954397394137,1.0,0.7986447241045499,0.0,0.0,0.0,0.0,0.5091126560056762,0.0243978677804936,0.9465455985545548,0.6666666666666666,-0.0628505941423954,510602966.6666667,False,,False,False,True,universe_top1200,Use as candidate universe sensitivity reference.
318,4547,4547.T,"KISSEI PHARMACEUTICAL CO.,LTD.",Pharmaceutical,0.9118361626423122,0.7109096795079314,0.5,0.2892833662064431,0.707647628267183,0.20260586319218243,1.0,0.7963859309454663,0.0,0.0,0.0,0.0,1.2884259218819962,0.073426898216008,0.1784253702938866,0.8333333333333334,0.0213640227350179,492095616.6666667,False,,False,False,True,universe_top1200,Use as candidate universe sensitivity reference.
319,2784,2784.T,Alfresa Holdings Corporation,Wholesale Trade,0.9117258983893235,0.685335059889932,0.4596363636363636,0.1992110453648915,0.44062600838980315,0.23517915309446258,1.0,0.8631816715069377,0.0,0.0,0.0,0.0,1.2236467516186926,0.0696157203205213,0.1485722818141726,0.6666666666666666,0.0150974368919934,991256838.3333334,False,,False,False,True,universe_top1200,Use as candidate universe sensitivity reference.
320,6584,6584.T,"Sanoh Industrial Co.,Ltd.",Transportation Equipment,0.9117113296335329,0.7313046293298803,0.31163636363636366,0.2853385930309007,0.21022910616327847,0.7579804560260586,1.0,0.7989674088415618,0.0,0.0,0.0,0.0,1.3454972831430771,0.054813757932025,0.1774898861165025,0.5,-0.0521426430925981,511124351.6666667,False,,False,False,True,universe_top1200,Use as candidate universe sensitivity reference.
321,4028,4028.T,"ISHIHARA SANGYO KAISHA,LTD.",Chemicals,0.9117081169863025,0.5137584978957591,0.4207272727272727,0.2781065088757396,0.9209422394320749,0.7035830618892508,1.0,0.8870603420458212,0.0,0.0,0.0,0.0,0.8969730653382229,0.06631995385583,0.1756176226249128,1.0,-0.0439231811597588,1360033703.3333333,False,,False,False,True,universe_top1200,Use as candidate universe sensitivity reference.
322,4768,4768.T,OTSUKA CORPORATION,Information & Communication,0.9115841653157809,0.13305276788604725,0.32581818181818184,0.6558185404339251,0.707647628267183,0.657328990228013,1.0,0.9564375605033882,0.0,0.0,0.0,0.0,0.3440295595834476,0.0561329149667197,0.3458228195282501,0.8333333333333334,-0.0385146350624294,4944641539.166667,False,,False,False,True,universe_top1200,Use as candidate universe sensitivity reference.
323,6371,6371.T,TSUBAKIMOTO CHAIN CO.,Machinery,0.9115567706107008,0.5577856911621885,0.5709090909090909,0.4138724523339908,0.707647628267183,0.31368078175895764,1.0,0.8057437883188125,0.0,0.0,0.0,0.0,0.964918882062532,0.081595680138404,0.2212107345697289,0.8333333333333334,0.0022862896036748,534057133.3333333,False,,False,False,True,universe_top1200,Use as candidate universe sensitivity reference.
324,9418,9418.T,"U-NEXT HOLDINGS Co.,Ltd.",Information & Communication,0.9114578838756837,0.15668501133052767,0.4450909090909091,0.8086785009861933,0.9209422394320749,0.37296416938110755,1.0,0.8651177799290094,0.0,0.0,0.0,0.0,0.3838713239117887,0.0683855103476809,0.4958965594229007,1.0,-0.0053402190103612,1030255606.6666666,False,,False,False,True,universe_top1200,Use as candidate universe sensitivity reference.
325,1332,1332.T,Nissui Corporation,"Fishery, Agriculture and Forestry",0.9114117947913943,0.382971835545484,0.42727272727272725,0.4076265614727153,0.9209422394320749,0.5185667752442997,1.0,0.9112616973217167,0.0,0.0,0.0,0.0,0.7023220673624665,0.0668404464558342,0.219333478243064,1.0,-0.0212138936018342,1936423690.8333333,False,,False,False,True,universe_top1200,Use as candidate universe sensitivity reference.
326,2871,2871.T,NICHIREI CORPORATION,Foods,0.9112784681478485,0.2932988022013597,0.32981818181818184,0.4921104536489152,0.9209422394320749,0.7661237785016286,1.0,0.9244917715392061,0.0,0.0,0.0,0.0,0.5786453112764182,0.0567163238395883,0.2528499402068422,1.0,-0.0531198381109695,2371136350.8333335,False,,False,False,True,universe_top1200,Use as candidate universe sensitivity reference.
327,1969,1969.T,"Takasago Thermal Engineering Co.,Ltd.",Construction,0.9111898334686427,0.3266429265134348,0.6690909090909091,0.39020381328073633,0.707647628267183,0.07719869706840388,1.0,0.9412713778638271,0.0,0.0,0.0,0.0,0.6207440062858142,0.0943968246238321,0.2137442384283775,0.8333333333333334,0.0655552758983166,3151319321.6666665,False,,False,False,True,universe_top1200,Use as candidate universe sensitivity reference.
328,8043,8043.T,Starzen Company Limited,Wholesale Trade,0.911169253991766,0.7212690191000324,0.9301818181818182,0.4717291255752794,0.21022910616327847,0.052442996742671055,1.0,0.6553727008712488,0.0,0.0,0.0,0.0,1.3220561762832748,0.1817125225450256,0.2436189767095558,0.5,0.0868338256838869,184579505.0,False,,False,False,True,universe_top1200,Use as candidate universe sensitivity reference.
329,9005,9005.T,TOKYU CORPORATION,Land Transportation,0.9110612030024051,0.5406280349627711,0.6229090909090909,0.004273504273504274,0.9209422394320749,0.5680781758957655,1.0,0.9641819941916747,0.0,0.0,0.0,0.0,0.9389444269101824,0.088874618738232,0.022591118648112,1.0,-0.0271116680937998,5938184926.666667,False,,False,False,True,universe_top1200,Use as candidate universe sensitivity reference.
330,7972,7972.T,ITOKI CORPORATION,Other Products,0.910859423763484,0.21236646163807057,0.5156363636363637,0.8083497698882314,0.44062600838980315,0.30488599348534207,1.0,0.8373668925459826,0.0,0.0,0.0,0.0,0.4559380166146067,0.0754372653473202,0.4957926624032312,0.6666666666666666,0.003645843698382,710911855.0,False,,False,False,True,universe_top1200,Use as candidate universe sensitivity reference.
331,7685,7685.T,"BuySell Technologies Co.,Ltd.",Wholesale Trade,0.9108547067359197,0.035933959210100355,0.19818181818181818,0.965154503616042,0.9209422394320749,0.7094462540716613,1.0,0.8815747015166182,0.0,0.0,0.0,0.0,0.170856510176788,0.0420181329791456,0.973859100699147,1.0,-0.0444737845301298,1251450550.0,False,,False,False,True,universe_top1200,Use as candidate universe sensitivity reference.
332,8185,8185.T,"CHIYODA CO.,LTD.",Retail Trade,0.9107227170591484,0.803172547750081,0.012363636363636363,0.8389217619986851,0.07454017424975799,0.0912052117263844,1.0,0.6043885124233623,0.0,0.0,0.0,0.0,1.5491879162772018,0.0073484416011067,0.5395544665990762,0.3333333333333333,0.0581909762012632,135331973.33333334,False,,False,False,True,universe_top1200,Use as candidate universe sensitivity reference.
333,6103,6103.T,OKUMA Corporation,Machinery,0.9106672300131927,0.55487212690191,0.17927272727272728,0.31886916502301116,0.21022910616327847,0.5335504885993485,1.0,0.9141658599548241,0.0,0.0,0.0,0.0,0.9608907427131004,0.0394019088499581,0.1882251727796736,0.5,-0.0233290292628432,2060773266.6666667,False,,False,False,True,universe_top1200,Use as candidate universe sensitivity reference.
334,8897,8897.T,"MIRARTH HOLDINGS,Inc.",Real Estate,0.9106324734644443,0.8106183230819035,0.8825454545454545,0.10848126232741617,0.21022910616327847,0.32280130293159615,1.0,0.7560503388189739,0.0,0.0,0.0,0.0,1.576670518040988,0.1468258605800231,0.1135841377903293,0.5,0.0011859906613799,371027965.0,False,,False,False,True,universe_top1200,Use as candidate universe sensitivity reference.
335,8136,8136.T,"Sanrio Company,Ltd.",Wholesale Trade,0.9105802471799445,0.009711880867594691,0.16254545454545455,0.8307034845496384,0.707647628267183,0.28794788273615635,1.0,0.9935463052597612,0.0,0.0,0.0,0.0,0.0951766612877562,0.0371143693866332,0.5273084950699326,0.8333333333333334,0.005864532372628,26216736795.707905,False,,False,False,True,universe_top1200,Use as candidate universe sensitivity reference.
336,5332,5332.T,TOTO LTD.,Glass and Ceramics Products,0.910497123047581,0.18938167691809646,0.08145454545454546,0.6117685733070348,0.707647628267183,0.7521172638436482,1.0,0.9754759599870926,0.0,0.0,0.0,0.0,0.4257666652834273,0.0244749768563051,0.3121519945351163,0.8333333333333334,-0.0509805950582821,8295119741.666667,False,,False,False,True,universe_top1200,Use as candidate universe sensitivity reference.
337,6932,6932.T,ENDO Lighting Corporation,Electric Appliances,0.9104567614208906,0.6639689219812237,0.8410909090909091,0.6038790269559501,0.21022910616327847,0.17231270358306194,1.0,0.632784769280413,0.0,0.0,0.0,0.0,1.1654716462715746,0.1269658229015092,0.3076832133831853,0.5,0.0288759392731176,158684013.33333334,False,,False,False,True,universe_top1200,Use as candidate universe sensitivity reference.
338,6718,6718.T,"AIPHONE CO.,LTD.",Electric Appliances,0.9104301110466209,0.7931369375202331,0.5770909090909091,0.6206443129520053,0.707647628267183,0.5387622149837134,1.0,0.5611487576637625,0.0,0.0,0.0,0.0,1.521000006460998,0.0824483474886142,0.317190465655166,0.8333333333333334,-0.0240102083440623,105267921.66666669,False,,False,False,True,universe_top1200,Use as candidate universe sensitivity reference.
339,4530,4530.T,"HISAMITSU PHARMACEUTICAL CO.,INC.",Pharmaceutical,0.9102745040895872,0.3331175137584979,0.2650909090909091,0.517422748191979,0.707647628267183,0.25602605863192185,1.0,0.9351403678606002,0.0,0.0,0.0,0.0,0.6311232416293835,0.0503733958403937,0.2658248510499376,0.8333333333333334,0.0105262061153804,2874384023.3333335,False,,False,False,True,universe_top1200,Use as candidate universe sensitivity reference.
340,4634,4634.T,"artience Co.,Ltd.",Chemicals,0.9100399559118738,0.7487860148915506,0.28036363636363637,0.24621959237343852,0.707647628267183,0.644299674267101,1.0,0.7957405614714425,0.0,0.0,0.0,0.0,1.393452527317591,0.0519742411531054,0.1643212278426286,0.8333333333333334,-0.0368061561685163,489590258.3333333,False,,False,False,True,universe_top1200,Use as candidate universe sensitivity reference.
341,6432,6432.T,"TAKEUCHI MFG.CO.,LTD.",Machinery,0.9099420587586476,0.31466494011006796,0.6483636363636364,0.4556213017751479,0.44062600838980315,0.19218241042345274,1.0,0.9167473378509197,0.0,0.0,0.0,0.0,0.6073355582972771,0.0918467715145051,0.2366702892140757,0.6666666666666666,0.023217984121505,2105206250.0,False,,False,False,True,universe_top1200,Use as candidate universe sensitivity reference.
342,7846,7846.T,PILOT CORPORATION,Other Products,0.909860098676849,0.45063127225639366,0.4232727272727273,0.5798816568047337,0.44062600838980315,0.5263843648208468,1.0,0.803162310422717,0.0,0.0,0.0,0.0,0.79919417828574,0.0664230759970096,0.2949465456009958,0.6666666666666666,-0.0225006368541719,524889803.3333333,False,,False,False,True,universe_top1200,Use as candidate universe sensitivity reference.
343,9882,9882.T,YELLOW HAT LTD.,Wholesale Trade,0.9098327209663252,0.49368727743606344,0.5701818181818182,0.6775147928994083,0.21022910616327847,0.5957654723127036,1.0,0.712487899322362,0.0,0.0,0.0,0.0,0.8702004053635107,0.081258825188637,0.3632252674697496,0.5,-0.0304401256201356,265018991.66666663,False,,False,False,True,universe_top1200,Use as candidate universe sensitivity reference.
344,7745,7745.T,"A&D HOLON Holdings Company,Limited",Precision Instruments,0.9094203262816981,0.27840725153771445,0.5901818181818181,0.7610124917817226,0.9209422394320749,0.33973941368078175,1.0,0.7847692804130365,0.0,0.0,0.0,0.0,0.5564319450096794,0.0838022461303105,0.4376929208028404,1.0,-0.0011915654190693,457789410.0,False,,False,False,True,universe_top1200,Use as candidate universe sensitivity reference.
345,6351,6351.T,"TSURUMI MANUFACTURING CO.,LTD.",Machinery,0.9093630280148335,0.8701845257364843,0.9225454545454546,0.34648257725180803,0.07454017424975799,0.23355048859934857,1.0,0.6127783155856728,0.0,0.0,0.0,0.0,1.877382943688822,0.1748857854212482,0.1976928775531802,0.3333333333333333,0.0153611940057422,142272755.0,False,,False,False,True,universe_top1200,Use as candidate universe sensitivity reference.
346,4617,4617.T,"Chugoku Marine Paints,Ltd.",Chemicals,0.9093422520941601,0.2722563936549045,0.6763636363636364,0.5101906640368179,0.707647628267183,0.2843648208469055,1.0,0.8944820909970959,0.0,0.0,0.0,0.0,0.5491356389527025,0.0953243226336524,0.2629470513437774,0.8333333333333334,0.0062678388669578,1528042148.3333333,False,,False,False,True,universe_top1200,Use as candidate universe sensitivity reference.
347,3191,3191.T,"JOYFUL HONDA CO.,LTD.",Retail Trade,0.9093113688200246,0.5283263191971512,0.388,0.5657462195923735,0.21022910616327847,0.3680781758957655,1.0,0.7860600193610843,0.0,0.0,0.0,0.0,0.9190251308627042,0.0628348750293021,0.2883484121903197,0.5,-0.0045624617617128,459830761.6666667,False,,False,False,True,universe_top1200,Use as candidate universe sensitivity reference.
348,5715,5715.T,"FURUKAWA CO.,LTD.",Nonferrous Metals,0.909140688251712,0.544512787309809,0.8552727272727273,0.11406969099276791,0.707647628267183,0.06938110749185666,1.0,0.9002904162633107,0.0,0.0,0.0,0.0,0.9435778160512384,0.1325383088128749,0.114956029979736,0.8333333333333334,0.0725630337437256,1683821891.6666667,False,,False,False,True,universe_top1200,Use as candidate universe sensitivity reference.
349,6951,6951.T,JEOL Ltd.,Electric Appliances,0.9091335954012193,0.14794431854969245,0.2690909090909091,0.7363576594345825,0.707647628267183,0.5035830618892508,1.0,0.9190061310100033,0.0,0.0,0.0,0.0,0.3716916673360551,0.050830745605118,0.415293546560233,0.8333333333333334,-0.0195096521087963,2197945460.0,False,,False,False,True,universe_top1200,Use as candidate universe sensitivity reference.
350,5711,5711.T,Mitsubishi Materials Corporation,Nonferrous Metals,0.9091324466817624,0.6008416963418582,0.3694545454545455,0.03451676528599606,0.44062600838980315,0.3954397394136808,1.0,0.9761213294611165,0.0,0.0,0.0,0.0,1.0424928415970327,0.0606856195920981,0.0701561246892556,0.6666666666666666,-0.0081585340700902,8394102790.0,False,,False,False,True,universe_top1200,Use as candidate universe sensitivity reference.
351,9678,9678.T,"KANAMOTO CO.,LTD.",Services,0.908885330540498,0.528002589834898,0.44472727272727275,0.35404339250493094,0.9209422394320749,0.9338762214983714,1.0,0.8121974830590513,0.0,0.0,0.0,0.0,0.9171438782661142,0.0683796773263825,0.2007695440744489,1.0,-0.1102882643084918,562789908.3333334,False,,False,False,True,universe_top1200,Use as candidate universe sensitivity reference.
352,4368,4368.T,"FUSO CHEMICAL CO.,LTD.",Chemicals,0.9087904452014192,0.3531887342181936,0.5014545454545455,0.3067061143984221,0.9209422394320749,0.8775244299674267,1.0,0.9241690868021942,0.0,0.0,0.0,0.0,0.6594766442037818,0.0736668006654409,0.1835390380964812,1.0,-0.0805018258570139,2355934975.1916504,False,,False,False,True,universe_top1200,Use as candidate universe sensitivity reference.
353,4553,4553.T,"TOWA PHARMACEUTICAL CO.,LTD.",Pharmaceutical,0.9087711781955716,0.5186144383295564,0.7756363636363637,0.35535831689677844,0.707647628267183,0.37166123778501625,1.0,0.8002581477896096,0.0,0.0,0.0,0.0,0.9043820123742592,0.1111869509750728,0.2011039284994002,0.8333333333333334,-0.0051033987171639,513262933.3333333,False,,False,False,True,universe_top1200,Use as candidate universe sensitivity reference.
354,9536,9536.T,"SAIBU GAS HOLDINGS CO.,LTD.",Electric Power and Gas,0.9086059906992028,0.7397215927484623,0.6138181818181818,0.2679158448389218,0.707647628267183,0.8495114006514658,1.0,0.7131332687963859,0.0,0.0,0.0,0.0,1.3716969338097356,0.0877103115971223,0.1720399129918217,0.8333333333333334,-0.0714379113950677,266079590.0,False,,False,False,True,universe_top1200,Use as candidate universe sensitivity reference.
355,4350,4350.T,"MEDICAL SYSTEM NETWORK Co.,Ltd.",Retail Trade,0.9085700636774872,0.7649724830042085,0.9221818181818182,0.9122287968441815,0.9209422394320749,0.5547231270358306,1.0,0.3701193933526944,0.0,0.0,0.0,0.0,1.4402040488562742,0.1742577065503354,0.7187827614541127,1.0,-0.02579017551447,30067965.0,False,,False,True,True,universe_top1200,Use as candidate universe sensitivity reference.
356,7283,7283.T,"AISAN INDUSTRY CO.,LTD.",Transportation Equipment,0.9085146429225515,0.6762706377468436,0.8734545454545455,0.23997370151216305,0.44062600838980315,0.6791530944625408,1.0,0.734107776702162,0.0,0.0,0.0,0.0,1.1985807829176267,0.1408442167559362,0.1627074044295007,0.6666666666666666,-0.0409079892804399,309820258.3333333,False,,False,False,True,universe_top1200,Use as candidate universe sensitivity reference.
357,9532,9532.T,"OSAKA GAS CO.,LTD.",Electric Power and Gas,0.9085068500829476,0.482356749757203,0.41745454545454547,0.13379355687047995,0.21022910616327847,0.7293159609120521,1.0,0.9725717973539851,0.0,0.0,0.0,0.0,0.8509521261432511,0.0660754804366553,0.1238533903123811,0.5,-0.0472151235034119,7527891846.666667,False,,False,False,True,universe_top1200,Use as candidate universe sensitivity reference.
358,7373,7373.T,"Aidma Holdings,Inc.",Services,0.9084656430998793,0.1971511816121722,0.8123636363636364,0.9460880999342538,0.9209422394320749,0.6781758957654723,1.0,0.6831235882542755,0.0,0.0,0.0,0.0,0.4354304414981156,0.1193748625046682,0.8503450515398665,1.0,-0.0407666157565853,223847833.33333337,False,,False,False,True,universe_top1200,Use as candidate universe sensitivity reference.
359,6465,6465.T,HOSHIZAKI CORPORATION,Machinery,0.9083617684118666,0.2819682745224992,0.2883636363636364,0.5775805391190006,0.707647628267183,0.24267100977198697,1.0,0.9238464020651823,0.0,0.0,0.0,0.0,0.5632365803316516,0.052699416504598,0.2933536618884861,0.8333333333333334,0.0131786290850736,2348703273.3333335,False,,False,False,True,universe_top1200,Use as candidate universe sensitivity reference.
360,5975,5975.T,Topre Corporation,Metal Products,0.9083476771991428,0.8268047911945613,0.7374545454545455,0.14201183431952663,0.707647628267183,0.9250814332247557,1.0,0.6931268151016456,0.0,0.0,0.0,0.0,1.6396325584090234,0.1050947648263352,0.1275634219560964,0.8333333333333334,-0.1030014485257483,237861173.33333337,False,,False,False,True,universe_top1200,Use as candidate universe sensitivity reference.
361,7226,7226.T,"KYOKUTO KAIHATSU KOGYO CO.,LTD.",Transportation Equipment,0.9083197703069231,0.7581741663968922,0.47745454545454546,0.15548980933596318,0.21022910616327847,0.3055374592833876,1.0,0.8238141335914811,0.0,0.0,0.0,0.0,1.4203400426151185,0.0710708987734863,0.131836291198841,0.5,0.0035907144013893,632643893.3333334,False,,False,False,True,universe_top1200,Use as candidate universe sensitivity reference.
362,9076,9076.T,"SEINO HOLDINGS CO.,LTD.",Land Transportation,0.9082703384782032,0.5895111686629977,0.8054545454545454,0.08645627876397108,0.707647628267183,0.37035830618892507,1.0,0.8728622136172959,0.0,0.0,0.0,0.0,1.0237390046897836,0.1180039076447018,0.1049834853489288,0.8333333333333334,-0.0049060783709117,1150331653.3333333,False,,False,False,True,universe_top1200,Use as candidate universe sensitivity reference.
363,6670,6670.T,"MCJ Co.,Ltd.",Electric Appliances,0.9082645594336604,0.18128844286176757,0.41309090909090906,0.7015121630506246,0.707647628267183,0.5716612377850163,1.0,0.8822200709906421,0.0,0.0,0.0,0.0,0.4175065449999248,0.0656466804519441,0.3851112667869014,0.8333333333333334,-0.0275470854304869,1258634811.6666667,False,,False,False,True,universe_top1200,Use as candidate universe sensitivity reference.
364,4979,4979.T,"OAT Agrio Co.,Ltd.",Chemicals,0.9081194161457644,0.4273227581741664,0.6592727272727272,0.7324128862590401,0.707647628267183,0.8390879478827362,1.0,0.6708615682478218,0.0,0.0,0.0,0.0,0.7583011259597562,0.0934386885515654,0.4118687680926343,0.8333333333333334,-0.0678328771310666,206192960.0,False,,False,False,True,universe_top1200,Use as candidate universe sensitivity reference.
365,8179,8179.T,"ROYAL HOLDINGS Co., Ltd.",Retail Trade,0.9080343951771723,0.20233085140822274,0.23381818181818181,0.9428007889546351,0.44062600838980315,0.858957654723127,1.0,0.7828331719909648,0.0,0.0,0.0,0.0,0.4441884313582682,0.0465796992419459,0.8416390604094074,0.6666666666666666,-0.0744670113382753,451804678.3333333,False,,False,False,True,universe_top1200,Use as candidate universe sensitivity reference.
366,2003,2003.T,"NITTO FUJI FLOUR MILLING CO.,LTD.",Foods,0.9079979803188146,0.9702168986727097,0.9596363636363636,0.5276134122287969,0.707647628267183,0.5309446254071661,1.0,0.42529848338173604,0.0,0.0,0.0,0.0,3.20206674191644,0.230893980257156,0.2692783053552152,0.8333333333333334,-0.0229623070111269,44604015.0,False,,False,False,True,universe_top1200,Use as candidate universe sensitivity reference.
367,2915,2915.T,"KENKO Mayonnaise Co.,Ltd.",Foods,0.9079370373712157,0.7452249919067659,0.8207272727272727,0.6078238001314924,0.9209422394320749,0.4677524429967427,1.0,0.5366247176508551,0.0,0.0,0.0,0.0,1.3861844250270172,0.1215074954550369,0.3105174030058363,1.0,-0.0159899165329288,89062971.66666667,False,,False,False,True,universe_top1200,Use as candidate universe sensitivity reference.
368,4526,4526.T,"RIKEN VITAMIN CO.,LTD.",Foods,0.9078660760586014,0.5360958238912269,0.772,0.5427350427350427,0.707647628267183,0.24397394136807815,1.0,0.7108744756373023,0.0,0.0,0.0,0.0,0.9299559961730902,0.1103500814650846,0.2767281126381649,0.8333333333333334,0.0129953618811347,263002075.0,False,,False,False,True,universe_top1200,Use as candidate universe sensitivity reference.
369,8005,8005.T,Scroll Corporation,Retail Trade,0.9078486234406837,0.3583684040142441,0.252,0.8800131492439185,0.21022910616327847,0.854071661237785,1.0,0.7266860277508874,0.0,0.0,0.0,0.0,0.6639733827243758,0.0487578480230559,0.6214169546655824,0.5,-0.0725013036676516,289173661.6666667,False,,False,False,True,universe_top1200,Use as candidate universe sensitivity reference.
370,4681,4681.T,"RESORTTRUST,INC.",Services,0.9076991033023665,0.18776303010683068,0.3378181818181818,0.7087442472057857,0.9209422394320749,0.6211726384364821,1.0,0.8760890609874153,0.0,0.0,0.0,0.0,0.4237398490061827,0.0574180398017824,0.3917727797398919,1.0,-0.0338320606876238,1176155907.5,False,,False,False,True,universe_top1200,Use as candidate universe sensitivity reference.
371,9746,9746.T,TKC Corporation,Information & Communication,0.9076002967066801,0.31952088054386535,0.4425454545454545,0.7590401051939514,0.9209422394320749,0.3543973941368078,1.0,0.7779929009357858,0.0,0.0,0.0,0.0,0.6117051947406009,0.0681858726526339,0.4360445858400671,1.0,-0.0030781432200361,423318908.3333333,False,,False,False,True,universe_top1200,Use as candidate universe sensitivity reference.
372,3034,3034.T,"Qol Holdings Co.,Ltd.",Retail Trade,0.9074086438068437,0.5234703787633538,0.7683636363636364,0.4388560157790927,0.44062600838980315,0.6358306188925081,1.0,0.7460471119716038,0.0,0.0,0.0,0.0,0.9130802241953154,0.109855285913357,0.2302857345015861,0.6666666666666666,-0.035611757377939,334768013.3333333,False,,False,False,True,universe_top1200,Use as candidate universe sensitivity reference.
373,7575,7575.T,"Japan Lifeline Co.,Ltd.",Wholesale Trade,0.9074024407781391,0.3525412754936873,0.7232727272727273,0.7764628533859304,0.707647628267183,0.3097719869706841,1.0,0.7111971603743142,0.0,0.0,0.0,0.0,0.6582219877135282,0.1023576169096862,0.4551335809272792,0.8333333333333334,0.0027450347166155,263144780.0,False,,False,False,True,universe_top1200,Use as candidate universe sensitivity reference.
374,7762,7762.T,"Citizen Watch Co.,Ltd.",Precision Instruments,0.907391336819462,0.2211071544189058,0.2018181818181818,0.6268902038132808,0.707647628267183,0.5807817589576547,1.0,0.9248144562762182,0.0,0.0,0.0,0.0,0.4683332533859975,0.0423322042568875,0.3237861928230402,0.8333333333333334,-0.0286138217105476,2374966998.3333335,False,,False,False,True,universe_top1200,Use as candidate universe sensitivity reference.
375,2585,2585.T,"LIFEDRINK COMPANY,INC.",Foods,0.9072274876094998,0.029783101327290385,0.16,0.8625904010519395,0.707647628267183,0.7905537459283387,1.0,0.919974185221039,0.0,0.0,0.0,0.0,0.154652502682046,0.0368644616372101,0.585900563134279,0.8333333333333334,-0.0567553599674251,2207372208.3333335,False,,False,False,True,universe_top1200,Use as candidate universe sensitivity reference.
376,3907,3907.T,Silicon Studio Corp.,Information & Communication,0.9070867864643891,0.29491744901262545,0.33345454545454545,0.8961209730440499,0.9209422394320749,0.6736156351791531,1.0,0.7270087124878993,0.0,0.0,0.0,0.0,0.5809974759718617,0.057074620910922,0.6745182012847966,1.0,-0.0403688881155385,289592470.0,False,,False,False,True,universe_top1200,Use as candidate universe sensitivity reference.
377,3089,3089.T,"Techno Alpha Co.,Ltd.",Wholesale Trade,0.9069851689682594,0.6927808352217546,0.9341818181818182,0.779750164365549,0.9209422394320749,0.8100977198697068,1.0,0.44336882865440463,0.0,0.0,0.0,0.0,1.241324974790293,0.1866662770388016,0.4601549466439741,1.0,-0.0611430355899481,48838031.666666664,False,,False,False,True,universe_top1200,Use as candidate universe sensitivity reference.
378,4064,4064.T,"Nippon Carbide Industries Company,Incorporated",Chemicals,0.9068056688985342,0.6969893169310456,0.5625454545454546,0.47961867192636426,0.9209422394320749,0.5628664495114006,1.0,0.6537592771861891,0.0,0.0,0.0,0.0,1.2483797369105671,0.0806872356732678,0.2462594696969696,1.0,-0.0266119954976684,182367516.66666663,False,,False,False,True,universe_top1200,Use as candidate universe sensitivity reference.
379,8007,8007.T,"Takashima & Co.,Ltd.",Wholesale Trade,0.9066795104386333,0.8747167368080285,0.8363636363636363,0.3997370151216305,0.21022910616327847,0.07068403908794785,1.0,0.5937399161019684,0.0,0.0,0.0,0.0,1.918089488917609,0.1255529234093368,0.2170408367197388,0.5,0.0714967663736063,127447115.0,False,,False,False,True,universe_top1200,Use as candidate universe sensitivity reference.
380,5943,5943.T,NORITZ CORPORATION,Metal Products,0.9066669457565557,0.7614114600194237,0.1509090909090909,0.52465483234714,0.21022910616327847,0.571986970684039,1.0,0.6889319135204904,0.0,0.0,0.0,0.0,1.4286797356008674,0.0355916394977965,0.2686414838119256,0.5,-0.0275512816618426,230872905.0,False,,False,False,True,universe_top1200,Use as candidate universe sensitivity reference.
381,4443,4443.T,"Sansan,Inc.",Information & Communication,0.906563249895519,0.005503399158303658,0.002181818181818182,0.928007889546351,0.21022910616327847,0.9859934853420196,1.0,0.930945466279445,0.0,0.0,0.0,0.0,0.0740653326887729,0.0027790187767513,0.7796348782927642,0.5,-0.2110638496774796,2592403153.3333335,False,,False,False,True,universe_top1200,Use as candidate universe sensitivity reference.
382,3097,3097.T,The Monogatari Corporation,Retail Trade,0.9064248368082026,0.061184849465846555,0.1461818181818182,0.9783037475345168,0.44062600838980315,0.8785016286644951,1.0,0.8515650209745079,0.0,0.0,0.0,0.0,0.2220153727052278,0.0349546054291379,1.0894010212627996,0.6666666666666666,-0.0809112101271799,838203425.0,False,,False,False,True,universe_top1200,Use as candidate universe sensitivity reference.
383,7309,7309.T,SHIMANO INC.,Transportation Equipment,0.9061603910761472,0.3308514082227258,0.6603636363636364,0.2859960552268245,0.707647628267183,0.07263843648208468,1.0,0.9612778315585673,0.0,0.0,0.0,0.0,0.6282509795166679,0.093815574026279,0.1775816679989341,0.8333333333333334,0.0696404127549872,5550893725.0,False,,False,False,True,universe_top1200,Use as candidate universe sensitivity reference.
384,9039,9039.T,"Sakai Moving Service Co.,Ltd.",Land Transportation,0.9061404209260724,0.46746519909355777,0.517090909090909,0.6791584483892176,0.44062600838980315,0.39120521172638434,1.0,0.7224911261697322,0.0,0.0,0.0,0.0,0.8272790495961821,0.0755323007261514,0.3653583161733499,0.6666666666666666,-0.007756657058195,281207035.0,False,,False,False,True,universe_top1200,Use as candidate universe sensitivity reference.
385,6413,6413.T,RISO KAGAKU CORPORATION,Machinery,0.9060938577755097,0.6089349303981871,0.5523636363636364,0.8323471400394478,0.21022910616327847,0.21465798045602602,1.0,0.5866408518877058,0.0,0.0,0.0,0.0,1.0561911477762052,0.0796292371242747,0.5289446750120907,0.5,0.018778972507449,121976801.66666669,False,,False,False,True,universe_top1200,Use as candidate universe sensitivity reference.
386,2331,2331.T,"ALSOK CO.,LTD.",Services,0.9059012840139454,0.39624473939786337,0.3181818181818182,0.4352399737015122,0.44062600838980315,0.5384364820846905,1.0,0.8951274604711197,0.0,0.0,0.0,0.0,0.7191585534279001,0.0554784920232172,0.2287797736555777,0.6666666666666666,-0.0239323556992639,1541879085.0,False,,False,False,True,universe_top1200,Use as candidate universe sensitivity reference.
387,6835,6835.T,ALLIED TELESIS HOLDINGS K.K.,Electric Appliances,0.9058908604362199,0.38977015215280025,0.6894545454545454,0.7603550295857988,0.707647628267183,0.7957654723127036,1.0,0.6653759277186189,0.0,0.0,0.0,0.0,0.7103285180629278,0.0972913819087009,0.436822480699688,0.8333333333333334,-0.0575418262934674,196985018.33333337,False,,False,False,True,universe_top1200,Use as candidate universe sensitivity reference.
388,4685,4685.T,"Ryoyu Systems Co.,Ltd.",Information & Communication,0.9058830753510081,0.641955325348009,0.9370909090909091,0.5976331360946746,0.707647628267183,0.21530944625407167,1.0,0.590190383994837,0.0,0.0,0.0,0.0,1.1139972420802993,0.1908495081944948,0.3055325629904314,0.8333333333333334,0.0185165702261967,124852345.0,False,,False,False,True,universe_top1200,Use as candidate universe sensitivity reference.
389,7906,7906.T,"YONEX CO.,LTD.",Other Products,0.9058690308542072,0.12722563936549044,0.3301818181818182,0.8096646942800789,0.707647628267183,0.42931596091205215,1.0,0.8751210067763795,0.0,0.0,0.0,0.0,0.3390196141085437,0.0567474279888714,0.4976026298909557,0.8333333333333334,-0.0117817638785184,1171481036.6666667,False,,False,False,True,universe_top1200,Use as candidate universe sensitivity reference.
390,4045,4045.T,"TOAGOSEI CO.,LTD.",Chemicals,0.9058581435575346,0.6610553577209453,0.4509090909090909,0.24095989480604865,0.21022910616327847,0.6166123778501629,1.0,0.8125201677960633,0.0,0.0,0.0,0.0,1.1581502909381718,0.0688634541160955,0.1630307327787482,0.5,-0.0333400925721842,566131817.5,False,,False,False,True,universe_top1200,Use as candidate universe sensitivity reference.
391,1873,1873.T,"NIHON HOUSE HOLDINGS CO.,LTD.",Construction,0.9057736472691263,0.8727743606345095,0.7941818181818182,0.6577909270216963,0.9209422394320749,0.7413680781758958,1.0,0.41949015811552115,0.0,0.0,0.0,0.0,1.905881612423424,0.1151435897660377,0.3467544107934711,1.0,-0.0494989371393865,42986025.0,False,,False,False,True,universe_top1200,Use as candidate universe sensitivity reference.
392,7483,7483.T,"DOSHISHA CO.,LTD.",Wholesale Trade,0.9056660718341192,0.4943347361605698,0.3916363636363636,0.6130834976988823,0.9209422394320749,0.4084690553745929,1.0,0.7408841561794127,0.0,0.0,0.0,0.0,0.8718048510277522,0.0633052301646122,0.3132090999941214,1.0,-0.0096499924304209,324433966.6666667,False,,False,False,True,universe_top1200,Use as candidate universe sensitivity reference.
393,6703,6703.T,"Oki Electric Industry Company,Limited",Electric Appliances,0.9055649848633581,0.23114276464875363,0.228,0.5407626561472715,0.707647628267183,0.8107491856677524,1.0,0.9293320425943853,0.0,0.0,0.0,0.0,0.4843886872987587,0.0456620547860828,0.275841008358376,0.8333333333333334,-0.0611771361180491,2528427016.6666665,False,,False,False,True,universe_top1200,Use as candidate universe sensitivity reference.
394,3415,3415.T,"TOKYO BASE Co.,Ltd.",Retail Trade,0.9055273000904133,0.1848494658465523,0.5676363636363636,0.9391847468770546,0.44062600838980315,0.3765472312703583,1.0,0.7534688609228783,0.0,0.0,0.0,0.0,0.4210557591098051,0.0810597342943176,0.8277851884010525,0.6666666666666666,-0.0058645232288823,364052646.6666667,False,,False,False,True,universe_top1200,Use as candidate universe sensitivity reference.
395,4985,4985.T,Earth Corporation,Chemicals,0.9054330649371309,0.45192618970540627,0.3130909090909091,0.7531229454306377,0.707647628267183,0.6006514657980456,1.0,0.7089383672152307,0.0,0.0,0.0,0.0,0.8010279487510025,0.0550934587460555,0.429840908306588,0.8333333333333334,-0.031148247462172,260027616.66666663,False,,False,False,True,universe_top1200,Use as candidate universe sensitivity reference.
396,3636,3636.T,"Mitsubishi Research Institute,Inc.",Information & Communication,0.9054285246867536,0.6167044350922629,0.6756363636363636,0.42077580539119,0.21022910616327847,0.28371335504885997,1.0,0.7366892545982575,0.0,0.0,0.0,0.0,1.0719534911394109,0.0952089097617859,0.2238048142293105,0.5,0.0064621525486472,318351941.6666667,False,,False,False,True,universe_top1200,Use as candidate universe sensitivity reference.
397,7241,7241.T,"FUTABA INDUSTRIAL CO.,LTD.",Transportation Equipment,0.9053257017308949,0.7504046617028165,0.881090909090909,0.15516107823800132,0.21022910616327847,0.6224755700325733,1.0,0.723136495643756,0.0,0.0,0.0,0.0,1.3958434974228775,0.146571217084156,0.1317790415232481,0.5,-0.0339818908519557,282187703.3333333,False,,False,False,True,universe_top1200,Use as candidate universe sensitivity reference.
398,8153,8153.T,"MOS FOOD SERVICES,INC.",Wholesale Trade,0.9053225096914175,0.23858853998057625,0.108,0.8504273504273504,0.707647628267183,0.7583061889250814,1.0,0.8099386898999678,0.0,0.0,0.0,0.0,0.4936714746909973,0.0287791768277875,0.5640265091342335,0.8333333333333334,-0.0521439667596249,552478033.3333334,False,,False,False,True,universe_top1200,Use as candidate universe sensitivity reference.
399,6637,6637.T,"TERASAKI ELECTRIC CO.,LTD.",Electric Appliances,0.9051867617202839,0.6714146973130463,0.7247272727272728,0.3445101906640368,0.9209422394320749,0.7387622149837134,1.0,0.680864795095192,0.0,0.0,0.0,0.0,1.185451137419454,0.1026022607123083,0.1971703954098794,1.0,-0.0492719708391692,221875950.0,False,,False,False,True,universe_top1200,Use as candidate universe sensitivity reference.
400,3099,3099.T,Isetan Mitsukoshi Holdings Ltd.,Retail Trade,0.9051344151446037,0.25121398510844933,0.22181818181818183,0.46942800788954636,0.707647628267183,0.5583061889250814,1.0,0.9645046789286866,0.0,0.0,0.0,0.0,0.5138095274290073,0.0450113229901167,0.2426608870246221,0.8333333333333334,-0.0262023958615187,5978154790.0,False,,False,False,True,universe_top1200,Use as candidate universe sensitivity reference.
401,7246,7246.T,"PRESS KOGYO CO.,LTD.",Transportation Equipment,0.9050780370384105,0.8028488183878277,0.6305454545454545,0.14891518737672585,0.44062600838980315,0.7947882736156352,1.0,0.7212003872216844,0.0,0.0,0.0,0.0,1.5491265918287067,0.0900207073388744,0.1302461519791266,0.6666666666666666,-0.0574984724240448,279517793.3333333,False,,False,False,True,universe_top1200,Use as candidate universe sensitivity reference.
402,4031,4031.T,Katakura & Co-op Agri Corporation,Chemicals,0.9050040185789415,0.9203625768857235,0.14472727272727273,0.1344510190664037,0.21022910616327847,0.3009771986970684,1.0,0.7834785414649887,0.0,0.0,0.0,0.0,2.3720884836360687,0.034788643170862,0.1240268295604264,0.5,0.0040105327121733,452161521.6666667,False,,False,False,True,universe_top1200,Use as candidate universe sensitivity reference.
403,3399,3399.T,Maruchiyo Yamaokaya Corporation,Retail Trade,0.9049878414987935,0.033344124312075105,0.3567272727272727,0.9963839579224194,0.707647628267183,0.896742671009772,1.0,0.8060664730558245,0.0,0.0,0.0,0.0,0.1635189630028548,0.0595360156043138,1.63386860885885,0.8333333333333334,-0.0889867786234683,534956868.3333333,False,,False,False,True,universe_top1200,Use as candidate universe sensitivity reference.
404,3355,3355.T,KURIYAMA HOLDINGS CORPORATION,Wholesale Trade,0.9049154086841996,0.8125606992554225,0.84,0.584155161078238,0.21022910616327847,0.354071661237785,1.0,0.5188770571151985,0.0,0.0,0.0,0.0,1.579664324670686,0.1265083898500015,0.2985063703211755,0.5,-0.0030678511135472,77897028.33333333,False,,False,False,True,universe_top1200,Use as candidate universe sensitivity reference.
405,6644,6644.T,"Osaki Electric Co.,Ltd.",Electric Appliances,0.9048390783346644,0.4991906765943671,0.35818181818181816,0.4477317554240631,0.44062600838980315,0.5592833876221499,1.0,0.8183284930622782,0.0,0.0,0.0,0.0,0.8760069513067674,0.0596607989507505,0.2332235631211883,0.6666666666666666,-0.0262548813687204,601225355.0,False,,False,False,True,universe_top1200,Use as candidate universe sensitivity reference.
406,8130,8130.T,Sangetsu Corporation,Wholesale Trade,0.904688102744249,0.3641955325348009,0.5076363636363637,0.5907297830374754,0.21022910616327847,0.6198697068403909,1.0,0.8063891577928364,0.0,0.0,0.0,0.0,0.673169506622253,0.0744574071316041,0.3027727347747153,0.5,-0.0336872810957576,537035846.6666666,False,,False,False,True,universe_top1200,Use as candidate universe sensitivity reference.
407,5253,5253.T,COVER Corporation,Information & Communication,0.9046282627076951,0.03107801877630301,0.2781818181818182,0.891190006574622,0.21022910616327847,0.2628664495114007,1.0,0.9202968699580509,0.0,0.0,0.0,0.0,0.1580779345447339,0.051853144399255,0.6595583787053841,0.5,0.0098255428253814,2215731995.0,False,,False,False,True,universe_top1200,Use as candidate universe sensitivity reference.
408,2875,2875.T,"TOYO SUISAN KAISHA,LTD.",Foods,0.9044213473495489,0.22143088378115894,0.36327272727272725,0.49474030243261014,0.44062600838980315,0.5625407166123779,1.0,0.9493384962891255,0.0,0.0,0.0,0.0,0.4686890883061121,0.0600705972888142,0.2543102434039578,0.6666666666666666,-0.0266044124558737,3969695666.6666665,False,,False,False,True,universe_top1200,Use as candidate universe sensitivity reference.
409,6140,6140.T,"Asahi Diamond Industrial Co.,Ltd.",Machinery,0.9044071042412442,0.5153771447070249,0.16836363636363635,0.19690992767915844,0.707647628267183,0.6837133550488599,1.0,0.936108422071636,0.0,0.0,0.0,0.0,0.8993332432533712,0.0377392078044636,0.1480268758758889,0.8333333333333334,-0.0412240768841679,2903384098.3333335,False,,False,False,True,universe_top1200,Use as candidate universe sensitivity reference.
410,3696,3696.T,CERES INC.,Information & Communication,0.9043821811922709,0.3544836516672062,0.9207272727272727,0.65844838921762,0.21022910616327847,0.09348534201954395,1.0,0.7412068409164246,0.0,0.0,0.0,0.0,0.6605688095545352,0.1737190110167493,0.3470822960915701,0.5,0.0568128115098094,326841798.3333333,False,,False,False,True,universe_top1200,Use as candidate universe sensitivity reference.
411,3911,3911.T,Aiming Inc.,Information & Communication,0.9043751661290328,0.48559404337973455,0.8956363636363637,0.9697567389875082,0.707647628267183,0.9964169381107492,1.0,0.4624072281381091,0.0,0.0,0.0,0.0,0.8569255173452464,0.1542401157839507,1.0122323273577831,0.8333333333333334,-0.3698004812149774,55000158.333333336,False,,False,False,True,universe_top1200,Use as candidate universe sensitivity reference.
412,6272,6272.T,"RHEON AUTOMATIC MACHINERY CO.,LTD.",Machinery,0.904239377880232,0.5772094528973778,0.7123636363636363,0.6758711374095989,0.21022910616327847,0.6680781758957655,1.0,0.6085834140045175,0.0,0.0,0.0,0.0,1.00532120136213,0.1010078796395348,0.3613454924477486,0.5,-0.0397434705538392,138759868.33333334,False,,False,False,True,universe_top1200,Use as candidate universe sensitivity reference.
413,6961,6961.T,ENPLAS CORPORATION,Electric Appliances,0.9042257364798975,0.23794108125606991,0.1501818181818182,0.5456936226166995,0.44062600838980315,0.745928338762215,1.0,0.9419167473378509,0.0,0.0,0.0,0.0,0.4913362989680658,0.0354762707683111,0.2782954998008761,0.6666666666666666,-0.0499987785314691,3183918650.0,False,,False,False,True,universe_top1200,Use as candidate universe sensitivity reference.
414,6257,6257.T,"FUJISHOJI CO.,LTD.",Machinery,0.9040917007587831,0.9096795079313694,0.8745454545454545,0.6370808678500987,0.44062600838980315,0.606514657980456,1.0,0.40819619232010323,0.0,0.0,0.0,0.0,2.2486543069676075,0.1415203360492675,0.3321798006394583,0.6666666666666666,-0.0319000325315268,39998180.0,False,,False,False,True,universe_top1200,Use as candidate universe sensitivity reference.
415,5632,5632.T,"Mitsubishi Steel Mfg.Co.,Ltd.",Iron and Steel,0.9040796779361374,0.7918420200712205,0.5963636363636363,0.26364234056541747,0.707647628267183,0.5273615635179153,1.0,0.6857050661503711,0.0,0.0,0.0,0.0,1.5182734846451236,0.0845464924148936,0.1709995889432958,0.8333333333333334,-0.0226361212019402,226712190.0,False,,False,False,True,universe_top1200,Use as candidate universe sensitivity reference.
416,9405,9405.T,ASAHI BROADCASTING GROUP HOLDINGS CORPORATION,Information & Communication,0.9040703505271624,0.9168015539009389,0.5058181818181818,0.45069033530571995,0.44062600838980315,0.5237785016286645,1.0,0.5563084866085835,0.0,0.0,0.0,0.0,2.3226870528908705,0.0742894051380993,0.2346699030636854,0.6666666666666666,-0.0222193094299003,102546095.0,False,,False,False,True,universe_top1200,Use as candidate universe sensitivity reference.
417,3946,3946.T,"TOMOKU CO.,LTD.",Pulp and Paper,0.9040405230529462,0.7801877630301068,0.7338181818181818,0.28994082840236685,0.9209422394320749,0.7794788273615635,1.0,0.6343981929654727,0.0,0.0,0.0,0.0,1.4798969446118466,0.1042272473012766,0.1786147709416173,1.0,-0.0550511553079432,160153341.66666666,False,,False,False,True,universe_top1200,Use as candidate universe sensitivity reference.
418,8035,8035.T,Tokyo Electron Limited,Electric Appliances,0.9039894748237227,0.005827128520556815,0.07127272727272728,0.759697567389875,0.707647628267183,0.457328990228013,1.0,0.9987092610519522,0.0,0.0,0.0,0.0,0.0765390688250761,0.0224489171500327,0.4365176290308269,0.8333333333333334,-0.0149695727035207,138488824083.33334,False,,False,False,True,universe_top1200,Use as candidate universe sensitivity reference.
419,6238,6238.T,FURYU CORPORATION,Machinery,0.9035627247288295,0.33149886694723213,0.26072727272727275,0.8691650230111768,0.707647628267183,0.8570032573289902,1.0,0.7079703130041949,0.0,0.0,0.0,0.0,0.6296116495027231,0.0498270995084457,0.6009203117015877,0.8333333333333334,-0.0737445310224617,259365638.33333337,False,,False,False,True,universe_top1200,Use as candidate universe sensitivity reference.
420,9332,9332.T,"NISSO HOLDINGS Co.,Ltd.",Services,0.9035611114238773,0.5108449336354808,0.7367272727272727,0.8468113083497699,0.44062600838980315,0.2671009771986971,1.0,0.579864472410455,0.0,0.0,0.0,0.0,0.8930244258956261,0.1049616086167291,0.5576480368333546,0.6666666666666666,0.0093565384001277,117959080.0,False,,False,False,True,universe_top1200,Use as candidate universe sensitivity reference.
421,5142,5142.T,Achilles Corporation,Chemicals,0.9035034973240735,0.9291032696665588,0.672,0.30210387902695596,0.9209422394320749,0.4530944625407166,1.0,0.57405614714424,0.0,0.0,0.0,0.0,2.4641692600047693,0.094843203672138,0.1821795129804789,1.0,-0.0144543245809849,114115218.33333331,False,,False,False,True,universe_top1200,Use as candidate universe sensitivity reference.
422,9602,9602.T,"TOHO CO.,LTD",Information & Communication,0.9034786473028814,0.26254451278730984,0.28763636363636363,0.42965154503616043,0.707647628267183,0.48859934853420195,1.0,0.9603097773475314,0.0,0.0,0.0,0.0,0.5290896156904275,0.0526905715139724,0.227038384827025,0.8333333333333334,-0.018075194579359,5394467222.5,False,,False,False,True,universe_top1200,Use as candidate universe sensitivity reference.
423,4044,4044.T,"Central Glass Co.,Ltd.",Chemicals,0.9033977302869176,0.6694723211395274,0.43745454545454543,0.32873109796186717,0.44062600838980315,0.8749185667752443,1.0,0.7353985156502097,0.0,0.0,0.0,0.0,1.182203122032603,0.0677997098723174,0.1917881646655231,0.6666666666666666,-0.0792507273220739,313958200.0,False,,False,False,True,universe_top1200,Use as candidate universe sensitivity reference.
424,9823,9823.T,Mammy Mart Holdings Corporation,Retail Trade,0.9033801280526672,0.4532211071544189,0.7043636363636364,0.8185404339250493,0.44062600838980315,0.8127035830618893,1.0,0.5953533397870281,0.0,0.0,0.0,0.0,0.8022571963181204,0.0993175343706726,0.5127546317632962,0.6666666666666666,-0.061520212267832,128441468.33333331,False,,False,False,True,universe_top1200,Use as candidate universe sensitivity reference.
425,7965,7965.T,Zojirushi Corporation,Electric Appliances,0.9033690562834927,0.5710585950145678,0.43454545454545457,0.5003287310979618,0.44062600838980315,0.613029315960912,1.0,0.7305582445950306,0.0,0.0,0.0,0.0,0.9932125013517552,0.067604391535155,0.2569634587431971,0.6666666666666666,-0.0328784518298934,296180818.3333333,False,,False,False,True,universe_top1200,Use as candidate universe sensitivity reference.
426,9304,9304.T,Shibusawa Logistics Corporation,Warehousing and Harbor Transportation Service,0.903363143372109,0.9715118161217222,0.9647272727272728,0.0381328073635766,0.9209422394320749,0.43094462540716616,1.0,0.6179412713778638,0.0,0.0,0.0,0.0,3.221508242850255,0.2456271821827871,0.0753537796093523,1.0,-0.0118930752591022,145991053.33333334,False,,False,False,True,universe_top1200,Use as candidate universe sensitivity reference.
427,6592,6592.T,"MABUCHI MOTOR CO.,LTD.",Electric Appliances,0.9033514572962036,0.4917449012625445,0.7127272727272728,0.14168310322156477,0.707647628267183,0.27882736156351795,1.0,0.8993223620522749,0.0,0.0,0.0,0.0,0.8661557196375197,0.1011028113247471,0.1275428907844806,0.8333333333333334,0.0077138723956434,1653026941.6666667,False,,False,False,True,universe_top1200,Use as candidate universe sensitivity reference.
428,5301,5301.T,"TOKAI CARBON CO.,LTD.",Glass and Ceramics Products,0.9032696429940222,0.5095500161864681,0.3498181818181818,0.12491781722550953,0.707647628267183,0.7452768729641694,1.0,0.9303000968054211,0.0,0.0,0.0,0.0,0.8921047924544561,0.0588439345765149,0.1200843933961113,0.8333333333333334,-0.0499668144814551,2551319823.3102417,False,,False,False,True,universe_top1200,Use as candidate universe sensitivity reference.
429,3395,3395.T,"Saint Marc Holdings Co.,Ltd.",Retail Trade,0.9031908450710945,0.28747167368080284,0.2389090909090909,0.9197896120973044,0.44062600838980315,0.7674267100977199,1.0,0.7253952888028397,0.0,0.0,0.0,0.0,0.5727975466472499,0.0471187595181857,0.7445843903229621,0.6666666666666666,-0.0533080996113928,286046453.3333333,False,,False,False,True,universe_top1200,Use as candidate universe sensitivity reference.
430,7482,7482.T,"SHIMOJIMA Co.,Ltd.",Wholesale Trade,0.9030822863510344,0.7484622855292975,0.4781818181818182,0.7830374753451677,0.44062600838980315,0.17882736156351786,1.0,0.5233946434333656,0.0,0.0,0.0,0.0,1.392231188482917,0.0710894721343064,0.4644982434337882,0.6666666666666666,0.0273782991202346,79970775.0,False,,False,False,True,universe_top1200,Use as candidate universe sensitivity reference.
431,4021,4021.T,Nissan Chemical Corporation,Chemicals,0.903061901214587,0.06668824862415021,0.20727272727272728,0.6653517422748192,0.9209422394320749,0.7390879478827361,1.0,0.9545014520813165,0.0,0.0,0.0,0.0,0.2360646821081814,0.0430219837072675,0.3523398929142619,1.0,-0.0493258394334636,4466553355.0,False,,False,False,True,universe_top1200,Use as candidate universe sensitivity reference.
432,6777,6777.T,santec Holdings Corporation,Electric Appliances,0.9030011279585951,0.005179669796050502,0.04690909090909091,0.7932281393819856,0.9209422394320749,0.6201954397394136,1.0,0.9667634720877702,0.0,0.0,0.0,0.0,0.0717914877265351,0.0169789284007887,0.4748010261529192,1.0,-0.0337393987202654,6644598083.333333,False,,False,False,True,universe_top1200,Use as candidate universe sensitivity reference.
433,6958,6958.T,CMK CORPORATION,Electric Appliances,0.9029429057005033,0.78051149239236,0.4752727272727273,0.03517422748191979,0.21022910616327847,0.5485342019543974,1.0,0.8225233946434334,0.0,0.0,0.0,0.0,1.4803334568268511,0.0709552178856806,0.0714941768617509,0.5,-0.0251675804459373,624305203.3333334,False,,False,False,True,universe_top1200,Use as candidate universe sensitivity reference.
434,7780,7780.T,"Menicon Co.,Ltd.",Precision Instruments,0.902908750371323,0.3761735189381677,0.22290909090909092,0.6594345825115056,0.9209422394320749,0.7153094462540717,1.0,0.782187802516941,0.0,0.0,0.0,0.0,0.6908412843749349,0.0450970515974259,0.3474973569269871,1.0,-0.0453289893051915,448455850.0,False,,False,False,True,universe_top1200,Use as candidate universe sensitivity reference.
435,3064,3064.T,"MonotaRO Co.,Ltd.",Retail Trade,0.9028394361555591,0.02136613790870832,0.1429090909090909,0.8188691650230112,0.21022910616327847,0.3814332247557003,1.0,0.9648273636656987,0.0,0.0,0.0,0.0,0.1329044359279983,0.0344426050449326,0.5128131224490846,0.5,-0.0062890301513905,6105263480.833333,False,,False,False,True,universe_top1200,Use as candidate universe sensitivity reference.
436,7014,7014.T,"Namura Shipbuilding Co.,Ltd.",Transportation Equipment,0.9026360484299872,0.19229524117837488,0.76,0.27383300460223536,0.707647628267183,0.7973941368078176,1.0,0.9635366247176509,0.0,0.0,0.0,0.0,0.4293860856861098,0.1083531949689359,0.1736917387830862,0.8333333333333334,-0.0583334201777879,5842217641.666667,False,,False,False,True,universe_top1200,Use as candidate universe sensitivity reference.
437,9856,9856.T,"KU HOLDINGS CO.,LTD.",Retail Trade,0.9026127365755294,0.8598251861443833,0.92,0.5726495726495726,0.21022910616327847,0.40228013029315957,1.0,0.46886092287834785,0.0,0.0,0.0,0.0,1.8039008033774655,0.1732749017264932,0.2923023840074183,0.5,-0.0089410920023783,58035511.666666664,False,,False,False,True,universe_top1200,Use as candidate universe sensitivity reference.
438,6535,6535.T,"i-mobile Co.,Ltd.",Services,0.9025827359971429,0.32890903204920685,0.7789090909090909,0.9319526627218935,0.707647628267183,0.8394136807817589,1.0,0.5876089060987415,0.0,0.0,0.0,0.0,0.6251670432730001,0.1115040553427272,0.7885856807511737,0.8333333333333334,-0.0680166950069562,122321596.66666669,False,,False,False,True,universe_top1200,Use as candidate universe sensitivity reference.
439,7276,7276.T,"KOITO MANUFACTURING CO.,LTD.",Electric Appliances,0.902581514102566,0.5017805114923923,0.41454545454545455,0.09500328731097962,0.9209422394320749,0.6745928338762215,1.0,0.9312681510164569,0.0,0.0,0.0,0.0,0.8799224923110249,0.0658325661291584,0.1086249595483801,1.0,-0.0404171923427431,2620630796.6666665,False,,False,False,True,universe_top1200,Use as candidate universe sensitivity reference.
440,8032,8032.T,JAPAN PULP AND PAPER COMPANY LIMITED,Wholesale Trade,0.9025354605794047,0.5927484622855292,0.37781818181818183,0.44740302432610124,0.21022910616327847,0.6078175895765472,1.0,0.7547595998709261,0.0,0.0,0.0,0.0,1.0278745261826518,0.0615037070934008,0.2331924310488127,0.5,-0.0321619497985955,366005653.3333333,False,,False,False,True,universe_top1200,Use as candidate universe sensitivity reference.
441,2222,2222.T,"Kotobuki Spirits Co.,Ltd.",Foods,0.9023860770949603,0.019423761735189383,0.16945454545454544,0.9500328731097962,0.9209422394320749,0.5218241042345277,1.0,0.8706034204582124,0.0,0.0,0.0,0.0,0.1262850895654072,0.0380103256620118,0.8619469026548673,1.0,-0.0219716762958417,1111039233.3333333,False,,False,False,True,universe_top1200,Use as candidate universe sensitivity reference.
442,9064,9064.T,"YAMATO HOLDINGS CO.,LTD.",Land Transportation,0.902379213906054,0.5875687924894788,0.6298181818181818,0.020052596975673898,0.21022910616327847,0.2996742671009772,1.0,0.9228783478541465,0.0,0.0,0.0,0.0,1.0213173398873236,0.0898371384771712,0.0552466834712015,0.5,0.0041780098894383,2306412297.5,False,,False,False,True,universe_top1200,Use as candidate universe sensitivity reference.
443,5988,5988.T,"PIOLAX,INC.",Metal Products,0.9021671539058542,0.8442861767562317,0.9243636363636364,0.16699539776462854,0.44062600838980315,0.2504885993485342,1.0,0.6579541787673443,0.0,0.0,0.0,0.0,1.7125270204963572,0.1768484882520835,0.1353163164681787,0.6666666666666666,0.0119358251057827,186768245.0,False,,False,False,True,universe_top1200,Use as candidate universe sensitivity reference.
444,2060,2060.T,"FEED ONE CO.,LTD.",Foods,0.9020256950809359,0.6846876011654257,0.8196363636363636,0.4993425378040763,0.9209422394320749,0.5400651465798045,1.0,0.5840593739916102,0.0,0.0,0.0,0.0,1.223206887994532,0.1212885865776644,0.2566923299938795,1.0,-0.0241526585948826,120609050.0,False,,False,False,True,universe_top1200,Use as candidate universe sensitivity reference.
445,5232,5232.T,"Sumitomo Osaka Cement Co.,Ltd.",Glass and Ceramics Products,0.9020173532006869,0.6222078342505665,0.27636363636363637,0.17192636423405655,0.21022910616327847,0.7003257328990228,1.0,0.8702807357212003,0.0,0.0,0.0,0.0,1.08468185147102,0.051573636725938,0.1378221800217424,0.5,-0.0434108398337445,1110920506.6666667,False,,False,False,True,universe_top1200,Use as candidate universe sensitivity reference.
446,5981,5981.T,"TOKYO ROPE MFG.CO.,LTD",Metal Products,0.9018717646135023,0.7167368080284882,0.7996363636363636,0.22452333990795528,0.44062600838980315,0.2644951140065147,1.0,0.7228138109067441,0.0,0.0,0.0,0.0,1.3126921087463392,0.1161867596319848,0.1585459373461983,0.6666666666666666,0.0095951227679215,281269581.6666667,False,,False,False,True,universe_top1200,Use as candidate universe sensitivity reference.
447,6445,6445.T,JANOME Corporation,Machinery,0.9018432876700636,0.8242149562965361,0.5970909090909091,0.591387245233399,0.9209422394320749,0.4618892508143323,1.0,0.5075830913197805,0.0,0.0,0.0,0.0,1.6241163187268393,0.0846839048870605,0.3030486207660843,1.0,-0.0154703832752613,73976070.0,False,,False,False,True,universe_top1200,Use as candidate universe sensitivity reference.
448,6088,6088.T,SIGMAXYZ Holdings Inc.,Services,0.9016875401672465,0.10747814826804791,0.6672727272727272,0.8658777120315582,0.9209422394320749,0.760586319218241,1.0,0.7541142303969022,0.0,0.0,0.0,0.0,0.3062789542254113,0.0943097668212431,0.5942888419585195,1.0,-0.0523408924412119,364978625.0,False,,False,False,True,universe_top1200,Use as candidate universe sensitivity reference.
449,8051,8051.T,YAMAZEN CORPORATION,Wholesale Trade,0.9016467034996473,0.49595338297183555,0.3149090909090909,0.5055884286653517,0.707647628267183,0.33843648208469057,1.0,0.7912229751532752,0.0,0.0,0.0,0.0,0.8729957484309002,0.0552117796077197,0.2607138985990299,0.8333333333333334,-0.0009113016594128,472701818.3333333,False,,False,False,True,universe_top1200,Use as candidate universe sensitivity reference.
450,7735,7735.T,"SCREEN Holdings Co.,Ltd.",Electric Appliances,0.9014828534044779,0.05147296859825186,0.248,0.6637080867850098,0.707647628267183,0.12899022801302928,1.0,0.9929009357857373,0.0,0.0,0.0,0.0,0.2045848523024931,0.0483735551926901,0.3505177368249348,0.8333333333333334,0.0418931900199911,24576668841.666668,False,,False,False,True,universe_top1200,Use as candidate universe sensitivity reference.
451,3176,3176.T,"Sanyo Trading Co.,Ltd.",Wholesale Trade,0.9014784458084227,0.6604078989964389,0.7323636363636363,0.5430637738330046,0.21022910616327847,0.6091205211726385,1.0,0.6072926750564698,0.0,0.0,0.0,0.0,1.1567212069912365,0.1040261020109135,0.2768733323653518,0.5,-0.0324858670814648,137642525.0,False,,False,False,True,universe_top1200,Use as candidate universe sensitivity reference.
452,3231,3231.T,"Nomura Real Estate Holdings,Inc.",Real Estate,0.901473733487627,0.5312398834574296,0.6527272727272727,0.07462195923734385,0.02032913843175218,0.05570032573289907,1.0,0.9422394320748628,0.0,0.0,0.0,0.0,0.9248518860868548,0.0922477722264825,0.0992347488562549,0.1666666666666666,0.0845455419930032,3195873363.69517,False,,False,False,True,universe_top1200,Use as candidate universe sensitivity reference.
453,8150,8150.T,"SANSHIN ELECTRONICS CO.,LTD.",Wholesale Trade,0.9013931260115704,0.6642926513434768,0.7145454545454546,0.3431952662721893,0.707647628267183,0.37491856677524427,1.0,0.696676347208777,0.0,0.0,0.0,0.0,1.1664059746293158,0.1013065483624189,0.196861354685957,0.8333333333333334,-0.0056219427617486,241860426.66666663,False,,False,False,True,universe_top1200,Use as candidate universe sensitivity reference.
454,9743,9743.T,"TANSEISHA CO.,LTD.",Services,0.9013680169878168,0.28682421495629656,0.6389090909090909,0.7011834319526628,0.707647628267183,0.13289902280130295,1.0,0.7760567925137141,0.0,0.0,0.0,0.0,0.5710895853091209,0.0908679114498224,0.3841543292956483,0.8333333333333334,0.040779250516886,413237021.6666667,False,,False,False,True,universe_top1200,Use as candidate universe sensitivity reference.
455,3320,3320.T,CROSS PLUS INC.,Wholesale Trade,0.9011119301046127,0.8873421819359016,0.9312727272727273,0.8458251150558843,0.44062600838980315,0.17263843648208466,1.0,0.3294611164891901,0.0,0.0,0.0,0.0,2.0122412548515847,0.1829967783887314,0.5565065031336344,0.6666666666666666,0.028742849169806,22646958.333333332,False,,False,False,True,universe_top1200,Use as candidate universe sensitivity reference.
456,3105,3105.T,Nisshinbo Holdings Inc.,Electric Appliances,0.9010413554773877,0.47264486888960827,0.22545454545454546,0.2235371466140697,0.9209422394320749,0.7,1.0,0.9135204904808003,0.0,0.0,0.0,0.0,0.8368486162759706,0.0454517404375529,0.1581814316126028,1.0,-0.0433213872224685,2026098104.1666667,False,,False,False,True,universe_top1200,Use as candidate universe sensitivity reference.
457,6845,6845.T,Azbil Corporation,Electric Appliances,0.9009868991575813,0.08837811589511169,0.23854545454545453,0.7393162393162394,0.9209422394320749,0.38859934853420197,1.0,0.91513391416586,0.0,0.0,0.0,0.0,0.2718440548736409,0.047042086039223,0.418517037375584,1.0,-0.0074173027989821,2082970090.0,False,,False,False,True,universe_top1200,Use as candidate universe sensitivity reference.
458,6750,6750.T,"ELECOM CO.,LTD.",Electric Appliances,0.9009437966649138,0.33667853674328263,0.4850909090909091,0.7235371466140696,0.44062600838980315,0.8439739413680782,1.0,0.7263633430138754,0.0,0.0,0.0,0.0,0.636660544761159,0.0716023686242777,0.4025535994422172,0.6666666666666666,-0.0693987281782618,288509791.6666667,False,,False,False,True,universe_top1200,Use as candidate universe sensitivity reference.
459,4886,4886.T,"ASKA Pharmaceutical Holdings Co.,Ltd.",Pharmaceutical,0.9008792628582301,0.5140822272580123,0.4192727272727273,0.6104536489151874,0.21022910616327847,0.17915309446254069,1.0,0.7370119393352694,0.0,0.0,0.0,0.0,0.897821609380105,0.0661866902153033,0.311685598901864,0.5,0.0273527151438474,319288665.0,False,,False,False,True,universe_top1200,Use as candidate universe sensitivity reference.
460,7991,7991.T,"MAMIYA-OP CO.,LTD",Machinery,0.9008301710734565,0.9119456134671414,0.9890909090909091,0.5046022353714661,0.9209422394320749,0.7371335504885994,1.0,0.4069054533720555,0.0,0.0,0.0,0.0,2.2785564569033103,0.4305673425922207,0.2596348132457415,1.0,-0.0488472781752161,39724676.666666664,False,,False,False,True,universe_top1200,Use as candidate universe sensitivity reference.
461,7537,7537.T,MARUBUN CORPORATION,Wholesale Trade,0.9007742915113433,0.7015215280025898,0.6850909090909091,0.2915844838921762,0.9209422394320749,0.893485342019544,1.0,0.6621490803484995,0.0,0.0,0.0,0.0,1.260569271908032,0.0966799686218494,0.1796284026282369,1.0,-0.0876053777930991,192274855.0,False,,False,False,True,universe_top1200,Use as candidate universe sensitivity reference.
462,9278,9278.T,BOOKOFF GROUP HOLDINGS LIMITED,Retail Trade,0.9007394369083684,0.29556490773713173,0.4349090909090909,0.9855358316896778,0.707647628267183,0.462214983713355,1.0,0.6560180703452727,0.0,0.0,0.0,0.0,0.5815178661170002,0.0676233740531456,1.1807424189613105,0.8333333333333334,-0.015510802165794,185465665.0,False,,False,False,True,universe_top1200,Use as candidate universe sensitivity reference.
463,9627,9627.T,AIN HOLDINGS INC.,Retail Trade,0.9007216802706238,0.414049854321787,0.24509090909090908,0.46055226824457596,0.21022910616327847,0.7407166123778501,1.0,0.8541464988706035,0.0,0.0,0.0,0.0,0.7404721608037065,0.0481147006725612,0.2386373472770349,0.5,-0.0494468494468494,860015508.3333334,False,,False,False,True,universe_top1200,Use as candidate universe sensitivity reference.
464,3186,3186.T,"NEXTAGE Co.,Ltd.",Retail Trade,0.900672921957867,0.08514082227258012,0.2061818181818182,0.8076923076923077,0.707647628267183,0.22899022801302926,1.0,0.9067441110035496,0.0,0.0,0.0,0.0,0.2653212128375806,0.0428559007686286,0.4946048320596886,0.8333333333333334,0.0161409931788269,1822075236.6666667,False,,False,False,True,universe_top1200,Use as candidate universe sensitivity reference.
465,8801,8801.T,"Mitsui Fudosan Co.,Ltd.",Real Estate,0.9006704317488256,0.4567821301392036,0.38036363636363635,0.028599605522682446,0.707647628267183,0.639413680781759,1.0,0.9906421426266537,0.0,0.0,0.0,0.0,0.8115667665501864,0.0617346684359757,0.0644153423741685,0.8333333333333334,-0.036223687339281,17728089403.333332,False,,False,False,True,universe_top1200,Use as candidate universe sensitivity reference.
466,9828,9828.T,Genki Global Dining Concepts Corporation,Retail Trade,0.9005972283495307,0.13596633214632567,0.7192727272727273,0.9838921761998685,0.9209422394320749,0.7723127035830619,1.0,0.670216198773798,0.0,0.0,0.0,0.0,0.3508070123588683,0.1019931290328245,1.1553398058252426,1.0,-0.0540622546836421,204865356.66666663,False,,False,False,True,universe_top1200,Use as candidate universe sensitivity reference.
467,3289,3289.T,Tokyu Fudosan Holdings Corporation,Real Estate,0.9005080613852323,0.5166720621560376,0.5894545454545455,0.03780407626561473,0.44062600838980315,0.2625407166123779,1.0,0.9474023878670539,0.0,0.0,0.0,0.0,0.9007807007207332,0.0837154720698277,0.0752522755103793,0.6666666666666666,0.0098450421647647,3907770766.6666665,False,,False,False,True,universe_top1200,Use as candidate universe sensitivity reference.
468,6920,6920.T,Lasertec Corporation,Electric Appliances,0.9004562602075622,0.00356102298478472,0.08218181818181818,0.7705456936226167,0.44062600838980315,0.19478827361563522,1.0,0.9993546305259762,0.0,0.0,0.0,0.0,0.0610169935927361,0.0246079587499395,0.4498044605447192,0.6666666666666666,0.0225599070710231,170069025650.0,False,,False,False,True,universe_top1200,Use as candidate universe sensitivity reference.
469,6638,6638.T,"MIMAKI ENGINEERING CO.,LTD.",Electric Appliances,0.9004046420668332,0.3227581741663969,0.8029090909090909,0.819197896120973,0.9209422394320749,0.5241042345276873,1.0,0.6392384640206519,0.0,0.0,0.0,0.0,0.6152175370525467,0.1173057121482062,0.5136167773456725,1.0,-0.0222313951981114,162855460.0,False,,False,False,True,universe_top1200,Use as candidate universe sensitivity reference.
470,9416,9416.T,VISION INC.,Information & Communication,0.9002952371883589,0.17481385561670443,0.6116363636363636,0.9119000657462196,0.21022910616327847,0.15993485342019542,1.0,0.7570183930300097,0.0,0.0,0.0,0.0,0.4100867441851492,0.087106552766709,0.7185046506823775,0.5,0.0319835821181191,372228028.3333333,False,,False,False,True,universe_top1200,Use as candidate universe sensitivity reference.
471,2910,2910.T,"ROCK FIELD CO.,LTD.",Foods,0.9002750588620398,0.5147296859825187,0.02327272727272727,0.9395134779750164,0.707647628267183,0.7309446254071661,1.0,0.606324620845434,0.0,0.0,0.0,0.0,0.8986726060585403,0.0102277323714286,0.8323326158377705,0.8333333333333334,-0.0475683549977588,136960926.66666666,False,,False,False,True,universe_top1200,Use as candidate universe sensitivity reference.
472,7747,7747.T,"ASAHI INTECC CO.,LTD.",Precision Instruments,0.9002513492969192,0.02848818387827776,0.06872727272727273,0.7419460880999342,0.707647628267183,0.9182410423452769,1.0,0.946434333656018,0.0,0.0,0.0,0.0,0.1516914680088793,0.0217102989019672,0.4204993089597126,0.8333333333333334,-0.0981338406085223,3720063671.6666665,False,,False,False,True,universe_top1200,Use as candidate universe sensitivity reference.
473,4216,4216.T,ASAHI YUKIZAI CORPORATION,Chemicals,0.9002494913320471,0.318873421819359,0.37418181818181817,0.60913872452334,0.44062600838980315,0.6234527687296416,1.0,0.8167150693772185,0.0,0.0,0.0,0.0,0.6114706780034882,0.0610283083218579,0.3114529365049351,0.6666666666666666,-0.0340248041208247,588775183.3333334,False,,False,False,True,universe_top1200,Use as candidate universe sensitivity reference.
474,6674,6674.T,GS Yuasa Corporation,Electric Appliances,0.9001998453835612,0.31563612819682746,0.2887272727272727,0.3547008547008547,0.21022910616327847,0.39315960912052117,1.0,0.9677315262988061,0.0,0.0,0.0,0.0,0.6081164812614117,0.0527259185465548,0.2010571714393618,0.5,-0.0079917002431129,6837601991.666667,False,,False,False,True,universe_top1200,Use as candidate universe sensitivity reference.
475,6146,6146.T,DISCO CORPORATION,Machinery,0.9001918153548314,0.004855940433797346,0.05163636363636363,0.7478632478632479,0.707647628267183,0.28631921824104234,1.0,0.9990319457889641,0.0,0.0,0.0,0.0,0.0712457889406376,0.0179414804919182,0.4243625083513355,0.8333333333333334,0.0061331493333443,151512555166.66666,False,,False,False,True,universe_top1200,Use as candidate universe sensitivity reference.
476,3635,3635.T,"KOEI TECMO HOLDINGS CO.,LTD.",Information & Communication,0.9001467541303221,0.16510197474910973,0.5421818181818182,0.48750821827744906,0.707647628267183,0.23908794788273613,1.0,0.9432074862858987,0.0,0.0,0.0,0.0,0.3957213505431563,0.0786090400654515,0.2496806908515546,0.8333333333333334,0.0143054671553672,3286465785.0,False,,False,False,True,universe_top1200,Use as candidate universe sensitivity reference.
477,5901,5901.T,"Toyo Seikan Group Holdings,Ltd.",Metal Products,0.9000962502678443,0.6370993849142117,0.1770909090909091,0.08053911900065747,0.44062600838980315,0.798371335504886,1.0,0.8970635688931914,0.0,0.0,0.0,0.0,1.1059385282592145,0.0390234807537652,0.1019785871514586,0.6666666666666666,-0.058395833823149,1576106886.6666667,False,,False,False,True,universe_top1200,Use as candidate universe sensitivity reference.
478,8097,8097.T,"SAN-AI OBBLI CO.,LTD.",Wholesale Trade,0.8999631279749045,0.5325348009064422,0.48363636363636364,0.5578566732412886,0.44062600838980315,0.13908794788273615,1.0,0.7299128751210068,0.0,0.0,0.0,0.0,0.9264000553794624,0.071535253353581,0.2844382212350924,0.6666666666666666,0.0391339786759748,294202571.6666667,False,,False,False,True,universe_top1200,Use as candidate universe sensitivity reference.
479,3569,3569.T,"SEIREN CO.,LTD.",Textiles and Apparels,0.8999079828595578,0.4095176432502428,0.4803636363636364,0.41321499013806706,0.9209422394320749,0.6231270358306189,1.0,0.818973862536302,0.0,0.0,0.0,0.0,0.7347415145250319,0.0713079503261529,0.2209935599805243,1.0,-0.0340021878499331,605581675.0,False,,False,False,True,universe_top1200,Use as candidate universe sensitivity reference.
480,6890,6890.T,Ferrotec Corporation,Electric Appliances,0.8998914547465459,0.48203302039494983,0.2676363636363636,0.1291913214990138,0.44062600838980315,0.43257328990228017,1.0,0.968054211035818,0.0,0.0,0.0,0.0,0.8507123049969936,0.0507457834406596,0.1221476107780143,0.6666666666666666,-0.0121841963805769,6870683066.666667,False,,False,False,True,universe_top1200,Use as candidate universe sensitivity reference.
481,7980,7980.T,"SHIGEMATSU WORKS CO.,LTD.",Other Products,0.8998810165408458,0.772094528973778,0.856,0.47698882314266927,0.21022910616327847,0.15830618892508141,1.0,0.5727654081961924,0.0,0.0,0.0,0.0,1.459926145045812,0.1330481744633669,0.2455577186806006,0.5,0.0323585401225541,112767791.66666669,False,,False,False,True,universe_top1200,Use as candidate universe sensitivity reference.
482,9616,9616.T,"KYORITSU MAINTENANCE CO.,LTD.",Services,0.8998764380858609,0.2644868889608287,0.5389090909090909,0.31130834976988825,0.9209422394320749,0.7576547231270359,1.0,0.9267505646982898,0.0,0.0,0.0,0.0,0.5326130755766711,0.0780586916923056,0.185481142402229,1.0,-0.0520168905520876,2468048378.3333335,False,,False,False,True,universe_top1200,Use as candidate universe sensitivity reference.
483,4694,4694.T,"BML,INC.",Services,0.8998059920980135,0.5568145030754289,0.23672727272727273,0.502629848783695,0.44062600838980315,0.7680781758957654,1.0,0.7437883188125202,0.0,0.0,0.0,0.0,0.963333883181335,0.0468733385583478,0.2583616420760871,0.6666666666666666,-0.0533718988344266,333172666.6666667,False,,False,False,True,universe_top1200,Use as candidate universe sensitivity reference.
484,2301,2301.T,"GAKUJO CO.,Ltd.",Services,0.8997919224795973,0.3904176108773066,0.6356363636363637,0.7412886259040106,0.707647628267183,0.3338762214983714,1.0,0.6802194256211681,0.0,0.0,0.0,0.0,0.7115196540052264,0.0904338499049888,0.4199498335345074,0.8333333333333334,-0.0003795425333604,219050666.66666663,False,,False,False,True,universe_top1200,Use as candidate universe sensitivity reference.
485,7305,7305.T,"ARAYA INDUSTRIAL CO.,LTD.",Iron and Steel,0.8997466490362862,0.9397863386209129,0.9323636363636364,0.19789612097304404,0.707647628267183,0.4130293159609121,1.0,0.558889964504679,0.0,0.0,0.0,0.0,2.6646368928038484,0.1837855200622833,0.1482328082981175,0.8333333333333334,-0.0100683011782633,103662683.33333331,False,,False,False,True,universe_top1200,Use as candidate universe sensitivity reference.
486,5959,5959.T,"OKABE CO.,LTD.",Metal Products,0.8997381287846236,0.7876335383619294,0.552,0.4970414201183432,0.707647628267183,0.2599348534201954,1.0,0.5859954824136818,0.0,0.0,0.0,0.0,1.4977493706874054,0.0795012508008725,0.2553686934023286,0.8333333333333334,0.0100684210832272,121744743.33333331,False,,False,False,True,universe_top1200,Use as candidate universe sensitivity reference.
487,3003,3003.T,"Hulic Co.,Ltd.",Real Estate,0.8995215014698106,0.42246681774036904,0.6494545454545455,0.041748849441157136,0.44062600838980315,0.7270358306188924,1.0,0.9538560826072927,0.0,0.0,0.0,0.0,0.7491643313819529,0.0919412998566997,0.0789494099943298,0.6666666666666666,-0.0469802988648517,4461544794.166667,False,,False,False,True,universe_top1200,Use as candidate universe sensitivity reference.
488,7050,7050.T,FRONTIER INTERNATIONAL INC.,Services,0.8994577255419671,0.7986403366785367,0.889090909090909,0.5266272189349113,0.44062600838980315,0.8091205211726384,1.0,0.4804775734107777,0.0,0.0,0.0,0.0,1.5336327718949478,0.1488084940361556,0.2688831486142287,0.6666666666666666,-0.0610555552874105,62174396.666666664,False,,False,False,True,universe_top1200,Use as candidate universe sensitivity reference.
489,4919,4919.T,"Milbon Co.,Ltd.",Chemicals,0.899433484447325,0.30430560051796696,0.19236363636363638,0.856344510190664,0.707647628267183,0.6169381107491856,1.0,0.7344304614391739,0.0,0.0,0.0,0.0,0.5925790350193465,0.0415264059438599,0.5739683996879611,0.8333333333333334,-0.0333510749958188,310390416.6666667,False,,False,False,True,universe_top1200,Use as candidate universe sensitivity reference.
490,6136,6136.T,OSG Corporation,Machinery,0.8993971763449984,0.37131757850437036,0.28363636363636363,0.38330046022353714,0.707647628267183,0.6527687296416937,1.0,0.8896418199419167,0.0,0.0,0.0,0.0,0.6850432588906018,0.052264245289012,0.2117101758810133,0.8333333333333334,-0.0379673910552898,1433408844.1666667,False,,False,False,True,universe_top1200,Use as candidate universe sensitivity reference.
491,3964,3964.T,AUCNET INC.,Information & Communication,0.8993177827741081,0.17092910326966657,0.7476363636363637,0.8336620644312952,0.44062600838980315,0.9465798045602606,1.0,0.7095837366892546,0.0,0.0,0.0,0.0,0.4049493924316907,0.1064548881640905,0.5315855979132031,0.6666666666666666,-0.1212024495433869,261313381.66666663,False,,False,False,True,universe_top1200,Use as candidate universe sensitivity reference.
492,3182,3182.T,Oisix ra daichi Inc.,Retail Trade,0.8992343140811975,0.4370346390417611,0.4832727272727273,0.8474687705456936,0.44062600838980315,0.32442996742671015,1.0,0.6389157792836399,0.0,0.0,0.0,0.0,0.7760225095997327,0.0714961858313831,0.5589162034422283,0.6666666666666666,0.0010205108303508,162832058.33333334,False,,False,False,True,universe_top1200,Use as candidate universe sensitivity reference.
493,7611,7611.T,HIDAY HIDAKA Corp.,Retail Trade,0.8992290886384611,0.10100356102298479,0.2672727272727273,0.9904667981591059,0.9209422394320749,0.6560260586319218,1.0,0.7654081961923201,0.0,0.0,0.0,0.0,0.2956231213835779,0.050723835480442,1.259324095963544,1.0,-0.0383366692830864,388446186.6666667,False,,False,False,True,universe_top1200,Use as candidate universe sensitivity reference.
494,4246,4246.T,DaikyoNishikawa Corporation,Chemicals,0.8992117706964154,0.6665587568792489,0.6145454545454545,0.1282051282051282,0.707647628267183,0.7791530944625407,1.0,0.7721845756695709,0.0,0.0,0.0,0.0,1.1739667234956408,0.0877972423145913,0.1218462912439485,0.8333333333333334,-0.055036080485342,404458355.0,False,,False,False,True,universe_top1200,Use as candidate universe sensitivity reference.
495,5290,5290.T,Vertex Corporation,Glass and Ceramics Products,0.8991233506674906,0.5516348332793785,0.8381818181818181,0.49671268902038135,0.9209422394320749,0.5905537459283388,1.0,0.638270409809616,0.0,0.0,0.0,0.0,0.9552521026052214,0.1261873883384868,0.2552037697709357,1.0,-0.0298451302107344,162595723.33333334,False,,False,False,True,universe_top1200,Use as candidate universe sensitivity reference.
496,4716,4716.T,ORACLE CORPORATION JAPAN,Information & Communication,0.8990591121910182,0.024279702168986728,0.27854545454545454,0.700525969756739,0.707647628267183,0.48697068403908794,1.0,0.9515972894482091,0.0,0.0,0.0,0.0,0.1398630302647963,0.0518886279582221,0.3836468048659462,0.8333333333333334,-0.0178932073437085,4243755291.6666665,False,,False,False,True,universe_top1200,Use as candidate universe sensitivity reference.
497,4825,4825.T,WEATHERNEWS INC.,Information & Communication,0.8990429505072234,0.22337325995467788,0.44363636363636366,0.7442472057856673,0.44062600838980315,0.7690553745928339,1.0,0.7825104872539529,0.0,0.0,0.0,0.0,0.4717719123174236,0.068314268494976,0.4221649156539654,0.6666666666666666,-0.0535769123404044,448546900.0,False,,False,False,True,universe_top1200,Use as candidate universe sensitivity reference.
498,8850,8850.T,STARTS CORPORATION INC.,Real Estate,0.8990100761408916,0.46260925865976044,0.7934545454545454,0.4444444444444444,0.707647628267183,0.35374592833876217,1.0,0.739593417231365,0.0,0.0,0.0,0.0,0.8215314514815072,0.1148094801079049,0.2325182003734485,0.8333333333333334,-0.0030588850576809,322550091.6666667,False,,False,False,True,universe_top1200,Use as candidate universe sensitivity reference.
499,7059,7059.T,"COPRO-HOLDINGS.Co.,Ltd.",Services,0.8989826273505335,0.3026869537067012,0.8450909090909091,0.8859303090072321,0.707647628267183,0.611400651465798,1.0,0.6069699903194579,0.0,0.0,0.0,0.0,0.5920458082773944,0.1283330667348651,0.636320762989548,0.8333333333333334,-0.0327019256257051,137325271.66666666,False,,False,False,True,universe_top1200,Use as candidate universe sensitivity reference.
500,8125,8125.T,"Wakita & Co.,LTD.",Wholesale Trade,0.8988009806100717,0.7005503399158304,0.208,0.31229454306377386,0.707647628267183,0.8087947882736156,1.0,0.7376573088092934,0.0,0.0,0.0,0.0,1.2562897184916684,0.0432015112305155,0.1864339844893679,0.8333333333333334,-0.0610066715377314,320485041.6666667,False,,False,False,True,universe_top1200,Use as candidate universe sensitivity reference.
501,3549,3549.T,"KUSURI NO AOKI HOLDINGS CO.,LTD.",Retail Trade,0.8987945131863757,0.17707996115247654,0.3549090909090909,0.6952662721893491,0.707647628267183,0.35960912052117266,1.0,0.8618909325588899,0.0,0.0,0.0,0.0,0.4132092400729297,0.0593595474577012,0.377218666303509,0.8333333333333334,-0.0037443761939391,967681208.3333334,False,,False,False,True,universe_top1200,Use as candidate universe sensitivity reference.
502,6332,6332.T,"TSUKISHIMA HOLDINGS CO.,LTD.",Machinery,0.8987806002899966,0.5746196179993526,0.5185454545454545,0.20414201183431951,0.9209422394320749,0.7446254071661238,1.0,0.7999354630525977,0.0,0.0,0.0,0.0,1.0009317918034504,0.0758019096618066,0.1500717822812201,1.0,-0.049852346712903,512639051.6666667,False,,False,False,True,universe_top1200,Use as candidate universe sensitivity reference.
503,8804,8804.T,"Tokyo Tatemono Co.,Ltd.",Real Estate,0.8987456843717965,0.5173195208805439,0.6269090909090909,0.02695595003287311,0.21022910616327847,0.2462540716612378,1.0,0.9441755404969345,0.0,0.0,0.0,0.0,0.9019199698005156,0.089293721255201,0.0626262804040972,0.5,0.0126813699572755,3410740106.6666665,False,,False,False,True,universe_top1200,Use as candidate universe sensitivity reference.
504,5121,5121.T,FUJIKURA COMPOSITES Inc.,Rubber Products,0.8987348992162421,0.3849142117190029,0.5538181818181818,0.5253122945430638,0.707647628267183,0.8312703583061889,1.0,0.7573410777670216,0.0,0.0,0.0,0.0,0.7057482483818874,0.0796894670363813,0.2687178846421552,0.8333333333333334,-0.0652519512864405,372661843.3333333,False,,False,False,True,universe_top1200,Use as candidate universe sensitivity reference.
505,7475,7475.T,"ALBIS Co.,Ltd.",Retail Trade,0.8987313213678966,0.8122369698931693,0.5483636363636364,0.8589743589743589,0.21022910616327847,0.5762214983713355,1.0,0.40141981284285255,0.0,0.0,0.0,0.0,1.5794697559023405,0.0792618013759543,0.5791453961051238,0.5,-0.0280492324497239,38099146.666666664,False,,False,False,True,universe_top1200,Use as candidate universe sensitivity reference.
506,7466,7466.T,SPK CORPORATION,Wholesale Trade,0.8986484318180935,0.9015862738750404,0.9454545454545454,0.5710059171597633,0.07454017424975799,0.16156351791530943,1.0,0.4404646660212972,0.0,0.0,0.0,0.0,2.180534586162892,0.2018082263833877,0.2913969108257833,0.3333333333333333,0.031694674846445,48065623.333333336,False,,False,False,True,universe_top1200,Use as candidate universe sensitivity reference.
507,9755,9755.T,OYO Corporation,Services,0.8986423498637691,0.6863062479766915,0.43236363636363634,0.40401051939513477,0.44062600838980315,0.6143322475570032,1.0,0.6850596966763473,0.0,0.0,0.0,0.0,1.2263210179611328,0.0673966921996024,0.2179237893378795,0.6666666666666666,-0.0329414168431219,226440950.0,False,,False,False,True,universe_top1200,Use as candidate universe sensitivity reference.
508,4078,4078.T,"Sakai Chemical Industry Co.,Ltd.",Chemicals,0.8986109733212543,0.49206863062479766,0.44181818181818183,0.2465483234714004,0.9209422394320749,0.7026058631921824,1.0,0.8422071636011617,0.0,0.0,0.0,0.0,0.8679117208293171,0.0681660441308391,0.1644677624696924,1.0,-0.0437280223111434,744857341.6666666,False,,False,False,True,universe_top1200,Use as candidate universe sensitivity reference.
509,6807,6807.T,"Japan Aviation Electronics Industry,Limited",Electric Appliances,0.8986003159643333,0.4457753318225963,0.44872727272727275,0.33760683760683763,0.9209422394320749,0.932899022801303,1.0,0.8118747983220393,0.0,0.0,0.0,0.0,0.791537691718762,0.068629614366951,0.195238669909582,1.0,-0.109633521305201,559728078.3333334,False,,False,False,True,universe_top1200,Use as candidate universe sensitivity reference.
510,3489,3489.T,"FaithNetwork Co.,Ltd",Real Estate,0.8985754684356133,0.7610877306571706,0.9872727272727273,0.46844181459566075,0.9209422394320749,0.7899022801302932,1.0,0.4927395934172314,0.0,0.0,0.0,0.0,1.428541781843485,0.4036005965489497,0.2422617402786091,1.0,-0.056658905335617,66867393.333333336,False,,False,False,True,universe_top1200,Use as candidate universe sensitivity reference.
511,4839,4839.T,WOWOW INC.,Information & Communication,0.898529919304762,0.923276141146002,0.072,0.4746877054569362,0.21022910616327847,0.6615635179153094,1.0,0.5869635366247177,0.0,0.0,0.0,0.0,2.4071584250898694,0.0225381414701803,0.2446637731137404,0.5,-0.0388639604126478,122055703.33333331,False,,False,False,True,universe_top1200,Use as candidate universe sensitivity reference.
512,3232,3232.T,"Mie Kotsu Group Holdings,Inc.",Real Estate,0.898509763709678,0.6940757526707673,0.8130909090909091,0.5854700854700855,0.9209422394320749,0.45798045602605864,1.0,0.5285575992255567,0.0,0.0,0.0,0.0,1.2430604022691103,0.1196137093485548,0.2993772779836772,1.0,-0.0150237493314861,82209891.66666667,False,,False,False,True,universe_top1200,Use as candidate universe sensitivity reference.
513,8098,8098.T,"Inabata & Co.,Ltd.",Wholesale Trade,0.8984125802790973,0.6037552606021366,0.7141818181818181,0.289612097304405,0.44062600838980315,0.3133550488599348,1.0,0.7508873830267828,0.0,0.0,0.0,0.0,1.0471423723542117,0.1012786450968989,0.1785701356647027,0.6666666666666666,0.0023973532483906,358874666.6666667,False,,False,False,True,universe_top1200,Use as candidate universe sensitivity reference.
514,7971,7971.T,TOLI Corporation,Chemicals,0.8983949183602903,0.7439300744577533,0.7170909090909091,0.4809335963182117,0.21022910616327847,0.26840390879478826,1.0,0.5963213939980639,0.0,0.0,0.0,0.0,1.381972754362498,0.1018403966616843,0.246544167906397,0.5,0.0089964006189129,128915508.33333331,False,,False,False,True,universe_top1200,Use as candidate universe sensitivity reference.
515,4934,4934.T,"Premier Anti-Aging Co.,Ltd.",Chemicals,0.8983358071697929,0.6882486241502104,0.614909090909091,0.9878369493754109,0.707647628267183,0.9114006514657981,1.0,0.3639883833494676,0.0,0.0,0.0,0.0,1.2325037354419284,0.0878228834180254,1.221499013806706,0.8333333333333334,-0.0946930280957336,28685771.666666668,False,,False,False,True,universe_top1200,Use as candidate universe sensitivity reference.
516,5204,5204.T,"ISHIZUKA GLASS CO.,LTD.",Glass and Ceramics Products,0.8981961653522191,0.9553253480090644,0.976,0.19592373438527286,0.44062600838980315,0.6628664495114007,1.0,0.5279122297515327,0.0,0.0,0.0,0.0,2.9134682228748225,0.2819299177518685,0.1476343646992043,0.6666666666666666,-0.0389545633972534,81722878.33333333,False,,False,False,True,universe_top1200,Use as candidate universe sensitivity reference.
517,6908,6908.T,"IRISO ELECTRONICS CO.,LTD.",Electric Appliances,0.8981414586638211,0.5937196503722888,0.3312727272727273,0.2856673241288626,0.707647628267183,0.8657980456026059,1.0,0.7808970635688932,0.0,0.0,0.0,0.0,1.028972704264997,0.056813468459825,0.1775358733300346,0.8333333333333334,-0.0767215533466372,441843825.0,False,,False,False,True,universe_top1200,Use as candidate universe sensitivity reference.
518,2418,2418.T,TSUKADA GLOBAL HOLDINGS Inc.,Services,0.8981340338046683,0.7759792813208158,0.924,0.40302432610124916,0.21022910616327847,0.7074918566775245,1.0,0.5485640529202969,0.0,0.0,0.0,0.0,1.4718778832574686,0.1763649413794634,0.2178638199489075,0.5,-0.044248736345985,96762128.33333331,False,,False,False,True,universe_top1200,Use as candidate universe sensitivity reference.
519,4704,4704.T,Trend Micro Incorporated,Information & Communication,0.8980089636055969,0.03204920686306248,0.22,0.6623931623931624,0.21022910616327847,0.7345276872964169,1.0,0.9683768957728299,0.0,0.0,0.0,0.0,0.1590539910291837,0.0447033828942356,0.3497855314913595,0.5,-0.0481092991744553,6947150856.666667,False,,False,False,True,universe_top1200,Use as candidate universe sensitivity reference.
520,6083,6083.T,"ERI HOLDINGS CO.,LTD.",Services,0.8978908526277097,0.35124635804467463,0.8607272727272727,0.794543063773833,0.07454017424975799,0.12833876221498375,1.0,0.6611810261374637,0.0,0.0,0.0,0.0,0.6565678032185039,0.1347465824067913,0.4771455041619095,0.3333333333333333,0.0422139691076244,191660223.93514,False,,False,False,True,universe_top1200,Use as candidate universe sensitivity reference.
521,9726,9726.T,"KNT-CT Holdings Co.,Ltd.",Services,0.897753938160806,0.606668824862415,0.9,0.7021696252465484,0.44062600838980315,0.15570032573289905,1.0,0.5395288802839626,0.0,0.0,0.0,0.0,1.0515917397257462,0.1582173478467964,0.3871824125674667,0.6666666666666666,0.0328998273912267,90266868.33333331,False,,False,False,True,universe_top1200,Use as candidate universe sensitivity reference.
522,5603,5603.T,KOGI CORPORATION,Iron and Steel,0.8977186348036554,0.9899643897701521,0.9556363636363636,0.14365548980933596,0.9209422394320749,0.9387622149837134,1.0,0.5014520813165537,0.0,0.0,0.0,0.0,4.561568016561808,0.2206476550564305,0.1279290502461885,1.0,-0.1140901642909966,71111683.33333333,False,,False,False,True,universe_top1200,Use as candidate universe sensitivity reference.
523,2294,2294.T,"Kakiyasu Honten Co.,Ltd.",Foods,0.8977020033930231,0.43120751052120426,0.11018181818181819,0.9707429322813939,0.707647628267183,0.7501628664495115,1.0,0.6095514682155534,0.0,0.0,0.0,0.0,0.7670982113645936,0.0292681292733279,1.0199520733486145,0.8333333333333334,-0.0508279725069099,139525793.33333334,False,,False,False,True,universe_top1200,Use as candidate universe sensitivity reference.
524,3431,3431.T,"MIYAJI ENGINEERING GROUP,INC.",Metal Products,0.8976178677132278,0.6982842343800583,0.9156363636363636,0.1702827087442472,0.07454017424975799,0.043973941368078195,1.0,0.7399161019683769,0.0,0.0,0.0,0.0,1.2508344618727807,0.1714624107160598,0.1375106514834611,0.3333333333333333,0.0975191842741511,322607561.6666667,False,,False,False,True,universe_top1200,Use as candidate universe sensitivity reference.
525,6768,6768.T,TAMURA CORPORATION,Electric Appliances,0.8976023429731316,0.3952735513111039,0.12509090909090909,0.4720578566732413,0.707647628267183,0.7638436482084691,1.0,0.8480154888673765,0.0,0.0,0.0,0.0,0.7164447371191497,0.0311264212553561,0.2437755331810724,0.8333333333333334,-0.0526775672997729,807111445.0,False,,False,False,True,universe_top1200,Use as candidate universe sensitivity reference.
526,8129,8129.T,"TOHO HOLDINGS CO.,LTD.",Wholesale Trade,0.8975875084832015,0.5697636775655552,0.524,0.25509533201840895,0.44062600838980315,0.08338762214983708,1.0,0.8283317199096483,0.0,0.0,0.0,0.0,0.987027843807058,0.0762890374999822,0.1682998872448309,0.6666666666666666,0.0621975736383127,656754468.3333334,False,,False,False,True,universe_top1200,Use as candidate universe sensitivity reference.
527,7966,7966.T,LINTEC Corporation,Other Products,0.8975335499192899,0.3256717384266753,0.15818181818181817,0.45003287310979617,0.9209422394320749,0.79185667752443,1.0,0.8825427557276541,0.0,0.0,0.0,0.0,0.6191862244102078,0.0364604550123804,0.2345104282009334,1.0,-0.0570290144233978,1259046683.3333333,False,,False,False,True,universe_top1200,Use as candidate universe sensitivity reference.
528,9605,9605.T,"TOEI COMPANY,LTD.",Information & Communication,0.8974870318279562,0.5467788928455811,0.5385454545454545,0.23865877712031558,0.44062600838980315,0.4153094462540716,1.0,0.8247821878025169,0.0,0.0,0.0,0.0,0.9463678185351292,0.0779614370368897,0.1623935863894107,0.6666666666666666,-0.0101869046734739,637863916.6666666,False,,False,False,True,universe_top1200,Use as candidate universe sensitivity reference.
529,3856,3856.T,Abalance Corporation,Electric Appliances,0.8974399147293446,0.9889932016833927,0.9796363636363636,0.04799474030243261,0.07454017424975799,0.05081433224755705,1.0,0.6195546950629235,0.0,0.0,0.0,0.0,4.464025264620378,0.307366546440242,0.0835173728755435,0.3333333333333333,0.0901765351803361,147798545.0,False,,False,False,True,universe_top1200,Use as candidate universe sensitivity reference.
530,5244,5244.T,"jig.jp co.,ltd.",Information & Communication,0.8973274319577789,0.28099708643573973,0.8869090909090909,0.9986850756081526,0.44062600838980315,0.8677524429967427,1.0,0.5450145208131656,0.0,0.0,0.0,0.0,0.5616804512360857,0.1477647329871077,1.936449232902824,0.6666666666666666,-0.0771500993614101,94936770.0,False,,False,False,True,universe_top1200,Use as candidate universe sensitivity reference.
531,4478,4478.T,freee K.K.,Information & Communication,0.8972089719273723,0.051149239235998706,0.025454545454545455,0.8231426692965155,0.707647628267183,0.7332247557003257,1.0,0.9009357857373346,0.0,0.0,0.0,0.0,0.2044380996290991,0.0108915681545412,0.519738738663441,0.8333333333333334,-0.0479759838214045,1685864601.6666667,False,,False,False,True,universe_top1200,Use as candidate universe sensitivity reference.
532,4041,4041.T,"Nippon Soda Co.,Ltd.",Chemicals,0.8971600279681476,0.5513111039171252,0.5294545454545454,0.2182774490466798,0.707647628267183,0.5570032573289903,1.0,0.8144562762181349,0.0,0.0,0.0,0.0,0.955108361487534,0.0768089875930182,0.1559683023426137,0.8333333333333334,-0.0259562487361494,577478683.3333334,False,,False,False,True,universe_top1200,Use as candidate universe sensitivity reference.
533,2492,2492.T,Infomart Corporation,Services,0.8971390208778625,0.025250890255746197,0.09963636363636363,0.915844838921762,0.44062600838980315,0.9579804560260586,1.0,0.8547918683446273,0.0,0.0,0.0,0.0,0.1436572915065938,0.0275665463104628,0.7315544153712208,0.6666666666666666,-0.1309500520306515,878068175.0,False,,False,False,True,universe_top1200,Use as candidate universe sensitivity reference.
534,5930,5930.T,"Bunka Shutter Co.,Ltd.",Metal Products,0.8970157302481715,0.49077371317578505,0.7087272727272728,0.5956607495069034,0.707647628267183,0.2553745928338762,1.0,0.6669893514036787,0.0,0.0,0.0,0.0,0.8651012128714384,0.1003959679917616,0.3048218867998166,0.8333333333333334,0.0106395118741517,198330333.33333337,False,,False,False,True,universe_top1200,Use as candidate universe sensitivity reference.
535,9697,9697.T,"CAPCOM CO.,LTD.",Information & Communication,0.896988434750283,0.03949498219488508,0.16872727272727273,0.6180144641683103,0.21022910616327847,0.8416938110749186,1.0,0.9809616005162956,0.0,0.0,0.0,0.0,0.1762772980540961,0.0377421595056853,0.3155357177090056,0.5,-0.0685950102633024,10101733333.333334,False,,False,False,True,universe_top1200,Use as candidate universe sensitivity reference.
536,7239,7239.T,"TACHI-S CO.,LTD.",Transportation Equipment,0.8967719610442982,0.712204596956944,0.8887272727272727,0.1334648257725181,0.707647628267183,0.2840390879478827,1.0,0.7150693772184575,0.0,0.0,0.0,0.0,1.291142013724067,0.1487275670949656,0.1237433581959238,0.8333333333333334,0.006317565979948,269835560.0,False,,False,False,True,universe_top1200,Use as candidate universe sensitivity reference.
537,3288,3288.T,"Open House Group Co.,Ltd.",Real Estate,0.8967257037003072,0.28973777921657495,0.7778181818181819,0.2682445759368836,0.07454017424975799,0.09543973941368078,1.0,0.9406260083898031,0.0,0.0,0.0,0.0,0.5752222687375114,0.1113467381348033,0.1722144672702073,0.3333333333333333,0.0555088896403276,3096627380.0,False,,False,False,True,universe_top1200,Use as candidate universe sensitivity reference.
538,7743,7743.T,"SEED CO.,LTD.",Precision Instruments,0.8966807615330339,0.6950469407575267,0.5298181818181819,0.5532544378698225,0.21022910616327847,0.6413680781758957,1.0,0.5918038076798967,0.0,0.0,0.0,0.0,1.244849722078975,0.0768715426793903,0.2826081261437449,0.5,-0.036377436074841,125734150.0,False,,False,False,True,universe_top1200,Use as candidate universe sensitivity reference.
539,2264,2264.T,"MORINAGA MILK INDUSTRY CO.,LTD.",Foods,0.8965173323618393,0.3596633214632567,0.03636363636363636,0.5042735042735043,0.21022910616327847,0.15472312703583058,1.0,0.9161019683768957,0.0,0.0,0.0,0.0,0.6662122281492555,0.0134150214253135,0.2595062093719916,0.5,0.0329798485117647,2097093838.3333333,False,,False,False,True,universe_top1200,Use as candidate universe sensitivity reference.
540,7719,7719.T,TOKYO KOKI CO.LTD.,Precision Instruments,0.8964984817086509,0.31337002266105535,0.20254545454545456,0.5601577909270217,0.44062600838980315,0.9009771986970684,1.0,0.8347854146498871,0.0,0.0,0.0,0.0,0.6046853826966827,0.0424286753649091,0.2855133027450062,0.6666666666666666,-0.0906727213822315,697487330.0,False,,False,False,True,universe_top1200,Use as candidate universe sensitivity reference.
541,6023,6023.T,"DAIHATSU INFINEARTH MFG.CO.,LTD.",Transportation Equipment,0.8961893437543591,0.3687277436063451,0.5429090909090909,0.40138067061143984,0.9209422394320749,0.6439739413680782,1.0,0.8157470151661826,0.0,0.0,0.0,0.0,0.6791154618778897,0.0787971204093782,0.2174763544799026,1.0,-0.0367934749799434,586502921.6666666,False,,False,False,True,universe_top1200,Use as candidate universe sensitivity reference.
542,3708,3708.T,"Tokushu Tokai Paper Co.,Ltd.",Pulp and Paper,0.8960900814242183,0.9870508255098738,0.9392727272727273,0.05292570677186062,0.44062600838980315,0.6254071661237786,1.0,0.5717973539851565,0.0,0.0,0.0,0.0,4.239263448200709,0.1939509700245145,0.0869731931938786,0.6666666666666666,-0.0341647748903709,112315168.33333331,False,,False,False,True,universe_top1200,Use as candidate universe sensitivity reference.
543,5013,5013.T,Yushiro Inc.,Oil and Coal Products,0.8960566875033841,0.5781806409841372,0.7298181818181818,0.537146614069691,0.9209422394320749,0.35472312703583064,1.0,0.6231042271700549,0.0,0.0,0.0,0.0,1.0083397229043427,0.1032331795475115,0.274367547788783,1.0,-0.0032013251256241,150744898.33333334,False,,False,False,True,universe_top1200,Use as candidate universe sensitivity reference.
544,3201,3201.T,"THE JAPAN WOOL TEXTILE CO.,LTD.",Textiles and Apparels,0.8960027843148682,0.6487536419553254,0.5403636363636364,0.29520052596975677,0.44062600838980315,0.47035830618892505,1.0,0.7312036140690545,0.0,0.0,0.0,0.0,1.1361284902039337,0.0783886704225396,0.1805950799974704,0.6666666666666666,-0.0163487885828976,300487875.0,False,,False,False,True,universe_top1200,Use as candidate universe sensitivity reference.
545,2127,2127.T,Nihon M&A Center Holdings Inc.,Services,0.8959454000515494,0.08967303334412431,0.29054545454545455,0.7212360289283366,0.21022910616327847,0.6364820846905537,1.0,0.8931913520490481,0.0,0.0,0.0,0.0,0.2743086149836729,0.0528351697672872,0.401043873698941,0.5,-0.0356764646429695,1514637376.0428874,False,,False,False,True,universe_top1200,Use as candidate universe sensitivity reference.
546,8029,8029.T,LOOK HOLDINGS INCORPORATED,Textiles and Apparels,0.8958325534786469,0.8834574295888638,0.48727272727272725,0.8047337278106509,0.44062600838980315,0.4775244299674267,1.0,0.3807679896740884,0.0,0.0,0.0,0.0,1.976867872626496,0.0720264792429171,0.4911776646575684,0.6666666666666666,-0.017090201830182,33256460.0,False,,False,False,True,universe_top1200,Use as candidate universe sensitivity reference.
547,5185,5185.T,"Fukoku Co.,Ltd.",Rubber Products,0.8957646074106165,0.8271285205568145,0.7916363636363636,0.39217619986850755,0.44062600838980315,0.704885993485342,1.0,0.5288802839625686,0.0,0.0,0.0,0.0,1.639659699309184,0.1143649790270512,0.2143019067529785,0.6666666666666666,-0.0440956026634927,83295231.66666667,False,,False,False,True,universe_top1200,Use as candidate universe sensitivity reference.
548,6737,6737.T,EIZO Corporation,Electric Appliances,0.8957491491875186,0.6623502751699579,0.17527272727272727,0.2511505588428665,0.707647628267183,0.7182410423452769,1.0,0.7818651177799291,0.0,0.0,0.0,0.0,1.1620586391862078,0.0387617645880293,0.166069764641003,0.8333333333333334,-0.0458493759648829,446824811.6666667,False,,False,False,True,universe_top1200,Use as candidate universe sensitivity reference.
549,4272,4272.T,"NIPPON KAYAKU CO.,LTD.",Chemicals,0.8956344983294696,0.44836516672062154,0.2807272727272727,0.32807363576594345,0.707647628267183,0.5201954397394137,1.0,0.8606001936108422,0.0,0.0,0.0,0.0,0.7939853178412778,0.0519762919596826,0.1912776820405236,0.8333333333333334,-0.0215828607332798,955660666.6666666,False,,False,False,True,universe_top1200,Use as candidate universe sensitivity reference.
550,4471,4471.T,"SANYO CHEMICAL INDUSTRIES,LTD.",Chemicals,0.8956311134414787,0.6685011330527679,0.196,0.30078895463510846,0.9209422394320749,0.7289902280130294,1.0,0.7450790577605679,0.0,0.0,0.0,0.0,1.180316951964851,0.0418694954978204,0.1817413787237903,1.0,-0.0471971615766227,334006650.0,False,,False,False,True,universe_top1200,Use as candidate universe sensitivity reference.
551,9535,9535.T,"HIROSHIMA GAS CO.,LTD.",Electric Power and Gas,0.8955071934766551,0.9417287147944319,0.41163636363636363,0.34418145956607493,0.707647628267183,0.5928338762214984,1.0,0.5498547918683446,0.0,0.0,0.0,0.0,2.6896681597547905,0.0654458868908934,0.1971662657847264,0.8333333333333334,-0.0300475297288438,97907388.33333331,False,,False,False,True,universe_top1200,Use as candidate universe sensitivity reference.
552,6728,6728.T,"ULVAC, Inc.",Electric Appliances,0.8953475344051138,0.2589834898025251,0.19454545454545455,0.3875739644970414,0.44062600838980315,0.6967426710097719,1.0,0.9503065505001613,0.0,0.0,0.0,0.0,0.5237685113997235,0.0417895103197018,0.2129301288853576,0.6666666666666666,-0.0428798701086138,4047026295.0,False,,False,False,True,universe_top1200,Use as candidate universe sensitivity reference.
553,6504,6504.T,"FUJI ELECTRIC CO.,LTD.",Electric Appliances,0.8953321051596448,0.11686629977338944,0.19854545454545455,0.4690992767915845,0.707647628267183,0.6472312703583062,1.0,0.9877379799935463,0.0,0.0,0.0,0.0,0.3181151887609205,0.0420931469505494,0.2422702764494065,0.8333333333333334,-0.037346096094643,14081407208.333334,False,,False,False,True,universe_top1200,Use as candidate universe sensitivity reference.
554,2281,2281.T,"Prima Meat Packers,Ltd.",Foods,0.8953311737592112,0.6241502104240855,0.42872727272727273,0.3599605522682446,0.707647628267183,0.5521172638436482,1.0,0.7189415940626008,0.0,0.0,0.0,0.0,1.0861417549807342,0.0670811049490896,0.202353824965569,0.8333333333333334,-0.0254663988455893,274876876.6666667,False,,False,False,True,universe_top1200,Use as candidate universe sensitivity reference.
555,6960,6960.T,"FUKUDA DENSHI CO.,LTD.",Electric Appliances,0.8953205180817703,0.2696665587568792,0.3221818181818182,0.6383957922419461,0.44062600838980315,0.8361563517915309,1.0,0.8015488867376573,0.0,0.0,0.0,0.0,0.5433234759518076,0.0558332378701715,0.3335246090520104,0.6666666666666666,-0.0666937741789328,515949750.0,False,,False,False,True,universe_top1200,Use as candidate universe sensitivity reference.
556,7806,7806.T,"MTG Co.,Ltd.",Other Products,0.8953124486537237,0.038523794108125606,0.10727272727272727,0.9385272846811308,0.44062600838980315,0.2765472312703583,1.0,0.8689899967731526,0.0,0.0,0.0,0.0,0.1751071855926391,0.0286009998727384,0.8245322411202277,0.6666666666666666,0.0079591271889469,1071027450.0,False,,False,False,True,universe_top1200,Use as candidate universe sensitivity reference.
557,4626,4626.T,"TAIYO HOLDINGS CO.,LTD.",Chemicals,0.8951445390690256,0.1476205891874393,0.176,0.5746219592373438,0.9209422394320749,0.8254071661237785,1.0,0.9090029041626331,0.0,0.0,0.0,0.0,0.3713214836784651,0.0388708811013406,0.2926070971034569,1.0,-0.0639024836142726,1867619876.6666667,False,,False,False,True,universe_top1200,Use as candidate universe sensitivity reference.
558,2153,2153.T,E・J Holdings Inc.,Services,0.8951109390284765,0.66461638070573,0.769090909090909,0.5364891518737672,0.21022910616327847,0.5078175895765472,1.0,0.5750242013552759,0.0,0.0,0.0,0.0,1.1683039330293012,0.109889804055233,0.2740189575282152,0.5,-0.019949911167241,114817305.0,False,,False,False,True,universe_top1200,Use as candidate universe sensitivity reference.
559,4666,4666.T,"PARK24 Co.,Ltd.",Real Estate,0.8951066630871967,0.12398834574295889,0.2701818181818182,0.5782380013149244,0.21022910616327847,0.9664495114006515,1.0,0.9164246531139078,0.0,0.0,0.0,0.0,0.3333592033660768,0.050880552715902,0.2941593110142899,0.5,-0.1444844226145518,2098592236.6666667,False,,False,False,True,universe_top1200,Use as candidate universe sensitivity reference.
560,9729,9729.T,TOKAI Corp.,Services,0.895099876154879,0.6361281968274523,0.5301818181818182,0.6084812623274162,0.707647628267183,0.6384364820846906,1.0,0.5772829945143595,0.0,0.0,0.0,0.0,1.10504462327736,0.0768749081508811,0.311002097392739,0.8333333333333334,-0.0360368232718883,116156833.33333331,False,,False,False,True,universe_top1200,Use as candidate universe sensitivity reference.
561,9279,9279.T,GIFT HOLDINGS INC.,Retail Trade,0.8950752795229056,0.020394949821948852,0.0989090909090909,0.9779750164365549,0.21022910616327847,0.9179153094462541,1.0,0.8286544046466602,0.0,0.0,0.0,0.0,0.1306215993225611,0.0275062727510781,1.0882584092695469,0.5,-0.0973592172412367,656858308.3333334,False,,False,False,True,universe_top1200,Use as candidate universe sensitivity reference.
562,6941,6941.T,"YAMAICHI ELECTRONICS CO.,LTD.",Electric Appliances,0.8950160747622206,0.058271285205568145,0.10545454545454545,0.6318211702827088,0.707647628267183,0.852442996742671,1.0,0.9496611810261375,0.0,0.0,0.0,0.0,0.2132620550405995,0.0281703330106701,0.3277803637892563,0.8333333333333334,-0.0720908710237881,3975964583.3333335,False,,False,False,True,universe_top1200,Use as candidate universe sensitivity reference.
563,7740,7740.T,"Tamron Co.,Ltd.",Precision Instruments,0.8947137513129069,0.24344448041437358,0.4541818181818182,0.6666666666666666,0.44062600838980315,0.6068403908794788,1.0,0.7918683446272992,0.0,0.0,0.0,0.0,0.5047780484733864,0.0691028462955325,0.3528374478999679,0.6666666666666666,-0.0320318878163569,476014856.6666667,False,,False,False,True,universe_top1200,Use as candidate universe sensitivity reference.
564,8008,8008.T,YONDOSHI HOLDINGS INC.,Retail Trade,0.8947081169870791,0.6095823891226935,0.23054545454545455,0.6446416831032216,0.707647628267183,0.25928338762214986,1.0,0.6495643756050339,0.0,0.0,0.0,0.0,1.0573909470239946,0.0461403213545425,0.3377447847056772,0.8333333333333334,0.0101972954998891,177394891.66666666,False,,False,False,True,universe_top1200,Use as candidate universe sensitivity reference.
565,9735,9735.T,"SECOM CO.,LTD.",Services,0.8946813252676925,0.28067335707348656,0.24909090909090909,0.27186061801446415,0.9209422394320749,0.5107491856677524,1.0,0.9741852210390448,0.0,0.0,0.0,0.0,0.559984206414339,0.0484683540154801,0.1729852496485792,1.0,-0.0201289195399252,7809239985.0,False,,False,False,True,universe_top1200,Use as candidate universe sensitivity reference.
566,7888,7888.T,SANKO GOSEI LTD.,Chemicals,0.8945961985504156,0.730980899967627,0.904,0.3458251150558843,0.707647628267183,0.8130293159609121,1.0,0.5630848660858342,0.0,0.0,0.0,0.0,1.3441169298980058,0.1606592675597299,0.1974133852058251,0.8333333333333334,-0.061557206616605,106535446.66666669,False,,False,False,True,universe_top1200,Use as candidate universe sensitivity reference.
567,7522,7522.T,"WATAMI CO.,LTD.",Retail Trade,0.8945892877757198,0.4085464551634833,0.6847272727272727,0.9076265614727154,0.44062600838980315,0.737785016286645,1.0,0.5434010971281058,0.0,0.0,0.0,0.0,0.7337282925616632,0.0966442440338831,0.7027038368465961,0.6666666666666666,-0.0488783055520741,93923431.66666669,False,,False,False,True,universe_top1200,Use as candidate universe sensitivity reference.
568,5018,5018.T,MORESCO Corporation,Oil and Coal Products,0.8945589303937934,0.7902233732599547,0.6887272727272727,0.5105193951347797,0.9209422394320749,0.5918566775244299,1.0,0.5011293965795418,0.0,0.0,0.0,0.0,1.506854345955597,0.0972507640602968,0.2629785191407656,1.0,-0.0299482450136292,71094721.66666667,False,,False,False,True,universe_top1200,Use as candidate universe sensitivity reference.
569,2175,2175.T,"SMS CO.,LTD.",Services,0.8943905081242947,0.09614762058918744,0.17054545454545456,0.9079552925706772,0.21022910616327847,0.26091205211726387,1.0,0.8425298483381736,0.0,0.0,0.0,0.0,0.2895441594570945,0.0381328412328299,0.7036059576691925,0.5,0.0099989933899271,746426730.0,False,,False,False,True,universe_top1200,Use as candidate universe sensitivity reference.
570,4221,4221.T,"Okura Industrial Co.,Ltd.",Chemicals,0.8943875959174884,0.6652638394302364,0.5309090909090909,0.2600262984878369,0.707647628267183,0.7846905537459283,1.0,0.7034527266860278,0.0,0.0,0.0,0.0,1.170465751198153,0.0769013833428887,0.1702007899614724,0.8333333333333334,-0.0558680365141684,254845241.66666663,False,,False,False,True,universe_top1200,Use as candidate universe sensitivity reference.
571,9788,9788.T,"NAC CO.,LTD.",Services,0.8943650082025236,0.674975720297831,0.5530909090909091,0.9188034188034188,0.707647628267183,0.8348534201954397,1.0,0.39722491126169734,0.0,0.0,0.0,0.0,1.195658172404163,0.0796678450954974,0.7367442591186405,0.8333333333333334,-0.0664591193309236,37110626.666666664,False,,False,False,True,universe_top1200,Use as candidate universe sensitivity reference.
572,5933,5933.T,ALINCO INCORPORATED,Metal Products,0.8943431456231987,0.8109420524441567,0.684,0.42833662064431294,0.707647628267183,0.744299674267101,1.0,0.5227492739593417,0.0,0.0,0.0,0.0,1.5767484533698497,0.096591506027607,0.22623906406112,0.8333333333333334,-0.0497740258179011,79567365.0,False,,False,False,True,universe_top1200,Use as candidate universe sensitivity reference.
573,6143,6143.T,"Sodick Co.,Ltd.",Machinery,0.8942633718378585,0.5105212042732276,0.21709090909090908,0.29815910585141353,0.707647628267183,0.48403908794788275,1.0,0.845434010971281,0.0,0.0,0.0,0.0,0.8929946065974429,0.0444959560908342,0.1811683098365394,0.8333333333333334,-0.0175131697972649,784301170.0,False,,False,False,True,universe_top1200,Use as candidate universe sensitivity reference.
574,6486,6486.T,"EAGLE INDUSTRY CO.,LTD.",Machinery,0.8941892829122126,0.5396568468760117,0.5869090909090909,0.3349769888231427,0.9209422394320749,0.44299674267100975,1.0,0.744433688286544,0.0,0.0,0.0,0.0,0.9363290856184808,0.0835076022376377,0.1948408720095928,1.0,-0.0133769394143174,333603535.0,False,,False,False,True,universe_top1200,Use as candidate universe sensitivity reference.
575,7940,7940.T,"WAVELOCK HOLDINGS CO.,LTD.",Chemicals,0.8941754235217089,0.8698607963742312,0.3614545454545455,0.32938856015779094,0.9209422394320749,0.7996742671009772,1.0,0.5792191029364311,0.0,0.0,0.0,0.0,1.874912155837514,0.0599178466073578,0.1920188429116014,1.0,-0.058593504600025,117119948.33333331,False,,False,False,True,universe_top1200,Use as candidate universe sensitivity reference.
576,8198,8198.T,"Maxvalu Tokai Co.,Ltd.",Retail Trade,0.8940547262195494,0.5354483651667207,0.6978181818181818,0.9125575279421433,0.21022910616327847,0.8315960912052117,1.0,0.4662794449822523,0.0,0.0,0.0,0.0,0.9293782181248188,0.0982123295252868,0.7188543682950035,0.5,-0.065428645878572,56826816.666666664,False,,False,False,True,universe_top1200,Use as candidate universe sensitivity reference.
577,5304,5304.T,"SEC CARBON,LIMITED",Glass and Ceramics Products,0.8939871209511765,0.7562317902233733,0.7709090909090909,0.16896778435239973,0.21022910616327847,0.23973941368078178,1.0,0.6982897708938367,0.0,0.0,0.0,0.0,1.4147749666579248,0.1102666035448894,0.1362737268874009,0.5,0.014232267292382,244274303.33333337,False,,False,False,True,universe_top1200,Use as candidate universe sensitivity reference.
578,8174,8174.T,"NIPPON GAS CO.,LTD.",Retail Trade,0.8939068102033432,0.06345095500161865,0.17781818181818182,0.7948717948717948,0.44062600838980315,0.9237785016286645,1.0,0.8593094546627944,0.0,0.0,0.0,0.0,0.2260082238707048,0.0391050786845051,0.4778551192811086,0.6666666666666666,-0.1027227133870706,944809907.5,False,,False,False,True,universe_top1200,Use as candidate universe sensitivity reference.
579,3038,3038.T,"KOBE BUSSAN CO.,LTD.",Wholesale Trade,0.8938968198258557,0.08934930398187116,0.3050909090909091,0.49737015121630507,0.707647628267183,0.6856677524429968,1.0,0.9622458857696031,0.0,0.0,0.0,0.0,0.27377026134094,0.0540721709481194,0.255448839899613,0.8333333333333334,-0.0414720868746011,5781448567.5,False,,False,False,True,universe_top1200,Use as candidate universe sensitivity reference.
580,2531,2531.T,TAKARA HOLDINGS INC.,Foods,0.8937771627929424,0.37649724830042086,0.18036363636363636,0.4904667981591059,0.07454017424975799,0.3117263843648208,1.0,0.8680219425621168,0.0,0.0,0.0,0.0,0.6910626055437851,0.0397822103908217,0.250523988299514,0.3333333333333333,0.0025506663533885,1061036350.8333334,False,,False,False,True,universe_top1200,Use as candidate universe sensitivity reference.
581,3661,3661.T,"m-up holdings,Inc.",Information & Communication,0.8937470202024899,0.1579799287795403,0.6007272727272728,0.6061801446416831,0.44062600838980315,0.9713355048859935,1.0,0.813488222007099,0.0,0.0,0.0,0.0,0.3867060376263902,0.0855727418492547,0.3094182825484765,0.6666666666666666,-0.1541679376007669,571522431.6666666,False,,False,False,True,universe_top1200,Use as candidate universe sensitivity reference.
582,3498,3498.T,"Kasumigaseki Capital Co.,Ltd.",Real Estate,0.8937330530455955,0.08740692780835221,0.56,0.5857988165680473,0.21022910616327847,0.11824104234527688,1.0,0.9290093578573734,0.0,0.0,0.0,0.0,0.2707567043848514,0.0805258923129245,0.2994214713036618,0.5,0.04483100877961,2521007666.6666665,False,,False,False,True,universe_top1200,Use as candidate universe sensitivity reference.
583,6412,6412.T,Heiwa Corporation,Machinery,0.8936802878729417,0.7037876335383619,0.43418181818181817,0.016107823800131493,0.21022910616327847,0.4680781758957655,1.0,0.8383349467570184,0.0,0.0,0.0,0.0,1.2638545388372509,0.0675807694794418,0.0499145110584082,0.5,-0.0160324189812702,715666505.0,False,,False,False,True,universe_top1200,Use as candidate universe sensitivity reference.
584,6339,6339.T,"Sintokogio,Ltd.",Machinery,0.8935387999191065,0.8808675946908384,0.28145454545454546,0.294543063773833,0.21022910616327847,0.2944625407166124,1.0,0.6518231687641175,0.0,0.0,0.0,0.0,1.962577385511614,0.0520883862239228,0.1804074943825919,0.5,0.0048125030902203,180568240.0,False,,False,False,True,universe_top1200,Use as candidate universe sensitivity reference.
585,6871,6871.T,"MICRONICS JAPAN CO.,LTD.",Electric Appliances,0.8934759678415988,0.01618646811265782,0.06654545454545455,0.6482577251808022,0.9209422394320749,0.4061889250814332,1.0,0.9861245563084866,0.0,0.0,0.0,0.0,0.1175132493174806,0.0214613081589773,0.3413648940682245,1.0,-0.009384636010189,12744986383.333334,False,,False,False,True,universe_top1200,Use as candidate universe sensitivity reference.
586,6363,6363.T,"Torishima Pump Mfg.Co.,Ltd.",Machinery,0.8933984474769584,0.4509550016186468,0.3509090909090909,0.3619329388560158,0.02032913843175218,0.11986970684039089,1.0,0.8657631494030332,0.0,0.0,0.0,0.0,0.7997390632641959,0.0588708426491342,0.2036135304140251,0.1666666666666666,0.0443961488343823,1038650928.3333334,False,,False,False,True,universe_top1200,Use as candidate universe sensitivity reference.
587,6072,6072.T,"Jibannet Holdings Co.,Ltd.",Services,0.8933710221374054,0.0006474587245063128,0.0018181818181818182,0.8796844181459567,0.707647628267183,0.29706840390879474,1.0,0.9154565989028719,0.0,0.0,0.0,0.0,0.033162306608156,0.0020632558720806,0.6197896140903992,0.8333333333333334,0.0044654795674163,2086277216.6666667,False,,False,False,True,universe_top1200,Use as candidate universe sensitivity reference.
588,7613,7613.T,SIIX CORPORATION,Wholesale Trade,0.8933351131738486,0.807381029459372,0.16654545454545455,0.09697567389875082,0.44062600838980315,0.9029315960912052,1.0,0.755082284607938,0.0,0.0,0.0,0.0,1.5637213371192755,0.0374868832069756,0.1092153606120086,0.6666666666666666,-0.0914483214892719,366164821.6666667,False,,False,False,True,universe_top1200,Use as candidate universe sensitivity reference.
589,4220,4220.T,RIKEN TECHNOS CORPORATION,Chemicals,0.8932083957939575,0.5597280673357073,0.8094545454545454,0.373767258382643,0.9209422394320749,0.5071661237785017,1.0,0.6682800903517263,0.0,0.0,0.0,0.0,0.9684211573292286,0.1183152086971548,0.2088229764261257,1.0,-0.0197276483341394,201720043.33333337,False,,False,False,True,universe_top1200,Use as candidate universe sensitivity reference.
590,7979,7979.T,SHOFU INC.,Precision Instruments,0.8931971316700742,0.3554548397539657,0.4290909090909091,0.7794214332675871,0.707647628267183,0.22312703583061888,1.0,0.691513391416586,0.0,0.0,0.0,0.0,0.6613297753662668,0.0670831284213021,0.4598751850222026,0.8333333333333334,0.0177445622308591,235722851.66666663,False,,False,False,True,universe_top1200,Use as candidate universe sensitivity reference.
591,4125,4125.T,SANWAYUKA INDUSTRY CORPORATION,Chemicals,0.8931344717173645,0.6597604402719327,0.31018181818181817,0.40532544378698226,0.707647628267183,0.755700325732899,1.0,0.6753791545659891,0.0,0.0,0.0,0.0,1.1554963716376243,0.054617784289006,0.2182604490792781,0.8333333333333334,-0.0517206450004913,211452766.66666663,False,,False,False,True,universe_top1200,Use as candidate universe sensitivity reference.
592,3687,3687.T,Fixstars Corporation,Information & Communication,0.893126553026761,0.012301715765619942,0.07963636363636363,0.8149243918474688,0.707647628267183,0.3052117263843648,1.0,0.9225556631171346,0.0,0.0,0.0,0.0,0.1028117243594045,0.0242741843513893,0.5071600463366539,0.8333333333333334,0.0035995026693058,2292146523.3333335,False,,False,False,True,universe_top1200,Use as candidate universe sensitivity reference.
593,4848,4848.T,"FULLCAST HOLDINGS CO.,LTD.",Services,0.8930890620588697,0.32470055033991585,0.896,0.7784352399737016,0.21022910616327847,0.02540716612377847,1.0,0.6547273313972249,0.0,0.0,0.0,0.0,0.6188418395595651,0.1551937227951637,0.4572886045305205,0.5,0.1376261354710064,183702356.66666663,False,,False,False,True,universe_top1200,Use as candidate universe sensitivity reference.
594,9716,9716.T,"NOMURA Co.,Ltd.",Services,0.8929428034383484,0.246358044674652,0.5105454545454545,0.6522024983563445,0.9209422394320749,0.4830618892508143,1.0,0.771216521458535,0.0,0.0,0.0,0.0,0.5076754357009712,0.074749857817243,0.343731971090808,1.0,-0.0174996082554477,403327315.0,False,,False,False,True,universe_top1200,Use as candidate universe sensitivity reference.
595,6856,6856.T,"HORIBA,Ltd.",Electric Appliances,0.8928698924958098,0.11298154742635157,0.136,0.5529257067718606,0.707647628267183,0.6276872964169381,1.0,0.951919974185221,0.0,0.0,0.0,0.0,0.3119747988018599,0.0332081710599352,0.2823942316783045,0.8333333333333334,-0.0345476275008875,4397332916.666667,False,,False,False,True,universe_top1200,Use as candidate universe sensitivity reference.
596,9556,9556.T,INTLOOP Inc.,Services,0.8928281776868284,0.16380705730009712,0.6352727272727273,0.8951347797501643,0.9209422394320749,0.4801302931596091,1.0,0.6869958050984188,0.0,0.0,0.0,0.0,0.393275054690257,0.0904053119030373,0.6737708137504912,1.0,-0.0172186829465758,228855426.66666663,False,,False,False,True,universe_top1200,Use as candidate universe sensitivity reference.
597,7679,7679.T,"YAKUODO HOLDINGS Co.,Ltd.",Retail Trade,0.8927634546057774,0.6879248947879573,0.8269090909090909,0.6476002629848784,0.07454017424975799,0.2752442996742671,1.0,0.5088738302678283,0.0,0.0,0.0,0.0,1.2324897919205324,0.1234113625638477,0.3409128357225243,0.3333333333333333,0.0081136124139361,74198498.33333333,False,,False,False,True,universe_top1200,Use as candidate universe sensitivity reference.
598,7513,7513.T,"Kojima Co.,Ltd.",Retail Trade,0.892621602516838,0.3658141793460667,0.224,0.8856015779092702,0.44062600838980315,0.285342019543974,1.0,0.675056469828977,0.0,0.0,0.0,0.0,0.6750985613261726,0.045255158587341,0.6360836520788833,0.6666666666666666,0.0061840082226922,211400388.33333337,False,,False,False,True,universe_top1200,Use as candidate universe sensitivity reference.
599,7987,7987.T,"NAKABAYASHI CO.,LTD.",Other Products,0.8926039409404936,0.8769828423438005,0.8530909090909091,0.5414201183431953,0.707647628267183,0.44788273615635177,1.0,0.41561794127137786,0.0,0.0,0.0,0.0,1.937689175966976,0.1315889949979275,0.2763502050049484,0.8333333333333334,-0.0138979825227631,42081025.0,False,,False,False,True,universe_top1200,Use as candidate universe sensitivity reference.
600,1982,1982.T,"Hibiya Engineering,Ltd.",Construction,0.892582645736231,0.6163807057300097,0.6265454545454545,0.27087442472057854,0.44062600838980315,0.07557003257328987,1.0,0.7521781219748306,0.0,0.0,0.0,0.0,1.0716493423722204,0.0892642461819168,0.172806885852975,0.6666666666666666,0.0664880060159179,360486961.6666667,False,,False,False,True,universe_top1200,Use as candidate universe sensitivity reference.
601,5803,5803.T,Fujikura Ltd.,Nonferrous Metals,0.8924340721052578,0.0019423761735189381,0.030545454545454546,0.613740959894806,0.9209422394320749,0.572312703583062,1.0,1.0,0.0,0.0,0.0,0.0,0.0562185022869379,0.0121998808052002,0.3136719309845635,1.0,-0.0275876446266634,336964991840.9042,False,,False,False,True,universe_top1200,Use as candidate universe sensitivity reference.
602,2395,2395.T,"SHIN NIPPON BIOMEDICAL LABORATORIES,LTD.",Services,0.8923621779213913,0.4904499838135319,0.7461818181818182,0.3063773833004602,0.44062600838980315,0.5478827361563519,1.0,0.7554049693449499,0.0,0.0,0.0,0.0,0.8651011395822421,0.106284867381753,0.1835272438556107,0.6666666666666666,-0.0250167060462803,369319210.0,False,,False,False,True,universe_top1200,Use as candidate universe sensitivity reference.
603,7931,7931.T,"MIRAI INDUSTRY CO.,LTD.",Chemicals,0.8923613428837256,0.5969569439948204,0.6549090909090909,0.5193951347797502,0.21022910616327847,0.6749185667752443,1.0,0.6156824782187803,0.0,0.0,0.0,0.0,1.0351108906247672,0.092777853501355,0.2667958947542412,0.5,-0.0404203470092171,145170931.66666666,False,,False,False,True,universe_top1200,Use as candidate universe sensitivity reference.
604,6914,6914.T,"OPTEX GROUP Company,Limited",Electric Appliances,0.8923218748877192,0.14049854321786986,0.20145454545454544,0.7626561472715319,0.707647628267183,0.6465798045602607,1.0,0.8276863504356244,0.0,0.0,0.0,0.0,0.3598865870372973,0.0422962401442434,0.4400118051634759,0.8333333333333334,-0.0372968304237443,650260945.0,False,,False,False,True,universe_top1200,Use as candidate universe sensitivity reference.
605,4994,4994.T,"Taisei Lamick Group Head Quarter & Innovation Co.,Ltd.",Chemicals,0.8922747638525569,0.8617675623179022,0.8250909090909091,0.4589086127547666,0.9209422394320749,0.7403908794788274,1.0,0.4394966118102614,0.0,0.0,0.0,0.0,1.821129702357731,0.1224012210869843,0.2379694706892633,1.0,-0.0493993559221043,47970096.666666664,False,,False,False,True,universe_top1200,Use as candidate universe sensitivity reference.
606,7949,7949.T,"KOMATSU WALL INDUSTRY CO.,LTD.",Other Products,0.8922716238248538,0.492716089349304,0.37345454545454543,0.643655489809336,0.707647628267183,0.4511400651465798,1.0,0.6660212971926428,0.0,0.0,0.0,0.0,0.8691316373291293,0.0609473098418151,0.3370476516382924,0.8333333333333334,-0.0143719947776798,197142165.0,False,,False,False,True,universe_top1200,Use as candidate universe sensitivity reference.
607,6405,6405.T,"Suzumo Machinery Co.,Ltd.",Machinery,0.8922668238863515,0.691485917772742,0.7894545454545454,0.7255095332018409,0.707647628267183,0.29087947882736154,1.0,0.4562762181348822,0.0,0.0,0.0,0.0,1.2378540943013905,0.1137586678455075,0.4038705025552219,0.8333333333333334,0.0054318535670086,53118948.333333336,False,,False,False,True,universe_top1200,Use as candidate universe sensitivity reference.
608,4182,4182.T,"Mitsubishi Gas Chemical Company,Inc.",Chemicals,0.892236883854177,0.3493039818711557,0.24181818181818182,0.1932938856015779,0.44062600838980315,0.5257328990228013,1.0,0.972894482090997,0.0,0.0,0.0,0.0,0.654078995520755,0.0477746145113327,0.1467310536506598,0.6666666666666666,-0.0224007152724004,7644054946.666667,False,,False,False,True,universe_top1200,Use as candidate universe sensitivity reference.
609,9069,9069.T,"SENKO Group Holdings Co.,Ltd.",Land Transportation,0.8922164724104804,0.40822272580123015,0.38327272727272726,0.31689677843524,0.9209422394320749,0.6270358306188926,1.0,0.8396256857050661,0.0,0.0,0.0,0.0,0.7335985122554897,0.062023000984761,0.1878484401152574,1.0,-0.0344179864217132,729732463.3333334,False,,False,False,True,universe_top1200,Use as candidate universe sensitivity reference.
610,4427,4427.T,"EduLab,Inc.",Information & Communication,0.8921627287380586,0.5089025574619618,0.4138181818181818,0.8530571992110454,0.44062600838980315,0.26384364820846906,1.0,0.5756695708292998,0.0,0.0,0.0,0.0,0.8911632511193563,0.0656713477613045,0.5696367924515228,0.6666666666666666,0.0097582963247038,115055496.66666669,False,,False,False,True,universe_top1200,Use as candidate universe sensitivity reference.
611,2735,2735.T,"WATTS CO.,LTD.",Retail Trade,0.8921440594321435,0.823891226934283,0.7607272727272727,0.9516765285996055,0.44062600838980315,0.04918566775244304,1.0,0.30880929332042595,0.0,0.0,0.0,0.0,1.6221786986090518,0.1083961480212136,0.8690292089349767,0.6666666666666666,0.0913264023614223,18928766.666666668,False,,False,False,True,universe_top1200,Use as candidate universe sensitivity reference.
612,4403,4403.T,NOF CORPORATION,Chemicals,0.8920735143104682,0.20524441566850113,0.3469090909090909,0.45956607495069035,0.707647628267183,0.19869706840390877,1.0,0.9280413036463375,0.0,0.0,0.0,0.0,0.4464707650263269,0.0584620366796233,0.2383929271324427,0.8333333333333334,0.0218422804142304,2507716343.3333335,False,,False,False,True,universe_top1200,Use as candidate universe sensitivity reference.
613,3196,3196.T,"HOTLAND HOLDINGS Co.,Ltd.",Retail Trade,0.8920321455090372,0.14146973130462934,0.046181818181818185,0.948060486522025,0.21022910616327847,0.8218241042345277,1.0,0.7737979993546306,0.0,0.0,0.0,0.0,0.3612009024850298,0.0167159632852794,0.853262045361373,0.5,-0.063022434345054,408025218.3333333,False,,False,False,True,universe_top1200,Use as candidate universe sensitivity reference.
614,6823,6823.T,"RION CO.,LTD.",Electric Appliances,0.8919514028847391,0.38200064745872453,0.5032727272727273,0.6735700197238659,0.707647628267183,0.3553745928338762,1.0,0.6963536624717651,0.0,0.0,0.0,0.0,0.7010244674396338,0.0739166510713826,0.3593589092580891,0.8333333333333334,-0.0032132829119081,241048556.66666663,False,,False,False,True,universe_top1200,Use as candidate universe sensitivity reference.
615,3950,3950.T,THE PACK CORPORATION,Pulp and Paper,0.891908697937206,0.6403366785367433,0.6101818181818182,0.4723865877712032,0.707647628267183,0.39413680781758953,1.0,0.6205227492739593,0.0,0.0,0.0,0.0,1.1117449972983977,0.0869793870374891,0.2442233140137412,0.8333333333333334,-0.0080769527334412,148391510.0,False,,False,False,True,universe_top1200,Use as candidate universe sensitivity reference.
616,8014,8014.T,"CHORI CO.,LTD.",Wholesale Trade,0.8917814296394336,0.5370670119779865,0.8083636363636364,0.5437212360289283,0.44062600838980315,0.1628664495114006,1.0,0.6337528234914489,0.0,0.0,0.0,0.0,0.9303093103730437,0.1182419386024782,0.2773556231003039,0.6666666666666666,0.031545196354163,159292383.33333334,False,,False,False,True,universe_top1200,Use as candidate universe sensitivity reference.
617,6381,6381.T,ANEST IWATA Corporation,Machinery,0.8916624412232387,0.4830042084817093,0.606909090909091,0.6814595660749507,0.44062600838980315,0.8241042345276873,1.0,0.59567602452404,0.0,0.0,0.0,0.0,0.8514302892540773,0.0864290525321487,0.365885379035288,0.6666666666666666,-0.0636738433348602,128812015.0,False,,False,False,True,universe_top1200,Use as candidate universe sensitivity reference.
618,4097,4097.T,"KOATSU GAS KOGYO CO.,LTD.",Chemicals,0.8916532477200151,0.732923276141146,0.5712727272727273,0.3918474687705457,0.9209422394320749,0.44136807817589574,1.0,0.6008389803162311,0.0,0.0,0.0,0.0,1.3523059312834154,0.0816216374224919,0.2140023090557263,1.0,-0.0132495538247703,132472881.66666669,False,,False,False,True,universe_top1200,Use as candidate universe sensitivity reference.
619,4092,4092.T,"Nippon Chemical Industrial Co.,Ltd.",Chemicals,0.8915847622026232,0.5493687277436063,0.2861818181818182,0.11834319526627218,0.9209422394320749,0.7462540716612378,1.0,0.8554372378186512,0.0,0.0,0.0,0.0,0.9534864905560986,0.0525912690878986,0.1165435057586046,1.0,-0.050234816104691,903962618.3333334,False,,False,False,True,universe_top1200,Use as candidate universe sensitivity reference.
620,6651,6651.T,NITTO KOGYO CORPORATION,Electric Appliances,0.89156989782043,0.3528650048559404,0.44545454545454544,0.5213675213675214,0.707647628267183,0.649185667752443,1.0,0.7702484672474992,0.0,0.0,0.0,0.0,0.6587840120634483,0.0684019860946684,0.2679683983928078,0.8333333333333334,-0.0376859446984692,402120600.0,False,,False,False,True,universe_top1200,Use as candidate universe sensitivity reference.
621,2124,2124.T,"JAC Recruitment Co.,Ltd.",Services,0.8915672173814926,0.03787633538361929,0.37163636363636365,0.9934253780407627,0.707647628267183,0.6794788273615635,1.0,0.7466924814456276,0.0,0.0,0.0,0.0,0.1735462187820287,0.0608705264424001,1.3827480174785565,0.8333333333333334,-0.0409784213115906,335563013.3333333,False,,False,False,True,universe_top1200,Use as candidate universe sensitivity reference.
622,8154,8154.T,"KAGA ELECTRONICS CO.,LTD.",Wholesale Trade,0.8915519092244364,0.370670119779864,0.468,0.40828402366863903,0.44062600838980315,0.5488599348534202,1.0,0.8209099709583737,0.0,0.0,0.0,0.0,0.6846833925108812,0.0703000161935303,0.2194717854802256,0.6666666666666666,-0.0252175744075184,617870541.6666666,False,,False,False,True,universe_top1200,Use as candidate universe sensitivity reference.
623,9468,9468.T,KADOKAWA CORPORATION,Information & Communication,0.891537580569741,0.2929750728391065,0.06436363636363636,0.46778435239973704,0.44062600838980315,0.4195439739413681,1.0,0.9157792836398838,0.0,0.0,0.0,0.0,0.5781702181033392,0.0207126529426367,0.2416292506139809,0.6666666666666666,-0.0104032977094353,2095283860.0,False,,False,False,True,universe_top1200,Use as candidate universe sensitivity reference.
624,6200,6200.T,"Insource Co.,Ltd.",Services,0.8914868086233827,0.07057300097118809,0.5636363636363636,0.9026955950032873,0.707647628267183,0.4892508143322476,1.0,0.7470151661826395,0.0,0.0,0.0,0.0,0.2441738040151192,0.0807603150584843,0.690974319173029,0.8333333333333334,-0.0180794753991751,336795160.0,False,,False,False,True,universe_top1200,Use as candidate universe sensitivity reference.
625,4095,4095.T,"NIHON PARKERIZING CO.,LTD.",Chemicals,0.8914429569029364,0.7491097442538038,0.6207272727272727,0.24589086127547666,0.44062600838980315,0.27557003257328994,1.0,0.6718296224588577,0.0,0.0,0.0,0.0,1.3946311056219818,0.0886126437610936,0.1642993451824134,0.6666666666666666,0.0081106896879171,206946303.33333337,False,,False,False,True,universe_top1200,Use as candidate universe sensitivity reference.
626,6877,6877.T,Obara Group Incorporated,Electric Appliances,0.8913834216891049,0.4859177727419877,0.49563636363636365,0.34023668639053256,0.44062600838980315,0.21693811074918568,1.0,0.8018715714746693,0.0,0.0,0.0,0.0,0.856939046126319,0.0728041152989016,0.1960416064721178,0.6666666666666666,0.0183152689138869,517147733.3333333,False,,False,False,True,universe_top1200,Use as candidate universe sensitivity reference.
627,4967,4967.T,"KOBAYASHI PHARMACEUTICAL CO.,LTD.",Chemicals,0.8912410956043715,0.23340887018452575,0.016363636363636365,0.6035502958579881,0.21022910616327847,0.8798045602605863,1.0,0.8735075830913198,0.0,0.0,0.0,0.0,0.4885480030503132,0.0084740184787503,0.3076719125119402,0.5,-0.0811175205336815,1154259515.0,False,,False,False,True,universe_top1200,Use as candidate universe sensitivity reference.
628,4113,4113.T,"TAOKA CHEMICAL COMPANY,LIMITED",Chemicals,0.8911752345123665,0.848818387827776,0.868,0.2948717948717949,0.9209422394320749,0.9136807817589576,1.0,0.49596644078735075,0.0,0.0,0.0,0.0,1.739941017137596,0.1390146939472061,0.1805834182918406,1.0,-0.0962301545887705,67990681.66666667,False,,False,False,True,universe_top1200,Use as candidate universe sensitivity reference.
629,6277,6277.T,HOSOKAWA MICRON CORPORATION,Machinery,0.8911212390987353,0.49724830042084817,0.35054545454545455,0.5180802103879028,0.44062600838980315,0.7423452768729641,1.0,0.7073249435301711,0.0,0.0,0.0,0.0,0.8738076257390519,0.0588483482604723,0.2662701734576673,0.6666666666666666,-0.0495206792659545,258869166.66666663,False,,False,False,True,universe_top1200,Use as candidate universe sensitivity reference.
630,5563,5563.T,"Nippon Denko Co.,Ltd.",Iron and Steel,0.8908120515727764,0.6364519261897054,0.23163636363636364,0.1623931623931624,0.707647628267183,0.9429967426710097,1.0,0.7867053888351081,0.0,0.0,0.0,0.0,1.1051702824135474,0.0462918914492123,0.1336522921148679,0.8333333333333334,-0.1185304837217385,460523865.0,False,,False,False,True,universe_top1200,Use as candidate universe sensitivity reference.
631,3360,3360.T,"SHIP HEALTHCARE HOLDINGS,INC.",Wholesale Trade,0.890695611952459,0.45451602460343155,0.5654545454545454,0.2689020381328074,0.9209422394320749,0.4456026058631922,1.0,0.8070345272668603,0.0,0.0,0.0,0.0,0.8034246741238978,0.0808770859072819,0.1724478274462384,1.0,-0.0135839928048257,538698653.3333334,False,,False,False,True,universe_top1200,Use as candidate universe sensitivity reference.
632,6315,6315.T,TOWA CORPORATION,Machinery,0.8906840072594805,0.09485270314017481,0.16618181818181818,0.4621959237343853,0.9209422394320749,0.5602605863192183,1.0,0.983865763149403,0.0,0.0,0.0,0.0,0.2833030787999201,0.0374793059606994,0.2391850309520228,1.0,-0.0263224127836245,10875321243.333334,False,,False,False,True,universe_top1200,Use as candidate universe sensitivity reference.
633,2753,2753.T,"AMIYAKI TEI CO.,LTD.",Retail Trade,0.8906829023600646,0.46358044674651994,0.4087272727272727,0.9266929651545036,0.9209422394320749,0.634527687296417,1.0,0.5240400129073894,0.0,0.0,0.0,0.0,0.8234029329664261,0.0651486938439321,0.776195613088817,1.0,-0.0354612505904152,80127405.0,False,,False,False,True,universe_top1200,Use as candidate universe sensitivity reference.
634,6135,6135.T,"Makino Milling Machine Co.,Ltd.",Machinery,0.89055004085002,0.37261249595338297,0.21272727272727274,0.2692307692307692,0.44062600838980315,0.31563517915309447,1.0,0.9354630525976121,0.0,0.0,0.0,0.0,0.6867954915311686,0.0437318885231759,0.172539949837914,0.6666666666666666,0.0020485733150127,2886068716.6666665,False,,False,False,True,universe_top1200,Use as candidate universe sensitivity reference.
635,8848,8848.T,LEOPALACE21 CORPORATION,Real Estate,0.8902797050169009,0.11233408870184526,0.513090909090909,0.6709401709401709,0.44062600838980315,0.5224755700325733,1.0,0.8354307841239109,0.0,0.0,0.0,0.0,0.310876006868802,0.0748908710977727,0.3568055395268321,0.6666666666666666,-0.0219863622887637,702344080.0,False,,False,False,True,universe_top1200,Use as candidate universe sensitivity reference.
636,5698,5698.T,ENVIPRO HOLDINGS Inc.,Iron and Steel,0.8902697161525859,0.3968921981223697,0.25345454545454543,0.5295857988165681,0.9209422394320749,0.8469055374592833,1.0,0.749919328815747,0.0,0.0,0.0,0.0,0.719966665244792,0.0488947429450204,0.270002713150704,1.0,-0.070499827974215,352984186.6666667,False,,False,False,True,universe_top1200,Use as candidate universe sensitivity reference.
637,3501,3501.T,"SUMINOE Co.,Ltd.",Textiles and Apparels,0.8902158367917324,0.9329880220135967,0.6843636363636364,0.4516765285996055,0.21022910616327847,0.40358306188925086,1.0,0.45885769603097776,0.0,0.0,0.0,0.0,2.514222207383826,0.0966097815608025,0.2352489049865229,0.5,-0.00913583544811,54063843.333333336,False,,False,False,True,universe_top1200,Use as candidate universe sensitivity reference.
638,7414,7414.T,"ONOKEN CO.,LTD.",Wholesale Trade,0.8901921995802126,0.9582389122693429,0.8909090909090909,0.15910585141354372,0.44062600838980315,0.3615635179153095,1.0,0.5350112939657954,0.0,0.0,0.0,0.0,2.9680150344441114,0.1497099969039254,0.1328600206357785,0.6666666666666666,-0.0038783395464429,88305473.33333333,False,,False,False,True,universe_top1200,Use as candidate universe sensitivity reference.
639,7871,7871.T,"FUKUVI CHEMICAL INDUSTRY CO.,LTD.",Chemicals,0.8901167778371503,0.9012625445127873,0.6218181818181818,0.4240631163708087,0.707647628267183,0.7726384364820846,1.0,0.46143917392707323,0.0,0.0,0.0,0.0,2.1739764173243814,0.0887088991184335,0.2252005184364258,0.8333333333333334,-0.0541220541779653,54859785.0,False,,False,False,True,universe_top1200,Use as candidate universe sensitivity reference.
640,6544,6544.T,"JAPAN ELEVATOR SERVICE HOLDINGS CO.,LTD.",Services,0.890057864360966,0.021042408546455164,0.15781818181818183,0.8330046022353714,0.9209422394320749,0.3374592833876221,1.0,0.8718941594062601,0.0,0.0,0.0,0.0,0.131590172557147,0.036364618692386,0.5298952184596266,1.0,-0.0008536188619744,1124987600.0,False,,False,False,True,universe_top1200,Use as candidate universe sensitivity reference.
641,4784,4784.T,"GMO internet,Inc.",Services,0.8899877557033393,0.011006798316607317,0.19127272727272726,0.8126232741617357,0.707647628267183,0.9905537459283388,1.0,0.846079380445305,0.0,0.0,0.0,0.0,0.100985166883062,0.0414520817932819,0.5039201987269057,0.8333333333333334,-0.2551214772031233,787592378.3333334,False,,False,False,True,universe_top1200,Use as candidate universe sensitivity reference.
642,7856,7856.T,HAGIHARA INDUSTRIES INC.,Other Products,0.8899594864629264,0.7319520880543865,0.54,0.3408941485864563,0.707647628267183,0.8221498371335505,1.0,0.6034204582123266,0.0,0.0,0.0,0.0,1.3471940414516486,0.0781568892210868,0.196061630031905,0.8333333333333334,-0.0630679546796505,134062133.33333331,False,,False,False,True,universe_top1200,Use as candidate universe sensitivity reference.
643,6925,6925.T,USHIO INC.,Electric Appliances,0.8899463143504813,0.2764648753641955,0.528,0.37639710716633795,0.44062600838980315,0.19315960912052121,1.0,0.8912552436269764,0.0,0.0,0.0,0.0,0.555214015039527,0.0767351629342093,0.2092639184134757,0.6666666666666666,0.0229597542726628,1485762752.5,False,,False,False,True,universe_top1200,Use as candidate universe sensitivity reference.
644,2053,2053.T,"CHUBU SHIRYO CO.,LTD.",Foods,0.8899259766622659,0.726772418258336,0.45854545454545453,0.3053911900065746,0.707647628267183,0.8856677524429968,1.0,0.6321393998063891,0.0,0.0,0.0,0.0,1.3367775452489654,0.0693563360488043,0.1830147073300387,0.8333333333333334,-0.0826558133647507,157912838.33333334,False,,False,False,True,universe_top1200,Use as candidate universe sensitivity reference.
645,6547,6547.T,"GREENS CO.,LTD.",Services,0.8898991560625278,0.15992230495305923,0.9421818181818182,0.8477975016436555,0.707647628267183,0.8276872964169382,1.0,0.6266537592771861,0.0,0.0,0.0,0.0,0.3896073908403707,0.1969756704940743,0.5595306920591736,0.8333333333333334,-0.064371016976383,154029598.33333334,False,,False,False,True,universe_top1200,Use as candidate universe sensitivity reference.
646,3546,3546.T,"Alleanza Holdings Co.,Ltd.",Retail Trade,0.8898865977497882,0.4302363224344448,0.35309090909090907,0.7741617357001972,0.707647628267183,0.8175895765472313,1.0,0.6111648919006131,0.0,0.0,0.0,0.0,0.7657993238022801,0.0589993967415368,0.4530571992110453,0.8333333333333334,-0.0623297529410365,141570656.66666666,False,,False,False,True,universe_top1200,Use as candidate universe sensitivity reference.
647,7839,7839.T,"SHOEI CO.,LTD.",Other Products,0.8897926277287432,0.12107478148268049,0.4050909090909091,0.7159763313609467,0.44062600838980315,0.9104234527687296,1.0,0.8025169409486931,0.0,0.0,0.0,0.0,0.3303394240402669,0.0647481908326413,0.3969530153489318,0.6666666666666666,-0.0943004335238419,520148206.6666667,False,,False,False,True,universe_top1200,Use as candidate universe sensitivity reference.
648,4548,4548.T,SEIKAGAKU CORPORATION,Pharmaceutical,0.889790018277473,0.8650048559404337,0.12036363636363637,0.4329388560157791,0.44062600838980315,0.6609120521172638,1.0,0.5779283639883833,0.0,0.0,0.0,0.0,1.8419905254440383,0.0305542855683258,0.2283598817245326,0.6666666666666666,-0.0388127991694181,116632163.33333331,False,,False,False,True,universe_top1200,Use as candidate universe sensitivity reference.
649,6309,6309.T,"TOMOE ENGINEERING CO.,LTD.(TOMOE KOGYO CO.,LTD.)",Machinery,0.8897767253220282,0.4891550663645193,0.536,0.5170940170940171,0.707647628267183,0.18110749185667752,1.0,0.7002258793159084,0.0,0.0,0.0,0.0,0.8626449210591388,0.0777386572668441,0.2658116730636419,0.8333333333333334,0.0269208300007003,250461761.66666663,False,,False,False,True,universe_top1200,Use as candidate universe sensitivity reference.
650,7224,7224.T,"ShinMaywa Industries,LTD.",Transportation Equipment,0.8896891025691986,0.4428617675623179,0.3927272727272727,0.25443786982248523,0.9209422394320749,0.6990228013029316,1.0,0.8289770893836722,0.0,0.0,0.0,0.0,0.784395970023173,0.0634781731529552,0.1679646303336923,1.0,-0.0431074267156653,661173931.6666666,False,,False,False,True,universe_top1200,Use as candidate universe sensitivity reference.
651,9119,9119.T,"IINO KAIUN KAISHA,LTD.",Marine Transportation,0.8896606150003235,0.5224991906765943,0.8007272727272727,0.062458908612754764,0.44062600838980315,0.6726384364820848,1.0,0.8151016456921588,0.0,0.0,0.0,0.0,0.9104275602610716,0.1165937371965361,0.0930878403294705,0.6666666666666666,-0.0402795588826316,580686118.3333334,False,,False,False,True,universe_top1200,Use as candidate universe sensitivity reference.
652,9143,9143.T,"SG HOLDINGS CO.,LTD.",Land Transportation,0.8896007349067411,0.35059889932016836,0.4112727272727273,0.16962524654832348,0.21022910616327847,0.7824104234527687,1.0,0.930622781542433,0.0,0.0,0.0,0.0,0.6554277695285345,0.0653791972214965,0.1363053212006899,0.5,-0.0556586493542943,2553597238.3333335,False,,False,False,True,universe_top1200,Use as candidate universe sensitivity reference.
653,3236,3236.T,"PROPERST CO.,LTD.",Real Estate,0.8895531692311518,0.716413078666235,0.9534545454545454,0.25575279421433267,0.9209422394320749,0.9785016286644951,1.0,0.5601807034527266,0.0,0.0,0.0,0.0,1.3107981038165817,0.2106966644081355,0.1684779007355377,1.0,-0.183148058643467,104545070.0,False,,False,False,True,universe_top1200,Use as candidate universe sensitivity reference.
654,4189,4189.T,"KH Neochem Co.,Ltd.",Chemicals,0.8895085078663404,0.41955325348009065,0.5716363636363636,0.3277449046679816,0.44062600838980315,0.7110749185667753,1.0,0.7909002904162633,0.0,0.0,0.0,0.0,0.7455453794458388,0.0816384970567232,0.1911284309882322,0.6666666666666666,-0.0445781704598892,472522321.6666667,False,,False,False,True,universe_top1200,Use as candidate universe sensitivity reference.
655,1379,1379.T,HOKUTO CORPORATION,"Fishery, Agriculture and Forestry",0.889409871505945,0.5636128196827452,0.5243636363636364,0.4128862590401052,0.707647628267183,0.8566775244299674,1.0,0.6631171345595354,0.0,0.0,0.0,0.0,0.976288866054516,0.0763219767312368,0.2207768072848913,0.8333333333333334,-0.0737098875074008,194170863.33333337,False,,False,False,True,universe_top1200,Use as candidate universe sensitivity reference.
656,5578,5578.T,"AR advanced technology,Inc.",Information & Communication,0.8894059024766765,0.41728714794431854,0.9098181818181819,0.8471400394477318,0.44062600838980315,0.9384364820846905,1.0,0.4872539528880284,0.0,0.0,0.0,0.0,0.743203817471391,0.1664723455089917,0.5577369372289364,0.6666666666666666,-0.1139935920607646,65111190.0,False,,False,False,True,universe_top1200,Use as candidate universe sensitivity reference.
657,4722,4722.T,Future Corporation,Information & Communication,0.8893413437113594,0.2010359339592101,0.5785454545454546,0.6969099276791585,0.707647628267183,0.15863192182410424,1.0,0.7728299451435947,0.0,0.0,0.0,0.0,0.4425820289875678,0.0825993263246338,0.3793888666646152,0.8333333333333334,0.0321622462923197,406306626.6666667,False,,False,False,True,universe_top1200,Use as candidate universe sensitivity reference.
658,2195,2195.T,"AMITA HOLDINGS CO.,LTD.",Services,0.8892379001996237,0.21301392036257688,0.8378181818181818,0.556870479947403,0.21022910616327847,0.15146579804560256,1.0,0.7983220393675379,0.0,0.0,0.0,0.0,0.457480230682075,0.1258892802181007,0.2839572964521366,0.5,0.0338492433308362,510353323.3333333,False,,False,False,True,universe_top1200,Use as candidate universe sensitivity reference.
659,5243,5243.T,note inc.,Information & Communication,0.8892250927559006,0.006150857882809971,0.029454545454545455,0.8829717291255753,0.21022910616327847,0.2648208469055374,1.0,0.9015811552113585,0.0,0.0,0.0,0.0,0.0785382525689587,0.0120220466922126,0.630812613827642,0.5,0.0095513528948327,1689173220.0,False,,False,False,True,universe_top1200,Use as candidate universe sensitivity reference.
660,1419,1419.T,"Tama Home Co.,Ltd.",Construction,0.8891551949590931,0.17254775008093234,0.050545454545454546,0.8313609467455622,0.21022910616327847,0.39283387622149835,1.0,0.8196192320103259,0.0,0.0,0.0,0.0,0.4067175880605619,0.0176092810473148,0.5278569657907783,0.5,-0.0079830255666897,607815516.6666666,False,,False,False,True,universe_top1200,Use as candidate universe sensitivity reference.
661,7715,7715.T,"NAGANO KEIKI CO.,LTD.",Precision Instruments,0.8891463221362201,0.37293622531563614,0.6687272727272727,0.5844838921761999,0.44062600838980315,0.3280130293159609,1.0,0.707647628267183,0.0,0.0,0.0,0.0,0.6869024207117991,0.0943742682346764,0.2986071620835727,0.6666666666666666,0.0005095145006216,259309571.66666663,False,,False,False,True,universe_top1200,Use as candidate universe sensitivity reference.
662,9991,9991.T,GECOSS CORPORATION,Wholesale Trade,0.8891056912900377,0.7209452897377793,0.6945454545454546,0.378698224852071,0.707647628267183,0.6312703583061889,1.0,0.5734107776702162,0.0,0.0,0.0,0.0,1.3217689865934092,0.0978659795465242,0.2102462343284928,0.8333333333333334,-0.034964340525413,113689870.0,False,,False,False,True,universe_top1200,Use as candidate universe sensitivity reference.
663,6858,6858.T,"ONO SOKKI Co.,Ltd.",Electric Appliances,0.8890249366850971,0.8721269019100032,0.27236363636363636,0.551939513477975,0.707647628267183,0.38501628664495113,1.0,0.49983865763149404,0.0,0.0,0.0,0.0,1.900658010252953,0.0510566447372653,0.2816416471560391,0.8333333333333334,-0.006869024412884,70772015.0,False,,False,False,True,universe_top1200,Use as candidate universe sensitivity reference.
664,8283,8283.T,PALTAC CORPORATION,Wholesale Trade,0.8890190047809989,0.3836192942699903,0.32327272727272727,0.2777777777777778,0.707647628267183,0.29837133550488604,1.0,0.8915779283639884,0.0,0.0,0.0,0.0,0.7031794373304802,0.0558888676052132,0.175490288887837,0.8333333333333334,0.0043660152880343,1486085281.6666667,False,,False,False,True,universe_top1200,Use as candidate universe sensitivity reference.
665,6489,6489.T,"Maezawa Industries,Inc.",Machinery,0.8889788143693855,0.5555195856264163,0.7010909090909091,0.5131492439184747,0.44062600838980315,0.8009771986970684,1.0,0.6014843497902549,0.0,0.0,0.0,0.0,0.962226014623201,0.0989595055648781,0.2640585077705633,0.6666666666666666,-0.0589210925101721,132835838.33333331,False,,False,False,True,universe_top1200,Use as candidate universe sensitivity reference.
666,6258,6258.T,HIRATA Corporation,Machinery,0.8889649567383119,0.4279702168986727,0.31272727272727274,0.1893491124260355,0.9209422394320749,0.6221498371335505,1.0,0.8812520167796063,0.0,0.0,0.0,0.0,0.7584381209040045,0.0550884979303138,0.1455534071846266,1.0,-0.033921428228987,1250363636.6666667,False,,False,False,True,universe_top1200,Use as candidate universe sensitivity reference.
667,6590,6590.T,SHIBAURA MECHATRONICS CORPORATION,Electric Appliances,0.8889234776733904,0.02395597280673357,0.11854545454545455,0.6357659434582511,0.707647628267183,0.14657980456026054,1.0,0.9774120684091643,0.0,0.0,0.0,0.0,0.1386283042795361,0.0302587468901039,0.3303410188568308,0.8333333333333334,0.0358180784780533,8969342525.0,False,,False,False,True,universe_top1200,Use as candidate universe sensitivity reference.
668,1435,1435.T,robot home Inc.,Real Estate,0.8887502708070271,0.4354159922304953,0.8661818181818182,0.668310322156476,0.44062600838980315,0.26351791530944624,1.0,0.6030977734753146,0.0,0.0,0.0,0.0,0.7716655764313078,0.1376391534050118,0.3545756946796579,0.6666666666666666,0.0097856729988282,133587750.0,False,,False,False,True,universe_top1200,Use as candidate universe sensitivity reference.
669,6458,6458.T,SINKO INDUSTRIES LTD.,Machinery,0.8886907289282742,0.420200712204597,0.6676363636363636,0.4990138067061144,0.707647628267183,0.17752442996742668,1.0,0.7186189093255889,0.0,0.0,0.0,0.0,0.7468044973446312,0.0943264734589461,0.2564443450945327,0.8333333333333334,0.0274973271303493,274468970.0,False,,False,False,True,universe_top1200,Use as candidate universe sensitivity reference.
670,9110,9110.T,"NS United Kaiun Kaisha,Ltd.",Marine Transportation,0.8886713108060009,0.5144059566202654,0.7265454545454545,0.07067718606180144,0.9209422394320749,0.7889250814332247,1.0,0.8021942562116812,0.0,0.0,0.0,0.0,0.8980131099386519,0.1027535186629283,0.0971729362990534,1.0,-0.0565109452961514,518649916.6666667,False,,False,False,True,universe_top1200,Use as candidate universe sensitivity reference.
671,1899,1899.T,FUKUDA CORPORATION,Construction,0.8886617412911743,0.7882809970864357,0.6581818181818182,0.13740959894806049,0.44062600838980315,0.20586319218241045,1.0,0.6818328493062278,0.0,0.0,0.0,0.0,1.4999149316540927,0.0932726639951256,0.1256407822289728,0.6666666666666666,0.020896345034276,222369383.33333337,False,,False,False,True,universe_top1200,Use as candidate universe sensitivity reference.
672,5344,5344.T,"MARUWA CO.,LTD.",Glass and Ceramics Products,0.8886273644128345,0.02233732599546779,0.06109090909090909,0.5440499671268902,0.9209422394320749,0.7214983713355049,1.0,0.9854791868344628,0.0,0.0,0.0,0.0,0.135226259924725,0.0203515235618092,0.2774150472642935,1.0,-0.0461404833836858,12363966400.0,False,,False,False,True,universe_top1200,Use as candidate universe sensitivity reference.
673,5902,5902.T,HOKKAN HOLDINGS LIMITED,Metal Products,0.8886092947671707,0.9038523794108125,0.8283636363636364,0.23372781065088757,0.9209422394320749,0.8387622149837134,1.0,0.49080348499515974,0.0,0.0,0.0,0.0,2.2066324969101454,0.1235501425349127,0.1607581448425444,1.0,-0.0677621230379955,66116871.666666664,False,,False,False,True,universe_top1200,Use as candidate universe sensitivity reference.
674,6505,6505.T,"TOYO DENKI SEIZO K.K.(TOYO ELECTRIC MFG.CO.,LTD.)",Electric Appliances,0.8885324186411738,0.761735189381677,0.773090909090909,0.3504273504273504,0.707647628267183,0.17068403908794794,1.0,0.5753468860922878,0.0,0.0,0.0,0.0,1.428785021478706,0.1110262744461086,0.1992670550648374,0.8333333333333334,0.0291239915317274,114870116.66666669,False,,False,False,True,universe_top1200,Use as candidate universe sensitivity reference.
675,6455,6455.T,MORITA HOLDINGS CORPORATION,Transportation Equipment,0.8884871570068249,0.534153447717708,0.6381818181818182,0.38625904010519396,0.9209422394320749,0.43843648208469055,1.0,0.6866731203614069,0.0,0.0,0.0,0.0,0.9275643817344408,0.0908178018430703,0.212532786427814,1.0,-0.012895384865411,227809591.66666663,False,,False,False,True,universe_top1200,Use as candidate universe sensitivity reference.
676,8074,8074.T,"YUASA CO.,LTD.",Wholesale Trade,0.8884409394117126,0.5254127549368728,0.6054545454545455,0.3888888888888889,0.707647628267183,0.5058631921824104,1.0,0.6979670861568248,0.0,0.0,0.0,0.0,0.9150708750894636,0.086275052528176,0.2131173188242043,0.8333333333333334,-0.019584393319323,243908316.66666663,False,,False,False,True,universe_top1200,Use as candidate universe sensitivity reference.
677,6498,6498.T,KITZ CORPORATION,Machinery,0.8884396488692649,0.2881191324053092,0.32436363636363635,0.49572649572649574,0.44062600838980315,0.4228013029315961,1.0,0.8447886414972572,0.0,0.0,0.0,0.0,0.5733718465648981,0.0560352634421509,0.2547728197477282,0.6666666666666666,-0.0108036587793042,771858006.6666666,False,,False,False,True,universe_top1200,Use as candidate universe sensitivity reference.
678,2982,2982.T,"A.D.Works Group Co.,Ltd.",Real Estate,0.8884327392817931,0.6147620589187439,0.9174545454545454,0.25312294543063774,0.21022910616327847,0.02377850162866446,1.0,0.6992578251048726,0.0,0.0,0.0,0.0,1.0677905505276697,0.1720442842693037,0.1675564992200068,0.5,0.1405835550806564,248148980.0,False,,False,False,True,universe_top1200,Use as candidate universe sensitivity reference.
679,7729,7729.T,"TOKYO SEIMITSU CO.,LTD.",Precision Instruments,0.8882357434318601,0.08093234056328909,0.168,0.5092044707429323,0.9209422394320749,0.44169381107491856,1.0,0.9651500484027106,0.0,0.0,0.0,0.0,0.2581416464323107,0.0377100167722304,0.2624604962345347,1.0,-0.0132908715877413,6268237216.666667,False,,False,False,True,universe_top1200,Use as candidate universe sensitivity reference.
680,6249,6249.T,"Gamecard Holdings,Inc.",Machinery,0.8881570669912302,0.8604726448688896,0.9465454545454546,0.4148586456278764,0.707647628267183,0.3560260586319218,1.0,0.4478864149725718,0.0,0.0,0.0,0.0,1.8090255557274024,0.2033147151880661,0.2216850210403796,0.8333333333333334,-0.0032432269353768,50166550.0,False,,False,False,True,universe_top1200,Use as candidate universe sensitivity reference.
681,4974,4974.T,TAKARA BIO INC.,Chemicals,0.8881379551974178,0.476205891874393,0.014909090909090908,0.3717948717948718,0.707647628267183,0.6579804560260587,1.0,0.824459503065505,0.0,0.0,0.0,0.0,0.8417122845422731,0.0078977052309251,0.2079802767006558,0.8333333333333334,-0.0385828879174,637854210.0,False,,False,False,True,universe_top1200,Use as candidate universe sensitivity reference.
682,4366,4366.T,Daito Chemix Corporation,Chemicals,0.8879702321067783,0.9342829394626092,0.8709090909090909,0.048323471400394474,0.9209422394320749,0.8667752442996742,1.0,0.5440464666021297,0.0,0.0,0.0,0.0,2.5342983286255607,0.1398939501496438,0.0837846576671247,1.0,-0.0768356172580934,94538088.33333331,False,,False,False,True,universe_top1200,Use as candidate universe sensitivity reference.
683,5381,5381.T,Mipox Corporation,Glass and Ceramics Products,0.8879698665016842,0.271285205568145,0.35345454545454547,0.5368178829717292,0.9209422394320749,0.6970684039087948,1.0,0.7970313004194901,0.0,0.0,0.0,0.0,0.5479223329421758,0.0590349403231177,0.2742816586535021,1.0,-0.0429074498166298,494126861.6666667,False,,False,False,True,universe_top1200,Use as candidate universe sensitivity reference.
684,4951,4951.T,S.T.CORPORATION,Chemicals,0.887889732058677,0.6260925865976044,0.7738181818181818,0.7071005917159763,0.44062600838980315,0.3159609120521173,1.0,0.48757663762504033,0.0,0.0,0.0,0.0,1.0900185717702715,0.1110811440181101,0.3910738825993063,0.6666666666666666,0.0020308378309768,65158291.666666664,False,,False,False,True,universe_top1200,Use as candidate universe sensitivity reference.
685,6965,6965.T,HAMAMATSU PHOTONICS K.K.,Electric Appliances,0.8878282084426745,0.1557138232437682,0.048,0.4171597633136095,0.21022910616327847,0.7586319218241042,1.0,0.9845111326234269,0.0,0.0,0.0,0.0,0.3831093012420593,0.0172476469514673,0.2228114670511287,0.5,-0.052205269085767,11627075023.333334,False,,False,False,True,universe_top1200,Use as candidate universe sensitivity reference.
686,9768,9768.T,"IDEA Consultants,Inc.",Services,0.8877548970605977,0.7529944966008417,0.764,0.3957922419460881,0.44062600838980315,0.16319218241042344,1.0,0.5659890287189416,0.0,0.0,0.0,0.0,1.4035840375180209,0.1088185116372029,0.2157479467181781,0.6666666666666666,0.0314688720565735,108113850.0,False,,False,False,True,universe_top1200,Use as candidate universe sensitivity reference.
687,8095,8095.T,"Astena Holdings Co.,Ltd.",Wholesale Trade,0.8876795768568656,0.751375849789576,0.7803636363636364,0.5677186061801447,0.44062600838980315,0.4804560260586319,1.0,0.4672474991932882,0.0,0.0,0.0,0.0,1.4001395920928623,0.1117679048037044,0.2898423933935128,0.6666666666666666,-0.0172241096459969,57531943.333333336,False,,False,False,True,universe_top1200,Use as candidate universe sensitivity reference.
688,6262,6262.T,"PEGASUS CO.,LTD.",Machinery,0.8876300330480541,0.9245710585950145,0.5581818181818182,0.2284681130834977,0.707647628267183,0.5882736156351791,1.0,0.5453372055501775,0.0,0.0,0.0,0.0,2.4166899786574314,0.0802977112392002,0.1597549469634474,0.8333333333333334,-0.0296529881169648,94981941.66666669,False,,False,False,True,universe_top1200,Use as candidate universe sensitivity reference.
689,6859,6859.T,ESPEC CORP.,Electric Appliances,0.8876034594631357,0.34671414697313047,0.452,0.6196581196581197,0.707647628267183,0.20912052117263846,1.0,0.7357212003872217,0.0,0.0,0.0,0.0,0.6510720568761592,0.0689394732582079,0.3162550924888262,0.8333333333333334,0.0202229981438454,315088283.3333333,False,,False,False,True,universe_top1200,Use as candidate universe sensitivity reference.
690,4071,4071.T,"Plus Alpha Consulting Co.,LTD.",Information & Communication,0.8875306868510149,0.021689867270961477,0.12472727272727273,0.8918474687705457,0.707647628267183,0.9107491856677524,1.0,0.80864795095192,0.0,0.0,0.0,0.0,0.1336762738308317,0.0311257183032001,0.6617358576372956,0.8333333333333334,-0.0945741464016035,547287396.6666666,False,,False,False,True,universe_top1200,Use as candidate universe sensitivity reference.
691,5302,5302.T,"Nippon Carbon Co.,Ltd.",Glass and Ceramics Products,0.8874504820195136,0.6924571058595015,0.736,0.1242603550295858,0.707647628267183,0.42508143322475567,1.0,0.6999031945788964,0.0,0.0,0.0,0.0,1.2387173978829338,0.1049288496516617,0.1198149684021166,0.8333333333333334,-0.0110863028787472,250077716.66666663,False,,False,False,True,universe_top1200,Use as candidate universe sensitivity reference.
692,1719,1719.T,HAZAMA ANDO CORPORATION,Construction,0.8873981325756246,0.3211395273551311,0.6650909090909091,0.24358974358974358,0.44062600838980315,0.12475570032573291,1.0,0.8928686673120362,0.0,0.0,0.0,0.0,0.6132783623468905,0.0941877712311968,0.1638877986095802,0.6666666666666666,0.0432448355022312,1509714267.5,False,,False,False,True,universe_top1200,Use as candidate universe sensitivity reference.
693,9364,9364.T,"Kamigumi Co.,Ltd.",Warehousing and Harbor Transportation Service,0.8873693107482944,0.46228552929750727,0.3392727272727273,0.1071663379355687,0.707647628267183,0.570684039087948,1.0,0.8954501452081317,0.0,0.0,0.0,0.0,0.8208395282067796,0.0576930315078004,0.1130867536021763,0.8333333333333334,-0.0274519416664188,1545779260.0,False,,False,False,True,universe_top1200,Use as candidate universe sensitivity reference.
694,2935,2935.T,"PICKLES HOLDINGS CO.,LTD.",Foods,0.8872018543095793,0.7818064098413726,0.724,0.57922419460881,0.707647628267183,0.9074918566775244,1.0,0.4178767344304614,0.0,0.0,0.0,0.0,1.4834338722570743,0.1023823108364729,0.2947291749437161,0.8333333333333334,-0.0930417231909472,42765180.0,False,,False,False,True,universe_top1200,Use as candidate universe sensitivity reference.
695,5991,5991.T,"NHK SPRING CO.,LTD.",Metal Products,0.8871535952931524,0.2945937196503723,0.4476363636363636,0.23833004602235372,0.707647628267183,0.39706840390879483,1.0,0.9215876089060987,0.0,0.0,0.0,0.0,0.5807090397291333,0.068552078303075,0.1623560329723985,0.8333333333333334,-0.0083050332857599,2265217429.1666665,False,,False,False,True,universe_top1200,Use as candidate universe sensitivity reference.
696,3632,3632.T,"GREE Holdings,Inc.",Information & Communication,0.8871224203601282,0.7011977986403367,0.244,0.4099276791584484,0.07454017424975799,0.19576547231270358,1.0,0.6844143272023233,0.0,0.0,0.0,0.0,1.258862864034101,0.0479163440379162,0.2197867521463991,0.3333333333333333,0.0224315493818904,225981098.33333337,False,,False,False,True,universe_top1200,Use as candidate universe sensitivity reference.
697,6323,6323.T,RORZE CORPORATION,Machinery,0.8868991810284415,0.055681450307542894,0.10690909090909091,0.5200525969756739,0.44062600838980315,0.8224755700325733,1.0,0.9686995805098418,0.0,0.0,0.0,0.0,0.2097217085355068,0.02854208746854,0.2668599405986761,0.6666666666666666,-0.0630739663411593,6955437688.333333,False,,False,False,True,universe_top1200,Use as candidate universe sensitivity reference.
698,6273,6273.T,SMC CORPORATION,Machinery,0.8868298492291249,0.21398510844933635,0.18363636363636363,0.2715318869165023,0.707647628267183,0.4407166123778502,1.0,0.9932236205227493,0.0,0.0,0.0,0.0,0.4591193447245199,0.0402746626508092,0.1728121205255033,0.8333333333333334,-0.0131107809023661,25180922616.666668,False,,False,False,True,universe_top1200,Use as candidate universe sensitivity reference.
699,9025,9025.T,"Konoike Transport Co.,Ltd.",Land Transportation,0.8866384671936669,0.6082874716736808,0.7214545454545455,0.1755424063116371,0.9209422394320749,0.601628664495114,1.0,0.7050661503710874,0.0,0.0,0.0,0.0,1.0536406285201476,0.1021952399225452,0.13920511422082,1.0,-0.0313290681384294,256485348.33333337,False,,False,False,True,universe_top1200,Use as candidate universe sensitivity reference.
700,6597,6597.T,HPC SYSTEMS Inc.,Electric Appliances,0.8865683678992022,0.018128844286176757,0.06763636363636363,0.7833662064431295,0.9209422394320749,0.9817589576547231,1.0,0.8531784446595676,0.0,0.0,0.0,0.0,0.1231958261158818,0.0215288428735993,0.4648552601012462,1.0,-0.1897523573556795,853985185.0,False,,False,False,True,universe_top1200,Use as candidate universe sensitivity reference.
701,7071,7071.T,"Amvis Holdings,Inc.",Services,0.8865615730144524,0.5869213337649725,0.7305454545454545,0.28106508875739644,0.21022910616327847,0.5944625407166124,1.0,0.6895772829945144,0.0,0.0,0.0,0.0,1.0209066053425624,0.1033757968060251,0.1761706791189679,0.5,-0.0303699613473219,232705380.0,False,,False,False,True,universe_top1200,Use as candidate universe sensitivity reference.
702,8084,8084.T,RYODEN CORPORATION,Wholesale Trade,0.8865275462741554,0.6354807381029459,0.34436363636363637,0.3336620644312952,0.44062600838980315,0.9052117263843649,1.0,0.6795740561471443,0.0,0.0,0.0,0.0,1.104426112357913,0.0582215148736088,0.1939716187189689,0.6666666666666666,-0.0922750669413667,218051925.0,False,,False,False,True,universe_top1200,Use as candidate universe sensitivity reference.
703,7840,7840.T,"FRANCE BED HOLDINGS CO.,LTD.",Other Products,0.8865127475704183,0.563289090320492,0.472,0.7662721893491125,0.44062600838980315,0.8143322475570033,1.0,0.5104872539528881,0.0,0.0,0.0,0.0,0.9751474404102712,0.0707460378616657,0.4439549813317575,0.6666666666666666,-0.0616974331565459,74679865.0,False,,False,False,True,universe_top1200,Use as candidate universe sensitivity reference.
704,9876,9876.T,"COX CO.,LTD.",Retail Trade,0.8863876085556194,0.854969245710586,0.9283636363636364,0.8806706114398422,0.21022910616327847,0.1609120521172639,1.0,0.26427879961277834,0.0,0.0,0.0,0.0,1.7751064929465632,0.1802791624946011,0.6230353706825199,0.5,0.0317659296203159,13131445.0,False,,False,False,True,universe_top1200,Use as candidate universe sensitivity reference.
705,4251,4251.T,KEIWA Incorporated,Chemicals,0.8862927225321787,0.5807704758821625,0.6818181818181818,0.5558842866535174,0.707647628267183,0.6771986970684039,1.0,0.5575992255566312,0.0,0.0,0.0,0.0,1.010397094223933,0.0960624624440169,0.2837494297404347,0.8333333333333334,-0.0406726515614571,103042775.0,False,,False,False,True,universe_top1200,Use as candidate universe sensitivity reference.
706,4725,4725.T,CAC Holdings Corporation,Information & Communication,0.8862885027782873,0.6587892521851731,0.9021818181818182,0.48422090729783035,0.21022910616327847,0.08306188925081437,1.0,0.5595353339787028,0.0,0.0,0.0,0.0,1.1543327810992674,0.1588448549440743,0.2480128073865857,0.5,0.062423929480323,103891828.33333331,False,,False,False,True,universe_top1200,Use as candidate universe sensitivity reference.
707,4475,4475.T,HENNGE K.K.,Information & Communication,0.8862291825256925,0.012949174490126255,0.17127272727272727,0.9533201840894149,0.9209422394320749,0.9612377850162866,1.0,0.7618586640851888,0.0,0.0,0.0,0.0,0.1058824952350513,0.0381513883388703,0.8792298183664383,1.0,-0.1369335620527568,381580481.6666667,False,,False,False,True,universe_top1200,Use as candidate universe sensitivity reference.
708,8141,8141.T,"Shinko Shoji Co.,Ltd.",Wholesale Trade,0.8861848759825571,0.6442214308837811,0.028363636363636365,0.11571334648257725,0.44062600838980315,0.995114006514658,1.0,0.819296547273314,0.0,0.0,0.0,0.0,1.1176921070851586,0.0117217372048178,0.1154888758416509,0.6666666666666666,-0.3465618467286394,606414443.3333334,False,,False,False,True,universe_top1200,Use as candidate universe sensitivity reference.
709,9744,9744.T,MEITEC Group Holdings Inc.,Services,0.8861286677427922,0.05503399158303658,0.31054545454545457,0.6929651545036161,0.44062600838980315,0.38990228013029316,1.0,0.8796385930945466,0.0,0.0,0.0,0.0,0.2093291483262578,0.0546755238165598,0.3750678468539936,0.6666666666666666,-0.0075863916421109,1231690015.0,False,,False,False,True,universe_top1200,Use as candidate universe sensitivity reference.
710,3640,3640.T,"DENSAN CO.,LTD.",Information & Communication,0.8859946860126449,0.5526060213661379,0.866909090909091,0.5904010519395135,0.9209422394320749,0.7765472312703583,1.0,0.5117779929009358,0.0,0.0,0.0,0.0,0.9573834586409536,0.1387528839833268,0.3023799179586047,1.0,-0.0548020867780091,74822798.33333333,False,,False,False,True,universe_top1200,Use as candidate universe sensitivity reference.
711,3299,3299.T,"MUGEN ESTATE Co.,Ltd.",Real Estate,0.8859627191719567,0.523794108125607,0.9130909090909091,0.2978303747534517,0.02032913843175218,0.024755700325732932,1.0,0.72378186511778,0.0,0.0,0.0,0.0,0.9133909170153968,0.1703710559138824,0.1811467881309865,0.1666666666666666,0.1383515017945324,284233420.0,False,,False,False,True,universe_top1200,Use as candidate universe sensitivity reference.
712,6016,6016.T,Japan Engine Corporation,Transportation Equipment,0.8859318619798192,0.04888313370022661,0.3785454545454545,0.48652202498356345,0.9209422394320749,0.8866449511400651,1.0,0.9170700225879316,0.0,0.0,0.0,0.0,0.1975735423601637,0.0615762066642788,0.2495945868335371,1.0,-0.0836651897003183,2112415283.3333333,False,,False,False,True,universe_top1200,Use as candidate universe sensitivity reference.
713,5192,5192.T,Mitsuboshi Belting Ltd.,Rubber Products,0.8858250604651713,0.49983813531887344,0.5821818181818181,0.39316239316239315,0.707647628267183,0.2631921824104234,1.0,0.7160374314294934,0.0,0.0,0.0,0.0,0.8764535302425432,0.0829001000563489,0.2144995037031381,0.8333333333333334,0.0098200654921098,270403166.6666667,False,,False,False,True,universe_top1200,Use as candidate universe sensitivity reference.
714,1934,1934.T,YURTEC CORPORATION,Construction,0.8858214072883138,0.5292975072839107,0.5109090909090909,0.23898750821827744,0.9209422394320749,0.43713355048859937,1.0,0.7634720877702484,0.0,0.0,0.0,0.0,0.9213375829220204,0.0747671065274299,0.1625056498335867,1.0,-0.0128052430655528,384479453.3333333,False,,False,False,True,universe_top1200,Use as candidate universe sensitivity reference.
715,6036,6036.T,"KeePer Technical Laboratory Co.,Ltd.",Services,0.8857424992353196,0.07478148268047911,0.4370909090909091,0.8011176857330703,0.21022910616327847,0.7029315960912053,1.0,0.7838012262020007,0.0,0.0,0.0,0.0,0.2499419902906643,0.0677264620601622,0.4865691129635534,0.5,-0.0438085585031602,455031830.0,False,,False,False,True,universe_top1200,Use as candidate universe sensitivity reference.
716,9401,9401.T,"TBS HOLDINGS,INC.",Information & Communication,0.8856790886641532,0.5736484299125931,0.24363636363636362,0.07495069033530571,0.44062600838980315,0.2325732899022801,1.0,0.8844788641497258,0.0,0.0,0.0,0.0,0.999469287943491,0.0479091013268798,0.099325296557045,0.6666666666666666,0.0155173732351502,1293919811.6666667,False,,False,False,True,universe_top1200,Use as candidate universe sensitivity reference.
717,3093,3093.T,"Treasure Factory Co.,LTD.",Retail Trade,0.885675845048934,0.10585950145678213,0.5196363636363637,0.9812623274161736,0.44062600838980315,0.3332247557003257,1.0,0.6876411745724427,0.0,0.0,0.0,0.0,0.3025347862998749,0.0758916719741391,1.127634522547981,0.6666666666666666,-0.0002591288950312,229812250.0,False,,False,False,True,universe_top1200,Use as candidate universe sensitivity reference.
718,3445,3445.T,"RS Technologies Co.,Ltd.",Metal Products,0.8855925716443865,0.45354483651667205,0.41345454545454546,0.11374095989480605,0.707647628267183,0.4299674267100977,1.0,0.8841561794127137,0.0,0.0,0.0,0.0,0.8028003874848474,0.0656561090650943,0.1149243258520041,0.8333333333333334,-0.0118543353725922,1281878108.3333333,False,,False,False,True,universe_top1200,Use as candidate universe sensitivity reference.
719,6420,6420.T,GALILEI CO.LTD.,Machinery,0.8855606527232451,0.4344448041437358,0.6334545454545455,0.4960552268244576,0.44062600838980315,0.24723127035830617,1.0,0.7053888351080994,0.0,0.0,0.0,0.0,0.7712655894241267,0.0903120424024821,0.2549978101467908,0.6666666666666666,0.0125691856490771,256645533.33333337,False,,False,False,True,universe_top1200,Use as candidate universe sensitivity reference.
720,9621,9621.T,"CTI Engineering Co.,Ltd.",Services,0.8855361411231192,0.5335059889932017,0.5858181818181818,0.5828402366863905,0.07454017424975799,0.31205211726384363,1.0,0.6263310745401742,0.0,0.0,0.0,0.0,0.9272075537814212,0.0833466821523791,0.2976034770710505,0.3333333333333333,0.0025255472903424,153798066.66666666,False,,False,False,True,universe_top1200,Use as candidate universe sensitivity reference.
721,8252,8252.T,"MARUI GROUP CO.,LTD.",Retail Trade,0.8854884538848375,0.2418258336031078,0.308,0.38231426692965154,0.07454017424975799,0.1654723127035831,1.0,0.9357857373346241,0.0,0.0,0.0,0.0,0.501859256156287,0.0544578215366398,0.2114744169090674,0.3333333333333333,0.030381364151935,2890260675.8333335,False,,False,False,True,universe_top1200,Use as candidate universe sensitivity reference.
722,6508,6508.T,MEIDENSHA CORPORATION,Electric Appliances,0.8851838517645965,0.11589511168662998,0.19745454545454547,0.4612097304404997,0.9209422394320749,0.7381107491856678,1.0,0.9277186189093256,0.0,0.0,0.0,0.0,0.3163278737869062,0.0419821976334913,0.2390294919832311,1.0,-0.0490435327908373,2498441766.6666665,False,,False,False,True,universe_top1200,Use as candidate universe sensitivity reference.
723,3916,3916.T,Digital Information Technologies Corporation,Information & Communication,0.8851670750579315,0.34185820653933313,0.9178181818181819,0.8405654174884944,0.9209422394320749,0.5006514657980456,1.0,0.5221039044853178,0.0,0.0,0.0,0.0,0.6440792461528135,0.172239602977785,0.5447504454724286,1.0,-0.0191566643340715,79438595.0,False,,False,False,True,universe_top1200,Use as candidate universe sensitivity reference.
724,4025,4025.T,"TAKI CHEMICAL CO.,LTD.",Chemicals,0.8851369201487395,0.6014891550663645,0.5487272727272727,0.21860618014464167,0.44062600838980315,0.2309446254071661,1.0,0.7492739593417231,0.0,0.0,0.0,0.0,1.0433552379562434,0.0792726514806119,0.1560020105707279,0.6666666666666666,0.015831687557938,352135866.6666667,False,,False,False,True,universe_top1200,Use as candidate universe sensitivity reference.
725,6804,6804.T,Hosiden Corporation,Electric Appliances,0.8850902322524373,0.585950145678213,0.4974545454545454,0.11604207758053912,0.02032913843175218,0.019543973941368087,1.0,0.8380122620200064,0.0,0.0,0.0,0.0,1.0201186934418311,0.072969998831757,0.1155787676191712,0.1666666666666666,0.1506313834478679,714684013.3333334,False,,False,False,True,universe_top1200,Use as candidate universe sensitivity reference.
726,7512,7512.T,Aeon Hokkaido Corporation,Retail Trade,0.885066209131728,0.34153447717707996,0.13054545454545455,0.8780407626561473,0.707647628267183,0.9198697068403909,1.0,0.6218134882220071,0.0,0.0,0.0,0.0,0.6439230289752151,0.0323186888139045,0.6172273533075258,0.8333333333333334,-0.0995679523040355,148987848.33333334,False,,False,False,True,universe_top1200,Use as candidate universe sensitivity reference.
727,9347,9347.T,"NIPPON KANZAI Holdings Co.,Ltd.",Services,0.8850447824639603,0.39268371641307864,0.40436363636363637,0.7100591715976331,0.44062600838980315,0.11009771986970684,1.0,0.6789286866731203,0.0,0.0,0.0,0.0,0.7139189196959548,0.0647071204521819,0.3927363272918465,0.6666666666666666,0.0480542574748769,216675366.66666663,False,,False,False,True,universe_top1200,Use as candidate universe sensitivity reference.
728,3151,3151.T,"VITAL KSK HOLDINGS,INC.",Wholesale Trade,0.8848825477874243,0.7536419553253481,0.6858181818181818,0.23076923076923078,0.21022910616327847,0.10781758957654719,1.0,0.6482736366569861,0.0,0.0,0.0,0.0,1.403790077374686,0.0968338597350327,0.1601298895678373,0.5,0.0487555883556762,174287908.33333334,False,,False,False,True,universe_top1200,Use as candidate universe sensitivity reference.
729,5965,5965.T,FUJIMAK CORPORATION,Metal Products,0.884838926268157,0.8520556814503075,0.9018181818181819,0.6551610782380013,0.707647628267183,0.1625407166123779,1.0,0.34817683123588256,0.0,0.0,0.0,0.0,1.760242090254638,0.1588448484581686,0.345305944092353,0.8333333333333334,0.0315511064511832,26100208.333333332,False,,False,False,True,universe_top1200,Use as candidate universe sensitivity reference.
730,7989,7989.T,TACHIKAWA CORPORATION,Metal Products,0.8848369595386146,0.6555519585626416,0.4167272727272727,0.5032873109796187,0.707647628267183,0.503257328990228,1.0,0.5885769603097774,0.0,0.0,0.0,0.0,1.1489609909921372,0.0660533723946992,0.2587892350465104,0.8333333333333334,-0.0195050355064719,122935105.0,False,,False,False,True,universe_top1200,Use as candidate universe sensitivity reference.
731,9612,9612.T,"LUCKLAND CO.,LTD.",Services,0.8848308088888843,0.5127873098089997,0.8781818181818182,0.6321499013806706,0.9209422394320749,0.888599348534202,1.0,0.5004840271055179,0.0,0.0,0.0,0.0,0.8958834116407971,0.1447321902293768,0.3278412911903161,1.0,-0.0842219607133158,70864825.0,False,,False,False,True,universe_top1200,Use as candidate universe sensitivity reference.
732,9267,9267.T,"Genky DrugStores Co.,Ltd.",Retail Trade,0.8847753911763723,0.2635157008740693,0.4669090909090909,0.6255752794214333,0.44062600838980315,0.7185667752442997,1.0,0.7386253630203291,0.0,0.0,0.0,0.0,0.5310371996738737,0.0702311307347381,0.3211362958076119,0.6666666666666666,-0.045849998963795,320991541.6666667,False,,False,False,True,universe_top1200,Use as candidate universe sensitivity reference.
733,7800,7800.T,"Amifa Co.,Ltd.",Other Products,0.8847031607373746,0.4292651343476853,0.45636363636363636,0.9293228139381986,0.9209422394320749,0.8973941368078175,1.0,0.48660858341400454,0.0,0.0,0.0,0.0,0.7619824755687669,0.0692103516023781,0.7826509061875943,1.0,-0.0890976904337066,64909250.0,False,,False,False,True,universe_top1200,Use as candidate universe sensitivity reference.
734,3245,3245.T,"DEAR LIFE CO.,LTD.",Real Estate,0.8846932789132117,0.30074457753318223,0.7716363636363637,0.43063773833004604,0.9209422394320749,0.9801302931596091,1.0,0.7208777024846724,0.0,0.0,0.0,0.0,0.5895486783465781,0.110328286990873,0.2277102330293819,1.0,-0.1864907506432724,278794800.0,False,,False,False,True,universe_top1200,Use as candidate universe sensitivity reference.
735,4673,4673.T,"Kawasaki Geological Engineering Co.,Ltd.",Services,0.8846266403214536,0.7118808675946908,0.893090909090909,0.5177514792899408,0.21022910616327847,0.011074918566775227,1.0,0.5124233623749597,0.0,0.0,0.0,0.0,1.2891718755166048,0.1524183354858481,0.2660299543119006,0.5,0.1914623078131274,75247000.0,False,,False,False,True,universe_top1200,Use as candidate universe sensitivity reference.
736,8830,8830.T,"Sumitomo Realty & Development Co.,Ltd.",Real Estate,0.8844647034565268,0.3476853350598899,0.34945454545454546,0.018080210387902695,0.9209422394320749,0.4,1.0,0.9867699257825104,0.0,0.0,0.0,0.0,0.6518775144000358,0.0588001782112955,0.052254678447738,1.0,-0.0085972402269355,13594616746.666666,False,,False,False,True,universe_top1200,Use as candidate universe sensitivity reference.
737,4212,4212.T,Sekisui Jushi Corporation,Chemicals,0.884460470515036,0.7782453868565878,0.3210909090909091,0.23011176857330704,0.44062600838980315,0.4928338762214983,1.0,0.665053242981607,0.0,0.0,0.0,0.0,1.4753626889635374,0.0557343424028363,0.1601277405001973,0.6666666666666666,-0.0185610423529239,196552688.33333337,False,,False,False,True,universe_top1200,Use as candidate universe sensitivity reference.
738,9601,9601.T,"Shochiku Co.,Ltd.",Information & Communication,0.8844419326811268,0.4399482033020395,0.16290909090909092,0.30013149243918474,0.9209422394320749,0.6456026058631922,1.0,0.8263956114875767,0.0,0.0,0.0,0.0,0.7800191055715976,0.0371360138292261,0.1814492045984628,1.0,-0.0370173473182729,646830483.3333334,False,,False,False,True,universe_top1200,Use as candidate universe sensitivity reference.
739,8131,8131.T,"Mitsuuroko Group Holdings Co.,Ltd.",Wholesale Trade,0.8843937944055569,0.579799287795403,0.7589090909090909,0.435568704799474,0.707647628267183,0.6729641693811075,1.0,0.5888996450467893,0.0,0.0,0.0,0.0,1.0094650483944658,0.1082610835271106,0.228849104859335,0.8333333333333334,-0.0402983078967546,122984106.66666669,False,,False,False,True,universe_top1200,Use as candidate universe sensitivity reference.
740,7003,7003.T,"MITSUI E&S Co.,Ltd.",Machinery,0.8843873252501926,0.1641307866623503,0.852,0.0992767915844839,0.707647628267183,0.047882736156351746,1.0,0.9938689899967732,0.0,0.0,0.0,0.0,0.3941447597336491,0.1309644039844452,0.1101537252255042,0.8333333333333334,0.0919799040535093,27171344351.666668,False,,False,False,True,universe_top1200,Use as candidate universe sensitivity reference.
741,5444,5444.T,"YAMATO KOGYO CO.,LTD.",Iron and Steel,0.8842851782231297,0.471997410165102,0.3890909090909091,0.011176857330703484,0.44062600838980315,0.6713355048859935,1.0,0.9099709583736689,0.0,0.0,0.0,0.0,0.8360900947689277,0.0631706044833623,0.0449092825496098,0.6666666666666666,-0.040233316275279,1899128733.3333333,False,,False,False,True,universe_top1200,Use as candidate universe sensitivity reference.
742,3076,3076.T,Ai Holdings Corporation,Wholesale Trade,0.8842833814152492,0.41210747814826804,0.872,0.3948060486522025,0.07454017424975799,0.033550488599348505,1.0,0.739270732494353,0.0,0.0,0.0,0.0,0.7380934953137188,0.1401827685205656,0.2153421429889429,0.3333333333333333,0.1161549698262828,321181283.3333333,False,,False,False,True,universe_top1200,Use as candidate universe sensitivity reference.
743,5915,5915.T,KOMAIHALTEC Inc.,Metal Products,0.8842711891375246,0.9653609582389122,0.8912727272727273,0.025312294543063774,0.707647628267183,0.9013029315960912,1.0,0.5185543723781865,0.0,0.0,0.0,0.0,3.1063994639624015,0.1497419184331102,0.0613351797357336,0.8333333333333334,-0.0906839267631845,77801481.66666667,False,,False,False,True,universe_top1200,Use as candidate universe sensitivity reference.
744,7318,7318.T,"SERENDIP HOLDINGS Co.,Ltd.",Transportation Equipment,0.8841565398019819,0.44545160246034315,0.9469090909090909,0.1531886916502301,0.21022910616327847,0.07654723127035834,1.0,0.808002581477896,0.0,0.0,0.0,0.0,0.7914413955687385,0.2033723179619361,0.1314288936724776,0.5,0.0659260953735119,539686313.3333334,False,,False,False,True,universe_top1200,Use as candidate universe sensitivity reference.
745,3179,3179.T,"Syuppin Co.,Ltd.",Retail Trade,0.8840068384143966,0.21948850760764002,0.6210909090909091,0.8402366863905325,0.21022910616327847,0.11140065146579803,1.0,0.6815101645692159,0.0,0.0,0.0,0.0,0.467121841225631,0.0886297560463006,0.5446677529266717,0.5,0.0476010134431604,222297560.0,False,,False,False,True,universe_top1200,Use as candidate universe sensitivity reference.
746,5461,5461.T,"Chubu Steel Plate Co.,Ltd.",Iron and Steel,0.8838920414546211,0.7222402071867918,0.12363636363636364,0.05029585798816568,0.44062600838980315,0.9872964169381108,1.0,0.7770248467247499,0.0,0.0,0.0,0.0,1.3247160238259783,0.0309649887445576,0.0847750251285993,0.6666666666666666,-0.2217468685609697,416968025.0,False,,False,False,True,universe_top1200,Use as candidate universe sensitivity reference.
747,7435,7435.T,"NADEX CO.,LTD.",Wholesale Trade,0.8838876020520656,0.8986727096147621,0.4658181818181818,0.42241946088099935,0.44062600838980315,0.714657980456026,1.0,0.4701516618263956,0.0,0.0,0.0,0.0,2.137654177792754,0.0700111811177392,0.2243658223590846,0.6666666666666666,-0.0452784528364865,58503731.666666664,False,,False,False,True,universe_top1200,Use as candidate universe sensitivity reference.
748,8160,8160.T,"KISOJI CO.,LTD.",Retail Trade,0.8837742157743964,0.22207834250566527,0.25527272727272726,0.9263642340565418,0.44062600838980315,0.14332247557003253,1.0,0.6950629235237173,0.0,0.0,0.0,0.0,0.469943859817503,0.0490308868077842,0.7757422885359441,0.6666666666666666,0.0373456956498301,239441706.66666663,False,,False,False,True,universe_top1200,Use as candidate universe sensitivity reference.
749,4928,4928.T,"Noevir Holdings Co.,Ltd.",Chemicals,0.8837604880497132,0.1447070249271609,0.4010909090909091,0.851413543721236,0.44062600838980315,0.2052117263843648,1.0,0.7424975798644724,0.0,0.0,0.0,0.0,0.3652681245430985,0.0643290742314553,0.5657846572190556,0.6666666666666666,0.0211685178768721,329607316.6666667,False,,False,False,True,universe_top1200,Use as candidate universe sensitivity reference.
750,9759,9759.T,"NSD CO.,LTD.",Information & Communication,0.8836949801942985,0.13240530916154095,0.36072727272727273,0.5936883629191322,0.9209422394320749,0.3644951140065147,1.0,0.8467247499193288,0.0,0.0,0.0,0.0,0.3425828259428177,0.0598762018793862,0.3042935293142509,1.0,-0.0041720843462038,795412755.8333334,False,,False,False,True,universe_top1200,Use as candidate universe sensitivity reference.
751,5957,5957.T,"NITTOSEIKO CO.,LTD.",Metal Products,0.8836433294154628,0.7788928455810942,0.6043636363636363,0.37442472057856674,0.707647628267183,0.40781758957654723,1.0,0.5443691513391417,0.0,0.0,0.0,0.0,1.4775859052737337,0.0860878067951117,0.2088580024657252,0.8333333333333334,-0.0095495905336018,94599650.0,False,,False,False,True,universe_top1200,Use as candidate universe sensitivity reference.
752,7976,7976.T,"MITSUBISHI PENCIL COMPANY,LIMITED",Other Products,0.8835961339542802,0.5836840401424409,0.3501818181818182,0.4700854700854701,0.21022910616327847,0.16221498371335508,1.0,0.6847370119393352,0.0,0.0,0.0,0.0,1.018126536885722,0.0588479342308121,0.2428954101812904,0.5,0.0316442353567743,226094138.33333337,False,,False,False,True,universe_top1200,Use as candidate universe sensitivity reference.
753,6226,6226.T,"Moriya Transportation Engineering and Manufacturing Co.,Ltd.",Machinery,0.8835868763891516,0.11460019423761736,0.5363636363636364,0.6725838264299803,0.44062600838980315,0.1003257328990228,1.0,0.8212326556953856,0.0,0.0,0.0,0.0,0.3145482098145814,0.0777892706836654,0.3592381683696768,0.6666666666666666,0.0522846595604466,618011606.6666666,False,,False,False,True,universe_top1200,Use as candidate universe sensitivity reference.
754,6622,6622.T,DAIHEN CORPORATION,Electric Appliances,0.883499036194062,0.17028164454516023,0.13963636363636364,0.410913872452334,0.44062600838980315,0.6644951140065147,1.0,0.9399806389157793,0.0,0.0,0.0,0.0,0.404190661338748,0.0340734691967204,0.2200293556233935,0.6666666666666666,-0.0391209085873358,3054266466.6666665,False,,False,False,True,universe_top1200,Use as candidate universe sensitivity reference.
755,9514,9514.T,EF-ON INC.,Electric Power and Gas,0.8834890195047328,0.935901586273875,0.6836363636363636,0.015779092702169626,0.9209422394320749,0.749185667752443,1.0,0.574378831881252,0.0,0.0,0.0,0.0,2.552510337194178,0.096450026656984,0.0498698851399856,1.0,-0.0507357688283354,114348866.66666669,False,,False,False,True,universe_top1200,Use as candidate universe sensitivity reference.
756,7716,7716.T,NAKANISHI INC.,Precision Instruments,0.8834422536779472,0.2068630624797669,0.20872727272727273,0.5641025641025641,0.707647628267183,0.6351791530944626,1.0,0.8328493062278154,0.0,0.0,0.0,0.0,0.4496397432854494,0.0433044433603373,0.28759715177496,0.8333333333333334,-0.035565476510567,688632315.0,False,,False,False,True,universe_top1200,Use as candidate universe sensitivity reference.
757,7128,7128.T,UNISOL Holdings Corporation,Wholesale Trade,0.8831683873222975,0.7853674328261573,0.21745454545454546,0.42011834319526625,0.707647628267183,0.573615635179153,1.0,0.574701516618264,0.0,0.0,0.0,0.0,1.491959491481246,0.0445309800031965,0.2236369851307468,0.8333333333333334,-0.0277328130978258,114492756.66666669,False,,False,False,True,universe_top1200,Use as candidate universe sensitivity reference.
758,7821,7821.T,"MAEDA KOSEN CO.,LTD.",Other Products,0.8831366639728775,0.28585302686953706,0.544,0.5358316896778436,0.9209422394320749,0.7260586319218241,1.0,0.7295901903839949,0.0,0.0,0.0,0.0,0.5692098729517563,0.0789123175121879,0.2736002023942318,1.0,-0.046877429695817,293851375.0,False,,False,False,True,universe_top1200,Use as candidate universe sensitivity reference.
759,5351,5351.T,"SHINAGAWA REFRA CO.,LTD.",Glass and Ceramics Products,0.8830534972401063,0.6306247976691486,0.8072727272727273,0.29322813938198555,0.21022910616327847,0.4768729641693811,1.0,0.6356889319135205,0.0,0.0,0.0,0.0,1.0961517405354493,0.1181691483940409,0.1800229491737273,0.5,-0.0170628883605298,161283495.0,False,,False,False,True,universe_top1200,Use as candidate universe sensitivity reference.
760,2109,2109.T,"Mitsui DM Sugar Co.,Ltd.",Foods,0.8830100304054888,0.6519909355778569,0.3654545454545455,0.3487836949375411,0.21022910616327847,0.8859934853420195,1.0,0.6498870603420458,0.0,0.0,0.0,0.0,1.1413013421233649,0.0603065691039118,0.1981987774238857,0.5,-0.0827490193687376,178308575.0,False,,False,False,True,universe_top1200,Use as candidate universe sensitivity reference.
761,6741,6741.T,"Nippon Signal Company,Limited",Electric Appliances,0.8830099718108995,0.5966332146325671,0.6010909090909091,0.21531886916502302,0.707647628267183,0.22703583061889254,1.0,0.7257179735398516,0.0,0.0,0.0,0.0,1.0348167608821128,0.0857414704089785,0.1544694417709335,0.8333333333333334,0.0164085239869093,286578320.0,False,,False,False,True,universe_top1200,Use as candidate universe sensitivity reference.
762,4275,4275.T,"Carlit Co.,Ltd.",Chemicals,0.8829694459806271,0.3716413078666235,0.38945454545454544,0.26397107166337935,0.9209422394320749,0.4850162866449511,1.0,0.8438205872862213,0.0,0.0,0.0,0.0,0.6855283496619154,0.0632319833715211,0.1711431742508324,1.0,-0.017565622984171,752988370.0,False,,False,False,True,universe_top1200,Use as candidate universe sensitivity reference.
763,9960,9960.T,TOTECH CORPORATION,Wholesale Trade,0.8828624955617687,0.17546131434121076,0.5141818181818182,0.7169625246548323,0.9209422394320749,0.5579804560260586,1.0,0.7247499193288157,0.0,0.0,0.0,0.0,0.4110630135585472,0.0751513069587022,0.3980556690646115,1.0,-0.0261438543955509,285223000.0,False,,False,False,True,universe_top1200,Use as candidate universe sensitivity reference.
764,7564,7564.T,"WORKMAN CO.,LTD.",Retail Trade,0.8828261110381741,0.05438653285853027,0.08981818181818182,0.6173570019723866,0.21022910616327847,0.7511400651465798,1.0,0.9193288157470152,0.0,0.0,0.0,0.0,0.2084930507630095,0.0259378308709521,0.3153651275033748,0.5,-0.0508768710176984,2199066900.0,False,,False,False,True,universe_top1200,Use as candidate universe sensitivity reference.
765,3922,3922.T,PR TIMES Corporation,Information & Communication,0.8828031325652153,0.10553577209452897,0.5367272727272727,0.9049967126890204,0.44062600838980315,0.923127035830619,1.0,0.6673120361406906,0.0,0.0,0.0,0.0,0.3012115297761139,0.0778665831822145,0.6954963302254968,0.6666666666666666,-0.1024670301381094,198671063.33333337,False,,False,False,True,universe_top1200,Use as candidate universe sensitivity reference.
766,6197,6197.T,Solasto Corporation,Services,0.8825683776225697,0.060861120103593395,0.1749090909090909,0.6239316239316239,0.9209422394320749,0.5612377850162866,1.0,0.8873830267828332,0.0,0.0,0.0,0.0,0.2219066037974734,0.0387387652547167,0.3195571850435824,1.0,-0.0263875123885034,1364233406.6666667,False,,False,False,True,universe_top1200,Use as candidate universe sensitivity reference.
767,2112,2112.T,"Ensuiko Sugar Refining Co.,Ltd.",Foods,0.8825122892614298,0.7575267076723858,0.9309090909090909,0.3793556870479947,0.707647628267183,0.778827361563518,1.0,0.46853823814133594,0.0,0.0,0.0,0.0,1.417954602278069,0.1822572530067369,0.2104404012922972,0.8333333333333334,-0.0549971886421141,57909498.333333336,False,,False,False,True,universe_top1200,Use as candidate universe sensitivity reference.
768,2980,2980.T,SRE Holdings Corporation,Real Estate,0.882451386372971,0.14211719002913564,0.2330909090909091,0.6127547666009204,0.21022910616327847,0.10097719869706845,1.0,0.8860922878347854,0.0,0.0,0.0,0.0,0.3617540358739252,0.0465649279926344,0.3128262746303327,0.5,0.0518046516638667,1330277315.0,False,,False,False,True,universe_top1200,Use as candidate universe sensitivity reference.
769,4554,4554.T,"Fuji Pharma Co.,Ltd.",Pharmaceutical,0.882409410389882,0.47426351570087405,0.3018181818181818,0.4161735700197239,0.44062600838980315,0.5960912052117264,1.0,0.7383026782833172,0.0,0.0,0.0,0.0,0.8391603737837984,0.0536684813113199,0.2222900273004657,0.6666666666666666,-0.0305444235435238,320938188.3333333,False,,False,False,True,universe_top1200,Use as candidate universe sensitivity reference.
770,3844,3844.T,COMTURE CORPORATION,Information & Communication,0.8824021932421877,0.19359015862738752,0.6345454545454545,0.6259040105193951,0.21022910616327847,0.1794788273615635,1.0,0.776702161987738,0.0,0.0,0.0,0.0,0.4318685210382582,0.0903350713001295,0.3215415251259224,0.5,0.0272766191670234,416811996.6666667,False,,False,False,True,universe_top1200,Use as candidate universe sensitivity reference.
771,4972,4972.T,"Soken Chemical & Engineering Co.,Ltd.",Chemicals,0.8823061414829036,0.35869213337649725,0.5258181818181819,0.5713346482577252,0.9209422394320749,0.5879478827361564,1.0,0.68054211035818,0.0,0.0,0.0,0.0,0.6639747347138842,0.0764997703799079,0.2915678345011481,1.0,-0.0295532744449619,220640216.66666663,False,,False,False,True,universe_top1200,Use as candidate universe sensitivity reference.
772,3878,3878.T,TOMOEGAWA CORPORATION,Chemicals,0.8822029357511896,0.9142117190029135,0.8236363636363636,0.2725180802103879,0.44062600838980315,0.4713355048859935,1.0,0.47273313972249115,0.0,0.0,0.0,0.0,2.2932797841124963,0.1219655677337466,0.1732375724173845,0.6666666666666666,-0.0164488017429193,59347620.0,False,,False,False,True,universe_top1200,Use as candidate universe sensitivity reference.
773,6861,6861.T,KEYENCE CORPORATION,Electric Appliances,0.8821370199038997,0.03237293622531564,0.06181818181818182,0.5292570677186061,0.21022910616327847,0.3570032573289902,1.0,0.9967731526298806,0.0,0.0,0.0,0.0,0.1597786343757677,0.0204907980518601,0.2698812850690619,0.5,-0.0034748871764958,57849066450.0,False,,False,False,True,universe_top1200,Use as candidate universe sensitivity reference.
774,7476,7476.T,AS ONE CORPORATION,Wholesale Trade,0.8821090984857235,0.19553253480090643,0.29927272727272725,0.6120973044049968,0.707647628267183,0.42475570032573295,1.0,0.8083252662149081,0.0,0.0,0.0,0.0,0.4333334965790671,0.0534545764941633,0.3127122029159177,0.8333333333333334,-0.0110423695822927,541204968.3333334,False,,False,False,True,universe_top1200,Use as candidate universe sensitivity reference.
775,7944,7944.T,Roland Corporation,Other Products,0.8820977741117232,0.1320815797992878,0.052,0.8172255095332018,0.21022910616327847,0.9635179153094463,1.0,0.7763794772507261,0.0,0.0,0.0,0.0,0.3421404692602915,0.0180483150547808,0.5108472992560825,0.5,-0.1395467185256538,416319516.6666667,False,,False,False,True,universe_top1200,Use as candidate universe sensitivity reference.
776,9713,9713.T,"THE ROYAL HOTEL,LIMITED",Services,0.8820937992362623,0.8358692133376497,0.8581818181818182,0.8428665351742275,0.44062600838980315,0.21921824104234533,1.0,0.271377863827041,0.0,0.0,0.0,0.0,1.679499500825261,0.1338641668554451,0.5494121633951148,0.6666666666666666,0.0180754765547912,13805063.333333334,False,,False,False,True,universe_top1200,Use as candidate universe sensitivity reference.
777,6266,6266.T,"TAZMO CO.,LTD.",Machinery,0.8820728801832773,0.22920038847523472,0.3978181818181818,0.4378698224852071,0.707647628267183,0.9472312703583062,1.0,0.8173604388512423,0.0,0.0,0.0,0.0,0.4821431271325632,0.0639543805110511,0.2294298257679523,0.8333333333333334,-0.1215237384581808,591646710.0,False,,False,False,True,universe_top1200,Use as candidate universe sensitivity reference.
778,3388,3388.T,"MEIJI ELECTRIC INDUSTRIES CO.,LTD.",Wholesale Trade,0.8820722812967499,0.7177079961152476,0.6654545454545454,0.4017094017094017,0.44062600838980315,0.2263843648208469,1.0,0.5669570829299774,0.0,0.0,0.0,0.0,1.3158267530329943,0.0941999947852331,0.2175777122947998,0.6666666666666666,0.0165355073710864,108461381.66666669,False,,False,False,True,universe_top1200,Use as candidate universe sensitivity reference.
779,2702,2702.T,"McDonald's Holdings Company(Japan),Ltd.",Retail Trade,0.881874336604906,0.09032049206863063,0.13345454545454546,0.45825115055884286,0.44062600838980315,0.7807817589576547,1.0,0.9490158115521136,0.0,0.0,0.0,0.0,0.2761332123069173,0.0329076148400035,0.2375237671926315,0.6666666666666666,-0.0551080652311183,3969068333.3333335,False,,False,False,True,universe_top1200,Use as candidate universe sensitivity reference.
780,6727,6727.T,"Wacom Co.,Ltd.",Electric Appliances,0.8818488853469695,0.08319844609906119,0.21854545454545454,0.8520710059171598,0.707647628267183,0.6846905537459284,1.0,0.760567925137141,0.0,0.0,0.0,0.0,0.2634100085141179,0.044597319349214,0.5672551459615847,0.8333333333333334,-0.0412958416009279,379380291.6666667,False,,False,False,True,universe_top1200,Use as candidate universe sensitivity reference.
781,7456,7456.T,"MATSUDA SANGYO Co.,Ltd.",Wholesale Trade,0.8818097828362212,0.3140174813855617,0.3396363636363636,0.3727810650887574,0.44062600838980315,0.12247557003257326,1.0,0.867053888351081,0.0,0.0,0.0,0.0,0.6055822323430472,0.0577254719447379,0.2084191829484902,0.6666666666666666,0.0440666127606288,1055623416.6666666,False,,False,False,True,universe_top1200,Use as candidate universe sensitivity reference.
782,2211,2211.T,"Fujiya Co.,Ltd.",Foods,0.88170465917585,0.6451926189705406,0.18727272727272729,0.678172255095332,0.21022910616327847,0.44885993485342024,1.0,0.558244595030655,0.0,0.0,0.0,0.0,1.1199083424346794,0.0406259864026134,0.3645713855931407,0.5,-0.0140322711754186,103493280.0,False,,False,False,True,universe_top1200,Use as candidate universe sensitivity reference.
783,7244,7244.T,"ICHIKOH INDUSTRIES,LTD.",Electric Appliances,0.8814856174898509,0.8154742635157008,0.897090909090909,0.23602892833662065,0.707647628267183,0.6052117263843648,1.0,0.5114553081639238,0.0,0.0,0.0,0.0,1.582551613419798,0.155944146130171,0.1613609891932336,0.8333333333333334,-0.0316713510183652,74790906.66666667,False,,False,False,True,universe_top1200,Use as candidate universe sensitivity reference.
784,4410,4410.T,"HARIMA CHEMICALS GROUP,INC.",Chemicals,0.8814535789348728,0.7792165749433474,0.5865454545454546,0.40269559500328733,0.707647628267183,0.6719869706840391,1.0,0.5069377218457567,0.0,0.0,0.0,0.0,1.4777624303365062,0.083471611100565,0.2178541441765623,0.8333333333333334,-0.0402563599107875,73728451.66666667,False,,False,False,True,universe_top1200,Use as candidate universe sensitivity reference.
785,4063,4063.T,"Shin-Etsu Chemical Co.,Ltd.",Chemicals,0.8813902305740675,0.12495953382971836,0.31527272727272726,0.2754766600920447,0.44062600838980315,0.4602605863192183,1.0,0.9970958373668926,0.0,0.0,0.0,0.0,0.3343165574773004,0.0552536257865197,0.1745947602109853,0.6666666666666666,-0.015282938826982,61646985801.666664,False,,False,False,True,universe_top1200,Use as candidate universe sensitivity reference.
786,9065,9065.T,SANKYU INC.,Land Transportation,0.8813672377080441,0.33570734865652313,0.4250909090909091,0.1663379355687048,0.44062600838980315,0.5351791530944625,1.0,0.904162633107454,0.0,0.0,0.0,0.0,0.6349806234319644,0.0665925623265079,0.1350981035934327,0.6666666666666666,-0.0235718896931541,1746423651.6666667,False,,False,False,True,universe_top1200,Use as candidate universe sensitivity reference.
787,4396,4396.T,System Support Holdings Inc.,Information & Communication,0.8813308511592777,0.27290385237941084,0.8578181818181818,0.8431952662721893,0.21022910616327847,0.8700325732899022,1.0,0.548241368183285,0.0,0.0,0.0,0.0,0.550652830485507,0.1335082206349747,0.550625549003167,0.5,-0.0780414182342229,96560793.33333331,False,,False,False,True,universe_top1200,Use as candidate universe sensitivity reference.
788,8935,8935.T,"FJ NEXT HOLDINGS CO.,LTD.",Real Estate,0.8813155361065519,0.6966655875687925,0.7727272727272727,0.32741617357001973,0.07454017424975799,0.00944625407166122,1.0,0.6137463697967086,0.0,0.0,0.0,0.0,1.24672146635699,0.1108375423931374,0.1910879908177055,0.3333333333333333,0.1973407502883115,143541633.33333334,False,,False,False,True,universe_top1200,Use as candidate universe sensitivity reference.
789,1808,1808.T,HASEKO Corporation,Construction,0.8812737744327467,0.3985108449336355,0.26836363636363636,0.12886259040105194,0.44062600838980315,0.1869706840390879,1.0,0.9341723136495643,0.0,0.0,0.0,0.0,0.7211135789699216,0.0507852044711963,0.121978196649143,0.6666666666666666,0.0247037108208776,2806570245.8333335,False,,False,False,True,universe_top1200,Use as candidate universe sensitivity reference.
790,5888,5888.T,"DAIWA CYCLE CO.,LTD.",Retail Trade,0.8811958924251274,0.47005503399158305,0.8349090909090909,0.9631821170282708,0.44062600838980315,0.1902280130293159,1.0,0.4233623749596644,0.0,0.0,0.0,0.0,0.8319446623122401,0.1250374695992038,0.9599233931301092,0.6666666666666666,0.0237985640055343,44442370.0,False,,False,False,True,universe_top1200,Use as candidate universe sensitivity reference.
791,3284,3284.T,"Hoosiers Holdings Co.,Ltd.",Real Estate,0.8811700979098525,0.6600841696341858,0.8690909090909091,0.12721893491124261,0.07454017424975799,0.034527687296416976,1.0,0.7044207808970636,0.0,0.0,0.0,0.0,1.1562648354545046,0.1394210010596267,0.1211733701030813,0.3333333333333333,0.1155938731819541,255784588.33333337,False,,False,False,True,universe_top1200,Use as candidate universe sensitivity reference.
792,4093,4093.T,"Toho Acetylene Co.,Ltd.",Chemicals,0.8811661258380309,0.7963742311427646,0.7450909090909091,0.6295200525969756,0.44062600838980315,0.5410423452768729,1.0,0.38334946757018395,0.0,0.0,0.0,0.0,1.5267935242453716,0.1061501640082169,0.3262003460792439,0.6666666666666666,-0.0241869559531811,33972228.333333336,False,,False,False,True,universe_top1200,Use as candidate universe sensitivity reference.
793,6822,6822.T,"Oi Electric Co.,Ltd.",Electric Appliances,0.8810859089044598,0.6526383943023633,0.9036363636363637,0.462853385930309,0.9209422394320749,0.8228013029315961,1.0,0.4782187802516941,0.0,0.0,0.0,0.0,1.14179362347138,0.1605278234508272,0.2393845218390028,1.0,-0.0631172749305927,61122391.666666664,False,,False,False,True,universe_top1200,Use as candidate universe sensitivity reference.
794,7875,7875.T,"TAKEDA iP HOLDINGS CO.,LTD.",Other Products,0.8810449596478971,0.9614762058918744,0.952,0.44247205785667326,0.9209422394320749,0.7436482084690554,1.0,0.3110680864795095,0.0,0.0,0.0,0.0,3.0558017890857454,0.2087173421490563,0.2321519308943089,1.0,-0.0496379573170731,19343711.666666668,False,,False,False,True,universe_top1200,Use as candidate universe sensitivity reference.
795,9932,9932.T,"SUGIMOTO & CO.,LTD.",Wholesale Trade,0.8810000345298566,0.8277759792813209,0.7047272727272728,0.43984220907297833,0.707647628267183,0.4328990228013029,1.0,0.4553081639238464,0.0,0.0,0.0,0.0,1.6407534556828498,0.099360657625027,0.2308588279743058,0.8333333333333334,-0.0122389885935121,52702595.0,False,,False,False,True,universe_top1200,Use as candidate universe sensitivity reference.
796,3132,3132.T,"MACNICA HOLDINGS,INC.",Wholesale Trade,0.8809228483074182,0.21107154418905794,0.23418181818181819,0.40368178829717294,0.21022910616327847,0.295114006514658,1.0,0.920619554695063,0.0,0.0,0.0,0.0,0.4544363139966229,0.0466346547247803,0.2179074757654941,0.5,0.0046920577767114,2216093099.1666665,False,,False,False,True,universe_top1200,Use as candidate universe sensitivity reference.
797,4167,4167.T,Kokopelli Inc.,Information & Communication,0.8809089120822955,0.5448365166720621,0.4636363636363636,0.7859960552268245,0.707647628267183,0.9342019543973942,1.0,0.4691836076153598,0.0,0.0,0.0,0.0,0.943831758071288,0.0698864410591617,0.4688426860322162,0.8333333333333334,-0.111054561420597,58131901.666666664,False,,False,False,True,universe_top1200,Use as candidate universe sensitivity reference.
798,1417,1417.T,MIRAIT ONE Corporation,Construction,0.8807802069743746,0.43379734541922954,0.2716363636363636,0.1814595660749507,0.9209422394320749,0.33355048859934855,1.0,0.8644724104549855,0.0,0.0,0.0,0.0,0.7703029285987782,0.0510230036336247,0.1417651854871585,1.0,-0.00029384014247,1027705946.6666666,False,,False,False,True,universe_top1200,Use as candidate universe sensitivity reference.
799,1802,1802.T,OBAYASHI CORPORATION,Construction,0.8807270909946335,0.277436063450955,0.45454545454545453,0.07199211045364892,0.707647628267183,0.20162866449511396,1.0,0.9832203936753792,0.0,0.0,0.0,0.0,0.5558867748806754,0.0691454227602585,0.0978819355207642,0.8333333333333334,0.0214227308544388,10812431821.666666,False,,False,False,True,universe_top1200,Use as candidate universe sensitivity reference.
800,7914,7914.T,"Kyodo Printing Co.,Ltd.",Other Products,0.8807158254615701,0.701845257364843,0.6316363636363637,0.2274819197896121,0.9209422394320749,0.48241042345276874,1.0,0.622136172959019,0.0,0.0,0.0,0.0,1.2607425533767052,0.0901174520772343,0.1595650244118952,1.0,-0.0174197524643096,149237776.66666666,False,,False,False,True,universe_top1200,Use as candidate universe sensitivity reference.
801,8041,8041.T,OUG Holdings Inc.,Wholesale Trade,0.8806167657261785,0.8025250890255746,0.9429090909090909,0.6587771203155819,0.707647628267183,0.21074918566775247,1.0,0.3423685059696676,0.0,0.0,0.0,0.0,1.5477632225649351,0.1970671947279274,0.3472471474465492,0.8333333333333334,0.0199647227428067,24689816.666666668,False,,False,False,True,universe_top1200,Use as candidate universe sensitivity reference.
802,5714,5714.T,"DOWA HOLDINGS CO.,LTD.",Nonferrous Metals,0.8805114996343684,0.3648429912593072,0.2250909090909091,0.14266929651545035,0.07454017424975799,0.19250814332247557,1.0,0.9609551468215554,0.0,0.0,0.0,0.0,0.6743777604379019,0.0454502097778271,0.1276834392829717,0.3333333333333333,0.0232025179277277,5481967496.666667,False,,False,False,True,universe_top1200,Use as candidate universe sensitivity reference.
803,7433,7433.T,"Hakuto Co.,Ltd.",Wholesale Trade,0.8805041581579961,0.4331498866947232,0.36472727272727273,0.3905325443786982,0.707647628267183,0.6778501628664495,1.0,0.7389480477573411,0.0,0.0,0.0,0.0,0.7698105331894745,0.0602614628779054,0.2138276983493894,0.8333333333333334,-0.040710835959498,321020441.6666667,False,,False,False,True,universe_top1200,Use as candidate universe sensitivity reference.
804,4186,4186.T,"TOKYO OHKA KOGYO CO.,LTD.",Chemicals,0.8804496509334092,0.04499838135318873,0.12145454545454545,0.5190664036817882,0.21022910616327847,0.24429967426710097,1.0,0.9822523394643433,0.0,0.0,0.0,0.0,0.1892166336627397,0.0306027735978086,0.2667525619460053,0.5,0.0129418588449536,10657716856.666666,False,,False,False,True,universe_top1200,Use as candidate universe sensitivity reference.
805,4977,4977.T,Nitta Gelatin Inc.,Chemicals,0.8798961206515675,0.6636451926189706,0.9338181818181818,0.480276134122288,0.707647628267183,0.5758957654723127,1.0,0.47466924814456274,0.0,0.0,0.0,0.0,1.1638676049822891,0.1862261557589695,0.2464553485264642,0.8333333333333334,-0.0279440124416796,60044753.333333336,False,,False,False,True,universe_top1200,Use as candidate universe sensitivity reference.
806,6866,6866.T,HIOKI E.E.CORPORATION,Electric Appliances,0.8798306297112843,0.07283910650696018,0.1210909090909091,0.7149901380670611,0.44062600838980315,0.6853420195439739,1.0,0.8418844788641497,0.0,0.0,0.0,0.0,0.2463351866539076,0.0305850357497619,0.3963920070914637,0.6666666666666666,-0.0414262846717618,739085916.6666666,False,,False,False,True,universe_top1200,Use as candidate universe sensitivity reference.
807,8200,8200.T,"RINGER HUT CO.,LTD.",Retail Trade,0.8797677348460257,0.09226286824214956,0.12727272727272726,0.9621959237343852,0.707647628267183,0.6742671009771988,1.0,0.7121652145853501,0.0,0.0,0.0,0.0,0.2802557793187664,0.0317909193129292,0.9523633132928876,0.8333333333333334,-0.0403706589833951,264019746.66666663,False,,False,False,True,universe_top1200,Use as candidate universe sensitivity reference.
808,9075,9075.T,"FUKUYAMA TRANSPORTING CO.,LTD.",Land Transportation,0.8796696865548431,0.633538361929427,0.1741818181818182,0.00821827744904668,0.707647628267183,0.5811074918566775,1.0,0.8322039367537916,0.0,0.0,0.0,0.0,1.1003119019227596,0.0385642358483699,0.0337984397032799,0.8333333333333334,-0.028619661077719,682964866.6666666,False,,False,False,True,universe_top1200,Use as candidate universe sensitivity reference.
809,6368,6368.T,ORGANO CORPORATION,Machinery,0.8796317014905037,0.03431531239883458,0.1370909090909091,0.5562130177514792,0.707647628267183,0.2280130293159609,1.0,0.9509519199741853,0.0,0.0,0.0,0.0,0.1673437261399113,0.0333958394014546,0.283863865511636,0.8333333333333334,0.0163670548052368,4163357991.6666665,False,,False,False,True,universe_top1200,Use as candidate universe sensitivity reference.
810,6482,6482.T,Yushin Company,Machinery,0.8795281413127709,0.811589511168663,0.6505454545454545,0.5088757396449705,0.44062600838980315,0.09055374592833876,1.0,0.46466602129719264,0.0,0.0,0.0,0.0,1.577955014142608,0.092014271090311,0.2623155528502917,0.6666666666666666,0.0583710561275472,55788075.0,False,,False,False,True,universe_top1200,Use as candidate universe sensitivity reference.
811,2612,2612.T,KADOYA SESAME MILLS INCORPORATED,Foods,0.8794415444766747,0.937843962447394,0.9232727272727272,0.44641683103221563,0.707647628267183,0.1169381107491857,1.0,0.3646337528234915,0.0,0.0,0.0,0.0,2.62848816367146,0.1756797561824367,0.2330485115766262,0.8333333333333334,0.0457735450717459,28797646.64347331,False,,False,False,True,universe_top1200,Use as candidate universe sensitivity reference.
812,7508,7508.T,G-7 HOLDINGS Inc.,Retail Trade,0.8791970248342976,0.2797021689867271,0.5898181818181818,0.9174884944115713,0.21022910616327847,0.6605863192182411,1.0,0.5598580187157147,0.0,0.0,0.0,0.0,0.5591381821947773,0.0837757396511347,0.7347120648437611,0.5,-0.0387583449628484,104220275.0,False,,False,False,True,universe_top1200,Use as candidate universe sensitivity reference.
813,7504,7504.T,KOHSOKU CORPORATION,Wholesale Trade,0.8790195100890889,0.4056328909032049,0.39490909090909093,0.6936226166995397,0.707647628267183,0.1338762214983713,1.0,0.6402065182316876,0.0,0.0,0.0,0.0,0.7310650439819798,0.0637055720228339,0.3761984287711236,0.8333333333333334,0.0406468301944054,164747950.0,False,,False,False,True,universe_top1200,Use as candidate universe sensitivity reference.
814,3023,3023.T,Rasa Corporation,Wholesale Trade,0.8789900694970504,0.6659112981547426,0.8694545454545455,0.36817882971729127,0.44062600838980315,0.3879478827361563,1.0,0.5495321071313327,0.0,0.0,0.0,0.0,1.1722419127643344,0.1395794199224904,0.2060494903635106,0.6666666666666666,-0.0073222234037704,97829025.0,False,,False,False,True,universe_top1200,Use as candidate universe sensitivity reference.
815,4229,4229.T,"Gun Ei Chemical Industry Co.,Ltd.",Chemicals,0.8789512173839158,0.8326319197151182,0.4229090909090909,0.08349769888231427,0.21022910616327847,0.6429967426710097,1.0,0.6515004840271055,0.0,0.0,0.0,0.0,1.671766467334037,0.0664104712913233,0.1035418451870894,0.5,-0.0366852646176669,180565791.66666663,False,,False,False,True,universe_top1200,Use as candidate universe sensitivity reference.
816,3712,3712.T,"Information Planning CO.,LTD.",Information & Communication,0.8788337430621589,0.9436710909679508,0.9847272727272727,0.5894148586456279,0.21022910616327847,0.39902280130293155,1.0,0.28105840593739917,0.0,0.0,0.0,0.0,2.7395215678069533,0.3757457195662029,0.301603884902019,0.5,-0.0085719660268646,15090305.0,False,,False,False,True,universe_top1200,Use as candidate universe sensitivity reference.
817,6652,6652.T,IDEC CORPORATION,Electric Appliances,0.8787233511764905,0.3515700874069278,0.22072727272727272,0.48553583168967784,0.21022910616327847,0.8013029315960912,1.0,0.7650855114553081,0.0,0.0,0.0,0.0,0.6566674962303616,0.0448275131418187,0.2487073335586346,0.5,-0.0589546078603292,386740616.6666667,False,,False,False,True,universe_top1200,Use as candidate universe sensitivity reference.
818,6125,6125.T,"OKAMOTO MACHINE TOOL WORKS,LTD.",Machinery,0.8787068868711084,0.6558756879248948,0.3367272727272727,0.3297172912557528,0.07454017424975799,0.0775244299674267,1.0,0.6934494998386577,0.0,0.0,0.0,0.0,1.1489877873076,0.0573318364398733,0.1920244296748697,0.3333333333333333,0.0651502740848087,237973250.0,False,,False,False,True,universe_top1200,Use as candidate universe sensitivity reference.
819,5940,5940.T,"FUJISASH CO.,LTD.",Metal Products,0.878669356473627,0.9401100679831661,0.9687272727272728,0.3330046022353715,0.44062600838980315,0.1824104234527687,1.0,0.4059373991610197,0.0,0.0,0.0,0.0,2.668426967456071,0.2516743674532558,0.193887478347531,0.6666666666666666,0.0264718412840973,39471633.333333336,False,,False,False,True,universe_top1200,Use as candidate universe sensitivity reference.
820,2204,2204.T,"NAKAMURAYA CO.,LTD.",Foods,0.8786006022000281,0.7976691485917773,0.2629090909090909,0.6160420775805391,0.707647628267183,0.9188925081433225,1.0,0.4275572765408196,0.0,0.0,0.0,0.0,1.532189144564552,0.050148267060179,0.3148517041998229,0.8333333333333334,-0.0983702190601042,44950083.333333336,False,,False,False,True,universe_top1200,Use as candidate universe sensitivity reference.
821,5384,5384.T,FUJIMI INCORPORATED,Glass and Ceramics Products,0.8785800855539683,0.07348656523146649,0.11963636363636364,0.5900723208415516,0.707647628267183,0.6785016286644951,1.0,0.8835108099386899,0.0,0.0,0.0,0.0,0.2476596206111628,0.0304103275610975,0.3019646235754829,0.8333333333333334,-0.040768916719856,1271243343.3333333,False,,False,False,True,universe_top1200,Use as candidate universe sensitivity reference.
822,1887,1887.T,JDC CORPORATION,Construction,0.8784754086357204,0.8038200064745873,0.2821818181818182,0.05193951347797501,0.707647628267183,0.4237785016286645,1.0,0.7024846724749919,0.0,0.0,0.0,0.0,1.553329186944352,0.0520979907647566,0.0866909825167615,0.8333333333333334,-0.0109315954541327,253472253.33333337,False,,False,False,True,universe_top1200,Use as candidate universe sensitivity reference.
823,6240,6240.T,YAMASHIN-FILTER CORP.,Machinery,0.8784493282027945,0.29265134347685334,0.2810909090909091,0.6410256410256411,0.9209422394320749,0.5726384364820847,1.0,0.7099064214262666,0.0,0.0,0.0,0.0,0.5781698730546622,0.0520679164751281,0.3353016416698939,1.0,-0.0276059836830219,261342851.66666663,False,,False,False,True,universe_top1200,Use as candidate universe sensitivity reference.
824,4433,4433.T,"HITO-Communications Holdings,Inc.",Services,0.8783651664200528,0.7067011977986404,0.5225454545454545,0.6199868507560815,0.707647628267183,0.7882736156351792,1.0,0.43852855759922554,0.0,0.0,0.0,0.0,1.276704700098308,0.0761687682715867,0.3163000342952329,0.8333333333333334,-0.0562990423231387,47680553.333333336,False,,False,False,True,universe_top1200,Use as candidate universe sensitivity reference.
825,3193,3193.T,"Eternal Hospitality Group Co.,Ltd.",Retail Trade,0.8780611312441626,0.1068306895435416,0.29563636363636364,0.9947403024326101,0.707647628267183,0.6436482084690553,1.0,0.6534365924491772,0.0,0.0,0.0,0.0,0.3042132474084275,0.0532793052944814,1.4860220556182675,0.8333333333333334,-0.0367242395652986,181675665.0,False,,False,False,True,universe_top1200,Use as candidate universe sensitivity reference.
826,4026,4026.T,"Konoshima Chemical Co.,Ltd.",Glass and Ceramics Products,0.8780550876838578,0.41663968921981226,0.5741818181818181,0.4250493096646943,0.707647628267183,0.7775244299674267,1.0,0.6776379477250726,0.0,0.0,0.0,0.0,0.7428927288170777,0.0821170379817087,0.2254401093358498,0.8333333333333334,-0.054829855484639,214463123.33333337,False,,False,False,True,universe_top1200,Use as candidate universe sensitivity reference.
827,3836,3836.T,AVANT GROUP CORPORATION,Information & Communication,0.8780300570110948,0.16769180964713498,0.5876363636363636,0.8211702827087443,0.9209422394320749,0.7127035830618893,1.0,0.6353662471765086,0.0,0.0,0.0,0.0,0.4015177773107374,0.0836311352012302,0.5160831500195605,1.0,-0.0447392217326317,161220958.33333334,False,,False,False,True,universe_top1200,Use as candidate universe sensitivity reference.
828,6118,6118.T,"AIDA ENGINEERING,LTD.",Machinery,0.8779527936929173,0.720621560375526,0.5610909090909091,0.09993425378040763,0.9209422394320749,0.4074918566775244,1.0,0.6711842529848339,0.0,0.0,0.0,0.0,1.3214342453603785,0.0805939486780168,0.1103027135567811,1.0,-0.0094583407348815,206399750.0,False,,False,False,True,universe_top1200,Use as candidate universe sensitivity reference.
829,7102,7102.T,"NIPPON SHARYO,LTD.",Transportation Equipment,0.8779503501288035,0.7445775331822596,0.8654545454545455,0.10387902695595003,0.707647628267183,0.14397394136807817,1.0,0.6260083898031623,0.0,0.0,0.0,0.0,1.3829216274166949,0.1372482545709923,0.1120048183952913,0.8333333333333334,0.0371429318921666,153706841.66666666,False,,False,False,True,universe_top1200,Use as candidate universe sensitivity reference.
830,9869,9869.T,"KATO SANGYO CO.,LTD.",Wholesale Trade,0.8778842048315806,0.5626416315959858,0.5356363636363637,0.27317554240631164,0.44062600838980315,0.2110749185667753,1.0,0.712810584059374,0.0,0.0,0.0,0.0,0.9740658871410184,0.0776554140053784,0.173332625861249,0.6666666666666666,0.0199579936294974,265278566.66666663,False,,False,False,True,universe_top1200,Use as candidate universe sensitivity reference.
831,4971,4971.T,MEC COMPANY LTD.,Chemicals,0.8778825919378894,0.02751699579151829,0.10581818181818183,0.6074950690335306,0.707647628267183,0.12345276872964173,1.0,0.9348176831235883,0.0,0.0,0.0,0.0,0.1492858484837371,0.0282524895413633,0.3103557016798286,0.8333333333333334,0.0435483866645432,2863908933.3333335,False,,False,False,True,universe_top1200,Use as candidate universe sensitivity reference.
832,8159,8159.T,"TACHIBANA ELETECH CO.,LTD.",Wholesale Trade,0.8778446982757083,0.7154418905794756,0.6865454545454546,0.28402366863905326,0.707647628267183,0.7758957654723126,1.0,0.553081639238464,0.0,0.0,0.0,0.0,1.308284061841316,0.0970415350738368,0.1772984475504183,0.8333333333333334,-0.0547924479992551,99631495.0,False,,False,False,True,universe_top1200,Use as candidate universe sensitivity reference.
833,4664,4664.T,JAPAN RELIANCE SERVICE CORPORATION,Services,0.8778443119053703,0.4755584331498867,0.4883636363636364,0.6798159105851413,0.44062600838980315,0.13713355048859932,1.0,0.5927718618909326,0.0,0.0,0.0,0.0,0.8405560718637136,0.0721743734344449,0.3654745588765243,0.6666666666666666,0.0394445888414684,126559708.33333331,False,,False,False,True,universe_top1200,Use as candidate universe sensitivity reference.
834,9993,9993.T,"YAMAZAWA CO.,LTD.",Retail Trade,0.8778059514317647,0.9100032372936225,0.8512727272727273,0.854043392504931,0.9209422394320749,0.8830618892508143,1.0,0.1484349790254921,0.0,0.0,0.0,0.0,2.2533473359244187,0.1307655947260955,0.5703452788790947,1.0,-0.0817966243548612,5521326.666666667,False,,False,False,True,universe_top1200,Use as candidate universe sensitivity reference.
835,6229,6229.T,OKUMURA ENGINEERING corp.,Machinery,0.8777942351286041,0.7753318225963095,0.5436363636363636,0.5141354372123603,0.707647628267183,0.7052117263843648,1.0,0.44595030655050016,0.0,0.0,0.0,0.0,1.4698521842153738,0.0788776351481285,0.2646185059934391,0.8333333333333334,-0.0440981627602843,49585320.0,False,,False,False,True,universe_top1200,Use as candidate universe sensitivity reference.
836,5706,5706.T,"Mitsui Kinzoku Company,Limited",Nonferrous Metals,0.877536576921184,0.014567821301392036,0.07018181818181818,0.43261012491781725,0.9209422394320749,0.4498371335504886,1.0,0.9977412068409164,0.0,0.0,0.0,0.0,0.1106563774033437,0.0219149985818431,0.228343141665552,1.0,-0.0141570567737712,90496849483.33331,False,,False,False,True,universe_top1200,Use as candidate universe sensitivity reference.
837,5906,5906.T,"MK SEIKO CO.,LTD.",Metal Products,0.8775226652159374,0.7672385885399806,0.7978181818181819,0.6614069690992768,0.707647628267183,0.16449511400651462,1.0,0.3730235559858019,0.0,0.0,0.0,0.0,1.4481698918662715,0.1158053099609556,0.3490856553075332,0.8333333333333334,0.0308350147225126,31201090.0,False,,False,False,True,universe_top1200,Use as candidate universe sensitivity reference.
838,3877,3877.T,"Chuetsu Pulp & Paper Co.,Ltd.",Pulp and Paper,0.8774793754251934,0.9070896730333441,0.4698181818181818,0.15417488494411571,0.707647628267183,0.8286644951140065,1.0,0.5363020329138432,0.0,0.0,0.0,0.0,2.237838425015523,0.0704462463390417,0.1317165990031507,0.8333333333333334,-0.0646998630611108,89059385.0,False,,False,False,True,universe_top1200,Use as candidate universe sensitivity reference.
839,2157,2157.T,"KOSHIDAKA HOLDINGS Co.,LTD.",Services,0.8774789597989681,0.20815797992877955,0.4334545454545455,0.5210387902695595,0.44062600838980315,0.9403908794788274,1.0,0.7705711519845111,0.0,0.0,0.0,0.0,0.4505637871012899,0.0674945157738747,0.2678726902284944,0.6666666666666666,-0.1153545182354714,402662761.6666667,False,,False,False,True,universe_top1200,Use as candidate universe sensitivity reference.
840,2326,2326.T,Digital Arts Inc.,Information & Communication,0.8774709497068177,0.12010359339592101,0.33854545454545454,0.606508875739645,0.21022910616327847,0.22833876221498373,1.0,0.8493062278154243,0.0,0.0,0.0,0.0,0.3292969961597008,0.0575651103483608,0.3096464579756087,0.5,0.016332656484506,822751933.3333334,False,,False,False,True,universe_top1200,Use as candidate universe sensitivity reference.
841,1762,1762.T,"TAKAMATSU CONSTRUCTION GROUP CO.,LTD.",Construction,0.8773905437069572,0.6552282292003885,0.3029090909090909,0.24884944115713348,0.21022910616327847,0.29250814332247554,1.0,0.7115198451113263,0.0,0.0,0.0,0.0,1.146780760613453,0.0538026950248609,0.1654499953656502,0.5,0.005170196980232,263385241.66666663,False,,False,False,True,universe_top1200,Use as candidate universe sensitivity reference.
842,9757,9757.T,Funai Soken Holdings Incorporated,Services,0.8773899926760615,0.09064422143088378,0.3981818181818182,0.6962524654832347,0.44062600838980315,0.6863192182410424,1.0,0.7796063246208454,0.0,0.0,0.0,0.0,0.2763411057056176,0.0639652440342438,0.3782715490318324,0.6666666666666666,-0.0415953042187184,428013006.6666667,False,,False,False,True,universe_top1200,Use as candidate universe sensitivity reference.
843,6407,6407.T,CKD Corporation,Machinery,0.8773611233984681,0.10650696018128844,0.11672727272727272,0.39250493096646943,0.9209422394320749,0.5657980456026059,1.0,0.9480477573410777,0.0,0.0,0.0,0.0,0.3039668028928039,0.030102556933444,0.214348380732879,1.0,-0.0269782799557201,3933943366.6666665,False,,False,False,True,universe_top1200,Use as candidate universe sensitivity reference.
844,9837,9837.T,"MORITO CO.,LTD.",Wholesale Trade,0.8772832442549328,0.4933635480738103,0.3952727272727273,0.6134122287968442,0.707647628267183,0.34104234527687294,1.0,0.6050338818973863,0.0,0.0,0.0,0.0,0.8700053567694603,0.0637087230002927,0.3132931498291326,0.8333333333333334,-0.0014435849748024,135956835.0,False,,False,False,True,universe_top1200,Use as candidate universe sensitivity reference.
845,4393,4393.T,"Bank of Innovation,Inc.",Information & Communication,0.8772094740989366,0.09711880867594691,0.43636363636363634,0.9230769230769231,0.44062600838980315,0.9866449511400651,1.0,0.648596321393998,0.0,0.0,0.0,0.0,0.2906072308231179,0.0676968570685703,0.7551303034118091,0.6666666666666666,-0.2198617679156057,174589733.33333334,False,,False,False,True,universe_top1200,Use as candidate universe sensitivity reference.
846,6962,6962.T,DAISHINKU CORP.,Electric Appliances,0.8771926597208775,0.7559080608611201,0.11927272727272727,0.05982905982905983,0.44062600838980315,0.4381107491856677,1.0,0.7544369151339142,0.0,0.0,0.0,0.0,1.4131637418652336,0.0303593995020031,0.0914906826752634,0.6666666666666666,-0.0128645612397184,365586371.6666667,False,,False,False,True,universe_top1200,Use as candidate universe sensitivity reference.
847,2884,2884.T,Yoshimura Food Holdings K.K.,Foods,0.8771884753778976,0.7332470055033992,0.6378181818181818,0.3106508875739645,0.07454017424975799,0.07915309446254071,1.0,0.5985801871571474,0.0,0.0,0.0,0.0,1.3530770554238616,0.0907876041278874,0.185104204120174,0.3333333333333333,0.0648156372535393,131427036.66666669,False,,False,False,True,universe_top1200,Use as candidate universe sensitivity reference.
848,2209,2209.T,"IMURAYA GROUP CO.,LTD.",Foods,0.8770136058388109,0.44189057947555843,0.5370909090909091,0.8001314924391848,0.9209422394320749,0.9260586319218241,1.0,0.48176831235882545,0.0,0.0,0.0,0.0,0.7836563850776576,0.0778737616053828,0.4852014032639456,1.0,-0.1035246773638518,62597641.666666664,False,,False,False,True,universe_top1200,Use as candidate universe sensitivity reference.
849,7974,7974.T,"Nintendo Co.,Ltd.",Other Products,0.8770073568320282,0.12172224020718679,0.1389090909090909,0.37508218277449046,0.07454017424975799,0.0592833876221498,1.0,0.9983865763149403,0.0,0.0,0.0,0.0,0.3309038177081682,0.0337686687859246,0.2089642093679151,0.3333333333333333,0.0814615897717052,94607247510.0,False,,False,False,True,universe_top1200,Use as candidate universe sensitivity reference.
850,6073,6073.T,ASANTE INCORPORATED,Services,0.876991970264375,0.511492392359987,0.28545454545454546,0.8980933596318211,0.9209422394320749,0.5791530944625407,1.0,0.46434333656018073,0.0,0.0,0.0,0.0,0.8944276034202778,0.0525229796336616,0.6764968588767628,1.0,-0.0283537162744088,55746083.333333336,False,,False,False,True,universe_top1200,Use as candidate universe sensitivity reference.
851,4661,4661.T,"ORIENTAL LAND CO.,LTD.",Services,0.8769600477448662,0.08449336354807381,0.13818181818181818,0.3247863247863248,0.44062600838980315,0.752442996742671,1.0,0.9874152952565344,0.0,0.0,0.0,0.0,0.2651942190107433,0.033687584133109,0.1899124169893939,0.6666666666666666,-0.0509912174951391,14070255415.833334,False,,False,False,True,universe_top1200,Use as candidate universe sensitivity reference.
852,6137,6137.T,"KOIKE SANSO KOGYO CO.,LTD.",Machinery,0.8769224377563936,0.7021689867270962,0.7970909090909091,0.46153846153846156,0.707647628267183,0.28175895765472314,1.0,0.4882220070990642,0.0,0.0,0.0,0.0,1.2609571801604869,0.1156889682089705,0.2390713855623202,0.8333333333333334,0.0069360573776575,65208191.666666664,False,,False,False,True,universe_top1200,Use as candidate universe sensitivity reference.
853,1835,1835.T,"TOTETSU KOGYO CO.,LTD.",Construction,0.8768035127313203,0.48721269019100033,0.584,0.168310322156476,0.707647628267183,0.12638436482084692,1.0,0.7850919651500484,0.0,0.0,0.0,0.0,0.8594755192943851,0.0831216009526254,0.136194459464639,0.8333333333333334,0.0430642662189499,457907033.3333333,False,,False,False,True,universe_top1200,Use as candidate universe sensitivity reference.
854,9441,9441.T,"Bell-Park Co.,Ltd.",Information & Communication,0.8767992173258773,0.4548397539656847,0.8603636363636363,0.9102564102564102,0.707647628267183,0.350814332247557,1.0,0.41045498547918685,0.0,0.0,0.0,0.0,0.8041709873204642,0.1344251573244788,0.7152657640352605,0.8333333333333334,-0.002749228111661,40432941.666666664,False,,False,False,True,universe_top1200,Use as candidate universe sensitivity reference.
855,7460,7460.T,"YAGI & CO.,LTD.",Wholesale Trade,0.87666850564071,0.6497248300420848,0.4552727272727273,0.5959894806048652,0.707647628267183,0.5495114006514659,1.0,0.4988706034204582,0.0,0.0,0.0,0.0,1.1376321923350925,0.06916538134333,0.3049396434163341,0.8333333333333334,-0.0252636431127279,70254616.66666667,False,,False,False,True,universe_top1200,Use as candidate universe sensitivity reference.
856,7630,7630.T,"ICHIBANYA CO.,LTD.",Retail Trade,0.8766501306638543,0.06765943671090968,0.05963636363636363,0.8977646285338593,0.44062600838980315,0.8029315960912052,1.0,0.750242013552759,0.0,0.0,0.0,0.0,0.2376463606194613,0.0199020245445034,0.6760291461667809,0.6666666666666666,-0.0599430819330326,354370326.6666667,False,,False,False,True,universe_top1200,Use as candidate universe sensitivity reference.
857,7932,7932.T,"Nippi,Incorporated",Other Products,0.8766102592662295,0.6830689543541599,0.5178181818181818,0.3162393162393162,0.707647628267183,0.5921824104234528,1.0,0.5911584382058729,0.0,0.0,0.0,0.0,1.220331408910197,0.0757123457868561,0.1877386991962606,0.8333333333333334,-0.0299510402199682,125096716.66666669,False,,False,False,True,universe_top1200,Use as candidate universe sensitivity reference.
858,9900,9900.T,Sagami Holdings Corporation,Retail Trade,0.8765763829088614,0.1505341534477177,0.10654545454545454,0.9598948060486522,0.9209422394320749,0.6267100977198696,1.0,0.6644078735075831,0.0,0.0,0.0,0.0,0.3751341528276755,0.0285396952186652,0.942521134952754,1.0,-0.0343746177124726,194786358.33333337,False,,False,False,True,universe_top1200,Use as candidate universe sensitivity reference.
859,7033,7033.T,"Management Solutions Co.,Ltd.",Services,0.8764046143613722,0.10165101974749109,0.5912727272727273,0.9786324786324786,0.44062600838980315,0.7654723127035831,1.0,0.6040658276863504,0.0,0.0,0.0,0.0,0.2970779000997984,0.0839651784724606,1.095957820215497,0.6666666666666666,-0.0530471306962642,135307911.66666666,False,,False,False,True,universe_top1200,Use as candidate universe sensitivity reference.
860,2908,2908.T,"FUJICCO CO.,LTD.",Foods,0.8763973448973489,0.8258336031078019,0.07672727272727273,0.3678500986193294,0.707647628267183,0.701628664495114,1.0,0.5569538560826073,0.0,0.0,0.0,0.0,1.6322283968863776,0.0233427030343684,0.206036368180966,0.8333333333333334,-0.0435815474931903,102892838.33333331,False,,False,False,True,universe_top1200,Use as candidate universe sensitivity reference.
861,3036,3036.T,ALCONIX CORPORATION,Wholesale Trade,0.8763924979601401,0.5496924571058595,0.4178181818181818,0.1390532544378698,0.707647628267183,0.42149837133550494,1.0,0.771539206195547,0.0,0.0,0.0,0.0,0.9536092689475538,0.0660902544029672,0.1261263444638866,0.8333333333333334,-0.0107002913694363,403372276.6666667,False,,False,False,True,universe_top1200,Use as candidate universe sensitivity reference.
862,1820,1820.T,"Nishimatsu Construction Co.,Ltd.",Construction,0.8763115856782994,0.48462285529297505,0.5832727272727273,0.03747534516765286,0.44062600838980315,0.211400651465798,1.0,0.8451113262342691,0.0,0.0,0.0,0.0,0.8557491561545796,0.0830245290360469,0.0745009678302023,0.6666666666666666,0.0199544240272431,775371245.0,False,,False,False,True,universe_top1200,Use as candidate universe sensitivity reference.
863,7713,7713.T,"SIGMA KOKI CO.,LTD.",Precision Instruments,0.8762405919590158,0.6202654580770476,0.36727272727272725,0.3869165023011177,0.707647628267183,0.16807817589576546,1.0,0.6453694740238787,0.0,0.0,0.0,0.0,1.0795888777250962,0.0603981462247179,0.2126755804862728,0.8333333333333334,0.029752928009529,171083445.0,False,,False,False,True,universe_top1200,Use as candidate universe sensitivity reference.
864,6496,6496.T,"NAKAKITA SEISAKUSHO CO.,LTD.",Machinery,0.8762261748610854,0.7831013272903853,0.7112727272727273,0.10782380013149244,0.21022910616327847,0.03029315960912049,1.0,0.6424653113907712,0.0,0.0,0.0,0.0,1.485148601495495,0.1009319279543965,0.1131815820707626,0.5,0.1246040381603901,167694683.33333334,False,,False,False,True,universe_top1200,Use as candidate universe sensitivity reference.
865,4619,4619.T,"Nihon Tokushu Toryo Co.,Ltd.",Chemicals,0.8761029991498678,0.7073486565231466,0.7701818181818182,0.2593688362919132,0.707647628267183,0.17687296416938114,1.0,0.5824459503065506,0.0,0.0,0.0,0.0,1.2770114975152762,0.1100260709404246,0.1697852023040015,0.8333333333333334,0.0278519273417912,119799161.66666669,False,,False,False,True,universe_top1200,Use as candidate universe sensitivity reference.
866,4812,4812.T,DENTSU SOKEN INC.,Information & Communication,0.8760674048713293,0.06539333117513758,0.172,0.6811308349769888,0.21022910616327847,0.48078175895765474,1.0,0.8525330751855438,0.0,0.0,0.0,0.0,0.2343301173419048,0.038287246980304,0.3657932204416709,0.5,-0.0172799037088729,848790408.3333334,False,,False,False,True,universe_top1200,Use as candidate universe sensitivity reference.
867,2286,2286.T,"Hayashikane Sangyo Co.,Ltd.",Foods,0.8760493699229996,0.821948850760764,0.9236363636363636,0.36456278763971073,0.707647628267183,0.28501628664495116,1.0,0.43788318812520166,0.0,0.0,0.0,0.0,1.609725906313843,0.1762493550208779,0.2049073537927041,0.8333333333333334,0.0062460502333826,47552393.333333336,False,,False,False,True,universe_top1200,Use as candidate universe sensitivity reference.
868,3692,3692.T,"FFRI Security,Inc.",Information & Communication,0.8760296066323785,0.0032372936225315637,0.03927272727272727,0.7886259040105194,0.44062600838980315,0.250814332247557,1.0,0.8696353662471765,0.0,0.0,0.0,0.0,0.0602735643533651,0.0148475489740013,0.4703381229214324,0.6666666666666666,0.0118253324316184,1082947733.3333333,False,,False,False,True,universe_top1200,Use as candidate universe sensitivity reference.
869,6994,6994.T,SHIZUKI ELECTRIC COMPANY INC.,Electric Appliances,0.8759455260437278,0.40110067983166076,0.17236363636363636,0.3060486522024984,0.44062600838980315,0.8149837133550488,1.0,0.8038076798967408,0.0,0.0,0.0,0.0,0.7255173173130077,0.038336101675116,0.1834253046010357,0.6666666666666666,-0.06171374962826,528394041.6666667,False,,False,False,True,universe_top1200,Use as candidate universe sensitivity reference.
870,6027,6027.T,"Bengo4.com,Inc.",Services,0.8758410323354924,0.011330527678860473,0.05890909090909091,0.962853385930309,0.9209422394320749,0.5895765472312704,1.0,0.7476605356566635,0.0,0.0,0.0,0.0,0.1009993028824206,0.0194878650348515,0.9589340242075058,1.0,-0.0297292592436584,342735466.6666667,False,,False,False,True,universe_top1200,Use as candidate universe sensitivity reference.
871,3091,3091.T,"BRONCO BILLY Co.,LTD.",Retail Trade,0.875775677556638,0.1349951440595662,0.12654545454545454,0.9240631163708086,0.707647628267183,0.7745928338762215,1.0,0.6786060019361084,0.0,0.0,0.0,0.0,0.3485687338757167,0.0316034368007223,0.7600224592925323,0.8333333333333334,-0.0545320037673534,215942383.33333337,False,,False,False,True,universe_top1200,Use as candidate universe sensitivity reference.
872,1941,1941.T,CHUDENKO CORPORATION,Construction,0.8756901742699287,0.49886694723211394,0.5261818181818182,0.1571334648257725,0.9209422394320749,0.4055374592833876,1.0,0.7641174572442724,0.0,0.0,0.0,0.0,0.8752609276624115,0.0765773734212068,0.1324532153793807,1.0,-0.0092820511035056,385413541.6666667,False,,False,False,True,universe_top1200,Use as candidate universe sensitivity reference.
873,6247,6247.T,"HISAKA WORKS,LTD.",Machinery,0.8756762968045958,0.8041437358368404,0.7083636363636364,0.12294543063773833,0.707647628267183,0.4166123778501629,1.0,0.5827686350435625,0.0,0.0,0.0,0.0,1.5539522303293634,0.1003794264647351,0.1181784103413666,0.8333333333333334,-0.0102359240865985,119858228.33333331,False,,False,False,True,universe_top1200,Use as candidate universe sensitivity reference.
874,6627,6627.T,"Tera Probe,Inc.",Electric Appliances,0.8755784299266813,0.3072191647782454,0.45745454545454545,0.11998685075608152,0.21022910616327847,0.9693811074918567,1.0,0.8851242336237496,0.0,0.0,0.0,0.0,0.5967157611284497,0.0692301212535427,0.1170989581924219,0.5,-0.1499138838245903,1317274283.3333333,False,,False,False,True,universe_top1200,Use as candidate universe sensitivity reference.
875,8237,8237.T,"MATSUYA CO.,LTD.",Retail Trade,0.8755718976908579,0.15700874069278084,0.12872727272727272,0.6291913214990138,0.21022910616327847,0.6074918566775245,1.0,0.8215553404323975,0.0,0.0,0.0,0.0,0.3858654164226489,0.0319611939652794,0.325842549055662,0.5,-0.0321324181418109,618746896.6666666,False,,False,False,True,universe_top1200,Use as candidate universe sensitivity reference.
876,2674,2674.T,"HARD OFF CORPORATION Co.,Ltd.",Retail Trade,0.8755609550354679,0.2777597928132082,0.4672727272727273,0.9562787639710717,0.21022910616327847,0.28045602605863196,1.0,0.5698612455630848,0.0,0.0,0.0,0.0,0.55622187110458,0.0702382347313386,0.8976977042544044,0.5,0.007295157985089,111042623.33333331,False,,False,False,True,universe_top1200,Use as candidate universe sensitivity reference.
877,4975,4975.T,JCU CORPORATION,Chemicals,0.8753293034506147,0.08125606992554224,0.21309090909090908,0.6469428007889546,0.9209422394320749,0.37915309446254075,1.0,0.8331719909648274,0.0,0.0,0.0,0.0,0.2582184968441354,0.0437991372712474,0.3392004027626292,1.0,-0.0060632679424284,690168716.6666666,False,,False,False,True,universe_top1200,Use as candidate universe sensitivity reference.
878,6998,6998.T,"Nippon Tungsten Co.,Ltd.",Electric Appliances,0.8749631911947783,0.7028164454516025,0.4389090909090909,0.2508218277449047,0.9209422394320749,0.5074918566775244,1.0,0.6134236850596967,0.0,0.0,0.0,0.0,1.2629702612414828,0.0679589187773017,0.1660522883230306,1.0,-0.0197871728501581,143292433.33333334,False,,False,False,True,universe_top1200,Use as candidate universe sensitivity reference.
879,4732,4732.T,"USS Co.,Ltd.",Services,0.8749358465494443,0.07963742311427646,0.22472727272727272,0.44904667981591057,0.9209422394320749,0.3361563517915309,1.0,0.9209422394320749,0.0,0.0,0.0,0.0,0.2560570641298701,0.0454184873050134,0.233476447409179,1.0,-0.0006056924336829,2247686507.5,False,,False,False,True,universe_top1200,Use as candidate universe sensitivity reference.
880,6466,6466.T,"TVE Co.,Ltd.",Machinery,0.8749084912818548,0.722563936549045,0.42145454545454547,0.22682445759368836,0.21022910616327847,0.14495114006514653,1.0,0.659567602452404,0.0,0.0,0.0,0.0,1.3258446335961922,0.066332764990054,0.1594280988571078,0.5,0.0367592855135943,187820350.0,False,,False,False,True,universe_top1200,Use as candidate universe sensitivity reference.
881,6149,6149.T,"Odawara Engineering Co.,Ltd.",Machinery,0.8748936234164483,0.8102945937196504,0.9425454545454546,0.45759368836291914,0.707647628267183,0.05732899022801308,1.0,0.4078735075830913,0.0,0.0,0.0,0.0,1.576586289733218,0.1970134997436536,0.2374564893498126,0.8333333333333334,0.0836403801676267,39992515.0,False,,False,False,True,universe_top1200,Use as candidate universe sensitivity reference.
882,7970,7970.T,"Shin-Etsu Polymer Co.,Ltd.",Chemicals,0.8748869040729538,0.35707348656523147,0.3669090909090909,0.4151873767258383,0.707647628267183,0.609771986970684,1.0,0.7454017424975798,0.0,0.0,0.0,0.0,0.6621754925577534,0.0603976915723504,0.2218736110021701,0.8333333333333334,-0.0325429083011648,334295235.0,False,,False,False,True,universe_top1200,Use as candidate universe sensitivity reference.
883,6617,6617.T,"TAKAOKA TOKO CO.,LTD.",Electric Appliances,0.8748177067428984,0.24085464551634833,0.13018181818181818,0.42176199868507563,0.707647628267183,0.3833876221498371,1.0,0.862213617295902,0.0,0.0,0.0,0.0,0.5010486279930164,0.0322692928826608,0.2240611691831204,0.8333333333333334,-0.0065920036130085,971058550.0,False,,False,False,True,universe_top1200,Use as candidate universe sensitivity reference.
884,9303,9303.T,"The Sumitomo Warehouse Co.,Ltd.",Warehousing and Harbor Transportation Service,0.87480373921638,0.5189381676918097,0.46145454545454545,0.01873767258382643,0.9209422394320749,0.5407166123778502,1.0,0.8128428525330752,0.0,0.0,0.0,0.0,0.9046894275264696,0.0697430424094709,0.0527365197443656,1.0,-0.0241774610586392,569512975.0,False,,False,False,True,universe_top1200,Use as candidate universe sensitivity reference.
885,2317,2317.T,Systena Corporation,Information & Communication,0.8747838324855182,0.08578828099708644,0.3287272727272727,0.7264957264957265,0.707647628267183,0.26547231270358307,1.0,0.7857373346240722,0.0,0.0,0.0,0.0,0.2659669965196478,0.056644150249557,0.4052780031683474,0.8333333333333334,0.0094706994328922,459048755.0,False,,False,False,True,universe_top1200,Use as candidate universe sensitivity reference.
886,4956,4956.T,"KONISHI CO.,LTD.",Chemicals,0.8747690622402262,0.5409517643250242,0.6225454545454545,0.35798816568047337,0.707647628267183,0.28013029315960913,1.0,0.643756050338819,0.0,0.0,0.0,0.0,0.9389776577494576,0.0888254316952164,0.2016944320582452,0.8333333333333334,0.007383369769963,169233188.33333334,False,,False,False,True,universe_top1200,Use as candidate universe sensitivity reference.
887,1786,1786.T,Oriental Shiraishi Corporation,Construction,0.8747154570317418,0.6817740369051473,0.6407272727272727,0.16765285996055226,0.21022910616327847,0.7325732899022801,1.0,0.633107454017425,0.0,0.0,0.0,0.0,1.217258265271589,0.0911495373405951,0.1361433825675754,0.5,-0.0478654358181741,158868866.66666666,False,,False,False,True,universe_top1200,Use as candidate universe sensitivity reference.
888,9305,9305.T,Yamatane Corporation,Wholesale Trade,0.8746880184941435,0.7235351246358045,0.7207272727272728,0.02465483234714004,0.707647628267183,0.39576547231270354,1.0,0.6656986124556309,0.0,0.0,0.0,0.0,1.3284585300013465,0.1020963521532618,0.0605050166423217,0.8333333333333334,-0.0081688393077064,197092638.33333337,False,,False,False,True,universe_top1200,Use as candidate universe sensitivity reference.
889,9537,9537.T,"HOKURIKU GAS CO.,LTD.",Electric Power and Gas,0.8746868351590085,0.9352541275493688,0.7,0.646285338593031,0.707647628267183,0.8960912052117264,1.0,0.24265892223297839,0.0,0.0,0.0,0.0,2.550760993226918,0.098755620972004,0.3385143718369638,0.8333333333333334,-0.0889844437079053,11260591.666666666,False,,False,False,True,universe_top1200,Use as candidate universe sensitivity reference.
890,2819,2819.T,"EBARA Foods Industry,Inc.",Foods,0.8746278667202517,0.7886047264486888,0.37745454545454543,0.5723208415516108,0.707647628267183,0.7798045602605863,1.0,0.42045821232655695,0.0,0.0,0.0,0.0,1.501450411189666,0.0613884655362639,0.2922799320690631,0.8333333333333334,-0.0550834424515119,43411520.0,False,,False,False,True,universe_top1200,Use as candidate universe sensitivity reference.
891,6333,6333.T,TEIKOKU CORPORATION,Machinery,0.8745000110278259,0.3865328585302687,0.612,0.631163708086785,0.707647628267183,0.29739413680781757,1.0,0.6076153597934818,0.0,0.0,0.0,0.0,0.7073092103461335,0.0872312099138473,0.3275181613757038,0.8333333333333334,0.0044390787012643,138555041.66666666,False,,False,False,True,universe_top1200,Use as candidate universe sensitivity reference.
892,6855,6855.T,JAPAN ELECTRONIC MATERIALS CORPORATION,Electric Appliances,0.874441262583055,0.07769504694075753,0.12618181818181817,0.45726495726495725,0.44062600838980315,0.12052117263843654,1.0,0.9606324620845434,0.0,0.0,0.0,0.0,0.2547755177071815,0.0315252073569035,0.2372864346822549,0.6666666666666666,0.044299726644155,5397408550.0,False,,False,False,True,universe_top1200,Use as candidate universe sensitivity reference.
893,6966,6966.T,"Mitsui High-tec,Inc.",Electric Appliances,0.8743953541809382,0.3606345095500162,0.05454545454545454,0.16173570019723865,0.21022910616327847,0.8993485342019544,1.0,0.9048080025814779,0.0,0.0,0.0,0.0,0.6674733315759387,0.0186411259271784,0.13355934172635,0.5,-0.0902188976784622,1756678383.3333333,False,,False,False,True,universe_top1200,Use as candidate universe sensitivity reference.
894,8802,8802.T,"Mitsubishi Estate Company,Limited",Real Estate,0.8743607019347505,0.29362253156361284,0.21236363636363637,0.018408941485864562,0.707647628267183,0.45830618892508146,1.0,0.9912875121006777,0.0,0.0,0.0,0.0,0.5786580983252361,0.04367371545856,0.0522678976578894,0.8333333333333334,-0.0150511487587015,17967007603.333332,False,,False,False,True,universe_top1200,Use as candidate universe sensitivity reference.
895,9692,9692.T,COMPUTER ENGINEERING & CONSULTING LTD.,Information & Communication,0.8742816483642791,0.356102298478472,0.564,0.532215647600263,0.44062600838980315,0.42345276872964166,1.0,0.6760245240400129,0.0,0.0,0.0,0.0,0.6616681468895831,0.080776847451417,0.2710657450570647,0.6666666666666666,-0.0108667258763909,212192055.0,False,,False,False,True,universe_top1200,Use as candidate universe sensitivity reference.
896,1720,1720.T,"TOKYU CONSTRUCTION CO., LTD.",Construction,0.8742277759510187,0.4775008093234056,0.32727272727272727,0.08547008547008547,0.21022910616327847,0.9550488599348534,1.0,0.8218780251694094,0.0,0.0,0.0,0.0,0.8441659860959545,0.0562081163465567,0.1046825729544501,0.5,-0.1275592012471234,620717418.3333334,False,,False,False,True,universe_top1200,Use as candidate universe sensitivity reference.
897,6165,6165.T,"PUNCH INDUSTRY CO.,LTD.",Machinery,0.8742201556174402,0.7837487860148915,0.3512727272727273,0.6324786324786325,0.707647628267183,0.7117263843648208,1.0,0.40303323652791223,0.0,0.0,0.0,0.0,1.486139824232103,0.0588710439492978,0.3278738246891113,0.8333333333333334,-0.0446509845254635,38581596.666666664,False,,False,False,True,universe_top1200,Use as candidate universe sensitivity reference.
898,9166,9166.T,GENDA Inc.,Services,0.8741516493392479,0.29880220135966334,0.1469090909090909,0.25608152531229456,0.21022910616327847,0.796742671009772,1.0,0.8864149725717974,0.0,0.0,0.0,0.0,0.5881362520784539,0.0349694367179777,0.1685422192465171,0.5,-0.0577661601883891,1350602798.3333333,False,,False,False,True,universe_top1200,Use as candidate universe sensitivity reference.
899,9890,9890.T,"MAKIYA CO.,LTD.",Retail Trade,0.8741414212029845,0.7604402719326643,0.7261818181818182,0.8408941485864563,0.707647628267183,0.6840390879478828,1.0,0.25943852855759925,0.0,0.0,0.0,0.0,1.4262413817782107,0.1027303799560187,0.5452643565409993,0.8333333333333334,-0.041234495098717,12632175.0,False,,False,False,True,universe_top1200,Use as candidate universe sensitivity reference.
900,7717,7717.T,"V Technology Co.,Ltd.",Precision Instruments,0.8741192665063414,0.2942699902881191,0.03709090909090909,0.24983563445101906,0.9209422394320749,0.8094462540716613,1.0,0.888673765730881,0.0,0.0,0.0,0.0,0.5798341651150348,0.0138133865010579,0.1657081187415472,1.0,-0.0610723957878325,1406196250.0,False,,False,False,True,universe_top1200,Use as candidate universe sensitivity reference.
901,4392,4392.T,"Future Innovation Group,Inc.",Information & Communication,0.8740570278637729,0.02589834898025251,0.03309090909090909,0.5108481262327417,0.707647628267183,0.22377850162866453,1.0,0.9654727331397225,0.0,0.0,0.0,0.0,0.1448104265951949,0.0128422650686926,0.2631713554987212,0.8333333333333334,0.0176946250198192,6319499200.0,False,,False,False,True,universe_top1200,Use as candidate universe sensitivity reference.
902,9880,9880.T,INNOTECH CORPORATION,Electric Appliances,0.8740016740985005,0.2120427322758174,0.07236363636363637,0.5272846811308349,0.707647628267183,0.3996742671009772,1.0,0.8360761535979349,0.0,0.0,0.0,0.0,0.4553227632876693,0.0227263558122251,0.2690976121128368,0.8333333333333334,-0.0085902588511398,702919663.3333334,False,,False,False,True,universe_top1200,Use as candidate universe sensitivity reference.
903,3156,3156.T,Restar Corporation,Wholesale Trade,0.8740007629760355,0.4668177403690515,0.8978181818181818,0.2133464825772518,0.9209422394320749,0.3648208469055375,1.0,0.686350435624395,0.0,0.0,0.0,0.0,0.825662343597044,0.1562356044179693,0.1538600486417093,1.0,-0.004194600200091,227436006.66666663,False,,False,False,True,universe_top1200,Use as candidate universe sensitivity reference.
904,6820,6820.T,ICOM INCORPORATED,Electric Appliances,0.8739978725976277,0.813531887342182,0.4581818181818182,0.39349112426035504,0.21022910616327847,0.28957654723127035,1.0,0.5143594707970313,0.0,0.0,0.0,0.0,1.5807416771706038,0.0692523447398336,0.2146596183599793,0.5,0.005611535677452,76239741.66666667,False,,False,False,True,universe_top1200,Use as candidate universe sensitivity reference.
905,6677,6677.T,"SK-Electronics CO.,LTD.",Electric Appliances,0.8739895822074977,0.5856264163159599,0.5603636363636364,0.23964497041420119,0.707647628267183,0.7986970684039087,1.0,0.6460148434979025,0.0,0.0,0.0,0.0,1.0201148349041818,0.0805406458148069,0.1626666614611847,0.8333333333333334,-0.0584523858942516,171537108.33333334,False,,False,False,True,universe_top1200,Use as candidate universe sensitivity reference.
906,4384,4384.T,RAKSUL INC.,Information & Communication,0.8739764963188169,0.03528650048559404,0.09018181818181818,0.8034188034188035,0.9209422394320749,0.7358306188925081,1.0,0.7812197483059051,0.0,0.0,0.0,0.0,0.1694070365220646,0.0260626210033945,0.4894918621187837,1.0,-0.0485016220140196,442631373.3333333,False,,False,False,True,universe_top1200,Use as candidate universe sensitivity reference.
907,6742,6742.T,"Kyosan Electric Manufacturing Co.,Ltd.",Electric Appliances,0.8739722058670355,0.6358044674651991,0.7210909090909091,0.1995397764628534,0.707647628267183,0.2749185667752443,1.0,0.6405292029686995,0.0,0.0,0.0,0.0,1.1048715529037858,0.1021949031644873,0.1486052140788064,0.8333333333333334,0.008138734113817,166148170.0,False,,False,False,True,universe_top1200,Use as candidate universe sensitivity reference.
908,7727,7727.T,OVAL Corporation,Precision Instruments,0.8739285490659509,0.5522822920038848,0.37054545454545457,0.48948060486522027,0.707647628267183,0.6671009771986971,1.0,0.5940626008389803,0.0,0.0,0.0,0.0,0.9560057497956947,0.0607658075654455,0.2503726059866328,0.8333333333333334,-0.0396423893373971,127465995.0,False,,False,False,True,universe_top1200,Use as candidate universe sensitivity reference.
909,4816,4816.T,"TOEI ANIMATION CO.,LTD.",Information & Communication,0.8738961136385228,0.11362900615085789,0.24727272727272728,0.49342537804076264,0.44062600838980315,0.5091205211726384,1.0,0.8764117457244273,0.0,0.0,0.0,0.0,0.3134529684162863,0.048334178467721,0.2535448738087758,0.6666666666666666,-0.0200158883181282,1178478283.3333333,False,,False,False,True,universe_top1200,Use as candidate universe sensitivity reference.
910,8285,8285.T,"MITANI SANGYO CO.,LTD.",Wholesale Trade,0.8738948199186333,0.6885723535124636,0.3967272727272727,0.3859303090072321,0.9209422394320749,0.495114006514658,1.0,0.563730235559858,0.0,0.0,0.0,0.0,1.2328657620217405,0.0638305804225079,0.2124582869855394,1.0,-0.0188251532928091,107023321.66666669,False,,False,False,True,universe_top1200,Use as candidate universe sensitivity reference.
911,1443,1443.T,"Giken Holdings Co.,Ltd.",Construction,0.8738705468726485,0.9504694075752671,0.844,0.0430637738330046,0.44062600838980315,0.27622149837133547,1.0,0.5204904808002582,0.0,0.0,0.0,0.0,2.8371046620325866,0.1278588396368559,0.0802702070202677,0.6666666666666666,0.0080009029307247,78790425.0,False,,False,False,True,universe_top1200,Use as candidate universe sensitivity reference.
912,6061,6061.T,"UNIVERSAL ENGEISHA CO.,LTD",Services,0.873817921035081,0.6186468112657818,0.8723636363636363,0.9220907297830375,0.707647628267183,0.7338762214983714,1.0,0.2723459180380768,0.0,0.0,0.0,0.0,1.0780021962750184,0.1403080058567334,0.7521866904047657,0.8333333333333334,-0.0480252258581735,14067110.0,False,,False,False,True,universe_top1200,Use as candidate universe sensitivity reference.
913,6055,6055.T,"JAPAN MATERIAL Co.,Ltd.",Services,0.8738102722171871,0.07510521204273228,0.15963636363636363,0.47863247863247865,0.44062600838980315,0.9228013029315961,1.0,0.89351403678606,0.0,0.0,0.0,0.0,0.252109606984469,0.0368074575977728,0.245959027122462,0.6666666666666666,-0.1019577659687707,1519887463.3333333,False,,False,False,True,universe_top1200,Use as candidate universe sensitivity reference.
914,5802,5802.T,"Sumitomo Electric Industries,Ltd.",Nonferrous Metals,0.8737775513128881,0.07251537714470703,0.068,0.2905982905982906,0.9209422394320749,0.6469055374592834,1.0,0.9974185221039045,0.0,0.0,0.0,0.0,0.2461671769638116,0.0215797825423729,0.1789091802030369,1.0,-0.0373140085068998,83977180426.66667,False,,False,False,True,universe_top1200,Use as candidate universe sensitivity reference.
915,3553,3553.T,"KYOWA LEATHER CLOTH CO.,LTD.",Chemicals,0.8737696199133911,0.8614438329556491,0.4061818181818182,0.2590401051939514,0.44062600838980315,0.33029315960912053,1.0,0.5459825750242013,0.0,0.0,0.0,0.0,1.816432391570448,0.0649350296130932,0.1693598560643002,0.6666666666666666,0.0001498451600013,95241720.0,False,,False,False,True,universe_top1200,Use as candidate universe sensitivity reference.
916,8860,8860.T,FUJI CORPORATION LIMITED,Real Estate,0.8737471122567452,0.8892845581094205,0.9269090909090909,0.09138724523339908,0.07454017424975799,0.252442996742671,1.0,0.5304937076476283,0.0,0.0,0.0,0.0,2.044950240855186,0.1781954616601639,0.1070503489905699,0.3333333333333333,0.0115277156774755,84990128.33333333,False,,False,False,True,universe_top1200,Use as candidate universe sensitivity reference.
917,9338,9338.T,INFORICH INC.,Services,0.8737342099262243,0.04273227581741664,0.3450909090909091,0.8280736357659435,0.9209422394320749,0.9335504885993485,1.0,0.7082929977412068,0.0,0.0,0.0,0.0,0.1842867090449113,0.0582729931895267,0.5236525904486649,1.0,-0.1102580173468401,259737616.66666663,False,,False,False,True,universe_top1200,Use as candidate universe sensitivity reference.
918,9740,9740.T,"CENTRAL SECURITY PATROLS CO.,LTD.",Services,0.8737132504307082,0.6911621884104888,0.5585454545454546,0.4286653517422748,0.21022910616327847,0.6563517915309447,1.0,0.5253307518554372,0.0,0.0,0.0,0.0,1.2373367155403645,0.0803351676247972,0.226387215884564,0.5,-0.0383471744446149,80988650.0,False,,False,False,True,universe_top1200,Use as candidate universe sensitivity reference.
919,8075,8075.T,Shinsho Corporation,Wholesale Trade,0.8736684507248674,0.7746843638718032,0.8614545454545455,0.0851413543721236,0.44062600838980315,0.30032573289902276,1.0,0.5943852855759922,0.0,0.0,0.0,0.0,1.4682268118051025,0.1352208200897758,0.104422674283351,0.6666666666666666,0.0040190073000901,127553006.66666669,False,,False,False,True,universe_top1200,Use as candidate universe sensitivity reference.
920,7868,7868.T,"KOSAIDO Holdings Co.,Ltd.",Other Products,0.8733838473948394,0.26804791194561345,0.2727272727272727,0.351413543721236,0.07454017424975799,0.015635179153094425,1.0,0.888028396256857,0.0,0.0,0.0,0.0,0.5402455124838383,0.0510607512946239,0.1995600212573999,0.3333333333333333,0.1639238708455638,1392469978.3333333,False,,False,False,True,universe_top1200,Use as candidate universe sensitivity reference.
921,2330,2330.T,"Forside Co.,Ltd.",Information & Communication,0.8733572699695802,0.5273551311103917,0.8523636363636363,0.7508218277449047,0.707647628267183,0.7811074918566775,1.0,0.3978702807357212,0.0,0.0,0.0,0.0,0.917007875090904,0.1312587447064168,0.4285142808878076,0.8333333333333334,-0.055136002485787,37373433.333333336,False,,False,False,True,universe_top1200,Use as candidate universe sensitivity reference.
922,2384,2384.T,"SBS Holdings,Inc.",Land Transportation,0.8733357576912423,0.35998705082550986,0.47563636363636363,0.23339907955292571,0.9209422394320749,0.8338762214983714,1.0,0.7776702161987737,0.0,0.0,0.0,0.0,0.6665975872678549,0.0709668620519451,0.1607025474842295,1.0,-0.0661277232627507,417870308.3333333,False,,False,False,True,universe_top1200,Use as candidate universe sensitivity reference.
923,7921,7921.T,TAKARA & COMPANY LTD.,Other Products,0.8733230767133959,0.45872450631272255,0.7647272727272727,0.6166995397764629,0.44062600838980315,0.3840390879478828,1.0,0.5437237818651178,0.0,0.0,0.0,0.0,0.8137690172884473,0.1088601960889967,0.3151958498921023,0.6666666666666666,-0.0067186577540237,94239528.33333331,False,,False,False,True,universe_top1200,Use as candidate universe sensitivity reference.
924,9928,9928.T,"MIROKU JYOHO SERVICE CO.,LTD.",Information & Communication,0.8733223067787859,0.28876659112981545,0.641090909090909,0.8767258382642998,0.9209422394320749,0.6387622149837133,1.0,0.5140367860600193,0.0,0.0,0.0,0.0,0.573679753664146,0.0911708890831773,0.6149434162052458,1.0,-0.0360595080405915,76093230.0,False,,False,False,True,universe_top1200,Use as candidate universe sensitivity reference.
925,3496,3496.T,"AZOOM CO.,LTD",Real Estate,0.873288719462908,0.022013596633214633,0.15418181818181817,0.8865877712031558,0.44062600838980315,0.4664495114006515,1.0,0.7679896740884156,0.0,0.0,0.0,0.0,0.1339681618705693,0.0359617262175343,0.6405639198890347,0.6666666666666666,-0.0158896959702753,397826325.0,False,,False,False,True,universe_top1200,Use as candidate universe sensitivity reference.
926,2207,2207.T,"MEITO CO.,LTD.",Foods,0.8731525669749524,0.6312722563936549,0.6665454545454546,0.06673241288625904,0.707647628267183,0.28827361563517917,1.0,0.7066795740561471,0.0,0.0,0.0,0.0,1.097021685979667,0.0942753011388776,0.0958295829582958,0.8333333333333334,0.0058527364269225,257003321.66666663,False,,False,False,True,universe_top1200,Use as candidate universe sensitivity reference.
927,6364,6364.T,AIRMAN CORPORATION,Machinery,0.8731234411656077,0.5121398510844933,0.7385454545454545,0.4335963182117028,0.07454017424975799,0.23452768729641693,1.0,0.6192320103259116,0.0,0.0,0.0,0.0,0.8956065749090839,0.1052982297139279,0.2285058737897413,0.3333333333333333,0.0151790660201318,147625148.33333334,False,,False,False,True,universe_top1200,Use as candidate universe sensitivity reference.
928,8052,8052.T,"TSUBAKIMOTO KOGYO CO.,LTD.",Wholesale Trade,0.8731119804024844,0.5046940757526708,0.6698181818181819,0.3241288625904011,0.707647628267183,0.25276872964169383,1.0,0.6640851887705711,0.0,0.0,0.0,0.0,0.8847134035732467,0.0945272766659467,0.1897945804195804,0.8333333333333334,0.0113699162863049,194498681.66666663,False,,False,False,True,universe_top1200,Use as candidate universe sensitivity reference.
929,3177,3177.T,"ARIGATOU SERVICES COMPANY,LIMITED",Retail Trade,0.8731115588434526,0.6850113305276788,0.9345454545454546,0.9819197896120972,0.707647628267183,0.867100977198697,1.0,0.18586640851887706,0.0,0.0,0.0,0.0,1.2236176507811871,0.1872722236140993,1.13566878913228,0.8333333333333334,-0.0769046164637868,7235441.666666667,False,,False,False,True,universe_top1200,Use as candidate universe sensitivity reference.
930,5184,5184.T,"NICHIRIN CO.,LTD.",Rubber Products,0.8730940842516698,0.6976367756555519,0.8374545454545455,0.35831689677843526,0.44062600838980315,0.47491856677524436,1.0,0.5059696676347208,0.0,0.0,0.0,0.0,1.2485513123402625,0.125755083808725,0.2017610258922011,0.6666666666666666,-0.016871148301012,73357266.66666667,False,,False,False,True,universe_top1200,Use as candidate universe sensitivity reference.
931,2489,2489.T,Adways Inc.,Services,0.873080653668231,0.7274198769828424,0.10072727272727272,0.7731755424063116,0.21022910616327847,0.22736156351791525,1.0,0.4543401097128106,0.0,0.0,0.0,0.0,1.3375847970254262,0.027831381306244,0.4529198257432592,0.5,0.0163875931653259,52447903.333333336,False,,False,False,True,universe_top1200,Use as candidate universe sensitivity reference.
932,5333,5333.T,NGK Corporation,Glass and Ceramics Products,0.8730273129288434,0.1660731628358692,0.11636363636363636,0.21367521367521367,0.9209422394320749,0.6433224755700326,1.0,0.9674088415617941,0.0,0.0,0.0,0.0,0.3980298760187565,0.0300940931489385,0.1539581412195775,1.0,-0.0366895949108634,6809885990.0,False,,False,False,True,universe_top1200,Use as candidate universe sensitivity reference.
933,6744,6744.T,NOHMI BOSAI LTD.,Electric Appliances,0.8730136891082994,0.22272580123017158,0.18254545454545454,0.5460223537146615,0.707647628267183,0.3511400651465798,1.0,0.8005808325266215,0.0,0.0,0.0,0.0,0.470265288228328,0.0401369235465506,0.2783667012230565,0.8333333333333334,-0.0027685117245546,513833116.6666667,False,,False,False,True,universe_top1200,Use as candidate universe sensitivity reference.
934,9902,9902.T,NICHIDEN Corporation,Wholesale Trade,0.8728698993982907,0.6565231466494011,0.4516363636363636,0.2613412228796844,0.707647628267183,0.290228013029316,1.0,0.6414972571797354,0.0,0.0,0.0,0.0,1.151217709540444,0.0689013765228077,0.1704414334223453,0.8333333333333334,0.0055446626595094,166537295.0,False,,False,False,True,universe_top1200,Use as candidate universe sensitivity reference.
935,3159,3159.T,"Maruzen CHI Holdings Co.,Ltd.",Retail Trade,0.8728590932280431,0.830042084817093,0.7189090909090909,0.6646942800788954,0.707647628267183,0.42182410423452765,1.0,0.3101000322684737,0.0,0.0,0.0,0.0,1.658168965035456,0.1019851312926804,0.3522480733408817,0.8333333333333334,-0.010711053748127,19280395.0,False,,False,False,True,universe_top1200,Use as candidate universe sensitivity reference.
936,7427,7427.T,"ECHO TRADING CO.,LTD.",Wholesale Trade,0.8726815996925172,0.9268371641307867,0.8974545454545455,0.5910585141354372,0.21022910616327847,0.8941368078175895,1.0,0.24233623749596644,0.0,0.0,0.0,0.0,2.442536382893826,0.1561001932276471,0.3029952121963296,0.5,-0.0877728688901968,11171825.0,False,,False,False,True,universe_top1200,Use as candidate universe sensitivity reference.
937,1885,1885.T,TOA CORPORATION,Construction,0.8726778275057132,0.2975072839106507,0.5752727272727273,0.11932938856015779,0.44062600838980315,0.04169381107491854,1.0,0.9064214262665375,0.0,0.0,0.0,0.0,0.5860050670852132,0.0823219970391972,0.1169837324671588,0.6666666666666666,0.1028511475409836,1820299350.0,False,,False,False,True,universe_top1200,Use as candidate universe sensitivity reference.
938,4461,4461.T,DKS Co.Ltd.,Chemicals,0.8725108590014508,0.16833926837164132,0.14327272727272727,0.3165680473372781,0.9209422394320749,0.6599348534201954,1.0,0.9119070667957405,0.0,0.0,0.0,0.0,0.4020320332236844,0.0345084119835177,0.1878018390946629,1.0,-0.0386955387424993,1946619916.6666667,False,,False,False,True,universe_top1200,Use as candidate universe sensitivity reference.
939,4082,4082.T,"DAIICHI KIGENSO KAGAKU-KOGYO CO.,LTD",Chemicals,0.8724527754754949,0.39883457429588864,0.22327272727272726,0.14497041420118342,0.44062600838980315,0.45960912052117264,1.0,0.872216844143272,0.0,0.0,0.0,0.0,0.7212638723786535,0.0451901525394506,0.1284310559579277,0.6666666666666666,-0.0152153240048906,1139434183.3333333,False,,False,False,True,universe_top1200,Use as candidate universe sensitivity reference.
940,4493,4493.T,"Cyber Security Cloud,Inc.",Information & Communication,0.8724390520286766,0.06798316607316283,0.216,0.8553583168967784,0.44062600838980315,0.6827361563517915,1.0,0.7276540819619232,0.0,0.0,0.0,0.0,0.2379843425118946,0.0442383308003096,0.5714948920280802,0.6666666666666666,-0.0411874727670814,290842445.0,False,,False,False,True,universe_top1200,Use as candidate universe sensitivity reference.
941,7730,7730.T,"MANI,INC.",Precision Instruments,0.8724351770396673,0.11071544189057947,0.10218181818181818,0.6380670611439843,0.707647628267183,0.6553745928338762,1.0,0.814133591481123,0.0,0.0,0.0,0.0,0.3101835251339791,0.0278789322453833,0.3331263903978478,0.8333333333333334,-0.0382584835538883,575694746.6666666,False,,False,False,True,universe_top1200,Use as candidate universe sensitivity reference.
942,6203,6203.T,"Howa Machinery,Ltd.",Machinery,0.8723731505888026,0.5101974749109744,0.152,0.13280736357659434,0.44062600838980315,0.2006514657980456,1.0,0.8434979025492094,0.0,0.0,0.0,0.0,0.8926666694803581,0.0356857032152427,0.1234324983113565,0.6666666666666666,0.0215728940006216,752620498.3333334,False,,False,False,True,universe_top1200,Use as candidate universe sensitivity reference.
943,7247,7247.T,MIKUNI CORPORATION,Transportation Equipment,0.8723496250772675,0.9673033344124312,0.9549090909090909,0.18408941485864563,0.44062600838980315,0.2716612377850163,1.0,0.4214262665375928,0.0,0.0,0.0,0.0,3.145566888982759,0.2156872216021085,0.1425648021828103,0.6666666666666666,0.0083978219842337,43739210.0,False,,False,False,True,universe_top1200,Use as candidate universe sensitivity reference.
944,4966,4966.T,"C.Uyemura & Co.,Ltd.",Chemicals,0.8723031843467559,0.09355778569116219,0.1650909090909091,0.48685075608152534,0.44062600838980315,0.6830618892508143,1.0,0.8857696030977735,0.0,0.0,0.0,0.0,0.2823445456174973,0.0374570629871275,0.249601255087646,0.6666666666666666,-0.0412091273652988,1321243000.0,False,,False,False,True,universe_top1200,Use as candidate universe sensitivity reference.
945,4958,4958.T,"T.HASEGAWA CO.,LTD.",Chemicals,0.872173671832588,0.5739721592748462,0.4469090909090909,0.22287968441814596,0.44062600838980315,0.45667752442996745,1.0,0.6995805098418845,0.0,0.0,0.0,0.0,0.99962284590888,0.0685171735953079,0.1581215285376351,0.6666666666666666,-0.0148724213462362,249179861.66666663,False,,False,False,True,universe_top1200,Use as candidate universe sensitivity reference.
946,4498,4498.T,"Cybertrust Japan Co.,Ltd.",Information & Communication,0.8719242131186837,0.3991583036581418,0.7469090909090909,0.6926364234056541,0.707647628267183,0.9374592833876222,1.0,0.49661181026137463,0.0,0.0,0.0,0.0,0.7215457183693877,0.1063640503014939,0.3744219374955365,0.8333333333333334,-0.1137686533261943,68115225.0,False,,False,False,True,universe_top1200,Use as candidate universe sensitivity reference.
947,5644,5644.T,METALART CORPORATION,Iron and Steel,0.8718242054492886,0.6765943671090968,0.7436363636363637,0.12853385930309008,0.44062600838980315,0.8482084690553746,1.0,0.606647305582446,0.0,0.0,0.0,0.0,1.1987284721699167,0.1060653615339301,0.1219131967194595,0.6666666666666666,-0.0710426459761001,137259116.66666666,False,,False,False,True,universe_top1200,Use as candidate universe sensitivity reference.
948,9672,9672.T,"TOKYOTOKEIBA CO.,LTD.",Services,0.8717538006178563,0.4386532858530269,0.6032727272727273,0.17850098619329388,0.9209422394320749,0.863843648208469,1.0,0.7260406582768635,0.0,0.0,0.0,0.0,0.7779917348357308,0.0859856784375155,0.1405340427184343,1.0,-0.0758514408900498,288405666.6666667,False,,False,False,True,universe_top1200,Use as candidate universe sensitivity reference.
949,5958,5958.T,"SANYO INDUSTRIES,LTD.",Metal Products,0.8717023984690608,0.8112657818064098,0.8316363636363636,0.5384615384615384,0.44062600838980315,0.3726384364820847,1.0,0.36237495966440786,0.0,0.0,0.0,0.0,1.577922746347075,0.1242322581887945,0.2750207840378589,0.6666666666666666,-0.0053199861491484,28586533.333333332,False,,False,False,True,universe_top1200,Use as candidate universe sensitivity reference.
950,9889,9889.T,JBCC Holdings Inc.,Information & Communication,0.8716859586376137,0.09323405632890903,0.34363636363636363,0.789612097304405,0.21022910616327847,0.6762214983713355,1.0,0.7241045498547919,0.0,0.0,0.0,0.0,0.2821410077106684,0.0581853116141387,0.471618764899024,0.5,-0.0404540056077283,284830408.3333333,False,,False,False,True,universe_top1200,Use as candidate universe sensitivity reference.
951,3107,3107.T,"Daiwabo Holdings Co.,Ltd.",Wholesale Trade,0.8716544092146905,0.23243768209776627,0.5490909090909091,0.29914529914529914,0.44062600838980315,0.11921824104234524,1.0,0.8570506615037109,0.0,0.0,0.0,0.0,0.4880529768465345,0.0793106114498626,0.1813042747238265,0.6666666666666666,0.0445765089699519,923766207.5,False,,False,False,True,universe_top1200,Use as candidate universe sensitivity reference.
952,4165,4165.T,"PLAID,Inc.",Information & Communication,0.871614344236507,0.06215603755260602,0.384,0.9700854700854701,0.21022910616327847,0.21335504885993484,1.0,0.6824782187802517,0.0,0.0,0.0,0.0,0.2238216715151185,0.0621326821310362,1.0144355259362836,0.5,0.0193067362530778,223514888.33333337,False,,False,False,True,universe_top1200,Use as candidate universe sensitivity reference.
953,4431,4431.T,"Smaregi,Inc.",Information & Communication,0.8715225051043995,0.03302039494982195,0.14581818181818182,0.8849441157133465,0.44062600838980315,0.8938110749185668,1.0,0.7282994514359471,0.0,0.0,0.0,0.0,0.1625459166444834,0.0349179507432586,0.6336557553348724,0.6666666666666666,-0.0876581136297226,292030711.6666667,False,,False,False,True,universe_top1200,Use as candidate universe sensitivity reference.
954,4549,4549.T,"EIKEN CHEMICAL CO.,LTD.",Pharmaceutical,0.8715211989803777,0.23373259954677889,0.10290909090909091,0.5128205128205128,0.21022910616327847,0.7895765472312704,1.0,0.8028396256857051,0.0,0.0,0.0,0.0,0.4887044259004544,0.027980025659616,0.2638922184398523,0.5,-0.0566566308705382,524698408.3333333,False,,False,False,True,universe_top1200,Use as candidate universe sensitivity reference.
955,1815,1815.T,TEKKEN CORPORATION,Construction,0.871452050186558,0.6435739721592748,0.3109090909090909,0.030900723208415515,0.02032913843175218,0.037459283387622166,1.0,0.8047757341077767,0.0,0.0,0.0,0.0,1.1164194065337796,0.0547095824184218,0.0660322875851836,0.1666666666666666,0.1087189170732378,531203658.3333333,False,,False,False,True,universe_top1200,Use as candidate universe sensitivity reference.
956,1952,1952.T,"Shin Nippon Air Technologies Co.,Ltd.",Construction,0.8714469197219116,0.22369698931693105,0.4141818181818182,0.3116370808678501,0.9209422394320749,0.6618892508143323,1.0,0.8305905130687319,0.0,0.0,0.0,0.0,0.4719194831564299,0.065761170221931,0.1861956908078466,1.0,-0.0389101423676422,669762766.6666666,False,,False,False,True,universe_top1200,Use as candidate universe sensitivity reference.
957,1721,1721.T,COMSYS Holdings Corporation,Construction,0.8713926011003282,0.31175137584978957,0.2545454545454545,0.10059171597633136,0.44062600838980315,0.213029315960912,1.0,0.9451435947079703,0.0,0.0,0.0,0.0,0.6020714787386148,0.0489153544420521,0.110949553059308,0.6666666666666666,0.0194514944647818,3514694575.0,False,,False,False,True,universe_top1200,Use as candidate universe sensitivity reference.
958,8151,8151.T,TOYO Corporation,Wholesale Trade,0.8713751651322632,0.32923276141146,0.14145454545454544,0.6696252465483234,0.21022910616327847,0.47328990228013035,1.0,0.691836076153598,0.0,0.0,0.0,0.0,0.6259177437077529,0.0342868489424091,0.35575938691109,0.5,-0.01655738014869,235796443.33333337,False,,False,False,True,universe_top1200,Use as candidate universe sensitivity reference.
959,1803,1803.T,SHIMIZU CORPORATION,Construction,0.8713264761370492,0.26286824214956295,0.18436363636363637,0.040105193951347796,0.44062600838980315,0.6319218241042346,1.0,0.9851565020974508,0.0,0.0,0.0,0.0,0.5296496369811113,0.040354001421198,0.077445219871375,0.6666666666666666,-0.0350452539634254,11804376233.333334,False,,False,False,True,universe_top1200,Use as candidate universe sensitivity reference.
960,6134,6134.T,FUJI CORPORATION,Machinery,0.8712402032318893,0.10618323081903529,0.04109090909090909,0.326758711374096,0.707647628267183,0.7472312703583062,1.0,0.9541787673443046,0.0,0.0,0.0,0.0,0.3034992505130406,0.0151553937480103,0.1909050346106456,0.8333333333333334,-0.0504537322353834,4464392523.333333,False,,False,False,True,universe_top1200,Use as candidate universe sensitivity reference.
961,3979,3979.T,"ULURU.CO.,LTD.",Information & Communication,0.8712372268834413,0.6461638070573001,0.9123636363636364,0.9211045364891519,0.707647628267183,0.6045602605863192,1.0,0.2452404001290739,0.0,0.0,0.0,0.0,1.1221044806760332,0.1697464505222403,0.74921720509571,0.8333333333333334,-0.0315390211206545,11534126.666666666,False,,False,False,True,universe_top1200,Use as candidate universe sensitivity reference.
962,9896,9896.T,"JK Holdings Co.,Ltd.",Wholesale Trade,0.8712068360758127,0.8559404337973454,0.8058181818181818,0.38724523339907957,0.707647628267183,0.3566775244299675,1.0,0.3998063891577928,0.0,0.0,0.0,0.0,1.783785062613129,0.1180104656608774,0.2128422015715259,0.8333333333333334,-0.0034139688590087,37831551.666666664,False,,False,False,True,universe_top1200,Use as candidate universe sensitivity reference.
963,2760,2760.T,TOKYO ELECTRON DEVICE LIMITED,Wholesale Trade,0.8712035234296961,0.14956296536095823,0.44,0.39447731755424065,0.44062600838980315,0.8195439739413681,1.0,0.8338173604388512,0.0,0.0,0.0,0.0,0.3745806615586443,0.0680611013492402,0.2150713142609394,0.6666666666666666,-0.0626847167259429,695089530.0,False,,False,False,True,universe_top1200,Use as candidate universe sensitivity reference.
964,1879,1879.T,SHINNIHON CORPORATION,Construction,0.8710705745275357,0.5263839430236322,0.6807272727272727,0.16798159105851412,0.44062600838980315,0.08892508143322475,1.0,0.7273313972249112,0.0,0.0,0.0,0.0,0.915982474795398,0.0959769721695798,0.1361633729199671,0.6666666666666666,0.059582302379305,289679720.0,False,,False,False,True,universe_top1200,Use as candidate universe sensitivity reference.
965,5801,5801.T,"Furukawa Electric Co.,Ltd.",Nonferrous Metals,0.8710055628640325,0.01165425704111363,0.022545454545454546,0.363905325443787,0.9209422394320749,0.5293159609120521,1.0,0.9996773152629881,0.0,0.0,0.0,0.0,0.1018003376294025,0.0101793248013672,0.2043705471846454,1.0,-0.0228212348436098,285077684391.6667,False,,False,False,True,universe_top1200,Use as candidate universe sensitivity reference.
966,9227,9227.T,"Microwave Chemical Co.,Ltd.",Services,0.8709519506574758,0.04176108773065717,0.02290909090909091,0.814595660749507,0.07454017424975799,0.03289902280130297,1.0,0.8376895772829945,0.0,0.0,0.0,0.0,0.1818794350793194,0.0102273128292564,0.5060048321071066,0.3333333333333333,0.116928622181001,711779846.6666666,False,,False,False,True,universe_top1200,Use as candidate universe sensitivity reference.
967,5726,5726.T,"OSAKA Titanium technologies Co.,Ltd.",Nonferrous Metals,0.8709414966753934,0.18582065393331176,0.4618181818181818,0.22879684418145957,0.21022910616327847,0.12280130293159608,1.0,0.9325588899645046,0.0,0.0,0.0,0.0,0.4214784712687174,0.0697577468904992,0.1598216497399058,0.5,0.0436385764603348,2695169611.6666665,False,,False,False,True,universe_top1200,Use as candidate universe sensitivity reference.
968,6882,6882.T,"Sansha Electric Manufacturing Co.,Ltd.",Electric Appliances,0.8709342981717643,0.7381029459371965,0.10472727272727272,0.3149243918474688,0.44062600838980315,0.43973941368078173,1.0,0.6208454340109713,0.0,0.0,0.0,0.0,1.3644695405340397,0.0281403274043008,0.1872747311667808,0.6666666666666666,-0.0130034104927073,148393133.33333334,False,,False,False,True,universe_top1200,Use as candidate universe sensitivity reference.
969,8244,8244.T,"Kintetsu Department Store CO.,Ltd.",Retail Trade,0.8708073313536312,0.3577209452897378,0.3010909090909091,0.8070348454963839,0.44062600838980315,0.9068403908794789,1.0,0.5501774766053565,0.0,0.0,0.0,0.0,0.6629378875382267,0.0536571003792533,0.4943140857189367,0.6666666666666666,-0.0928226543654836,98360835.0,False,,False,False,True,universe_top1200,Use as candidate universe sensitivity reference.
970,9982,9982.T,"Takihyo Co.,Ltd.",Wholesale Trade,0.8708051610504023,0.7481385561670444,0.45345454545454544,0.5121630506245891,0.44062600838980315,0.4895765472312703,1.0,0.46305259761213297,0.0,0.0,0.0,0.0,1.391692698794079,0.0690395855798629,0.2636358275841736,0.6666666666666666,-0.0181475251057756,55047393.333333336,False,,False,False,True,universe_top1200,Use as candidate universe sensitivity reference.
971,9301,9301.T,Mitsubishi Logistics Corporation,Warehousing and Harbor Transportation Service,0.8708031192436646,0.3887989640660408,0.3650909090909091,0.023668639053254437,0.44062600838980315,0.30130293159609123,1.0,0.9086802194256212,0.0,0.0,0.0,0.0,0.7096967435122808,0.0602934234421706,0.0581974833002693,0.6666666666666666,0.0039840606925676,1861522054.1666667,False,,False,False,True,universe_top1200,Use as candidate universe sensitivity reference.
972,1938,1938.T,"NIPPON RIETEC CO.,LTD.",Construction,0.8708029144418579,0.5435415992230496,0.46545454545454545,0.11242603550295859,0.44062600838980315,0.16905537459283393,1.0,0.7734753146176185,0.0,0.0,0.0,0.0,0.9424518019844252,0.0699985250132969,0.1145947654761284,0.6666666666666666,0.029600677067688,407385053.3333333,False,,False,False,True,universe_top1200,Use as candidate universe sensitivity reference.
973,2353,2353.T,"NIPPON PARKING DEVELOPMENT Co.,Ltd.",Real Estate,0.8707910157064278,0.10294593719650372,0.49127272727272725,0.5788954635108481,0.44062600838980315,0.7925081433224755,1.0,0.7683123588254276,0.0,0.0,0.0,0.0,0.2982623919505401,0.0723761748939623,0.2946179056024872,0.6666666666666666,-0.0570894968930431,398459690.0,False,,False,False,True,universe_top1200,Use as candidate universe sensitivity reference.
974,1860,1860.T,TODA CORPORATION,Construction,0.8707235005446672,0.4049854321786986,0.30618181818181817,0.047337278106508875,0.707647628267183,0.3325732899022801,1.0,0.8889964504678929,0.0,0.0,0.0,0.0,0.7307373940755977,0.054222333779543,0.0831532354813701,0.8333333333333334,-0.0002283318630988,1410755331.6666667,False,,False,False,True,universe_top1200,Use as candidate universe sensitivity reference.
975,2666,2666.T,"AUTOWAVE Co.,Ltd.",Retail Trade,0.8707151100046928,0.8620912916801554,0.8101818181818182,0.6877054569362262,0.9209422394320749,0.38957654723127033,1.0,0.25072604065827686,0.0,0.0,0.0,0.0,1.8245078975637783,0.1184550821156574,0.3702966631676676,1.0,-0.0075519310015633,11774988.333333334,False,,False,False,True,universe_top1200,Use as candidate universe sensitivity reference.
976,6493,6493.T,NITTAN Corporation,Transportation Equipment,0.870665593811422,0.9459371965037229,0.6814545454545454,0.07527942143326759,0.21022910616327847,0.7205211726384364,1.0,0.4995159728944821,0.0,0.0,0.0,0.0,2.7660655606953326,0.0960223532173533,0.0994211379233473,0.5,-0.0460462543794954,70662133.33333333,False,,False,False,True,universe_top1200,Use as candidate universe sensitivity reference.
977,9248,9248.T,"People, Dreams & Technologies Group Co.,Ltd.",Services,0.8706336151096871,0.8145030754289414,0.8090909090909091,0.6097961867192636,0.21022910616327847,0.0729641693811075,1.0,0.3526944175540497,0.0,0.0,0.0,0.0,1.5813764669191273,0.11827050469881,0.3116052983351561,0.5,0.0689760648466773,27205701.666666668,False,,False,False,True,universe_top1200,Use as candidate universe sensitivity reference.
978,8891,8891.T,"AMG HOLDINGS CO.,LTD.",Real Estate,0.8705084517200353,0.9125930721916478,0.9483636363636364,0.21071663379355687,0.9209422394320749,0.9283387622149837,1.0,0.3765730880929332,0.0,0.0,0.0,0.0,2.280739030829446,0.2044906307230163,0.1531111683982383,1.0,-0.1050744863509384,32256965.0,False,,False,False,True,universe_top1200,Use as candidate universe sensitivity reference.
979,6643,6643.T,"Togami Electric Mfg.Co.,Ltd.",Electric Appliances,0.8704990830847666,0.5208805438653286,0.6869090909090909,0.41420118343195267,0.9209422394320749,0.43387622149837135,1.0,0.5808325266214908,0.0,0.0,0.0,0.0,0.9087415112061704,0.097049177847754,0.221391451036331,1.0,-0.012322614652074,118562650.0,False,,False,False,True,universe_top1200,Use as candidate universe sensitivity reference.
980,4046,4046.T,"OSAKA SODA CO.,LTD.",Chemicals,0.8704434242141164,0.23923599870508255,0.21636363636363637,0.31788297172912555,0.707647628267183,0.7055374592833876,1.0,0.8518877057115198,0.0,0.0,0.0,0.0,0.4954052262607717,0.0442794456358896,0.1880404066651508,0.8333333333333334,-0.0441217041737279,842957066.6666666,False,,False,False,True,universe_top1200,Use as candidate universe sensitivity reference.
981,8135,8135.T,ZETT CORPORATION,Wholesale Trade,0.8703891745640643,0.8582065393331175,0.984,0.5739644970414202,0.21022910616327847,0.16579804560260591,1.0,0.3068731848983543,0.0,0.0,0.0,0.0,1.7957779561092766,0.3692000030700856,0.2924997710552825,0.5,0.0303380525859578,18725446.666666668,False,,False,False,True,universe_top1200,Use as candidate universe sensitivity reference.
982,8919,8919.T,"KATITAS CO.,LTD",Real Estate,0.8702387232731342,0.036257688572353515,0.15236363636363637,0.685404339250493,0.44062600838980315,0.03973941368078171,1.0,0.8609228783478542,0.0,0.0,0.0,0.0,0.1712049258924448,0.0357620910840755,0.3684431590442703,0.6666666666666666,0.10439652758331,960925241.6666666,False,,False,False,True,universe_top1200,Use as candidate universe sensitivity reference.
983,4107,4107.T,ISE CHEMICALS CORPORATION,Chemicals,0.8701906442609194,0.045645840077695045,0.12327272727272727,0.4707429322813938,0.707647628267183,0.5192182410423453,1.0,0.9183607615359793,0.0,0.0,0.0,0.0,0.190465411764046,0.0308870537969246,0.2430853670489071,0.8333333333333334,-0.0213990401595578,2148833416.6666665,False,,False,False,True,universe_top1200,Use as candidate universe sensitivity reference.
984,7608,7608.T,"SK JAPAN CO.,LTD.",Wholesale Trade,0.8701865977259063,0.26513434768533506,0.752,0.8333333333333334,0.21022910616327847,0.07817589576547235,1.0,0.5672797676669894,0.0,0.0,0.0,0.0,0.5350896827199448,0.1072114314133356,0.530360214432124,0.5,0.0650263667454946,108607158.33333331,False,,False,False,True,universe_top1200,Use as candidate universe sensitivity reference.
985,5280,5280.T,"Yoshicon Co.,Ltd.",Real Estate,0.8699879341759547,0.863386209129168,0.9458181818181818,0.28500986193293887,0.44062600838980315,0.2856677524429967,1.0,0.4230396902226525,0.0,0.0,0.0,0.0,1.8318601086779909,0.2018297059169392,0.1774458853445119,0.6666666666666666,0.0061536708293664,44026561.666666664,False,,False,False,True,universe_top1200,Use as candidate universe sensitivity reference.
986,6317,6317.T,Kitagawa Corporation,Machinery,0.8699287855277089,0.9456134671414698,0.5767272727272728,0.10092044707429323,0.44062600838980315,0.8055374592833876,1.0,0.4904808002581478,0.0,0.0,0.0,0.0,2.7596509248618335,0.0823815868223446,0.1110853658536585,0.6666666666666666,-0.0605148573472635,65882661.666666664,False,,False,False,True,universe_top1200,Use as candidate universe sensitivity reference.
987,1944,1944.T,KINDEN CORPORATION,Construction,0.8699156379766487,0.20200712204596957,0.14727272727272728,0.23668639053254437,0.44062600838980315,0.17719869706840385,1.0,0.9590190383994837,0.0,0.0,0.0,0.0,0.4439703421979001,0.0349779381477424,0.1616211894223268,0.6666666666666666,0.0277299429646185,5339883436.666667,False,,False,False,True,universe_top1200,Use as candidate universe sensitivity reference.
988,4686,4686.T,JUSTSYSTEMS CORPORATION,Information & Communication,0.8699072458551991,0.15927484622855292,0.22763636363636364,0.5637738330046023,0.44062600838980315,0.5332247557003258,1.0,0.8009035172636334,0.0,0.0,0.0,0.0,0.388793482320696,0.0455909482850301,0.2872769332452082,0.6666666666666666,-0.0233236403918717,514459058.3333333,False,,False,False,True,universe_top1200,Use as candidate universe sensitivity reference.
989,6490,6490.T,PILLAR Corporation,Machinery,0.869899660566655,0.12301715765619942,0.16363636363636364,0.4342537804076266,0.44062600838980315,0.8026058631921824,1.0,0.8731848983543078,0.0,0.0,0.0,0.0,0.3321611538101955,0.0373230444294567,0.2286879812350211,0.6666666666666666,-0.0597795723500431,1152533633.3333333,False,,False,False,True,universe_top1200,Use as candidate universe sensitivity reference.
990,6507,6507.T,"SINFONIA TECHNOLOGY CO.,LTD.",Electric Appliances,0.8698980707134124,0.05665263839430236,0.128,0.44871794871794873,0.707647628267183,0.2921824104234527,1.0,0.9338496289125524,0.0,0.0,0.0,0.0,0.2111585494888977,0.0318784082313169,0.2334263961250705,0.8333333333333334,0.0052937714099784,2806482233.3333335,False,,False,False,True,universe_top1200,Use as candidate universe sensitivity reference.
991,9341,9341.T,"GENOVA,Inc.",Services,0.8698751555246773,0.39592101003561025,0.8821818181818182,0.9510190664036818,0.44062600838980315,0.17524429967426713,1.0,0.4046466602129719,0.0,0.0,0.0,0.0,0.7181567066019321,0.1467277862874027,0.865371497441532,0.6666666666666666,0.0281072148380304,39066246.666666664,False,,False,False,True,universe_top1200,Use as candidate universe sensitivity reference.
992,9629,9629.T,PCA CORPORATION,Information & Communication,0.8698738708041731,0.42764648753641954,0.46436363636363637,0.5736357659434582,0.707647628267183,0.6019543973941368,1.0,0.5930945466279445,0.0,0.0,0.0,0.0,0.7583988255142308,0.0699285957456984,0.2924458168925487,0.8333333333333334,-0.0313726071583563,126689151.66666669,False,,False,False,True,universe_top1200,Use as candidate universe sensitivity reference.
993,9793,9793.T,"Daiseki Co.,Ltd.",Services,0.8698325755143742,0.19876982842343802,0.2778181818181818,0.4365548980933596,0.707647628267183,0.4120521172638436,1.0,0.8260729267505647,0.0,0.0,0.0,0.0,0.4371286073526915,0.0518508124712561,0.2290161253517912,0.8333333333333334,-0.0099720763581355,645189191.6666666,False,,False,False,True,universe_top1200,Use as candidate universe sensitivity reference.
994,7609,7609.T,"Daitron Co.,Ltd.",Wholesale Trade,0.8695197913028672,0.22304953059242474,0.412,0.5138067061143984,0.707647628267183,0.454071661237785,1.0,0.7505646982897709,0.0,0.0,0.0,0.0,0.4716077024024335,0.0655130899036167,0.2645639581981029,0.8333333333333334,-0.0144933192688755,358066731.6666667,False,,False,False,True,universe_top1200,Use as candidate universe sensitivity reference.
995,4763,4763.T,"CREEK & RIVER Co.,Ltd.",Services,0.8694281216091412,0.3894464227905471,0.8927272727272727,0.7514792899408284,0.21022910616327847,0.10456026058631918,1.0,0.5043562439496612,0.0,0.0,0.0,0.0,0.7101898563011514,0.1523300286413473,0.4289709285518503,0.5,0.0498059621764716,72374811.66666667,False,,False,False,True,universe_top1200,Use as candidate universe sensitivity reference.
996,6626,6626.T,SEMITEC Corporation,Electric Appliances,0.869409906369332,0.5658789252185173,0.8727272727272727,0.5029585798816568,0.9209422394320749,0.750814332247557,1.0,0.4585350112939658,0.0,0.0,0.0,0.0,0.9804073738817364,0.1406557338682596,0.2584802614393923,1.0,-0.0508719933800111,53840140.0,False,,False,False,True,universe_top1200,Use as candidate universe sensitivity reference.
997,1976,1976.T,"MEISEI INDUSTRIAL Co.,Ltd.",Construction,0.8693925920743145,0.48624150210424083,0.7530909090909091,0.2863247863247863,0.707647628267183,0.21172638436482083,1.0,0.6602129719264279,0.0,0.0,0.0,0.0,0.8573435048018024,0.1072825297168397,0.1776751746949189,0.8333333333333334,0.0199173482068028,188124856.66666663,False,,False,False,True,universe_top1200,Use as candidate universe sensitivity reference.
998,2216,2216.T,Kanro Inc.,Foods,0.8692817880240429,0.18258336031078018,0.5145454545454545,0.7580539119000658,0.21022910616327847,0.757328990228013,1.0,0.6411745724427235,0.0,0.0,0.0,0.0,0.4183544526469658,0.075336207392485,0.4353913298468725,0.5,-0.0519967170637949,166399418.33333334,False,,False,False,True,universe_top1200,Use as candidate universe sensitivity reference.
999,4465,4465.T,"Niitaka Co., Ltd.",Chemicals,0.8692307928754548,0.6620265458077048,0.8752727272727273,0.6995397764628534,0.707647628267183,0.15179153094462539,1.0,0.3594707970313004,0.0,0.0,0.0,0.0,1.161021208818342,0.1420516307651207,0.3823085943154072,0.8333333333333334,0.0335947169138296,28123728.333333332,False,,False,False,True,universe_top1200,Use as candidate universe sensitivity reference.
1000,1926,1926.T,"RAITO KOGYO CO.,LTD.",Construction,0.8691823814699512,0.23535124635804466,0.31127272727272726,0.36620644312952005,0.707647628267183,0.35765472312703583,1.0,0.8312358825427557,0.0,0.0,0.0,0.0,0.489544210774581,0.0547600088715189,0.2053613072686954,0.8333333333333334,-0.0035271795537104,671334425.0,False,,False,False,True,universe_top1200,Use as candidate universe sensitivity reference.
1001,1871,1871.T,"PS Construction Co.,Ltd.",Construction,0.8691332396974583,0.29621236646163807,0.5818181818181818,0.28007889546351084,0.707647628267183,0.8104234527687296,1.0,0.7602452404001291,0.0,0.0,0.0,0.0,0.5837657763261318,0.0828749720814067,0.1760371763123299,0.8333333333333334,-0.0611573645801212,378934330.0,False,,False,False,True,universe_top1200,Use as candidate universe sensitivity reference.
1002,8117,8117.T,CENTRAL AUTOMOTIVE PRODUCTS LTD.,Wholesale Trade,0.8691226976411056,0.22790547102622208,0.5127272727272727,0.5687047994740303,0.21022910616327847,0.30456026058631924,1.0,0.7279767666989352,0.0,0.0,0.0,0.0,0.4804503957665307,0.0748849738996687,0.2902476966575376,0.5,0.0036789831037756,291527841.6666667,False,,False,False,True,universe_top1200,Use as candidate universe sensitivity reference.
1003,6286,6286.T,SEIKO CORPORATION,Machinery,0.8690017295630108,0.8420200712204597,0.7792727272727272,0.6216305062458909,0.9209422394320749,0.857328990228013,1.0,0.25879315908357536,0.0,0.0,0.0,0.0,1.702879315573918,0.1116226923995294,0.3183233608648727,1.0,-0.073902725720163,12597858.333333334,False,,False,False,True,universe_top1200,Use as candidate universe sensitivity reference.
1004,7521,7521.T,"MUSASHI CO.,LTD.",Wholesale Trade,0.8689637052680781,0.8724506312722564,0.9378181818181818,0.3928336620644313,0.707647628267183,0.3149837133550488,1.0,0.356243949661181,0.0,0.0,0.0,0.0,1.9038571265343636,0.192375611902427,0.2143502439220252,0.8333333333333334,0.0021298580797536,27698258.333333332,False,,False,False,True,universe_top1200,Use as candidate universe sensitivity reference.
1005,2737,2737.T,TOMEN DEVICES CORPORATION,Wholesale Trade,0.8688517475187707,0.24668177403690514,0.33490909090909093,0.1462853385930309,0.9209422394320749,0.5885993485342019,1.0,0.8964181994191674,0.0,0.0,0.0,0.0,0.5077336758266647,0.0571777227488241,0.1289258518440537,1.0,-0.0296622661905853,1569758833.3333333,False,,False,False,True,universe_top1200,Use as candidate universe sensitivity reference.
1006,6947,6947.T,ZUKEN INC.,Electric Appliances,0.8688449853470451,0.1595985755908061,0.2730909090909091,0.7639710716633794,0.44062600838980315,0.286970684039088,1.0,0.7134559535333979,0.0,0.0,0.0,0.0,0.3893950048952821,0.0511539713629834,0.441311364210344,0.6666666666666666,0.0060754605581364,266918350.0,False,,False,False,True,universe_top1200,Use as candidate universe sensitivity reference.
1007,3741,3741.T,"Systems Engineering Consultants Co.,LTD.",Information & Communication,0.8688150462140587,0.2107478148268048,0.41054545454545455,0.5059171597633136,0.21022910616327847,0.022149837133550454,1.0,0.7992900935785737,0.0,0.0,0.0,0.0,0.453389657033962,0.0653096993238731,0.2607470004445673,0.5,0.1457191520581805,511867435.0,False,,False,False,True,universe_top1200,Use as candidate universe sensitivity reference.
1008,1930,1930.T,"HOKURIKU ELECTRICAL CONSTRUCTION CO.,LTD.",Construction,0.8687901790054854,0.5594043379734542,0.48763636363636365,0.2626561472715319,0.9209422394320749,0.8456026058631922,1.0,0.6269764440141982,0.0,0.0,0.0,0.0,0.9675114730980215,0.0720368109268724,0.170787553329929,1.0,-0.0700330482115085,154086250.0,False,,False,False,True,universe_top1200,Use as candidate universe sensitivity reference.
1009,9324,9324.T,Yasuda Logistics Corporation,Warehousing and Harbor Transportation Service,0.868729202168894,0.7737131757850437,0.21672727272727274,0.012163050624589087,0.9209422394320749,0.7348534201954398,1.0,0.6724749919328816,0.0,0.0,0.0,0.0,1.4649654276247226,0.0442825988474553,0.0454688094332445,1.0,-0.0481449181943996,208140220.0,False,,False,False,True,universe_top1200,Use as candidate universe sensitivity reference.
1010,4595,4595.T,"MIZUHO MEDY CO.,LTD.",Pharmaceutical,0.8686759200163091,0.29394626092586595,0.7454545454545455,0.6617357001972387,0.07454017424975799,0.07361563517915315,1.0,0.6253630203291385,0.0,0.0,0.0,0.0,0.5793587339140004,0.1062033645715827,0.3494525139664804,0.3333333333333333,0.0681607275426874,152895988.33333334,False,,False,False,True,universe_top1200,Use as candidate universe sensitivity reference.
1011,3433,3433.T,"TOCALO Co.,Ltd.",Metal Products,0.868594919355218,0.13370022661055359,0.22690909090909092,0.4829059829059829,0.9209422394320749,0.3736156351791531,1.0,0.8402710551790901,0.0,0.0,0.0,0.0,0.3465678332599733,0.0455440042552167,0.2478818747245212,1.0,-0.0055007016840417,730299221.6666666,False,,False,False,True,universe_top1200,Use as candidate universe sensitivity reference.
1012,7525,7525.T,RIX CORPORATION,Wholesale Trade,0.86854993620243,0.540304305600518,0.7330909090909091,0.6071663379355687,0.707647628267183,0.37426710097719873,1.0,0.4759599870926105,0.0,0.0,0.0,0.0,0.9387430290064244,0.104122834477258,0.3102411853565769,0.8333333333333334,-0.005596185879784,60638650.0,False,,False,False,True,universe_top1200,Use as candidate universe sensitivity reference.
1013,5285,5285.T,YAMAX Corp.,Glass and Ceramics Products,0.8685230329557138,0.3745548721269019,0.9076363636363637,0.6824457593688363,0.707647628267183,0.13485342019543978,1.0,0.5195224265892223,0.0,0.0,0.0,0.0,0.6893106594421159,0.1643682838925821,0.3661485848053513,0.8333333333333334,0.0401355506730364,77954081.66666667,False,,False,False,True,universe_top1200,Use as candidate universe sensitivity reference.
1014,6834,6834.T,"SEIKOH GIKEN Co.,Ltd.",Electric Appliances,0.8685168881171522,0.014891550663645193,0.01927272727272727,0.38395792241946086,0.707647628267183,0.5469055374592834,1.0,0.9819296547273314,0.0,0.0,0.0,0.0,0.1149044537905491,0.0091546024459823,0.2119651332894882,0.8333333333333334,-0.0248047116203135,10655836183.333334,False,,False,False,True,universe_top1200,Use as candidate universe sensitivity reference.
1015,4684,4684.T,"OBIC Co.,Ltd.",Information & Communication,0.8684993060782856,0.06992554224668178,0.15381818181818183,0.321827744904668,0.707647628267183,0.30325732899022806,1.0,0.9706356889319135,0.0,0.0,0.0,0.0,0.2409929816987152,0.0358953727563735,0.1886285286035473,0.8333333333333334,0.0037962058719637,7176962053.333333,False,,False,False,True,universe_top1200,Use as candidate universe sensitivity reference.
1016,9467,9467.T,"AlphaPolis Co.,Ltd.",Information & Communication,0.8684364203928787,0.2062156037552606,0.41818181818181815,0.8708086785009862,0.44062600838980315,0.3188925081433225,1.0,0.6105195224265892,0.0,0.0,0.0,0.0,0.4488184090859511,0.0661216911345666,0.6042058881249743,0.6666666666666666,0.0016306388101959,141378376.66666666,False,,False,False,True,universe_top1200,Use as candidate universe sensitivity reference.
1017,3139,3139.T,"Lacto Japan Co.,Ltd.",Wholesale Trade,0.8683832635018751,0.6027840725153771,0.8676363636363637,0.16863905325443787,0.21022910616327847,0.09771986970684043,1.0,0.6444014198128428,0.0,0.0,0.0,0.0,1.04467801457604,0.1389877646981251,0.1362170071722333,0.5,0.0534245298408333,170163516.66666666,False,,False,False,True,universe_top1200,Use as candidate universe sensitivity reference.
1018,1951,1951.T,"EXEO Group,Inc.",Construction,0.8683699314076948,0.2813208157979929,0.232,0.22024983563445102,0.44062600838980315,0.15732899022801305,1.0,0.9006131010003227,0.0,0.0,0.0,0.0,0.5621834223345193,0.0463326547902224,0.1563894444401211,0.6666666666666666,0.0325570315247354,1685198310.0,False,,False,False,True,universe_top1200,Use as candidate universe sensitivity reference.
1019,3662,3662.T,"Ateam Holdings Co.,Ltd.",Information & Communication,0.8683162250637917,0.250566526383943,0.35163636363636364,0.9921104536489151,0.707647628267183,0.6390879478827362,1.0,0.5146821555340433,0.0,0.0,0.0,0.0,0.5128831237143909,0.0589572267853602,1.349332631994214,0.8333333333333334,-0.0361904761904761,76323586.66666667,False,,False,False,True,universe_top1200,Use as candidate universe sensitivity reference.
1020,6862,6862.T,MINATO HOLDINGS INC.,Electric Appliances,0.8682768215646867,0.14567821301392037,0.07563636363636364,0.4779750164365549,0.21022910616327847,0.22768729641693808,1.0,0.8906098741529526,0.0,0.0,0.0,0.0,0.366730444323113,0.0232040877343048,0.2458455915298964,0.5,0.0163829175340283,1443555933.3333333,False,,False,False,True,universe_top1200,Use as candidate universe sensitivity reference.
1021,6748,6748.T,"SEIWA ELECTRIC MFG. CO.,LTD.",Electric Appliances,0.8682739283134226,0.8876659112981548,0.8545454545454545,0.35502958579881655,0.707647628267183,0.577198697068404,1.0,0.3591481122942885,0.0,0.0,0.0,0.0,2.0190775355373765,0.132418497637043,0.2010899369911714,0.8333333333333334,-0.0282129185196303,28110711.666666668,False,,False,False,True,universe_top1200,Use as candidate universe sensitivity reference.
1022,4013,4013.T,"Kinjiro Co.,Ltd.",Information & Communication,0.8682656904090527,0.5212042732275818,0.628,0.5154503616042078,0.9209422394320749,0.8977198697068404,1.0,0.505324298160697,0.0,0.0,0.0,0.0,0.9091167440781388,0.0896336919093897,0.2651941048775317,1.0,-0.0891189317742554,73291471.66666667,False,,False,False,True,universe_top1200,Use as candidate universe sensitivity reference.
1023,7811,7811.T,"NAKAMOTO PACKS CO.,LTD.",Other Products,0.8681552882492004,0.7232113952735513,0.8643636363636363,0.425706771860618,0.707647628267183,0.38534201954397396,1.0,0.42917070022587933,0.0,0.0,0.0,0.0,1.3276152892443795,0.1367385007533002,0.2254996568998807,0.8333333333333334,-0.0068924246386714,45057418.333333336,False,,False,False,True,universe_top1200,Use as candidate universe sensitivity reference.
1024,4992,4992.T,"HOKKO CHEMICAL INDUSTRY CO.,LTD.",Chemicals,0.8681391584249489,0.6710909679507931,0.7061818181818181,0.24326101249178173,0.21022910616327847,0.7061889250814333,1.0,0.5617941271377864,0.0,0.0,0.0,0.0,1.1847297528185408,0.0997054226757683,0.1638273195876288,0.5,-0.0442199241544338,105582648.33333331,False,,False,False,True,universe_top1200,Use as candidate universe sensitivity reference.
1025,9551,9551.T,"METAWATER Co.,Ltd.",Electric Power and Gas,0.8679987538506639,0.29653609582389123,0.26145454545454544,0.3425378040762656,0.21022910616327847,0.6140065146579805,1.0,0.8089706356889319,0.0,0.0,0.0,0.0,0.5847020327613173,0.0499685603627539,0.1967293922747391,0.5,-0.0329407646064557,548529375.0,False,,False,False,True,universe_top1200,Use as candidate universe sensitivity reference.
1026,4371,4371.T,Core Concept Technologies Inc.,Information & Communication,0.867980557606586,0.07575267076723859,0.3861818181818182,0.8925049309664694,0.707647628267183,0.6723127035830618,1.0,0.6469828977089384,0.0,0.0,0.0,0.0,0.253139317864345,0.0624271272685529,0.6639553532040479,0.8333333333333334,-0.0402650138093149,172072990.0,False,,False,False,True,universe_top1200,Use as candidate universe sensitivity reference.
1027,8920,8920.T,"TOSHO CO.,LTD.",Services,0.8678921349603574,0.7924894787957267,0.6130909090909091,0.09335963182117028,0.9209422394320749,0.9778501628664495,1.0,0.5375927718618909,0.0,0.0,0.0,0.0,1.5197972280342475,0.0875868513646597,0.1080497222942818,1.0,-0.1774587922275848,89364801.66666667,False,,False,False,True,universe_top1200,Use as candidate universe sensitivity reference.
1028,7438,7438.T,KONDOTEC INC.,Wholesale Trade,0.8678398564482102,0.6105535772094529,0.636,0.5236686390532544,0.21022910616327847,0.6768729641693811,1.0,0.4830590513068732,0.0,0.0,0.0,0.0,1.0598323884059366,0.090507198749138,0.2684721136603982,0.5,-0.0406426771878119,62979135.0,False,,False,False,True,universe_top1200,Use as candidate universe sensitivity reference.
1029,3915,3915.T,"TerraSky Co.,Ltd",Information & Communication,0.8677239437598981,0.2101003561022985,0.2858181818181818,0.6423405654174885,0.707647628267183,0.3400651465798046,1.0,0.7202323330106486,0.0,0.0,0.0,0.0,0.4523740414468912,0.052538850281113,0.3364245133752723,0.8333333333333334,-0.0011938333405106,277499776.6666667,False,,False,False,True,universe_top1200,Use as candidate universe sensitivity reference.
1030,3565,3565.T,Ascentech K.K.,Wholesale Trade,0.8677073944276771,0.49498219488507605,0.9767272727272728,0.11439842209072978,0.21022910616327847,0.9843648208469056,1.0,0.6511777992900936,0.0,0.0,0.0,0.0,0.8722622875046523,0.2887917337342947,0.1151498978533393,0.5,-0.2043099623353999,179280550.52200317,False,,False,False,True,universe_top1200,Use as candidate universe sensitivity reference.
1031,1882,1882.T,TOA ROAD CORPORATION,Construction,0.8676541897026882,0.45969569439948205,0.376,0.19986850756081526,0.44062600838980315,0.07687296416938105,1.0,0.7863827040980962,0.0,0.0,0.0,0.0,0.815775636187769,0.0611426927265147,0.1486645870305662,0.6666666666666666,0.0655825200418264,459838096.6666667,False,,False,False,True,universe_top1200,Use as candidate universe sensitivity reference.
1032,3110,3110.T,"NITTO BOSEKI CO.,LTD.",Glass and Ceramics Products,0.8676178193336814,0.02945937196503723,0.04,0.2971729125575279,0.9209422394320749,0.570358306188925,1.0,0.9964504678928686,0.0,0.0,0.0,0.0,0.1539208346960594,0.0149185209990033,0.1809820488110979,1.0,-0.02737025437885,56759289100.0,False,,False,False,True,universe_top1200,Use as candidate universe sensitivity reference.
1033,1950,1950.T,"NIPPON DENSETSU KOGYO CO.,LTD.",Construction,0.8676125859542647,0.45224991906765943,0.2938181818181818,0.11637080867850098,0.21022910616327847,0.0820846905537459,1.0,0.8483381736043886,0.0,0.0,0.0,0.0,0.8017180558548488,0.0532390747087331,0.115757048193584,0.5,0.0630862630292667,810168816.6666666,False,,False,False,True,universe_top1200,Use as candidate universe sensitivity reference.
1034,6255,6255.T,NPC Incorporated,Machinery,0.8675484635896277,0.3136937520233085,0.504,0.46548323471400394,0.707647628267183,0.4224755700325733,1.0,0.6973217166828009,0.0,0.0,0.0,0.0,0.605138105050196,0.0740244411526886,0.2401871287670863,0.8333333333333334,-0.0107472427070417,242331603.33333337,False,,False,False,True,universe_top1200,Use as candidate universe sensitivity reference.
1035,4055,4055.T,T&S Group Inc.,Information & Communication,0.8675207877438192,0.04402719326642927,0.13418181818181818,0.6449704142011834,0.707647628267183,0.8641693811074919,1.0,0.8044530493707648,0.0,0.0,0.0,0.0,0.188314130206221,0.032919526423538,0.338228557357196,0.8333333333333334,-0.0758523317541649,529030540.0,False,,False,False,True,universe_top1200,Use as candidate universe sensitivity reference.
1036,7628,7628.T,OHASHI TECHNICA INC.,Wholesale Trade,0.8674795194981436,0.948203302039495,0.7621818181818182,0.19888231426692965,0.44062600838980315,0.5228013029315961,1.0,0.4181994191674734,0.0,0.0,0.0,0.0,2.7947497787362208,0.1086865676029152,0.1484502085358495,0.6666666666666666,-0.0220801339947623,42780153.333333336,False,,False,False,True,universe_top1200,Use as candidate universe sensitivity reference.
1037,8079,8079.T,SHOEI FOODS CORPORATION,Wholesale Trade,0.8674753654817724,0.4836516672062156,0.24145454545454545,0.3616042077580539,0.02032913843175218,0.1351791530944625,1.0,0.7321716682800904,0.0,0.0,0.0,0.0,0.8532890281575748,0.0477455558117384,0.2034346150360249,0.1666666666666666,0.0401073813590048,306767725.0,False,,False,False,True,universe_top1200,Use as candidate universe sensitivity reference.
1038,7646,7646.T,"PLANT Co.,Ltd.",Retail Trade,0.8674657826751034,0.6892198122369699,0.7596363636363637,0.8704799474030244,0.9209422394320749,0.5456026058631922,1.0,0.24814456276218136,0.0,0.0,0.0,0.0,1.2342279706596049,0.1083504092772775,0.6029074009024832,1.0,-0.0245908162453245,11644305.0,False,,False,False,True,universe_top1200,Use as candidate universe sensitivity reference.
1039,2764,2764.T,Hiramatsu Inc.,Retail Trade,0.8674495228664858,0.44512787309809,0.9003636363636364,0.8004602235371466,0.44062600838980315,0.03713355048859934,1.0,0.4372378186511778,0.0,0.0,0.0,0.0,0.7903996758122311,0.1582568919262721,0.4856968393557899,0.6666666666666666,0.109216564850891,47479335.0,False,,False,False,True,universe_top1200,Use as candidate universe sensitivity reference.
1040,6402,6402.T,"KANEMATSU ENGINEERING CO.,LTD.",Machinery,0.8673238350645605,0.6296536095823891,0.738909090909091,0.5151216305062459,0.9209422394320749,0.34885993485342015,1.0,0.45498547918683446,0.0,0.0,0.0,0.0,1.0953141715332289,0.1053972209754142,0.2649134535026526,1.0,-0.0025611765938605,52613461.666666664,False,,False,False,True,universe_top1200,Use as candidate universe sensitivity reference.
1041,3611,3611.T,MATSUOKA CORPORATION,Textiles and Apparels,0.8672399428287945,0.8400776950469407,0.7629090909090909,0.05851413543721236,0.707647628267183,0.3433224755700326,1.0,0.5430784123910939,0.0,0.0,0.0,0.0,1.694900900947995,0.1087305964239134,0.0909279118877065,0.8333333333333334,-0.0017951501990589,93228618.33333331,False,,False,False,True,universe_top1200,Use as candidate universe sensitivity reference.
1042,7085,7085.T,"CURVES HOLDINGS Co.,Ltd.",Services,0.8672340819765054,0.07834250566526384,0.30763636363636365,0.7304404996712689,0.9209422394320749,0.7296416938110749,1.0,0.7176508551145531,0.0,0.0,0.0,0.0,0.255099972615972,0.0544491657820698,0.4093355439357224,1.0,-0.0473567376469621,272759905.0,False,,False,False,True,universe_top1200,Use as candidate universe sensitivity reference.
1043,2692,2692.T,"ITOCHU-SHOKUHIN Co.,Ltd.",Wholesale Trade,0.8671353562464588,0.38459048235674975,0.30218181818181816,0.20775805391190005,0.44062600838980315,0.11596091205211723,1.0,0.8325266214908035,0.0,0.0,0.0,0.0,0.7041003526958494,0.0537126869512769,0.1515921502774801,0.6666666666666666,0.0459594137500984,688365833.3333334,False,,False,False,True,universe_top1200,Use as candidate universe sensitivity reference.
1044,5757,5757.T,"CK SAN-ETSU Co.,Ltd.",Nonferrous Metals,0.8670782514777263,0.747491097442538,0.864,0.28435239973701515,0.21022910616327847,0.2876221498371335,1.0,0.4940303323652791,0.0,0.0,0.0,0.0,1.391245496164372,0.1367256067066243,0.1773038229376257,0.5,0.0059714224781403,67464258.33333333,False,,False,False,True,universe_top1200,Use as candidate universe sensitivity reference.
1045,6227,6227.T,"AIMECHATEC,Ltd.",Machinery,0.8669789552003443,0.010035610229847848,0.002909090909090909,0.34714003944773175,0.707647628267183,0.7257328990228014,1.0,0.9848338173604388,0.0,0.0,0.0,0.0,0.097035638476784,0.0031665620011478,0.1978678010182393,0.8333333333333334,-0.0467490460798642,11660062164.694824,False,,False,False,True,universe_top1200,Use as candidate universe sensitivity reference.
1046,1959,1959.T,KRAFTIA CORPORATION,Construction,0.8669136513637437,0.23826481061832308,0.22945454545454547,0.18770545693622617,0.707647628267183,0.13159609120521176,1.0,0.9257825104872539,0.0,0.0,0.0,0.0,0.4917830996166549,0.045776575970878,0.1447391048002751,0.8333333333333334,0.041139151162181,2420183995.0,False,,False,False,True,universe_top1200,Use as candidate universe sensitivity reference.
1047,7235,7235.T,"TOKYO RADIATOR MFG.CO.,LTD.",Transportation Equipment,0.8669043419943319,0.8368404014244092,0.8534545454545455,0.16403681788297172,0.44062600838980315,0.42312703583061895,1.0,0.4833817360438851,0.0,0.0,0.0,0.0,1.6824464056704656,0.1319765609061369,0.1341082882430521,0.6666666666666666,-0.0108126980601846,63067490.0,False,,False,False,True,universe_top1200,Use as candidate universe sensitivity reference.
1048,2341,2341.T,"ARBEIT-TIMES CO.,LTD.",Services,0.866875149431433,0.5603755260602137,0.5596363636363636,0.9526627218934911,0.707647628267183,0.6817589576547232,1.0,0.31300419490158116,0.0,0.0,0.0,0.0,0.9696352318790048,0.0804328509788456,0.8750328966393817,0.8333333333333334,-0.0411125289713572,19746480.0,False,,False,False,True,universe_top1200,Use as candidate universe sensitivity reference.
1049,6800,6800.T,"YOKOWO CO.,LTD.",Electric Appliances,0.8668647407937978,0.19326642926513435,0.054181818181818185,0.36752136752136755,0.9209422394320749,0.8319218241042345,1.0,0.850919651500484,0.0,0.0,0.0,0.0,0.4317243202794022,0.0185866322780292,0.2058916070164398,1.0,-0.065480790642233,835476995.0,False,,False,False,True,universe_top1200,Use as candidate universe sensitivity reference.
1050,9438,9438.T,MTI Ltd.,Information & Communication,0.8667533876344969,0.39786338620912914,0.7898181818181819,0.8938198553583169,0.707647628267183,0.8374592833876222,1.0,0.3797999354630526,0.0,0.0,0.0,0.0,0.7208469068366858,0.1138845060931649,0.6664059294667941,0.8333333333333334,-0.0671210834536926,32933113.333333332,False,,False,False,True,universe_top1200,Use as candidate universe sensitivity reference.
1051,6524,6524.T,"KOHOKU KOGYO CO.,LTD.",Electric Appliances,0.8667309955260929,0.027193266429265135,0.05709090909090909,0.5256410256410257,0.707647628267183,0.4335504885993485,1.0,0.9031945788964182,0.0,0.0,0.0,0.0,0.1490712140299637,0.0190273909977241,0.2687594900949892,0.8333333333333334,-0.0123151413083521,1717554650.0,False,,False,False,True,universe_top1200,Use as candidate universe sensitivity reference.
1052,3271,3271.T,The Global Ltd.,Real Estate,0.8667212925693983,0.10844933635480739,0.7861818181818182,0.4467455621301775,0.707647628267183,0.9944625407166123,1.0,0.7315262988060665,0.0,0.0,0.0,0.0,0.3067846233192727,0.1130167180609835,0.2331134335825774,0.8333333333333334,-0.323398182271546,303460510.0,False,,False,False,True,universe_top1200,Use as candidate universe sensitivity reference.
1053,2653,2653.T,"AEON KYUSHU CO.,LTD.",Retail Trade,0.8667146975585351,0.3279378439624474,0.42654545454545456,0.925706771860618,0.21022910616327847,0.8970684039087948,1.0,0.47854146498870603,0.0,0.0,0.0,0.0,0.6219755739677422,0.0666563771401501,0.7744777941404434,0.5,-0.089007618584588,61239341.666666664,False,,False,False,True,universe_top1200,Use as candidate universe sensitivity reference.
1054,3020,3020.T,"Applied Co.,Ltd.",Retail Trade,0.8667131714619876,0.6076400129491745,0.8985454545454545,0.8044049967126891,0.707647628267183,0.8022801302931596,1.0,0.2855759922555663,0.0,0.0,0.0,0.0,1.0528865634304037,0.1567922766590913,0.4906396255850234,0.8333333333333334,-0.0597221510227097,15546500.0,False,,False,False,True,universe_top1200,Use as candidate universe sensitivity reference.
1055,4317,4317.T,Ray Corporation,Services,0.8666078400328088,0.6775655551958563,0.9461818181818182,0.7744904667981591,0.707647628267183,0.926384364820847,1.0,0.24330429170700227,0.0,0.0,0.0,0.0,1.208249513532669,0.2026739825786655,0.4531288723923542,0.8333333333333334,-0.103663115048366,11355585.0,False,,False,False,True,universe_top1200,Use as candidate universe sensitivity reference.
1056,3627,3627.T,TECMIRA HOLDINGS INC.,Information & Communication,0.8665922667208659,0.8575590806086112,0.10872727272727273,0.673241288625904,0.44062600838980315,0.5413680781758958,1.0,0.3649564375605034,0.0,0.0,0.0,0.0,1.7954879025427906,0.0289488826217734,0.3593345638076577,0.6666666666666666,-0.0242202416557907,29072361.666666668,False,,False,False,True,universe_top1200,Use as candidate universe sensitivity reference.
1057,4231,4231.T,TIGERS POLYMER CORPORATION,Chemicals,0.8665868922806478,0.9248947879572678,0.9407272727272727,0.14464168310322156,0.9209422394320749,0.47524429967426707,1.0,0.4085188770571152,0.0,0.0,0.0,0.0,2.4200330866753705,0.1946466915626612,0.1282507203882415,1.0,-0.016906346573604,40221918.333333336,False,,False,False,True,universe_top1200,Use as candidate universe sensitivity reference.
1058,9619,9619.T,"ICHINEN HOLDINGS CO.,LTD.",Services,0.866540080269941,0.7183554548397539,0.8585454545454545,0.2495069033530572,0.44062600838980315,0.2446254071661238,1.0,0.5198451113262342,0.0,0.0,0.0,0.0,1.3159107125248988,0.1339554646880992,0.1656709077717886,0.6666666666666666,0.0129370038016849,78034051.66666667,False,,False,False,True,universe_top1200,Use as candidate universe sensitivity reference.
1059,6824,6824.T,"NEW COSMOS ELECTRIC CO.,LTD.",Electric Appliances,0.8665245317899991,0.5564907737131758,0.48472727272727273,0.5696909927679158,0.9209422394320749,0.46872964169381104,1.0,0.5040335592126493,0.0,0.0,0.0,0.0,0.9632949384378446,0.071556591997554,0.2905165886528073,1.0,-0.0161064294042865,72165825.0,False,,False,False,True,universe_top1200,Use as candidate universe sensitivity reference.
1060,5820,5820.T,"MITSUBOSHI CO.,LTD.",Nonferrous Metals,0.8665057988885967,0.9449660084169634,0.4650909090909091,0.19493754109138725,0.707647628267183,0.31856677524429966,1.0,0.47305582445950306,0.0,0.0,0.0,0.0,2.744847966856673,0.0699751478997724,0.1471055135526985,0.8333333333333334,0.0016779721275126,59666088.333333336,False,,False,False,True,universe_top1200,Use as candidate universe sensitivity reference.
1061,6336,6336.T,"ISHII HYOKI CO.,LTD.",Machinery,0.8664177533086498,0.6099061184849466,0.6185454545454545,0.4319526627218935,0.707647628267183,0.5560260586319219,1.0,0.5127460471119716,0.0,0.0,0.0,0.0,1.0575582832054284,0.0884279286032348,0.2279952252308852,0.8333333333333334,-0.0259354144922035,75310478.33333333,False,,False,False,True,universe_top1200,Use as candidate universe sensitivity reference.
1062,7551,7551.T,"WEDS CO.,LTD.",Transportation Equipment,0.8663624989480251,0.8523794108125607,0.8916363636363637,0.539776462853386,0.44062600838980315,0.5980456026058631,1.0,0.28686673120361406,0.0,0.0,0.0,0.0,1.7643994224194754,0.1502879354873155,0.2757090177933704,0.6666666666666666,-0.0306842836147323,15931986.666666666,False,,False,False,True,universe_top1200,Use as candidate universe sensitivity reference.
1063,6331,6331.T,"Mitsubishi Kakoki Kaisha,Ltd.",Machinery,0.8663366541982767,0.21851731952088055,0.3563636363636364,0.3517422748191979,0.21022910616327847,0.028013029315960947,1.0,0.8599548241368183,0.0,0.0,0.0,0.0,0.4664259930749094,0.0595310231044152,0.1995647837519267,0.5,0.1266390400791687,947460003.3333334,False,,False,False,True,universe_top1200,Use as candidate universe sensitivity reference.
1064,5208,5208.T,"Arisawa Mfg.Co.,Ltd.",Chemicals,0.8662750025086565,0.3285853026869537,0.2712727272727273,0.23701512163050625,0.9209422394320749,0.3964169381107492,1.0,0.8199419167473379,0.0,0.0,0.0,0.0,0.6239556758391019,0.0510079400704313,0.1620019745001152,1.0,-0.0082397626164948,613892995.0,False,,False,False,True,universe_top1200,Use as candidate universe sensitivity reference.
1065,2354,2354.T,YE DIGITAL Corporation,Information & Communication,0.8662225405227307,0.20977662674004532,0.492,0.727810650887574,0.707647628267183,0.40065146579804556,1.0,0.6350435624394967,0.0,0.0,0.0,0.0,0.4521630024050348,0.0724611115243855,0.4066873329109252,0.8333333333333334,-0.0086577736953023,160879241.66666666,False,,False,False,True,universe_top1200,Use as candidate universe sensitivity reference.
1066,3106,3106.T,KURABO INDUSTRIES LTD.,Textiles and Apparels,0.8662209726056314,0.39203625768857236,0.29709090909090907,0.2514792899408284,0.9209422394320749,0.4192182410423453,1.0,0.7718618909325589,0.0,0.0,0.0,0.0,0.7134862789986054,0.0533310121566682,0.1661584325745687,1.0,-0.0103830240166128,403914166.6666667,False,,False,False,True,universe_top1200,Use as candidate universe sensitivity reference.
1067,6383,6383.T,"DAIFUKU CO.,LTD.",Machinery,0.8661616438049551,0.0356102298478472,0.17636363636363636,0.314266929651545,0.707647628267183,0.15537459283387622,1.0,0.9864472410454985,0.0,0.0,0.0,0.0,0.1699700328447351,0.0389460079687728,0.1872007152146396,0.8333333333333334,0.0329217760003854,12851375221.666666,False,,False,False,True,universe_top1200,Use as candidate universe sensitivity reference.
1068,9553,9553.T,"MicroAd,Inc.",Services,0.8661357854179016,0.07316283586921334,0.16763636363636364,0.8297172912557528,0.707647628267183,0.5182410423452768,1.0,0.7144240077444337,0.0,0.0,0.0,0.0,0.2465841357566223,0.0376945687193719,0.5255228598158624,0.8333333333333334,-0.0211966847491312,267644301.66666663,False,,False,False,True,universe_top1200,Use as candidate universe sensitivity reference.
1069,1420,1420.T,Sanyo Homes Corporation,Construction,0.8660824354618246,0.8980252508902558,0.6563636363636364,0.3047337278106509,0.02032913843175218,0.08241042345276872,1.0,0.45014520813165537,0.0,0.0,0.0,0.0,2.121528504146512,0.0930259055830967,0.1826925201492027,0.1666666666666666,0.0628027877439891,50934911.666666664,False,,False,False,True,universe_top1200,Use as candidate universe sensitivity reference.
1070,5449,5449.T,"OSAKA STEEL CO.,LTD.",Iron and Steel,0.8658080205105958,0.8510844933635481,0.15672727272727272,0.027613412228796843,0.9209422394320749,0.5188925081433224,1.0,0.6311713455953534,0.0,0.0,0.0,0.0,1.7567486045562697,0.0362096010988995,0.0641423200727326,1.0,-0.0213217318027935,157390170.0,False,,False,False,True,universe_top1200,Use as candidate universe sensitivity reference.
1071,2475,2475.T,"WDB HOLDINGS CO.,LTD.",Services,0.8657297395708318,0.5377144707024927,0.6610909090909091,0.5509533201840894,0.44062600838980315,0.5475570032573289,1.0,0.4975798644724105,0.0,0.0,0.0,0.0,0.931025247746018,0.0938373281291671,0.281230940095503,0.6666666666666666,-0.0249336035782034,69015713.33333333,False,,False,False,True,universe_top1200,Use as candidate universe sensitivity reference.
1072,8101,8101.T,GSI Creos Corporation,Wholesale Trade,0.8656796374582714,0.6196179993525412,0.5967272727272728,0.3803418803418803,0.9209422394320749,0.36840390879478824,1.0,0.5356566634398193,0.0,0.0,0.0,0.0,1.0789212565463489,0.0845608031289068,0.2108172325392359,1.0,-0.0045717670845648,88640040.0,False,,False,False,True,universe_top1200,Use as candidate universe sensitivity reference.
1073,6284,6284.T,"NISSEI ASB MACHINE CO.,LTD.",Machinery,0.8656731081273032,0.18387827775979282,0.3145454545454546,0.5095332018408941,0.9209422394320749,0.39739413680781754,1.0,0.7686350435624395,0.0,0.0,0.0,0.0,0.4196439979751623,0.0551661069505909,0.2625596407521751,1.0,-0.0084818090997505,399742916.6666667,False,,False,False,True,universe_top1200,Use as candidate universe sensitivity reference.
1074,1870,1870.T,"YAHAGI CONSTRUCTION CO.,LTD.",Construction,0.8655909654143229,0.509226286824215,0.4661818181818182,0.16502301117685733,0.07454017424975799,0.013355048859934882,1.0,0.7628267182962246,0.0,0.0,0.0,0.0,0.8918243225369614,0.070101897947113,0.1346276521980307,0.3333333333333333,0.169010435941085,383455415.0,False,,False,False,True,universe_top1200,Use as candidate universe sensitivity reference.
1075,4931,4931.T,"Shinnihonseiyaku Co.,Ltd.",Chemicals,0.8655535405904089,0.2890903204920686,0.3970909090909091,0.9845496383957922,0.44062600838980315,0.8661237785016287,1.0,0.46821555340432397,0.0,0.0,0.0,0.0,0.5738690725780361,0.0639050190261305,1.1640185427651368,0.6666666666666666,-0.0767668781110172,57874173.333333336,False,,False,False,True,universe_top1200,Use as candidate universe sensitivity reference.
1076,4377,4377.T,ONE CAREER Inc.,Information & Communication,0.8655504934031221,0.03140174813855617,0.20909090909090908,0.9355687047994741,0.707647628267183,0.9348534201954397,1.0,0.6544046466602129,0.0,0.0,0.0,0.0,0.1582199332413259,0.0433424870012811,0.8058007000029765,0.8333333333333334,-0.1116523028147245,183376095.0,False,,False,False,True,universe_top1200,Use as candidate universe sensitivity reference.
1077,5363,5363.T,TYK CORPORATION,Glass and Ceramics Products,0.8654934827017116,0.7895759145354484,0.8167272727272727,0.21466140696909927,0.707647628267183,0.2703583061889251,1.0,0.4878993223620523,0.0,0.0,0.0,0.0,1.5037527237365071,0.1206147772000654,0.154393806684059,0.8333333333333334,0.0086503354092919,65188566.666666664,False,,False,False,True,universe_top1200,Use as candidate universe sensitivity reference.
1078,1813,1813.T,Fudo Tetra Corporation,Construction,0.8654711136459821,0.47134995144059566,0.29418181818181816,0.3145956607495069,0.07454017424975799,0.18143322475570034,1.0,0.7360438851242336,0.0,0.0,0.0,0.0,0.8353399784372375,0.0532401255182781,0.1872077071771528,0.3333333333333333,0.0266175300473219,315120176.6666667,False,,False,False,True,universe_top1200,Use as candidate universe sensitivity reference.
1079,4481,4481.T,"BASE CO.,LTD.",Information & Communication,0.8654520538765911,0.08190352865004856,0.5112727272727273,0.6909927679158449,0.9209422394320749,0.43680781758957654,1.0,0.707002258793159,0.0,0.0,0.0,0.0,0.2587723361930506,0.0748379974641134,0.3724208136331419,1.0,-0.0127857077677648,258740533.33333337,False,,False,False,True,universe_top1200,Use as candidate universe sensitivity reference.
1080,2907,2907.T,"AHJIKAN CO.,LTD.",Foods,0.8654329572161373,0.8352217546131434,0.8905454545454545,0.8129520052596976,0.9209422394320749,0.8452768729641693,1.0,0.1403678606001936,0.0,0.0,0.0,0.0,1.6774522191487666,0.1494230952148052,0.5039429263337198,1.0,-0.0699146606132848,5135173.333333333,False,,False,False,True,universe_top1200,Use as candidate universe sensitivity reference.
1081,6954,6954.T,FANUC CORPORATION,Electric Appliances,0.8654220528781765,0.06409841372612496,0.06,0.20907297830374755,0.707647628267183,0.7703583061889251,1.0,0.9954824136818329,0.0,0.0,0.0,0.0,0.2307285020552779,0.0200702726037623,0.1522562106646718,0.8333333333333334,-0.053804903253062,44299332953.333336,False,,False,False,True,universe_top1200,Use as candidate universe sensitivity reference.
1082,6459,6459.T,DAIWA INDUSTRIES LTD.,Machinery,0.8654058727379513,0.4694075752670767,0.35963636363636364,0.5512820512820513,0.21022910616327847,0.27263843648208475,1.0,0.6101968376895773,0.0,0.0,0.0,0.0,0.8299606534807775,0.0597160391121435,0.2814987517546685,0.5,0.0082989825366024,140925468.33333334,False,,False,False,True,universe_top1200,Use as candidate universe sensitivity reference.
1083,7614,7614.T,"OM2Network Co.,Ltd.",Retail Trade,0.865398537801112,0.8527031401748139,0.6509090909090909,0.8685075608152532,0.44062600838980315,0.5319218241042345,1.0,0.18102613746369797,0.0,0.0,0.0,0.0,1.764642617631226,0.0920144123627353,0.6000804539005734,0.6666666666666666,-0.0230547050812306,7071513.333333333,False,,False,False,True,universe_top1200,Use as candidate universe sensitivity reference.
1084,8137,8137.T,SUN-WA TECHNOS CORPORATION,Wholesale Trade,0.8653954804699375,0.47944318549692455,0.19927272727272727,0.331689677843524,0.44062600838980315,0.8309446254071662,1.0,0.6886092287834785,0.0,0.0,0.0,0.0,0.8469452699041364,0.042129974229838,0.1932306698690132,0.6666666666666666,-0.0651974693345486,230852325.0,False,,False,False,True,universe_top1200,Use as candidate universe sensitivity reference.
1085,1852,1852.T,ASANUMA CORPORATION,Construction,0.8650483236844,0.40012949174490126,0.5123636363636364,0.21926364234056542,0.21022910616327847,0.3602605863192182,1.0,0.7631494030332365,0.0,0.0,0.0,0.0,0.7236030985098721,0.0748571153753439,0.1561176674765706,0.5,-0.0037969245834699,383774358.3333333,False,,False,False,True,universe_top1200,Use as candidate universe sensitivity reference.
1086,7291,7291.T,"NIHON PLAST CO.,LTD.",Transportation Equipment,0.8650234817039298,0.9825186144383296,0.986909090909091,0.1712689020381328,0.707647628267183,0.5856677524429967,1.0,0.3478541464988706,0.0,0.0,0.0,0.0,3.845132388927938,0.4021257220686696,0.1376945012012484,0.8333333333333334,-0.0292243854994561,26034083.333333332,False,,False,False,True,universe_top1200,Use as candidate universe sensitivity reference.
1087,3150,3150.T,"grems,Inc.",Electric Power and Gas,0.864988742471941,0.10229847847199741,0.5850909090909091,0.7439184746877054,0.707647628267183,0.3599348534201955,1.0,0.6679574056147144,0.0,0.0,0.0,0.0,0.2978722393896388,0.0832501080280626,0.4219036768341862,0.8333333333333334,-0.0037862501805459,201039335.0,False,,False,False,True,universe_top1200,Use as candidate universe sensitivity reference.
1088,7995,7995.T,"VALQUA,LTD.",Chemicals,0.8649834197952139,0.1327290385237941,0.14763636363636365,0.6002629848783695,0.07454017424975799,0.3039087947882736,1.0,0.8131655372700871,0.0,0.0,0.0,0.0,0.3433229456041707,0.0350383624143446,0.3063747221258497,0.3333333333333333,0.0037554986540607,570078391.6666666,False,,False,False,True,universe_top1200,Use as candidate universe sensitivity reference.
1089,3396,3396.T,FELISSIMO CORPORATION,Retail Trade,0.8649065773677973,0.9753965684687601,0.372,0.8523997370151216,0.9209422394320749,0.4726384364820847,1.0,0.15488867376573087,0.0,0.0,0.0,0.0,3.3320826365989404,0.0608731192580031,0.5674887014696985,1.0,-0.0165153055857498,5782095.0,False,,False,False,True,universe_top1200,Use as candidate universe sensitivity reference.
1090,3763,3763.T,Pro-Ship Incorporated,Information & Communication,0.8648884681176744,0.31984460990611846,0.6738181818181819,0.6890203813280736,0.21022910616327847,0.12540716612377845,1.0,0.5843820587286221,0.0,0.0,0.0,0.0,0.6119803613732475,0.0949879128290907,0.3713390842029526,0.5,0.0432072108467397,120789955.0,False,,False,False,True,universe_top1200,Use as candidate universe sensitivity reference.
1091,5946,5946.T,"CHOFU SEISAKUSHO CO.,LTD.",Metal Products,0.8648355402227251,0.8905794755584332,0.13127272727272726,0.03418803418803419,0.21022910616327847,0.4889250814332248,1.0,0.6285898676992578,0.0,0.0,0.0,0.0,2.057219772067479,0.032471726138259,0.0699708257921607,0.5,-0.0180753494247192,155116095.0,False,,False,False,True,universe_top1200,Use as candidate universe sensitivity reference.
1092,4733,4733.T,"OBIC BUSINESS CONSULTANTS CO.,LTD.",Information & Communication,0.8647512563468123,0.12204596956943994,0.13854545454545455,0.32051282051282054,0.9209422394320749,0.3876221498371335,1.0,0.9138431752178122,0.0,0.0,0.0,0.0,0.3315424694054681,0.0337463049422416,0.1885440354827088,1.0,-0.0073189822721134,2034922696.6666667,False,,False,False,True,universe_top1200,Use as candidate universe sensitivity reference.
1093,1812,1812.T,KAJIMA CORPORATION,Construction,0.8647003735347196,0.23179022337325997,0.24581818181818182,0.0631163708086785,0.07454017424975799,0.17100977198697065,1.0,0.9870926105195225,0.0,0.0,0.0,0.0,0.4873487166347037,0.0482220448183588,0.0935557657749453,0.3333333333333333,0.029082174853306,13824471666.666666,False,,False,False,True,universe_top1200,Use as candidate universe sensitivity reference.
1094,6517,6517.T,"Denyo Co.,Ltd.",Electric Appliances,0.8646456653280256,0.6280349627711234,0.5661818181818182,0.24720578566732412,0.707647628267183,0.43550488599348536,1.0,0.5924491771539206,0.0,0.0,0.0,0.0,1.0929705777112,0.0809246483931077,0.1648244744424782,0.8333333333333334,-0.0124988366682177,126527425.0,False,,False,False,True,universe_top1200,Use as candidate universe sensitivity reference.
1095,5976,5976.T,"Neturen Co.,Ltd.",Metal Products,0.8643496407937424,0.7947555843314988,0.27090909090909093,0.13313609467455623,0.44062600838980315,0.5312703583061889,1.0,0.6018070345272669,0.0,0.0,0.0,0.0,1.5241669808398337,0.0509212264551112,0.1235195797516714,0.6666666666666666,-0.0230086449721061,132849148.33333331,False,,False,False,True,universe_top1200,Use as candidate universe sensitivity reference.
1096,9270,9270.T,Valuence Holdings Inc.,Wholesale Trade,0.8643219910639893,0.08708319844609906,0.07490909090909091,0.9013806706114399,0.07454017424975799,0.12019543973941371,1.0,0.7250726040658277,0.0,0.0,0.0,0.0,0.2692822857378005,0.0231565723766814,0.6887505011175936,0.3333333333333333,0.0443908397265763,285388648.3333333,False,,False,False,True,universe_top1200,Use as candidate universe sensitivity reference.
1097,3457,3457.T,"&Do Holdings Co.,Ltd.",Real Estate,0.8643205461208532,0.5380382000647459,0.8069090909090909,0.3586456278763971,0.707647628267183,0.8410423452768729,1.0,0.5243626976444015,0.0,0.0,0.0,0.0,0.9311327356130268,0.1181261439370343,0.2020063079210259,0.8333333333333334,-0.0683775347925643,80409173.33333333,False,,False,False,True,universe_top1200,Use as candidate universe sensitivity reference.
1098,7925,7925.T,"MAEZAWA KASEI INDUSTRIES CO.,LTD.",Chemicals,0.8642887664338798,0.7662674004532211,0.3618181818181818,0.26101249178172253,0.9209422394320749,0.3527687296416938,1.0,0.5414649887060342,0.0,0.0,0.0,0.0,1.443100042391607,0.0599307318932173,0.170406200827554,1.0,-0.0029254022428083,91342145.0,False,,False,False,True,universe_top1200,Use as candidate universe sensitivity reference.
1099,7544,7544.T,"Three F Co.,Ltd.",Retail Trade,0.8642156996152272,0.7461961799935254,0.9538181818181818,0.9990138067061144,0.707647628267183,0.6449511400651466,1.0,0.10874475637302355,0.0,0.0,0.0,0.0,1.3880398879356184,0.2122407052588174,2.036123654046544,0.8333333333333334,-0.0369791187563241,4006080.0,False,,False,False,True,universe_top1200,Use as candidate universe sensitivity reference.
1100,2158,2158.T,"FRONTEO,Inc.",Services,0.8642079419118265,0.024603431531239884,0.07927272727272727,0.8356344510190664,0.707647628267183,0.5785016286644951,1.0,0.7405614714424008,0.0,0.0,0.0,0.0,0.1409178195801327,0.0242339690985544,0.5338939503801182,0.8333333333333334,-0.0283334815379464,324048711.6666667,False,,False,False,True,universe_top1200,Use as candidate universe sensitivity reference.
1101,7254,7254.T,UNIVANCE CORPORATION,Transportation Equipment,0.8641476521447476,0.8494658465522823,0.9389090909090909,0.3264299802761341,0.9209422394320749,0.8817589576547231,1.0,0.33204259438528555,0.0,0.0,0.0,0.0,1.7473775292577585,0.1936406656663654,0.1908737390448099,1.0,-0.0815717843010955,22847433.333333332,False,,False,False,True,universe_top1200,Use as candidate universe sensitivity reference.
1102,7760,7760.T,IMV CORPORATION,Precision Instruments,0.8640994543253823,0.10197474910974426,0.2487272727272727,0.5664036817882971,0.44062600838980315,0.8986970684039088,1.0,0.7754114230396902,0.0,0.0,0.0,0.0,0.2973119344122291,0.048409508001318,0.2892760588765395,0.6666666666666666,-0.0898390001055479,411799275.0,False,,False,False,True,universe_top1200,Use as candidate universe sensitivity reference.
1103,6358,6358.T,"SAKAI HEAVY INDUSTRIES,LTD.",Machinery,0.8640045576873697,0.8394302363224344,0.5647272727272727,0.2412886259040105,0.21022910616327847,0.19999999999999996,1.0,0.5033881897386253,0.0,0.0,0.0,0.0,1.6915285017634454,0.0808055417255624,0.1630702034617966,0.5,0.0216277632294293,71873918.33333333,False,,False,False,True,universe_top1200,Use as candidate universe sensitivity reference.
1104,5574,5574.T,"ABEJA,Inc.",Information & Communication,0.8639975794321313,0.04953059242473292,0.06072727272727273,0.7422748191978962,0.707647628267183,0.9899022801302931,1.0,0.744756373023556,0.0,0.0,0.0,0.0,0.2017305060210457,0.020222421554636,0.4205016609084245,0.8333333333333334,-0.245443368707217,333634070.0,False,,False,False,True,universe_top1200,Use as candidate universe sensitivity reference.
1105,3109,3109.T,SHIKIBO LTD.,Textiles and Apparels,0.86396125380883,0.9478795726772419,0.7923636363636364,0.04963839579224195,0.707647628267183,0.3921824104234528,1.0,0.4617618586640852,0.0,0.0,0.0,0.0,2.789350961738001,0.1144617030101921,0.084498487343916,0.8333333333333334,-0.0078266532472914,54882281.666666664,False,,False,False,True,universe_top1200,Use as candidate universe sensitivity reference.
1106,8059,8059.T,"DAIICHI JITSUGYO CO.,LTD.",Wholesale Trade,0.863912491159256,0.4645516348332794,0.6454545454545455,0.41157133464825774,0.9209422394320749,0.45635179153094463,1.0,0.585350112939658,0.0,0.0,0.0,0.0,0.823874779287566,0.0916299142770735,0.2204022804058982,1.0,-0.0148589142531656,121483230.0,False,,False,False,True,universe_top1200,Use as candidate universe sensitivity reference.
1107,4075,4075.T,"Brains Technology,Inc.",Information & Communication,0.8638866677899092,0.08352217546131434,0.06727272727272728,0.680802103879027,0.707647628267183,0.9680781758957655,1.0,0.7528234914488545,0.0,0.0,0.0,0.0,0.2643352937036925,0.0215043178413809,0.3656504471084137,0.8333333333333334,-0.1464222662753442,361021241.6666667,False,,False,False,True,universe_top1200,Use as candidate universe sensitivity reference.
1108,6996,6996.T,NICHICON CORPORATION,Electric Appliances,0.8637450964904272,0.1900291356426028,0.17345454545454544,0.1942800788954635,0.707647628267183,0.6752442996742671,1.0,0.9093255888996451,0.0,0.0,0.0,0.0,0.4268733273560666,0.0385151404802524,0.1470853973891641,0.8333333333333334,-0.0404336214297693,1880553048.3333333,False,,False,False,True,universe_top1200,Use as candidate universe sensitivity reference.
1109,3945,3945.T,"Superbag Company,Limited",Pulp and Paper,0.8636847987826913,0.7779216574943347,0.978909090909091,0.6942800788954635,0.707647628267183,0.2521172638436482,1.0,0.24427234591803806,0.0,0.0,0.0,0.0,1.4749928765951843,0.3043537098428964,0.376986301369863,0.8333333333333334,0.0115905553531807,11491630.0,False,,False,False,True,universe_top1200,Use as candidate universe sensitivity reference.
1110,8917,8917.T,"First Juken Co.,Ltd.",Real Estate,0.8635744985151158,0.9592101003561023,0.7509090909090909,0.10880999342537805,0.707647628267183,0.5306188925081433,1.0,0.425621168118748,0.0,0.0,0.0,0.0,2.986916140341566,0.107117960104081,0.1136701515496496,0.8333333333333334,-0.0229082040879457,44618931.666666664,False,,False,False,True,universe_top1200,Use as candidate universe sensitivity reference.
1111,6069,6069.T,"Trenders,Inc.",Services,0.8635348288364458,0.5344771770799611,0.828,0.7008547008547008,0.02032913843175218,0.04267100977198701,1.0,0.436269764440142,0.0,0.0,0.0,0.0,0.9283619050226748,0.1234897714162071,0.3841197946590819,0.1666666666666666,0.1022889872208378,46991558.333333336,False,,False,False,True,universe_top1200,Use as candidate universe sensitivity reference.
1112,7818,7818.T,"TRANSACTION CO.,Ltd.",Other Products,0.8635266328501413,0.08416963418582066,0.5658181818181818,0.7751479289940828,0.707647628267183,0.06612377850162865,1.0,0.6782833171990965,0.0,0.0,0.0,0.0,0.2650896173312864,0.080890778540628,0.4535074565184022,0.8333333333333334,0.0760105711286381,215627161.66666663,False,,False,False,True,universe_top1200,Use as candidate universe sensitivity reference.
1113,9846,9846.T,"TENMAYA STORE CO.,LTD.",Retail Trade,0.8633892940065105,0.9300744577533182,0.8174545454545454,0.7380013149243918,0.21022910616327847,0.6407166123778502,1.0,0.15682478218780252,0.0,0.0,0.0,0.0,2.4743867392477075,0.1207020031118898,0.4173299272078011,0.5,-0.0363364464399442,5837218.333333333,False,,False,False,True,universe_top1200,Use as candidate universe sensitivity reference.
1114,6946,6946.T,"Nippon Avionics Co.,Ltd.",Electric Appliances,0.8633475062236123,0.033667853674328264,0.076,0.4812623274161736,0.44062600838980315,0.3846905537459283,1.0,0.909648273636657,0.0,0.0,0.0,0.0,0.1651910641708121,0.0232436774632092,0.2466094452495076,0.6666666666666666,-0.0068330853584614,1888257866.6666667,False,,False,False,True,universe_top1200,Use as candidate universe sensitivity reference.
1115,5011,5011.T,"NICHIREKI GROUP CO.,LTD.",Oil and Coal Products,0.8633021297895278,0.7264486888960828,0.5890909090909091,0.21400394477317555,0.21022910616327847,0.33485342019543973,1.0,0.5624394966118103,0.0,0.0,0.0,0.0,1.334854959223446,0.0836960274484643,0.1542965968959134,0.5,-0.000453095024631,106311003.33333331,False,,False,False,True,universe_top1200,Use as candidate universe sensitivity reference.
1116,8091,8091.T,"NICHIMO CO.,LTD.",Wholesale Trade,0.8632974687233189,0.8316607316283587,0.8858181818181818,0.1952662721893491,0.44062600838980315,0.106514657980456,1.0,0.46789286866731206,0.0,0.0,0.0,0.0,1.667829045321446,0.1473674742814377,0.1471515559941274,0.6666666666666666,0.0489189353797429,57740978.333333336,False,,False,False,True,universe_top1200,Use as candidate universe sensitivity reference.
1117,5186,5186.T,Nitta Corporation,Rubber Products,0.8631967546662824,0.5412754936872775,0.5065454545454545,0.16568047337278108,0.44062600838980315,0.16840390879478828,1.0,0.7047434656340755,0.0,0.0,0.0,0.0,0.9397191652907212,0.0743603013215208,0.134751654801007,0.6666666666666666,0.0297222659435946,256339058.33333337,False,,False,False,True,universe_top1200,Use as candidate universe sensitivity reference.
1118,8030,8030.T,"Chuo Gyorui Co.,Ltd.",Wholesale Trade,0.8631692519236291,0.925542246681774,0.9552727272727273,0.3405654174884944,0.9209422394320749,0.42768729641693815,1.0,0.3036463375282349,0.0,0.0,0.0,0.0,2.421977784723775,0.2182652482935536,0.1960540395933654,1.0,-0.0113856699853109,18277566.666666668,False,,False,False,True,universe_top1200,Use as candidate universe sensitivity reference.
1119,1801,1801.T,TAISEI CORPORATION,Construction,0.8631445279690343,0.1803172547750081,0.3527272727272727,0.06541748849441158,0.21022910616327847,0.0941368078175896,1.0,0.989028718941594,0.0,0.0,0.0,0.0,0.4152913659097121,0.0589920034550412,0.0951644758376128,0.5,0.0565728168781987,15360286533.333334,False,,False,False,True,universe_top1200,Use as candidate universe sensitivity reference.
1120,7734,7734.T,"RIKEN KEIKI CO.,LTD.",Precision Instruments,0.863124097850762,0.2204596956943995,0.24763636363636363,0.5157790927021696,0.44062600838980315,0.21400651465798048,1.0,0.7696030977734754,0.0,0.0,0.0,0.0,0.467996657155348,0.0483522862781813,0.265485576485135,0.6666666666666666,0.0188834109940215,400625580.0,False,,False,False,True,universe_top1200,Use as candidate universe sensitivity reference.
1121,5805,5805.T,SWCC Corporation,Nonferrous Metals,0.8630257236211025,0.04467465199093558,0.096,0.33859303090072324,0.21022910616327847,0.37133550488599354,1.0,0.9696676347208777,0.0,0.0,0.0,0.0,0.1889489838819066,0.0269151557782678,0.1954559019154607,0.5,-0.0050989451418074,7136362733.333333,False,,False,False,True,universe_top1200,Use as candidate universe sensitivity reference.
1122,6999,6999.T,KOA CORPORATION,Electric Appliances,0.8628851521056597,0.39753965684687603,0.015272727272727273,0.09270216962524655,0.21022910616327847,0.7071661237785016,1.0,0.8744756373023556,0.0,0.0,0.0,0.0,0.7201808647696616,0.0079569336358496,0.107503641682161,0.5,-0.0442385385024417,1162023816.6666667,False,,False,False,True,universe_top1200,Use as candidate universe sensitivity reference.
1123,5821,5821.T,HIRAKAWA HEWTECH CORP.,Nonferrous Metals,0.8628797564660681,0.3917125283263192,0.16327272727272726,0.21170282708744248,0.9209422394320749,0.6684039087947883,1.0,0.7802516940948693,0.0,0.0,0.0,0.0,0.7131514613227502,0.0373161719217927,0.1533774890672101,1.0,-0.0397621106804616,431267400.0,False,,False,False,True,universe_top1200,Use as candidate universe sensitivity reference.
1124,3547,3547.T,UNISIA HOLDINGS CO.,Retail Trade,0.8627229150141692,0.08028488183878278,0.4527272727272727,0.9911242603550295,0.707647628267183,0.906514657980456,1.0,0.5472733139722491,0.0,0.0,0.0,0.0,0.2568677111967691,0.0689633366963562,1.2678474900405643,0.8333333333333334,-0.0928027889945661,95743170.0,False,,False,False,True,universe_top1200,Use as candidate universe sensitivity reference.
1125,3486,3486.T,GLOBAL LINK MANAGEMENT INC.,Real Estate,0.862706471025455,0.2767886047264487,0.9265454545454546,0.5019723865877712,0.07454017424975799,0.010749185667752403,1.0,0.6479509519199742,0.0,0.0,0.0,0.0,0.5554971613752023,0.1779415012778261,0.2577453214136906,0.3333333333333333,0.1933707243605594,173072185.0,False,,False,False,True,universe_top1200,Use as candidate universe sensitivity reference.
1126,7539,7539.T,"AINAVO HOLDINGS Co.,Ltd.",Wholesale Trade,0.8625534098687591,0.7937843962447394,0.6883636363636364,0.5627876397107167,0.707647628267183,0.6058631921824105,1.0,0.3165537270087125,0.0,0.0,0.0,0.0,1.52155964095968,0.097156295311926,0.2869565574509346,0.8333333333333334,-0.0317464654748201,20081751.666666668,False,,False,False,True,universe_top1200,Use as candidate universe sensitivity reference.
1127,8163,8163.T,"SRS HOLDINGS CO.,LTD.",Retail Trade,0.8625375629124152,0.13823243768209775,0.0669090909090909,0.9641683103221564,0.21022910616327847,0.8296416938110749,1.0,0.6124556308486608,0.0,0.0,0.0,0.0,0.356610707943445,0.0214938513908615,0.969950690024062,0.5,-0.0649372011431127,142190920.0,False,,False,False,True,universe_top1200,Use as candidate universe sensitivity reference.
1128,1946,1946.T,TOENEC CORPORATION,Construction,0.8624764928664854,0.3839430236322434,0.31745454545454543,0.14957264957264957,0.9209422394320749,0.5648208469055375,1.0,0.7899322362052275,0.0,0.0,0.0,0.0,0.7032659943730662,0.0553892525619951,0.1303286632899817,1.0,-0.0268045726020809,466363165.0,False,,False,False,True,universe_top1200,Use as candidate universe sensitivity reference.
1129,5631,5631.T,"The Japan Steel Works,Ltd.",Machinery,0.8624629413233821,0.1372612495953383,0.1330909090909091,0.2113740959894806,0.21022910616327847,0.08925081433224757,1.0,0.9828977089383673,0.0,0.0,0.0,0.0,0.3532037082510018,0.0328635266650629,0.1532017823682188,0.5,0.0594066913584443,10766041570.0,False,,False,False,True,universe_top1200,Use as candidate universe sensitivity reference.
1130,4463,4463.T,"NICCA CHEMICAL CO.,LTD.",Chemicals,0.8624445207909199,0.7147944318549693,0.6472727272727272,0.534845496383958,0.21022910616327847,0.6866449511400652,1.0,0.38948047757341075,0.0,0.0,0.0,0.0,1.305164191758341,0.091777332877203,0.2727407767514719,0.5,-0.0417100382647451,35333861.666666664,False,,False,False,True,universe_top1200,Use as candidate universe sensitivity reference.
1131,9424,9424.T,Japan Communications Inc.,Information & Communication,0.8623947088160456,0.05212042732275817,0.23963636363636365,0.8214990138067061,0.21022910616327847,0.3693811074918567,1.0,0.7221684414327202,0.0,0.0,0.0,0.0,0.2051056357634322,0.0473191521850167,0.5163160344376314,0.5,-0.0046163149110751,281194613.3333333,False,,False,False,True,universe_top1200,Use as candidate universe sensitivity reference.
1132,4820,4820.T,"EM SYSTEMS CO.,LTD.",Information & Communication,0.8623475808298454,0.31693104564584007,0.5007272727272727,0.7547666009204471,0.707647628267183,0.23322475570032575,1.0,0.5521135850274282,0.0,0.0,0.0,0.0,0.6098556080885431,0.0735456254077021,0.4318694103104777,0.8333333333333334,0.0154119138149556,99177771.66666669,False,,False,False,True,universe_top1200,Use as candidate universe sensitivity reference.
1133,6071,6071.T,"IBJ,Inc.",Services,0.862344326111065,0.16154095176432504,0.49272727272727274,0.8560157790927022,0.21022910616327847,0.47817589576547226,1.0,0.5947079703130042,0.0,0.0,0.0,0.0,0.3906149240805494,0.0725143508939452,0.573767761972277,0.5,-0.0171214481464351,127604868.33333331,False,,False,False,True,universe_top1200,Use as candidate universe sensitivity reference.
1134,2652,2652.T,MANDARAKE INC.,Retail Trade,0.8623312636942794,0.6115247652962124,0.7105454545454546,0.7619986850756082,0.44062600838980315,0.10618892508143318,1.0,0.3636656986124556,0.0,0.0,0.0,0.0,1.0608904647401154,0.1006493452886366,0.4387234867406928,0.6666666666666666,0.0489963647687516,28634163.333333332,False,,False,False,True,universe_top1200,Use as candidate universe sensitivity reference.
1135,9906,9906.T,Fujii Sangyo Corporation,Wholesale Trade,0.8623183897213568,0.6953706701197798,0.8596363636363636,0.4536489151873767,0.9209422394320749,0.44918566775244295,1.0,0.39270732494353017,0.0,0.0,0.0,0.0,1.2455891100647989,0.1342216524482153,0.2355979229820093,1.0,-0.0140861078341345,36050666.666666664,False,,False,False,True,universe_top1200,Use as candidate universe sensitivity reference.
1136,6653,6653.T,"SEIKO ELECTRIC CO.,LTD.",Electric Appliances,0.8622091331278152,0.31045645840077696,0.43272727272727274,0.26528599605522685,0.44062600838980315,0.7742671009771986,1.0,0.7592771861890932,0.0,0.0,0.0,0.0,0.5991936473307324,0.0674419960177661,0.1714244562869076,0.6666666666666666,-0.0544845186483411,376538168.3333333,False,,False,False,True,universe_top1200,Use as candidate universe sensitivity reference.
1137,1799,1799.T,DAIICHI KENSETSU CORPORATION,Construction,0.8621401608031076,0.6811265781806409,0.6236363636363637,0.15351742274819197,0.707647628267183,0.4026058631921824,1.0,0.5837366892545982,0.0,0.0,0.0,0.0,1.2160629048296718,0.0889718493668207,0.1314293930888921,0.8333333333333334,-0.0089619741716032,120250950.0,False,,False,False,True,universe_top1200,Use as candidate universe sensitivity reference.
1138,5939,5939.T,"OTANI KOGYO CO.,LTD.",Metal Products,0.8621297755775117,0.617028164454516,0.6890909090909091,0.43030900723208415,0.707647628267183,0.786970684039088,1.0,0.46079380445304935,0.0,0.0,0.0,0.0,1.0744224055420395,0.0972837407081026,0.2275157917391443,0.8333333333333334,-0.0561538129422187,54677283.333333336,False,,False,False,True,universe_top1200,Use as candidate universe sensitivity reference.
1139,3675,3675.T,Cross Marketing Group Inc.,Information & Communication,0.8620744044477617,0.42084817092910326,0.8385454545454546,0.8957922419460881,0.9209422394320749,0.6403908794788273,1.0,0.33946434333656017,0.0,0.0,0.0,0.0,0.7477243249939219,0.1262293553169231,0.6742773282712646,1.0,-0.0363033119230749,24115630.0,False,,False,False,True,universe_top1200,Use as candidate universe sensitivity reference.
1140,4187,4187.T,OSAKA ORGANIC CHEMICAL INDUSTRY LTD.,Chemicals,0.8620109390242555,0.18193590158627387,0.34254545454545454,0.30046022353714663,0.9209422394320749,0.3390879478827361,1.0,0.8428525330751856,0.0,0.0,0.0,0.0,0.4176323247368539,0.0580497710725981,0.1815691360064099,1.0,-0.0011272458017298,750245975.0,False,,False,False,True,universe_top1200,Use as candidate universe sensitivity reference.
1141,7377,7377.T,"DN HOLDINGS CO.,LTD.",Services,0.8619956927939074,0.5885399805762382,0.8407272727272728,0.7882971729125575,0.9209422394320749,0.711400651465798,1.0,0.2884801548886738,0.0,0.0,0.0,0.0,1.0221206250307733,0.1267915283850892,0.4703224361100268,1.0,-0.0446237894995077,16078621.666666666,False,,False,False,True,universe_top1200,Use as candidate universe sensitivity reference.
1142,7409,7409.T,"AeroEdge Co.,Ltd",Transportation Equipment,0.8619320683799713,0.11880867594690839,0.3810909090909091,0.36653517422748194,0.44062600838980315,0.8690553745928339,1.0,0.8228460793804453,0.0,0.0,0.0,0.0,0.3270773675569541,0.0617486036700657,0.2053899674160472,0.6666666666666666,-0.0775251314312228,624474100.0,False,,False,False,True,universe_top1200,Use as candidate universe sensitivity reference.
1143,3321,3321.T,"MITACHI CO.,LTD.",Wholesale Trade,0.8618629083971531,0.6351570087406928,0.8149090909090909,0.15581854043392504,0.07454017424975799,0.0016286644951140072,1.0,0.6176185866408519,0.0,0.0,0.0,0.0,1.1041959038007665,0.1202446094737392,0.1320807203399093,0.3333333333333333,0.3633180869648911,145952271.66666666,False,,False,False,True,universe_top1200,Use as candidate universe sensitivity reference.
1144,4577,4577.T,"Daito Pharmaceutical Co.,Ltd.",Pharmaceutical,0.8618533095268324,0.7892521851731952,0.31236363636363634,0.10026298487836949,0.44062600838980315,0.7530944625407165,1.0,0.5856727976766699,0.0,0.0,0.0,0.0,1.5029051800527513,0.0550740984412516,0.1107250910209732,0.6666666666666666,-0.0512356144677353,121494230.0,False,,False,False,True,universe_top1200,Use as candidate universe sensitivity reference.
1145,9845,9845.T,PARKER CORPORATION,Chemicals,0.8617663593084385,0.7727419876982843,0.7130909090909091,0.4940828402366864,0.707647628267183,0.6188925081433225,1.0,0.34979025492094223,0.0,0.0,0.0,0.0,1.461029131900638,0.1012355726231871,0.2537083821433108,0.8333333333333334,-0.0335833666077234,26654773.333333332,False,,False,False,True,universe_top1200,Use as candidate universe sensitivity reference.
1146,9068,9068.T,"Maruzen Showa Unyu Co.,Ltd.",Land Transportation,0.8617452551159551,0.5027516995791518,0.4218181818181818,0.08086785009861933,0.9209422394320749,0.6136807817589576,1.0,0.729267505646983,0.0,0.0,0.0,0.0,0.8807148527210817,0.0663446841782382,0.1021198617300404,1.0,-0.0329225834213511,293242016.6666667,False,,False,False,True,universe_top1200,Use as candidate universe sensitivity reference.
1147,6771,6771.T,"IKEGAMI TSUSHINKI CO.,LTD.",Electric Appliances,0.8616955383754595,0.9770152152800259,0.33636363636363636,0.36489151873767256,0.21022910616327847,0.02833876221498366,1.0,0.40980961600516297,0.0,0.0,0.0,0.0,3.449473287294464,0.0572840239215743,0.2049512846295204,0.5,0.1264843408349312,40359146.666666664,False,,False,False,True,universe_top1200,Use as candidate universe sensitivity reference.
1148,7421,7421.T,"KAPPA・CREATE CO.,LTD.",Retail Trade,0.8616335899103794,0.030754289414049854,0.045454545454545456,0.9868507560815253,0.44062600838980315,0.8899022801302932,1.0,0.6508551145530816,0.0,0.0,0.0,0.0,0.1564918058615434,0.0165991400284766,1.1965469786062806,0.6666666666666666,-0.0847964789512847,178797256.66666666,False,,False,False,True,universe_top1200,Use as candidate universe sensitivity reference.
1149,6387,6387.T,SAMCO INC.,Machinery,0.8615933586893949,0.028811913240530916,0.05745454545454545,0.5098619329388561,0.44062600838980315,0.1716612377850163,1.0,0.9070667957405615,0.0,0.0,0.0,0.0,0.1527584580361542,0.0191229016155036,0.2626564737791084,0.6666666666666666,0.028995065807867,1829675283.3333333,False,,False,False,True,universe_top1200,Use as candidate universe sensitivity reference.
1150,7066,7066.T,"Peers Co.,Ltd.",Services,0.861549224912594,0.4198769828423438,0.8658181818181818,0.7057856673241288,0.21022910616327847,0.7009771986970684,1.0,0.4346563407550823,0.0,0.0,0.0,0.0,0.7458172571241046,0.1374962932246499,0.3902783727543825,0.5,-0.0434422237242304,46300448.333333336,False,,False,False,True,universe_top1200,Use as candidate universe sensitivity reference.
1151,9722,9722.T,FUJITA KANKO INC.,Services,0.8613964236244988,0.13013920362576886,0.6036363636363636,0.30407626561472717,0.707647628267183,0.842671009771987,1.0,0.7967086156824782,0.0,0.0,0.0,0.0,0.3408927808344911,0.0860333456329537,0.1823765101078576,0.8333333333333334,-0.068749189889825,492975990.0,False,,False,False,True,universe_top1200,Use as candidate universe sensitivity reference.
1152,4027,4027.T,TAYCA CORPORATION,Chemicals,0.8613872051454379,0.6471349951440596,0.23563636363636364,0.11538461538461539,0.21022910616327847,0.5938110749185668,1.0,0.686027750887383,0.0,0.0,0.0,0.0,1.1269044826620047,0.0467836103408165,0.1152074254343765,0.5,-0.0302828346603996,226978911.66666663,False,,False,False,True,universe_top1200,Use as candidate universe sensitivity reference.
1153,9763,9763.T,"Maruken Lease Co.,Ltd.",Wholesale Trade,0.8612354010263478,0.9893169310456459,0.9814545454545455,0.10946745562130178,0.07454017424975799,0.14788273615635183,1.0,0.39916101968376894,0.0,0.0,0.0,0.0,4.512802781967637,0.3260150615858468,0.1137686694939809,0.3333333333333333,0.0351190729472504,37624251.63228353,False,,False,False,True,universe_top1200,Use as candidate universe sensitivity reference.
1154,9827,9827.T,"Lilycolor Co.,Ltd.",Wholesale Trade,0.8610409134626821,0.6345095500161865,0.4763636363636364,0.8418803418803419,0.44062600838980315,0.7488599348534202,1.0,0.30913197805743786,0.0,0.0,0.0,0.0,1.1027554433698643,0.071008528061523,0.5473557312363864,0.6666666666666666,-0.0507264002178681,19032680.0,False,,False,False,True,universe_top1200,Use as candidate universe sensitivity reference.
1155,4826,4826.T,"Computer Institute of Japan, Ltd.",Information & Communication,0.8609917505836223,0.26642926513434767,0.62,0.5884286653517423,0.44062600838980315,0.15635179153094458,1.0,0.6395611487576638,0.0,0.0,0.0,0.0,0.5369709250750525,0.0885364030528243,0.3009822751638339,0.6666666666666666,0.0328572518043883,163405246.66666666,False,,False,False,True,universe_top1200,Use as candidate universe sensitivity reference.
1156,1965,1965.T,TECHNO RYOWA LTD.,Construction,0.8609154441181832,0.178051149239236,0.32945454545454544,0.40105193951347795,0.707647628267183,0.15244299674267103,1.0,0.8147789609551468,0.0,0.0,0.0,0.0,0.4138081754042028,0.0567161352441697,0.2173696094208051,0.8333333333333334,0.0333267259624914,578125116.6666666,False,,False,False,True,universe_top1200,Use as candidate universe sensitivity reference.
1157,6929,6929.T,"NIPPON CERAMIC CO.,LTD.",Electric Appliances,0.8607412684697823,0.3049530592424733,0.6050909090909091,0.20874424720578566,0.44062600838980315,0.12996742671009776,1.0,0.7902549209422395,0.0,0.0,0.0,0.0,0.5939645483094717,0.0862036203174327,0.1520786387267339,0.6666666666666666,0.0413927780586891,466737675.0,False,,False,False,True,universe_top1200,Use as candidate universe sensitivity reference.
1158,7874,7874.T,"LEC,INC.",Chemicals,0.8606927698551541,0.683392683716413,0.3541818181818182,0.33727810650887574,0.707647628267183,0.5729641693811075,1.0,0.5292029686995805,0.0,0.0,0.0,0.0,1.220787205964222,0.0591309807088948,0.195144317330381,0.8333333333333334,-0.0276159292530713,83720245.0,False,,False,False,True,universe_top1200,Use as candidate universe sensitivity reference.
1159,5010,5010.T,"NIPPON SEIRO CO.,LTD.",Oil and Coal Products,0.8606615832929775,0.7238588539980576,0.8792727272727273,0.14858645627876396,0.44062600838980315,0.928013029315961,1.0,0.48531784446595677,0.0,0.0,0.0,0.0,1.3290047535987055,0.1452361732923013,0.1301367352175666,0.6666666666666666,-0.1048698336958809,63959341.666666664,False,,False,False,True,universe_top1200,Use as candidate universe sensitivity reference.
1160,7510,7510.T,TAKEBISHI CORPORATION,Wholesale Trade,0.8605336416084763,0.6137908708319845,0.46036363636363636,0.4260355029585799,0.707647628267183,0.2429967426710098,1.0,0.5298483381736044,0.0,0.0,0.0,0.0,1.0673549080655855,0.069665773512776,0.2255385291716385,0.8333333333333334,0.0131497236539775,84549568.33333333,False,,False,False,True,universe_top1200,Use as candidate universe sensitivity reference.
1161,1384,1384.T,"Hokuryo Co.,Ltd.","Fishery, Agriculture and Forestry",0.8604491127092403,0.46843638718031727,0.8432727272727273,0.34911242603550297,0.707647628267183,0.7859934853420195,1.0,0.5446918360761536,0.0,0.0,0.0,0.0,0.8286920314466171,0.1277027711852661,0.1982202331390508,0.8333333333333334,-0.0559762033531638,94858213.33333331,False,,False,False,True,universe_top1200,Use as candidate universe sensitivity reference.
1162,1381,1381.T,"AXYZ CO.,Ltd.","Fishery, Agriculture and Forestry",0.8603149165225568,0.5833603107801878,0.6785454545454546,0.5164365548980934,0.707647628267183,0.6368078175895766,1.0,0.4430461439173927,0.0,0.0,0.0,0.0,1.017584362788964,0.0956296586482846,0.2657228315054835,0.8333333333333334,-0.0357388038605984,48760233.333333336,False,,False,False,True,universe_top1200,Use as candidate universe sensitivity reference.
1163,7938,7938.T,REGAL CORPORATION,Other Products,0.8602796026677694,0.8789252185173195,0.7705454545454545,0.7587113740959894,0.44062600838980315,0.21758957654723132,1.0,0.18780251694094868,0.0,0.0,0.0,0.0,1.9511785012521237,0.1100656945237938,0.4357148297661665,0.6666666666666666,0.0182410182410182,7365608.333333333,False,,False,False,True,universe_top1200,Use as candidate universe sensitivity reference.
1164,1942,1942.T,"KANDENKO CO.,LTD.",Construction,0.8602436534748704,0.11427646487536419,0.15454545454545454,0.18803418803418803,0.707647628267183,0.13192182410423448,1.0,0.973539851565021,0.0,0.0,0.0,0.0,0.3144705972848503,0.0361004443126535,0.1448421203585786,0.8333333333333334,0.0410172087394081,7770475881.666667,False,,False,False,True,universe_top1200,Use as candidate universe sensitivity reference.
1165,6907,6907.T,"GEOMATEC CO.,LTD.",Electric Appliances,0.8600976963710463,0.8588539980576239,0.4789090909090909,0.06377383300460224,0.707647628267183,0.3892508143322475,1.0,0.5398515650209745,0.0,0.0,0.0,0.0,1.7983888490322744,0.071199891280988,0.0939937980642531,0.8333333333333334,-0.0074719016665961,90657495.0,False,,False,False,True,universe_top1200,Use as candidate universe sensitivity reference.
1166,6485,6485.T,"MAEZAWA KYUSO INDUSTRIES CO.,LTD.",Machinery,0.8600919210547561,0.743282615733247,0.5792727272727273,0.3879026955950033,0.707647628267183,0.34397394136807813,1.0,0.4453049370764763,0.0,0.0,0.0,0.0,1.3811179819671309,0.0826502912687982,0.2129875211965737,0.8333333333333334,-0.0018268216565357,49408115.0,False,,False,False,True,universe_top1200,Use as candidate universe sensitivity reference.
1167,2415,2415.T,"Human Holdings Co.,Ltd.",Services,0.8600638799997002,0.648106183230819,0.9065454545454545,0.8152531229454306,0.707647628267183,0.20423452768729644,1.0,0.25976121329461116,0.0,0.0,0.0,0.0,1.1293375149714573,0.1627005195332495,0.5080788917987366,0.8333333333333334,0.0212686794059149,12648345.0,False,,False,False,True,universe_top1200,Use as candidate universe sensitivity reference.
1168,5074,5074.T,"TESS Holdings Co.,Ltd.",Construction,0.8600041640998928,0.30689543541599223,0.012,0.014792899408284023,0.21022910616327847,0.7713355048859935,1.0,0.941594062600839,0.0,0.0,0.0,0.0,0.5963746751595206,0.0072645457828686,0.0492721238645528,0.5,-0.053877732164651,3176387816.6666665,False,,False,False,True,universe_top1200,Use as candidate universe sensitivity reference.
1169,9412,9412.T,SKY Perfect JSAT Corporation,Information & Communication,0.8598639504523177,0.07704758821625121,0.05018181818181818,0.18211702827087442,0.707647628267183,0.7879478827361563,1.0,0.9722491126169732,0.0,0.0,0.0,0.0,0.2538203503352041,0.0175520058289537,0.1421021580807805,0.8333333333333334,-0.0561901523815411,7502093313.333333,False,,False,False,True,universe_top1200,Use as candidate universe sensitivity reference.
1170,7722,7722.T,"KOKUSAI CO.,LTD.",Precision Instruments,0.8598625285328475,0.6319197151181613,0.6709090909090909,0.44115713346482577,0.9209422394320749,0.3423452768729641,1.0,0.46047111971603744,0.0,0.0,0.0,0.0,1.0987270592807843,0.0947292079341069,0.2317952799560965,1.0,-0.0015433958325173,54644238.333333336,False,,False,False,True,universe_top1200,Use as candidate universe sensitivity reference.
1171,2332,2332.T,"Quest Co.,Ltd.",Information & Communication,0.8596816965802725,0.3946260925865976,0.5803636363636364,0.5341880341880342,0.44062600838980315,0.1840390879478827,1.0,0.590513068731849,0.0,0.0,0.0,0.0,0.7153117267806689,0.082763461626152,0.2723374367961615,0.6666666666666666,0.0260339702684095,124968250.0,False,,False,False,True,universe_top1200,Use as candidate universe sensitivity reference.
1172,9310,9310.T,Japan Transcity Corporation,Warehousing and Harbor Transportation Service,0.8596639744491948,0.7497572029783102,0.6625454545454545,0.05719921104536489,0.707647628267183,0.758957654723127,1.0,0.5466279444982253,0.0,0.0,0.0,0.0,1.3950954065241796,0.0939610054177511,0.0891877983425904,0.8333333333333334,-0.0522142591325434,95364996.66666669,False,,False,False,True,universe_top1200,Use as candidate universe sensitivity reference.
1173,4099,4099.T,SHIKOKU KASEI HOLDINGS CORPORATION,Chemicals,0.859612249340069,0.12431207510521204,0.1149090909090909,0.38560157790927024,0.44062600838980315,0.4866449511400651,1.0,0.8693126815101646,0.0,0.0,0.0,0.0,0.3335200214465061,0.029883145718037,0.2122532080358441,0.6666666666666666,-0.0178781715019805,1080196783.3333333,False,,False,False,True,universe_top1200,Use as candidate universe sensitivity reference.
1174,3843,3843.T,"FreeBit Co.,Ltd.",Information & Communication,0.8595996628731404,0.12884428617675622,0.8356363636363636,0.702827087442472,0.21022910616327847,0.4739413680781759,1.0,0.6079380445304937,0.0,0.0,0.0,0.0,0.3401968600183587,0.1254077422085514,0.3874204810702934,0.5,-0.0167392227969437,138572351.66666666,False,,False,False,True,universe_top1200,Use as candidate universe sensitivity reference.
1175,5592,5592.T,"Kusurinomadoguchi,Inc.",Information & Communication,0.8595038988545206,0.10067983166073163,0.48618181818181816,0.8346482577251808,0.44062600838980315,0.00097719869706836,1.0,0.6476282671829623,0.0,0.0,0.0,0.0,0.2952819581522242,0.0718166314242812,0.5326174084155176,0.6666666666666666,0.420006302190816,172795071.66666666,False,,False,False,True,universe_top1200,Use as candidate universe sensitivity reference.
1176,2533,2533.T,"Oenon Holdings,Inc.",Foods,0.8594380841284349,0.5700874069278083,0.7890909090909091,0.5065746219592373,0.707647628267183,0.39446254071661235,1.0,0.4462729912875121,0.0,0.0,0.0,0.0,0.9891571108535772,0.1137442674179936,0.2610281083818688,0.8333333333333334,-0.0081061805277714,49686715.0,False,,False,False,True,universe_top1200,Use as candidate universe sensitivity reference.
1177,3678,3678.T,"MEDIA DO Co.,Ltd.",Information & Communication,0.8593979978951567,0.5759145354483651,0.6749090909090909,0.2695595003287311,0.21022910616327847,0.4254071661237785,1.0,0.5811552113585028,0.0,0.0,0.0,0.0,1.0035181979233376,0.0951233883028705,0.1725573551628429,0.5,-0.0111004124048471,118677485.0,False,,False,False,True,universe_top1200,Use as candidate universe sensitivity reference.
1178,4449,4449.T,giftee Inc.,Information & Communication,0.8593414012541594,0.09841372612495954,0.2069090909090909,0.4470742932281394,0.9209422394320749,0.9882736156351791,1.0,0.7934817683123588,0.0,0.0,0.0,0.0,0.2926263323605543,0.0429854788956537,0.2331901758153268,1.0,-0.2237254194269481,480679238.3333333,False,,False,False,True,universe_top1200,Use as candidate universe sensitivity reference.
1179,3131,3131.T,SHINDEN HIGHTEX CORPORATION,Wholesale Trade,0.8593146310533235,0.5707348656523147,0.8483636363636363,0.41124260355029585,0.9209422394320749,0.9439739413680782,1.0,0.43691513391416587,0.0,0.0,0.0,0.0,0.991873166204802,0.1296896398742356,0.220035943667336,1.0,-0.1192608641463498,47403175.0,False,,False,False,True,universe_top1200,Use as candidate universe sensitivity reference.
1180,3676,3676.T,"DIGITAL HEARTS HOLDINGS Co.,Ltd.",Information & Communication,0.8593142454060791,0.2829394626092587,0.18836363636363637,0.8155818540433925,0.707647628267183,0.9442996742671009,1.0,0.5382381413359149,0.0,0.0,0.0,0.0,0.5653688002706719,0.0407583873383424,0.5081710860778897,0.8333333333333334,-0.1193057119471109,89646230.0,False,,False,False,True,universe_top1200,Use as candidate universe sensitivity reference.
1181,4224,4224.T,LONSEAL CORPORATION,Chemicals,0.8591556688109209,0.8896082874716736,0.0014545454545454545,0.5670611439842209,0.707647628267183,0.6944625407166124,1.0,0.35721200387221685,0.0,0.0,0.0,0.0,2.0477185435921212,0.0013999653466577,0.289541751920627,0.8333333333333334,-0.0425385541477956,27764693.333333332,False,,False,False,True,universe_top1200,Use as candidate universe sensitivity reference.
1182,7885,7885.T,"TAKANO Co.,Ltd.",Other Products,0.8591542702071006,0.8536743282615733,0.144,0.17784352399737016,0.44062600838980315,0.37328990228013026,1.0,0.5540496934494998,0.0,0.0,0.0,0.0,1.7719038847718336,0.034596529885613,0.1403692896983124,0.6666666666666666,-0.0054547011461418,100586630.0,False,,False,False,True,universe_top1200,Use as candidate universe sensitivity reference.
1183,4998,4998.T,FUMAKILLA LIMITED,Chemicals,0.8590179481334574,0.7847199741016511,0.6752727272727272,0.5667324128862591,0.707647628267183,0.3358306188925081,1.0,0.3207486285898677,0.0,0.0,0.0,0.0,1.4887271729037157,0.0951565324959558,0.2895142240936633,0.8333333333333334,-0.0005677242180589,20704675.0,False,,False,False,True,universe_top1200,Use as candidate universe sensitivity reference.
1184,7812,7812.T,CRESTEC Inc.,Other Products,0.8590102471723892,0.7750080932340563,0.8298181818181818,0.4891518737672584,0.707647628267183,0.7596091205211726,1.0,0.3075185543723782,0.0,0.0,0.0,0.0,1.468397860836245,0.1238439171077826,0.2503354718984736,0.8333333333333334,-0.0522671034149443,18786210.0,False,,False,False,True,universe_top1200,Use as candidate universe sensitivity reference.
1185,2815,2815.T,"ARIAKE JAPAN Co.,Ltd.",Foods,0.8589962911001349,0.4227905471026222,0.25018181818181817,0.1673241288625904,0.9209422394320749,0.569055374592834,1.0,0.7537915456598903,0.0,0.0,0.0,0.0,0.7492649903247586,0.0485905019816295,0.1353504981778238,1.0,-0.0272326972353456,364391033.3333333,False,,False,False,True,universe_top1200,Use as candidate universe sensitivity reference.
1186,7213,7213.T,LECIP HOLDINGS CORPORATION,Transportation Equipment,0.8589342933589819,0.6257688572353513,0.9632727272727273,0.7458908612754767,0.44062600838980315,0.0986970684039088,1.0,0.3020329138431752,0.0,0.0,0.0,0.0,1.0894501274447748,0.2413816921135267,0.423055499205443,0.6666666666666666,0.0531487180010778,17981228.333333332,False,,False,False,True,universe_top1200,Use as candidate universe sensitivity reference.
1187,1718,1718.T,"MIKIKOGYO CO.,LTD.",Construction,0.8589131828732623,0.9326642926513434,0.9563636363636364,0.36587771203155817,0.21022910616327847,0.03778501628664499,1.0,0.3117134559535334,0.0,0.0,0.0,0.0,2.513473828410694,0.2238610736180291,0.2053043507356363,0.5,0.1080114803493714,19455050.0,False,,False,False,True,universe_top1200,Use as candidate universe sensitivity reference.
1188,3778,3778.T,SAKURA internet Inc.,Information & Communication,0.858902979340096,0.07607640012949174,0.08254545454545455,0.1722550953320184,0.707647628267183,0.7495114006514658,1.0,0.9690222652468539,0.0,0.0,0.0,0.0,0.2533501299803956,0.0247289371518391,0.1379311115633643,0.8333333333333334,-0.0507722780812142,6982859726.666667,False,,False,False,True,universe_top1200,Use as candidate universe sensitivity reference.
1189,3069,3069.T,JFLA Holdings Inc.,Foods,0.8588848947863755,0.7811589511168663,0.6567272727272727,0.685733070348455,0.21022910616327847,0.29674267100977203,1.0,0.2894482090997096,0.0,0.0,0.0,0.0,1.4816362348857892,0.0930877482140562,0.368479150371012,0.5,0.0045163058754626,16154365.0,False,,False,False,True,universe_top1200,Use as candidate universe sensitivity reference.
1190,7963,7963.T,KOKEN LTD.,Other Products,0.8587377709745155,0.7983166073162836,0.6985454545454546,0.4648257725180802,0.44062600838980315,0.1488599348534202,1.0,0.3727008712487899,0.0,0.0,0.0,0.0,1.5324089065782345,0.0983272513034245,0.2398448653715552,0.6666666666666666,0.0345949207923393,31170030.0,False,,False,False,True,universe_top1200,Use as candidate universe sensitivity reference.
1191,6345,6345.T,AICHI CORPORATION,Machinery,0.8586396451415931,0.4732923276141146,0.43781818181818183,0.14792899408284024,0.707647628267183,0.6026058631921825,1.0,0.7040980961600516,0.0,0.0,0.0,0.0,0.8372392658783417,0.067801402441936,0.1300715035409,0.8333333333333334,-0.0314137562169973,255396481.66666663,False,,False,False,True,universe_top1200,Use as candidate universe sensitivity reference.
1192,7220,7220.T,"MUSASHI SEIMITSU INDUSTRY CO.,LTD.",Transportation Equipment,0.8584835090528223,0.05017805114923923,0.04218181818181818,0.16995397764628534,0.9209422394320749,0.7876221498371335,1.0,0.9806389157792836,0.0,0.0,0.0,0.0,0.2031660827454138,0.0157804468113446,0.1367518704051397,1.0,-0.0561773964678988,9874328358.333334,False,,False,False,True,universe_top1200,Use as candidate universe sensitivity reference.
1193,2469,2469.T,Hibino Corporation,Services,0.8584425596066086,0.20265458077047588,0.4149090909090909,0.7554240631163708,0.44062600838980315,0.6651465798045603,1.0,0.5914811229428848,0.0,0.0,0.0,0.0,0.444513069828577,0.0658606438931488,0.4325477863094266,0.6666666666666666,-0.039238098931676,125646036.66666669,False,,False,False,True,universe_top1200,Use as candidate universe sensitivity reference.
1194,6382,6382.T,TRINITY INDUSTRIAL CORPORATION,Machinery,0.8584327051869337,0.8151505341534477,0.9149090909090909,0.3339907955292571,0.44062600838980315,0.02182410423452774,1.0,0.3904485317844466,0.0,0.0,0.0,0.0,1.5822629526160523,0.1712682775348464,0.1944148180758588,0.6666666666666666,0.1459838555924517,35749615.0,False,,False,False,True,universe_top1200,Use as candidate universe sensitivity reference.
1195,6788,6788.T,"NIHON TRIM CO.,LTD.",Electric Appliances,0.8583769805391047,0.3955972806733571,0.48545454545454547,0.760026298487837,0.21022910616327847,0.3586319218241042,1.0,0.49499838657631495,0.0,0.0,0.0,0.0,0.7168521492261578,0.071650422035282,0.4366283445964857,0.5,-0.0036467462518614,67782075.0,False,,False,False,True,universe_top1200,Use as candidate universe sensitivity reference.
1196,9824,9824.T,"SENSHU ELECTRIC CO.,LTD.",Wholesale Trade,0.858352296701937,0.26124959533829717,0.3658181818181818,0.30900723208415515,0.707647628267183,0.5390879478827362,1.0,0.7657308809293321,0.0,0.0,0.0,0.0,0.5267518003946182,0.0603337898759954,0.1846002774724779,0.8333333333333334,-0.0240491544310141,388946200.0,False,,False,False,True,universe_top1200,Use as candidate universe sensitivity reference.
1197,4170,4170.T,"Kaizen Platform,Inc.",Information & Communication,0.8582632666908419,0.8235674975720297,0.07745454545454546,0.6308349769888232,0.707647628267183,0.7729641693811075,1.0,0.3430138754436915,0.0,0.0,0.0,0.0,1.6221049356642083,0.0238084876243954,0.327141678716925,0.8333333333333334,-0.0541532762507687,24852466.666666668,False,,False,False,True,universe_top1200,Use as candidate universe sensitivity reference.
1198,7022,7022.T,Sanoyas Holdings Corporation,Machinery,0.8581785272509579,0.6199417287147945,0.8352727272727273,0.4237343852728468,0.9209422394320749,0.4283387622149837,1.0,0.4323975475959987,0.0,0.0,0.0,0.0,1.078979643769754,0.125391204300054,0.2251851851851851,1.0,-0.0115796373170198,45876608.333333336,False,,False,False,True,universe_top1200,Use as candidate universe sensitivity reference.
1199,1867,1867.T,UEKI CORPORATION,Construction,0.8580168219272761,0.8782777597928132,0.8494545454545455,0.13149243918474687,0.707647628267183,0.4485342019543974,1.0,0.42013552758954503,0.0,0.0,0.0,0.0,1.9470133727072472,0.1301685849220968,0.1229775500627857,0.8333333333333334,-0.0139641673205167,43087495.0,False,,False,False,True,universe_top1200,Use as candidate universe sensitivity reference.
1200,7094,7094.T,NexTone Inc.,Services,0.8580063518143013,0.20459695694399482,0.4410909090909091,0.628862590401052,0.707647628267183,0.9026058631921824,1.0,0.61729590190384,0.0,0.0,0.0,0.0,0.4459522320471044,0.0681218370213687,0.3254669273818353,0.8333333333333334,-0.0913767758101169,145845735.0,False,,False,False,True,universe_top1200,Use as candidate universe sensitivity reference.
1201,4671,4671.T,"FALCO HOLDINGS Co.,Ltd.",Services,0.8579963225348797,0.550663645192619,0.5734545454545454,0.688034188034188,0.707647628267183,0.4348534201954397,1.0,0.4036786060019361,0.0,0.0,0.0,0.0,0.9549575085672244,0.081984234687908,0.37083206085677,0.8333333333333334,-0.0124509966318811,38752770.0,False,,False,False,True,reference,Use as candidate universe sensitivity reference.
1202,9262,9262.T,"SILVER LIFE CO.,LTD.",Retail Trade,0.8578747072319244,0.5008093234056329,0.618909090909091,0.7984878369493754,0.707647628267183,0.8768729641693811,1.0,0.3462407228138109,0.0,0.0,0.0,0.0,0.8780507875028009,0.0884812250240591,0.4822830212542134,0.8333333333333334,-0.080366602072268,25535793.333333332,False,,False,False,True,reference,Use as candidate universe sensitivity reference.
1203,5161,5161.T,"NISHIKAWA RUBBER CO.,LTD.",Rubber Products,0.857831987179048,0.4438329556490774,0.21163636363636365,0.1525312294543064,0.44062600838980315,0.555700325732899,1.0,0.7644401419812843,0.0,0.0,0.0,0.0,0.7877525337459607,0.0436299524801242,0.1312483538829986,0.6666666666666666,-0.0259114603594491,386114608.3333333,False,,False,False,True,reference,Use as candidate universe sensitivity reference.
1204,4625,4625.T,"ATOMIX CO.,LTD.",Chemicals,0.8576626037380848,0.9320168339268372,0.3189090909090909,0.4079552925706772,0.707647628267183,0.7615635179153094,1.0,0.3375282349144885,0.0,0.0,0.0,0.0,2.5108564778431703,0.0555051043079544,0.2193827960796476,0.8333333333333334,-0.0524225317711661,23745646.666666668,False,,False,False,True,reference,Use as candidate universe sensitivity reference.
1205,7711,7711.T,"SUKEGAWA ELECTRIC CO.,LTD.",Precision Instruments,0.8575906362682266,0.03496277112334089,0.09781818181818182,0.5111768573307035,0.9209422394320749,0.36677524429967423,1.0,0.8489835430784124,0.0,0.0,0.0,0.0,0.1679424460016583,0.0272833870995215,0.2632579170650729,1.0,-0.0044456172906416,822185566.6666666,False,,False,False,True,reference,Use as candidate universe sensitivity reference.
1206,6070,6070.T,"CAREERLINK CO.,LTD.",Services,0.8575813286186316,0.298154742635157,0.4938181818181818,0.7333990795529257,0.44062600838980315,0.6905537459283387,1.0,0.5282349144885446,0.0,0.0,0.0,0.0,0.5867222053009017,0.0726193693111431,0.4124817452520048,0.6666666666666666,-0.0421009504984577,82121398.33333333,False,,False,False,True,reference,Use as candidate universe sensitivity reference.
1207,4369,4369.T,Tri Chemical Laboratories Inc.,Chemicals,0.8575456759559189,0.08611201035933959,0.18654545454545454,0.32610124917817224,0.07454017424975799,0.13257328990228012,1.0,0.9270732494353017,0.0,0.0,0.0,0.0,0.2661248891456441,0.0406019602736316,0.1907777192431554,0.3333333333333333,0.0408473789928569,2472853603.3333335,False,,False,False,True,reference,Use as candidate universe sensitivity reference.
1208,1945,1945.T,TOKYO ENERGY & SYSTEMS INC.,Construction,0.8574719085047661,0.48332793784396244,0.156,0.04766600920447074,0.02032913843175218,0.014006514657980418,1.0,0.8431752178121975,0.0,0.0,0.0,0.0,0.853109608352713,0.0361555798766987,0.0833171417732996,0.1666666666666666,0.1682099910926365,751726303.3333334,False,,False,False,True,reference,Use as candidate universe sensitivity reference.
1209,1433,1433.T,"BESTERRA CO.,LTD",Construction,0.85733514200999,0.30592424732923273,0.5632727272727273,0.5239973701512163,0.9209422394320749,0.9097719869706841,1.0,0.5759922555663117,0.0,0.0,0.0,0.0,0.5948633123953974,0.0807418525933002,0.2684948456923485,1.0,-0.0940853998268561,115547265.0,False,,False,False,True,reference,Use as candidate universe sensitivity reference.
1210,4440,4440.T,WITZ Corporation,Information & Communication,0.8572982446572476,0.34315312398834574,0.688,0.7659434582511505,0.9209422394320749,0.6488599348534202,1.0,0.44175540496934496,0.0,0.0,0.0,0.0,0.6445225269815382,0.0971220449678372,0.4437088987549203,1.0,-0.0376534960059771,48412008.333333336,False,,False,False,True,reference,Use as candidate universe sensitivity reference.
1211,5956,5956.T,"TOSO CO.,LTD.",Metal Products,0.8572427075014806,0.9575914535448365,0.712,0.7373438527284681,0.707647628267183,0.3143322475570033,1.0,0.13391416585995483,0.0,0.0,0.0,0.0,2.9548365909277368,0.1010072962630141,0.4164307936627455,0.8333333333333334,0.0021883312240595,4871816.666666667,False,,False,False,True,reference,Use as candidate universe sensitivity reference.
1212,5819,5819.T,"Canare Electric Co.,Ltd.",Nonferrous Metals,0.8572355443958154,0.8174166396892198,0.7069090909090909,0.4740302432610125,0.44062600838980315,0.5514657980456026,1.0,0.32365279122297513,0.0,0.0,0.0,0.0,1.5865772851137907,0.1000254384475773,0.2446470576948567,0.6666666666666666,-0.0254232879842051,21169063.333333332,False,,False,False,True,reference,Use as candidate universe sensitivity reference.
1213,3901,3901.T,"MarkLines Co.,Ltd.",Information & Communication,0.8572136346372574,0.17319520880543865,0.652,0.7416173570019724,0.44062600838980315,0.6084690553745928,1.0,0.5701839303000968,0.0,0.0,0.0,0.0,0.4069789106586856,0.0921333705410999,0.4201757274763108,0.6666666666666666,-0.0323040331899004,111262800.0,False,,False,False,True,reference,Use as candidate universe sensitivity reference.
1214,6328,6328.T,"EBARA JITSUGYO CO.,LTD.",Machinery,0.8568682279047763,0.2327614114600194,0.5265454545454545,0.5650887573964497,0.44062600838980315,0.07850162866449506,1.0,0.6686027750887383,0.0,0.0,0.0,0.0,0.4883668912577575,0.076625763260943,0.287837139609383,0.6666666666666666,0.065024458038323,202292231.66666663,False,,False,False,True,reference,Use as candidate universe sensitivity reference.
1215,6264,6264.T,"Marumae Co.,Ltd.",Machinery,0.8568610149420277,0.09582389122693429,0.2429090909090909,0.1765285996055227,0.707647628267183,0.9055374592833876,1.0,0.9080348499515973,0.0,0.0,0.0,0.0,0.28777957195989,0.0478714897730319,0.1395633778363484,0.8333333333333334,-0.0923344529760236,1848958473.3333333,False,,False,False,True,reference,Use as candidate universe sensitivity reference.
1216,6235,6235.T,"OPTORUN CO.,LTD.",Machinery,0.8568566501616449,0.16218841048883134,0.06036363636363636,0.1581196581196581,0.21022910616327847,0.8351791530944626,1.0,0.9299774120684091,0.0,0.0,0.0,0.0,0.3911050324801383,0.0200938425431466,0.1328019425722245,0.5,-0.0664650533399706,2544277095.0,False,,False,False,True,reference,Use as candidate universe sensitivity reference.
1217,9790,9790.T,"Fukui Computer Holdings,Inc.",Information & Communication,0.8568006732060597,0.1861443832955649,0.4083636363636364,0.666009204470743,0.44062600838980315,0.7244299674267101,1.0,0.6295579219102937,0.0,0.0,0.0,0.0,0.4214938406098227,0.0651478746334051,0.3525299600532623,0.6666666666666666,-0.046587163851163,156148008.33333334,False,,False,False,True,reference,Use as candidate universe sensitivity reference.
1218,9259,9259.T,"TAKAYOSHI Holdings,INC.",Services,0.8567665547313145,0.3739074134023956,0.6003636363636363,0.9891518737672583,0.707647628267183,0.6986970684039088,1.0,0.34075508228460794,0.0,0.0,0.0,0.0,0.6883943101059874,0.0855026130471782,1.2425276047224152,0.8333333333333334,-0.0430997735678997,24362885.0,False,,False,False,True,reference,Use as candidate universe sensitivity reference.
1219,6787,6787.T,"Meiko Electronics Co.,Ltd.",Electric Appliances,0.8567024782085279,0.015862738750404663,0.04145454545454545,0.21696252465483234,0.707647628267183,0.565472312703583,1.0,0.9899967731526299,0.0,0.0,0.0,0.0,0.1168374268716597,0.015256933489508,0.1551492787655149,0.8333333333333334,-0.0269736760938136,17151093200.0,False,,False,False,True,reference,Use as candidate universe sensitivity reference.
1220,6194,6194.T,"Atrae,Inc.",Services,0.8565579378076014,0.12042732275817417,0.5054545454545455,0.9714003944773175,0.44062600838980315,0.9149837133550489,1.0,0.500161342368506,0.0,0.0,0.0,0.0,0.3294811592868431,0.0742767906323903,1.0225430668656887,0.6666666666666666,-0.0964769451188389,70807621.66666667,False,,False,False,True,reference,Use as candidate universe sensitivity reference.
1221,6915,6915.T,"CHIYODA INTEGRE CO.,LTD.",Electric Appliances,0.8565365489287902,0.7620589187439301,0.9625454545454546,0.2935568704799474,0.21022910616327847,0.12117263843648207,1.0,0.4207808970635689,0.0,0.0,0.0,0.0,1.429604761968747,0.2391901523103305,0.1801179241228748,0.5,0.0442293347799552,43607491.666666664,False,,False,False,True,reference,Use as candidate universe sensitivity reference.
1222,5727,5727.T,"TOHO TITANIUM COMPANY,LIMITED",Nonferrous Metals,0.8565314378202483,0.09808999676270638,0.08181818181818182,0.1452991452991453,0.707647628267183,0.9394136807817589,1.0,0.9448209099709584,0.0,0.0,0.0,0.0,0.2920353787704643,0.0245070595644334,0.1286424106427312,0.8333333333333334,-0.1146812769656514,3485777938.3333335,False,,False,False,True,reference,Use as candidate universe sensitivity reference.
1223,7236,7236.T,"T.RAD Co., Ltd.",Transportation Equipment,0.8565209315590341,0.24053091615409516,0.3458181818181818,0.2314266929651545,0.707647628267183,0.4592833876221498,1.0,0.8109067441110035,0.0,0.0,0.0,0.0,0.5007424818115536,0.0582987359322289,0.1602353334554052,0.8333333333333334,-0.0151784960586558,558537033.3333334,False,,False,False,True,reference,Use as candidate universe sensitivity reference.
1224,6379,6379.T,RAIZNEXT Corporation,Construction,0.8565047127200517,0.4046617028164455,0.45890909090909093,0.2455621301775148,0.07454017424975799,0.06872964169381113,1.0,0.7363665698612456,0.0,0.0,0.0,0.0,0.7305016297365265,0.0695585879483866,0.1642938990937185,0.3333333333333333,0.0731426649317081,316485883.3333333,False,,False,False,True,reference,Use as candidate universe sensitivity reference.
1225,5310,5310.T,"TOYO TANSO CO.,LTD.",Glass and Ceramics Products,0.8564974408967425,0.32988022013596635,0.148,0.1111111111111111,0.44062600838980315,0.3664495114006515,1.0,0.8625363020329139,0.0,0.0,0.0,0.0,0.6268765258435925,0.0351317153774632,0.1141852201029806,0.6666666666666666,-0.0044121281878179,987986616.6666666,False,,False,False,True,reference,Use as candidate universe sensitivity reference.
1226,3297,3297.T,"Toubujyuhan Co.,Ltd.",Real Estate,0.8562842357983,0.7520233085140823,0.7618181818181818,0.6778435239973701,0.9209422394320749,0.9381107491856677,1.0,0.21652145853501129,0.0,0.0,0.0,0.0,1.4022793254336774,0.108665949379816,0.3641642765153711,1.0,-0.113933087427639,8887350.0,False,,False,False,True,reference,Use as candidate universe sensitivity reference.
1227,7927,7927.T,MUTO SEIKO CO.,Chemicals,0.8562787881137613,0.6788604726448689,0.8287272727272728,0.29026955950032873,0.21022910616327847,0.4133550488599349,1.0,0.4724104549854792,0.0,0.0,0.0,0.0,1.212428886207311,0.1236257528888161,0.1788867003789937,0.5,-0.0100730001152046,59250261.666666664,False,,False,False,True,reference,Use as candidate universe sensitivity reference.
1228,1429,1429.T,"Nippon Aqua Co.,Ltd.",Construction,0.8562340573267974,0.25704111362900617,0.5981818181818181,0.5864562787639711,0.44062600838980315,0.23289902280130292,1.0,0.6202000645369474,0.0,0.0,0.0,0.0,0.521175630562709,0.0849327749514951,0.2998220522337851,0.6666666666666666,0.0154538017390724,148338330.0,False,,False,False,True,reference,Use as candidate universe sensitivity reference.
1229,4098,4098.T,"Titan Kogyo ,Ltd.",Chemicals,0.8561968482943619,0.8274522499190676,0.43527272727272726,0.048980933596318214,0.9209422394320749,0.6758957654723128,1.0,0.5272668602775089,0.0,0.0,0.0,0.0,1.640662711321472,0.0676352462381286,0.0841194968553459,1.0,-0.0404516173720302,81534236.66666667,False,,False,False,True,reference,Use as candidate universe sensitivity reference.
1230,8023,8023.T,"DAIKO XTECH,LTD.",Information & Communication,0.8561725882895723,0.5794755584331499,0.8592727272727273,0.7113740959894806,0.44062600838980315,0.24201954397394132,1.0,0.3381736043885124,0.0,0.0,0.0,0.0,1.009288906479623,0.1340962774100771,0.3932902100024176,0.6666666666666666,0.01355434416672,23829770.0,False,,False,False,True,reference,Use as candidate universe sensitivity reference.
1231,5955,5955.T,"WISE HOLDINGS CO.,LTD.",Metal Products,0.8561584260545086,0.6277112334088701,0.08,0.1423405654174885,0.44062600838980315,0.7250814332247557,1.0,0.6698935140367861,0.0,0.0,0.0,0.0,1.0922989137039332,0.0243562901318984,0.1276411109440588,0.6666666666666666,-0.0466406764776577,204753826.66666663,False,,False,False,True,reference,Use as candidate universe sensitivity reference.
1232,3935,3935.T,"Edia Co.,Ltd.",Information & Communication,0.8559877809563037,0.19294269990288118,0.8414545454545455,0.9684418145956607,0.707647628267183,0.0667752442996743,1.0,0.4446595676024524,0.0,0.0,0.0,0.0,0.4314208375810847,0.1271791178121851,0.9981712486549076,0.8333333333333334,0.075577057708105,49075575.0,False,,False,False,True,reference,Use as candidate universe sensitivity reference.
1233,8927,8927.T,"MEIHO ENTERPRISE CO.,LTD.",Real Estate,0.8558586215739439,0.43282615733247004,0.8934545454545455,0.33925049309664695,0.707647628267183,0.6309446254071661,1.0,0.5463052597612132,0.0,0.0,0.0,0.0,0.7690823006357645,0.1529300613805984,0.1957872303881299,0.8333333333333334,-0.0349523806194015,95280250.0,False,,False,False,True,reference,Use as candidate universe sensitivity reference.
1234,2483,2483.T,HONYAKU Center Inc.,Services,0.8557492539335804,0.5490449983813532,0.7174545454545455,0.8694937541091388,0.21022910616327847,0.18469055374592835,1.0,0.31752178121974833,0.0,0.0,0.0,0.0,0.9518929030426796,0.1018970424745129,0.6014490933066434,0.5,0.0257031729145741,20210875.0,False,,False,False,True,reference,Use as candidate universe sensitivity reference.
1235,2927,2927.T,"AFC-HD AMS Life Science Co.,Ltd.",Foods,0.8557070895254517,0.7089673033344124,0.8312727272727273,0.44049967126890205,0.9209422394320749,0.38371335504885995,1.0,0.3659244917715392,0.0,0.0,0.0,0.0,1.284185391517209,0.1240892749202297,0.2311117882637055,1.0,-0.0066424181467293,29200446.666666668,False,,False,False,True,reference,Use as candidate universe sensitivity reference.
1236,6289,6289.T,GIKEN LTD.,Machinery,0.8556937982365601,0.48947879572677244,0.12763636363636363,0.3757396449704142,0.07454017424975799,0.31400651465798046,1.0,0.6689254598257502,0.0,0.0,0.0,0.0,0.86351107532013,0.0318739225270208,0.2091472227957877,0.3333333333333333,0.0022783997348771,203808835.0,False,,False,False,True,reference,Use as candidate universe sensitivity reference.
1237,5031,5031.T,Moi Corporation,Information & Communication,0.8556897797347551,0.09096795079313694,0.03781818181818182,0.9309664694280079,0.21022910616327847,0.2706840390879479,1.0,0.6582768635043562,0.0,0.0,0.0,0.0,0.2770867906091264,0.0142765483681658,0.7879000302848683,0.5,0.0086215785255846,187227966.66666663,False,,False,False,True,reference,Use as candidate universe sensitivity reference.
1238,8158,8158.T,"SODA NIKKA CO.,LTD.",Wholesale Trade,0.8556301910985632,0.6827452249919068,0.6701818181818182,0.1341222879684418,0.9209422394320749,0.4410423452768729,1.0,0.5411423039690223,0.0,0.0,0.0,0.0,1.220216421732509,0.0946922647235792,0.1239207650273224,1.0,-0.0131240299416491,91224133.33333331,False,,False,False,True,reference,Use as candidate universe sensitivity reference.
1239,3607,3607.T,"KURAUDIA HOLDINGS CO.,LTD.",Textiles and Apparels,0.8556125162660668,0.6814503075428942,0.6792727272727273,0.9414858645627876,0.9209422394320749,0.6977198697068404,1.0,0.1642465311390771,0.0,0.0,0.0,0.0,1.2162393223176144,0.0957400358694843,0.8378574015186485,1.0,-0.0430272824719469,6141038.333333333,False,,False,False,True,reference,Use as candidate universe sensitivity reference.
1240,8119,8119.T,SANYEI CORPORATION,Wholesale Trade,0.8555888920215609,0.8675946908384591,0.8632727272727273,0.7570677186061802,0.707647628267183,0.950814332247557,1.0,0.101000322684737,0.0,0.0,0.0,0.0,1.8646701181219307,0.1357958898747816,0.4343038354996866,0.8333333333333334,-0.1245226003122957,3718925.0,False,,False,False,True,reference,Use as candidate universe sensitivity reference.
1241,6357,6357.T,"Sansei Technologies,Inc.",Machinery,0.8555805537801963,0.5348009064422143,0.3770909090909091,0.3714661406969099,0.707647628267183,0.35635179153094465,1.0,0.5801871571474669,0.0,0.0,0.0,0.0,0.9288509674729964,0.0613881588954418,0.2077199554803674,0.8333333333333334,-0.0032779051054408,118035370.0,False,,False,False,True,reference,Use as candidate universe sensitivity reference.
1242,6291,6291.T,"AIRTECH JAPAN,LTD.",Machinery,0.8555508886304866,0.6697960505017805,0.6363636363636364,0.2984878369493754,0.21022910616327847,0.5537459283387622,1.0,0.494675701839303,0.0,0.0,0.0,0.0,1.1822274747794768,0.0905568472936884,0.1811684251088671,0.5,-0.0257580470126948,67714775.0,False,,False,False,True,reference,Use as candidate universe sensitivity reference.
1243,4290,4290.T,Prestige International Inc.,Services,0.8555098242397693,0.3204920686306248,0.44036363636363635,0.34122287968441817,0.44062600838980315,0.6172638436482085,1.0,0.6937721845756696,0.0,0.0,0.0,0.0,0.6127128676663093,0.0680697612791192,0.196082289361432,0.6666666666666666,-0.033361502411934,238662576.66666663,False,,False,False,True,reference,Use as candidate universe sensitivity reference.
1244,5659,5659.T,"Nippon Seisen Co.,Ltd.",Iron and Steel,0.8555016729746153,0.5587568792489479,0.5214545454545455,0.18967784352399736,0.9209422394320749,0.554071661237785,1.0,0.6037431429493385,0.0,0.0,0.0,0.0,0.9659664287413252,0.0760481874861023,0.1456188535483299,1.0,-0.025772961984881,134588461.66666666,False,,False,False,True,reference,Use as candidate universe sensitivity reference.
1245,6539,6539.T,"MATCHING SERVICE JAPAN CO.,LTD.",Services,0.8555010787047612,0.20006474587245063,0.3418181818181818,0.8412228796844181,0.9209422394320749,0.4527687296416938,1.0,0.5511455308163924,0.0,0.0,0.0,0.0,0.4404754453741744,0.05799626346241,0.5462956275529278,1.0,-0.0144523032908041,98865243.33333331,False,,False,False,True,reference,Use as candidate universe sensitivity reference.
1246,6343,6343.T,FREESIA MACROSS CORPORATION,Machinery,0.8553670847716192,0.9724830042084817,0.9712727272727273,0.055884286653517426,0.44062600838980315,0.14918566775244302,1.0,0.39303000968054214,0.0,0.0,0.0,0.0,3.2386982000469273,0.2605844856808677,0.0885469448442064,0.6666666666666666,0.0345470976876416,36053241.666666664,False,,False,False,True,reference,Use as candidate universe sensitivity reference.
1247,8918,8918.T,"LAND Co.,Ltd.",Real Estate,0.8552577383781224,0.308514082227258,0.10836363636363637,0.09007232084155162,0.02032913843175218,0.02638436482084694,1.0,0.9180380767989674,0.0,0.0,0.0,0.0,0.5978081296046662,0.0289019404533336,0.1063335958029324,0.1666666666666666,0.1368617174527744,2139294545.0,False,,False,False,True,reference,Use as candidate universe sensitivity reference.
1248,7723,7723.T,"Aichi Tokei Denki Co.,Ltd.",Precision Instruments,0.8552404587488082,0.6053739074134024,0.5749090909090909,0.34615384615384615,0.707647628267183,0.1700325732899023,1.0,0.5275895450145208,0.0,0.0,0.0,0.0,1.0485084481603475,0.0821524711140617,0.1974330357142857,0.8333333333333334,0.029165558858837,81716110.0,False,,False,False,True,reference,Use as candidate universe sensitivity reference.
1249,3198,3198.T,"SFP Holdings Co.,Ltd.",Retail Trade,0.8552352511370739,0.040466170281644544,0.1290909090909091,0.9957264957264957,0.707647628267183,0.2127035830618893,1.0,0.6282671829622459,0.0,0.0,0.0,0.0,0.1791204834742265,0.0320681172303703,1.610379635002578,0.8333333333333334,0.0194605562713873,155062453.33333334,False,,False,False,True,reference,Use as candidate universe sensitivity reference.
1250,3580,3580.T,"KOMATSU MATERE Co.,Ltd.",Textiles and Apparels,0.855170244053516,0.7688572353512464,0.757090909090909,0.2143326758711374,0.44062600838980315,0.6342019543973941,1.0,0.44207808970635687,0.0,0.0,0.0,0.0,1.4512722055162048,0.1079105199033736,0.1543118724158299,0.6666666666666666,-0.035344711732294,48498541.666666664,False,,False,False,True,reference,Use as candidate universe sensitivity reference.
1251,3154,3154.T,"MEDIUS HOLDINGS Co.,Ltd.",Wholesale Trade,0.855130123783601,0.6393654904499838,0.509090909090909,0.5950032873109796,0.9209422394320749,0.741042345276873,1.0,0.36656986124556307,0.0,0.0,0.0,0.0,1.1108447243261232,0.0746105621173195,0.3047164794897553,1.0,-0.0494716622219496,29302195.0,False,,False,False,True,reference,Use as candidate universe sensitivity reference.
1252,7416,7416.T,Haruyama Holdings Inc.,Retail Trade,0.8551112459522695,0.9080608611201036,0.3836363636363636,0.8067061143984221,0.44062600838980315,0.22117263843648205,1.0,0.1903839948370442,0.0,0.0,0.0,0.0,2.2432540211073073,0.0620889417307913,0.4941174190729842,0.6666666666666666,0.0178302620275742,7461185.0,False,,False,False,True,reference,Use as candidate universe sensitivity reference.
1253,7962,7962.T,"KING JIM CO.,LTD.",Other Products,0.8550930996590096,0.621236646163807,0.16036363636363637,0.7291255752794215,0.44062600838980315,0.4882736156351791,1.0,0.40722813810906744,0.0,0.0,0.0,0.0,1.0824762263307877,0.0369602338244506,0.408251339623027,0.6666666666666666,-0.0179776957405387,39865551.666666664,False,,False,False,True,reference,Use as candidate universe sensitivity reference.
1254,6278,6278.T,UNION TOOL CO.,Machinery,0.8550764432097977,0.040789899643897704,0.036727272727272726,0.24391847468770544,0.707647628267183,0.4576547231270358,1.0,0.9632139399806389,0.0,0.0,0.0,0.0,0.1804780932235105,0.0137933831091845,0.1640053023350668,0.8333333333333334,-0.0150096436691197,5832879450.0,False,,False,False,True,reference,Use as candidate universe sensitivity reference.
1255,9888,9888.T,"UEX,LTD.",Wholesale Trade,0.8548777453829319,0.8371641307866623,0.6821818181818182,0.3050624589086128,0.02032913843175218,0.13029315960912047,1.0,0.41884478864149727,0.0,0.0,0.0,0.0,1.6833885000472968,0.0961138997816659,0.1829359252753009,0.1666666666666666,0.0413543730803715,42944633.333333336,False,,False,False,True,reference,Use as candidate universe sensitivity reference.
1256,2983,2983.T,"Arr Planner Co.,Ltd.",Real Estate,0.8548345664748346,0.2648106183230819,0.9116363636363637,0.49145299145299143,0.21022910616327847,0.03224755700325732,1.0,0.6160051629557922,0.0,0.0,0.0,0.0,0.534567966503581,0.1680783293397633,0.2521444402996076,0.5,0.1178670018573363,145330008.33333334,False,,False,False,True,reference,Use as candidate universe sensitivity reference.
1257,2215,2215.T,"FIRST BAKING CO.,LTD.",Foods,0.8547425923547659,0.8899320168339269,0.5283636363636364,0.7790927021696252,0.44062600838980315,0.22573289902280125,1.0,0.18554372378186512,0.0,0.0,0.0,0.0,2.0525989333491497,0.0767775170861166,0.4584837545126354,0.6666666666666666,0.0168721205329348,7234241.666666667,False,,False,False,True,reference,Use as candidate universe sensitivity reference.
1258,3449,3449.T,TECHNOFLEX CORPORATION,Metal Products,0.8547030172611241,0.05244415668501133,0.08436363636363636,0.43228139381985536,0.9209422394320749,0.7856677524429967,1.0,0.8357534688609228,0.0,0.0,0.0,0.0,0.2051511562030555,0.0249425482505608,0.2281266765761364,1.0,-0.0559738581627888,702634568.3333334,False,,False,False,True,reference,Use as candidate universe sensitivity reference.
1259,3854,3854.T,I'LL INC,Information & Communication,0.8546903851098656,0.03820006474587245,0.30254545454545456,0.8971071663379355,0.44062600838980315,0.27426710097719875,1.0,0.6447241045498547,0.0,0.0,0.0,0.0,0.1738409798039231,0.0537276591517562,0.6759634832483162,0.6666666666666666,0.0081667823694897,170285833.33333334,False,,False,False,True,reference,Use as candidate universe sensitivity reference.
1260,6029,6029.T,Artra Group Corporation,Services,0.854681647739166,0.4707024927160893,0.8334545454545454,0.6298487836949376,0.707647628267183,0.3635179153094462,1.0,0.4165859954824137,0.0,0.0,0.0,0.0,0.8325740529793814,0.1245444800061102,0.3263207138970466,0.8333333333333334,-0.0041058419068869,42334936.666666664,False,,False,False,True,reference,Use as candidate universe sensitivity reference.
1261,5287,5287.T,"ITO YOGYO CO.,LTD.",Glass and Ceramics Products,0.8546754761076385,0.7400453221107154,0.8476363636363636,0.34681130834976986,0.9209422394320749,0.5876221498371336,1.0,0.36947402387867057,0.0,0.0,0.0,0.0,1.3719340599921876,0.1295486637596155,0.1977092703472273,1.0,-0.0293857829142231,30033280.0,False,,False,False,True,reference,Use as candidate universe sensitivity reference.
1262,3513,3513.T,"ICHIKAWA CO.,LTD.",Textiles and Apparels,0.8543489962401811,0.8264810618323082,0.3381818181818182,0.3635765943458251,0.707647628267183,0.5172638436482084,1.0,0.41110035495321073,0.0,0.0,0.0,0.0,1.6383397141422364,0.0575424054102505,0.204133577682753,0.8333333333333334,-0.0210874156844041,40510291.666666664,False,,False,False,True,reference,Use as candidate universe sensitivity reference.
1263,1810,1810.T,"MATSUI CONSTRUCTION CO.,LTD.",Construction,0.8542167956836645,0.7180317254775008,0.4741818181818182,0.06180144641683103,0.707647628267183,0.8153094462540716,1.0,0.5634075508228461,0.0,0.0,0.0,0.0,1.3158532410599306,0.0708672343750863,0.0930433815075352,0.8333333333333334,-0.0618109068418627,106979841.66666669,False,,False,False,True,reference,Use as candidate universe sensitivity reference.
1264,3904,3904.T,KAYAC Inc.,Information & Communication,0.8542077811269873,0.5882162512139851,0.7909090909090909,0.9345825115055885,0.707647628267183,0.4814332247557003,1.0,0.21264924169086802,0.0,0.0,0.0,0.0,1.0217375361810936,0.114211706449645,0.8051321910334812,0.8333333333333334,-0.0173084382722539,8644036.666666666,False,,False,False,True,reference,Use as candidate universe sensitivity reference.
1265,3551,3551.T,DYNIC CORPORATION,Textiles and Apparels,0.854161641390107,0.910974425380382,0.7810909090909091,0.18310322156476003,0.707647628267183,0.32573289902280134,1.0,0.37850919651500486,0.0,0.0,0.0,0.0,2.2690512007558623,0.1122377588222765,0.1424044392910483,0.8333333333333334,0.0008410594838279,32588826.666666668,False,,False,False,True,reference,Use as candidate universe sensitivity reference.
1266,7607,7607.T,"Shinwa Co.,Ltd.",Wholesale Trade,0.8541562549398248,0.6406604078989965,0.596,0.2836949375410914,0.44062600838980315,0.9322475570032573,1.0,0.48693126815101645,0.0,0.0,0.0,0.0,1.1124946465299277,0.0845454325809305,0.1772188989189991,0.6666666666666666,-0.1093615712926345,65014403.333333336,False,,False,False,True,reference,Use as candidate universe sensitivity reference.
1267,6480,6480.T,"NIPPON THOMPSON CO.,LTD.",Machinery,0.8541524813759311,0.22855292975072838,0.008363636363636363,0.18178829717291256,0.21022910616327847,0.7169381107491857,1.0,0.8848015488867377,0.0,0.0,0.0,0.0,0.4813868584110257,0.0062249123709323,0.1418958115790695,0.5,-0.0456196086769813,1314794431.6666667,False,,False,False,True,reference,Use as candidate universe sensitivity reference.
1268,7769,7769.T,"RHYTHM CO.,LTD.",Precision Instruments,0.8541040961457461,0.6018128844286177,0.1549090909090909,0.19197896120973043,0.44062600838980315,0.596742671009772,1.0,0.6466602129719264,0.0,0.0,0.0,0.0,1.0434864493698093,0.036129401786025,0.1462311223471492,0.6666666666666666,-0.0306092527011481,172013541.66666666,False,,False,False,True,reference,Use as candidate universe sensitivity reference.
1269,3683,3683.T,"CYBERLINKS CO.,LTD.",Information & Communication,0.8541027623489618,0.44253803820006476,0.7549090909090909,0.6916502301117686,0.44062600838980315,0.49804560260586317,1.0,0.414972571797354,0.0,0.0,0.0,0.0,0.7843891872870434,0.1074042781667736,0.3735038946235197,0.6666666666666666,-0.0189489469020516,41969486.666666664,False,,False,False,True,reference,Use as candidate universe sensitivity reference.
1270,3984,3984.T,"User Local,Inc.",Information & Communication,0.8540681796237519,0.10424085464551634,0.25672727272727275,0.7343852728468113,0.707647628267183,0.6706840390879478,1.0,0.6524685382381413,0.0,0.0,0.0,0.0,0.2996422036433038,0.0492371098953786,0.4131657636111203,0.8333333333333334,-0.0400676914032598,181290763.33333337,False,,False,False,True,reference,Use as candidate universe sensitivity reference.
1271,6082,6082.T,"RIDE ON EXPRESS HOLDINGS Co.,Ltd.",Services,0.8540271917569856,0.4778245386856588,0.7527272727272727,0.9493754109138725,0.44062600838980315,0.1550488599348534,1.0,0.3017102291061633,0.0,0.0,0.0,0.0,0.8449257869593786,0.1072355654841893,0.8598891043675398,0.6666666666666666,0.0329486404601223,17890013.333333332,False,,False,False,True,reference,Use as candidate universe sensitivity reference.
1272,8999,8999.T,Grandy House Corporation,Real Estate,0.854023052436761,0.8361929426999029,0.5476363636363636,0.09040105193951348,0.9209422394320749,0.9273615635179153,1.0,0.45756695708293,0.0,0.0,0.0,0.0,1.679907079342876,0.0792314266321634,0.1067594450658084,1.0,-0.1042206352810369,53684463.333333336,False,,False,False,True,reference,Use as candidate universe sensitivity reference.
1273,3834,3834.T,"Asahi Net,Inc.",Information & Communication,0.8539851266282733,0.5043703463904176,0.7687272727272727,0.5867850098619329,0.9209422394320749,0.7374592833876221,1.0,0.39496611810261373,0.0,0.0,0.0,0.0,0.8838554715018094,0.10986270209799,0.3000608642726719,1.0,-0.0488543315213651,36314050.0,False,,False,False,True,reference,Use as candidate universe sensitivity reference.
1274,4414,4414.T,"FLECT Co.,Ltd.",Information & Communication,0.853915536299653,0.1751375849789576,0.7636363636363637,0.9444444444444444,0.9209422394320749,0.6938110749185668,1.0,0.4227170054856405,0.0,0.0,0.0,0.0,0.4107449364636197,0.1087531647847352,0.8438210372075386,1.0,-0.0424972267627324,43919143.333333336,False,,False,False,True,reference,Use as candidate universe sensitivity reference.
1275,8152,8152.T,SOMAR CORPORATION,Wholesale Trade,0.8538529438441188,0.7316283586921334,0.9181818181818182,0.38461538461538464,0.44062600838980315,0.14527687296416936,1.0,0.3827040980961601,0.0,0.0,0.0,0.0,1.3465036616733996,0.1726494262814299,0.2120492866365386,0.6666666666666666,0.0362046647366333,33660750.0,False,,False,False,True,reference,Use as candidate universe sensitivity reference.
1276,2805,2805.T,S&B FOODS INC.,Foods,0.8537603438728151,0.28520556814503073,0.30072727272727273,0.4806048652202498,0.707647628267183,0.3843648208469055,1.0,0.6731203614069055,0.0,0.0,0.0,0.0,0.5687577735413512,0.0536042527668945,0.2465333751540925,0.8333333333333334,-0.0067358036087752,208716791.66666663,False,,False,False,True,reference,Use as candidate universe sensitivity reference.
1277,6306,6306.T,"NIKKO CO.,LTD.",Machinery,0.8537564908093739,0.6124959533829718,0.38181818181818183,0.4086127547666009,0.9209422394320749,0.46416938110749184,1.0,0.4969344949983866,0.0,0.0,0.0,0.0,1.0639181064799286,0.0618463968726324,0.2195684582189093,1.0,-0.0156406307064483,68182170.0,False,,False,False,True,reference,Use as candidate universe sensitivity reference.
1278,9159,9159.T,W TOKYO Inc.,Services,0.8537074976052479,0.09776626740045322,0.12945454545454546,0.8353057199211046,0.707647628267183,0.9628664495114007,1.0,0.6131010003226848,0.0,0.0,0.0,0.0,0.2912306747067671,0.0320769981401012,0.5338137397259479,0.8333333333333334,-0.1391816464288799,142924506.66666666,False,,False,False,True,reference,Use as candidate universe sensitivity reference.
1279,3393,3393.T,"Startia Holdings,Inc.",Wholesale Trade,0.8537000506414134,0.07801877630301068,0.4163636363636364,0.9072978303747534,0.44062600838980315,0.2172638436482085,1.0,0.5966440787350759,0.0,0.0,0.0,0.0,0.2548484362093771,0.0660471110402179,0.7017693507780863,0.6666666666666666,0.0182997034324195,129176081.66666669,False,,False,False,True,reference,Use as candidate universe sensitivity reference.
1280,4936,4936.T,AXXZIA Inc.,Chemicals,0.853677569601592,0.5720297831013272,0.1989090909090909,0.9727153188691651,0.44062600838980315,0.717915309446254,1.0,0.29783801226202,0.0,0.0,0.0,0.0,0.994649154541417,0.0421043332404742,1.0319711794483413,0.6666666666666666,-0.045844896069259,17318980.0,False,,False,False,True,reference,Use as candidate universe sensitivity reference.
1281,6223,6223.T,"Seibu Giken Co.,Ltd.",Machinery,0.8536639031049863,0.42311427646487537,0.5690909090909091,0.46811308349769887,0.07454017424975799,0.32768729641693806,1.0,0.5769603097773476,0.0,0.0,0.0,0.0,0.7494682476964184,0.081170685962652,0.2421727493412453,0.3333333333333333,0.000571478811324,116099348.33333331,False,,False,False,True,reference,Use as candidate universe sensitivity reference.
1282,6730,6730.T,AXELL CORPORATION,Electric Appliances,0.8536198904829173,0.5979281320815798,0.5410909090909091,0.571663379355687,0.07454017424975799,0.014657980456026065,1.0,0.457244272345918,0.0,0.0,0.0,0.0,1.0376184221109324,0.0785289393606814,0.2917165270575721,0.3333333333333333,0.1672328194408152,53339991.666666664,False,,False,False,True,reference,Use as candidate universe sensitivity reference.
1283,4341,4341.T,SEIRYO ELECTRIC CORPORATION,Services,0.8535674292409803,0.8708319844609906,0.10327272727272727,0.7498356344510191,0.44062600838980315,0.44429967426710093,1.0,0.2633107454017425,0.0,0.0,0.0,0.0,1.8805935892592565,0.0280324035204269,0.4265238879736409,0.6666666666666666,-0.013444813243141,12916103.333333334,False,,False,False,True,reference,Use as candidate universe sensitivity reference.
1284,1822,1822.T,DAIHO CORPORATION,Construction,0.8535554253395549,0.6464875364195533,0.3738181818181818,0.05062458908612755,0.707647628267183,0.7361563517915309,1.0,0.6272991287512101,0.0,0.0,0.0,0.0,1.1233817117371525,0.0609930233416996,0.0857693186640984,0.8333333333333334,-0.0485721927462042,154266280.0,False,,False,False,True,reference,Use as candidate universe sensitivity reference.
1285,9302,9302.T,"MITSUI-SOKO HOLDINGS Co.,Ltd.",Warehousing and Harbor Transportation Service,0.853553251841159,0.20135966332146327,0.22436363636363638,0.18474687705456935,0.707647628267183,0.6055374592833876,1.0,0.8502742820264602,0.0,0.0,0.0,0.0,0.4438104499466168,0.0453870231010771,0.1428698809447381,0.8333333333333334,-0.031740136822346,829793685.0,False,,False,False,True,reference,Use as candidate universe sensitivity reference.
1286,5368,5368.T,"JAPAN INSULATION CO.,LTD.",Glass and Ceramics Products,0.8535503004119718,0.8459048235674975,0.6956363636363636,0.31032215647600264,0.44062600838980315,0.38110749185667747,1.0,0.37431429493384966,0.0,0.0,0.0,0.0,1.7209009904422896,0.0979797276213423,0.1850931155320244,0.6666666666666666,-0.0062775853506622,31893306.666666668,False,,False,False,True,reference,Use as candidate universe sensitivity reference.
1287,6837,6837.T,"KYOSHA CO.,LTD.",Electric Appliances,0.8535445768053394,0.8656523146649401,0.8021818181818182,0.31919789612097305,0.707647628267183,0.6947882736156352,1.0,0.31332687963859307,0.0,0.0,0.0,0.0,1.843751784423138,0.1171968956039262,0.1883331986749616,0.8333333333333334,-0.0425832744209256,19774040.0,False,,False,False,True,reference,Use as candidate universe sensitivity reference.
1288,9622,9622.T,"SPACE CO.,LTD.",Services,0.8533949234047368,0.5785043703463905,0.7672727272727272,0.3057199211045365,0.21022910616327847,0.20846905537459282,1.0,0.5301710229106164,0.0,0.0,0.0,0.0,1.0086541727798464,0.1092359280134908,0.1832034022509354,0.5,0.0203014373407693,84805545.0,False,,False,False,True,reference,Use as candidate universe sensitivity reference.
1289,8230,8230.T,"HASEGAWA CO.,LTD.",Retail Trade,0.8532825868638655,0.9032049206863062,0.901090909090909,0.8974358974358975,0.07454017424975799,0.13583061889250814,1.0,0.0696999031945789,0.0,0.0,0.0,0.0,2.200963117172617,0.1588161075618895,0.6759891544486845,0.3333333333333333,0.0397556737401927,2944373.3333333335,False,,False,False,True,reference,Use as candidate universe sensitivity reference.
1290,1979,1979.T,Taikisha Ltd.,Construction,0.853214789611136,0.26740045322110717,0.20763636363636365,0.2534516765285996,0.07454017424975799,0.028990228013029307,1.0,0.8386576314940304,0.0,0.0,0.0,0.0,0.5388027408556003,0.0430805304857001,0.1676488556442961,0.3333333333333333,0.1261108680941111,715695591.6666666,False,,False,False,True,reference,Use as candidate universe sensitivity reference.
1291,9663,9663.T,"NAGAWA CO.,Ltd",Services,0.8532057586219354,0.46908384590482355,0.3290909090909091,0.34845496383957925,0.707647628267183,0.34853420195439744,1.0,0.6237495966440787,0.0,0.0,0.0,0.0,0.8299098914475695,0.0566936433497958,0.1981708191175205,0.8333333333333334,-0.0025323126015486,151560883.33333334,False,,False,False,True,reference,Use as candidate universe sensitivity reference.
1292,9081,9081.T,"Kanagawa Chuo Kotsu Co.,Ltd.",Land Transportation,0.8531122637667435,0.8080284881838783,0.8672727272727273,0.13543721236028927,0.44062600838980315,0.4742671009771987,1.0,0.4356243949661181,0.0,0.0,0.0,0.0,1.5656763212014533,0.1389061749906655,0.1248119694079269,0.6666666666666666,-0.0167440194600725,46495450.0,False,,False,False,True,reference,Use as candidate universe sensitivity reference.
1293,6340,6340.T,SHIBUYA CORPORATION,Machinery,0.8530588985115133,0.5551958562641631,0.6276363636363637,0.2225509533201841,0.707647628267183,0.28664495114006516,1.0,0.5830913197805744,0.0,0.0,0.0,0.0,0.9620530657607976,0.0896091862326813,0.1581047006134507,0.8333333333333334,0.0061245639204678,119915491.66666669,False,,False,False,True,reference,Use as candidate universe sensitivity reference.
1294,4792,4792.T,"YAMADA Consulting Group Co.,Ltd.",Services,0.8530457504535678,0.3056005179669796,0.6789090909090909,0.9388560157790927,0.02032913843175218,0.023127035830618925,1.0,0.431106808647951,0.0,0.0,0.0,0.0,0.5946376626434057,0.0956816694789765,0.8275711990799696,0.1666666666666666,0.1426598755248753,45333990.0,False,,False,False,True,reference,Use as candidate universe sensitivity reference.
1295,6176,6176.T,Brangista Inc.,Services,0.8529857470680122,0.2538038200064746,0.36618181818181816,0.7504930966469427,0.07454017424975799,0.23061889250814327,1.0,0.5834140045175863,0.0,0.0,0.0,0.0,0.5171101288300033,0.0603477745386768,0.4280365973292758,0.3333333333333333,0.0158574763011255,120028213.33333331,False,,False,False,True,reference,Use as candidate universe sensitivity reference.
1296,3371,3371.T,SOFTCREATE HOLDINGS CORP.,Information & Communication,0.8529704507382445,0.32243444480414374,0.7098181818181818,0.6761998685075609,0.21022910616327847,0.5846905537459284,1.0,0.4924169086802194,0.0,0.0,0.0,0.0,0.6148424503941593,0.1004902267596788,0.3614343993648836,0.5,-0.0291697010130836,66806153.333333336,False,,False,False,True,reference,Use as candidate universe sensitivity reference.
1297,1939,1939.T,YONDENKO CORPORATION,Construction,0.8529375022852951,0.4101651019747491,0.3523636363636364,0.3086785009861933,0.44062600838980315,0.09381107491856677,1.0,0.6928041303646337,0.0,0.0,0.0,0.0,0.7355317682594288,0.0589649600629611,0.1845126969788216,0.6666666666666666,0.0565780067542583,237354626.66666663,False,,False,False,True,reference,Use as candidate universe sensitivity reference.
1298,6864,6864.T,NF HOLDINGS CORPORATION,Electric Appliances,0.8529034504124491,0.5843314988669472,0.3410909090909091,0.31722550953320183,0.707647628267183,0.18957654723127038,1.0,0.579541787673443,0.0,0.0,0.0,0.0,1.019031396620079,0.0579044179051629,0.1879697516170779,0.8333333333333334,0.0242344509732785,117240380.0,False,,False,False,True,reference,Use as candidate universe sensitivity reference.
1299,3773,3773.T,"Advanced Media,Inc.",Information & Communication,0.8528170142133062,0.40628034962771126,0.5887272727272728,0.6051939513477975,0.9209422394320749,0.34136807817589576,1.0,0.4914488544691836,0.0,0.0,0.0,0.0,0.7312545123681478,0.0836837714769898,0.3089264498104195,1.0,-0.0014990351282264,66403981.666666664,False,,False,False,True,reference,Use as candidate universe sensitivity reference.
1300,3374,3374.T,Naigai Tec Corporation,Wholesale Trade,0.8527791213514281,0.6484299125930721,0.7058181818181818,0.30309007232084156,0.21022910616327847,0.10358306188925082,1.0,0.5062923523717329,0.0,0.0,0.0,0.0,1.1338083927638738,0.0996422876239244,0.1822670698413471,0.5,0.0500718606320234,73428053.33333333,False,,False,False,True,reference,Use as candidate universe sensitivity reference.
1301,5218,5218.T,OHARA INC.,Glass and Ceramics Products,0.8527664108645813,0.7403690514729686,0.2469090909090909,0.14299802761341224,0.44062600838980315,0.24951140065146582,1.0,0.5898676992578251,0.0,0.0,0.0,0.0,1.3719738118449925,0.0483086967259459,0.1277799939367565,0.6666666666666666,0.0120297930909255,124852321.66666669,False,,False,False,True,reference,Use as candidate universe sensitivity reference.
1302,4406,4406.T,"New Japan Chemical Co.,Ltd.",Chemicals,0.8527379320435087,0.9297507283910651,0.5036363636363637,0.1883629191321499,0.44062600838980315,0.20781758957654728,1.0,0.4217489512746047,0.0,0.0,0.0,0.0,2.4732175615301464,0.0739556501684192,0.1453396945547589,0.6666666666666666,0.0204036943052567,43772571.666666664,False,,False,False,True,reference,Use as candidate universe sensitivity reference.
1303,8081,8081.T,KANADEN CORPORATION,Wholesale Trade,0.8527041197319789,0.47523470378763355,0.6661818181818182,0.358974358974359,0.44062600838980315,0.3084690553745928,1.0,0.5650209745079058,0.0,0.0,0.0,0.0,0.8403352235876475,0.0942616955671571,0.2020857421896925,0.6666666666666666,0.0030799704597628,107381890.0,False,,False,False,True,reference,Use as candidate universe sensitivity reference.
1304,5283,5283.T,"TAKAMISAWA CO.,LTD.",Wholesale Trade,0.8526830949512919,0.9507931369375202,0.8501818181818181,0.6229454306377383,0.707647628267183,0.8726384364820847,1.0,0.10648596321393998,0.0,0.0,0.0,0.0,2.8384166646698823,0.1304886424360035,0.3187820133329901,0.8333333333333334,-0.0785005625447478,3895175.0,False,,False,False,True,reference,Use as candidate universe sensitivity reference.
1305,5284,5284.T,"YAMAU HOLDINGS CO.,LTD.",Glass and Ceramics Products,0.8526796158934642,0.5286500485594043,0.9298181818181818,0.6959237343852729,0.707647628267183,0.2579804560260587,1.0,0.33430138754436917,0.0,0.0,0.0,0.0,0.9203645378709138,0.1816035444416072,0.3779424026587966,0.8333333333333334,0.010320608475032,23333450.0,False,,False,False,True,reference,Use as candidate universe sensitivity reference.
1306,5187,5187.T,"CREATE MEDIC CO.,LTD.",Precision Instruments,0.8526029497518157,0.8546455163483327,0.5349090909090909,0.5825115055884287,0.44062600838980315,0.2674267100977199,1.0,0.2781542433042917,0.0,0.0,0.0,0.0,1.7739277281808,0.0775218986416808,0.297560774610689,0.6666666666666666,0.0091370823101759,14786746.666666666,False,,False,False,True,reference,Use as candidate universe sensitivity reference.
1307,1780,1780.T,YAMAURA CORPORATION,Construction,0.8525858445458816,0.5267076723858855,0.8076363636363636,0.43819855358316895,0.44062600838980315,0.046905537459283386,1.0,0.4920942239432075,0.0,0.0,0.0,0.0,0.91608223728906,0.1182024870868429,0.2295622470755746,0.6666666666666666,0.0930540968698351,66698318.333333336,False,,False,False,True,reference,Use as candidate universe sensitivity reference.
1308,3181,3181.T,"KAITORI OKOKU CO.,LTD.",Retail Trade,0.8525496982816619,0.559080608611201,0.716,0.9365548980933597,0.44062600838980315,0.49771986970684035,1.0,0.23943207486285897,0.0,0.0,0.0,0.0,0.9665596779757364,0.1017722052837317,0.8129842835260298,0.6666666666666666,-0.018936849867783,10752465.0,False,,False,False,True,reference,Use as candidate universe sensitivity reference.
1309,3925,3925.T,Double Standard Inc.,Information & Communication,0.8525286333804843,0.16704435092262868,0.8698181818181818,0.8201840894148587,0.44062600838980315,0.15928338762214989,1.0,0.5046789286866731,0.0,0.0,0.0,0.0,0.4012259251498768,0.1396025322590732,0.5149337103344911,0.6666666666666666,0.0320709212921917,73041858.33333333,False,,False,False,True,reference,Use as candidate universe sensitivity reference.
1310,4284,4284.T,"SOLXYZ Co.,Ltd.",Information & Communication,0.8524524074012076,0.4956296536095824,0.7407272727272727,0.6272189349112426,0.707647628267183,0.8592833876221498,1.0,0.377541142303969,0.0,0.0,0.0,0.0,0.8728042816454017,0.1056969472430558,0.3238863404511185,0.8333333333333334,-0.0745623306522808,32501655.0,False,,False,False,True,reference,Use as candidate universe sensitivity reference.
1311,3562,3562.T,"No.1 Co.,Ltd",Wholesale Trade,0.8524484825903137,0.21333764972483005,0.7483636363636363,0.8816568047337278,0.21022910616327847,0.22214983713355052,1.0,0.4749919328815747,0.0,0.0,0.0,0.0,0.4576893893914289,0.1068823523071074,0.6273688273610648,0.5,0.0177801175831317,60204515.0,False,,False,False,True,reference,Use as candidate universe sensitivity reference.
1312,7844,7844.T,Marvelous Inc.,Information & Communication,0.8524238314867983,0.5451602460343153,0.1618181818181818,0.7110453648915187,0.07454017424975799,0.1521172638436482,1.0,0.4756373023555986,0.0,0.0,0.0,0.0,0.9438534670574056,0.0370159816194277,0.3929732851107801,0.3333333333333333,0.0334514612772645,60259285.0,False,,False,False,True,reference,Use as candidate universe sensitivity reference.
1313,3221,3221.T,"Yossix Holdings Co.,Ltd.",Retail Trade,0.8522807784110138,0.1401748138556167,0.31345454545454543,0.9723865877712031,0.44062600838980315,0.0882736156351791,1.0,0.5514682155534043,0.0,0.0,0.0,0.0,0.359271551624674,0.0551312275326244,1.0278842220888946,0.6666666666666666,0.0599152524646726,99031733.33333331,False,,False,False,True,reference,Use as candidate universe sensitivity reference.
1314,3544,3544.T,"SATUDORA HOLDINGS CO.,LTD.",Retail Trade,0.8522681782290086,0.4995144059566203,0.45236363636363636,0.836620644312952,0.9209422394320749,0.6589576547231271,1.0,0.3372055501774766,0.0,0.0,0.0,0.0,0.8761127423879456,0.0689623112079203,0.5350057489286087,1.0,-0.0386492954001595,23715388.333333332,False,,False,False,True,reference,Use as candidate universe sensitivity reference.
1315,4674,4674.T,CRESCO LTD.,Information & Communication,0.8521774658583526,0.2321139527355131,0.4607272727272727,0.5335305719921104,0.9209422394320749,0.3993485342019544,1.0,0.6360116166505324,0.0,0.0,0.0,0.0,0.4877764654996562,0.0697344784444325,0.27181706599157,1.0,-0.0085844622161027,161593313.33333334,False,,False,False,True,reference,Use as candidate universe sensitivity reference.
1316,6976,6976.T,"TAIYO YUDEN CO.,LTD.",Electric Appliances,0.8521772013431922,0.031725477500809326,0.0007272727272727272,0.13576594345825116,0.44062600838980315,0.7778501628664495,1.0,0.9958050984188448,0.0,0.0,0.0,0.0,0.1589249826695066,0.0011591822554511,0.1248630466792745,0.6666666666666666,-0.0548420729411887,48206398838.333336,False,,False,False,True,reference,Use as candidate universe sensitivity reference.
1317,5367,5367.T,NIKKATO CORPORATION,Glass and Ceramics Products,0.852146236085405,0.434768533505989,0.11163636363636363,0.12261669953977647,0.44062600838980315,0.8407166123778502,1.0,0.7531461761858664,0.0,0.0,0.0,0.0,0.7713641275741195,0.0296212046058459,0.1180974671026411,0.6666666666666666,-0.0683717604465914,363505828.3333333,False,,False,False,True,reference,Use as candidate universe sensitivity reference.
1318,5122,5122.T,"OKAMOTO INDUSTRIES,INC.",Rubber Products,0.852082722670344,0.5619941728714795,0.6323636363636363,0.24260355029585798,0.707647628267183,0.25765472312703586,1.0,0.5663117134559535,0.0,0.0,0.0,0.0,0.9730277418630904,0.0901397968437066,0.1636374834056414,0.8333333333333334,0.0104209771304035,108351400.0,False,,False,False,True,reference,Use as candidate universe sensitivity reference.
1319,5816,5816.T,"Onamba Co.,Ltd.",Nonferrous Metals,0.8520559177631981,0.7034639041761088,0.432,0.3238001314924392,0.44062600838980315,0.38045602605863194,1.0,0.48596321393998065,0.0,0.0,0.0,0.0,1.2634947077325145,0.06736748669993,0.1895686433227518,0.6666666666666666,-0.0062483894118201,64332175.0,False,,False,False,True,reference,Use as candidate universe sensitivity reference.
1320,7509,7509.T,I.A GROUP CORPORATION,Retail Trade,0.8519561647481451,0.9138879896406604,0.9334545454545454,0.8116370808678501,0.44062600838980315,0.37785016286644946,1.0,0.06356889319135205,0.0,0.0,0.0,0.0,2.2895463264242353,0.1860927392613751,0.5012841622655229,0.6666666666666666,-0.006035970125948,2719675.0,False,,False,False,True,reference,Use as candidate universe sensitivity reference.
1321,7702,7702.T,"JMS CO.,LTD.",Precision Instruments,0.8519020051100938,0.9831660731628359,0.816,0.24293228139381987,0.9209422394320749,0.34560260586319214,1.0,0.2862213617295902,0.0,0.0,0.0,0.0,3.884262923806971,0.1205320183066155,0.1636688798898184,1.0,-0.0020013206684614,15761036.666666666,False,,False,False,True,reference,Use as candidate universe sensitivity reference.
1322,9628,9628.T,"SAN HOLDINGS,INC.",Services,0.8518241413841892,0.7325995467788928,0.9152727272727272,0.0641025641025641,0.44062600838980315,0.4319218241042345,1.0,0.4972571797353985,0.0,0.0,0.0,0.0,1.3496512310527895,0.1714113704347417,0.0940087145969498,0.6666666666666666,-0.0120400271099948,68307736.66666667,False,,False,False,True,reference,Use as candidate universe sensitivity reference.
1323,7554,7554.T,KOURAKUEN CORPORATION,Retail Trade,0.8518115372185777,0.09970864357397216,0.17854545454545453,0.943129520052597,0.707647628267183,0.9267100977198697,1.0,0.547918683446273,0.0,0.0,0.0,0.0,0.2941597753935273,0.039253483509299,0.8417357852644509,0.8333333333333334,-0.1038466290524185,96363635.0,False,,False,False,True,reference,Use as candidate universe sensitivity reference.
1324,5288,5288.T,ASIA PILE HOLDINGS CORPORATION,Glass and Ceramics Products,0.8517931266016994,0.4619617999352541,0.17672727272727273,0.20216962524654833,0.21022910616327847,0.5280130293159608,1.0,0.7157147466924815,0.0,0.0,0.0,0.0,0.8194355563050585,0.0389827597658204,0.1491342556338641,0.5,-0.0226802715779616,270134461.6666667,False,,False,False,True,reference,Use as candidate universe sensitivity reference.
1325,3665,3665.T,Enigmo Inc.,Information & Communication,0.8517057234745049,0.5131110391712528,0.2647272727272727,0.5614727153188692,0.21022910616327847,0.1566775244299674,1.0,0.5343659244917716,0.0,0.0,0.0,0.0,0.8965776832526774,0.0503444848628396,0.2861206331882215,0.5,0.0326797682130199,87946038.33333333,False,,False,False,True,reference,Use as candidate universe sensitivity reference.
1326,4641,4641.T,Altech Corporation,Services,0.851674957451801,0.20945289737779216,0.6178181818181818,0.7232084155161078,0.707647628267183,0.20456026058631926,1.0,0.5527589545014521,0.0,0.0,0.0,0.0,0.4519677871288036,0.0884043554303741,0.4024604642414074,0.8333333333333334,0.0211963774256513,99617276.66666669,False,,False,False,True,reference,Use as candidate universe sensitivity reference.
1327,9268,9268.T,OPTIMUS GROUP COMPANY LIMITED,Wholesale Trade,0.8515889436549348,0.5474263515700875,0.11563636363636363,0.26627218934911245,0.44062600838980315,0.5941368078175896,1.0,0.6379477250726041,0.0,0.0,0.0,0.0,0.949132988950923,0.0299318144023717,0.1715097182284147,0.6666666666666666,-0.0303041474654377,162581413.33333334,False,,False,False,True,reference,Use as candidate universe sensitivity reference.
1328,4479,4479.T,"Makuake,Inc.",Information & Communication,0.8514840131158184,0.23502751699579152,0.15927272727272726,0.7804076265614727,0.707647628267183,0.8833876221498371,1.0,0.5492094223943208,0.0,0.0,0.0,0.0,0.4894864291434666,0.0368034623753512,0.4611790532640646,0.8333333333333334,-0.0819865158508243,96849340.0,False,,False,False,True,reference,Use as candidate universe sensitivity reference.
1329,4800,4800.T,Oricon Inc.,Information & Communication,0.8512948710174425,0.1291680155390094,0.464,0.7534516765285996,0.44062600838980315,0.32605863192182405,1.0,0.6092287834785415,0.0,0.0,0.0,0.0,0.3403512105896696,0.0698866838590285,0.4304244023658917,0.6666666666666666,0.0008073347032822,139246386.66666666,False,,False,False,True,reference,Use as candidate universe sensitivity reference.
1330,6151,6151.T,"NITTO KOHKI CO.,LTD.",Machinery,0.8512760159038296,0.8750404661702816,0.3407272727272727,0.3034188034188034,0.21022910616327847,0.45244299674267097,1.0,0.4133591481122943,0.0,0.0,0.0,0.0,1.9191340194949091,0.0578877026659602,0.182298626229262,0.5,-0.0144454623229333,41376286.666666664,False,,False,False,True,reference,Use as candidate universe sensitivity reference.
1331,3423,3423.T,S E Corporation,Metal Products,0.8512593364862026,0.7364842991259307,0.416,0.5328731097961867,0.707647628267183,0.713029315960912,1.0,0.34430461439173926,0.0,0.0,0.0,0.0,1.3607509122950343,0.0659446397178992,0.2715564626917596,0.8333333333333334,-0.0447621905670624,25281921.666666668,False,,False,False,True,reference,Use as candidate universe sensitivity reference.
1332,6294,6294.T,OKADA AIYON CORPORATION,Machinery,0.8512186497584647,0.631595985755908,0.6629090909090909,0.405982905982906,0.07454017424975799,0.1276872964169381,1.0,0.4717650855114553,0.0,0.0,0.0,0.0,1.09853628695008,0.0940068344206275,0.2183287296931237,0.3333333333333333,0.0423701050822272,59169123.333333336,False,,False,False,True,reference,Use as candidate universe sensitivity reference.
1333,5951,5951.T,"Dainichi Co.,Ltd.",Metal Products,0.8511960291538966,0.8601489155066364,0.5138181818181818,0.29224194608809995,0.707647628267183,0.7635179153094462,1.0,0.36205227492739595,0.0,0.0,0.0,0.0,1.805729891812725,0.0750429305590162,0.179828252247394,0.8333333333333334,-0.0526456615333819,28572578.333333332,False,,False,False,True,reference,Use as candidate universe sensitivity reference.
1334,6298,6298.T,"Y.A.C.HOLDINGS CO.,LTD.",Machinery,0.851049818317668,0.4266752994496601,0.17963636363636365,0.22781065088757396,0.44062600838980315,0.6885993485342019,1.0,0.7028073572120038,0.0,0.0,0.0,0.0,0.7575875044537297,0.039446140464741,0.1595677359684564,0.6666666666666666,-0.0419252646826752,254399958.33333337,False,,False,False,True,reference,Use as candidate universe sensitivity reference.
1335,2410,2410.T,"CAREER DESIGN CENTER CO.,LTD.",Services,0.8509006859616457,0.1298154742635157,0.5669090909090909,0.9898093359631821,0.21022910616327847,0.9576547231270358,1.0,0.45111326234269117,0.0,0.0,0.0,0.0,0.340555980788729,0.0809938097325387,1.2514598785546556,0.5,-0.1307003432319761,51596796.666666664,False,,False,False,True,reference,Use as candidate universe sensitivity reference.
1336,9414,9414.T,Nippon BS Broadcasting Corporation,Information & Communication,0.8508178167742194,0.7915182907089673,0.6152727272727273,0.37606837606837606,0.21022910616327847,0.4648208469055375,1.0,0.37689577282994513,0.0,0.0,0.0,0.0,1.5182379551811145,0.0878728414392838,0.2092573613049065,0.5,-0.0157302934482429,32297998.333333332,False,,False,False,True,reference,Use as candidate universe sensitivity reference.
1337,6899,6899.T,ASTI CORPORATION,Electric Appliances,0.8508055903566693,0.9776626740045322,0.6309090909090909,0.17455621301775148,0.707647628267183,0.9289902280130293,1.0,0.31623104227170057,0.0,0.0,0.0,0.0,3.4953897401893217,0.0900225058397382,0.1385891825136218,0.8333333333333334,-0.1056204182211009,20076103.333333332,False,,False,False,True,reference,Use as candidate universe sensitivity reference.
1338,5282,5282.T,GEOSTR Corporation,Glass and Ceramics Products,0.8507640064741291,0.8879896406604079,0.6989090909090909,0.12984878369493755,0.707647628267183,0.2859934853420195,1.0,0.4143272023233301,0.0,0.0,0.0,0.0,2.0235984346015705,0.0983445261665105,0.1223620674864753,0.8333333333333334,0.0061509532181231,41818331.666666664,False,,False,False,True,reference,Use as candidate universe sensitivity reference.
1339,2376,2376.T,SCINEX CORPORATION,Services,0.8507276211219061,0.8646811265781806,0.4621818181818182,0.7462195923734385,0.707647628267183,0.3449511400651466,1.0,0.18973862536302033,0.0,0.0,0.0,0.0,1.8413965591802703,0.0697922685887404,0.4230560756674334,0.8333333333333334,-0.0019918509687855,7429856.666666667,False,,False,False,True,reference,Use as candidate universe sensitivity reference.
1340,8928,8928.T,ANABUKI KOSAN INC.,Real Estate,0.8507142795764796,0.8310132729038524,0.8763636363636363,0.2564102564102564,0.07454017424975799,0.18762214983713354,1.0,0.38367215230719587,0.0,0.0,0.0,0.0,1.6669859379412633,0.142148087048274,0.1685848750645174,0.3333333333333333,0.0245373234210013,34113453.333333336,False,,False,False,True,reference,Use as candidate universe sensitivity reference.
1341,6492,6492.T,OKANO VALVE MFG.CO.LTD.,Machinery,0.8507131929351999,0.19974101651019746,0.11745454545454545,0.2577251808021039,0.21022910616327847,0.2687296416938111,1.0,0.8583414004517587,0.0,0.0,0.0,0.0,0.4382918269037628,0.0301300522619451,0.1687633188973671,0.5,0.008832632054804,936786283.3333334,False,,False,False,True,reference,Use as candidate universe sensitivity reference.
1342,1904,1904.T,"TAISEI ONCHO CO.,LTD.",Construction,0.850651542792506,0.5157008740692781,0.5665454545454546,0.31952662721893493,0.707647628267183,0.1355048859934853,1.0,0.5695385608260729,0.0,0.0,0.0,0.0,0.8994490967368246,0.0809762686726,0.1883638546530237,0.8333333333333334,0.0400643645706971,110884541.66666669,False,,False,False,True,reference,Use as candidate universe sensitivity reference.
1343,6668,6668.T,"ADTEC PLASMA TECHNOLOGY CO.,LTD.",Electric Appliances,0.8505953975681857,0.22887665911298155,0.4989090909090909,0.27481919789612097,0.9209422394320749,0.742671009771987,1.0,0.7170054856405292,0.0,0.0,0.0,0.0,0.4816143458603661,0.0733217015961279,0.1744068287037037,1.0,-0.0495644392497762,272506041.6666667,False,,False,False,True,reference,Use as candidate universe sensitivity reference.
1344,8864,8864.T,"AIRPORT FACILITIES Co.,LTD.",Real Estate,0.8504870725662784,0.7623826481061833,0.3629090909090909,0.026627218934911243,0.9209422394320749,0.5377850162866449,1.0,0.5653436592449177,0.0,0.0,0.0,0.0,1.4306924851623808,0.0600562887210094,0.0623519003449271,1.0,-0.0238472811344148,107492510.0,False,,False,False,True,reference,Use as candidate universe sensitivity reference.
1345,7082,7082.T,"Jimoty,Inc.",Services,0.8504414034975087,0.017481385561670445,0.14072727272727273,0.9135437212360289,0.21022910616327847,0.5361563517915309,1.0,0.6456921587608906,0.0,0.0,0.0,0.0,0.1223823355774843,0.0341146198357685,0.7208212596461976,0.5,-0.0237040503850133,171441520.0,False,,False,False,True,reference,Use as candidate universe sensitivity reference.
1346,6199,6199.T,"SERAKU Co.,Ltd.",Information & Communication,0.8503970447867699,0.27581741663968923,0.7458181818181818,0.7998027613412229,0.707647628267183,0.5674267100977199,1.0,0.4301387544369151,0.0,0.0,0.0,0.0,0.5539379200216396,0.1062640608035824,0.4845419689206276,0.8333333333333334,-0.0270926709745178,45157361.666666664,False,,False,False,True,reference,Use as candidate universe sensitivity reference.
1347,4168,4168.T,"Yappli,Inc.",Information & Communication,0.8503883361051386,0.11524765296212366,0.7029090909090909,0.9457593688362919,0.44062600838980315,0.147557003257329,1.0,0.4962891255243627,0.0,0.0,0.0,0.0,0.3148718295506549,0.0991214650627497,0.8500346133407986,0.6666666666666666,0.0353609223189868,68032553.33333333,False,,False,False,True,reference,Use as candidate universe sensitivity reference.
1348,9319,9319.T,"Chuo Warehouse Co.,Ltd.",Warehousing and Harbor Transportation Service,0.8502095735970369,0.7533182259630948,0.25272727272727274,0.020710059171597635,0.44062600838980315,0.6980456026058632,1.0,0.5950306550500162,0.0,0.0,0.0,0.0,1.4036424384177029,0.0488623517995615,0.0563464552027823,0.6666666666666666,-0.0430717742905062,128432323.33333331,False,,False,False,True,reference,Use as candidate universe sensitivity reference.
1349,4072,4072.T,"Densan System Holdings Co.,Ltd.",Information & Communication,0.8501762808775171,0.4325024279702169,0.6301818181818182,0.2264957264957265,0.44062600838980315,0.5003257328990228,1.0,0.6292352371732817,0.0,0.0,0.0,0.0,0.768897224328138,0.0899894987035705,0.1593645097812246,0.6666666666666666,-0.0191503832369191,155785166.66666666,False,,False,False,True,reference,Use as candidate universe sensitivity reference.
1350,7590,7590.T,"TAKASHO CO.,LTD.",Wholesale Trade,0.8501107173502928,0.8795726772418259,0.12290909090909091,0.5953320184089415,0.9209422394320749,0.4615635179153095,1.0,0.29073894804775735,0.0,0.0,0.0,0.0,1.9529637366711967,0.0308640637389147,0.3047577648226251,1.0,-0.0154586955987964,16307563.333333334,False,,False,False,True,reference,Use as candidate universe sensitivity reference.
1351,9337,9337.T,toridori Inc.,Services,0.8500758648646767,0.15021042408546456,0.7694545454545455,0.9138724523339908,0.21022910616327847,0.15276872964169386,1.0,0.4843497902549209,0.0,0.0,0.0,0.0,0.3749931738354784,0.1098961412527112,0.7227125212115951,0.5,0.0332952286102589,63380933.333333336,False,,False,False,True,reference,Use as candidate universe sensitivity reference.
1352,9083,9083.T,"Shinki Bus Co.,Ltd.",Land Transportation,0.8500452260173543,0.9851084493363548,0.9509090909090909,0.27909270216962523,0.707647628267183,0.6159609120521172,1.0,0.22555663117134558,0.0,0.0,0.0,0.0,4.1420823948057786,0.2069240765332688,0.1758851150865669,0.8333333333333334,-0.0333044982698961,9386271.666666666,False,,False,False,True,reference,Use as candidate universe sensitivity reference.
1353,8070,8070.T,"TOKYO SANGYO CO.,LTD.",Wholesale Trade,0.8500436320222011,0.5840077695046941,0.7370909090909091,0.09796186719263643,0.9209422394320749,0.6576547231270358,1.0,0.558567279767667,0.0,0.0,0.0,0.0,1.0189465686810977,0.1050000178393283,0.1095362500443299,1.0,-0.0385517691730959,103529653.33333331,False,,False,False,True,reference,Use as candidate universe sensitivity reference.
1354,9560,9560.T,PROGRIT Inc.,Services,0.8499615671358658,0.08481709291032696,0.730909090909091,0.9612097304404996,0.9209422394320749,0.3661237785016287,1.0,0.4714424007744434,0.0,0.0,0.0,0.0,0.265319695077562,0.1033905889712733,0.9485789350963284,1.0,-0.0043841565521079,59027856.666666664,False,,False,False,True,reference,Use as candidate universe sensitivity reference.
1355,5699,5699.T,"IBOKIN Co.,Ltd.",Iron and Steel,0.8499399693592066,0.5477500809323406,0.7843636363636364,0.41255752794214334,0.07454017424975799,0.06775244299674266,1.0,0.49177153920619554,0.0,0.0,0.0,0.0,0.9502678247051493,0.112752945554863,0.2206638617329377,0.3333333333333333,0.0746491064503868,66519213.333333336,False,,False,False,True,reference,Use as candidate universe sensitivity reference.
1356,4379,4379.T,Photosynth inc.,Information & Communication,0.8498941396995978,0.16251213985108448,0.39345454545454545,0.8898750821827744,0.707647628267183,0.650814332247557,1.0,0.5066150371087448,0.0,0.0,0.0,0.0,0.392108189132654,0.0636003752310923,0.6567960697378232,0.8333333333333334,-0.0378739670633684,73520345.0,False,,False,False,True,reference,Use as candidate universe sensitivity reference.
1357,3556,3556.T,"RenetJapanGroup,Inc.",Retail Trade,0.8498533839658415,0.013920362576885724,0.444,0.9792899408284024,0.707647628267183,0.04462540716612373,1.0,0.5785737334624073,0.0,0.0,0.0,0.0,0.1077617476971832,0.0683500367677702,1.1119093062967098,0.8333333333333334,0.0964710027044644,116837793.33333331,False,,False,False,True,reference,Use as candidate universe sensitivity reference.
1358,6927,6927.T,"Helios Techno Holding Co.,Ltd.",Electric Appliances,0.8498310857654566,0.5390093881515053,0.2010909090909091,0.2988165680473373,0.21022910616327847,0.3863192182410423,1.0,0.6240722813810907,0.0,0.0,0.0,0.0,0.9352333516325166,0.0422880566758529,0.1811984519877849,0.5,-0.0071258181262903,151947470.0,False,,False,False,True,reference,Use as candidate universe sensitivity reference.
1359,1966,1966.T,TAKADA CORPORATION,Construction,0.8497976770286382,0.8501133052767886,0.9418181818181818,0.22320841551610782,0.21022910616327847,0.07100977198697067,1.0,0.3749596644078735,0.0,0.0,0.0,0.0,1.7524866200784046,0.1967787625703085,0.1581353350224209,0.5,0.0713715087072059,31959431.666666668,False,,False,False,True,reference,Use as candidate universe sensitivity reference.
1360,6330,6330.T,TOYO ENGINEERING CORPORATION,Construction,0.8496694218224361,0.19456134671414696,0.03854545454545454,0.059500328731097965,0.02032913843175218,0.05179153094462541,1.0,0.9770893836721523,0.0,0.0,0.0,0.0,0.4324694529542537,0.0147379743192583,0.0910264551741463,0.1666666666666666,0.0878353597837211,8782538288.333334,False,,False,False,True,reference,Use as candidate universe sensitivity reference.
1361,2173,2173.T,Hakuten Corporation,Services,0.8495965103134593,0.20912916801553902,0.9192727272727272,0.9184746877054569,0.707647628267183,0.8912052117263843,1.0,0.3601161665053243,0.0,0.0,0.0,0.0,0.4512555612406822,0.1731830192721464,0.7356140027840586,0.8333333333333334,-0.0867791944432049,28267111.666666668,False,,False,False,True,reference,Use as candidate universe sensitivity reference.
1362,9702,9702.T,ISB CORPORATION,Information & Communication,0.8495623314805761,0.26675299449660084,0.2927272727272727,0.6955950032873109,0.44062600838980315,0.45081433224755696,1.0,0.5711519845111326,0.0,0.0,0.0,0.0,0.5374858113336498,0.0531119776383271,0.3778272484416741,0.6666666666666666,-0.0143532164041613,111980473.33333331,False,,False,False,True,reference,Use as candidate universe sensitivity reference.
1363,1436,1436.T,GreenEnergy & Company Inc.,Construction,0.8495078221173601,0.37196503722887664,0.15163636363636362,0.3698224852071006,0.07454017424975799,0.044951140065146555,1.0,0.717973539851565,0.0,0.0,0.0,0.0,0.6856186452073356,0.0356213603781586,0.206740134629799,0.3333333333333333,0.0963090346285397,273848571.97387695,False,,False,False,True,reference,Use as candidate universe sensitivity reference.
1364,5137,5137.T,SmartDrive inc.,Information & Communication,0.8494974858337067,0.026545807704758822,0.3578181818181818,0.9161735700197239,0.9209422394320749,0.8697068403908794,1.0,0.5550177476605357,0.0,0.0,0.0,0.0,0.1483207767694754,0.059625561981605,0.7325825572462275,1.0,-0.0778707513749281,101441783.33333331,False,,False,False,True,reference,Use as candidate universe sensitivity reference.
1365,4062,4062.T,"IBIDEN CO.,LTD.",Electric Appliances,0.8494901665340605,0.006798316607316284,0.013454545454545455,0.08579881656804733,0.9209422394320749,0.8358306188925082,1.0,0.9980638915779284,0.0,0.0,0.0,0.0,0.0817096983897028,0.0074286622580328,0.1047699697878493,1.0,-0.0666309471328291,92100818745.0,False,,False,False,True,reference,Use as candidate universe sensitivity reference.
1366,7725,7725.T,INTER ACTION Corporation,Precision Instruments,0.8494153637140757,0.25186144383295567,0.20581818181818182,0.41025641025641024,0.44062600838980315,0.9811074918566776,1.0,0.6879638593094547,0.0,0.0,0.0,0.0,0.5140364942905123,0.0427857177320468,0.2199750813991761,0.6666666666666666,-0.1891202043941849,230083373.33333337,False,,False,False,True,reference,Use as candidate universe sensitivity reference.
1367,3004,3004.T,SHINYEI KAISHA,Wholesale Trade,0.8493369875144785,0.6192942699902881,0.9061818181818182,0.5795529257067719,0.21022910616327847,0.19087947882736156,1.0,0.3414004517586318,0.0,0.0,0.0,0.0,1.0786998274424084,0.1622040377975437,0.2949145404134349,0.5,0.0235462259937472,24585248.333333332,False,,False,False,True,reference,Use as candidate universe sensitivity reference.
1368,4709,4709.T,ID Holdings Corporation,Information & Communication,0.8493024640949381,0.19164778245386857,0.5723636363636364,0.7432610124917817,0.9209422394320749,0.38078175895765476,1.0,0.5321071313326879,0.0,0.0,0.0,0.0,0.428413269948589,0.0818798916818361,0.4217048138908835,1.0,-0.0062673080164971,86656013.33333333,False,,False,False,True,reference,Use as candidate universe sensitivity reference.
1369,6551,6551.T,TSUNAGU GROUP HOLDINGS Inc.,Services,0.8491757849898031,0.21463256717384266,0.7905454545454546,0.997370151216305,0.9209422394320749,0.9547231270358306,1.0,0.33171990964827364,0.0,0.0,0.0,0.0,0.4601395737401595,0.1141400929732775,1.698879817813994,1.0,-0.127104041189739,22833018.333333332,False,,False,False,True,reference,Use as candidate universe sensitivity reference.
1370,3649,3649.T,FINDEX Inc.,Information & Communication,0.849050864546349,0.13855616704435092,0.43054545454545456,0.8619329388560157,0.9209422394320749,0.780456026058632,1.0,0.5072604065827686,0.0,0.0,0.0,0.0,0.3569857070148356,0.0672167271671875,0.5853499000713587,1.0,-0.0551053085845274,73780635.0,False,,False,False,True,reference,Use as candidate universe sensitivity reference.
1371,9308,9308.T,"Inui Global Logistics Co.,Ltd.",Marine Transportation,0.8490047966213067,0.538361929426999,0.8305454545454546,0.03254437869822485,0.707647628267183,0.6902280130293159,1.0,0.5959987092610519,0.0,0.0,0.0,0.0,0.9338972762877046,0.124010849048994,0.0685286303619347,0.8333333333333334,-0.042090970807875,128878280.0,False,,False,False,True,reference,Use as candidate universe sensitivity reference.
1372,1929,1929.T,"NITTOC CONSTRUCTION CO.,LTD.",Construction,0.8489810128803751,0.424409193913888,0.29818181818181816,0.41222879684418146,0.21022910616327847,0.6452768729641694,1.0,0.6001936108422071,0.0,0.0,0.0,0.0,0.7520169285961459,0.0533658554646439,0.2205949496013767,0.5,-0.0369934722683642,132105578.33333331,False,,False,False,True,reference,Use as candidate universe sensitivity reference.
1373,1898,1898.T,"SEIKITOKYU KOGYO CO.,LTD.",Construction,0.8489160652699024,0.4490126254451279,0.5043636363636363,0.1903353057199211,0.21022910616327847,0.0866449511400651,1.0,0.6840916424653114,0.0,0.0,0.0,0.0,0.7947259668294682,0.0740933472384664,0.1457556083143563,0.5,0.0612618065801586,225326983.33333337,False,,False,False,True,reference,Use as candidate universe sensitivity reference.
1374,7823,7823.T,ARTNATURE INC.,Other Products,0.8488717394533499,0.5810942052444157,0.15054545454545454,0.8579881656804734,0.707647628267183,0.6117263843648209,1.0,0.32623426911907066,0.0,0.0,0.0,0.0,1.0125235938955175,0.0355159819111752,0.5775997423406739,0.8333333333333334,-0.0327743672698409,21750151.666666668,False,,False,False,True,reference,Use as candidate universe sensitivity reference.
1375,4176,4176.T,coconala Inc.,Information & Communication,0.8488101530274146,0.2136613790870832,0.5247272727272727,0.9638395792241946,0.44062600838980315,0.1899022801302932,1.0,0.4533720555017748,0.0,0.0,0.0,0.0,0.4584619881745909,0.0763636202582102,0.968161494104408,0.6666666666666666,0.0241374419376016,52360451.666666664,False,,False,False,True,reference,Use as candidate universe sensitivity reference.
1376,3010,3010.T,"Polaris Holdings Co.,Ltd.",Services,0.8486991765789883,0.41340239559728065,0.44072727272727275,0.720249835634451,0.44062600838980315,0.645928338762215,1.0,0.43594707970313007,0.0,0.0,0.0,0.0,0.738986506407614,0.0681006286946767,0.3992360380895727,0.6666666666666666,-0.0370566908646746,46942993.333333336,False,,False,False,True,reference,Use as candidate universe sensitivity reference.
1377,1975,1975.T,"ASAHI KOGYOSHA CO.,LTD.",Construction,0.8486266630257231,0.18646811265781807,0.3865454545454545,0.32511505588428663,0.707647628267183,0.08794788273615639,1.0,0.7747660535656663,0.0,0.0,0.0,0.0,0.4216438336703715,0.0624936217177705,0.1899185021209235,0.8333333333333334,0.060082609038472,410787575.0,False,,False,False,True,reference,Use as candidate universe sensitivity reference.
1378,7636,7636.T,"HANDSMAN CO.,LTD",Retail Trade,0.8485988163082859,0.8290708967303334,0.6596363636363637,0.7518080210387903,0.9209422394320749,0.5996742671009772,1.0,0.13972249112616975,0.0,0.0,0.0,0.0,1.648609736207142,0.0935323278690053,0.4291447496590688,1.0,-0.0309697822859016,5100385.0,False,,False,False,True,reference,Use as candidate universe sensitivity reference.
1379,7908,7908.T,"KIMOTO CO.,LTD.",Chemicals,0.8484997301770805,0.8552929750728391,0.30727272727272725,0.28303747534516766,0.07454017424975799,0.33094462540716607,1.0,0.4365924491771539,0.0,0.0,0.0,0.0,1.781595431334417,0.0543432596534942,0.1766831576683157,0.3333333333333333,0.0,47025656.666666664,False,,False,False,True,reference,Use as candidate universe sensitivity reference.
1380,4362,4362.T,"Nippon Fine Chemical Co.,Ltd.",Chemicals,0.8484335557926259,0.5085788280997087,0.4869090909090909,0.30111768573307035,0.9209422394320749,0.3452768729641694,1.0,0.5646982897708939,0.0,0.0,0.0,0.0,0.8901916854055786,0.0719954898223931,0.1819300314777659,1.0,-0.0020008901697045,107341171.66666669,False,,False,False,True,reference,Use as candidate universe sensitivity reference.
1381,6167,6167.T,"Fuji Die Co.,Ltd.",Machinery,0.8481591020679475,0.6102298478471997,0.06909090909090909,0.2357001972386588,0.707647628267183,0.7657980456026059,1.0,0.5882542755727654,0.0,0.0,0.0,0.0,1.0588096607450963,0.0217395852842399,0.1613482794984962,0.8333333333333334,-0.0531106859163912,122524630.0,False,,False,False,True,reference,Use as candidate universe sensitivity reference.
1382,4750,4750.T,"DAISAN CO.,LTD.",Services,0.8481387926972626,0.7954030430560052,0.6487272727272727,0.616370808678501,0.9209422394320749,0.9205211726384365,1.0,0.1984511132623427,0.0,0.0,0.0,0.0,1.5254906486406834,0.0918743500338632,0.3149434679116785,1.0,-0.1010813524747107,7762866.666666667,False,,False,False,True,reference,Use as candidate universe sensitivity reference.
1383,1716,1716.T,DAI-ICHI CUTTER KOGYO K.K.,Construction,0.8480954331845307,0.6869537067011978,0.598909090909091,0.5085470085470085,0.44062600838980315,0.47068403908794787,1.0,0.35785737334624074,0.0,0.0,0.0,0.0,1.2295758206772127,0.0850001835647201,0.2620519321693325,0.6666666666666666,-0.0163605340212235,27889593.333333332,False,,False,False,True,reference,Use as candidate universe sensitivity reference.
1384,3421,3421.T,"INABA SEISAKUSHO Co.,Ltd.",Metal Products,0.8480550258411134,0.817740369051473,0.32181818181818184,0.25805391190006577,0.707647628267183,0.5446254071661238,1.0,0.4317521781219748,0.0,0.0,0.0,0.0,1.586773197847823,0.0557498298665439,0.1687816529268525,0.8333333333333334,-0.0245246745075588,45810426.666666664,False,,False,False,True,reference,Use as candidate universe sensitivity reference.
1385,6663,6663.T,"TAIYO TECHNOLEX CO.,LTD.",Electric Appliances,0.8479810376884179,0.6516672062156037,0.34036363636363637,0.47830374753451677,0.44062600838980315,0.12377850162866455,1.0,0.4569215876089061,0.0,0.0,0.0,0.0,1.14119436729795,0.0578101786006549,0.2459126855294672,0.6666666666666666,0.0435248318121391,53325108.333333336,False,,False,False,True,reference,Use as candidate universe sensitivity reference.
1386,2933,2933.T,KIBUN FOODS INC.,Foods,0.847961044863123,0.5202330851408222,0.7945454545454546,0.6058514135437212,0.707647628267183,0.45179153094462543,1.0,0.36624717650855115,0.0,0.0,0.0,0.0,0.907108040010842,0.115198826162026,0.3092692249165357,0.8333333333333334,-0.0144273932623028,29301951.666666668,False,,False,False,True,reference,Use as candidate universe sensitivity reference.
1387,3788,3788.T,GMO GlobalSign Holdings K.K.,Information & Communication,0.8479435329827917,0.21819359015862738,0.22618181818181818,0.8629191321499013,0.9209422394320749,0.8990228013029316,1.0,0.4846724749919329,0.0,0.0,0.0,0.0,0.4661200041549864,0.045486933260165,0.5860224517720898,1.0,-0.0901080890890521,63700548.333333336,False,,False,False,True,reference,Use as candidate universe sensitivity reference.
1388,4658,4658.T,"Nippon Air Conditioning Services Co.,Ltd.",Services,0.8478838887135841,0.22661055357720944,0.33054545454545453,0.519723865877712,0.44062600838980315,0.6755700325732898,1.0,0.6427879961277831,0.0,0.0,0.0,0.0,0.4769725872877362,0.0567824508675876,0.2668011859660681,0.6666666666666666,-0.0404515008140564,167926066.66666666,False,,False,False,True,reference,Use as candidate universe sensitivity reference.
1389,9312,9312.T,"THE KEIHIN CO.,LTD.",Warehousing and Harbor Transportation Service,0.8478466630739292,0.8293946260925866,0.8127272727272727,0.07560815253122946,0.9209422394320749,0.6071661237785017,1.0,0.4101323007421749,0.0,0.0,0.0,0.0,1.6515844705374811,0.1194363703574831,0.0994403788204907,1.0,-0.0321256398787336,40378530.0,False,,False,False,True,reference,Use as candidate universe sensitivity reference.
1390,8260,8260.T,"IZUTSUYA CO.,LTD.",Retail Trade,0.8477926806605547,0.9488507607640013,0.7854545454545454,0.39119000657462194,0.44062600838980315,0.5615635179153095,1.0,0.22426589222329785,0.0,0.0,0.0,0.0,2.8090073347997806,0.112986204750282,0.2139581256231306,0.6666666666666666,-0.0263886016995047,9324258.333333334,False,,False,False,True,reference,Use as candidate universe sensitivity reference.
1391,6033,6033.T,"EXTREME CO.,LTD.",Services,0.8476631114215041,0.4697313046293299,0.8949090909090909,0.7330703484549639,0.9209422394320749,0.7123778501628665,1.0,0.2962245885769603,0.0,0.0,0.0,0.0,0.8307491197129654,0.1539166189034679,0.412166928842762,1.0,-0.0447279152403076,17171415.0,False,,False,False,True,reference,Use as candidate universe sensitivity reference.
1392,8132,8132.T,"SINANEN HOLDINGS CO.,LTD.",Wholesale Trade,0.8476570986901875,0.36516672062156036,0.17381818181818182,0.6867192636423406,0.707647628267183,0.8429967426710098,1.0,0.4985479186834463,0.0,0.0,0.0,0.0,0.6747313764007231,0.0385438618965106,0.3698246077746521,0.8333333333333334,-0.0688014775154607,69673283.33333333,False,,False,False,True,reference,Use as candidate universe sensitivity reference.
1393,1418,1418.T,"INTERLIFE HOLDINGS CO.,LTD.",Construction,0.8473576726017443,0.29135642602784073,0.72,0.7107166337935569,0.707647628267183,0.9690553745928339,1.0,0.4249757986447241,0.0,0.0,0.0,0.0,0.5763579669939914,0.1020608529427367,0.3928129909772653,0.8333333333333334,-0.1497706902012457,44587205.0,False,,False,False,True,reference,Use as candidate universe sensitivity reference.
1394,5621,5621.T,"Human Technologies,Inc.",Information & Communication,0.8473262576139186,0.1246358044674652,0.26545454545454544,0.9092702169625246,0.44062600838980315,0.8332247557003257,1.0,0.5246853823814134,0.0,0.0,0.0,0.0,0.3335228729254822,0.0504490921743455,0.7107044457178923,0.6666666666666666,-0.0660059672503771,80775021.66666667,False,,False,False,True,reference,Use as candidate universe sensitivity reference.
1395,2930,2930.T,Kitanotatsujin Corporation,Chemicals,0.8471379766127554,0.2262868242149563,0.20072727272727273,0.9556213017751479,0.21022910616327847,0.4394136807817589,1.0,0.4888673765730881,0.0,0.0,0.0,0.0,0.4764471632404501,0.0422850144257822,0.8939736664611593,0.5,-0.0129630163857986,65383940.0,False,,False,False,True,reference,Use as candidate universe sensitivity reference.
1396,6469,6469.T,"HODEN SEIMITSU KAKO KENKYUSHO CO.,LTD.",Machinery,0.8471000889513153,0.12787309808999675,0.11527272727272728,0.3257725180802104,0.9209422394320749,0.8664495114006514,1.0,0.7915456598902871,0.0,0.0,0.0,0.0,0.3397433793482063,0.0298891188276657,0.1907024489299494,1.0,-0.0768302442157748,473222303.3333333,False,,False,False,True,reference,Use as candidate universe sensitivity reference.
1397,4218,4218.T,"NICHIBAN CO.,LTD.",Chemicals,0.8469483709576633,0.6633214632567174,0.2901818181818182,0.41190006574621957,0.9209422394320749,0.5524429967426709,1.0,0.44240077444336884,0.0,0.0,0.0,0.0,1.1637020424322009,0.0527865399570398,0.2204340044080883,1.0,-0.0255230680762595,48725570.0,False,,False,False,True,reference,Use as candidate universe sensitivity reference.
1398,6157,6157.T,"NS TOOL CO.,LTD.",Machinery,0.8469149290245777,0.496924571058595,0.36218181818181816,0.48849441157133466,0.707647628267183,0.6547231270358307,1.0,0.48854469183607613,0.0,0.0,0.0,0.0,0.8735603011493871,0.0599912202377202,0.2498766166330105,0.8333333333333334,-0.0381052612881452,65216200.0,False,,False,False,True,reference,Use as candidate universe sensitivity reference.
1399,9336,9336.T,"Daiei Kankyo Co.,Ltd.",Services,0.8468980286457267,0.07024927160893493,0.16072727272727272,0.3224852071005917,0.707647628267183,0.7335504885993485,1.0,0.8309131978057438,0.0,0.0,0.0,0.0,0.242422940180111,0.0369724364571646,0.1889024093453395,0.8333333333333334,-0.0479786190142046,670212658.3333334,False,,False,False,True,reference,Use as candidate universe sensitivity reference.
1400,6239,6239.T,NAGAOKA INTERNATIONAL CORPORATION,Machinery,0.8468598775826391,0.4671414697313046,0.784,0.6834319526627219,0.21022910616327847,0.10325732899022799,1.0,0.39399806389157793,0.0,0.0,0.0,0.0,0.8265734614652733,0.112633007084742,0.3664106921487912,0.5,0.0501151722889362,36183610.0,False,,False,False,True,reference,Use as candidate universe sensitivity reference.
1401,7570,7570.T,"HASHIMOTO SOGYO HOLDINGS CO.,LTD.",Wholesale Trade,0.8468325921530051,0.7054062803496277,0.788,0.3629191321499014,0.21022910616327847,0.2931596091205212,1.0,0.3910939012584705,0.0,0.0,0.0,0.0,1.2692288708058117,0.1135028448379736,0.2040116959064327,0.5,0.005063566491033,35857365.0,False,,False,False,True,reference,Use as candidate universe sensitivity reference.
1402,4932,4932.T,"ALMADO,INC.",Chemicals,0.8467769873343295,0.26157332470055034,0.7698181818181818,0.9901380670611439,0.02032913843175218,0.010097719869706867,1.0,0.3856082607292675,0.0,0.0,0.0,0.0,0.5273378029735549,0.1099321640496523,1.254770335982108,0.1666666666666666,0.1963276353902647,34578188.333333336,False,,False,False,True,reference,Use as candidate universe sensitivity reference.
1403,3817,3817.T,"SRA Holdings,Inc.",Information & Communication,0.8467735220042669,0.267076723858854,0.356,0.4980276134122288,0.44062600838980315,0.7299674267100977,1.0,0.6163278476928041,0.0,0.0,0.0,0.0,0.5386978072091252,0.0595281600931666,0.2561615611879956,0.6666666666666666,-0.0473996983103354,145493183.33333334,False,,False,False,True,reference,Use as candidate universe sensitivity reference.
1404,1407,1407.T,West Holdings Corporation,Construction,0.8467330234755027,0.15312398834574295,0.29745454545454547,0.09829059829059829,0.07454017424975799,0.22866449511400655,1.0,0.9102936431106808,0.0,0.0,0.0,0.0,0.3794823548017302,0.0533486438477975,0.1096764638563138,0.3333333333333333,0.0163093975798253,1913371075.0,False,,False,False,True,reference,Use as candidate universe sensitivity reference.
1405,1376,1376.T,"KANEKO SEEDS CO.,LTD.","Fishery, Agriculture and Forestry",0.8466685809813054,0.8216251213985108,0.5323636363636364,0.3323471400394477,0.707647628267183,0.209771986970684,1.0,0.3736689254598258,0.0,0.0,0.0,0.0,1.6089242387170553,0.0772052037240224,0.1933589419263711,0.8333333333333334,0.0201503738469249,31808988.333333332,False,,False,False,True,reference,Use as candidate universe sensitivity reference.
1406,4326,4326.T,INTAGE HOLDINGS Inc.,Information & Communication,0.8466168649399292,0.2470055033991583,0.3,0.8264299802761341,0.707647628267183,0.8231270358306189,1.0,0.4762826718296225,0.0,0.0,0.0,0.0,0.508649159064037,0.0535050864529699,0.522315040209359,0.8333333333333334,-0.0634159183727542,60726300.0,False,,False,False,True,reference,Use as candidate universe sensitivity reference.
1407,2594,2594.T,KEY COFFEE INC,Foods,0.8466086133980631,0.43153123988345743,0.016,0.4697567389875082,0.07454017424975799,0.17133550488599347,1.0,0.6408518877057116,0.0,0.0,0.0,0.0,0.7674438928151339,0.0084643677755882,0.2427084714304653,0.3333333333333333,0.0289973662004244,166351081.66666666,False,,False,False,True,reference,Use as candidate universe sensitivity reference.
1408,8929,8929.T,"Aoyama Zaisan Networks Company,Limited",Real Estate,0.8466046316676156,0.1453544836516672,0.6072727272727273,0.6265614727153189,0.21022910616327847,0.06547231270358311,1.0,0.6308486608583413,0.0,0.0,0.0,0.0,0.3661243460565197,0.086466866563553,0.3235025496613136,0.5,0.0765564002465584,157376870.0,False,,False,False,True,reference,Use as candidate universe sensitivity reference.
1409,3180,3180.T,BEAUTY GARAGE Inc.,Wholesale Trade,0.8465326697911649,0.20880543865328585,0.37563636363636366,0.8238001314924391,0.21022910616327847,0.5364820846905538,1.0,0.5179090029041626,0.0,0.0,0.0,0.0,0.4510871946127324,0.0611275046776972,0.5200952946483611,0.5,-0.0237092250057617,77756131.66666667,False,,False,False,True,reference,Use as candidate universe sensitivity reference.
1410,4308,4308.T,J-Stream Inc.,Information & Communication,0.8465138983417211,0.7057300097118808,0.4712727272727273,0.6541748849441157,0.44062600838980315,0.9400651465798046,1.0,0.2671829622458858,0.0,0.0,0.0,0.0,1.270577623965328,0.0705770494666354,0.3443899591785224,0.6666666666666666,-0.1148318351626602,13307148.333333334,False,,False,False,True,reference,Use as candidate universe sensitivity reference.
1411,4301,4301.T,AMUSE INC.,Services,0.8464270686162253,0.6707672385885399,0.7403636363636363,0.21203155818540434,0.21022910616327847,0.10977198697068402,1.0,0.49532107131332687,0.0,0.0,0.0,0.0,1.1839090672921462,0.1056332659178768,0.1533834092141812,0.5,0.0480855150528205,67830205.0,False,,False,False,True,reference,Use as candidate universe sensitivity reference.
1412,3001,3001.T,"Katakura Industries Co.,Ltd.",Textiles and Apparels,0.8464186128261838,0.7083198446099062,0.5087272727272727,0.06607495069033531,0.707647628267183,0.4729641693811075,1.0,0.542110358180058,0.0,0.0,0.0,0.0,1.2794272237181554,0.0745769319265151,0.0954400224764617,0.8333333333333334,-0.0165330882978542,92550538.33333331,False,,False,False,True,reference,Use as candidate universe sensitivity reference.
1413,6184,6184.T,"Kamakura Shinsho,Ltd.",Services,0.8463426412993686,0.13111039171252833,0.19090909090909092,0.8510848126232742,0.44062600838980315,0.8723127035830619,1.0,0.5524362697644402,0.0,0.0,0.0,0.0,0.341904284288459,0.0412865600949969,0.5654601192988529,0.6666666666666666,-0.0784141649327855,99566193.33333331,False,,False,False,True,reference,Use as candidate universe sensitivity reference.
1414,8018,8018.T,"SANKYO SEIKO CO.,LTD.",Wholesale Trade,0.8462838637389576,0.8047911945613467,0.4818181818181818,0.1804733727810651,0.44062600838980315,0.21824104234527686,1.0,0.46498870603420456,0.0,0.0,0.0,0.0,1.555138319765938,0.071378715720235,0.1415149735760422,0.6666666666666666,0.0181185179755927,55793758.333333336,False,,False,False,True,reference,Use as candidate universe sensitivity reference.
1415,7490,7490.T,"NISSIN SHOJI CO.,LTD.",Wholesale Trade,0.8462576243674031,0.8203302039494982,0.20654545454545453,0.29980276134122286,0.707647628267183,0.3690553745928339,1.0,0.43336560180703454,0.0,0.0,0.0,0.0,1.6027682297862351,0.0429073239420833,0.1814449622832717,0.8333333333333334,-0.0045958808679066,46051723.333333336,False,,False,False,True,reference,Use as candidate universe sensitivity reference.
1416,8065,8065.T,SATO SHO-JI CORPORATION,Wholesale Trade,0.8462406464946363,0.5801230171576562,0.6221818181818182,0.15976331360946747,0.44062600838980315,0.19511400651465793,1.0,0.5766376250403356,0.0,0.0,0.0,0.0,1.0098703116827208,0.0887807803153448,0.1330524765839093,0.6666666666666666,0.022551473345484,115815198.33333331,False,,False,False,True,reference,Use as candidate universe sensitivity reference.
1417,7089,7089.T,"for Startups,Inc.",Services,0.846201182876936,0.235998705082551,0.4632727272727273,0.9434582511505588,0.21022910616327847,0.3355048859934854,1.0,0.44498225233946437,0.0,0.0,0.0,0.0,0.489736430827755,0.0698810153177286,0.8417902395597634,0.5,-0.0005555993864955,49235625.0,False,,False,False,True,reference,Use as candidate universe sensitivity reference.
1418,2922,2922.T,"NATORI CO.,LTD.",Foods,0.8461765976543238,0.6400129491744901,0.3370909090909091,0.48454963839579224,0.707647628267183,0.19055374592833874,1.0,0.4398192965472733,0.0,0.0,0.0,0.0,1.1116592040376003,0.057339140649858,0.2480228167997297,0.8333333333333334,0.0237604339435483,48021205.0,False,,False,False,True,reference,Use as candidate universe sensitivity reference.
1419,3199,3199.T,"Watahan & Co.,Ltd.",Retail Trade,0.8461720776393975,0.5289737779216575,0.5756363636363636,0.6554898093359632,0.21022910616327847,0.08534201954397391,1.0,0.40561471442400776,0.0,0.0,0.0,0.0,0.9213335039243368,0.0823412085908282,0.3453373908115367,0.5,0.0617563280290706,39417690.0,False,,False,False,True,reference,Use as candidate universe sensitivity reference.
1420,3548,3548.T,BAROQUE JAPAN LIMITED,Retail Trade,0.8461648204372461,0.2826157332470055,0.037454545454545456,0.9615384615384616,0.44062600838980315,0.44592833876221494,1.0,0.4707970313004195,0.0,0.0,0.0,0.0,0.5639404546376346,0.0140361922065538,0.9488847298499676,0.6666666666666666,-0.0135946221715383,58734773.333333336,False,,False,False,True,reference,Use as candidate universe sensitivity reference.
1421,2198,2198.T,IKK Holdings Inc.,Services,0.8461191124619543,0.25865976044027195,0.6258181818181818,0.8724523339907956,0.44062600838980315,0.2990228013029316,1.0,0.430784123910939,0.0,0.0,0.0,0.0,0.52345995606076,0.0891650171721303,0.6053184383094818,0.6666666666666666,0.0043047257738063,45254250.0,False,,False,False,True,reference,Use as candidate universe sensitivity reference.
1422,8040,8040.T,"TOKYO SOIR CO.,LTD.",Textiles and Apparels,0.8458804160488747,0.9540304305600518,0.4098181818181818,0.8717948717948718,0.707647628267183,0.44625407166123776,1.0,0.06163278476928041,0.0,0.0,0.0,0.0,2.894117140652886,0.065265954335299,0.605102824451032,0.8333333333333334,-0.0137046895002842,2658375.0,False,,False,False,True,reference,Use as candidate universe sensitivity reference.
1423,7561,7561.T,HURXLEY CORPORATION,Retail Trade,0.8458279704871963,0.8970540628034963,0.728,0.3454963839579224,0.07454017424975799,0.23583061889250811,1.0,0.30461439173927074,0.0,0.0,0.0,0.0,2.110540710113298,0.1030366967389672,0.197352472523731,0.3333333333333333,0.0149319789588245,18327211.666666668,False,,False,False,True,reference,Use as candidate universe sensitivity reference.
1424,9739,9739.T,NSW Inc.,Information & Communication,0.8458201151897101,0.5244415668501133,0.6694545454545454,0.4174884944115713,0.21022910616327847,0.3631921824104235,1.0,0.47886414972571795,0.0,0.0,0.0,0.0,0.9138309252389228,0.0944950824031438,0.2229103480455577,0.5,-0.0040969689002815,61556520.0,False,,False,False,True,reference,Use as candidate universe sensitivity reference.
1425,7463,7463.T,"ADVAN GROUP CO.,LTD.",Retail Trade,0.845756949530678,0.8374878601489155,0.9352727272727273,0.060486522024983565,0.21022910616327847,0.10065146579804563,1.0,0.43304291707002257,0.0,0.0,0.0,0.0,1.6848103250766142,0.1880544249257693,0.0915605348696088,0.5,0.0518494386229764,45974796.666666664,False,,False,False,True,reference,Use as candidate universe sensitivity reference.
1426,7638,7638.T,"NEW ART HOLDINGS Co.,Ltd.",Retail Trade,0.8456971355868353,0.24312075105212042,0.6607272727272727,0.8763971071663379,0.44062600838980315,0.2677524429967427,1.0,0.4314294933849629,0.0,0.0,0.0,0.0,0.5045611121920348,0.093837226721317,0.6141147671610062,0.6666666666666666,0.0091370716464161,45785936.666666664,False,,False,False,True,reference,Use as candidate universe sensitivity reference.
1427,9979,9979.T,DAISYO CORPORATION,Retail Trade,0.8456464492815116,0.2521851731952088,0.29963636363636365,0.9017094017094017,0.707647628267183,0.5990228013029316,1.0,0.4488544691836076,0.0,0.0,0.0,0.0,0.5146493508127314,0.053489605573572,0.6889543745554314,0.8333333333333334,-0.0309293067076942,50551938.333333336,False,,False,False,True,reference,Use as candidate universe sensitivity reference.
1428,6989,6989.T,"HOKURIKU ELECTRIC INDUSTRY CO.,LTD.",Electric Appliances,0.8456429947916965,0.6723858853998058,0.7930909090909091,0.3497698882314267,0.707647628267183,0.7166123778501629,1.0,0.36721523071958695,0.0,0.0,0.0,0.0,1.1876369184140765,0.1147217628230741,0.1986109503414747,0.8333333333333334,-0.0454974068835455,29394746.666666668,False,,False,False,True,reference,Use as candidate universe sensitivity reference.
1429,4040,4040.T,"NANKAI CHEMICAL COMPANY,LIMITED",Chemicals,0.8456117180383753,0.5509873745548721,0.8010909090909091,0.47633136094674555,0.21022910616327847,0.13355048859934848,1.0,0.4282026460148435,0.0,0.0,0.0,0.0,0.9549813730050364,0.1167076073288713,0.2452939344043433,0.5,0.0407217580565892,45006875.0,False,,False,False,True,reference,Use as candidate universe sensitivity reference.
1430,3837,3837.T,Ad-Sol Nissin Corporation,Information & Communication,0.8455982994296517,0.09550016186468113,0.2530909090909091,0.7583826429980276,0.707647628267183,0.2188925081433225,1.0,0.6318167150693772,0.0,0.0,0.0,0.0,0.2859172781698203,0.0488791526869403,0.4355230661128147,0.8333333333333334,0.0180780102270233,157799480.0,False,,False,False,True,reference,Use as candidate universe sensitivity reference.
1431,1447,1447.T,"SAAF Holdings Co.,Ltd.",Construction,0.845588014240966,0.1728714794431855,0.7221818181818181,0.7429322813938198,0.44062600838980315,0.1915309446254072,1.0,0.5237173281703775,0.0,0.0,0.0,0.0,0.4067731425543496,0.1022734287663039,0.4214161901808065,0.6666666666666666,0.0233786005986733,80032645.0,False,,False,False,True,reference,Use as candidate universe sensitivity reference.
1432,6279,6279.T,ZUIKO CORPORATION,Machinery,0.8453889403661373,0.8132081579799287,0.9629090909090909,0.024983563445101907,0.707647628267183,0.05667752442996743,1.0,0.4436915133914166,0.0,0.0,0.0,0.0,1.5807050141367427,0.2405311569792814,0.0611160474089267,0.8333333333333334,0.0838559484346273,48905468.333333336,False,,False,False,True,reference,Use as candidate universe sensitivity reference.
1433,9273,9273.T,"KOA SHOJI HOLDINGS CO.,LTD.",Wholesale Trade,0.8453790725542355,0.48688896082874716,0.7752727272727272,0.3892176199868508,0.44062600838980315,0.3628664495114007,1.0,0.4849951597289448,0.0,0.0,0.0,0.0,0.859272339175033,0.1111648477727771,0.2131370228204215,0.6666666666666666,-0.0040900618675256,63799366.666666664,False,,False,False,True,reference,Use as candidate universe sensitivity reference.
1434,4829,4829.T,"Nihon Enterprise Co.,Ltd.",Information & Communication,0.8452713630967611,0.6843638718031726,0.02109090909090909,0.5756081525312294,0.707647628267183,0.5156351791530944,1.0,0.40432397547596,0.0,0.0,0.0,0.0,1.2218664120057403,0.0094948894478671,0.2928264735717832,0.8333333333333334,-0.0207804435091413,38990518.333333336,False,,False,False,True,reference,Use as candidate universe sensitivity reference.
1435,5464,5464.T,MORY INDUSTRIES INC.,Iron and Steel,0.8452512850849044,0.7950793136937521,0.7901818181818182,0.23175542406311636,0.21022910616327847,0.3218241042345277,1.0,0.38915779283639884,0.0,0.0,0.0,0.0,1.5242296144122016,0.1139359716812115,0.1602453327289724,0.5,0.001352550826324,35322691.666666664,False,,False,False,True,reference,Use as candidate universe sensitivity reference.
1436,4258,4258.T,AMIYA Corporation,Information & Communication,0.8452091356283711,0.009388151505341535,0.08545454545454545,0.7310979618671927,0.707647628267183,0.8957654723127035,1.0,0.6769925782510487,0.0,0.0,0.0,0.0,0.09468565980054,0.0251345314866825,0.4095282938129283,0.8333333333333334,-0.0889466823633844,213212606.66666663,False,,False,False,True,reference,Use as candidate universe sensitivity reference.
1437,4477,4477.T,"BASE,Inc.",Information & Communication,0.8451904253762133,0.22984784719974102,0.34654545454545455,0.27120315581854043,0.707647628267183,0.5749185667752443,1.0,0.7334624072281382,0.0,0.0,0.0,0.0,0.4826960982772837,0.0584573421486676,0.1728110997699081,0.8333333333333334,-0.0278764374988,309433351.6666667,False,,False,False,True,reference,Use as candidate universe sensitivity reference.
1438,3377,3377.T,BIKE O & COMPANY Ltd.,Wholesale Trade,0.8451745127730782,0.7151181612172224,0.37236363636363634,0.9681130834976989,0.9209422394320749,0.357328990228013,1.0,0.154243304291707,0.0,0.0,0.0,0.0,1.3062441970331995,0.060918586842166,0.9950541988903092,1.0,-0.0034860218757479,5761561.666666667,False,,False,False,True,reference,Use as candidate universe sensitivity reference.
1439,3561,3561.T,"CHIKARANOMOTO HOLDINGS Co.,Ltd.",Retail Trade,0.8451366757277694,0.0712204596956944,0.184,0.9914529914529915,0.44062600838980315,0.8579804560260587,1.0,0.5191997418522104,0.0,0.0,0.0,0.0,0.244361629016193,0.0402936136191857,1.2941316856935905,0.6666666666666666,-0.0741072462437581,77903346.66666667,False,,False,False,True,reference,Use as candidate universe sensitivity reference.
1440,5892,5892.T,"yutori,Inc.",Retail Trade,0.8450293275063077,0.053091615409517644,0.19345454545454546,0.9276791584483892,0.02032913843175218,0.005863192182410382,1.0,0.6211681187479832,0.0,0.0,0.0,0.0,0.2061372607070955,0.0417128275388624,0.7786510400428175,0.1666666666666666,0.2271405099035081,148605755.0,False,,False,False,True,reference,Use as candidate universe sensitivity reference.
1441,9742,9742.T,INES Corporation,Information & Communication,0.8449187699005576,0.501133052767886,0.3930909090909091,0.26429980276134124,0.21022910616327847,0.18794788273615637,1.0,0.6143917392707325,0.0,0.0,0.0,0.0,0.879232167391734,0.0635554381052455,0.1712588361803021,0.5,0.0243805890926102,143800431.66666666,False,,False,False,True,reference,Use as candidate universe sensitivity reference.
1442,8089,8089.T,Nice Corporation,Wholesale Trade,0.8447705118111973,0.9472321139527355,0.8618181818181818,0.3606180144641683,0.21022910616327847,0.1110749185667752,1.0,0.24491771539206195,0.0,0.0,0.0,0.0,2.7790063454209575,0.135252396857143,0.2027748381929056,0.5,0.0477335299162015,11531653.333333334,False,,False,False,True,reference,Use as candidate universe sensitivity reference.
1443,6092,6092.T,"EnBio Holdings,Inc",Services,0.8447309441133763,0.7711233408870185,0.48254545454545456,0.13642340565417488,0.21022910616327847,0.20390879478827362,1.0,0.5030655050016134,0.0,0.0,0.0,0.0,1.457216079600447,0.0714656661882807,0.1251952101400002,0.5,0.0212696379510342,71669373.33333333,False,,False,False,True,reference,Use as candidate universe sensitivity reference.
1444,2892,2892.T,"NIHON SHOKUHIN KAKO CO.,LTD.",Foods,0.8446349479744721,0.7698284234380058,0.5392727272727272,0.3527284681130835,0.44062600838980315,0.7120521172638437,1.0,0.3585027428202646,0.0,0.0,0.0,0.0,1.4538654489060203,0.0781048599943531,0.2001556233913928,0.6666666666666666,-0.0447031528358951,27981833.333333332,False,,False,False,True,reference,Use as candidate universe sensitivity reference.
1445,5038,5038.T,"eWeLL Co.,Ltd.",Information & Communication,0.844587255031426,0.016833926837164132,0.1730909090909091,0.8790269559500329,0.44062600838980315,0.7420195439739414,1.0,0.6060019361084221,0.0,0.0,0.0,0.0,0.1192942963359472,0.0384648711899089,0.619723015125775,0.6666666666666666,-0.0495200616801308,136554948.33333334,False,,False,False,True,reference,Use as candidate universe sensitivity reference.
1446,5261,5261.T,"RESOL HOLDINGS Co.,Ltd.",Services,0.8445368576889133,0.19779864033667854,0.2872727272727273,0.7827087442472058,0.9209422394320749,0.7485342019543975,1.0,0.5130687318489835,0.0,0.0,0.0,0.0,0.4359643981896902,0.0526735305890145,0.4643637450840597,1.0,-0.0505984737992523,75703533.33333333,False,,False,False,True,reference,Use as candidate universe sensitivity reference.
1447,4531,4531.T,"Yuki Gosei Kogyo Co.,Ltd.",Chemicals,0.8444909591055131,0.8034962771123341,0.7443636363636363,0.13182117028270873,0.707647628267183,0.7368078175895765,1.0,0.39238464020651825,0.0,0.0,0.0,0.0,1.5519578826150495,0.1061005846805344,0.1230694801086673,0.8333333333333334,-0.0486719619055053,35993951.666666664,False,,False,False,True,reference,Use as candidate universe sensitivity reference.
1448,4058,4058.T,"Toyokumo,Inc.",Information & Communication,0.844324032547492,0.038847523470378766,0.26690909090909093,0.9095989480604865,0.707647628267183,0.9667752442996743,1.0,0.5404969344949984,0.0,0.0,0.0,0.0,0.1753118877865483,0.050695124235353,0.7116855307433466,0.8333333333333334,-0.1451656102133738,91046135.0,False,,False,False,True,reference,Use as candidate universe sensitivity reference.
1449,9450,9450.T,Fibergate Inc.,Information & Communication,0.8442970138291634,0.22078342505665263,0.6741818181818182,0.7695595003287311,0.707647628267183,0.9674267100977199,1.0,0.4304614391739271,0.0,0.0,0.0,0.0,0.4683167376920642,0.0950030416819183,0.4469696969696969,0.8333333333333334,-0.1456780333068993,45229605.0,False,,False,False,True,reference,Use as candidate universe sensitivity reference.
1450,4687,4687.T,TDC SOFT Inc.,Information & Communication,0.8442844942331025,0.21430883781158952,0.5174545454545455,0.6420118343195266,0.707647628267183,0.22410423452768735,1.0,0.5643756050338818,0.0,0.0,0.0,0.0,0.4594639035977033,0.0755565432739858,0.3360306554066291,0.8333333333333334,0.0175375452994943,107281473.33333331,False,,False,False,True,reference,Use as candidate universe sensitivity reference.
1451,7417,7417.T,NANYO CORPORATION,Wholesale Trade,0.8442311873807964,0.7516995791518291,0.7774545454545455,0.31821170282708744,0.9209422394320749,0.8433224755700326,1.0,0.31816715069377216,0.0,0.0,0.0,0.0,1.40136558524834,0.1112879656601378,0.1880536880172811,1.0,-0.0689286096542866,20295041.666666668,False,,False,False,True,reference,Use as candidate universe sensitivity reference.
1452,9037,9037.T,"HAMAKYOREX CO.,LTD.",Land Transportation,0.8440835815046879,0.4033667853674328,0.4701818181818182,0.11143984220907298,0.9209422394320749,0.567100977198697,1.0,0.6747337850919651,0.0,0.0,0.0,0.0,0.7284823114548711,0.0704775322517284,0.1142706621677558,1.0,-0.0270600436472841,211066765.0,False,,False,False,True,reference,Use as candidate universe sensitivity reference.
1453,7039,7039.T,BRIDGE International Group Corp.,Services,0.8440787761097438,0.4512787309809,0.6429090909090909,0.8228139381985535,0.44062600838980315,0.2798045602605863,1.0,0.3330106485963214,0.0,0.0,0.0,0.0,0.8005774403329964,0.0913534585918688,0.5187241680363007,0.6666666666666666,0.0074305272512244,23250123.333333332,False,,False,False,True,reference,Use as candidate universe sensitivity reference.
1454,3352,3352.T,"BUFFALO CO.,LTD.",Retail Trade,0.8438221194638559,0.8057623826481062,0.6127272727272727,0.9063116370808678,0.707647628267183,0.5765472312703583,1.0,0.07518554372378186,0.0,0.0,0.0,0.0,1.556795845925875,0.0875035750092283,0.6990297689468096,0.8333333333333334,-0.0280647401896692,3053288.3333333335,False,,False,False,True,reference,Use as candidate universe sensitivity reference.
1455,2790,2790.T,"NAFCO Co.,Ltd.",Retail Trade,0.8437831193140941,0.9598575590806087,0.004,0.5401051939513478,0.07454017424975799,0.3022801302931596,1.0,0.2936431106808648,0.0,0.0,0.0,0.0,3.034320794965162,0.0035499568816999,0.2758054130864362,0.3333333333333333,0.003899956497122,16798460.0,False,,False,False,True,reference,Use as candidate universe sensitivity reference.
1456,1921,1921.T,TOMOE CORPORATION,Construction,0.8436238951429756,0.6445451602460344,0.9574545454545454,0.021696252465483234,0.21022910616327847,0.04234527687296419,1.0,0.5469506292352372,0.0,0.0,0.0,0.0,1.1184829399703988,0.2276366681046917,0.0570331848488805,0.5,0.1023768355878599,95491888.33333331,False,,False,False,True,reference,Use as candidate universe sensitivity reference.
1457,5936,5936.T,"TOYO SHUTTER CO.,LTD.",Metal Products,0.8436223134542569,0.8348980252508903,0.8712727272727273,0.5943458251150558,0.21022910616327847,0.10684039087947883,1.0,0.19619232010325913,0.0,0.0,0.0,0.0,1.6768099819180762,0.1400011228774133,0.3043773366149709,0.5,0.0488268144864296,7619036.666666667,False,,False,False,True,reference,Use as candidate universe sensitivity reference.
1458,2440,2440.T,"Gurunavi,Inc.",Services,0.84356555312506,0.44771770799611527,0.1938181818181818,0.92077580539119,0.707647628267183,0.7840390879478827,1.0,0.32720232333010646,0.0,0.0,0.0,0.0,0.793348475676853,0.0417339538971803,0.7473932525449265,0.8333333333333334,-0.0558328370689548,22073506.666666668,False,,False,False,True,reference,Use as candidate universe sensitivity reference.
1459,5753,5753.T,"NIPPON SHINDO CO.,LTD.",Nonferrous Metals,0.8435234049399482,0.9184202007122046,0.9367272727272727,0.2406311637080868,0.44062600838980315,0.12801302931596092,1.0,0.287189415940626,0.0,0.0,0.0,0.0,2.3522603614264144,0.1904088494764517,0.1628019910161466,0.6666666666666666,0.0422947274693124,15932133.333333334,False,,False,False,True,reference,Use as candidate universe sensitivity reference.
1460,5132,5132.T,"pluszero,Inc.",Information & Communication,0.8434358471369856,0.01974749109744254,0.12181818181818181,0.8021038790269559,0.707647628267183,0.6788273615635179,1.0,0.6376250403355921,0.0,0.0,0.0,0.0,0.1266182562902981,0.0306185479201784,0.4877766405928987,0.8333333333333334,-0.0407958277467328,162455711.66666666,False,,False,False,True,reference,Use as candidate universe sensitivity reference.
1461,9385,9385.T,SHOEI CORPORATION,Chemicals,0.8433512567489896,0.4577533182259631,0.7887272727272727,0.7176199868507561,0.44062600838980315,0.6120521172638437,1.0,0.32655695385608263,0.0,0.0,0.0,0.0,0.8127284781821181,0.1136293994215029,0.3984845159354894,0.6666666666666666,-0.0327967661968887,21862105.0,False,,False,False,True,reference,Use as candidate universe sensitivity reference.
1462,6335,6335.T,"TOKYO KIKAI SEISAKUSHO,LTD.",Machinery,0.8433292865056745,0.8381353188734219,0.968,0.1482577251808021,0.21022910616327847,0.019218241042345263,1.0,0.38044530493707646,0.0,0.0,0.0,0.0,1.6860771205259664,0.250739195170249,0.1301057918296029,0.5,0.1513682597133868,33240550.0,False,,False,False,True,reference,Use as candidate universe sensitivity reference.
1463,7836,7836.T,"AVIX,Inc.",Other Products,0.8433046460840002,0.3463904176108773,0.42,0.7172912557527942,0.707647628267183,0.4364820846905537,1.0,0.45563084866085835,0.0,0.0,0.0,0.0,0.6510393771796318,0.0662810089063746,0.3984444679715408,0.8333333333333334,-0.012766548732851,53002296.666666664,False,,False,False,True,reference,Use as candidate universe sensitivity reference.
1464,5279,5279.T,"NIHON KOGYO CO.,LTD.",Glass and Ceramics Products,0.8432299812131903,0.9239235998705082,0.8145454545454546,0.3175542406311637,0.707647628267183,0.47785016286644955,1.0,0.23975475959987091,0.0,0.0,0.0,0.0,2.413911721256771,0.1200883769045406,0.1879837675337101,0.8333333333333334,-0.0170922377921687,10933590.0,False,,False,False,True,reference,Use as candidate universe sensitivity reference.
1465,2705,2705.T,"OOTOYA Holdings Co.,Ltd.",Retail Trade,0.8432137582492217,0.008416963418582066,0.07454545454545454,0.9953977646285339,0.44062600838980315,0.8602605863192182,1.0,0.5614714424007744,0.0,0.0,0.0,0.0,0.0894176812657958,0.0230049935835404,1.5388243220481723,0.6666666666666666,-0.07499009813845,105290916.66666669,False,,False,False,True,reference,Use as candidate universe sensitivity reference.
1466,1914,1914.T,"JAPAN FOUNDATION ENGINEERING CO.,LTD.",Construction,0.8431735692143807,0.8436387180317255,0.7538181818181818,0.2255095332018409,0.44062600838980315,0.16482084690553744,1.0,0.3633430138754437,0.0,0.0,0.0,0.0,1.7112658243098713,0.107343800286909,0.1587858776988366,0.6666666666666666,0.0306456451195767,28611308.333333332,False,,False,False,True,reference,Use as candidate universe sensitivity reference.
1467,8123,8123.T,"T.KAWABE & CO.,LTD.",Wholesale Trade,0.8431246481649652,0.9572677241825833,0.916,0.7468770545693623,0.44062600838980315,0.3146579804560261,1.0,0.02968699580509842,0.0,0.0,0.0,0.0,2.9535256580547045,0.1716041735293793,0.4238399317829757,0.6666666666666666,0.0021558009341432,1760510.0,False,,False,False,True,reference,Use as candidate universe sensitivity reference.
1468,4743,4743.T,ITFOR Inc.,Information & Communication,0.8430507637146744,0.19391388798964065,0.41854545454545455,0.6334648257725181,0.44062600838980315,0.24592833876221498,1.0,0.5969667634720878,0.0,0.0,0.0,0.0,0.4321973876069681,0.0661378033133865,0.3285847215615389,0.6666666666666666,0.0127194328554711,129480861.66666669,False,,False,False,True,reference,Use as candidate universe sensitivity reference.
1469,6099,6099.T,ELAN Corporation,Services,0.843038476079869,0.13758497895759145,0.44327272727272726,0.772189349112426,0.21022910616327847,0.8136807817589576,1.0,0.5337205550177476,0.0,0.0,0.0,0.0,0.3542017754717547,0.0682702385705127,0.4515693742886602,0.5,-0.0615662814971123,87544926.66666667,False,,False,False,True,reference,Use as candidate universe sensitivity reference.
1470,4109,4109.T,STELLA CHEMIFA CORPORATION,Chemicals,0.8429375877422931,0.2654580770475882,0.14254545454545456,0.16666666666666666,0.707647628267183,0.8465798045602606,1.0,0.7670216198773798,0.0,0.0,0.0,0.0,0.535267797753258,0.0344059937567216,0.1351081585234152,0.8333333333333334,-0.0703405428364411,394872275.0,False,,False,False,True,reference,Use as candidate universe sensitivity reference.
1471,2130,2130.T,"Members Co.,Ltd.",Services,0.842814529321518,0.18420200712204596,0.11345454545454546,0.76232741617357,0.707647628267183,0.5843648208469056,1.0,0.5676024524040013,0.0,0.0,0.0,0.0,0.4198360596305691,0.0298389574321558,0.438756183604107,0.8333333333333334,-0.029167180219973,108817055.0,False,,False,False,True,reference,Use as candidate universe sensitivity reference.
1472,4418,4418.T,Japan Data Science Consortium Co.Ltd.,Information & Communication,0.8427035498927568,0.18711557138232437,0.20945454545454545,0.5759368836291914,0.9209422394320749,0.8042345276872964,1.0,0.611810261374637,0.0,0.0,0.0,0.0,0.4233023192348551,0.0433609391576397,0.2928834550006898,1.0,-0.0603721125974519,142050280.0,False,,False,False,True,reference,Use as candidate universe sensitivity reference.
1473,6391,6391.T,KAJI TECHNOLOGY CORPORATION,Machinery,0.8426763629921854,0.6270637746843639,0.5650909090909091,0.2804076265614727,0.44062600838980315,0.3081433224755701,1.0,0.48112294288480156,0.0,0.0,0.0,0.0,1.0914106577295732,0.0808139593319068,0.176062633144093,0.6666666666666666,0.0031416451123772,62468125.0,False,,False,False,True,reference,Use as candidate universe sensitivity reference.
1474,7228,7228.T,DAYTONA CORPORATION,Transportation Equipment,0.8425891711388711,0.623179022337326,0.8563636363636363,0.7912557527942143,0.21022910616327847,0.1745928338762215,1.0,0.2197483059051307,0.0,0.0,0.0,0.0,1.0856464632208136,0.1332681773090887,0.4732560051530458,0.5,0.0283667469718584,9114800.0,False,,False,False,True,reference,Use as candidate universe sensitivity reference.
1475,1948,1948.T,"The Kodensha,Co.,Ltd.",Construction,0.8425866364569488,0.05988993201683393,0.10181818181818182,0.4750164365548981,0.707647628267183,0.10195439739413681,1.0,0.7960632462084544,0.0,0.0,0.0,0.0,0.2189493914178073,0.0278657412003406,0.2446741573033707,0.8333333333333334,0.0508518366540524,492083900.0,False,,False,False,True,reference,Use as candidate universe sensitivity reference.
1476,6360,6360.T,"TOKYO AUTOMATIC MACHINERY WORKS,LTD.",Machinery,0.8425818877149129,0.8187115571382324,0.9501818181818181,0.45134779750164367,0.707647628267183,0.24527687296416933,1.0,0.2265246853823814,0.0,0.0,0.0,0.0,1.5940691227543118,0.2064166706140438,0.2349657049833917,0.8333333333333334,0.0128414624955854,9422941.666666666,False,,False,False,True,reference,Use as candidate universe sensitivity reference.
1477,3694,3694.T,OPTiM CORPORATION,Information & Communication,0.8425260823147753,0.13985108449336356,0.2596363636363636,0.7892833662064431,0.44062600838980315,0.9003257328990228,1.0,0.5417876734430461,0.0,0.0,0.0,0.0,0.358743759492707,0.0496273473372558,0.4707565922813019,0.6666666666666666,-0.0902925635366931,92127955.0,False,,False,False,True,reference,Use as candidate universe sensitivity reference.
1478,7841,7841.T,"ENDO MANUFACTURING CO.,LTD.",Other Products,0.8423690037223723,0.927484622855293,0.6981818181818182,0.09171597633136094,0.21022910616327847,0.5013029315960912,1.0,0.3675379154565989,0.0,0.0,0.0,0.0,2.4494387692903588,0.0982850158005899,0.1071533509333519,0.5,-0.0191974991779845,29402410.0,False,,False,False,True,reference,Use as candidate universe sensitivity reference.
1479,9767,9767.T,"NIKKEN KOGAKU CO.,LTD.",Services,0.842341494106606,0.853026869537067,0.7763636363636364,0.5052596975673899,0.44062600838980315,0.17426710097719866,1.0,0.2245885769603098,0.0,0.0,0.0,0.0,1.7651152256444962,0.1112469739770081,0.2603323436559455,0.6666666666666666,0.0284143281768321,9338556.666666666,False,,False,False,True,reference,Use as candidate universe sensitivity reference.
1480,9908,9908.T,"NIHON DENKEI CO.,LTD",Wholesale Trade,0.8423178689351929,0.6235027516995791,0.8243636363636364,0.43326758711374097,0.21022910616327847,0.11726384364820852,1.0,0.3868989996773153,0.0,0.0,0.0,0.0,1.0859442602410985,0.1219933589289406,0.2283656205073966,0.5,0.0456078462950615,34894515.0,False,,False,False,True,reference,Use as candidate universe sensitivity reference.
1481,5125,5125.T,Fines inc.,Information & Communication,0.8422958229314059,0.602460343153124,0.7781818181818182,0.9286653517422748,0.44062600838980315,0.4755700325732899,1.0,0.15650209745079058,0.0,0.0,0.0,0.0,1.0440449456208507,0.1114683371925069,0.782005978893083,0.6666666666666666,-0.0169065419699847,5834066.666666667,False,,False,False,True,reference,Use as candidate universe sensitivity reference.
1482,2424,2424.T,Brass Corporation,Services,0.8422289260586717,0.7384266752994496,0.8505454545454545,0.9342537804076265,0.9209422394320749,0.9602605863192183,1.0,0.020651823168764117,0.0,0.0,0.0,0.0,1.3662059138397342,0.1305437855722699,0.8031781420493038,1.0,-0.1346561520003304,1449185.0,False,,False,False,True,reference,Use as candidate universe sensitivity reference.
1483,7826,7826.T,"FURUYA METAL CO.,LTD.",Other Products,0.8421899667043328,0.08999676270637746,0.09927272727272728,0.11209730440499671,0.21022910616327847,0.11335504885993486,1.0,0.9535333978702807,0.0,0.0,0.0,0.0,0.2748981622331047,0.0275323832970536,0.1145449848220629,0.5,0.0468922374622228,4455900400.0,False,,False,False,True,reference,Use as candidate universe sensitivity reference.
1484,7819,7819.T,SHOBIDO Corporation,Other Products,0.8421342184060554,0.38070573000971186,0.6436363636363637,0.7557527942143327,0.44062600838980315,0.28208469055374596,1.0,0.3920619554695063,0.0,0.0,0.0,0.0,0.696436940551025,0.0914408389488326,0.4328193594402686,0.6666666666666666,0.0069272322335325,35987888.333333336,False,,False,False,True,reference,Use as candidate universe sensitivity reference.
1485,2325,2325.T,"NJS Co.,Ltd.",Services,0.842030653139854,0.30916154095176435,0.2290909090909091,0.5552268244575936,0.07454017424975799,0.3071661237785016,1.0,0.6021297192642788,0.0,0.0,0.0,0.0,0.5982188558678092,0.0457384837417043,0.2836268075289589,0.3333333333333333,0.0032635113416671,133162350.0,False,,False,False,True,reference,Use as candidate universe sensitivity reference.
1486,2749,2749.T,"JP-HOLDINGS,INC.",Services,0.8419143588142155,0.1528002589834898,0.5207272727272727,0.44017094017094016,0.9209422394320749,0.3905537459283388,1.0,0.6592449177153921,0.0,0.0,0.0,0.0,0.3790979907552793,0.0760139983497483,0.2308818290449929,1.0,-0.0076488051660919,187521540.0,False,,False,False,True,reference,Use as candidate universe sensitivity reference.
1487,7746,7746.T,"OKAMOTO GLASS CO.,LTD.",Precision Instruments,0.8418607916475565,0.010359339592101004,0.026545454545454546,0.299474030243261,0.44062600838980315,0.504885993485342,1.0,0.8941594062600839,0.0,0.0,0.0,0.0,0.0974660602049721,0.0111906931655504,0.181403264253474,0.6666666666666666,-0.0195636785172765,1525234536.6666667,False,,False,False,True,reference,Use as candidate universe sensitivity reference.
1488,4390,4390.T,"IPS,Inc.",Information & Communication,0.8418559866953144,0.1654257041113629,0.40763636363636363,0.3435239973701512,0.21022910616327847,0.06970684039087949,1.0,0.755727654081962,0.0,0.0,0.0,0.0,0.3976184734202227,0.0651137677376744,0.1968784944445766,0.5,0.0723133933298041,370538121.6666667,False,,False,False,True,reference,Use as candidate universe sensitivity reference.
1489,4885,4885.T,MUROMACHI CHEMICALS INC.,Pharmaceutical,0.8418260841959754,0.3175785043703464,0.36363636363636365,0.6903353057199211,0.44062600838980315,0.29381107491856673,1.0,0.5027428202646015,0.0,0.0,0.0,0.0,0.6105624080899473,0.0600847572180052,0.3723600428068824,0.6666666666666666,0.0049043761909932,71591108.33333333,False,,False,False,True,reference,Use as candidate universe sensitivity reference.
1490,6678,6678.T,"Techno Medica Co.,Ltd.",Electric Appliances,0.8416869470558874,0.673033344124312,0.5003636363636363,0.5374753451676528,0.21022910616327847,0.3208469055374593,1.0,0.35301710229106165,0.0,0.0,0.0,0.0,1.189878289869373,0.0734906442580834,0.2747347649634994,0.5,0.00152932397299,27208198.333333332,False,,False,False,True,reference,Use as candidate universe sensitivity reference.
1491,3267,3267.T,"Phil Company,Inc.",Construction,0.8416310312429353,0.5432178698607963,0.8389090909090909,0.42044707429322814,0.07454017424975799,0.042019543973941365,1.0,0.4401419812842853,0.0,0.0,0.0,0.0,0.9417440331815794,0.1263288092764425,0.2237420541815633,0.3333333333333333,0.1026681256008597,48044646.666666664,False,,False,False,True,reference,Use as candidate universe sensitivity reference.
1492,3524,3524.T,"NITTO SEIMO CO.,LTD.",Textiles and Apparels,0.8415199389560236,0.8857235351246358,0.8770909090909091,0.17389875082182774,0.707647628267183,0.4609120521172638,1.0,0.3065505001613424,0.0,0.0,0.0,0.0,1.9965269744565264,0.1431954941175462,0.1384494182174195,0.8333333333333334,-0.0153844941013632,18701143.333333332,False,,False,False,True,reference,Use as candidate universe sensitivity reference.
1493,4925,4925.T,"HABA LABORATORIES,INC.",Chemicals,0.8414830927587332,0.7449012625445128,0.6272727272727273,0.8888888888888888,0.707647628267183,0.8889250814332248,1.0,0.08292997741206841,0.0,0.0,0.0,0.0,1.384594625090588,0.089425327735778,0.655566518744623,0.8333333333333334,-0.084312615999018,3281358.3333333335,False,,False,False,True,reference,Use as candidate universe sensitivity reference.
1494,3776,3776.T,"BroadBand Tower,Inc.",Information & Communication,0.8414575772082996,0.4124312075105212,0.05309090909090909,0.26232741617357,0.707647628267183,0.7677524429967426,1.0,0.6550500161342369,0.0,0.0,0.0,0.0,0.7382879242429025,0.0183637850850889,0.1707611505290864,0.8333333333333334,-0.0533347065570715,184025450.0,False,,False,False,True,reference,Use as candidate universe sensitivity reference.
1495,7219,7219.T,"HKS CO.,LTD.",Transportation Equipment,0.8414329686427443,0.9705406280349628,0.7625454545454545,0.5355029585798816,0.9209422394320749,0.7302931596091204,1.0,0.09422394320748628,0.0,0.0,0.0,0.0,3.2032712634379092,0.1087041712593777,0.2733263420955034,1.0,-0.0474101865905048,3596375.0,False,,False,False,True,reference,Use as candidate universe sensitivity reference.
1496,6875,6875.T,MegaChips Corporation,Electric Appliances,0.841415703711452,0.28002589834898023,0.10763636363636364,0.01775147928994083,0.02032913843175218,0.07166123778501632,1.0,0.8922232978380122,0.0,0.0,0.0,0.0,0.5595098912312221,0.0286416552620084,0.0521959805823462,0.1666666666666666,0.0707242882600396,1504206333.3333333,False,,False,False,True,reference,Use as candidate universe sensitivity reference.
1497,6832,6832.T,"AOI ELECTRONICS CO.,LTD.",Electric Appliances,0.8413916605145665,0.7290385237941082,0.006545454545454545,0.07856673241288625,0.707647628267183,0.5482084690553746,1.0,0.5814778960955147,0.0,0.0,0.0,0.0,1.340359737685818,0.0055607885591393,0.1009842117267109,0.8333333333333334,-0.0250185737495475,118932336.66666669,False,,False,False,True,reference,Use as candidate universe sensitivity reference.
1498,3392,3392.T,"DELICA FOODS HOLDINGS CO.,LTD.",Wholesale Trade,0.8413486004702776,0.3784396244739398,0.1930909090909091,0.7938856015779092,0.707647628267183,0.9254071661237785,1.0,0.40238786705388835,0.0,0.0,0.0,0.0,0.6931861607326808,0.0416051891817803,0.476412586073743,0.8333333333333334,-0.1032356621944925,38285641.666666664,False,,False,False,True,reference,Use as candidate universe sensitivity reference.
1499,5660,5660.T,"KOBELCO WIRE COMPANY,LTD.",Iron and Steel,0.8413414865159656,0.9054710262220783,0.6767272727272727,0.16009204470742933,0.9209422394320749,0.34723127035830614,1.0,0.3362374959664408,0.0,0.0,0.0,0.0,2.2163062564487954,0.0953984126703877,0.1330958916540006,1.0,-0.0022686129379683,23625010.0,False,,False,False,True,reference,Use as candidate universe sensitivity reference.
1500,6393,6393.T,"YUKEN KOGYO CO.,LTD.",Machinery,0.841316845954104,0.9346066688248624,0.8701818181818182,0.252465483234714,0.707647628267183,0.42605863192182414,1.0,0.24653113907712165,0.0,0.0,0.0,0.0,2.5444264079215975,0.1396767986707646,0.1674551551461433,0.8333333333333334,-0.0111667069762212,11575643.333333334,False,,False,False,True,reference,Use as candidate universe sensitivity reference.
