rank,code,ticker,company_name,sector,final_exploratory_weighted_score,bm_raw,ep_raw,gross_profitability,gross_profitability_definition_status,gross_profitability_source,gross_profitability_proxy_flag,gross_profitability_proxy_note,piotroski_available_ratio,sloan_accruals,avg_daily_value_60d,distress_exclusion_flag,distress_review_flag,anomaly_flags,anomaly_flag_bool,anomaly_penalty,gp_missing_review_flag,normalization_top1200_count,normalization_core_flag,normalization_robust_flag,normalization_fragile_flag,sector_adjusted_candidate_flag,outlier_sensitive_flag,phase2_review_required,phase2_review_reasons,phase3_review_required,phase3_review_reasons,phase1_top5_flag,top100_flag,top300_flag,top1200_flag,top2000_reference_flag,phase3_priority_flag,phase3_handoff_note
1,7261,7261.T,Mazda Motor Corporation,Transportation Equipment,1.0,2.5609190009374183,0.1628279785698918,0.2279626242047051,original_gross_profit_over_total_assets,direct_xbrl_gross_profit_panel_confirmed,False,Gross Profit / Total Assets was confirmed from direct XBRL gross profit in the point-in-time panel.,0.5,-0.0415734057274953,8166730167.29655,False,False,none,False,0.0,False,4,True,True,False,False,False,False,none,True,top300_priority_due_diligence,False,True,True,True,True,high,Top100 and normalization core. Prioritize Phase3 moat review.
2,7211,7211.T,MITSUBISHI MOTORS CORPORATION,Transportation Equipment,0.9931305702633936,2.08613505000056,0.1085296350500257,0.2371500267107117,original_gross_profit_over_total_assets,direct_xbrl_gross_profit_panel_confirmed,False,Gross Profit / Total Assets was confirmed from direct XBRL gross profit in the point-in-time panel.,0.8333333333333334,-0.0523004660404182,5211658271.408691,False,False,none,False,0.0,False,4,True,True,False,False,False,False,none,True,top300_priority_due_diligence,False,True,True,True,True,high,Top100 and normalization core. Prioritize Phase3 moat review.
3,9533,9533.T,"TOHO GAS CO.,LTD.",Electric Power and Gas,0.9905049928140924,3.7970202710801617,0.2155456004765327,0.2277964850777249,original_gross_profit_over_total_assets,direct_xbrl_gross_profit_panel_confirmed,False,Gross Profit / Total Assets was confirmed from direct XBRL gross profit in the point-in-time panel.,0.6666666666666666,-0.0772013990593917,1168177015.8333333,False,False,none,False,0.0,False,4,True,True,False,False,False,False,none,True,top300_priority_due_diligence,False,True,True,True,True,high,Top100 and normalization core. Prioritize Phase3 moat review.
4,9507,9507.T,"Shikoku Electric Power Company,Incorporated",Electric Power and Gas,0.9898966402528044,1.5210845189509965,0.236369625854869,0.3592865040089916,gross_profit_over_total_assets_derived_from_revenue_minus_cost,derived_revenue_minus_cost_of_sales_panel_confirmed,True,Gross profit was reconstructed as revenue minus cost of sales in the point-in-time panel.,1.0,-0.0284462935638381,1122384626.6666667,False,False,none,False,0.0,False,4,True,True,False,False,False,False,none,True,top300_priority_due_diligence,False,True,True,True,True,high,Top100 and normalization core. Prioritize Phase3 moat review.
5,7419,7419.T,"Nojima Co.,Ltd.",Retail Trade,0.9898935704779284,1.4375356459111268,0.2251948479761692,0.394318782962761,original_gross_profit_over_total_assets,direct_xbrl_gross_profit_panel_confirmed,False,Gross Profit / Total Assets was confirmed from direct XBRL gross profit in the point-in-time panel.,0.8333333333333334,-0.0195499046929336,1256600990.0,False,False,none,False,0.0,False,4,True,True,False,False,False,False,none,True,top300_priority_due_diligence,False,True,True,True,True,high,Top100 and normalization core. Prioritize Phase3 moat review.
6,8012,8012.T,"NAGASE & CO.,LTD.",Wholesale Trade,0.9858411683359852,3.2318551329825733,0.2088792088339837,0.2243303474756324,original_gross_profit_over_total_assets,direct_xbrl_gross_profit_panel_confirmed,False,Gross Profit / Total Assets was confirmed from direct XBRL gross profit in the point-in-time panel.,0.8333333333333334,-0.0125599898530377,1227580922.5,False,False,none,False,0.0,False,4,True,True,False,False,False,False,none,True,top300_priority_due_diligence,False,True,True,True,True,high,Top100 and normalization core. Prioritize Phase3 moat review.
7,2695,2695.T,"Kura Sushi,Inc.",Retail Trade,0.9828227566197852,1.3266371658947702,0.0561211599892185,0.8835641033443901,original_gross_profit_over_total_assets,direct_xbrl_gross_profit_panel_confirmed,False,Gross Profit / Total Assets was confirmed from direct XBRL gross profit in the point-in-time panel.,0.6666666666666666,-0.0719613640590827,922079620.0,False,False,none,False,0.0,False,4,True,True,False,False,False,False,none,True,top300_priority_due_diligence,False,True,True,True,True,high,Top100 and normalization core. Prioritize Phase3 moat review.
8,4022,4022.T,"Rasa Industries,Ltd.",Chemicals,0.9826186177217648,1.7852927535571048,0.2005148190762024,0.2101531480431083,original_gross_profit_over_total_assets,direct_xbrl_gross_profit_panel_confirmed,False,Gross Profit / Total Assets was confirmed from direct XBRL gross profit in the point-in-time panel.,1.0,-0.0423021040139306,2427613683.3333335,False,False,none,False,0.0,False,4,True,True,False,False,False,False,none,True,top300_priority_due_diligence,False,True,True,True,True,high,Top100 and normalization core. Prioritize Phase3 moat review.
9,1333,1333.T,Umios Corporation,"Fishery, Agriculture and Forestry",0.9818830469903836,4.33046990092831,0.4689838080262125,0.2137340706477141,original_gross_profit_over_total_assets,direct_xbrl_gross_profit_panel_confirmed,False,Gross Profit / Total Assets was confirmed from direct XBRL gross profit in the point-in-time panel.,1.0,-0.0138269283642717,835708894.1666666,False,False,none,False,0.0,False,4,True,True,False,False,False,False,none,True,top300_priority_due_diligence,False,True,True,True,True,high,Top100 and normalization core. Prioritize Phase3 moat review.
10,1515,1515.T,"Nittetsu Mining Co.,Ltd.",Mining,0.980881397611317,3.9995725898048793,0.2524422441216311,0.1425228683606809,original_gross_profit_over_total_assets,direct_xbrl_gross_profit_panel_confirmed,False,Gross Profit / Total Assets was confirmed from direct XBRL gross profit in the point-in-time panel.,0.8333333333333334,-0.0345753965888674,2948757588.3333335,False,False,none,False,0.0,False,4,True,True,False,False,False,False,none,True,top300_priority_due_diligence,False,True,True,True,True,high,Top100 and normalization core. Prioritize Phase3 moat review.
11,8111,8111.T,Goldwin Inc.,Textiles and Apparels,0.9776799340054664,1.1742490396118532,0.2530470045879811,0.4568290726883487,original_gross_profit_over_total_assets,direct_xbrl_gross_profit_panel_confirmed,False,Gross Profit / Total Assets was confirmed from direct XBRL gross profit in the point-in-time panel.,0.5,0.0001027911215881,1059624842.5,False,False,none,False,0.0,False,4,True,True,False,False,False,False,none,True,top300_priority_due_diligence,False,True,True,True,True,high,Top100 and normalization core. Prioritize Phase3 moat review.
12,9684,9684.T,"SQUARE ENIX HOLDINGS CO.,LTD.",Information & Communication,0.9776603468283108,1.1419701429032374,0.0812038123146788,0.3908712995001922,original_gross_profit_over_total_assets,direct_xbrl_gross_profit_panel_confirmed,False,Gross Profit / Total Assets was confirmed from direct XBRL gross profit in the point-in-time panel.,0.6666666666666666,-0.0443535710658302,3615485590.8333335,False,False,none,False,0.0,False,4,True,True,False,False,False,False,none,True,top300_priority_due_diligence,False,True,True,True,True,high,Top100 and normalization core. Prioritize Phase3 moat review.
13,6745,6745.T,HOCHIKI CORPORATION,Electric Appliances,0.9767186795769388,1.2254997659566285,0.1588247366139235,0.4143996430762366,original_gross_profit_over_total_assets,direct_xbrl_gross_profit_panel_confirmed,False,Gross Profit / Total Assets was confirmed from direct XBRL gross profit in the point-in-time panel.,1.0,-0.047870637207813,705398966.8503824,False,False,none,False,0.0,False,4,True,True,False,False,False,False,none,True,top300_priority_due_diligence,False,True,True,True,True,high,Top100 and normalization core. Prioritize Phase3 moat review.
14,9831,9831.T,"YAMADA HOLDINGS CO.,LTD.",Retail Trade,0.97563391443188,1.5315686074520405,0.0651268234781706,0.3451825687934912,original_gross_profit_over_total_assets,direct_xbrl_gross_profit_panel_confirmed,False,Gross Profit / Total Assets was confirmed from direct XBRL gross profit in the point-in-time panel.,0.6666666666666666,-0.0184600152870686,2204535293.9248657,False,False,none,False,0.0,False,4,True,True,False,False,False,False,none,True,top300_priority_due_diligence,False,True,True,True,True,high,Top100 and normalization core. Prioritize Phase3 moat review.
15,8273,8273.T,"IZUMI CO.,LTD.",Retail Trade,0.973295317931272,1.6419362978602792,0.0911828402044191,0.333054301827232,original_gross_profit_over_total_assets,direct_xbrl_gross_profit_panel_confirmed,False,Gross Profit / Total Assets was confirmed from direct XBRL gross profit in the point-in-time panel.,0.8333333333333334,-0.0726251207189295,647097245.0,False,False,none,False,0.0,False,4,True,True,False,False,False,False,none,True,top300_priority_due_diligence,False,True,True,True,True,high,Top100 and normalization core. Prioritize Phase3 moat review.
16,5021,5021.T,"COSMO ENERGY HOLDINGS COMPANY,LIMITED",Oil and Coal Products,0.9721323301961704,2.317108126436069,0.2652364451583565,0.1422708377287449,original_gross_profit_over_total_assets,direct_xbrl_gross_profit_panel_confirmed,False,Gross Profit / Total Assets was confirmed from direct XBRL gross profit in the point-in-time panel.,0.6666666666666666,-0.0256991626735388,3314935555.0,False,False,none,False,0.0,False,4,True,True,False,False,False,False,none,True,top300_priority_due_diligence,False,True,True,True,True,high,Top100 and normalization core. Prioritize Phase3 moat review.
17,1909,1909.T,"Nippon Dry-Chemical CO.,LTD.",Machinery,0.9706087518853452,1.2144395139194808,0.1672963333050793,0.2908272956083912,original_gross_profit_over_total_assets,direct_xbrl_gross_profit_panel_confirmed,False,Gross Profit / Total Assets was confirmed from direct XBRL gross profit in the point-in-time panel.,1.0,-0.0902868256360876,1098486153.3333333,False,False,none,False,0.0,False,4,True,True,False,False,False,False,none,True,top300_priority_due_diligence,False,True,True,True,True,high,Top100 and normalization core. Prioritize Phase3 moat review.
18,6454,6454.T,"MAX CO.,LTD.",Machinery,0.9700994129050016,1.4066745456714502,0.148993358945584,0.3522963462294661,original_gross_profit_over_total_assets,direct_xbrl_gross_profit_panel_confirmed,False,Gross Profit / Total Assets was confirmed from direct XBRL gross profit in the point-in-time panel.,1.0,-0.0272563411386444,539091076.6666666,False,False,none,False,0.0,False,4,True,True,False,False,False,False,none,True,top300_priority_due_diligence,False,True,True,True,True,high,Top100 and normalization core. Prioritize Phase3 moat review.
19,8060,8060.T,Canon Marketing Japan Inc.,Wholesale Trade,0.9691231173106468,1.075431531498073,0.1079657226303506,0.3856927214550711,original_gross_profit_over_total_assets,direct_xbrl_gross_profit_panel_confirmed,False,Gross Profit / Total Assets was confirmed from direct XBRL gross profit in the point-in-time panel.,0.6666666666666666,-0.0080219133401957,1918739823.3333333,False,False,none,False,0.0,False,4,True,True,False,False,False,False,none,True,top300_priority_due_diligence,False,True,True,True,True,high,Top100 and normalization core. Prioritize Phase3 moat review.
20,1911,1911.T,"Sumitomo Forestry Co.,Ltd.",Construction,0.967053585110056,1.4410784809889408,0.1753426707695453,0.2039807436299393,original_gross_profit_over_total_assets,direct_xbrl_gross_profit_panel_confirmed,False,Gross Profit / Total Assets was confirmed from direct XBRL gross profit in the point-in-time panel.,0.3333333333333333,0.0180598200763061,5753079290.0,False,False,none,False,0.0,False,4,True,True,False,False,False,False,none,True,top300_priority_due_diligence,False,True,True,True,True,high,Top100 and normalization core. Prioritize Phase3 moat review.
21,3028,3028.T,"Alpen Co.,Ltd.",Retail Trade,0.9657243682170388,1.5595882417716584,0.0726740158227618,0.5223581973581973,original_gross_profit_over_total_assets,direct_xbrl_gross_profit_panel_confirmed,False,Gross Profit / Total Assets was confirmed from direct XBRL gross profit in the point-in-time panel.,1.0,-0.016846328138027,375134426.6666667,False,False,none,False,0.0,False,4,True,True,False,False,False,False,none,True,top300_priority_due_diligence,False,True,True,True,True,high,Top100 and normalization core. Prioritize Phase3 moat review.
22,2602,2602.T,"The Nisshin OilliO Group,Ltd.",Foods,0.965679975275605,3.5048336109921365,0.2500798555060067,0.1922214853770505,original_gross_profit_over_total_assets,direct_xbrl_gross_profit_panel_confirmed,False,Gross Profit / Total Assets was confirmed from direct XBRL gross profit in the point-in-time panel.,0.8333333333333334,-0.0179748168521576,538747864.448649,False,False,none,False,0.0,False,4,True,True,False,False,False,False,none,True,top300_priority_due_diligence,False,True,True,True,True,high,Top100 and normalization core. Prioritize Phase3 moat review.
23,2791,2791.T,"DAIKOKUTENBUSSAN CO.,LTD.",Retail Trade,0.9655851424854276,1.086035287183094,0.1205480672168055,0.5903885638686288,original_gross_profit_over_total_assets,direct_xbrl_gross_profit_panel_confirmed,False,Gross Profit / Total Assets was confirmed from direct XBRL gross profit in the point-in-time panel.,0.5,-0.0422187492922017,485456225.0,False,False,none,False,0.0,False,4,True,True,False,False,False,False,none,True,top300_priority_due_diligence,False,True,True,True,True,high,Top100 and normalization core. Prioritize Phase3 moat review.
24,9682,9682.T,DTS CORPORATION,Information & Communication,0.9651273563958188,1.4552379798967203,0.2616260111808794,0.3529177603343824,original_gross_profit_over_total_assets,direct_xbrl_gross_profit_panel_confirmed,False,Gross Profit / Total Assets was confirmed from direct XBRL gross profit in the point-in-time panel.,0.6666666666666666,0.0180070067586782,481370001.6666667,False,False,none,False,0.0,False,4,True,True,False,False,False,False,none,True,top300_priority_due_diligence,False,True,True,True,True,high,Top100 and normalization core. Prioritize Phase3 moat review.
25,5105,5105.T,Toyo Tire Corporation,Rubber Products,0.9648001739384976,0.9225291248042264,0.1122830903998516,0.3117353116105187,original_gross_profit_over_total_assets,direct_xbrl_gross_profit_panel_confirmed,False,Gross Profit / Total Assets was confirmed from direct XBRL gross profit in the point-in-time panel.,0.8333333333333334,-0.0399020539137104,3965561160.0,False,False,none,False,0.0,False,4,True,True,False,False,False,False,none,True,top300_priority_due_diligence,False,True,True,True,True,high,Top100 and normalization core. Prioritize Phase3 moat review.
26,9997,9997.T,"BELLUNA CO.,LTD.",Retail Trade,0.9643022753963326,1.5811978557981228,0.0985513911789237,0.4136535002656323,original_gross_profit_over_total_assets,direct_xbrl_gross_profit_panel_confirmed,False,Gross Profit / Total Assets was confirmed from direct XBRL gross profit in the point-in-time panel.,0.8333333333333334,-0.0028051726078156,389976626.6666667,False,False,none,False,0.0,False,4,True,True,False,False,False,False,none,True,top300_priority_due_diligence,False,True,True,True,True,high,Top100 and normalization core. Prioritize Phase3 moat review.
27,5406,5406.T,"Kobe Steel,Ltd.",Iron and Steel,0.9631605648962672,1.5960241103581545,0.1558519977682185,0.1463888763021639,original_gross_profit_over_total_assets,direct_xbrl_gross_profit_panel_confirmed,False,Gross Profit / Total Assets was confirmed from direct XBRL gross profit in the point-in-time panel.,1.0,-0.0094520108755603,4657884126.666667,False,False,none,False,0.0,False,4,True,True,False,False,False,False,none,True,top300_priority_due_diligence,False,True,True,True,True,high,Top100 and normalization core. Prioritize Phase3 moat review.
28,8276,8276.T,"HEIWADO CO.,LTD.",Retail Trade,0.962786844831248,1.6011494901321344,0.0771611023118606,0.4902917640247307,original_gross_profit_over_total_assets,direct_xbrl_gross_profit_panel_confirmed,False,Gross Profit / Total Assets was confirmed from direct XBRL gross profit in the point-in-time panel.,0.8333333333333334,-0.0244148751862063,328742838.3333333,False,False,none,False,0.0,False,4,True,True,False,False,False,False,none,True,top300_priority_due_diligence,False,True,True,True,True,high,Top100 and normalization core. Prioritize Phase3 moat review.
29,1414,1414.T,"SHO-BOND Holdings Co.,Ltd.",Construction,0.9623996869718898,1.667313357860232,0.2360272058306353,0.2052030505981185,original_gross_profit_over_total_assets,direct_xbrl_gross_profit_panel_confirmed,False,Gross Profit / Total Assets was confirmed from direct XBRL gross profit in the point-in-time panel.,0.8333333333333334,0.0431013204985807,1236836335.0,False,False,none,False,0.0,False,4,True,True,False,False,False,False,none,True,top300_priority_due_diligence,False,True,True,True,True,high,Top100 and normalization core. Prioritize Phase3 moat review.
30,3382,3382.T,"Seven & i Holdings Co.,Ltd.",Retail Trade,0.9617092086890396,0.8604768900717785,0.0705447196568325,0.3423436203407716,original_gross_profit_over_total_assets,direct_xbrl_gross_profit_panel_confirmed,False,Gross Profit / Total Assets was confirmed from direct XBRL gross profit in the point-in-time panel.,1.0,-0.0358170180935637,14576106490.833334,False,False,none,False,0.0,False,4,True,True,False,False,False,False,none,True,top300_priority_due_diligence,False,True,True,True,True,high,Top100 and normalization core. Prioritize Phase3 moat review.
31,3863,3863.T,"Nippon Paper Industries Co.,Ltd.",Pulp and Paper,0.9615501648673708,3.606671276476924,0.134407125336515,0.1121711399230203,original_gross_profit_over_total_assets,direct_xbrl_gross_profit_panel_confirmed,False,Gross Profit / Total Assets was confirmed from direct XBRL gross profit in the point-in-time panel.,0.8333333333333334,-0.0313100423839725,1578237018.3333333,False,False,none,False,0.0,False,4,True,True,False,False,False,False,none,True,top300_priority_due_diligence,False,True,True,True,True,high,Top100 and normalization core. Prioritize Phase3 moat review.
32,4204,4204.T,"Sekisui Chemical Co.,Ltd.",Chemicals,0.9615015256342816,0.8996711203175161,0.0905803435205945,0.3118542980560914,original_gross_profit_over_total_assets,direct_xbrl_gross_profit_panel_confirmed,False,Gross Profit / Total Assets was confirmed from direct XBRL gross profit in the point-in-time panel.,0.8333333333333334,-0.026291472692984,7323462598.333333,False,False,none,False,0.0,False,4,True,True,False,False,False,False,none,True,top300_priority_due_diligence,False,True,True,True,True,high,Top100 and normalization core. Prioritize Phase3 moat review.
33,8278,8278.T,"FUJI CO.,LTD.",Retail Trade,0.9602509221678523,1.3580434047819971,0.0976097245789434,0.6015240407310001,original_gross_profit_over_total_assets,direct_xbrl_gross_profit_panel_confirmed,False,Gross Profit / Total Assets was confirmed from direct XBRL gross profit in the point-in-time panel.,0.8333333333333334,-0.0517714202800415,256673550.0,False,False,none,False,0.0,False,4,True,True,False,False,False,False,none,True,top300_priority_due_diligence,False,True,True,True,True,high,Top100 and normalization core. Prioritize Phase3 moat review.
34,1723,1723.T,"NIHON DENGI CO.,LTD.",Construction,0.9601875907509162,1.107349189413224,0.1796200925824799,0.3527587641341754,original_gross_profit_over_total_assets,direct_xbrl_gross_profit_panel_confirmed,False,Gross Profit / Total Assets was confirmed from direct XBRL gross profit in the point-in-time panel.,0.6666666666666666,-0.0348003680224857,641578548.3333334,False,False,none,False,0.0,False,4,True,True,False,False,True,True,outlier_sensitive,True,outlier_sensitive;phase3_due_diligence,False,True,True,True,True,high,Top100 and normalization core. Prioritize Phase3 moat review.
35,2121,2121.T,"MIXI,Inc.",Information & Communication,0.9596757617725497,0.9856274396574592,0.0959086110788211,0.4701654666051857,original_gross_profit_over_total_assets,direct_xbrl_gross_profit_panel_confirmed,False,Gross Profit / Total Assets was confirmed from direct XBRL gross profit in the point-in-time panel.,0.6666666666666666,-0.0454207343272824,757822020.0,False,False,none,False,0.0,False,4,True,True,False,False,False,False,none,True,top300_priority_due_diligence,False,True,True,True,True,high,Top100 and normalization core. Prioritize Phase3 moat review.
36,1662,1662.T,"Japan Petroleum Exploration Co.,Ltd.",Mining,0.9595032580197608,1.2417513764926127,0.1846125181732306,0.1454772461186799,original_gross_profit_over_total_assets,direct_xbrl_gross_profit_panel_confirmed,False,Gross Profit / Total Assets was confirmed from direct XBRL gross profit in the point-in-time panel.,1.0,-0.0713848372396512,7950185018.333333,False,False,none,False,0.0,False,4,True,True,False,False,False,False,none,True,top300_priority_due_diligence,False,True,True,True,True,high,Top100 and normalization core. Prioritize Phase3 moat review.
37,9956,9956.T,"VALOR HOLDINGS CO.,LTD.",Retail Trade,0.958622405725816,1.0884954397508355,0.0859772645970291,0.5220467880436152,original_gross_profit_over_total_assets,direct_xbrl_gross_profit_panel_confirmed,False,Gross Profit / Total Assets was confirmed from direct XBRL gross profit in the point-in-time panel.,0.8333333333333334,-0.0493334452688928,485283200.0,False,False,none,False,0.0,False,4,True,True,False,False,False,False,none,True,top300_priority_due_diligence,False,True,True,True,True,high,Top100 and normalization core. Prioritize Phase3 moat review.
38,7516,7516.T,"KOHNAN SHOJI CO.,LTD.",Retail Trade,0.9586032918939504,1.4728443132235791,0.1041036239546465,0.4026422711883881,original_gross_profit_over_total_assets,direct_xbrl_gross_profit_panel_confirmed,False,Gross Profit / Total Assets was confirmed from direct XBRL gross profit in the point-in-time panel.,0.5,-0.0217564766786711,381394408.3333333,False,False,none,False,0.0,False,4,True,True,False,False,False,False,none,True,top300_priority_due_diligence,False,True,True,True,True,high,Top100 and normalization core. Prioritize Phase3 moat review.
39,4922,4922.T,KOSE Holdings Corporation,Chemicals,0.9581383359160324,0.9974081025416932,0.0526579275093127,0.5794171618537364,original_gross_profit_over_total_assets,direct_xbrl_gross_profit_panel_confirmed,False,Gross Profit / Total Assets was confirmed from direct XBRL gross profit in the point-in-time panel.,0.6666666666666666,0.0127560119756623,1676975191.6666667,False,False,none,False,0.0,False,4,True,True,False,False,False,False,none,True,top300_priority_due_diligence,False,True,True,True,True,high,Top100 and normalization core. Prioritize Phase3 moat review.
40,2212,2212.T,"YAMAZAKI BAKING CO.,LTD.",Foods,0.9576135902476718,0.8400760054843739,0.0714683279819037,0.4531366515798815,original_gross_profit_over_total_assets,direct_xbrl_gross_profit_panel_confirmed,False,Gross Profit / Total Assets was confirmed from direct XBRL gross profit in the point-in-time panel.,0.8333333333333334,-0.0388169447605016,2279715938.3333335,False,False,none,False,0.0,False,4,True,True,False,False,False,False,none,True,top300_priority_due_diligence,False,True,True,True,True,high,Top100 and normalization core. Prioritize Phase3 moat review.
41,3608,3608.T,"TSI HOLDINGS CO.,LTD.",Textiles and Apparels,0.957038447109566,1.4477643062725285,0.0552891132156512,0.5250051663566853,original_gross_profit_over_total_assets,direct_xbrl_gross_profit_panel_confirmed,False,Gross Profit / Total Assets was confirmed from direct XBRL gross profit in the point-in-time panel.,0.1666666666666666,0.072995246747399,596071966.6666666,False,False,none,False,0.0,False,4,True,True,False,False,False,False,none,True,top300_priority_due_diligence,False,True,True,True,True,high,Top100 and normalization core. Prioritize Phase3 moat review.
42,6457,6457.T,GLORY LTD.,Machinery,0.9562915584328152,1.0275330080484286,0.1061018465274201,0.353628963783949,original_gross_profit_over_total_assets,direct_xbrl_gross_profit_panel_confirmed,False,Gross Profit / Total Assets was confirmed from direct XBRL gross profit in the point-in-time panel.,0.8333333333333334,-0.0470460325268204,805967148.3333334,False,False,none,False,0.0,False,4,True,True,False,False,True,True,outlier_sensitive,True,outlier_sensitive;phase3_due_diligence,False,True,True,True,True,high,Top100 and normalization core. Prioritize Phase3 moat review.
43,3405,3405.T,"KURARAY CO.,LTD.",Chemicals,0.9561473100492096,1.5276641889637002,0.0774720501138713,0.1891107938483066,original_gross_profit_over_total_assets,direct_xbrl_gross_profit_panel_confirmed,False,Gross Profit / Total Assets was confirmed from direct XBRL gross profit in the point-in-time panel.,0.5,-0.0464738593212676,2948053131.6666665,False,False,none,False,0.0,False,4,True,True,False,False,False,False,none,True,top300_priority_due_diligence,False,True,True,True,True,high,Top100 and normalization core. Prioritize Phase3 moat review.
44,2220,2220.T,"KAMEDA SEIKA CO.,LTD.",Foods,0.9559889343086112,3.1319405674705356,0.2334626960239987,0.2265747364001873,original_gross_profit_over_total_assets,direct_xbrl_gross_profit_panel_confirmed,False,Gross Profit / Total Assets was confirmed from direct XBRL gross profit in the point-in-time panel.,1.0,-0.0291359075507832,259911348.64074707,False,False,none,False,0.0,False,4,True,True,False,False,False,False,none,True,top300_priority_due_diligence,False,True,True,True,True,high,Top100 and normalization core. Prioritize Phase3 moat review.
45,2918,2918.T,"WARABEYA NICHIYO HOLDINGS CO.,LTD.",Foods,0.9548306099288242,1.3484299567485671,0.1218190170322336,0.3336243215546362,original_gross_profit_over_total_assets,direct_xbrl_gross_profit_panel_confirmed,False,Gross Profit / Total Assets was confirmed from direct XBRL gross profit in the point-in-time panel.,0.6666666666666666,-0.0898206673817279,376477828.3333333,False,False,none,False,0.0,False,4,True,True,False,False,True,True,outlier_sensitive,True,outlier_sensitive;phase3_due_diligence,False,True,True,True,True,high,Top100 and normalization core. Prioritize Phase3 moat review.
46,3539,3539.T,"JM HOLDINGS CO.,LTD.",Retail Trade,0.9545126937979272,1.4261053094504172,0.2040707732159516,0.7348633819666947,original_gross_profit_over_total_assets,direct_xbrl_gross_profit_panel_confirmed,False,Gross Profit / Total Assets was confirmed from direct XBRL gross profit in the point-in-time panel.,1.0,-0.0021099389228206,144716800.0,False,False,none,False,0.0,False,4,True,True,False,False,False,False,none,True,top300_priority_due_diligence,True,True,True,True,True,high,Top100 and normalization core. Prioritize Phase3 moat review.
47,8016,8016.T,"ONWARD HOLDINGS CO.,LTD.",Textiles and Apparels,0.9540323345534888,0.9797284524528492,0.1023618080472307,0.6839284864947707,original_gross_profit_over_total_assets,direct_xbrl_gross_profit_panel_confirmed,False,Gross Profit / Total Assets was confirmed from direct XBRL gross profit in the point-in-time panel.,0.6666666666666666,0.0100151720356854,464536056.6666667,False,False,none,False,0.0,False,4,True,True,False,False,False,False,none,True,top300_priority_due_diligence,False,True,True,True,True,high,Top100 and normalization core. Prioritize Phase3 moat review.
48,9101,9101.T,Nippon Yusen Kabushiki Kaisha,Marine Transportation,0.9539927668401804,1.395165378282858,0.2286358618174065,0.0978776267942344,original_gross_profit_over_total_assets,direct_xbrl_gross_profit_panel_confirmed,False,Gross Profit / Total Assets was confirmed from direct XBRL gross profit in the point-in-time panel.,1.0,-0.0050799515583391,23408384221.666668,False,False,none,False,0.0,False,4,True,True,False,False,False,False,none,True,top300_priority_due_diligence,False,True,True,True,True,high,Top100 and normalization core. Prioritize Phase3 moat review.
49,6196,6196.T,"Strike Group Co.,Ltd.",Services,0.9530167069791876,0.8967935860863916,0.1971107645037531,0.4813003805533472,original_gross_profit_over_total_assets,direct_xbrl_gross_profit_panel_confirmed,False,Gross Profit / Total Assets was confirmed from direct XBRL gross profit in the point-in-time panel.,0.6666666666666666,0.0367764413569139,648150802.1563721,False,False,none,False,0.0,False,4,True,True,False,False,False,False,none,True,top300_priority_due_diligence,False,True,True,True,True,high,Top100 and normalization core. Prioritize Phase3 moat review.
50,4118,4118.T,KANEKA CORPORATION,Chemicals,0.9529226958361652,1.4091805817343177,0.0767092364295211,0.2452271005702374,original_gross_profit_over_total_assets,direct_xbrl_gross_profit_panel_confirmed,False,Gross Profit / Total Assets was confirmed from direct XBRL gross profit in the point-in-time panel.,0.8333333333333334,-0.0161387618496515,1211886806.6666667,False,False,none,False,0.0,False,4,True,True,False,False,True,True,outlier_sensitive,True,outlier_sensitive;phase3_due_diligence,False,True,True,True,True,high,Top100 and normalization core. Prioritize Phase3 moat review.
51,6648,6648.T,KAWADEN CORPORATION,Electric Appliances,0.9527293395438796,3.203906598028923,0.3544637115342725,0.3153164610373536,original_gross_profit_over_total_assets,direct_xbrl_gross_profit_panel_confirmed,False,Gross Profit / Total Assets was confirmed from direct XBRL gross profit in the point-in-time panel.,0.6666666666666666,0.0177810487014362,162615866.66666666,False,False,none,False,0.0,False,4,True,True,False,False,False,False,none,True,top300_priority_due_diligence,False,True,True,True,True,high,Top100 and normalization core. Prioritize Phase3 moat review.
52,2730,2730.T,EDION Corporation,Retail Trade,0.9525879265963668,0.9167135613737252,0.0580187103903182,0.5125359335832395,original_gross_profit_over_total_assets,direct_xbrl_gross_profit_panel_confirmed,False,Gross Profit / Total Assets was confirmed from direct XBRL gross profit in the point-in-time panel.,1.0,-0.0380347226389574,1040772180.0,False,False,none,False,0.0,False,4,True,True,False,False,False,False,none,True,top300_priority_due_diligence,False,True,True,True,True,high,Top100 and normalization core. Prioritize Phase3 moat review.
53,1861,1861.T,"Kumagai Gumi Co.,Ltd.",Construction,0.951732878671953,3.0457050432770667,0.1566830647191244,0.0828373326876136,phase2_snapshot_metric_source_unverified,phase2_snapshot_metric_source_unverified,True,"Phase2 snapshot contains a gross_profitability value, but direct historical XBRL source was not confirmed for this row.",0.8333333333333334,0.0024113620108306,1539420790.0,False,False,none,False,0.0,False,4,True,True,False,False,False,False,none,True,top300_priority_due_diligence,False,True,True,True,True,high,Top100 and normalization core. Prioritize Phase3 moat review.
54,4202,4202.T,Daicel Corporation,Chemicals,0.9510326750863116,1.091370244153981,0.1709877500246632,0.2024326917996488,original_gross_profit_over_total_assets,direct_xbrl_gross_profit_panel_confirmed,False,Gross Profit / Total Assets was confirmed from direct XBRL gross profit in the point-in-time panel.,0.8333333333333334,-0.0419213551119177,1938201755.0,False,False,none,False,0.0,False,4,True,True,False,False,False,False,none,True,top300_priority_due_diligence,False,True,True,True,True,high,Top100 and normalization core. Prioritize Phase3 moat review.
55,5233,5233.T,TAIHEIYO CEMENT CORPORATION,Glass and Ceramics Products,0.9505336024977123,1.362145359284772,0.1184849123389437,0.1512270492094485,original_gross_profit_over_total_assets,direct_xbrl_gross_profit_panel_confirmed,False,Gross Profit / Total Assets was confirmed from direct XBRL gross profit in the point-in-time panel.,0.8333333333333334,-0.0424618711635711,2753052776.6666665,False,False,none,False,0.0,False,4,True,True,False,False,False,False,none,True,top300_priority_due_diligence,False,True,True,True,True,high,Top100 and normalization core. Prioritize Phase3 moat review.
56,6440,6440.T,JUKI CORPORATION,Machinery,0.9500116241923288,1.971059522355152,0.2498271362045276,0.2170423072457999,original_gross_profit_over_total_assets,direct_xbrl_gross_profit_panel_confirmed,False,Gross Profit / Total Assets was confirmed from direct XBRL gross profit in the point-in-time panel.,1.0,-0.0575998904163797,282656406.6666667,False,False,none,False,0.0,False,4,True,True,False,False,False,False,none,True,top300_priority_due_diligence,False,True,True,True,True,high,Top100 and normalization core. Prioritize Phase3 moat review.
57,1961,1961.T,"SANKI ENGINEERING CO.,LTD.",Construction,0.9498103758146608,0.9293605209957886,0.1502894251051941,0.2364829540079367,original_gross_profit_over_total_assets,direct_xbrl_gross_profit_panel_confirmed,False,Gross Profit / Total Assets was confirmed from direct XBRL gross profit in the point-in-time panel.,1.0,-0.0621439205955334,1726008034.3977864,False,False,none,False,0.0,False,4,True,True,False,False,False,False,none,True,top300_priority_due_diligence,False,True,True,True,True,high,Top100 and normalization core. Prioritize Phase3 moat review.
58,6417,6417.T,"SANKYO CO.,LTD.",Machinery,0.9497140415944114,0.8237260682202047,0.1675610369474735,0.333605576328521,original_gross_profit_over_total_assets,direct_xbrl_gross_profit_panel_confirmed,False,Gross Profit / Total Assets was confirmed from direct XBRL gross profit in the point-in-time panel.,0.3333333333333333,0.0035049329864446,2076866637.5,False,False,none,False,0.0,False,4,True,True,False,False,False,False,none,True,top300_priority_due_diligence,False,True,True,True,True,high,Top100 and normalization core. Prioritize Phase3 moat review.
59,7917,7917.T,ZACROS Corporation,Chemicals,0.949674956324162,4.338036065132955,0.3208238202199227,0.2256603822616062,original_gross_profit_over_total_assets,direct_xbrl_gross_profit_panel_confirmed,False,Gross Profit / Total Assets was confirmed from direct XBRL gross profit in the point-in-time panel.,0.6666666666666666,0.0058117900177939,238887251.66666663,False,False,none,False,0.0,False,4,True,True,False,False,False,False,none,True,top300_priority_due_diligence,False,True,True,True,True,high,Top100 and normalization core. Prioritize Phase3 moat review.
60,5393,5393.T,NICHIAS CORPORATION,Glass and Ceramics Products,0.9493374582170688,0.955548083392607,0.1420911664336826,0.2448519948519948,original_gross_profit_over_total_assets,direct_xbrl_gross_profit_panel_confirmed,False,Gross Profit / Total Assets was confirmed from direct XBRL gross profit in the point-in-time panel.,0.8333333333333334,0.0032354199147339,2331036960.592448,False,False,none,False,0.0,False,4,True,True,False,False,False,False,none,True,top300_priority_due_diligence,False,True,True,True,True,high,Top100 and normalization core. Prioritize Phase3 moat review.
61,7649,7649.T,"SUGI HOLDINGS Co.,LTD.",Retail Trade,0.9492256074209257,0.5816520826533422,0.090073032291746,0.5227154743829466,original_gross_profit_over_total_assets,direct_xbrl_gross_profit_panel_confirmed,False,Gross Profit / Total Assets was confirmed from direct XBRL gross profit in the point-in-time panel.,0.6666666666666666,-0.0753364473431632,2393207116.6666665,False,False,none,False,0.0,False,4,True,True,False,False,False,False,none,True,top300_priority_due_diligence,False,True,True,True,True,high,Top100 and normalization core. Prioritize Phase3 moat review.
62,7552,7552.T,HAPPINET CORPORATION,Wholesale Trade,0.9484991509331058,0.884905661906876,0.1159380280562716,0.3699239205612094,original_gross_profit_over_total_assets,direct_xbrl_gross_profit_panel_confirmed,False,Gross Profit / Total Assets was confirmed from direct XBRL gross profit in the point-in-time panel.,0.8333333333333334,-0.0921968603507517,648253933.3333334,False,False,none,False,0.0,False,4,True,True,False,False,True,True,outlier_sensitive,True,outlier_sensitive;phase3_due_diligence,False,True,True,True,True,high,Top100 and normalization core. Prioritize Phase3 moat review.
63,4318,4318.T,"QUICK CO.,LTD.",Services,0.948122795853516,1.2985904460495588,0.2608370162332741,0.850938253822331,original_gross_profit_over_total_assets,direct_xbrl_gross_profit_panel_confirmed,False,Gross Profit / Total Assets was confirmed from direct XBRL gross profit in the point-in-time panel.,0.5,-0.0243737245929763,132203401.66666669,False,False,none,False,0.0,False,4,True,True,False,False,False,False,none,True,top300_priority_due_diligence,False,True,True,True,True,high,Top100 and normalization core. Prioritize Phase3 moat review.
64,2664,2664.T,CAWACHI LIMITED,Retail Trade,0.948035200011343,1.5593440148400604,0.0681486779389143,0.3342518324056492,original_gross_profit_over_total_assets,direct_xbrl_gross_profit_panel_confirmed,False,Gross Profit / Total Assets was confirmed from direct XBRL gross profit in the point-in-time panel.,0.8333333333333334,-0.0123471141210957,400199793.3333333,False,False,none,False,0.0,False,4,True,True,False,False,False,False,none,True,top300_priority_due_diligence,False,True,True,True,True,high,Top100 and normalization core. Prioritize Phase3 moat review.
65,8194,8194.T,LIFE CORPORATION,Retail Trade,0.9479996502868931,0.740864547895805,0.0896559756740959,0.852329436696746,original_gross_profit_over_total_assets,direct_xbrl_gross_profit_panel_confirmed,False,Gross Profit / Total Assets was confirmed from direct XBRL gross profit in the point-in-time panel.,0.6666666666666666,-0.1642203039499328,477797628.3333333,False,False,none,False,0.0,False,4,True,True,False,False,False,False,none,True,top300_priority_due_diligence,False,True,True,True,True,high,Top100 and normalization core. Prioritize Phase3 moat review.
66,6369,6369.T,TOYO KANETSU K.K.,Machinery,0.9475302954476614,2.2203929521027295,0.2077213586998878,0.1963491310279376,original_gross_profit_over_total_assets,direct_xbrl_gross_profit_panel_confirmed,False,Gross Profit / Total Assets was confirmed from direct XBRL gross profit in the point-in-time panel.,1.0,-0.0245331678083457,329005731.6666667,False,False,none,False,0.0,False,4,True,True,False,False,False,False,none,True,top300_priority_due_diligence,False,True,True,True,True,high,Top100 and normalization core. Prioritize Phase3 moat review.
67,8218,8218.T,"KOMERI CO.,LTD.",Retail Trade,0.947410814930544,1.5069430685806602,0.0839318272376056,0.3366799341024825,original_gross_profit_over_total_assets,direct_xbrl_gross_profit_panel_confirmed,False,Gross Profit / Total Assets was confirmed from direct XBRL gross profit in the point-in-time panel.,0.6666666666666666,-0.024755369237089,345641491.6666667,False,False,none,False,0.0,False,4,True,True,False,False,True,True,outlier_sensitive,True,outlier_sensitive;phase3_due_diligence,False,True,True,True,True,high,Top100 and normalization core. Prioritize Phase3 moat review.
68,9104,9104.T,"Mitsui O.S.K.Lines,Ltd.",Marine Transportation,0.947350533257788,1.4728756301975552,0.2305752586651844,0.0568779194103095,original_gross_profit_over_total_assets,direct_xbrl_gross_profit_panel_confirmed,False,Gross Profit / Total Assets was confirmed from direct XBRL gross profit in the point-in-time panel.,0.5,0.0129072208515858,31165115151.666668,False,False,none,False,0.0,False,4,True,True,False,False,False,False,none,True,top300_priority_due_diligence,False,True,True,True,True,high,Top100 and normalization core. Prioritize Phase3 moat review.
69,5410,5410.T,"Godo Steel,Ltd.",Iron and Steel,0.9467916360438228,3.543764964759882,0.298414838367115,0.1425879075696709,original_gross_profit_over_total_assets,direct_xbrl_gross_profit_panel_confirmed,False,Gross Profit / Total Assets was confirmed from direct XBRL gross profit in the point-in-time panel.,0.6666666666666666,-0.0296815830177609,409730553.3333333,False,False,none,False,0.0,False,4,True,True,False,False,False,False,none,True,top300_priority_due_diligence,False,True,True,True,True,high,Top100 and normalization core. Prioritize Phase3 moat review.
70,6770,6770.T,"ALPS ALPINE CO.,LTD.",Electric Appliances,0.9467098565853882,0.912588054476894,0.0954504093656446,0.2364863679012845,original_gross_profit_over_total_assets,direct_xbrl_gross_profit_panel_confirmed,False,Gross Profit / Total Assets was confirmed from direct XBRL gross profit in the point-in-time panel.,1.0,-0.0299149530609404,3605413966.6666665,False,False,none,False,0.0,False,4,True,True,False,False,False,False,none,True,top300_priority_due_diligence,False,True,True,True,True,high,Top100 and normalization core. Prioritize Phase3 moat review.
71,2267,2267.T,"YAKULT HONSHA CO.,LTD.",Foods,0.9466190902028716,0.7837608494669953,0.0681700063568236,0.3419115903077227,original_gross_profit_over_total_assets,direct_xbrl_gross_profit_panel_confirmed,False,Gross Profit / Total Assets was confirmed from direct XBRL gross profit in the point-in-time panel.,0.6666666666666666,-0.0352650177927348,4761358286.666667,False,False,none,False,0.0,False,4,True,True,False,False,False,False,none,True,top300_priority_due_diligence,False,True,True,True,True,high,Top100 and normalization core. Prioritize Phase3 moat review.
72,6430,6430.T,"DAIKOKU DENKI CO.,LTD.",Machinery,0.9463890451018464,1.4680010753754904,0.2504875349508444,0.4661222776211255,original_gross_profit_over_total_assets,direct_xbrl_gross_profit_panel_confirmed,False,Gross Profit / Total Assets was confirmed from direct XBRL gross profit in the point-in-time panel.,0.6666666666666666,0.0010428298740779,161995896.66666666,False,False,none,False,0.0,False,4,True,True,False,False,False,False,none,True,top300_priority_due_diligence,True,True,True,True,True,high,Top100 and normalization core. Prioritize Phase3 moat review.
73,6676,6676.T,BUFFALO INC.,Electric Appliances,0.9463845670489271,1.2518549409299973,0.1669436413443516,0.4161266794219934,original_gross_profit_over_total_assets,direct_xbrl_gross_profit_panel_confirmed,False,Gross Profit / Total Assets was confirmed from direct XBRL gross profit in the point-in-time panel.,1.0,-0.0759991283504031,192503180.0,False,False,none,False,0.0,False,4,True,True,False,False,False,False,none,True,top300_priority_due_diligence,False,True,True,True,True,high,Top100 and normalization core. Prioritize Phase3 moat review.
74,3391,3391.T,TSURUHA HOLDINGS INC.,Retail Trade,0.9463836281390964,1.0160114382977483,0.0514479246487493,0.2694139070778122,original_gross_profit_over_total_assets,direct_xbrl_gross_profit_panel_confirmed,False,Gross Profit / Total Assets was confirmed from direct XBRL gross profit in the point-in-time panel.,0.6666666666666666,-0.0351590947693832,5370741455.0,False,False,none,False,0.0,False,4,True,True,False,False,False,False,none,True,top300_priority_due_diligence,False,True,True,True,True,high,Top100 and normalization core. Prioritize Phase3 moat review.
75,7803,7803.T,Bushiroad Inc.,Other Products,0.9461874584572638,1.4416281315483317,0.2051146799188709,0.4013605395783348,original_gross_profit_over_total_assets,direct_xbrl_gross_profit_panel_confirmed,False,Gross Profit / Total Assets was confirmed from direct XBRL gross profit in the point-in-time panel.,1.0,-0.0443112124392795,159848943.33333334,False,False,none,False,0.0,False,4,True,True,False,False,False,False,none,True,top300_priority_due_diligence,True,True,True,True,True,high,Top100 and normalization core. Prioritize Phase3 moat review.
76,4569,4569.T,"KYORIN Pharmaceutical Co.,Ltd.",Pharmaceutical,0.9461427083403156,2.023624905492668,0.1329629653778107,0.3074869072090405,original_gross_profit_over_total_assets,direct_xbrl_gross_profit_panel_confirmed,False,Gross Profit / Total Assets was confirmed from direct XBRL gross profit in the point-in-time panel.,0.3333333333333333,0.0316512118331147,238764530.0,False,False,none,False,0.0,False,4,True,True,False,False,False,False,none,True,top300_priority_due_diligence,False,True,True,True,True,high,Top100 and normalization core. Prioritize Phase3 moat review.
77,5463,5463.T,Maruichi Steel Tube Ltd.,Iron and Steel,0.945520995557634,2.6031418316717323,0.2047845045798145,0.1029147107608884,original_gross_profit_over_total_assets,direct_xbrl_gross_profit_panel_confirmed,False,Gross Profit / Total Assets was confirmed from direct XBRL gross profit in the point-in-time panel.,0.6666666666666666,0.0003625039904673,926629076.6666666,False,False,none,False,0.0,False,4,True,True,False,False,False,False,none,True,top300_priority_due_diligence,False,True,True,True,True,high,Top100 and normalization core. Prioritize Phase3 moat review.
78,6104,6104.T,"SHIBAURA MACHINE CO.,LTD.",Machinery,0.945357200117282,1.231885103194753,0.1324393975040266,0.2682621350954626,original_gross_profit_over_total_assets,direct_xbrl_gross_profit_panel_confirmed,False,Gross Profit / Total Assets was confirmed from direct XBRL gross profit in the point-in-time panel.,0.6666666666666666,0.0188436301153542,627628233.3333334,False,False,none,False,0.0,False,4,True,True,False,False,True,True,outlier_sensitive,True,outlier_sensitive;phase3_due_diligence,False,True,True,True,True,high,Top100 and normalization core. Prioritize Phase3 moat review.
79,9274,9274.T,"KPP GROUP HOLDINGS CO.,LTD.",Wholesale Trade,0.944817564113154,1.3190651041412866,0.1222739202966637,0.3667703495391083,original_gross_profit_over_total_assets,direct_xbrl_gross_profit_panel_confirmed,False,Gross Profit / Total Assets was confirmed from direct XBRL gross profit in the point-in-time panel.,0.8333333333333334,-0.0091214863113105,270670861.6666667,False,False,none,False,0.0,False,4,True,True,False,False,True,True,outlier_sensitive,True,outlier_sensitive;phase3_due_diligence,False,True,True,True,True,high,Top100 and normalization core. Prioritize Phase3 moat review.
80,8242,8242.T,H2O RETAILING CORPORATION,Retail Trade,0.9447581452449136,1.0340400969264516,0.1177259038307273,0.2764124549101711,original_gross_profit_over_total_assets,direct_xbrl_gross_profit_panel_confirmed,False,Gross Profit / Total Assets was confirmed from direct XBRL gross profit in the point-in-time panel.,0.6666666666666666,-0.0098639180022793,945686011.6666666,False,False,none,False,0.0,False,4,True,True,False,False,True,True,outlier_sensitive,True,outlier_sensitive;phase3_due_diligence,False,True,True,True,True,high,Top100 and normalization core. Prioritize Phase3 moat review.
81,4849,4849.T,en Inc.,Services,0.9443378163125328,0.9300906506250386,0.1469283682134656,0.9208844086965684,original_gross_profit_over_total_assets,direct_xbrl_gross_profit_panel_confirmed,False,Gross Profit / Total Assets was confirmed from direct XBRL gross profit in the point-in-time panel.,0.6666666666666666,-0.0081385248687639,236035853.33333337,False,False,none,False,0.0,False,4,True,True,False,False,False,False,none,True,top300_priority_due_diligence,False,True,True,True,True,high,Top100 and normalization core. Prioritize Phase3 moat review.
82,6310,6310.T,"ISEKI & CO.,LTD.",Machinery,0.9442346539531244,1.9241062540789584,0.0710978212414038,0.2657405418307674,original_gross_profit_over_total_assets,direct_xbrl_gross_profit_panel_confirmed,False,Gross Profit / Total Assets was confirmed from direct XBRL gross profit in the point-in-time panel.,0.8333333333333334,-0.0989299987728791,292670353.3333333,False,False,none,False,0.0,False,4,True,True,False,False,False,False,none,True,top300_priority_due_diligence,False,True,True,True,True,high,Top100 and normalization core. Prioritize Phase3 moat review.
83,4633,4633.T,SAKATA INX CORPORATION,Chemicals,0.9442287796824316,1.105737790644816,0.1149969399798013,0.285273438883576,original_gross_profit_over_total_assets,direct_xbrl_gross_profit_panel_confirmed,False,Gross Profit / Total Assets was confirmed from direct XBRL gross profit in the point-in-time panel.,1.0,-0.0171996763045062,551415293.3333334,False,False,none,False,0.0,False,4,True,True,False,False,True,True,outlier_sensitive,True,outlier_sensitive;phase3_due_diligence,False,True,True,True,True,high,Top100 and normalization core. Prioritize Phase3 moat review.
84,2681,2681.T,GEO HOLDINGS CORPORATION,Retail Trade,0.9441550456585228,1.1161655838869795,0.0571968701643661,0.6751039330398289,original_gross_profit_over_total_assets,direct_xbrl_gross_profit_panel_confirmed,False,Gross Profit / Total Assets was confirmed from direct XBRL gross profit in the point-in-time panel.,0.5,-0.0139523734739591,374649705.0,False,False,none,False,0.0,False,4,True,True,False,False,False,False,none,True,top300_priority_due_diligence,False,True,True,True,True,high,Top100 and normalization core. Prioritize Phase3 moat review.
85,3333,3333.T,"ASAHI CO.,LTD.",Retail Trade,0.9441535764104128,1.2312420551992873,0.0695601177886431,0.691742225881895,original_gross_profit_over_total_assets,direct_xbrl_gross_profit_panel_confirmed,False,Gross Profit / Total Assets was confirmed from direct XBRL gross profit in the point-in-time panel.,0.5,-0.0729406778259452,224447166.66666663,False,False,none,False,0.0,False,4,True,True,False,False,False,False,none,True,top300_priority_due_diligence,False,True,True,True,True,high,Top100 and normalization core. Prioritize Phase3 moat review.
86,3861,3861.T,Oji Holdings Corporation,Pulp and Paper,0.9440694631127288,1.7100859762120166,0.0723712685743478,0.1257590553034619,original_gross_profit_over_total_assets,direct_xbrl_gross_profit_panel_confirmed,False,Gross Profit / Total Assets was confirmed from direct XBRL gross profit in the point-in-time panel.,0.6666666666666666,-0.0172837995800646,3960281667.903646,False,False,none,False,0.0,False,4,True,True,False,False,False,False,none,True,top300_priority_due_diligence,False,True,True,True,True,high,Top100 and normalization core. Prioritize Phase3 moat review.
87,4042,4042.T,TOSOH CORPORATION,Chemicals,0.9437130953518532,1.0710643563818367,0.0848443132960065,0.1951377912119207,original_gross_profit_over_total_assets,direct_xbrl_gross_profit_panel_confirmed,False,Gross Profit / Total Assets was confirmed from direct XBRL gross profit in the point-in-time panel.,1.0,-0.0265614976347283,3747044575.8333335,False,False,none,False,0.0,False,4,True,True,False,False,False,False,none,True,top300_priority_due_diligence,False,True,True,True,True,high,Top100 and normalization core. Prioritize Phase3 moat review.
88,8227,8227.T,"SHIMAMURA Co.,Ltd.",Retail Trade,0.9436372980667536,0.7090697487657511,0.064088067879215,0.4368575270971936,original_gross_profit_over_total_assets,direct_xbrl_gross_profit_panel_confirmed,False,Gross Profit / Total Assets was confirmed from direct XBRL gross profit in the point-in-time panel.,0.8333333333333334,-0.0063355271918816,2906437450.0,False,False,none,False,0.0,False,4,True,True,False,False,False,False,none,True,top300_priority_due_diligence,False,True,True,True,True,high,Top100 and normalization core. Prioritize Phase3 moat review.
89,3134,3134.T,Hamee Corp.,Retail Trade,0.9435894571195192,1.686078356851542,0.2038620670469535,0.7952267744640035,original_gross_profit_over_total_assets,direct_xbrl_gross_profit_panel_confirmed,False,Gross Profit / Total Assets was confirmed from direct XBRL gross profit in the point-in-time panel.,0.5,0.0265300414526736,90865578.33333331,False,False,none,False,0.0,False,4,True,True,False,False,False,False,none,True,top300_priority_due_diligence,False,True,True,True,True,high,Top100 and normalization core. Prioritize Phase3 moat review.
90,4521,4521.T,"KAKEN PHARMACEUTICAL CO.,LTD.",Pharmaceutical,0.9435409573108292,1.0235823318430946,0.1096981169143823,0.3073804497379504,original_gross_profit_over_total_assets,direct_xbrl_gross_profit_panel_confirmed,False,Gross Profit / Total Assets was confirmed from direct XBRL gross profit in the point-in-time panel.,0.8333333333333334,-0.0736427792125288,515517875.0,False,False,none,False,0.0,False,4,True,True,False,False,True,True,outlier_sensitive,True,outlier_sensitive;phase3_due_diligence,False,True,True,True,True,high,Top100 and normalization core. Prioritize Phase3 moat review.
91,9948,9948.T,"ARCS COMPANY,LIMITED",Retail Trade,0.943482983272506,1.1415347904936295,0.0740994838054312,0.5248009736826353,original_gross_profit_over_total_assets,direct_xbrl_gross_profit_panel_confirmed,False,Gross Profit / Total Assets was confirmed from direct XBRL gross profit in the point-in-time panel.,0.8333333333333334,-0.0465223115109294,274269908.3333333,False,False,none,False,0.0,False,4,True,True,False,False,False,False,none,True,top300_priority_due_diligence,False,True,True,True,True,high,Top100 and normalization core. Prioritize Phase3 moat review.
92,7280,7280.T,MITSUBA Corporation,Electric Appliances,0.9430234536436218,1.947709578353597,0.271115355787816,0.15949348493529,original_gross_profit_over_total_assets,direct_xbrl_gross_profit_panel_confirmed,False,Gross Profit / Total Assets was confirmed from direct XBRL gross profit in the point-in-time panel.,0.8333333333333334,-0.0636101610670781,401115181.6666667,False,False,none,False,0.0,False,4,True,True,False,False,False,False,none,True,top300_priority_due_diligence,False,True,True,True,True,high,Top100 and normalization core. Prioritize Phase3 moat review.
93,8088,8088.T,IWATANI  CORPORATION,Wholesale Trade,0.9426417517924492,0.8831789677252955,0.0928848715574843,0.2686455077654742,original_gross_profit_over_total_assets,direct_xbrl_gross_profit_panel_confirmed,False,Gross Profit / Total Assets was confirmed from direct XBRL gross profit in the point-in-time panel.,0.6666666666666666,-0.0124763782641942,2687886657.5,False,False,none,False,0.0,False,4,True,True,False,False,False,False,none,True,top300_priority_due_diligence,False,True,True,True,True,high,Top100 and normalization core. Prioritize Phase3 moat review.
94,9842,9842.T,ARCLANDS CORPORATION,Retail Trade,0.9424661989999432,1.1778426978400742,0.0696389498359479,0.4217230433288178,original_gross_profit_over_total_assets,direct_xbrl_gross_profit_panel_confirmed,False,Gross Profit / Total Assets was confirmed from direct XBRL gross profit in the point-in-time panel.,0.8333333333333334,-0.0442146236880373,359585696.6666667,False,False,none,False,0.0,False,4,True,True,False,False,True,True,outlier_sensitive,True,outlier_sensitive;phase3_due_diligence,False,True,True,True,True,high,Top100 and normalization core. Prioritize Phase3 moat review.
95,2734,2734.T,SALA CORPORATION,Retail Trade,0.9419791661625012,1.4609311671228422,0.0940571927148246,0.2758401743617917,original_gross_profit_over_total_assets,direct_xbrl_gross_profit_panel_confirmed,False,Gross Profit / Total Assets was confirmed from direct XBRL gross profit in the point-in-time panel.,0.6666666666666666,-0.0477535434721669,360192615.0,False,False,none,False,0.0,False,4,True,True,False,False,True,True,outlier_sensitive,True,outlier_sensitive;phase3_due_diligence,False,True,True,True,True,high,Top100 and normalization core. Prioritize Phase3 moat review.
96,1925,1925.T,"DAIWA HOUSE INDUSTRY CO.,LTD.",Construction,0.9419656872449944,1.040679997680401,0.1263631277852053,0.1561944317206063,original_gross_profit_over_total_assets,direct_xbrl_gross_profit_panel_confirmed,False,Gross Profit / Total Assets was confirmed from direct XBRL gross profit in the point-in-time panel.,0.6666666666666666,-0.0133525298158498,9620377458.333334,False,False,none,False,0.0,False,4,True,True,False,False,False,False,none,True,top300_priority_due_diligence,False,True,True,True,True,high,Top100 and normalization core. Prioritize Phase3 moat review.
97,7595,7595.T,ARGO GRAPHICS Inc.,Information & Communication,0.9414507502057248,2.159705644014021,0.2756420917463322,0.2065941209695556,original_gross_profit_over_total_assets,direct_xbrl_gross_profit_panel_confirmed,False,Gross Profit / Total Assets was confirmed from direct XBRL gross profit in the point-in-time panel.,0.5,0.0143264817757121,319902865.0,False,False,none,False,0.0,False,4,True,True,False,False,False,False,none,True,top300_priority_due_diligence,False,True,True,True,True,high,Top100 and normalization core. Prioritize Phase3 moat review.
98,8281,8281.T,"XEBIO holdings CO.,LTD.",Retail Trade,0.9409658063774884,2.839494526849039,0.0227613393961009,0.4788756563819199,original_gross_profit_over_total_assets,direct_xbrl_gross_profit_panel_confirmed,False,Gross Profit / Total Assets was confirmed from direct XBRL gross profit in the point-in-time panel.,0.8333333333333334,-0.0535830457400317,152692603.33333334,False,False,none,False,0.0,False,4,True,True,False,False,False,False,none,True,top300_priority_due_diligence,False,True,True,True,True,high,Top100 and normalization core. Prioritize Phase3 moat review.
99,2491,2491.T,"ValueCommerce Co.,Ltd.",Services,0.9408974052646728,1.9673513104445504,0.0469036122869974,0.4552100111510345,original_gross_profit_over_total_assets,direct_xbrl_gross_profit_panel_confirmed,False,Gross Profit / Total Assets was confirmed from direct XBRL gross profit in the point-in-time panel.,0.6666666666666666,-0.0803716348575586,170931293.33333334,False,False,none,False,0.0,False,4,True,True,False,False,False,False,none,True,top300_priority_due_diligence,False,True,True,True,True,high,Top100 and normalization core. Prioritize Phase3 moat review.
100,5947,5947.T,RINNAI CORPORATION,Metal Products,0.9406144604348736,0.9799956703305742,0.0789314668006302,0.2572792646055135,original_gross_profit_over_total_assets,direct_xbrl_gross_profit_panel_confirmed,False,Gross Profit / Total Assets was confirmed from direct XBRL gross profit in the point-in-time panel.,1.0,-0.0343236397859545,1455609815.0,False,False,none,False,0.0,False,4,True,True,False,False,True,True,outlier_sensitive,True,outlier_sensitive;phase3_due_diligence,False,True,True,True,True,high,Top100 and normalization core. Prioritize Phase3 moat review.
101,4828,4828.T,Business Engineering Corporation,Information & Communication,0.9405551878148,1.0653254599770232,0.2651103561054257,0.4927276515082538,original_gross_profit_over_total_assets,direct_xbrl_gross_profit_panel_confirmed,False,Gross Profit / Total Assets was confirmed from direct XBRL gross profit in the point-in-time panel.,0.8333333333333334,-0.0112488618257899,208574455.0,False,False,none,False,0.0,False,4,True,True,False,False,False,False,none,True,top300_priority_due_diligence,False,False,True,True,True,medium_high,Top300 and normalization robust. Review after high priority group.
102,8167,8167.T,"RETAIL PARTNERS CO.,LTD.",Retail Trade,0.940460317274866,1.6951559961607254,0.0949794605105048,0.5440065765812053,original_gross_profit_over_total_assets,direct_xbrl_gross_profit_panel_confirmed,False,Gross Profit / Total Assets was confirmed from direct XBRL gross profit in the point-in-time panel.,0.6666666666666666,-0.0341313521500169,116230200.0,False,False,none,False,0.0,False,4,True,True,False,False,False,False,none,True,top300_priority_due_diligence,False,False,True,True,True,medium_high,Top300 and normalization robust. Review after high priority group.
103,9115,9115.T,"Meiji Shipping Group Co.,Ltd.",Marine Transportation,0.9400692778692266,2.4207987227402694,0.1770432408694408,0.0559291088339798,original_gross_profit_over_total_assets,direct_xbrl_gross_profit_panel_confirmed,False,Gross Profit / Total Assets was confirmed from direct XBRL gross profit in the point-in-time panel.,0.6666666666666666,-0.0825984539199036,694251050.0,False,False,none,False,0.0,False,4,True,True,False,False,False,False,none,True,top300_priority_due_diligence,False,False,True,True,True,medium_high,Top300 and normalization robust. Review after high priority group.
104,1928,1928.T,"Sekisui House,Ltd.",Construction,0.9400639665584382,1.0291683111168135,0.1112674769121007,0.1677411404102194,original_gross_profit_over_total_assets,direct_xbrl_gross_profit_panel_confirmed,False,Gross Profit / Total Assets was confirmed from direct XBRL gross profit in the point-in-time panel.,0.6666666666666666,0.0041269483881845,8520466928.333333,False,False,none,False,0.0,False,4,True,True,False,False,False,False,none,True,top300_priority_due_diligence,False,False,True,True,True,medium_high,Top300 and normalization robust. Review after high priority group.
105,3104,3104.T,"Fujibo Holdings,Inc.",Textiles and Apparels,0.9395292480889932,1.0292663292663975,0.0970928225058083,0.2234566418448234,original_gross_profit_over_total_assets,direct_xbrl_gross_profit_panel_confirmed,False,Gross Profit / Total Assets was confirmed from direct XBRL gross profit in the point-in-time panel.,1.0,-0.0647304832713754,1066016735.740153,False,False,none,False,0.0,False,4,True,True,False,False,True,True,outlier_sensitive,True,outlier_sensitive;phase3_due_diligence,False,False,True,True,True,medium_high,Top300 and normalization robust. Review after high priority group.
106,8061,8061.T,SEIKA CORPORATION,Wholesale Trade,0.9391970075252204,1.242915463991396,0.205653266714921,0.1950159418835354,original_gross_profit_over_total_assets,direct_xbrl_gross_profit_panel_confirmed,False,Gross Profit / Total Assets was confirmed from direct XBRL gross profit in the point-in-time panel.,0.8333333333333334,-0.0015076025089085,724336140.0,False,False,none,False,0.0,False,4,True,True,False,False,True,True,outlier_sensitive,True,outlier_sensitive;phase3_due_diligence,False,False,True,True,True,medium_high,Top300 and normalization robust. Review after high priority group.
107,9989,9989.T,"SUNDRUG CO.,LTD.",Retail Trade,0.938709715991886,0.6444104110253505,0.0730260554229943,0.4346836149407783,original_gross_profit_over_total_assets,direct_xbrl_gross_profit_panel_confirmed,False,Gross Profit / Total Assets was confirmed from direct XBRL gross profit in the point-in-time panel.,1.0,-0.0227109662083328,1789926436.6666667,False,False,none,False,0.0,False,4,True,True,False,False,False,False,none,True,top300_priority_due_diligence,False,False,True,True,True,medium_high,Top300 and normalization robust. Review after high priority group.
108,8173,8173.T,Joshin Corporation,Retail Trade,0.9386969508869888,1.2884751685173856,0.0419417656249819,0.4183649662523075,original_gross_profit_over_total_assets,direct_xbrl_gross_profit_panel_confirmed,False,Gross Profit / Total Assets was confirmed from direct XBRL gross profit in the point-in-time panel.,0.8333333333333334,-0.053020886148411,359923850.0,False,False,none,False,0.0,False,4,True,True,False,False,True,True,outlier_sensitive,True,outlier_sensitive;phase3_due_diligence,False,False,True,True,True,medium_high,Top300 and normalization robust. Review after high priority group.
109,4540,4540.T,TSUMURA & CO.,Pharmaceutical,0.9385724802621788,1.1580357383101123,0.1211077149849444,0.1950622335156552,original_gross_profit_over_total_assets,direct_xbrl_gross_profit_panel_confirmed,False,Gross Profit / Total Assets was confirmed from direct XBRL gross profit in the point-in-time panel.,0.8333333333333334,0.0015683919725217,1211252031.6666667,False,False,none,False,0.0,False,4,True,True,False,False,True,True,outlier_sensitive,True,outlier_sensitive;phase3_due_diligence,False,False,True,True,True,medium_high,Top300 and normalization robust. Review after high priority group.
110,2733,2733.T,ARATA CORPORATION,Wholesale Trade,0.9383870156302972,1.3949156080552183,0.1240688256278769,0.3086697377200636,original_gross_profit_over_total_assets,direct_xbrl_gross_profit_panel_confirmed,False,Gross Profit / Total Assets was confirmed from direct XBRL gross profit in the point-in-time panel.,0.8333333333333334,0.0018832391713747,256909288.33333337,False,False,none,False,0.0,False,4,True,True,False,False,True,True,outlier_sensitive,True,outlier_sensitive;phase3_due_diligence,False,False,True,True,True,medium_high,Top300 and normalization robust. Review after high priority group.
111,8282,8282.T,K'S HOLDINGS CORPORATION,Retail Trade,0.937876741616391,0.7669909627607371,0.0290760450226302,0.4833965013887509,original_gross_profit_over_total_assets,direct_xbrl_gross_profit_panel_confirmed,False,Gross Profit / Total Assets was confirmed from direct XBRL gross profit in the point-in-time panel.,0.8333333333333334,-0.0619063494257626,1411873930.0,False,False,none,False,0.0,False,4,True,True,False,False,False,False,none,True,top300_priority_due_diligence,False,False,True,True,True,medium_high,Top300 and normalization robust. Review after high priority group.
112,2433,2433.T,HAKUHODO DY HOLDINGS INCORPORATED,Services,0.9377333374949984,0.9960339045325776,0.0301327210640666,0.380500308991412,original_gross_profit_over_total_assets,direct_xbrl_gross_profit_panel_confirmed,False,Gross Profit / Total Assets was confirmed from direct XBRL gross profit in the point-in-time panel.,0.5,-0.0670735011665519,1050303739.1666666,False,False,none,False,0.0,False,4,True,True,False,False,True,True,outlier_sensitive,True,outlier_sensitive;phase3_due_diligence,False,False,True,True,True,medium_high,Top300 and normalization robust. Review after high priority group.
113,8037,8037.T,KAMEI CORPORATION,Wholesale Trade,0.9376015682065996,1.5722567592460746,0.1071827955997696,0.2900969723426148,original_gross_profit_over_total_assets,direct_xbrl_gross_profit_panel_confirmed,False,Gross Profit / Total Assets was confirmed from direct XBRL gross profit in the point-in-time panel.,1.0,-0.0837228041901692,185679500.0,False,False,none,False,0.0,False,4,True,True,False,False,False,False,none,True,top300_priority_due_diligence,False,False,True,True,True,medium_high,Top300 and normalization robust. Review after high priority group.
114,7912,7912.T,"Dai Nippon Printing Co.,Ltd.",Other Products,0.937525823675502,1.0201257969945152,0.0958326383154823,0.1763850752774739,original_gross_profit_over_total_assets,direct_xbrl_gross_profit_panel_confirmed,False,Gross Profit / Total Assets was confirmed from direct XBRL gross profit in the point-in-time panel.,0.8333333333333334,-0.0099001747013721,5125957500.833333,False,False,none,False,0.0,False,4,True,True,False,False,False,False,none,True,top300_priority_due_diligence,False,False,True,True,True,medium_high,Top300 and normalization robust. Review after high priority group.
115,3087,3087.T,"DOUTOR・NICHIRES Holdings Co.,Ltd.",Retail Trade,0.9373600938865032,0.9627624285949304,0.0662826095515031,0.6825506680459837,original_gross_profit_over_total_assets,direct_xbrl_gross_profit_panel_confirmed,False,Gross Profit / Total Assets was confirmed from direct XBRL gross profit in the point-in-time panel.,0.6666666666666666,0.0018104409454034,371988901.6666667,False,False,none,False,0.0,False,4,True,True,False,False,False,False,none,True,top300_priority_due_diligence,False,False,True,True,True,medium_high,Top300 and normalization robust. Review after high priority group.
116,2001,2001.T,NIPPN CORPORATION,Foods,0.9364096204670964,1.182607118325566,0.1203170944412222,0.2494577006507592,original_gross_profit_over_total_assets,direct_xbrl_gross_profit_panel_confirmed,False,Gross Profit / Total Assets was confirmed from direct XBRL gross profit in the point-in-time panel.,0.5,0.0160551100750968,587806231.6666666,False,False,none,False,0.0,False,4,True,True,False,False,True,True,outlier_sensitive,True,outlier_sensitive;phase3_due_diligence,False,False,True,True,True,medium_high,Top300 and normalization robust. Review after high priority group.
117,9934,9934.T,"INABA DENKISANGYO CO.,LTD.",Wholesale Trade,0.9363347074859816,1.1388876800512058,0.123635165812648,0.2332973693737611,original_gross_profit_over_total_assets,direct_xbrl_gross_profit_panel_confirmed,False,Gross Profit / Total Assets was confirmed from direct XBRL gross profit in the point-in-time panel.,1.0,-0.0165983988599676,532289361.6666667,False,False,none,False,0.0,False,4,True,True,False,False,True,True,outlier_sensitive,True,outlier_sensitive;phase3_due_diligence,False,False,True,True,True,medium_high,Top300 and normalization robust. Review after high priority group.
118,2593,2593.T,"ITO EN,LTD.",Foods,0.9362700972866156,0.6934492453687575,0.057144117536937,0.5212972797288434,original_gross_profit_over_total_assets,direct_xbrl_gross_profit_panel_confirmed,False,Gross Profit / Total Assets was confirmed from direct XBRL gross profit in the point-in-time panel.,0.6666666666666666,-0.0101275608813297,1507178258.3333333,False,False,none,False,0.0,False,4,True,True,False,False,False,False,none,True,top300_priority_due_diligence,False,False,True,True,True,medium_high,Top300 and normalization robust. Review after high priority group.
119,9832,9832.T,"AUTOBACS SEVEN CO.,LTD.",Wholesale Trade,0.9361766443188034,1.1547090648686182,0.0712970261402779,0.3873120918613315,original_gross_profit_over_total_assets,direct_xbrl_gross_profit_panel_confirmed,False,Gross Profit / Total Assets was confirmed from direct XBRL gross profit in the point-in-time panel.,0.5,0.0198715252010077,455908010.0,False,False,none,False,0.0,False,4,True,True,False,False,True,True,outlier_sensitive,True,outlier_sensitive;phase3_due_diligence,False,False,True,True,True,medium_high,Top300 and normalization robust. Review after high priority group.
120,3048,3048.T,BIC CAMERA INC.,Retail Trade,0.9359374428311832,0.7059480180837249,0.0679955881929372,0.5207210232485623,original_gross_profit_over_total_assets,direct_xbrl_gross_profit_panel_confirmed,False,Gross Profit / Total Assets was confirmed from direct XBRL gross profit in the point-in-time panel.,1.0,-0.0100538279270519,891480108.3333334,False,False,none,False,0.0,False,4,True,True,False,False,False,False,none,True,top300_priority_due_diligence,False,False,True,True,True,medium_high,Top300 and normalization robust. Review after high priority group.
121,2792,2792.T,"HONEYS HOLDINGS CO.,LTD.",Retail Trade,0.935898095476314,1.2209874209982614,0.1128694970299521,0.5915147318703415,original_gross_profit_over_total_assets,direct_xbrl_gross_profit_panel_confirmed,False,Gross Profit / Total Assets was confirmed from direct XBRL gross profit in the point-in-time panel.,0.5,-0.0120890288945393,156530006.66666666,False,False,none,False,0.0,False,4,True,True,False,False,False,False,none,True,top300_priority_due_diligence,False,False,True,True,True,medium_high,Top300 and normalization robust. Review after high priority group.
122,8011,8011.T,SANYO SHOKAI LTD.,Textiles and Apparels,0.9357458623082708,1.0847300873304335,0.109101215440023,0.5944388777555111,original_gross_profit_over_total_assets,direct_xbrl_gross_profit_panel_confirmed,False,Gross Profit / Total Assets was confirmed from direct XBRL gross profit in the point-in-time panel.,0.3333333333333333,0.0533974353490679,234527183.33333337,False,False,none,False,0.0,False,4,True,True,False,False,False,False,none,True,top300_priority_due_diligence,False,False,True,True,True,medium_high,Top300 and normalization robust. Review after high priority group.
123,6302,6302.T,"SUMITOMO HEAVY INDUSTRIES,LTD.",Machinery,0.9356935128187048,1.113332001441348,0.0534469059234131,0.1949691738594328,original_gross_profit_over_total_assets,direct_xbrl_gross_profit_panel_confirmed,False,Gross Profit / Total Assets was confirmed from direct XBRL gross profit in the point-in-time panel.,0.8333333333333334,-0.0236439349455095,4214246596.6666665,False,False,none,False,0.0,False,4,True,True,False,False,False,False,none,True,top300_priority_due_diligence,False,False,True,True,True,medium_high,Top300 and normalization robust. Review after high priority group.
124,6419,6419.T,Mars Group Holdings Corporation,Machinery,0.9352348553934428,1.4243868130896205,0.1587026516418462,0.2396333941204467,original_gross_profit_over_total_assets,direct_xbrl_gross_profit_panel_confirmed,False,Gross Profit / Total Assets was confirmed from direct XBRL gross profit in the point-in-time panel.,0.8333333333333334,-0.0226435415364907,281123513.3333333,False,False,none,False,0.0,False,4,True,True,False,False,True,True,outlier_sensitive,True,outlier_sensitive;phase3_due_diligence,False,False,True,True,True,medium_high,Top300 and normalization robust. Review after high priority group.
125,7581,7581.T,"SAIZERIYA CO.,LTD.",Retail Trade,0.9347522580451564,0.4457400572055082,0.0424749865449123,0.7515728977616455,original_gross_profit_over_total_assets,direct_xbrl_gross_profit_panel_confirmed,False,Gross Profit / Total Assets was confirmed from direct XBRL gross profit in the point-in-time panel.,0.6666666666666666,-0.0785855025448269,2746001683.3333335,False,False,none,False,0.0,False,4,True,True,False,False,False,False,none,True,top300_priority_due_diligence,False,False,True,True,True,medium_high,Top300 and normalization robust. Review after high priority group.
126,2288,2288.T,"MARUDAI FOOD CO.,LTD.",Foods,0.9344622065748815,1.2458779308370531,0.1033226925793052,0.3068144227588488,original_gross_profit_over_total_assets,direct_xbrl_gross_profit_panel_confirmed,False,Gross Profit / Total Assets was confirmed from direct XBRL gross profit in the point-in-time panel.,0.8333333333333334,0.0013265276696369,313430735.0,False,False,none,False,0.0,False,4,True,True,False,False,True,True,outlier_sensitive,True,outlier_sensitive;phase3_due_diligence,False,False,True,True,True,medium_high,Top300 and normalization robust. Review after high priority group.
127,6794,6794.T,"Foster Electric Company,Limited",Electric Appliances,0.9343511630425492,1.1159323840996305,0.0943325013693799,0.2258158126298841,original_gross_profit_over_total_assets,direct_xbrl_gross_profit_panel_confirmed,False,Gross Profit / Total Assets was confirmed from direct XBRL gross profit in the point-in-time panel.,1.0,-0.0860893340268069,557762190.0,False,False,none,False,0.0,False,4,True,True,False,False,True,True,outlier_sensitive,True,outlier_sensitive;phase3_due_diligence,False,False,True,True,True,medium_high,Top300 and normalization robust. Review after high priority group.
128,1980,1980.T,"DAI-DAN CO.,LTD.",Construction,0.9342203005865172,1.031508979804418,0.1653724082780776,0.1920449214849356,phase2_snapshot_metric_source_unverified,phase2_snapshot_metric_source_unverified,True,"Phase2 snapshot contains a gross_profitability value, but direct historical XBRL source was not confirmed for this row.",0.5,0.0271695462696415,1721383641.6666667,False,False,none,False,0.0,False,4,True,True,False,False,True,True,outlier_sensitive,True,outlier_sensitive;phase3_due_diligence,False,False,True,True,True,medium_high,Top300 and normalization robust. Review after high priority group.
129,3349,3349.T,COSMOS Pharmaceutical Corporation,Retail Trade,0.9340817959238568,0.5572896131448768,0.0670531984634762,0.4064391954340597,original_gross_profit_over_total_assets,direct_xbrl_gross_profit_panel_confirmed,False,Gross Profit / Total Assets was confirmed from direct XBRL gross profit in the point-in-time panel.,0.8333333333333334,-0.042922158272088,2960785696.6666665,False,False,none,False,0.0,False,4,True,True,False,False,False,False,none,True,top300_priority_due_diligence,False,False,True,True,True,medium_high,Top300 and normalization robust. Review after high priority group.
130,5423,5423.T,"TOKYO STEEL MANUFACTURING CO.,LTD.",Iron and Steel,0.933737423496106,1.1816233025451932,0.1193511699037992,0.1980489669696525,original_gross_profit_over_total_assets,direct_xbrl_gross_profit_panel_confirmed,False,Gross Profit / Total Assets was confirmed from direct XBRL gross profit in the point-in-time panel.,0.5,0.0053514298921264,964738555.0,False,False,none,False,0.0,False,4,True,True,False,False,True,True,outlier_sensitive,True,outlier_sensitive;phase3_due_diligence,False,False,True,True,True,medium_high,Top300 and normalization robust. Review after high priority group.
131,8214,8214.T,AOKI Holdings Inc.,Retail Trade,0.9337019595849996,1.0530684922944171,0.0709306159084476,0.3463446878648444,original_gross_profit_over_total_assets,direct_xbrl_gross_profit_panel_confirmed,False,Gross Profit / Total Assets was confirmed from direct XBRL gross profit in the point-in-time panel.,1.0,-0.0518300543572063,389855761.6666667,False,False,none,False,0.0,False,4,True,True,False,False,True,True,outlier_sensitive,True,outlier_sensitive;phase3_due_diligence,False,False,True,True,True,medium_high,Top300 and normalization robust. Review after high priority group.
132,2678,2678.T,ASKUL Corporation,Retail Trade,0.933443057366962,0.7197919356784274,0.0836157737572141,0.5160109227243592,original_gross_profit_over_total_assets,direct_xbrl_gross_profit_panel_confirmed,False,Gross Profit / Total Assets was confirmed from direct XBRL gross profit in the point-in-time panel.,0.8333333333333334,-0.0147352413963011,586196151.6666666,False,False,none,False,0.0,False,4,True,True,False,False,True,True,outlier_sensitive,True,outlier_sensitive;phase3_due_diligence,False,False,True,True,True,medium_high,Top300 and normalization robust. Review after high priority group.
133,2659,2659.T,"SAN-A CO.,LTD.",Retail Trade,0.9332907998165249,0.8381621692111931,0.0606342045645145,0.4130564983030545,original_gross_profit_over_total_assets,direct_xbrl_gross_profit_panel_confirmed,False,Gross Profit / Total Assets was confirmed from direct XBRL gross profit in the point-in-time panel.,0.5,-0.0963155318620536,695597795.0,False,False,none,False,0.0,False,4,True,True,False,False,True,True,outlier_sensitive,True,outlier_sensitive;phase3_due_diligence,False,False,True,True,True,medium_high,Top300 and normalization robust. Review after high priority group.
134,9202,9202.T,ANA HOLDINGS INC.,Air Transportation,0.933092952711088,0.9945097324415596,0.1179077441730312,0.1151749717165838,original_gross_profit_over_total_assets,direct_xbrl_gross_profit_panel_confirmed,False,Gross Profit / Total Assets was confirmed from direct XBRL gross profit in the point-in-time panel.,0.6666666666666666,-0.0608125179064584,9395589111.666666,False,False,none,False,0.0,False,4,True,True,False,False,False,False,none,True,top300_priority_due_diligence,False,False,True,True,True,medium_high,Top300 and normalization robust. Review after high priority group.
135,3941,3941.T,"Rengo Co.,Ltd.",Pulp and Paper,0.9329507867673696,1.4187979895088514,0.0866774721083711,0.1336385576533601,original_gross_profit_over_total_assets,direct_xbrl_gross_profit_panel_confirmed,False,Gross Profit / Total Assets was confirmed from direct XBRL gross profit in the point-in-time panel.,0.8333333333333334,-0.0351145909604139,1438263301.6666667,False,False,none,False,0.0,False,4,True,True,False,False,True,True,outlier_sensitive,True,outlier_sensitive;phase3_due_diligence,False,False,True,True,True,medium_high,Top300 and normalization robust. Review after high priority group.
136,9470,9470.T,"GAKKEN HOLDINGS CO.,LTD.",Information & Communication,0.932935039428618,1.52597030210713,0.1215213356220572,0.3947943158469474,original_gross_profit_over_total_assets,direct_xbrl_gross_profit_panel_confirmed,False,Gross Profit / Total Assets was confirmed from direct XBRL gross profit in the point-in-time panel.,1.0,-0.0228300013337878,121937936.66666669,False,False,none,False,0.0,False,4,True,True,False,False,False,False,none,True,top300_priority_due_diligence,True,False,True,True,True,medium_high,Top300 and normalization robust. Review after high priority group.
137,6814,6814.T,"FURUNO ELECTRIC CO.,LTD.",Electric Appliances,0.9328742892228292,0.4655885756400852,0.0870113123636959,0.4126793242975581,original_gross_profit_over_total_assets,direct_xbrl_gross_profit_panel_confirmed,False,Gross Profit / Total Assets was confirmed from direct XBRL gross profit in the point-in-time panel.,0.8333333333333334,-0.0347021137634351,2906114066.6666665,False,False,none,False,0.0,False,4,True,True,False,False,False,False,none,True,top300_priority_due_diligence,False,False,True,True,True,medium_high,Top300 and normalization robust. Review after high priority group.
138,4651,4651.T,SANIX HOLDINGS INCORPORATED,Services,0.9328664141305262,0.8864321719046249,0.1297834320517194,0.453035056608921,original_gross_profit_over_total_assets,direct_xbrl_gross_profit_panel_confirmed,False,Gross Profit / Total Assets was confirmed from direct XBRL gross profit in the point-in-time panel.,0.5,-0.0314860092366204,307577845.0,False,False,none,False,0.0,False,4,True,True,False,False,True,True,outlier_sensitive,True,outlier_sensitive;phase3_due_diligence,False,False,True,True,True,medium_high,Top300 and normalization robust. Review after high priority group.
139,2685,2685.T,"and ST HD Co.,Ltd.",Retail Trade,0.9328174060099526,0.5414170118514697,0.0628475951574161,1.1421381226106329,original_gross_profit_over_total_assets,direct_xbrl_gross_profit_panel_confirmed,False,Gross Profit / Total Assets was confirmed from direct XBRL gross profit in the point-in-time panel.,0.6666666666666666,-0.0778247326269011,655337998.3333334,False,False,none,False,0.0,False,4,True,True,False,False,False,False,none,True,top300_priority_due_diligence,False,False,True,True,True,medium_high,Top300 and normalization robust. Review after high priority group.
140,6460,6460.T,SEGA SAMMY HOLDINGS INC.,Machinery,0.9326760648239778,0.7376935462086935,0.0871033736676536,0.2988754251469888,original_gross_profit_over_total_assets,direct_xbrl_gross_profit_panel_confirmed,False,Gross Profit / Total Assets was confirmed from direct XBRL gross profit in the point-in-time panel.,0.6666666666666666,0.0372690797684888,2637196344.1666665,False,False,none,False,0.0,False,4,True,True,False,False,False,False,none,True,top300_priority_due_diligence,False,False,True,True,True,medium_high,Top300 and normalization robust. Review after high priority group.
141,6588,6588.T,TOSHIBA TEC CORPORATION,Electric Appliances,0.9326510911807926,0.6848655359687531,0.1805804853149058,0.6577600318733381,original_gross_profit_over_total_assets,direct_xbrl_gross_profit_panel_confirmed,False,Gross Profit / Total Assets was confirmed from direct XBRL gross profit in the point-in-time panel.,0.8333333333333334,0.0164268585131894,352472765.0,False,False,none,False,0.0,False,4,True,True,False,False,False,False,none,True,top300_priority_due_diligence,False,False,True,True,True,medium_high,Top300 and normalization robust. Review after high priority group.
142,4613,4613.T,"KANSAI PAINT CO.,LTD.",Chemicals,0.9324166322522732,0.8273662193742193,0.1069260606646498,0.2346890030759743,original_gross_profit_over_total_assets,direct_xbrl_gross_profit_panel_confirmed,False,Gross Profit / Total Assets was confirmed from direct XBRL gross profit in the point-in-time panel.,0.3333333333333333,0.0134917177960461,3023000225.8333335,False,False,none,False,0.0,False,4,True,True,False,False,False,False,none,True,top300_priority_due_diligence,False,False,True,True,True,medium_high,Top300 and normalization robust. Review after high priority group.
143,4751,4751.T,"CyberAgent,Inc.",Services,0.9324118664886714,0.4015090602001421,0.0611174734647609,0.4739214088541573,original_gross_profit_over_total_assets,direct_xbrl_gross_profit_panel_confirmed,False,Gross Profit / Total Assets was confirmed from direct XBRL gross profit in the point-in-time panel.,1.0,-0.0697006901582157,5048035577.5,False,False,none,False,0.0,False,4,True,True,False,False,False,False,none,True,top300_priority_due_diligence,False,False,True,True,True,medium_high,Top300 and normalization robust. Review after high priority group.
144,7911,7911.T,TOPPAN Holdings Inc.,Other Products,0.93211368169112,1.0891854252634172,0.0763907322435681,0.1642265257623295,original_gross_profit_over_total_assets,direct_xbrl_gross_profit_panel_confirmed,False,Gross Profit / Total Assets was confirmed from direct XBRL gross profit in the point-in-time panel.,0.5,0.0140255385335492,8475929190.0,False,False,none,False,0.0,False,4,True,True,False,False,False,False,none,True,top300_priority_due_diligence,False,False,True,True,True,medium_high,Top300 and normalization robust. Review after high priority group.
145,3148,3148.T,"CREATE SD HOLDINGS CO.,LTD.",Retail Trade,0.9318744363634496,0.6860893892431892,0.0754015699991551,0.5039714914969078,original_gross_profit_over_total_assets,direct_xbrl_gross_profit_panel_confirmed,False,Gross Profit / Total Assets was confirmed from direct XBRL gross profit in the point-in-time panel.,0.8333333333333334,-0.0350519377894323,644299083.3333334,False,False,none,False,0.0,False,4,True,True,False,False,True,True,outlier_sensitive,True,outlier_sensitive;phase3_due_diligence,False,False,True,True,True,medium_high,Top300 and normalization robust. Review after high priority group.
146,3407,3407.T,ASAHI KASEI CORPORATION,Chemicals,0.9314829603401156,0.7980797578755279,0.0585459085139145,0.2386572670846435,original_gross_profit_over_total_assets,direct_xbrl_gross_profit_panel_confirmed,False,Gross Profit / Total Assets was confirmed from direct XBRL gross profit in the point-in-time panel.,0.5,-0.0419604519126474,9208645430.0,False,False,none,False,0.0,False,4,True,True,False,False,False,False,none,True,top300_priority_due_diligence,False,False,True,True,True,medium_high,Top300 and normalization robust. Review after high priority group.
147,2929,2929.T,"Pharma Foods International Co.,Ltd.",Foods,0.930796172805462,0.8727181247274739,0.146932021738797,1.44792928736645,original_gross_profit_over_total_assets,direct_xbrl_gross_profit_panel_confirmed,False,Gross Profit / Total Assets was confirmed from direct XBRL gross profit in the point-in-time panel.,0.5,0.1040940766550522,187330905.0,False,False,none,False,0.0,False,4,True,True,False,False,False,False,none,True,top300_priority_due_diligence,False,False,True,True,True,medium_high,Top300 and normalization robust. Review after high priority group.
148,2726,2726.T,"PAL GROUP Holdings CO.,LTD",Retail Trade,0.9307435832021256,0.3656750597813177,0.0758493430602375,0.8088464157183154,original_gross_profit_over_total_assets,direct_xbrl_gross_profit_panel_confirmed,False,Gross Profit / Total Assets was confirmed from direct XBRL gross profit in the point-in-time panel.,1.0,-0.0221429142994318,1488770916.6666667,False,False,none,False,0.0,False,4,True,True,False,False,False,False,none,True,top300_priority_due_diligence,False,False,True,True,True,medium_high,Top300 and normalization robust. Review after high priority group.
149,2002,2002.T,NISSHIN SEIFUN GROUP INC.,Foods,0.9307101021837458,0.905364777781256,0.0647268170915106,0.2408203993096226,original_gross_profit_over_total_assets,direct_xbrl_gross_profit_panel_confirmed,False,Gross Profit / Total Assets was confirmed from direct XBRL gross profit in the point-in-time panel.,1.0,-0.0238540226365135,1916750076.6666667,False,False,none,False,0.0,False,4,True,True,False,False,True,True,outlier_sensitive,True,outlier_sensitive;phase3_due_diligence,False,False,True,True,True,medium_high,Top300 and normalization robust. Review after high priority group.
150,7240,7240.T,NOK CORPORATION,Transportation Equipment,0.9305806929739604,1.317035445261267,0.0879451743697778,0.1513920061602351,original_gross_profit_over_total_assets,direct_xbrl_gross_profit_panel_confirmed,False,Gross Profit / Total Assets was confirmed from direct XBRL gross profit in the point-in-time panel.,1.0,-0.0539856924139108,993844125.8333334,False,False,none,False,0.0,False,4,True,True,False,False,True,True,outlier_sensitive,True,outlier_sensitive;phase3_due_diligence,False,False,True,True,True,medium_high,Top300 and normalization robust. Review after high priority group.
151,7988,7988.T,NIFCO INC.,Chemicals,0.9303392777896812,0.6783691390819069,0.1114888636579567,0.2822419276702403,original_gross_profit_over_total_assets,direct_xbrl_gross_profit_panel_confirmed,False,Gross Profit / Total Assets was confirmed from direct XBRL gross profit in the point-in-time panel.,0.8333333333333334,-0.0221225143741096,1597828465.0,False,False,none,False,0.0,False,4,True,True,False,False,True,True,outlier_sensitive,True,outlier_sensitive;phase3_due_diligence,False,False,True,True,True,medium_high,Top300 and normalization robust. Review after high priority group.
152,2296,2296.T,ITOHAM YONEKYU HOLDINGS INC.,Foods,0.9300466063106996,1.054689814910892,0.0485134181657333,0.2853735152855726,original_gross_profit_over_total_assets,direct_xbrl_gross_profit_panel_confirmed,False,Gross Profit / Total Assets was confirmed from direct XBRL gross profit in the point-in-time panel.,0.5,0.0067858675809156,1231731283.3333333,False,False,none,False,0.0,False,4,True,True,False,False,True,True,outlier_sensitive,True,outlier_sensitive;phase3_due_diligence,False,False,True,True,True,medium_high,Top300 and normalization robust. Review after high priority group.
153,5019,5019.T,"Idemitsu Kosan Co.,Ltd.",Oil and Coal Products,0.9299807233716616,1.0568100544617998,0.0632827493236875,0.1443617600018092,original_gross_profit_over_total_assets,direct_xbrl_gross_profit_panel_confirmed,False,Gross Profit / Total Assets was confirmed from direct XBRL gross profit in the point-in-time panel.,0.8333333333333334,-0.0761527443989153,7145332335.0,False,False,none,False,0.0,False,4,True,True,False,False,False,False,none,True,top300_priority_due_diligence,False,False,True,True,True,medium_high,Top300 and normalization robust. Review after high priority group.
154,2379,2379.T,dip Corporation,Services,0.9299627362330708,0.4545114267440464,0.0646274320329389,0.971554483506279,original_gross_profit_over_total_assets,direct_xbrl_gross_profit_panel_confirmed,False,Gross Profit / Total Assets was confirmed from direct XBRL gross profit in the point-in-time panel.,0.6666666666666666,-0.0797376242962509,831188383.3333334,False,False,none,False,0.0,False,4,True,True,False,False,False,False,none,True,top300_priority_due_diligence,False,False,True,True,True,medium_high,Top300 and normalization robust. Review after high priority group.
155,5210,5210.T,"Nihon Yamamura Glass Co.,Ltd.",Glass and Ceramics Products,0.9298692424004916,1.969799159694988,0.1004153092424095,0.1493152562386007,original_gross_profit_over_total_assets,direct_xbrl_gross_profit_panel_confirmed,False,Gross Profit / Total Assets was confirmed from direct XBRL gross profit in the point-in-time panel.,0.6666666666666666,-0.041058852786023,408525683.3333333,False,False,none,False,0.0,False,4,True,True,False,False,False,False,none,True,top300_priority_due_diligence,False,False,True,True,True,medium_high,Top300 and normalization robust. Review after high priority group.
156,3002,3002.T,GUNZE LIMITED,Textiles and Apparels,0.9298468821660628,0.9712837155565194,0.0508193443609195,0.2704334375019571,original_gross_profit_over_total_assets,direct_xbrl_gross_profit_panel_confirmed,False,Gross Profit / Total Assets was confirmed from direct XBRL gross profit in the point-in-time panel.,1.0,-0.0325946376162761,1160320833.3333333,False,False,none,False,0.0,False,4,True,True,False,False,True,True,outlier_sensitive,True,outlier_sensitive;phase3_due_diligence,False,False,True,True,True,medium_high,Top300 and normalization robust. Review after high priority group.
157,6039,6039.T,"Japan Animal Referral Medical Center Co.,Ltd.",Services,0.9296012017961156,1.6266100138769692,0.2042735983759178,0.2093435944196975,original_gross_profit_over_total_assets,direct_xbrl_gross_profit_panel_confirmed,False,Gross Profit / Total Assets was confirmed from direct XBRL gross profit in the point-in-time panel.,1.0,-0.097170269728149,185675618.33333337,False,False,none,False,0.0,False,4,True,True,False,False,False,False,none,True,top300_priority_due_diligence,False,False,True,True,True,medium_high,Top300 and normalization robust. Review after high priority group.
158,9699,9699.T,"NISHIO HOLDINGS CO.,LTD.",Services,0.9293187477768948,1.354737694872295,0.1175421253411569,0.293005136899896,original_gross_profit_over_total_assets,direct_xbrl_gross_profit_panel_confirmed,False,Gross Profit / Total Assets was confirmed from direct XBRL gross profit in the point-in-time panel.,1.0,-0.0667989924193331,172423258.33333334,False,False,none,False,0.0,False,4,True,True,False,False,True,True,outlier_sensitive,True,outlier_sensitive;phase3_due_diligence,False,False,True,True,True,medium_high,Top300 and normalization robust. Review after high priority group.
159,4043,4043.T,Tokuyama Corporation,Chemicals,0.929148156740777,0.7308125082297066,0.0845326695703335,0.2270924198930297,original_gross_profit_over_total_assets,direct_xbrl_gross_profit_panel_confirmed,False,Gross Profit / Total Assets was confirmed from direct XBRL gross profit in the point-in-time panel.,0.8333333333333334,-0.044326759621966,3580177205.0,False,False,none,False,0.0,False,4,True,True,False,False,False,False,none,True,top300_priority_due_diligence,False,False,True,True,True,medium_high,Top300 and normalization robust. Review after high priority group.
160,2269,2269.T,"Meiji Holdings Co.,Ltd.",Foods,0.9290564866528912,0.7794528278837647,0.0532427523653493,0.2771169701660005,original_gross_profit_over_total_assets,direct_xbrl_gross_profit_panel_confirmed,False,Gross Profit / Total Assets was confirmed from direct XBRL gross profit in the point-in-time panel.,0.6666666666666666,-0.0122636899181912,4417956616.666667,False,False,none,False,0.0,False,4,True,True,False,False,False,False,none,True,top300_priority_due_diligence,False,False,True,True,True,medium_high,Top300 and normalization robust. Review after high priority group.
161,9107,9107.T,"Kawasaki Kisen Kaisha,Ltd.",Marine Transportation,0.9289650457297156,1.0266126998069478,0.1882513030260937,0.0824655923918429,original_gross_profit_over_total_assets,direct_xbrl_gross_profit_panel_confirmed,False,Gross Profit / Total Assets was confirmed from direct XBRL gross profit in the point-in-time panel.,0.6666666666666666,0.0159384889064218,17849093597.5,False,False,none,False,0.0,False,4,True,True,False,False,False,False,none,True,top300_priority_due_diligence,False,False,True,True,True,medium_high,Top300 and normalization robust. Review after high priority group.
162,5331,5331.T,"NORITAKE CO.,LIMITED",Glass and Ceramics Products,0.928625900711913,1.1864294358046907,0.1020004360434492,0.1948041470006858,original_gross_profit_over_total_assets,direct_xbrl_gross_profit_panel_confirmed,False,Gross Profit / Total Assets was confirmed from direct XBRL gross profit in the point-in-time panel.,0.8333333333333334,0.0547228764601716,853827866.6666666,False,False,none,False,0.0,False,4,True,True,False,False,True,True,outlier_sensitive,True,outlier_sensitive;phase3_due_diligence,False,False,True,True,True,medium_high,Top300 and normalization robust. Review after high priority group.
163,5440,5440.T,KYOEI STEEL LTD.,Iron and Steel,0.9284579593380692,2.743865292421231,0.1415637553154687,0.1086280000453478,original_gross_profit_over_total_assets,direct_xbrl_gross_profit_panel_confirmed,False,Gross Profit / Total Assets was confirmed from direct XBRL gross profit in the point-in-time panel.,0.8333333333333334,-0.080948171615668,298099328.3333333,False,False,none,False,0.0,False,4,True,True,False,False,False,False,none,True,top300_priority_due_diligence,False,False,True,True,True,medium_high,Top300 and normalization robust. Review after high priority group.
164,3865,3865.T,Hokuetsu Corporation,Pulp and Paper,0.9281292245640032,1.7409351775357629,0.1026475339190229,0.1589782577047771,original_gross_profit_over_total_assets,direct_xbrl_gross_profit_panel_confirmed,False,Gross Profit / Total Assets was confirmed from direct XBRL gross profit in the point-in-time panel.,1.0,-0.0588663747743506,348046906.6666667,False,False,none,False,0.0,False,4,True,True,False,False,False,False,none,True,top300_priority_due_diligence,False,False,True,True,True,medium_high,Top300 and normalization robust. Review after high priority group.
165,9534,9534.T,"HOKKAIDO GAS CO.,LTD.",Electric Power and Gas,0.9280006140836808,1.371415650458767,0.1616201704561627,0.257722674498928,original_gross_profit_over_total_assets,direct_xbrl_gross_profit_panel_confirmed,False,Gross Profit / Total Assets was confirmed from direct XBRL gross profit in the point-in-time panel.,0.6666666666666666,-0.1016456389128254,192052623.33333337,False,False,none,False,0.0,False,3,True,True,False,False,True,True,outlier_sensitive,True,outlier_sensitive;phase3_due_diligence,False,False,True,True,True,medium_high,Top300 and normalization robust. Review after high priority group.
166,6526,6526.T,Socionext Inc.,Electric Appliances,0.9279836506797624,0.2732454103467318,0.0390789227178899,0.6101683968246512,original_gross_profit_over_total_assets,direct_xbrl_gross_profit_panel_confirmed,False,Gross Profit / Total Assets was confirmed from direct XBRL gross profit in the point-in-time panel.,0.6666666666666666,-0.0686878415912552,17619074970.833332,False,False,none,False,0.0,False,4,True,True,False,False,False,False,none,True,top300_priority_due_diligence,False,False,True,True,True,medium_high,Top300 and normalization robust. Review after high priority group.
167,5262,5262.T,Nippon Hume Corporation,Glass and Ceramics Products,0.9279593956167446,1.8672393558343376,0.1322657828912961,0.126882416111655,original_gross_profit_over_total_assets,direct_xbrl_gross_profit_panel_confirmed,False,Gross Profit / Total Assets was confirmed from direct XBRL gross profit in the point-in-time panel.,0.8333333333333334,0.0361143035525064,512303433.3333333,False,False,none,False,0.0,False,4,True,True,False,False,False,False,none,True,top300_priority_due_diligence,False,False,True,True,True,medium_high,Top300 and normalization robust. Review after high priority group.
168,7130,7130.T,"YAMAE GROUP HOLDINGS CO.,LTD.",Wholesale Trade,0.9278713975847056,1.1458148320911177,0.1143264520858148,0.3074517379237832,original_gross_profit_over_total_assets,direct_xbrl_gross_profit_panel_confirmed,False,Gross Profit / Total Assets was confirmed from direct XBRL gross profit in the point-in-time panel.,0.6666666666666666,-0.0411140745965618,246312053.33333337,False,False,none,False,0.0,False,4,True,True,False,False,True,True,outlier_sensitive,True,outlier_sensitive;phase3_due_diligence,False,False,True,True,True,medium_high,Top300 and normalization robust. Review after high priority group.
169,7459,7459.T,MEDIPAL HOLDINGS CORPORATION,Wholesale Trade,0.9278699409559256,1.3663909601707236,0.092895843875096,0.1401425985104527,original_gross_profit_over_total_assets,direct_xbrl_gross_profit_panel_confirmed,False,Gross Profit / Total Assets was confirmed from direct XBRL gross profit in the point-in-time panel.,0.8333333333333334,-0.0049827392152171,1173707812.5,False,False,none,False,0.0,False,4,True,True,False,False,True,True,outlier_sensitive,True,outlier_sensitive;phase3_due_diligence,False,False,True,True,True,medium_high,Top300 and normalization robust. Review after high priority group.
170,7245,7245.T,"DAIDO METAL CO.,LTD.",Transportation Equipment,0.9278218861807156,1.5806613043703892,0.0703350477479144,0.1716804979253112,original_gross_profit_over_total_assets,direct_xbrl_gross_profit_panel_confirmed,False,Gross Profit / Total Assets was confirmed from direct XBRL gross profit in the point-in-time panel.,0.8333333333333334,-0.0377689760405168,550193408.3333334,False,False,none,False,0.0,False,4,True,True,False,False,True,True,outlier_sensitive,True,outlier_sensitive;phase3_due_diligence,False,False,True,True,True,medium_high,Top300 and normalization robust. Review after high priority group.
171,6463,6463.T,"TPR CO.,LTD.",Machinery,0.927749666672605,4.331748843938584,0.2511361023324023,0.1392428338906406,original_gross_profit_over_total_assets,direct_xbrl_gross_profit_panel_confirmed,False,Gross Profit / Total Assets was confirmed from direct XBRL gross profit in the point-in-time panel.,0.8333333333333334,-0.0349193938017819,197617228.33333337,False,False,none,False,0.0,False,4,True,True,False,False,False,False,none,True,top300_priority_due_diligence,False,False,True,True,True,medium_high,Top300 and normalization robust. Review after high priority group.
172,2613,2613.T,"J-OIL MILLS, INC.",Foods,0.9277038932381958,1.6202918954849683,0.1075184285982941,0.2235137866998895,original_gross_profit_over_total_assets,direct_xbrl_gross_profit_panel_confirmed,False,Gross Profit / Total Assets was confirmed from direct XBRL gross profit in the point-in-time panel.,0.8333333333333334,-0.0645557734661471,210030045.0,False,False,none,False,0.0,False,4,True,True,False,False,True,True,outlier_sensitive,True,outlier_sensitive;phase3_due_diligence,False,False,True,True,True,medium_high,Top300 and normalization robust. Review after high priority group.
173,2670,2670.T,"ABC-MART,INC.",Retail Trade,0.9273827256927586,0.6324697660345767,0.0733743790166946,0.4196236465093498,original_gross_profit_over_total_assets,direct_xbrl_gross_profit_panel_confirmed,False,Gross Profit / Total Assets was confirmed from direct XBRL gross profit in the point-in-time panel.,0.3333333333333333,0.0107271538060087,1687652441.6666667,False,False,none,False,0.0,False,4,True,True,False,False,True,True,outlier_sensitive,True,outlier_sensitive;phase3_due_diligence,False,False,True,True,True,medium_high,Top300 and normalization robust. Review after high priority group.
174,8255,8255.T,Axial Retailing Inc.,Retail Trade,0.9273056057049688,0.9697343296708116,0.0978053102449809,0.598232772447581,original_gross_profit_over_total_assets,direct_xbrl_gross_profit_panel_confirmed,False,Gross Profit / Total Assets was confirmed from direct XBRL gross profit in the point-in-time panel.,1.0,-0.0206598805566179,168119678.33333334,False,False,none,False,0.0,False,4,True,True,False,False,False,False,none,True,top300_priority_due_diligence,False,False,True,True,True,medium_high,Top300 and normalization robust. Review after high priority group.
175,5408,5408.T,"NAKAYAMA STEEL WORKS,LTD.",Iron and Steel,0.9272913070211248,3.2005854681020858,0.1706519449568521,0.1480408721538337,original_gross_profit_over_total_assets,direct_xbrl_gross_profit_panel_confirmed,False,Gross Profit / Total Assets was confirmed from direct XBRL gross profit in the point-in-time panel.,0.6666666666666666,-0.0109615416535263,239147871.66666663,False,False,none,False,0.0,False,4,True,True,False,False,False,False,none,True,top300_priority_due_diligence,False,False,True,True,True,medium_high,Top300 and normalization robust. Review after high priority group.
176,7606,7606.T,UNITED ARROWS LTD.,Retail Trade,0.9272278893721604,0.5570941885942252,0.0652636967174285,1.120997405263608,original_gross_profit_over_total_assets,direct_xbrl_gross_profit_panel_confirmed,False,Gross Profit / Total Assets was confirmed from direct XBRL gross profit in the point-in-time panel.,0.5,-0.0403694781581329,552891135.0,False,False,none,False,0.0,False,4,True,True,False,False,False,False,none,True,top300_priority_due_diligence,False,False,True,True,True,medium_high,Top300 and normalization robust. Review after high priority group.
177,6849,6849.T,NIHON KOHDEN CORPORATION,Electric Appliances,0.927163754156796,0.7882255194852027,0.0728730566488217,0.3792249577585146,original_gross_profit_over_total_assets,direct_xbrl_gross_profit_panel_confirmed,False,Gross Profit / Total Assets was confirmed from direct XBRL gross profit in the point-in-time panel.,0.3333333333333333,0.0049784828284532,922057090.0,False,False,none,False,0.0,False,4,True,True,False,False,True,True,outlier_sensitive,True,outlier_sensitive;phase3_due_diligence,False,False,True,True,True,medium_high,Top300 and normalization robust. Review after high priority group.
178,9543,9543.T,"SHIZUOKA GAS CO.,LTD.",Electric Power and Gas,0.9271531569203574,1.5364845616290397,0.1179755346412786,0.230486080266295,original_gross_profit_over_total_assets,direct_xbrl_gross_profit_panel_confirmed,False,Gross Profit / Total Assets was confirmed from direct XBRL gross profit in the point-in-time panel.,0.5,-0.1306289694734685,209472231.66666663,False,False,none,False,0.0,False,3,True,True,False,False,True,True,outlier_sensitive,True,outlier_sensitive;phase3_due_diligence,False,False,True,True,True,medium_high,Top300 and normalization robust. Review after high priority group.
179,4206,4206.T,"Aica Kogyo Company,Limited",Chemicals,0.9268722234594612,0.8867753395661269,0.0874094634030989,0.2357372473599067,original_gross_profit_over_total_assets,direct_xbrl_gross_profit_panel_confirmed,False,Gross Profit / Total Assets was confirmed from direct XBRL gross profit in the point-in-time panel.,1.0,-0.0286071176640955,1029594755.0,False,False,none,False,0.0,False,4,True,True,False,False,True,True,outlier_sensitive,True,outlier_sensitive;phase3_due_diligence,False,False,True,True,True,medium_high,Top300 and normalization robust. Review after high priority group.
180,4631,4631.T,DIC Corporation,Chemicals,0.9263922368694536,1.046798545544533,0.070829577818258,0.1763309499426067,original_gross_profit_over_total_assets,direct_xbrl_gross_profit_panel_confirmed,False,Gross Profit / Total Assets was confirmed from direct XBRL gross profit in the point-in-time panel.,0.6666666666666666,-0.0315364407344304,2285513820.0,False,False,none,False,0.0,False,4,True,True,False,False,False,False,none,True,top300_priority_due_diligence,False,False,True,True,True,medium_high,Top300 and normalization robust. Review after high priority group.
181,6995,6995.T,"TOKAI RIKA CO.,LTD.",Transportation Equipment,0.9259701444666064,1.3867904146212835,0.1214868413131861,0.1641082901649246,original_gross_profit_over_total_assets,direct_xbrl_gross_profit_panel_confirmed,False,Gross Profit / Total Assets was confirmed from direct XBRL gross profit in the point-in-time panel.,1.0,-0.0173391624432991,468268355.0,False,False,none,False,0.0,False,4,True,True,False,False,True,True,outlier_sensitive,True,outlier_sensitive;phase3_due_diligence,False,False,True,True,True,medium_high,Top300 and normalization robust. Review after high priority group.
182,7832,7832.T,Bandai Namco Holdings Inc.,Other Products,0.9259468735165206,0.3323731078359931,0.0542035466801582,0.4490919940941525,original_gross_profit_over_total_assets,direct_xbrl_gross_profit_panel_confirmed,False,Gross Profit / Total Assets was confirmed from direct XBRL gross profit in the point-in-time panel.,0.8333333333333334,-0.0558975431844409,9826299475.0,False,False,none,False,0.0,False,4,True,True,False,False,False,False,none,True,top300_priority_due_diligence,False,False,True,True,True,medium_high,Top300 and normalization robust. Review after high priority group.
183,4534,4534.T,"Mochida Pharmaceutical Co.,Ltd.",Pharmaceutical,0.9259100181908289,1.095590396193776,0.0476565978726002,0.3359147144971615,original_gross_profit_over_total_assets,direct_xbrl_gross_profit_panel_confirmed,False,Gross Profit / Total Assets was confirmed from direct XBRL gross profit in the point-in-time panel.,1.0,-0.0230088329084632,411554175.0,False,False,none,False,0.0,False,4,True,True,False,False,True,True,outlier_sensitive,True,outlier_sensitive;phase3_due_diligence,False,False,True,True,True,medium_high,Top300 and normalization robust. Review after high priority group.
184,8217,8217.T,"OKUWA CO.,LTD.",Retail Trade,0.9257486388492768,2.340198614726025,0.0089041733977598,0.6155328385813671,original_gross_profit_over_total_assets,direct_xbrl_gross_profit_panel_confirmed,False,Gross Profit / Total Assets was confirmed from direct XBRL gross profit in the point-in-time panel.,0.8333333333333334,-0.0568931014690597,89222235.0,False,False,none,False,0.0,False,4,True,True,False,False,False,False,none,True,top300_priority_due_diligence,False,False,True,True,True,medium_high,Top300 and normalization robust. Review after high priority group.
185,1766,1766.T,TOKEN CORPORATION,Construction,0.9255816110872428,0.8256347200785887,0.0973963904075481,0.2777668446578589,original_gross_profit_over_total_assets,direct_xbrl_gross_profit_panel_confirmed,False,Gross Profit / Total Assets was confirmed from direct XBRL gross profit in the point-in-time panel.,0.8333333333333334,-0.0316232925428118,679098200.0,False,False,none,False,0.0,False,3,True,True,False,False,True,True,outlier_sensitive,True,outlier_sensitive;phase3_due_diligence,False,False,True,True,True,medium_high,Top300 and normalization robust. Review after high priority group.
186,7994,7994.T,OKAMURA CORPORATION,Other Products,0.9254893463954952,0.8682387195721764,0.1026343272939491,0.3649703953739313,original_gross_profit_over_total_assets,direct_xbrl_gross_profit_panel_confirmed,False,Gross Profit / Total Assets was confirmed from direct XBRL gross profit in the point-in-time panel.,0.8333333333333334,0.0738645315109354,456281468.3333333,False,False,none,False,0.0,False,4,True,True,False,False,True,True,outlier_sensitive,True,outlier_sensitive;phase3_due_diligence,False,False,True,True,True,medium_high,Top300 and normalization robust. Review after high priority group.
187,9603,9603.T,"H.I.S.Co.,Ltd.",Services,0.9254795961520216,0.846717026583811,0.0726711377030789,0.305371055833096,original_gross_profit_over_total_assets,direct_xbrl_gross_profit_panel_confirmed,False,Gross Profit / Total Assets was confirmed from direct XBRL gross profit in the point-in-time panel.,0.8333333333333334,-0.0386986086934742,673689895.0,False,False,none,False,0.0,False,3,True,True,False,False,True,True,outlier_sensitive,True,outlier_sensitive;phase3_due_diligence,False,False,True,True,True,medium_high,Top300 and normalization robust. Review after high priority group.
188,6580,6580.T,"Writeup Co.,Ltd.",Services,0.9253843622066849,0.816131000667601,0.1275824820856857,0.7720833507528204,original_gross_profit_over_total_assets,direct_xbrl_gross_profit_panel_confirmed,False,Gross Profit / Total Assets was confirmed from direct XBRL gross profit in the point-in-time panel.,0.6666666666666666,0.0202462854708622,205702778.33333337,False,False,none,False,0.0,False,4,True,True,False,False,False,False,none,True,top300_priority_due_diligence,False,False,True,True,True,medium_high,Top300 and normalization robust. Review after high priority group.
189,6418,6418.T,"JAPAN CASH MACHINE CO.,LTD.",Machinery,0.9252966247468888,1.236366701536982,0.1470802774301514,0.3106436379346681,original_gross_profit_over_total_assets,direct_xbrl_gross_profit_panel_confirmed,False,Gross Profit / Total Assets was confirmed from direct XBRL gross profit in the point-in-time panel.,1.0,-0.0788334225231195,148250750.0,False,False,none,False,0.0,False,4,True,True,False,False,False,False,none,True,top300_priority_due_diligence,False,False,True,True,True,medium_high,Top300 and normalization robust. Review after high priority group.
190,3092,3092.T,"ZOZO,Inc.",Retail Trade,0.9251012754049792,0.1186546389171456,0.050902926738735,1.055918215217507,original_gross_profit_over_total_assets,direct_xbrl_gross_profit_panel_confirmed,False,Gross Profit / Total Assets was confirmed from direct XBRL gross profit in the point-in-time panel.,0.5,-0.0817280194010386,5356770378.154297,False,False,none,False,0.0,False,4,True,True,False,False,False,False,none,True,top300_priority_due_diligence,False,False,True,True,True,medium_high,Top300 and normalization robust. Review after high priority group.
191,9247,9247.T,TRE HOLDINGS CORPORATION,Services,0.9248326482715294,0.8867004360241063,0.1466430838035253,0.2090509534301567,original_gross_profit_over_total_assets,direct_xbrl_gross_profit_panel_confirmed,False,Gross Profit / Total Assets was confirmed from direct XBRL gross profit in the point-in-time panel.,0.8333333333333334,-0.0456238649816227,730388958.3333334,False,False,none,False,0.0,False,3,True,True,False,False,True,True,outlier_sensitive,True,outlier_sensitive;phase3_due_diligence,False,False,True,True,True,medium_high,Top300 and normalization robust. Review after high priority group.
192,3479,3479.T,TKP Corporation,Real Estate,0.9244473905126378,0.963880032219222,0.2285870198030229,0.2834106911870577,original_gross_profit_over_total_assets,direct_xbrl_gross_profit_panel_confirmed,False,Gross Profit / Total Assets was confirmed from direct XBRL gross profit in the point-in-time panel.,0.8333333333333334,-0.0025731834590839,323165016.6666667,False,False,none,False,0.0,False,4,True,True,False,False,True,True,outlier_sensitive,True,outlier_sensitive;phase3_due_diligence,False,False,True,True,True,medium_high,Top300 and normalization robust. Review after high priority group.
193,9980,9980.T,MRK HOLDINGS INC.,Retail Trade,0.9242202831412956,1.4912064348118683,0.0262058710745443,0.725931156290591,original_gross_profit_over_total_assets,direct_xbrl_gross_profit_panel_confirmed,False,Gross Profit / Total Assets was confirmed from direct XBRL gross profit in the point-in-time panel.,1.0,-0.0643025174109509,107800986.66666669,False,False,none,False,0.0,False,4,True,True,False,False,False,False,none,True,top300_priority_due_diligence,False,False,True,True,True,medium_high,Top300 and normalization robust. Review after high priority group.
194,9974,9974.T,"Belc CO.,LTD.",Retail Trade,0.9241091642107804,0.9427802912261704,0.0991392204544171,0.5370591211332755,original_gross_profit_over_total_assets,direct_xbrl_gross_profit_panel_confirmed,False,Gross Profit / Total Assets was confirmed from direct XBRL gross profit in the point-in-time panel.,0.5,-0.0391098644137666,187348066.66666663,False,False,none,False,0.0,False,4,True,True,False,False,False,False,none,True,top300_priority_due_diligence,False,False,True,True,True,medium_high,Top300 and normalization robust. Review after high priority group.
195,6209,6209.T,NPR-RIKEN CORPORATION,Machinery,0.9239891567583788,1.4817065676218504,0.0885178586841959,0.1862265744481727,original_gross_profit_over_total_assets,direct_xbrl_gross_profit_panel_confirmed,False,Gross Profit / Total Assets was confirmed from direct XBRL gross profit in the point-in-time panel.,0.8333333333333334,-0.0376441016852327,380093691.6666667,False,False,none,False,0.0,False,4,True,True,False,False,True,True,outlier_sensitive,True,outlier_sensitive;phase3_due_diligence,False,False,True,True,True,medium_high,Top300 and normalization robust. Review after high priority group.
196,6923,6923.T,"Stanley Electric Co.,Ltd.",Electric Appliances,0.923948259981074,1.1200450529410444,0.0754793211901376,0.1409702443286797,original_gross_profit_over_total_assets,direct_xbrl_gross_profit_panel_confirmed,False,Gross Profit / Total Assets was confirmed from direct XBRL gross profit in the point-in-time panel.,0.8333333333333334,-0.0359661944934695,2066017589.1666667,False,False,none,False,0.0,False,4,True,True,False,False,False,False,none,True,top300_priority_due_diligence,False,False,True,True,True,medium_high,Top300 and normalization robust. Review after high priority group.
197,5929,5929.T,Sanwa Holdings Corporation,Metal Products,0.9239355305352592,0.4192828730833378,0.0748532809120655,0.4082572496908956,original_gross_profit_over_total_assets,direct_xbrl_gross_profit_panel_confirmed,False,Gross Profit / Total Assets was confirmed from direct XBRL gross profit in the point-in-time panel.,0.8333333333333334,-0.0371525172706102,2475157598.3333335,False,False,none,False,0.0,False,4,True,True,False,False,False,False,none,True,top300_priority_due_diligence,False,False,True,True,True,medium_high,Top300 and normalization robust. Review after high priority group.
198,4927,4927.T,POLA ORBIS HOLDINGS INC.,Chemicals,0.9236345120883036,0.578033094978028,0.0439266982611425,0.6986347053651734,original_gross_profit_over_total_assets,direct_xbrl_gross_profit_panel_confirmed,False,Gross Profit / Total Assets was confirmed from direct XBRL gross profit in the point-in-time panel.,0.8333333333333334,-0.0304400014062366,733567020.8333334,False,False,none,False,0.0,False,4,True,True,False,False,False,False,none,True,top300_priority_due_diligence,False,False,True,True,True,medium_high,Top300 and normalization robust. Review after high priority group.
199,3050,3050.T,"DCM Holdings Co.,Ltd.",Retail Trade,0.923439701221037,1.454906962184349,0.0844613753421997,0.1777088392827439,original_gross_profit_over_total_assets,direct_xbrl_gross_profit_panel_confirmed,False,Gross Profit / Total Assets was confirmed from direct XBRL gross profit in the point-in-time panel.,0.6666666666666666,-0.0179530397919684,508394780.0,False,False,none,False,0.0,False,4,True,True,False,False,True,True,outlier_sensitive,True,outlier_sensitive;phase3_due_diligence,False,False,True,True,True,medium_high,Top300 and normalization robust. Review after high priority group.
200,4112,4112.T,"Hodogaya Chemical Co.,Ltd.",Chemicals,0.923296279740642,1.582145902423277,0.1237225661266246,0.2404267574945528,original_gross_profit_over_total_assets,direct_xbrl_gross_profit_panel_confirmed,False,Gross Profit / Total Assets was confirmed from direct XBRL gross profit in the point-in-time panel.,1.0,-0.0135639536689128,164561026.66666666,False,False,none,False,0.0,False,4,True,True,False,False,False,False,none,True,top300_priority_due_diligence,False,False,True,True,True,medium_high,Top300 and normalization robust. Review after high priority group.
201,6287,6287.T,SATO CORPORATION,Machinery,0.9232680749419376,1.1090061337010535,0.1082371852513547,0.3708919639100556,original_gross_profit_over_total_assets,direct_xbrl_gross_profit_panel_confirmed,False,Gross Profit / Total Assets was confirmed from direct XBRL gross profit in the point-in-time panel.,1.0,-0.0277700472509747,169072476.66666666,False,False,none,False,0.0,False,4,True,True,False,False,True,True,outlier_sensitive,True,outlier_sensitive;phase3_due_diligence,False,False,True,True,True,medium_high,Top300 and normalization robust. Review after high priority group.
202,7453,7453.T,"RYOHIN KEIKAKU CO.,LTD.",Retail Trade,0.9232580468195312,0.1721497080010871,0.0260704928120722,0.7160830139191717,phase2_snapshot_metric_source_unverified,phase2_snapshot_metric_source_unverified,True,"Phase2 snapshot contains a gross_profitability value, but direct historical XBRL source was not confirmed for this row.",1.0,-0.0419341602163573,15092460411.666666,False,False,none,False,0.0,False,4,True,True,False,False,False,False,none,True,top300_priority_due_diligence,False,False,True,True,True,medium_high,Top300 and normalization robust. Review after high priority group.
203,2201,2201.T,"Morinaga & Co.,Ltd.",Foods,0.923023669383885,0.6122173743217698,0.0825242366450364,0.4288190641280847,original_gross_profit_over_total_assets,direct_xbrl_gross_profit_panel_confirmed,False,Gross Profit / Total Assets was confirmed from direct XBRL gross profit in the point-in-time panel.,0.8333333333333334,0.0326684039388418,912455010.8333334,False,False,none,False,0.0,False,4,True,True,False,False,True,True,outlier_sensitive,True,outlier_sensitive;phase3_due_diligence,False,False,True,True,True,medium_high,Top300 and normalization robust. Review after high priority group.
204,9404,9404.T,"Nippon Television Holdings,Inc.",Information & Communication,0.922904634943713,1.3985851256039965,0.0669336349355199,0.1322682829633874,original_gross_profit_over_total_assets,direct_xbrl_gross_profit_panel_confirmed,False,Gross Profit / Total Assets was confirmed from direct XBRL gross profit in the point-in-time panel.,1.0,-0.0003899949325499,1402408172.5,False,False,none,False,0.0,False,4,True,True,False,False,True,True,outlier_sensitive,True,outlier_sensitive;phase3_due_diligence,False,False,True,True,True,medium_high,Top300 and normalization robust. Review after high priority group.
205,7610,7610.T,"TAY TWO CO.,LTD.",Retail Trade,0.9227028278811564,0.8298274749704683,0.1032326110034534,0.9790798348206045,original_gross_profit_over_total_assets,direct_xbrl_gross_profit_panel_confirmed,False,Gross Profit / Total Assets was confirmed from direct XBRL gross profit in the point-in-time panel.,1.0,-0.0772060159346117,130786970.0,False,False,none,False,0.0,False,4,True,True,False,False,False,False,none,True,top300_priority_due_diligence,False,False,True,True,True,medium_high,Top300 and normalization robust. Review after high priority group.
206,7984,7984.T,"KOKUYO CO.,LTD.",Other Products,0.9226472952249456,0.7320723942666145,0.0622208662292156,0.4068999121245578,original_gross_profit_over_total_assets,direct_xbrl_gross_profit_panel_confirmed,False,Gross Profit / Total Assets was confirmed from direct XBRL gross profit in the point-in-time panel.,0.6666666666666666,0.0204538395865221,856846988.002828,False,False,none,False,0.0,False,4,True,True,False,False,True,True,outlier_sensitive,True,outlier_sensitive;phase3_due_diligence,False,False,True,True,True,medium_high,Top300 and normalization robust. Review after high priority group.
207,7600,7600.T,"Japan Medical Dynamic Marketing,INC.",Precision Instruments,0.9225144918157242,1.1105020794184812,0.0232801769293446,0.4461848671190748,original_gross_profit_over_total_assets,direct_xbrl_gross_profit_panel_confirmed,False,Gross Profit / Total Assets was confirmed from direct XBRL gross profit in the point-in-time panel.,0.6666666666666666,-0.0153851278175979,332300625.0,False,False,none,False,0.0,False,4,True,True,False,False,True,True,outlier_sensitive,True,outlier_sensitive;phase3_due_diligence,False,False,True,True,True,medium_high,Top300 and normalization robust. Review after high priority group.
208,5970,5970.T,G-TEKT CORPORATION,Metal Products,0.9221739741608352,2.2483138654990382,0.1392564044176026,0.0874267124267124,original_gross_profit_over_total_assets,direct_xbrl_gross_profit_panel_confirmed,False,Gross Profit / Total Assets was confirmed from direct XBRL gross profit in the point-in-time panel.,0.5,-0.0244961228172498,406910966.6666667,False,False,none,False,0.0,False,4,True,True,False,False,False,False,none,True,top300_priority_due_diligence,False,False,True,True,True,medium_high,Top300 and normalization robust. Review after high priority group.
209,7599,7599.T,IDOM Inc.,Wholesale Trade,0.9221382108691908,0.6654565106841445,0.088922468562,0.3629527207514044,original_gross_profit_over_total_assets,direct_xbrl_gross_profit_panel_confirmed,False,Gross Profit / Total Assets was confirmed from direct XBRL gross profit in the point-in-time panel.,0.3333333333333333,0.0037996986587845,1004378630.0,False,False,none,False,0.0,False,3,True,True,False,False,True,True,outlier_sensitive,True,outlier_sensitive;phase3_due_diligence,False,False,True,True,True,medium_high,Top300 and normalization robust. Review after high priority group.
210,5851,5851.T,RYOBI LIMITED,Nonferrous Metals,0.9220942899153168,2.1988623905909805,0.1357482864399665,0.1130350794509708,original_gross_profit_over_total_assets,direct_xbrl_gross_profit_panel_confirmed,False,Gross Profit / Total Assets was confirmed from direct XBRL gross profit in the point-in-time panel.,1.0,-0.0064586657212078,330405475.0,False,False,none,False,0.0,False,4,True,True,False,False,False,False,none,True,top300_priority_due_diligence,False,False,True,True,True,medium_high,Top300 and normalization robust. Review after high priority group.
211,2206,2206.T,"Ezaki Glico Co.,Ltd.",Foods,0.9220417666419322,0.8150531583097451,0.0148799610457866,0.3428243037178183,original_gross_profit_over_total_assets,direct_xbrl_gross_profit_panel_confirmed,False,Gross Profit / Total Assets was confirmed from direct XBRL gross profit in the point-in-time panel.,0.6666666666666666,-0.0575048581422464,1226195435.0,False,False,none,False,0.0,False,4,True,True,False,False,True,True,outlier_sensitive,True,outlier_sensitive;phase3_due_diligence,False,False,True,True,True,medium_high,Top300 and normalization robust. Review after high priority group.
212,3697,3697.T,SHIFT Inc.,Information & Communication,0.9219537945691016,0.2207761717045294,0.0496513704379243,0.5846157842105947,original_gross_profit_over_total_assets,direct_xbrl_gross_profit_panel_confirmed,False,Gross Profit / Total Assets was confirmed from direct XBRL gross profit in the point-in-time panel.,0.6666666666666666,-0.0919423410011594,5806373240.805766,False,False,none,False,0.0,False,4,True,True,False,False,False,False,none,True,top300_priority_due_diligence,False,False,True,True,True,medium_high,Top300 and normalization robust. Review after high priority group.
213,1301,1301.T,"KYOKUYO CO.,LTD.","Fishery, Agriculture and Forestry",0.921937719021305,1.3298087865698802,0.1557523099301947,0.2131448181194234,original_gross_profit_over_total_assets,direct_xbrl_gross_profit_panel_confirmed,False,Gross Profit / Total Assets was confirmed from direct XBRL gross profit in the point-in-time panel.,0.8333333333333334,0.0125706481468028,285001450.0,False,False,none,False,0.0,False,4,True,True,False,False,True,True,outlier_sensitive,True,outlier_sensitive;phase3_due_diligence,False,False,True,True,True,medium_high,Top300 and normalization robust. Review after high priority group.
214,9409,9409.T,TV Asahi Holdings Corporation,Information & Communication,0.9219274686014732,1.3636791763453535,0.0797333417424071,0.1550616736781531,original_gross_profit_over_total_assets,direct_xbrl_gross_profit_panel_confirmed,False,Gross Profit / Total Assets was confirmed from direct XBRL gross profit in the point-in-time panel.,0.6666666666666666,-0.0006203761145936,921650425.0,False,False,none,False,0.0,False,4,True,True,False,False,True,True,outlier_sensitive,True,outlier_sensitive;phase3_due_diligence,False,False,True,True,True,medium_high,Top300 and normalization robust. Review after high priority group.
215,9706,9706.T,"Japan Airport Terminal Co.,ltd.",Real Estate,0.9217521900309502,0.4464556850100923,0.0914938500924653,0.369239608047579,gross_profit_over_total_assets_derived_from_revenue_minus_cost,derived_revenue_minus_cost_of_sales_panel_confirmed,True,Gross profit was reconstructed as revenue minus cost of sales in the point-in-time panel.,1.0,-0.028300325244148,1612961591.6666667,False,False,none,False,0.0,False,4,True,True,False,False,True,True,outlier_sensitive,True,outlier_sensitive;phase3_due_diligence,False,False,True,True,True,medium_high,Top300 and normalization robust. Review after high priority group.
216,9936,9936.T,OHSHO FOOD SERVICE CORP.,Retail Trade,0.9217305893226574,0.4898256131862223,0.0532528155934427,0.7823702293236195,original_gross_profit_over_total_assets,direct_xbrl_gross_profit_panel_confirmed,False,Gross Profit / Total Assets was confirmed from direct XBRL gross profit in the point-in-time panel.,0.8333333333333334,-0.0334300934639063,707268498.3333334,False,False,none,False,0.0,False,4,True,True,False,False,False,False,none,True,top300_priority_due_diligence,False,False,True,True,True,medium_high,Top300 and normalization robust. Review after high priority group.
217,6395,6395.T,TADANO LTD.,Machinery,0.9217272058437174,1.3026425475214238,0.1451056232346779,0.1627553230133005,original_gross_profit_over_total_assets,direct_xbrl_gross_profit_panel_confirmed,False,Gross Profit / Total Assets was confirmed from direct XBRL gross profit in the point-in-time panel.,0.5,0.0470888963609579,622003466.6666666,False,False,none,False,0.0,False,3,True,True,False,False,True,True,outlier_sensitive,True,outlier_sensitive;phase3_due_diligence,False,False,True,True,True,medium_high,Top300 and normalization robust. Review after high priority group.
218,8835,8835.T,TAIHEIYO KOUHATSU INCORPORATED,Wholesale Trade,0.9216017522369396,2.7115851291451527,0.0719382945104057,0.0915336600896485,original_gross_profit_over_total_assets,direct_xbrl_gross_profit_panel_confirmed,False,Gross Profit / Total Assets was confirmed from direct XBRL gross profit in the point-in-time panel.,0.5,-0.0103462427371103,627204008.3333334,False,False,none,False,0.0,False,4,True,True,False,False,False,False,none,True,top300_priority_due_diligence,False,False,True,True,True,medium_high,Top300 and normalization robust. Review after high priority group.
219,7550,7550.T,"ZENSHO HOLDINGS CO.,LTD.",Retail Trade,0.9215786408055936,0.1941963213558477,0.0317537981477392,0.7652208990430557,original_gross_profit_over_total_assets,direct_xbrl_gross_profit_panel_confirmed,False,Gross Profit / Total Assets was confirmed from direct XBRL gross profit in the point-in-time panel.,1.0,-0.0507941184948419,5247133653.333333,False,False,none,False,0.0,False,4,True,True,False,False,False,False,none,True,top300_priority_due_diligence,False,False,True,True,True,medium_high,Top300 and normalization robust. Review after high priority group.
220,6436,6436.T,Amano Corporation,Machinery,0.9215646740047272,0.5366572976172441,0.0707589266558006,0.4060399921785754,original_gross_profit_over_total_assets,direct_xbrl_gross_profit_panel_confirmed,False,Gross Profit / Total Assets was confirmed from direct XBRL gross profit in the point-in-time panel.,1.0,-0.0351839291887797,1123186771.6666667,False,False,none,False,0.0,False,4,True,True,False,False,True,True,outlier_sensitive,True,outlier_sensitive;phase3_due_diligence,False,False,True,True,True,medium_high,Top300 and normalization robust. Review after high priority group.
221,8291,8291.T,"NISSAN TOKYO SALES HOLDINGS CO.,LTD.",Retail Trade,0.9213787798483474,1.738749860590441,0.1819971739891378,0.3646954604917543,original_gross_profit_over_total_assets,direct_xbrl_gross_profit_panel_confirmed,False,Gross Profit / Total Assets was confirmed from direct XBRL gross profit in the point-in-time panel.,0.3333333333333333,0.0105751546564119,88925090.0,False,False,none,False,0.0,False,4,True,True,False,False,False,False,none,True,top300_priority_due_diligence,False,False,True,True,True,medium_high,Top300 and normalization robust. Review after high priority group.
222,4996,4996.T,"KUMIAI CHEMICAL INDUSTRY CO.,LTD.",Chemicals,0.9213425399720324,1.7118699270646969,0.0619801886806763,0.1382197857886925,original_gross_profit_over_total_assets,direct_xbrl_gross_profit_panel_confirmed,False,Gross Profit / Total Assets was confirmed from direct XBRL gross profit in the point-in-time panel.,0.8333333333333334,-0.1079291671984015,498276386.6666667,False,False,none,False,0.0,False,4,True,True,False,False,True,True,outlier_sensitive,True,outlier_sensitive;phase3_due_diligence,False,False,True,True,True,medium_high,Top300 and normalization robust. Review after high priority group.
223,9990,9990.T,SAC'S BAR HOLDINGS INC.,Retail Trade,0.9211612779004146,1.4279661367598429,0.1230264031525422,0.6444542100866973,original_gross_profit_over_total_assets,direct_xbrl_gross_profit_panel_confirmed,False,Gross Profit / Total Assets was confirmed from direct XBRL gross profit in the point-in-time panel.,0.6666666666666666,-0.0145722900362938,64096080.0,False,False,none,False,0.0,False,4,True,True,False,False,False,False,none,True,top300_priority_due_diligence,False,False,True,True,True,medium_high,Top300 and normalization robust. Review after high priority group.
224,4401,4401.T,ADEKA CORPORATION,Chemicals,0.9205110679076624,0.8329727092457994,0.0675232243724791,0.2114917936801947,original_gross_profit_over_total_assets,direct_xbrl_gross_profit_panel_confirmed,False,Gross Profit / Total Assets was confirmed from direct XBRL gross profit in the point-in-time panel.,1.0,-0.0326264183948258,1990900181.6666667,False,False,none,False,0.0,False,4,True,True,False,False,True,True,outlier_sensitive,True,outlier_sensitive;phase3_due_diligence,False,False,True,True,True,medium_high,Top300 and normalization robust. Review after high priority group.
225,5480,5480.T,"Nippon Yakin kogyo Co.,Ltd.",Iron and Steel,0.9204763843552964,1.5265926631028228,0.1837012163692764,0.1409402145672097,original_gross_profit_over_total_assets,direct_xbrl_gross_profit_panel_confirmed,False,Gross Profit / Total Assets was confirmed from direct XBRL gross profit in the point-in-time panel.,0.5,0.0026700255344051,411949041.6666667,False,False,none,False,0.0,False,4,True,True,False,False,True,True,outlier_sensitive,True,outlier_sensitive;phase3_due_diligence,False,False,True,True,True,medium_high,Top300 and normalization robust. Review after high priority group.
226,7942,7942.T,JSP Corporation,Chemicals,0.9203438562340506,1.5722578882494087,0.0760470491506019,0.2369006466174191,original_gross_profit_over_total_assets,direct_xbrl_gross_profit_panel_confirmed,False,Gross Profit / Total Assets was confirmed from direct XBRL gross profit in the point-in-time panel.,0.8333333333333334,-0.0245906176634354,226544830.0,False,False,none,False,0.0,False,4,True,True,False,False,True,True,outlier_sensitive,True,outlier_sensitive;phase3_due_diligence,False,False,True,True,True,medium_high,Top300 and normalization robust. Review after high priority group.
227,7981,7981.T,"TAKARA STANDARD CO.,LTD.",Other Products,0.9203314696564604,0.9746096335535064,0.0555677158183343,0.3051741695977812,original_gross_profit_over_total_assets,direct_xbrl_gross_profit_panel_confirmed,False,Gross Profit / Total Assets was confirmed from direct XBRL gross profit in the point-in-time panel.,1.0,-0.0449972415133003,426282983.3333333,False,False,none,False,0.0,False,3,True,True,False,False,True,True,outlier_sensitive,True,outlier_sensitive;phase3_due_diligence,False,False,True,True,True,medium_high,Top300 and normalization robust. Review after high priority group.
228,6809,6809.T,TOA CORPORATION,Electric Appliances,0.9202877855779305,1.139273048934797,0.0612901429170604,0.327597260673175,original_gross_profit_over_total_assets,direct_xbrl_gross_profit_panel_confirmed,False,Gross Profit / Total Assets was confirmed from direct XBRL gross profit in the point-in-time panel.,0.8333333333333334,-0.0418403767133559,263924000.0,False,False,none,False,0.0,False,4,True,True,False,False,True,True,outlier_sensitive,True,outlier_sensitive;phase3_due_diligence,False,False,True,True,True,medium_high,Top300 and normalization robust. Review after high priority group.
229,6058,6058.T,VECTOR INC.,Services,0.920284428613249,0.4037994366218915,0.0942511120076519,0.9010415566306804,original_gross_profit_over_total_assets,direct_xbrl_gross_profit_panel_confirmed,False,Gross Profit / Total Assets was confirmed from direct XBRL gross profit in the point-in-time panel.,0.8333333333333334,-0.0889854462019353,404857170.0,False,False,none,False,0.0,False,4,True,True,False,False,False,False,none,True,top300_priority_due_diligence,False,False,True,True,True,medium_high,Top300 and normalization robust. Review after high priority group.
230,7864,7864.T,"FUJI SEAL INTERNATIONAL,INC.",Other Products,0.9202757102874948,1.0247468634355723,0.0860533698659077,0.2102063796881643,original_gross_profit_over_total_assets,direct_xbrl_gross_profit_panel_confirmed,False,Gross Profit / Total Assets was confirmed from direct XBRL gross profit in the point-in-time panel.,0.8333333333333334,-0.0444026651315198,597209216.6666666,False,False,none,False,0.0,False,3,True,True,False,False,True,True,outlier_sensitive,True,outlier_sensitive;phase3_due_diligence,False,False,True,True,True,medium_high,Top300 and normalization robust. Review after high priority group.
231,9861,9861.T,"YOSHINOYA HOLDINGS CO.,LTD.",Retail Trade,0.92015426491414,0.3356654014170914,0.0231700576161553,1.121418957892713,original_gross_profit_over_total_assets,direct_xbrl_gross_profit_panel_confirmed,False,Gross Profit / Total Assets was confirmed from direct XBRL gross profit in the point-in-time panel.,1.0,-0.0816358322025768,1260047870.0,False,False,none,False,0.0,False,4,True,True,False,False,False,False,none,True,top300_priority_due_diligence,False,False,True,True,True,medium_high,Top300 and normalization robust. Review after high priority group.
232,2767,2767.T,TSUBURAYA FIELDS HOLDINGS INC.,Wholesale Trade,0.9200456589918238,0.6536901735097648,0.146271703802761,0.3563611007245864,original_gross_profit_over_total_assets,direct_xbrl_gross_profit_panel_confirmed,False,Gross Profit / Total Assets was confirmed from direct XBRL gross profit in the point-in-time panel.,0.3333333333333333,0.0487792502993525,664230243.3333334,False,False,none,False,0.0,False,3,True,True,False,False,True,True,outlier_sensitive,True,outlier_sensitive;phase3_due_diligence,False,False,True,True,True,medium_high,Top300 and normalization robust. Review after high priority group.
233,2810,2810.T,House Foods Group Inc.,Foods,0.9199529207631336,0.9849115682158438,0.043636172124851,0.2664144490362559,original_gross_profit_over_total_assets,direct_xbrl_gross_profit_panel_confirmed,False,Gross Profit / Total Assets was confirmed from direct XBRL gross profit in the point-in-time panel.,0.6666666666666666,-0.028298958663859,829138349.1666666,False,False,none,False,0.0,False,3,True,True,False,False,True,True,outlier_sensitive,True,outlier_sensitive;phase3_due_diligence,False,False,True,True,True,medium_high,Top300 and normalization robust. Review after high priority group.
234,6474,6474.T,NACHI-FUJIKOSHI CORP.,Machinery,0.9197395107789104,1.3745701357498046,0.0702864844162453,0.1598243257519733,original_gross_profit_over_total_assets,direct_xbrl_gross_profit_panel_confirmed,False,Gross Profit / Total Assets was confirmed from direct XBRL gross profit in the point-in-time panel.,0.8333333333333334,-0.0271089944929224,668484025.0,False,False,none,False,0.0,False,4,True,True,False,False,True,True,outlier_sensitive,True,outlier_sensitive;phase3_due_diligence,False,False,True,True,True,medium_high,Top300 and normalization robust. Review after high priority group.
235,7231,7231.T,"TOPY INDUSTRIES,LIMITED",Transportation Equipment,0.9196857668216432,2.2741160456511658,0.1082555954817595,0.150590414940852,original_gross_profit_over_total_assets,direct_xbrl_gross_profit_panel_confirmed,False,Gross Profit / Total Assets was confirmed from direct XBRL gross profit in the point-in-time panel.,0.8333333333333334,-0.0306253685077977,236382251.66666663,False,False,none,False,0.0,False,4,True,True,False,False,False,False,none,True,top300_priority_due_diligence,False,False,True,True,True,medium_high,Top300 and normalization robust. Review after high priority group.
236,3660,3660.T,istyle Inc.,Information & Communication,0.9194912335246956,0.4700105631979176,0.0645031254485764,0.8564492355712263,original_gross_profit_over_total_assets,direct_xbrl_gross_profit_panel_confirmed,False,Gross Profit / Total Assets was confirmed from direct XBRL gross profit in the point-in-time panel.,1.0,-0.0256606419941984,526125480.0,False,False,none,False,0.0,False,4,True,True,False,False,False,False,none,True,top300_priority_due_diligence,False,False,True,True,True,medium_high,Top300 and normalization robust. Review after high priority group.
237,4544,4544.T,"H.U. Group Holdings,Inc.",Services,0.9194895591311384,0.7532315191962684,0.1210755409675694,0.2403516678470001,original_gross_profit_over_total_assets,direct_xbrl_gross_profit_panel_confirmed,False,Gross Profit / Total Assets was confirmed from direct XBRL gross profit in the point-in-time panel.,0.8333333333333334,0.0003681426850925,854278609.1666666,False,False,none,False,0.0,False,3,True,True,False,False,True,True,outlier_sensitive,True,outlier_sensitive;phase3_due_diligence,False,False,True,True,True,medium_high,Top300 and normalization robust. Review after high priority group.
238,4776,4776.T,"Cybozu,Inc.",Information & Communication,0.9193721157045376,0.1483397509073074,0.0589611998975382,1.117916390179164,original_gross_profit_over_total_assets,direct_xbrl_gross_profit_panel_confirmed,False,Gross Profit / Total Assets was confirmed from direct XBRL gross profit in the point-in-time panel.,0.8333333333333334,-0.140355671813692,1370849053.3333333,False,False,none,False,0.0,False,4,True,True,False,False,False,False,none,True,top300_priority_due_diligence,False,False,True,True,True,medium_high,Top300 and normalization robust. Review after high priority group.
239,2004,2004.T,"Showa Sangyo Co.,Ltd.",Foods,0.919279354181047,1.3552151616097918,0.1144344820453373,0.2234094182478552,original_gross_profit_over_total_assets,direct_xbrl_gross_profit_panel_confirmed,False,Gross Profit / Total Assets was confirmed from direct XBRL gross profit in the point-in-time panel.,0.6666666666666666,-0.0331014288970182,240991866.66666663,False,False,none,False,0.0,False,4,True,True,False,False,True,True,outlier_sensitive,True,outlier_sensitive;phase3_due_diligence,False,False,True,True,True,medium_high,Top300 and normalization robust. Review after high priority group.
240,1377,1377.T,SAKATA SEED CORPORATION,"Fishery, Agriculture and Forestry",0.919121824827644,0.9001731047548711,0.0543048645548117,0.3062318703988774,original_gross_profit_over_total_assets,direct_xbrl_gross_profit_panel_confirmed,False,Gross Profit / Total Assets was confirmed from direct XBRL gross profit in the point-in-time panel.,0.6666666666666666,0.0242844074714036,792116691.6666666,False,False,none,False,0.0,False,3,True,True,False,False,True,True,outlier_sensitive,True,outlier_sensitive;phase3_due_diligence,False,False,True,True,True,medium_high,Top300 and normalization robust. Review after high priority group.
241,4665,4665.T,"DUSKIN CO.,LTD.",Services,0.9187978572493464,0.7817569315531069,0.0456749671508308,0.4109277093026687,original_gross_profit_over_total_assets,direct_xbrl_gross_profit_panel_confirmed,False,Gross Profit / Total Assets was confirmed from direct XBRL gross profit in the point-in-time panel.,0.8333333333333334,-0.0386238674681855,528490856.6666667,False,False,none,False,0.0,False,4,True,True,False,False,True,True,outlier_sensitive,True,outlier_sensitive;phase3_due_diligence,False,False,True,True,True,medium_high,Top300 and normalization robust. Review after high priority group.
242,2229,2229.T,"CALBEE,Inc.",Foods,0.9187808587029996,0.5985843276499997,0.0598537012471148,0.344262757347988,original_gross_profit_over_total_assets,direct_xbrl_gross_profit_panel_confirmed,False,Gross Profit / Total Assets was confirmed from direct XBRL gross profit in the point-in-time panel.,0.5,-0.057563300819365,1546889987.5,False,False,none,False,0.0,False,4,True,True,False,False,True,True,outlier_sensitive,True,outlier_sensitive;phase3_due_diligence,False,False,True,True,True,medium_high,Top300 and normalization robust. Review after high priority group.
243,6356,6356.T,"NIPPON GEAR CO.,LTD.",Machinery,0.91876164081058,0.5913700192449329,0.0729892320740976,0.2800242960595509,original_gross_profit_over_total_assets,direct_xbrl_gross_profit_panel_confirmed,False,Gross Profit / Total Assets was confirmed from direct XBRL gross profit in the point-in-time panel.,0.5,0.0174169526347404,5332541846.666667,False,False,none,False,0.0,False,4,True,True,False,False,False,False,none,True,top300_priority_due_diligence,False,False,True,True,True,medium_high,Top300 and normalization robust. Review after high priority group.
244,3923,3923.T,"RAKUS Co.,Ltd.",Information & Communication,0.9187534852583408,0.1167501553613234,0.0425149698938286,1.1470904151134138,original_gross_profit_over_total_assets,direct_xbrl_gross_profit_panel_confirmed,False,Gross Profit / Total Assets was confirmed from direct XBRL gross profit in the point-in-time panel.,0.8333333333333334,-0.0379292088942671,2854616212.4676514,False,False,none,False,0.0,False,4,True,True,False,False,False,False,none,True,top300_priority_due_diligence,False,False,True,True,True,medium_high,Top300 and normalization robust. Review after high priority group.
245,6810,6810.T,"Maxell,Ltd.",Electric Appliances,0.918741135558708,1.1080458417123729,0.097931056700811,0.2016059423514108,original_gross_profit_over_total_assets,direct_xbrl_gross_profit_panel_confirmed,False,Gross Profit / Total Assets was confirmed from direct XBRL gross profit in the point-in-time panel.,1.0,-0.0090163104042143,466136956.6666667,False,False,none,False,0.0,False,3,True,True,False,False,True,True,outlier_sensitive,True,outlier_sensitive;phase3_due_diligence,False,False,True,True,True,medium_high,Top300 and normalization robust. Review after high priority group.
246,2429,2429.T,"WORLD HOLDINGS CO.,LTD.",Services,0.9185565317908444,1.2459029222115598,0.1676557154893813,0.2444154837041983,original_gross_profit_over_total_assets,direct_xbrl_gross_profit_panel_confirmed,False,Gross Profit / Total Assets was confirmed from direct XBRL gross profit in the point-in-time panel.,1.0,-0.0422649432597719,175359536.66666666,False,False,none,False,0.0,False,4,True,True,False,False,True,True,outlier_sensitive,True,outlier_sensitive;phase3_due_diligence,False,False,True,True,True,medium_high,Top300 and normalization robust. Review after high priority group.
247,7867,7867.T,"TOMY COMPANY,LTD.",Other Products,0.9184110282459133,0.3711551235618009,0.0570347776296118,0.6113832418411052,original_gross_profit_over_total_assets,direct_xbrl_gross_profit_panel_confirmed,False,Gross Profit / Total Assets was confirmed from direct XBRL gross profit in the point-in-time panel.,1.0,-0.0039093794989488,1572488375.0,False,False,none,False,0.0,False,4,True,True,False,False,False,False,none,True,top300_priority_due_diligence,False,False,True,True,True,medium_high,Top300 and normalization robust. Review after high priority group.
248,7936,7936.T,ASICS Corporation,Other Products,0.918396239492972,0.0811272798558366,0.0293305292150962,0.7574178548114726,original_gross_profit_over_total_assets,direct_xbrl_gross_profit_panel_confirmed,False,Gross Profit / Total Assets was confirmed from direct XBRL gross profit in the point-in-time panel.,0.8333333333333334,-0.0196672152454631,16440098733.333334,False,False,none,False,0.0,False,4,True,True,False,False,False,False,none,True,top300_priority_due_diligence,False,False,True,True,True,medium_high,Top300 and normalization robust. Review after high priority group.
249,2270,2270.T,"MEGMILK SNOW BRAND Co.,Ltd.",Foods,0.9182777998581948,1.06537489323379,0.0604638919679405,0.2244249525169866,original_gross_profit_over_total_assets,direct_xbrl_gross_profit_panel_confirmed,False,Gross Profit / Total Assets was confirmed from direct XBRL gross profit in the point-in-time panel.,0.6666666666666666,-0.0157786717202751,717011033.3333334,False,False,none,False,0.0,False,3,True,True,False,False,True,True,outlier_sensitive,True,outlier_sensitive;phase3_due_diligence,False,False,True,True,True,medium_high,Top300 and normalization robust. Review after high priority group.
250,5703,5703.T,"Nippon Light Metal Holdings Company,Ltd.",Nonferrous Metals,0.9181123220764172,1.2920163644608456,0.070805804172588,0.1582994067698034,original_gross_profit_over_total_assets,direct_xbrl_gross_profit_panel_confirmed,False,Gross Profit / Total Assets was confirmed from direct XBRL gross profit in the point-in-time panel.,0.8333333333333334,0.0028114175915859,874260236.6666666,False,False,none,False,0.0,False,4,True,True,False,False,True,True,outlier_sensitive,True,outlier_sensitive;phase3_due_diligence,False,False,True,True,True,medium_high,Top300 and normalization robust. Review after high priority group.
251,4208,4208.T,UBE Corporation,Chemicals,0.9180054002463036,1.4538290726504557,0.0343967928201213,0.1050436136675796,original_gross_profit_over_total_assets,direct_xbrl_gross_profit_panel_confirmed,False,Gross Profit / Total Assets was confirmed from direct XBRL gross profit in the point-in-time panel.,0.5,-0.0315331512664206,2941879385.0,False,False,none,False,0.0,False,4,True,True,False,False,False,False,none,True,top300_priority_due_diligence,False,False,True,True,True,medium_high,Top300 and normalization robust. Review after high priority group.
252,3626,3626.T,TIS Inc.,Information & Communication,0.9180032440759284,0.4738429855200302,0.0692192107285174,0.2870812882693517,original_gross_profit_over_total_assets,direct_xbrl_gross_profit_panel_confirmed,False,Gross Profit / Total Assets was confirmed from direct XBRL gross profit in the point-in-time panel.,0.6666666666666666,-0.0216592970788375,7694157528.333333,False,False,none,False,0.0,False,4,True,True,False,False,False,False,none,True,top300_priority_due_diligence,False,False,True,True,True,medium_high,Top300 and normalization robust. Review after high priority group.
253,4559,4559.T,"ZERIA PHARMACEUTICAL CO.,LTD.",Pharmaceutical,0.9179083600323292,0.9135231319553476,0.1014065103396637,0.401828508397943,original_gross_profit_over_total_assets,direct_xbrl_gross_profit_panel_confirmed,False,Gross Profit / Total Assets was confirmed from direct XBRL gross profit in the point-in-time panel.,1.0,-0.0190764708175425,212655758.33333337,False,False,none,False,0.0,False,4,True,True,False,False,True,True,outlier_sensitive,True,outlier_sensitive;phase3_due_diligence,False,False,True,True,True,medium_high,Top300 and normalization robust. Review after high priority group.
254,3930,3930.T,"Hatena Co.,Ltd.",Information & Communication,0.9178961840477476,1.0272778739162536,0.0842199797476924,0.9409789131751364,original_gross_profit_over_total_assets,direct_xbrl_gross_profit_panel_confirmed,False,Gross Profit / Total Assets was confirmed from direct XBRL gross profit in the point-in-time panel.,0.6666666666666666,-0.1511584321622704,90137698.33333331,False,False,none,False,0.0,False,4,True,True,False,False,False,False,none,True,top300_priority_due_diligence,False,False,True,True,True,medium_high,Top300 and normalization robust. Review after high priority group.
255,2742,2742.T,"HALOWS CO.,LTD.",Retail Trade,0.917846975437028,0.9788873420909998,0.1131640559226619,0.4568708183221822,original_gross_profit_over_total_assets,direct_xbrl_gross_profit_panel_confirmed,False,Gross Profit / Total Assets was confirmed from direct XBRL gross profit in the point-in-time panel.,0.5,-0.1383242459186994,139080066.66666666,False,False,none,False,0.0,False,4,True,True,False,False,False,False,none,True,top300_priority_due_diligence,False,False,True,True,True,medium_high,Top300 and normalization robust. Review after high priority group.
256,8103,8103.T,Meiwa Corporation,Wholesale Trade,0.9176257076350932,1.094206647703043,0.1158664384840273,0.1681807219229841,original_gross_profit_over_total_assets,direct_xbrl_gross_profit_panel_confirmed,False,Gross Profit / Total Assets was confirmed from direct XBRL gross profit in the point-in-time panel.,1.0,-0.0026751839188944,616020121.6666666,False,False,none,False,0.0,False,3,True,True,False,False,True,True,outlier_sensitive,True,outlier_sensitive;phase3_due_diligence,False,False,True,True,True,medium_high,Top300 and normalization robust. Review after high priority group.
257,1663,1663.T,K&O Energy Group Inc.,Mining,0.917584916133967,0.9900640144033503,0.0839874118456004,0.17049767947845,original_gross_profit_over_total_assets,direct_xbrl_gross_profit_panel_confirmed,False,Gross Profit / Total Assets was confirmed from direct XBRL gross profit in the point-in-time panel.,0.8333333333333334,-0.0539923954372623,1031066625.0,False,False,none,False,0.0,False,2,False,True,False,False,True,True,outlier_sensitive,True,outlier_sensitive;phase3_due_diligence,False,False,True,True,True,medium_high,Top300 and normalization robust. Review after high priority group.
258,3765,3765.T,"GungHo Online Entertainment,Inc.",Information & Communication,0.9173615980676996,1.2154575097202505,0.0342565676898343,0.2497610252900149,original_gross_profit_over_total_assets,direct_xbrl_gross_profit_panel_confirmed,False,Gross Profit / Total Assets was confirmed from direct XBRL gross profit in the point-in-time panel.,0.1666666666666666,0.0269381743965582,709168105.0,False,False,none,False,0.0,False,3,True,True,False,False,True,True,outlier_sensitive,True,outlier_sensitive;phase3_due_diligence,False,False,True,True,True,medium_high,Top300 and normalization robust. Review after high priority group.
259,6349,6349.T,KOMORI CORPORATION,Machinery,0.9172295292842432,1.4937373625200792,0.1023380613652186,0.2057058621300357,original_gross_profit_over_total_assets,direct_xbrl_gross_profit_panel_confirmed,False,Gross Profit / Total Assets was confirmed from direct XBRL gross profit in the point-in-time panel.,0.6666666666666666,-0.0480917784450589,224976855.0,False,False,none,False,0.0,False,4,True,True,False,False,True,True,outlier_sensitive,True,outlier_sensitive;phase3_due_diligence,False,False,True,True,True,medium_high,Top300 and normalization robust. Review after high priority group.
260,7990,7990.T,"GLOBERIDE,Inc.",Other Products,0.9172139748884922,1.0215160903047902,0.0800633326637657,0.3722330625039984,original_gross_profit_over_total_assets,direct_xbrl_gross_profit_panel_confirmed,False,Gross Profit / Total Assets was confirmed from direct XBRL gross profit in the point-in-time panel.,0.5,0.0225419292134418,276182553.3333333,False,False,none,False,0.0,False,4,True,True,False,False,True,True,outlier_sensitive,True,outlier_sensitive;phase3_due_diligence,False,False,True,True,True,medium_high,Top300 and normalization robust. Review after high priority group.
261,4933,4933.T,"I-ne CO.,LTD.",Chemicals,0.9171873645620456,0.876644137710109,0.0990033734516712,0.7756341068537507,original_gross_profit_over_total_assets,direct_xbrl_gross_profit_panel_confirmed,False,Gross Profit / Total Assets was confirmed from direct XBRL gross profit in the point-in-time panel.,0.8333333333333334,-0.0495130432373273,123226056.66666669,False,False,none,False,0.0,False,4,True,True,False,False,False,False,none,True,top300_priority_due_diligence,False,False,True,True,True,medium_high,Top300 and normalization robust. Review after high priority group.
262,5817,5817.T,"JMACS Japan Co.,Ltd.",Nonferrous Metals,0.917023427107054,1.0413418657197726,0.0737691440273559,0.1620437293329056,original_gross_profit_over_total_assets,direct_xbrl_gross_profit_panel_confirmed,False,Gross Profit / Total Assets was confirmed from direct XBRL gross profit in the point-in-time panel.,1.0,-0.091238530131127,928973493.3333334,False,False,none,False,0.0,False,3,True,True,False,False,True,True,outlier_sensitive,True,outlier_sensitive;phase3_due_diligence,False,False,True,True,True,medium_high,Top300 and normalization robust. Review after high priority group.
263,9531,9531.T,"TOKYO GAS CO.,LTD.",Electric Power and Gas,0.9170109045885538,0.874983057302651,0.0865400096875565,0.105376186774223,original_gross_profit_over_total_assets,direct_xbrl_gross_profit_panel_confirmed,False,Gross Profit / Total Assets was confirmed from direct XBRL gross profit in the point-in-time panel.,0.8333333333333334,-0.0477653000769116,9789365941.666666,False,False,none,False,0.0,False,4,True,True,False,False,False,False,none,True,top300_priority_due_diligence,False,False,True,True,True,medium_high,Top300 and normalization robust. Review after high priority group.
264,6367,6367.T,"DAIKIN INDUSTRIES,LTD.",Machinery,0.9168422196927724,0.4142711447288204,0.0398055035098854,0.3168821696897348,original_gross_profit_over_total_assets,direct_xbrl_gross_profit_panel_confirmed,False,Gross Profit / Total Assets was confirmed from direct XBRL gross profit in the point-in-time panel.,0.8333333333333334,-0.0477352604635714,28153308783.333332,False,False,none,False,0.0,False,4,True,True,False,False,False,False,none,True,top300_priority_due_diligence,False,False,True,True,True,medium_high,Top300 and normalization robust. Review after high priority group.
265,3046,3046.T,JINS HOLDINGS Inc.,Retail Trade,0.9168395001677792,0.1655647196281022,0.0434488726136378,1.3101648636505028,original_gross_profit_over_total_assets,direct_xbrl_gross_profit_panel_confirmed,False,Gross Profit / Total Assets was confirmed from direct XBRL gross profit in the point-in-time panel.,1.0,-0.0393705712575171,1699515383.3333333,False,False,none,False,0.0,False,4,True,True,False,False,False,False,none,True,top300_priority_due_diligence,False,False,True,True,True,medium_high,Top300 and normalization robust. Review after high priority group.
266,7955,7955.T,Cleanup Corporation,Other Products,0.9167738284775884,1.7669263719559498,0.0531962525770579,0.4544731170912306,original_gross_profit_over_total_assets,direct_xbrl_gross_profit_panel_confirmed,False,Gross Profit / Total Assets was confirmed from direct XBRL gross profit in the point-in-time panel.,1.0,-0.0289414730538262,86421141.66666667,False,False,none,False,0.0,False,4,True,True,False,False,False,False,none,True,top300_priority_due_diligence,False,False,True,True,True,medium_high,Top300 and normalization robust. Review after high priority group.
267,7532,7532.T,Pan Pacific International Holdings Corporation,Retail Trade,0.9167508739526656,0.2558062917188096,0.037107272789644,0.4743353191804774,original_gross_profit_over_total_assets,direct_xbrl_gross_profit_panel_confirmed,False,Gross Profit / Total Assets was confirmed from direct XBRL gross profit in the point-in-time panel.,1.0,-0.0269924331336502,9741535810.79661,False,False,none,False,0.0,False,4,True,True,False,False,False,False,none,True,top300_priority_due_diligence,False,False,True,True,True,medium_high,Top300 and normalization robust. Review after high priority group.
268,4620,4620.T,"FUJIKURA KASEI CO.,LTD.",Chemicals,0.9167217961563716,1.4534707492420995,0.0278493934273556,0.2707140210391118,original_gross_profit_over_total_assets,direct_xbrl_gross_profit_panel_confirmed,False,Gross Profit / Total Assets was confirmed from direct XBRL gross profit in the point-in-time panel.,0.8333333333333334,-0.0419585872158791,276325670.0,False,False,none,False,0.0,False,4,True,True,False,False,True,True,outlier_sensitive,True,outlier_sensitive;phase3_due_diligence,False,False,True,True,True,medium_high,Top300 and normalization robust. Review after high priority group.
269,8050,8050.T,SEIKO GROUP CORPORATION,Precision Instruments,0.9166832516365824,0.5157494513490897,0.0440894071969794,0.3712205743751963,original_gross_profit_over_total_assets,direct_xbrl_gross_profit_panel_confirmed,False,Gross Profit / Total Assets was confirmed from direct XBRL gross profit in the point-in-time panel.,1.0,-0.0512435982390294,1845328000.0,False,False,none,False,0.0,False,4,True,True,False,False,False,False,none,True,top300_priority_due_diligence,False,False,True,True,True,medium_high,Top300 and normalization robust. Review after high priority group.
270,7545,7545.T,"NISHIMATSUYA CHAIN Co.,Ltd.",Retail Trade,0.9166033028741024,0.8651225075056379,0.0599128434271489,0.4037491032718879,original_gross_profit_over_total_assets,direct_xbrl_gross_profit_panel_confirmed,False,Gross Profit / Total Assets was confirmed from direct XBRL gross profit in the point-in-time panel.,0.5,-0.0233531230194145,395680055.0,False,False,none,False,0.0,False,3,True,True,False,False,True,True,outlier_sensitive,True,outlier_sensitive;phase3_due_diligence,False,False,True,True,True,medium_high,Top300 and normalization robust. Review after high priority group.
271,9987,9987.T,"SUZUKEN CO.,LTD.",Wholesale Trade,0.9165720809780856,1.1033049085952604,0.0934351020108543,0.1621154595426079,original_gross_profit_over_total_assets,direct_xbrl_gross_profit_panel_confirmed,False,Gross Profit / Total Assets was confirmed from direct XBRL gross profit in the point-in-time panel.,0.6666666666666666,0.0814115854256731,1171492866.6666667,False,False,none,False,0.0,False,3,True,True,False,False,True,True,outlier_sensitive,True,outlier_sensitive;phase3_due_diligence,False,False,True,True,True,medium_high,Top300 and normalization robust. Review after high priority group.
272,3167,3167.T,TOKAI Holdings Corporation,Wholesale Trade,0.9165609596534836,0.6713090381250351,0.0653205299524511,0.4440207660316227,original_gross_profit_over_total_assets,direct_xbrl_gross_profit_panel_confirmed,False,Gross Profit / Total Assets was confirmed from direct XBRL gross profit in the point-in-time panel.,1.0,-0.0789692974556632,400618005.0,False,False,none,False,0.0,False,4,True,True,False,False,True,True,outlier_sensitive,True,outlier_sensitive;phase3_due_diligence,False,False,True,True,True,medium_high,Top300 and normalization robust. Review after high priority group.
273,3101,3101.T,"TOYOBO CO.,LTD.",Chemicals,0.9164307855708425,1.3742554391622708,0.0307905139896082,0.1570980205536104,original_gross_profit_over_total_assets,direct_xbrl_gross_profit_panel_confirmed,False,Gross Profit / Total Assets was confirmed from direct XBRL gross profit in the point-in-time panel.,0.6666666666666666,-0.0406910904653781,1210438066.6666667,False,False,none,False,0.0,False,4,True,True,False,False,True,True,outlier_sensitive,True,outlier_sensitive;phase3_due_diligence,False,False,True,True,True,medium_high,Top300 and normalization robust. Review after high priority group.
274,7004,7004.T,Kanadevia Corporation,Machinery,0.9163257949416672,0.8596817655080881,0.0968350197576532,0.1872894338867511,original_gross_profit_over_total_assets,direct_xbrl_gross_profit_panel_confirmed,False,Gross Profit / Total Assets was confirmed from direct XBRL gross profit in the point-in-time panel.,0.8333333333333334,-0.0043349757141645,1440936808.3333333,False,False,none,False,0.0,False,4,True,True,False,False,True,True,outlier_sensitive,True,outlier_sensitive;phase3_due_diligence,False,False,True,True,True,medium_high,Top300 and normalization robust. Review after high priority group.
275,9962,9962.T,MISUMI Group Inc.,Wholesale Trade,0.9163059564118952,0.3616250993412612,0.0376494228073719,0.445666318694676,original_gross_profit_over_total_assets,direct_xbrl_gross_profit_panel_confirmed,False,Gross Profit / Total Assets was confirmed from direct XBRL gross profit in the point-in-time panel.,0.6666666666666666,-0.0571534202145984,4443064213.333333,False,False,none,False,0.0,False,4,True,True,False,False,False,False,none,True,top300_priority_due_diligence,False,False,True,True,True,medium_high,Top300 and normalization robust. Review after high priority group.
276,9830,9830.T,TRUSCO NAKAYAMA CORPORATION,Wholesale Trade,0.9162006567782592,1.278076366560757,0.108976713148591,0.2164068504567728,original_gross_profit_over_total_assets,direct_xbrl_gross_profit_panel_confirmed,False,Gross Profit / Total Assets was confirmed from direct XBRL gross profit in the point-in-time panel.,0.3333333333333333,0.0266068030878822,335124091.6666667,False,False,none,False,0.0,False,3,True,True,False,False,True,True,outlier_sensitive,True,outlier_sensitive;phase3_due_diligence,False,False,True,True,True,medium_high,Top300 and normalization robust. Review after high priority group.
277,6850,6850.T,Chino Corporation,Electric Appliances,0.9161792093215546,1.7894848890007036,0.1598405389607946,0.2480074142724745,original_gross_profit_over_total_assets,direct_xbrl_gross_profit_panel_confirmed,False,Gross Profit / Total Assets was confirmed from direct XBRL gross profit in the point-in-time panel.,1.0,-0.0082643515714381,105882811.66666669,False,False,none,False,0.0,False,4,True,True,False,False,False,False,none,True,top300_priority_due_diligence,False,False,True,True,True,medium_high,Top300 and normalization robust. Review after high priority group.
278,9994,9994.T,YAMAYA CORPORATION,Retail Trade,0.9160348042404876,1.6241792456223867,0.1965287343283236,0.6985608828573558,original_gross_profit_over_total_assets,direct_xbrl_gross_profit_panel_confirmed,False,Gross Profit / Total Assets was confirmed from direct XBRL gross profit in the point-in-time panel.,0.5,0.0263880744421468,42954048.333333336,False,False,none,False,0.0,False,4,True,True,False,False,False,False,none,True,top300_priority_due_diligence,False,False,True,True,True,medium_high,Top300 and normalization robust. Review after high priority group.
279,2809,2809.T,Kewpie Corporation,Foods,0.9158637915455008,0.6130588890911901,0.0597714779956859,0.3140837948020002,original_gross_profit_over_total_assets,direct_xbrl_gross_profit_panel_confirmed,False,Gross Profit / Total Assets was confirmed from direct XBRL gross profit in the point-in-time panel.,0.8333333333333334,0.0044288755046913,1853444786.6666667,False,False,none,False,0.0,False,4,True,True,False,False,True,True,outlier_sensitive,True,outlier_sensitive;phase3_due_diligence,False,False,True,True,True,medium_high,Top300 and normalization robust. Review after high priority group.
280,4611,4611.T,"Dai Nippon Toryo Company,Limited",Chemicals,0.9157819130797192,2.0964039229208176,0.2654013788725934,0.1606967843473906,original_gross_profit_over_total_assets,direct_xbrl_gross_profit_panel_confirmed,False,Gross Profit / Total Assets was confirmed from direct XBRL gross profit in the point-in-time panel.,0.5,0.0490464095492301,213811660.0,False,False,none,False,0.0,False,4,True,True,False,False,False,False,none,True,top300_priority_due_diligence,False,False,True,True,True,medium_high,Top300 and normalization robust. Review after high priority group.
281,8022,8022.T,Mizuno Corporation,Other Products,0.9157545329471866,0.627530314018226,0.0616063740284948,0.4511097176387661,original_gross_profit_over_total_assets,direct_xbrl_gross_profit_panel_confirmed,False,Gross Profit / Total Assets was confirmed from direct XBRL gross profit in the point-in-time panel.,0.6666666666666666,0.0396486352824812,805257741.6666666,False,False,none,False,0.0,False,4,True,True,False,False,True,True,outlier_sensitive,True,outlier_sensitive;phase3_due_diligence,False,False,True,True,True,medium_high,Top300 and normalization robust. Review after high priority group.
282,8086,8086.T,NIPRO CORPORATION,Precision Instruments,0.9157369366534166,1.1016580805109957,0.0666147121377207,0.1422625107507568,original_gross_profit_over_total_assets,direct_xbrl_gross_profit_panel_confirmed,False,Gross Profit / Total Assets was confirmed from direct XBRL gross profit in the point-in-time panel.,1.0,-0.0382613443058316,1319637650.8333333,False,False,none,False,0.0,False,4,True,True,False,False,True,True,outlier_sensitive,True,outlier_sensitive;phase3_due_diligence,False,False,True,True,True,medium_high,Top300 and normalization robust. Review after high priority group.
283,7279,7279.T,HI-LEX CORPORATION,Transportation Equipment,0.9157346079680622,2.20701068170369,0.1111610715723615,0.1225897753405271,original_gross_profit_over_total_assets,direct_xbrl_gross_profit_panel_confirmed,False,Gross Profit / Total Assets was confirmed from direct XBRL gross profit in the point-in-time panel.,0.8333333333333334,-0.0086540692946823,275418620.0,False,False,none,False,0.0,False,4,True,True,False,False,False,False,none,True,top300_priority_due_diligence,False,False,True,True,True,medium_high,Top300 and normalization robust. Review after high priority group.
284,3088,3088.T,MatsukiyoCocokara & Co.,Retail Trade,0.9155224137737932,0.5735423676087691,0.0604997624964925,0.2458398717156186,original_gross_profit_over_total_assets,direct_xbrl_gross_profit_panel_confirmed,False,Gross Profit / Total Assets was confirmed from direct XBRL gross profit in the point-in-time panel.,1.0,-0.0175030128570615,6540671277.5,False,False,none,False,0.0,False,4,True,True,False,False,False,False,none,True,top300_priority_due_diligence,False,False,True,True,True,medium_high,Top300 and normalization robust. Review after high priority group.
285,2292,2292.T,S Foods Inc.,Foods,0.9155063456041904,1.672815959574628,0.116097746625676,0.1807070618594904,original_gross_profit_over_total_assets,direct_xbrl_gross_profit_panel_confirmed,False,Gross Profit / Total Assets was confirmed from direct XBRL gross profit in the point-in-time panel.,0.5,0.0032989500763613,251349011.66666663,False,False,none,False,0.0,False,4,True,True,False,False,True,True,outlier_sensitive,True,outlier_sensitive;phase3_due_diligence,False,False,True,True,True,medium_high,Top300 and normalization robust. Review after high priority group.
286,4194,4194.T,"Visional,Inc.",Information & Communication,0.9152532104919976,0.2041643488930477,0.0483933294111666,0.7641004140244222,original_gross_profit_over_total_assets,direct_xbrl_gross_profit_panel_confirmed,False,Gross Profit / Total Assets was confirmed from direct XBRL gross profit in the point-in-time panel.,0.6666666666666666,-0.0410670921680186,2253251585.0,False,False,none,False,0.0,False,4,True,True,False,False,False,False,none,True,top300_priority_due_diligence,False,False,True,True,True,medium_high,Top300 and normalization robust. Review after high priority group.
287,6841,6841.T,YOKOGAWA ELECTRIC CORPORATION,Electric Appliances,0.915068912248725,0.3679920051596237,0.0427043721778987,0.3723368857765372,original_gross_profit_over_total_assets,direct_xbrl_gross_profit_panel_confirmed,False,Gross Profit / Total Assets was confirmed from direct XBRL gross profit in the point-in-time panel.,0.6666666666666666,-0.0629967559236919,7155156395.0,False,False,none,False,0.0,False,4,True,True,False,False,False,False,none,True,top300_priority_due_diligence,False,False,True,True,True,medium_high,Top300 and normalization robust. Review after high priority group.
288,1878,1878.T,"DAITO TRUST CONSTRUCTION CO.,LTD.",Real Estate,0.915036090453693,0.4646102251182417,0.0993106306838926,0.2583091194431064,original_gross_profit_over_total_assets,direct_xbrl_gross_profit_panel_confirmed,False,Gross Profit / Total Assets was confirmed from direct XBRL gross profit in the point-in-time panel.,0.6666666666666666,0.0124211195508873,5921914433.333333,False,False,none,False,0.0,False,4,True,True,False,False,False,False,none,True,top300_priority_due_diligence,False,False,True,True,True,medium_high,Top300 and normalization robust. Review after high priority group.
289,7520,7520.T,"Eco's Co.,Ltd.",Retail Trade,0.914896746179632,1.185928310672142,0.1054769959221162,0.7197237960339944,original_gross_profit_over_total_assets,direct_xbrl_gross_profit_panel_confirmed,False,Gross Profit / Total Assets was confirmed from direct XBRL gross profit in the point-in-time panel.,0.8333333333333334,-0.0459262762407713,62678718.333333336,False,False,none,False,0.0,False,4,True,True,False,False,False,False,none,True,top300_priority_due_diligence,False,False,True,True,True,medium_high,Top300 and normalization robust. Review after high priority group.
290,3558,3558.T,"JADE GROUP,Inc.",Retail Trade,0.9148683647503624,0.4912794598544008,0.0932768305143925,0.9722803096615674,original_gross_profit_over_total_assets,direct_xbrl_gross_profit_panel_confirmed,False,Gross Profit / Total Assets was confirmed from direct XBRL gross profit in the point-in-time panel.,0.8333333333333334,-0.0099465297962263,310558428.3333333,False,False,none,False,0.0,False,4,True,True,False,False,False,False,none,True,top300_priority_due_diligence,False,False,True,True,True,medium_high,Top300 and normalization robust. Review after high priority group.
291,2782,2782.T,"Seria Co.,Ltd.",Retail Trade,0.9148264068003048,0.3869118111223228,0.0401879289010408,0.6921538418047153,original_gross_profit_over_total_assets,direct_xbrl_gross_profit_panel_confirmed,False,Gross Profit / Total Assets was confirmed from direct XBRL gross profit in the point-in-time panel.,0.6666666666666666,-0.0349086983636091,1259672700.0,False,False,none,False,0.0,False,4,True,True,False,False,False,False,none,True,top300_priority_due_diligence,False,False,True,True,True,medium_high,Top300 and normalization robust. Review after high priority group.
292,6952,6952.T,"CASIO COMPUTER CO.,LTD.",Electric Appliances,0.9146867841856676,0.5412414956051664,0.0298746259387505,0.3419208548925956,original_gross_profit_over_total_assets,direct_xbrl_gross_profit_panel_confirmed,False,Gross Profit / Total Assets was confirmed from direct XBRL gross profit in the point-in-time panel.,0.8333333333333334,-0.0119142118059274,3998310440.8333335,False,False,none,False,0.0,False,4,True,True,False,False,False,False,none,True,top300_priority_due_diligence,False,False,True,True,True,medium_high,Top300 and normalization robust. Review after high priority group.
293,5032,5032.T,ANYCOLOR Inc.,Information & Communication,0.9143850694669275,0.1236972617307609,0.0648104280098806,0.6900113234739046,original_gross_profit_over_total_assets,direct_xbrl_gross_profit_panel_confirmed,False,Gross Profit / Total Assets was confirmed from direct XBRL gross profit in the point-in-time panel.,0.6666666666666666,0.0120251240252295,3479777313.3333335,False,False,none,False,0.0,False,4,True,True,False,False,False,False,none,True,top300_priority_due_diligence,False,False,True,True,True,medium_high,Top300 and normalization robust. Review after high priority group.
294,8142,8142.T,"TOHO Co.,Ltd.",Wholesale Trade,0.9143510660806516,0.8019403666833402,0.1064006919260537,0.5181744665851079,original_gross_profit_over_total_assets,direct_xbrl_gross_profit_panel_confirmed,False,Gross Profit / Total Assets was confirmed from direct XBRL gross profit in the point-in-time panel.,0.6666666666666666,-0.0362821609100847,182888551.66666663,False,False,none,False,0.0,False,4,True,True,False,False,False,False,none,True,top300_priority_due_diligence,False,False,True,True,True,medium_high,Top300 and normalization robust. Review after high priority group.
295,8267,8267.T,"AEON CO.,LTD.",Retail Trade,0.91428816321262,0.589083241233237,0.0332818440462169,0.2443983625259211,original_gross_profit_over_total_assets,direct_xbrl_gross_profit_panel_confirmed,False,Gross Profit / Total Assets was confirmed from direct XBRL gross profit in the point-in-time panel.,0.6666666666666666,-0.0664531237964505,14467840911.666666,False,False,none,False,0.0,False,4,True,True,False,False,False,False,none,True,top300_priority_due_diligence,False,False,True,True,True,medium_high,Top300 and normalization robust. Review after high priority group.
296,7859,7859.T,ALMEDIO INC.,Other Products,0.9137864012055198,1.3884405159766064,0.080602057077096,0.2178888123119246,original_gross_profit_over_total_assets,direct_xbrl_gross_profit_panel_confirmed,False,Gross Profit / Total Assets was confirmed from direct XBRL gross profit in the point-in-time panel.,0.6666666666666666,-0.0401166901959017,255201351.66666663,False,False,none,False,0.0,False,4,True,True,False,False,True,True,outlier_sensitive,True,outlier_sensitive;phase3_due_diligence,False,False,True,True,True,medium_high,Top300 and normalization robust. Review after high priority group.
297,7943,7943.T,NICHIHA CORPORATION,Glass and Ceramics Products,0.913779331621585,1.2875897747762757,0.0522577452346436,0.2865571553351554,original_gross_profit_over_total_assets,direct_xbrl_gross_profit_panel_confirmed,False,Gross Profit / Total Assets was confirmed from direct XBRL gross profit in the point-in-time panel.,0.6666666666666666,-0.0304352627689066,256716713.33333337,False,False,none,False,0.0,False,4,True,True,False,False,True,True,outlier_sensitive,True,outlier_sensitive;phase3_due_diligence,False,False,True,True,True,medium_high,Top300 and normalization robust. Review after high priority group.
298,6658,6658.T,"Shirai Electronics Industrial Co.,Ltd.",Electric Appliances,0.9137355743274288,1.4644343389314858,0.3055881483069681,0.3054384702374833,original_gross_profit_over_total_assets,direct_xbrl_gross_profit_panel_confirmed,False,Gross Profit / Total Assets was confirmed from direct XBRL gross profit in the point-in-time panel.,1.0,-0.0262068965517241,79449121.66666667,False,False,none,False,0.0,False,4,True,True,False,False,False,False,none,True,top300_priority_due_diligence,False,False,True,True,True,medium_high,Top300 and normalization robust. Review after high priority group.
299,4527,4527.T,"ROHTO PHARMACEUTICAL CO.,LTD.",Pharmaceutical,0.9137071938702042,0.5124791456387754,0.0585393766197902,0.3688548440148774,original_gross_profit_over_total_assets,direct_xbrl_gross_profit_panel_confirmed,False,Gross Profit / Total Assets was confirmed from direct XBRL gross profit in the point-in-time panel.,0.5,-0.0138837345860246,1970750629.1666667,False,False,none,False,0.0,False,4,True,True,False,False,True,True,outlier_sensitive,True,outlier_sensitive;phase3_due_diligence,False,False,True,True,True,medium_high,Top300 and normalization robust. Review after high priority group.
300,9474,9474.T,"ZENRIN CO.,LTD.",Information & Communication,0.913625281561822,1.0673954531983694,0.0568954945964264,0.3662822921876901,original_gross_profit_over_total_assets,direct_xbrl_gross_profit_panel_confirmed,False,Gross Profit / Total Assets was confirmed from direct XBRL gross profit in the point-in-time panel.,1.0,-0.0934962343096234,193094326.66666663,False,False,none,False,0.0,False,4,True,True,False,False,True,True,outlier_sensitive,True,outlier_sensitive;phase3_due_diligence,False,False,True,True,True,medium_high,Top300 and normalization robust. Review after high priority group.
