code,ticker,company_name,sector,market_segment,is_financial,is_common_stock,data_available,included_phase1,exclusion_reason
9022,9022.T,Central Japan Railway Company,Land Transportation,Prime Market (Domestic),False,True,True,True,
7181,7181.T,"JAPAN POST INSURANCE Co.,Ltd.",Insurance,Prime Market (Domestic),True,True,False,False,financial_sector_excluded;missing_revenue;missing_operating_income
7267,7267.T,"HONDA MOTOR CO.,LTD.",Transportation Equipment,Prime Market (Domestic),False,True,False,False,missing_operating_cf
9501,9501.T,"Tokyo Electric Power Company Holdings,Incorporated",Electric Power and Gas,Prime Market (Domestic),False,True,True,True,
3449,3449.T,TECHNOFLEX CORPORATION,Metal Products,Standard Market(Domestic),False,True,True,True,
6178,6178.T,"JAPAN POST HOLDINGS Co.,Ltd.",Services,Prime Market (Domestic),False,True,True,True,
6777,6777.T,santec Holdings Corporation,Electric Appliances,Standard Market(Domestic),False,True,True,True,
6627,6627.T,"Tera Probe,Inc.",Electric Appliances,Standard Market(Domestic),False,True,True,True,
6524,6524.T,"KOHOKU KOGYO CO.,LTD.",Electric Appliances,Standard Market(Domestic),False,True,True,True,
6387,6387.T,SAMCO INC.,Machinery,Prime Market (Domestic),False,True,True,True,
5076,5076.T,INFRONEER Holdings Inc.,Construction,Prime Market (Domestic),False,True,True,True,
8473,8473.T,"SBI Holdings,Inc.",Securities and Commodities Futures,Prime Market (Domestic),True,True,False,False,financial_sector_excluded;missing_operating_cf
6800,6800.T,"YOKOWO CO.,LTD.",Electric Appliances,Prime Market (Domestic),False,True,True,True,
9513,9513.T,"Electric Power Development Co.,Ltd.",Electric Power and Gas,Prime Market (Domestic),False,True,True,True,
8309,8309.T,"Sumitomo Mitsui Trust Group,Inc.",Banks,Prime Market (Domestic),True,True,True,False,financial_sector_excluded
8050,8050.T,SEIKO GROUP CORPORATION,Precision Instruments,Prime Market (Domestic),False,True,True,True,
5411,5411.T,"JFE Holdings,Inc.",Iron and Steel,Prime Market (Domestic),False,True,False,False,missing_operating_cf
9984,9984.T,SoftBank Group Corp.,Information & Communication,Prime Market (Domestic),False,True,False,False,missing_operating_cf
6617,6617.T,"TAKAOKA TOKO CO.,LTD.",Electric Appliances,Prime Market (Domestic),False,True,True,True,
6356,6356.T,"NIPPON GEAR CO.,LTD.",Machinery,Standard Market(Domestic),False,True,True,True,
1909,1909.T,"Nippon Dry-Chemical CO.,LTD.",Machinery,Standard Market(Domestic),False,True,True,True,
4971,4971.T,MEC COMPANY LTD.,Chemicals,Prime Market (Domestic),False,True,True,True,
6278,6278.T,UNION TOOL CO.,Machinery,Prime Market (Domestic),False,True,True,True,
9503,9503.T,"The Kansai Electric Power Company,Incorporated",Electric Power and Gas,Prime Market (Domestic),False,True,True,True,
6941,6941.T,"YAMAICHI ELECTRONICS CO.,LTD.",Electric Appliances,Prime Market (Domestic),False,True,True,True,
5857,5857.T,"ARE Holdings,Inc.",Nonferrous Metals,Prime Market (Domestic),False,True,False,False,missing_operating_cf
6871,6871.T,"MICRONICS JAPAN CO.,LTD.",Electric Appliances,Prime Market (Domestic),False,True,True,True,
6264,6264.T,"Marumae Co.,Ltd.",Machinery,Prime Market (Domestic),False,True,True,True,
6920,6920.T,Lasertec Corporation,Electric Appliances,Prime Market (Domestic),False,True,True,True,
5985,5985.T,SUNCALL CORPORATION,Metal Products,Standard Market(Domestic),False,True,True,True,
2153,2153.T,E・J Holdings Inc.,Services,Prime Market (Domestic),False,True,True,True,
6648,6648.T,KAWADEN CORPORATION,Electric Appliances,Standard Market(Domestic),False,True,True,True,
6327,6327.T,"KITAGAWA SEIKI CO.,LTD.",Machinery,Standard Market(Domestic),False,True,True,True,
4368,4368.T,"FUSO CHEMICAL CO.,LTD.",Chemicals,Prime Market (Domestic),False,True,True,True,
6745,6745.T,HOCHIKI CORPORATION,Electric Appliances,Prime Market (Domestic),False,True,True,True,
9502,9502.T,"Chubu Electric Power Company,Incorporated",Electric Power and Gas,Prime Market (Domestic),False,True,True,True,
6695,6695.T,"Castrico Co.,Ltd.",Electric Appliances,PRO Market,False,True,True,True,
6527,6527.T,"WAKA MANUFACTURING CO.,LTD.",Electric Appliances,PRO Market,False,True,False,False,missing_total_assets;missing_equity;missing_roe;missing_revenue;missing_operating_income;missing_operating_cf
1662,1662.T,"Japan Petroleum Exploration Co.,Ltd.",Mining,Prime Market (Domestic),False,True,True,True,
6817,6817.T,SUMIDA CORPORATION,Electric Appliances,Prime Market (Domestic),False,True,False,False,missing_operating_cf
6994,6994.T,SHIZUKI ELECTRIC COMPANY INC.,Electric Appliances,Standard Market(Domestic),False,True,True,True,
9432,9432.T,"NTT,Inc.",Information & Communication,Prime Market (Domestic),False,True,False,False,missing_operating_cf
6834,6834.T,"SEIKOH GIKEN Co.,Ltd.",Electric Appliances,Standard Market(Domestic),False,True,True,True,
6981,6981.T,"Murata Manufacturing Co.,Ltd.",Electric Appliances,Prime Market (Domestic),False,True,False,False,missing_operating_cf
7762,7762.T,"Citizen Watch Co.,Ltd.",Precision Instruments,Prime Market (Domestic),False,True,True,True,
6101,6101.T,TSUGAMI CORPORATION,Machinery,Prime Market (Domestic),False,True,False,False,missing_operating_cf
6492,6492.T,OKANO VALVE MFG.CO.LTD.,Machinery,Standard Market(Domestic),False,True,True,True,
6914,6914.T,"OPTEX GROUP Company,Limited",Electric Appliances,Prime Market (Domestic),False,True,True,True,
7999,7999.T,"MUTOH HOLDINGS CO.,LTD.",Electric Appliances,Standard Market(Domestic),False,True,True,True,
6741,6741.T,"Nippon Signal Company,Limited",Electric Appliances,Prime Market (Domestic),False,True,True,True,
4188,4188.T,Mitsubishi Chemical Group Corporation,Chemicals,Prime Market (Domestic),False,True,False,False,missing_operating_cf
6929,6929.T,"NIPPON CERAMIC CO.,LTD.",Electric Appliances,Prime Market (Domestic),False,True,True,True,
6785,6785.T,"SUZUKI CO.,LTD.",Electric Appliances,Prime Market (Domestic),False,True,True,True,
6824,6824.T,"NEW COSMOS ELECTRIC CO.,LTD.",Electric Appliances,Standard Market(Domestic),False,True,True,True,
6703,6703.T,"Oki Electric Industry Company,Limited",Electric Appliances,Prime Market (Domestic),False,True,True,True,
6168,6168.T,ONE GROUP CORP.,Machinery,PRO Market,False,True,False,False,missing_total_assets;missing_equity;missing_roe;missing_revenue;missing_operating_income;missing_operating_cf
6248,6248.T,"Yokota Manufacturing Co., Ltd.",Machinery,Standard Market(Domestic),False,True,True,True,
3723,3723.T,NIHON FALCOM CORPORATION,Information & Communication,Growth Market(Domestic),False,True,True,True,
6814,6814.T,"FURUNO ELECTRIC CO.,LTD.",Electric Appliances,Prime Market (Domestic),False,True,True,True,
3105,3105.T,Nisshinbo Holdings Inc.,Electric Appliances,Prime Market (Domestic),False,True,True,True,
9880,9880.T,INNOTECH CORPORATION,Electric Appliances,Prime Market (Domestic),False,True,True,True,
6490,6490.T,PILLAR Corporation,Machinery,Prime Market (Domestic),False,True,True,True,
6894,6894.T,"PULSTEC INDUSTRIAL CO.,LTD.",Electric Appliances,Standard Market(Domestic),False,True,True,True,
6448,6448.T,"BROTHER INDUSTRIES,LTD.",Electric Appliances,Prime Market (Domestic),False,True,False,False,missing_operating_cf
6961,6961.T,ENPLAS CORPORATION,Electric Appliances,Prime Market (Domestic),False,True,True,True,
6960,6960.T,"FUKUDA DENSHI CO.,LTD.",Electric Appliances,Standard Market(Domestic),False,True,True,True,
6419,6419.T,Mars Group Holdings Corporation,Machinery,Prime Market (Domestic),False,True,True,True,
7747,7747.T,"ASAHI INTECC CO.,LTD.",Precision Instruments,Prime Market (Domestic),False,True,True,True,
5214,5214.T,"Nippon Electric Glass Co.,Ltd.",Glass and Ceramics Products,Prime Market (Domestic),False,True,True,True,
7749,7749.T,"MEDIKIT CO.,LTD.",Precision Instruments,Standard Market(Domestic),False,True,True,True,
6857,6857.T,ADVANTEST CORPORATION,Electric Appliances,Prime Market (Domestic),False,True,False,False,missing_operating_cf
6866,6866.T,HIOKI E.E.CORPORATION,Electric Appliances,Prime Market (Domestic),False,True,True,True,
6996,6996.T,NICHICON CORPORATION,Electric Appliances,Prime Market (Domestic),False,True,True,True,
6925,6925.T,USHIO INC.,Electric Appliances,Prime Market (Domestic),False,True,True,True,
1948,1948.T,"The Kodensha,Co.,Ltd.",Construction,Standard Market(Domestic),False,True,True,True,
5187,5187.T,"CREATE MEDIC CO.,LTD.",Precision Instruments,Standard Market(Domestic),False,True,True,True,
5706,5706.T,"Mitsui Kinzoku Company,Limited",Nonferrous Metals,Prime Market (Domestic),False,True,True,True,
6136,6136.T,OSG Corporation,Machinery,Prime Market (Domestic),False,True,True,True,
6855,6855.T,JAPAN ELECTRONIC MATERIALS CORPORATION,Electric Appliances,Standard Market(Domestic),False,True,True,True,
6779,6779.T,"NIHON DEMPA KOGYO CO.,LTD.",Electric Appliances,Prime Market (Domestic),False,True,False,False,missing_operating_cf
6643,6643.T,"Togami Electric Mfg.Co.,Ltd.",Electric Appliances,Standard Market(Domestic),False,True,True,True,
4099,4099.T,SHIKOKU KASEI HOLDINGS CORPORATION,Chemicals,Prime Market (Domestic),False,True,True,True,
6480,6480.T,"NIPPON THOMPSON CO.,LTD.",Machinery,Prime Market (Domestic),False,True,True,True,
6877,6877.T,Obara Group Incorporated,Electric Appliances,Standard Market(Domestic),False,True,True,True,
7725,7725.T,INTER ACTION Corporation,Precision Instruments,Prime Market (Domestic),False,True,True,True,
7711,7711.T,"SUKEGAWA ELECTRIC CO.,LTD.",Precision Instruments,Standard Market(Domestic),False,True,True,True,
7746,7746.T,"OKAMOTO GLASS CO.,LTD.",Precision Instruments,Standard Market(Domestic),False,True,True,True,
6809,6809.T,TOA CORPORATION,Electric Appliances,Prime Market (Domestic),False,True,True,True,
6454,6454.T,"MAX CO.,LTD.",Machinery,Prime Market (Domestic),False,True,True,True,
1605,1605.T,INPEX CORPORATION,Mining,Prime Market (Domestic),False,True,False,False,missing_operating_cf
6596,6596.T,"TSUKUBASEIKO Co.,Ltd.",Electric Appliances,PRO Market,False,True,False,False,missing_total_assets;missing_equity;missing_roe;missing_revenue;missing_operating_income;missing_operating_cf
6622,6622.T,DAIHEN CORPORATION,Electric Appliances,Prime Market (Domestic),False,True,True,True,
7730,7730.T,"MANI,INC.",Precision Instruments,Prime Market (Domestic),False,True,True,True,
7716,7716.T,NAKANISHI INC.,Precision Instruments,Standard Market(Domestic),False,True,True,True,
6647,6647.T,"MORIO DENKI CO.,LTD.",Electric Appliances,Standard Market(Domestic),False,True,True,True,
6997,6997.T,NIPPON CHEMI-CON CORPORATION,Electric Appliances,Prime Market (Domestic),False,True,True,True,
7775,7775.T,"DAIKEN MEDICAL CO.,LTD.",Precision Instruments,Standard Market(Domestic),False,True,True,True,
7722,7722.T,"KOKUSAI CO.,LTD.",Precision Instruments,Standard Market(Domestic),False,True,True,True,
6822,6822.T,"Oi Electric Co.,Ltd.",Electric Appliances,Standard Market(Domestic),False,True,True,True,
5802,5802.T,"Sumitomo Electric Industries,Ltd.",Nonferrous Metals,Prime Market (Domestic),False,True,True,True,
6701,6701.T,NEC Corporation,Electric Appliances,Prime Market (Domestic),False,True,False,False,missing_operating_cf
6592,6592.T,"MABUCHI MOTOR CO.,LTD.",Electric Appliances,Prime Market (Domestic),False,True,True,True,
6870,6870.T,"Fenwal Controls of Japan,Ltd.",Electric Appliances,Standard Market(Domestic),False,True,True,True,
6508,6508.T,MEIDENSHA CORPORATION,Electric Appliances,Prime Market (Domestic),False,True,True,True,
6912,6912.T,KIKUSUI HOLDINGS CORPORATION,Electric Appliances,Standard Market(Domestic),False,True,True,True,
9435,9435.T,"HIKARI TSUSHIN,INC.",Information & Communication,Prime Market (Domestic),False,True,False,False,missing_operating_cf
6998,6998.T,"Nippon Tungsten Co.,Ltd.",Electric Appliances,Standard Market(Domestic),False,True,True,True,
6644,6644.T,"Osaki Electric Co.,Ltd.",Electric Appliances,Prime Market (Domestic),False,True,True,True,
5020,5020.T,"ENEOS Holdings,Inc.",Oil and Coal Products,Prime Market (Domestic),False,True,False,False,missing_operating_cf
6861,6861.T,KEYENCE CORPORATION,Electric Appliances,Prime Market (Domestic),False,True,True,True,
6928,6928.T,"ENOMOTO Co.,Ltd.",Electric Appliances,Standard Market(Domestic),False,True,True,True,
6134,6134.T,FUJI CORPORATION,Machinery,Prime Market (Domestic),False,True,True,True,
6346,6346.T,"KIKUKAWA ENTERPRISE,INC.",Machinery,Standard Market(Domestic),False,True,True,True,
7740,7740.T,"Tamron Co.,Ltd.",Precision Instruments,Prime Market (Domestic),False,True,True,True,
6498,6498.T,KITZ CORPORATION,Machinery,Prime Market (Domestic),False,True,True,True,
6674,6674.T,GS Yuasa Corporation,Electric Appliances,Prime Market (Domestic),False,True,True,True,
6417,6417.T,"SANKYO CO.,LTD.",Machinery,Prime Market (Domestic),False,True,True,True,
6797,6797.T,"NAGOYA ELECTRIC WORKS CO.,LTD.",Electric Appliances,Standard Market(Domestic),False,True,False,False,price_history_lt_500
6794,6794.T,"Foster Electric Company,Limited",Electric Appliances,Prime Market (Domestic),False,True,True,True,
4975,4975.T,JCU CORPORATION,Chemicals,Prime Market (Domestic),False,True,True,True,
6654,6654.T,"FUJI ELECTRIC INDUSTRY CO.,LTD.",Electric Appliances,Standard Market(Domestic),False,True,True,True,
7261,7261.T,Mazda Motor Corporation,Transportation Equipment,Prime Market (Domestic),False,True,True,True,
6853,6853.T,"KYOWA ELECTRONIC INSTRUMENTS CO.,LTD.",Electric Appliances,Standard Market(Domestic),False,True,True,True,
6787,6787.T,"Meiko Electronics Co.,Ltd.",Electric Appliances,Prime Market (Domestic),False,True,True,True,
6376,6376.T,"NIKKISO CO.,LTD.",Precision Instruments,Prime Market (Domestic),False,True,False,False,missing_operating_cf
6651,6651.T,NITTO KOGYO CORPORATION,Electric Appliances,Prime Market (Domestic),False,True,True,True,
6156,6156.T,A-ONE SEIMITSU INC.,Machinery,Standard Market(Domestic),False,True,True,True,
4022,4022.T,"Rasa Industries,Ltd.",Chemicals,Prime Market (Domestic),False,True,True,True,
4966,4966.T,"C.Uyemura & Co.,Ltd.",Chemicals,Standard Market(Domestic),False,True,True,True,
6505,6505.T,"TOYO DENKI SEIZO K.K.(TOYO ELECTRIC MFG.CO.,LTD.)",Electric Appliances,Standard Market(Domestic),False,True,True,True,
6744,6744.T,NOHMI BOSAI LTD.,Electric Appliances,Prime Market (Domestic),False,True,True,True,
6282,6282.T,OILES CORPORATION,Machinery,Prime Market (Domestic),False,True,True,True,
6503,6503.T,Mitsubishi Electric Corporation,Electric Appliances,Prime Market (Domestic),False,True,False,False,missing_operating_cf
6306,6306.T,"NIKKO CO.,LTD.",Machinery,Prime Market (Domestic),False,True,True,True,
6706,6706.T,"DKK Co.,Ltd.",Electric Appliances,Prime Market (Domestic),False,True,True,True,
6365,6365.T,DMW CORPORATION,Machinery,Standard Market(Domestic),False,True,True,True,
6850,6850.T,Chino Corporation,Electric Appliances,Prime Market (Domestic),False,True,True,True,
6676,6676.T,BUFFALO INC.,Electric Appliances,Standard Market(Domestic),False,True,True,True,
6969,6969.T,"MATSUO ELECTRIC CO.,LTD.",Electric Appliances,Standard Market(Domestic),False,True,True,True,
6743,6743.T,"Daido Signal Co.,Ltd.",Electric Appliances,Standard Market(Domestic),False,True,True,True,
6806,6806.T,"HIROSE ELECTRIC CO.,LTD.",Electric Appliances,Prime Market (Domestic),False,True,False,False,missing_operating_cf
6143,6143.T,"Sodick Co.,Ltd.",Machinery,Prime Market (Domestic),False,True,True,True,
6384,6384.T,"SHOWA SHINKU CO.,LTD.",Machinery,Standard Market(Domestic),False,True,True,True,
6265,6265.T,CONVUM Ltd.,Machinery,Standard Market(Domestic),False,True,True,True,
6848,6848.T,DKK-TOA CORPORATION,Electric Appliances,Standard Market(Domestic),False,True,True,True,
6403,6403.T,"SUIDO KIKO KAISHA,LTD.",Machinery,Standard Market(Domestic),False,True,True,True,
6678,6678.T,"Techno Medica Co.,Ltd.",Electric Appliances,Standard Market(Domestic),False,True,True,True,
4732,4732.T,"USS Co.,Ltd.",Services,Prime Market (Domestic),False,True,True,True,
6823,6823.T,"RION CO.,LTD.",Electric Appliances,Prime Market (Domestic),False,True,True,True,
6675,6675.T,"SAXA,Inc.",Electric Appliances,Standard Market(Domestic),False,True,True,True,
6863,6863.T,NIRECO CORPORATION,Electric Appliances,Standard Market(Domestic),False,True,True,True,
6752,6752.T,Panasonic Holdings Corporation,Electric Appliances,Prime Market (Domestic),False,True,False,False,missing_operating_cf
6859,6859.T,ESPEC CORP.,Electric Appliances,Prime Market (Domestic),False,True,True,True,
4186,4186.T,"TOKYO OHKA KOGYO CO.,LTD.",Chemicals,Prime Market (Domestic),False,True,True,True,
6161,6161.T,ESTIC CORPORATION,Machinery,Standard Market(Domestic),False,True,True,True,
6670,6670.T,"MCJ Co.,Ltd.",Electric Appliances,Standard Market(Domestic),False,True,True,True,
6144,6144.T,"Seibu Electric & Machinery Co.,Ltd.",Machinery,Standard Market(Domestic),False,True,True,True,
7713,7713.T,"SIGMA KOKI CO.,LTD.",Precision Instruments,Standard Market(Domestic),False,True,True,True,
6858,6858.T,"ONO SOKKI Co.,Ltd.",Electric Appliances,Standard Market(Domestic),False,True,True,True,
6963,6963.T,ROHM COMPANY LIMITED,Electric Appliances,Prime Market (Domestic),False,True,True,True,
4972,4972.T,"Soken Chemical & Engineering Co.,Ltd.",Chemicals,Standard Market(Domestic),False,True,True,True,
6396,6396.T,"Unozawa-gumi Iron Works,Limited",Machinery,Standard Market(Domestic),False,True,True,True,
6890,6890.T,Ferrotec Corporation,Electric Appliances,Standard Market(Domestic),False,True,True,True,
6392,6392.T,YAMADA CORPORATION,Machinery,Standard Market(Domestic),False,True,True,True,
6301,6301.T,KOMATSU LTD.,Machinery,Prime Market (Domestic),False,True,False,False,missing_operating_cf
5101,5101.T,"The Yokohama Rubber Company,Limited",Rubber Products,Prime Market (Domestic),False,True,False,False,missing_operating_cf
7013,7013.T,IHI Corporation,Machinery,Prime Market (Domestic),False,True,False,False,missing_operating_cf
6668,6668.T,"ADTEC PLASMA TECHNOLOGY CO.,LTD.",Electric Appliances,Standard Market(Domestic),False,True,True,True,
6402,6402.T,"KANEMATSU ENGINEERING CO.,LTD.",Machinery,Standard Market(Domestic),False,True,True,True,
4800,4800.T,Oricon Inc.,Information & Communication,Standard Market(Domestic),False,True,True,True,
6653,6653.T,"SEIKO ELECTRIC CO.,LTD.",Electric Appliances,Prime Market (Domestic),False,True,True,True,
6488,6488.T,Yoshitake Inc.,Machinery,Standard Market(Domestic),False,True,True,True,
6235,6235.T,"OPTORUN CO.,LTD.",Machinery,Prime Market (Domestic),False,True,True,True,
6380,6380.T,"ORIENTAL CHAIN MFG. CO.,LTD.",Machinery,Standard Market(Domestic),False,True,True,True,
7721,7721.T,TOKYO KEIKI INC.,Precision Instruments,Prime Market (Domestic),False,True,True,True,
6742,6742.T,"Kyosan Electric Manufacturing Co.,Ltd.",Electric Appliances,Prime Market (Domestic),False,True,True,True,
6302,6302.T,"SUMITOMO HEAVY INDUSTRIES,LTD.",Machinery,Prime Market (Domestic),False,True,True,True,
8725,8725.T,"MS&AD Insurance Group Holdings,Inc.",Insurance,Prime Market (Domestic),True,True,True,False,financial_sector_excluded
6140,6140.T,"Asahi Diamond Industrial Co.,Ltd.",Machinery,Prime Market (Domestic),False,True,True,True,
6267,6267.T,"GENERAL PACKER CO.,LTD.",Machinery,Standard Market(Domestic),False,True,True,True,
6485,6485.T,"MAEZAWA KYUSO INDUSTRIES CO.,LTD.",Machinery,Standard Market(Domestic),False,True,True,True,
6209,6209.T,NPR-RIKEN CORPORATION,Machinery,Prime Market (Domestic),False,True,True,True,
6507,6507.T,"SINFONIA TECHNOLOGY CO.,LTD.",Electric Appliances,Prime Market (Domestic),False,True,True,True,
5105,5105.T,Toyo Tire Corporation,Rubber Products,Prime Market (Domestic),False,True,True,True,
5406,5406.T,"Kobe Steel,Ltd.",Iron and Steel,Prime Market (Domestic),False,True,True,True,
6284,6284.T,"NISSEI ASB MACHINE CO.,LTD.",Machinery,Prime Market (Domestic),False,True,True,True,
4461,4461.T,DKS Co.Ltd.,Chemicals,Prime Market (Domestic),False,True,True,True,
6250,6250.T,YAMABIKO CORPORATION,Machinery,Prime Market (Domestic),False,True,True,True,
6517,6517.T,"Denyo Co.,Ltd.",Electric Appliances,Prime Market (Domestic),False,True,True,True,
6332,6332.T,"TSUKISHIMA HOLDINGS CO.,LTD.",Machinery,Prime Market (Domestic),False,True,True,True,
6999,6999.T,KOA CORPORATION,Electric Appliances,Prime Market (Domestic),False,True,True,True,
6788,6788.T,"NIHON TRIM CO.,LTD.",Electric Appliances,Prime Market (Domestic),False,True,True,True,
8086,8086.T,NIPRO CORPORATION,Precision Instruments,Prime Market (Domestic),False,True,True,True,
6247,6247.T,"HISAKA WORKS,LTD.",Machinery,Prime Market (Domestic),False,True,True,True,
7203,7203.T,TOYOTA MOTOR CORPORATION,Transportation Equipment,Prime Market (Domestic),False,True,False,False,missing_operating_cf
6845,6845.T,Azbil Corporation,Electric Appliances,Prime Market (Domestic),False,True,True,True,
6748,6748.T,"SEIWA ELECTRIC MFG. CO.,LTD.",Electric Appliances,Standard Market(Domestic),False,True,True,True,
6516,6516.T,"SANYO DENKI CO.,LTD.",Electric Appliances,Prime Market (Domestic),False,True,False,False,missing_operating_cf
6923,6923.T,"Stanley Electric Co.,Ltd.",Electric Appliances,Prime Market (Domestic),False,True,True,True,
6331,6331.T,"Mitsubishi Kakoki Kaisha,Ltd.",Machinery,Prime Market (Domestic),False,True,True,True,
6457,6457.T,GLORY LTD.,Machinery,Prime Market (Domestic),False,True,True,True,
6964,6964.T,"SANKO CO.,LTD.",Electric Appliances,Standard Market(Domestic),False,True,True,True,
6763,6763.T,"Teikoku Tsushin Kogyo Co.,Ltd.",Electric Appliances,Prime Market (Domestic),False,True,True,True,
6326,6326.T,KUBOTA CORPORATION,Machinery,Prime Market (Domestic),False,True,False,False,missing_operating_cf
2461,2461.T,"FAN Communications,Inc.",Services,Prime Market (Domestic),False,True,True,True,
3853,3853.T,ASTERIA Corporation,Information & Communication,Prime Market (Domestic),False,True,False,False,missing_operating_cf
6770,6770.T,"ALPS ALPINE CO.,LTD.",Electric Appliances,Prime Market (Domestic),False,True,True,True,
6838,6838.T,"TAMAGAWA HOLDINGS CO.,LTD.",Electric Appliances,Standard Market(Domestic),False,True,True,True,
6466,6466.T,"TVE Co.,Ltd.",Machinery,Standard Market(Domestic),False,True,True,True,
6159,6159.T,"MICRON MACHINERY CO.,LTD.",Machinery,Standard Market(Domestic),False,True,True,True,
6371,6371.T,TSUBAKIMOTO CHAIN CO.,Machinery,Prime Market (Domestic),False,True,True,True,
7760,7760.T,IMV CORPORATION,Precision Instruments,Standard Market(Domestic),False,True,True,True,
4287,4287.T,JUST PLANNING INC.,Information & Communication,Standard Market(Domestic),False,True,True,True,
5983,5983.T,IWABUCHI CORPORATION,Metal Products,Standard Market(Domestic),False,True,True,True,
5714,5714.T,"DOWA HOLDINGS CO.,LTD.",Nonferrous Metals,Prime Market (Domestic),False,True,True,True,
6518,6518.T,"SANSO ELECTRIC CO.,LTD.",Electric Appliances,Standard Market(Domestic),False,True,True,True,
6369,6369.T,TOYO KANETSU K.K.,Machinery,Prime Market (Domestic),False,True,True,True,
6989,6989.T,"HOKURIKU ELECTRIC INDUSTRY CO.,LTD.",Electric Appliances,Standard Market(Domestic),False,True,True,True,
6633,6633.T,CGS HOLDINGS INC.,Electric Appliances,Standard Market(Domestic),False,True,True,True,
6484,6484.T,KVK CORPORATION,Machinery,Standard Market(Domestic),False,True,True,True,
7991,7991.T,"MAMIYA-OP CO.,LTD",Machinery,Standard Market(Domestic),False,True,True,True,
6762,6762.T,TDK Corporation,Electric Appliances,Prime Market (Domestic),False,True,False,False,missing_operating_cf
6286,6286.T,SEIKO CORPORATION,Machinery,Standard Market(Domestic),False,True,True,True,
6345,6345.T,AICHI CORPORATION,Machinery,Prime Market (Domestic),False,True,True,True,
6750,6750.T,"ELECOM CO.,LTD.",Electric Appliances,Prime Market (Domestic),False,True,True,True,
6436,6436.T,Amano Corporation,Machinery,Prime Market (Domestic),False,True,True,True,
4441,4441.T,Tobila Systems Inc.,Information & Communication,Standard Market(Domestic),False,True,True,True,
2433,2433.T,HAKUHODO DY HOLDINGS INCORPORATED,Services,Prime Market (Domestic),False,True,True,True,
6820,6820.T,ICOM INCORPORATED,Electric Appliances,Prime Market (Domestic),False,True,True,True,
6915,6915.T,"CHIYODA INTEGRE CO.,LTD.",Electric Appliances,Standard Market(Domestic),False,True,True,True,
6291,6291.T,"AIRTECH JAPAN,LTD.",Machinery,Standard Market(Domestic),False,True,True,True,
9104,9104.T,"Mitsui O.S.K.Lines,Ltd.",Marine Transportation,Prime Market (Domestic),False,True,True,True,
6322,6322.T,TACMINA CORPORATION,Machinery,Standard Market(Domestic),False,True,True,True,
6597,6597.T,HPC SYSTEMS Inc.,Electric Appliances,Growth Market(Domestic),False,True,True,True,
6599,6599.T,"EBRAINS,INC.",Electric Appliances,Standard Market(Domestic),False,True,True,True,
6463,6463.T,"TPR CO.,LTD.",Machinery,Prime Market (Domestic),False,True,True,True,
1911,1911.T,"Sumitomo Forestry Co.,Ltd.",Construction,Prime Market (Domestic),False,True,True,True,
6489,6489.T,"Maezawa Industries,Inc.",Machinery,Standard Market(Domestic),False,True,True,True,
6328,6328.T,"EBARA JITSUGYO CO.,LTD.",Machinery,Prime Market (Domestic),False,True,True,True,
2344,2344.T,"HEIAN CEREMONY SERVICE CO.,LTD.",Services,Standard Market(Domestic),False,True,True,True,
7201,7201.T,"NISSAN MOTOR CO.,LTD.",Transportation Equipment,Prime Market (Domestic),False,True,True,True,
3448,3448.T,"SUGA STEEL Co.,LTD.",Metal Products,PRO Market,False,True,False,False,missing_total_assets;missing_equity;missing_roe;missing_revenue;missing_operating_income;missing_operating_cf
7723,7723.T,"Aichi Tokei Denki Co.,Ltd.",Precision Instruments,Prime Market (Domestic),False,True,True,True,
1925,1925.T,"DAIWA HOUSE INDUSTRY CO.,LTD.",Construction,Prime Market (Domestic),False,True,True,True,
6486,6486.T,"EAGLE INDUSTRY CO.,LTD.",Machinery,Prime Market (Domestic),False,True,True,True,
5803,5803.T,Fujikura Ltd.,Nonferrous Metals,Prime Market (Domestic),False,True,True,True,
6737,6737.T,EIZO Corporation,Electric Appliances,Prime Market (Domestic),False,True,True,True,
6146,6146.T,DISCO CORPORATION,Machinery,Prime Market (Domestic),False,True,True,True,
4464,4464.T,SOFT99corporation,Chemicals,Standard Market(Domestic),False,True,True,True,
6951,6951.T,JEOL Ltd.,Electric Appliances,Prime Market (Domestic),False,True,True,True,
6976,6976.T,"TAIYO YUDEN CO.,LTD.",Electric Appliances,Prime Market (Domestic),False,True,True,True,
6718,6718.T,"AIPHONE CO.,LTD.",Electric Appliances,Prime Market (Domestic),False,True,True,True,
7409,7409.T,"AeroEdge Co.,Ltd",Transportation Equipment,Growth Market(Domestic),False,True,True,True,
6157,6157.T,"NS TOOL CO.,LTD.",Machinery,Standard Market(Domestic),False,True,True,True,
6479,6479.T,MINEBEA MITSUMI Inc.,Electric Appliances,Prime Market (Domestic),False,True,False,False,missing_operating_cf
2181,2181.T,"PERSOL HOLDINGS CO.,LTD.",Services,Prime Market (Domestic),False,True,True,True,
6874,6874.T,KYORITSU ELECTRIC CORPORATION,Electric Appliances,Standard Market(Domestic),False,True,True,True,
3433,3433.T,"TOCALO Co.,Ltd.",Metal Products,Prime Market (Domestic),False,True,True,True,
6382,6382.T,TRINITY INDUSTRIAL CORPORATION,Machinery,Standard Market(Domestic),False,True,True,True,
4612,4612.T,"NIPPON PAINT HOLDINGS CO.,LTD.",Chemicals,Prime Market (Domestic),False,True,False,False,missing_operating_cf
7715,7715.T,"NAGANO KEIKI CO.,LTD.",Precision Instruments,Prime Market (Domestic),False,True,True,True,
3543,3543.T,"KOMEDA Holdings Co.,Ltd.",Wholesale Trade,Prime Market (Domestic),False,True,False,False,missing_operating_cf
3450,3450.T,"Sato Sangyo Co.,Ltd,",Metal Products,PRO Market,False,True,False,False,missing_total_assets;missing_equity;missing_roe;missing_revenue;missing_operating_income;missing_operating_cf
3891,3891.T,NIPPON KODOSHI CORPORATION,Pulp and Paper,Standard Market(Domestic),False,True,True,True,
6590,6590.T,SHIBAURA MECHATRONICS CORPORATION,Electric Appliances,Prime Market (Domestic),False,True,True,True,
7965,7965.T,Zojirushi Corporation,Electric Appliances,Prime Market (Domestic),False,True,True,True,
6393,6393.T,"YUKEN KOGYO CO.,LTD.",Machinery,Standard Market(Domestic),False,True,True,True,
6309,6309.T,"TOMOE ENGINEERING CO.,LTD.(TOMOE KOGYO CO.,LTD.)",Machinery,Prime Market (Domestic),False,True,True,True,
9201,9201.T,"Japan Airlines Co.,Ltd.",Air Transportation,Prime Market (Domestic),False,True,False,False,missing_operating_cf
3712,3712.T,"Information Planning CO.,LTD.",Information & Communication,Standard Market(Domestic),False,True,True,True,
5249,5249.T,"Asakawa Systems Co.,Ltd.",Information & Communication,PRO Market,False,True,False,False,missing_total_assets;missing_equity;missing_roe;missing_revenue;missing_operating_income;missing_operating_cf
5573,5573.T,"Doraku Holdings Co.,Ltd.",Information & Communication,PRO Market,False,True,False,False,missing_total_assets;missing_equity;missing_roe;missing_revenue;missing_operating_income;missing_operating_cf
5037,5037.T,"Fitworks Co.,Ltd.",Information & Communication,PRO Market,False,True,False,False,missing_total_assets;missing_equity;missing_roe;missing_revenue;missing_operating_income;missing_operating_cf
5821,5821.T,HIRAKAWA HEWTECH CORP.,Nonferrous Metals,Prime Market (Domestic),False,True,True,True,
5584,5584.T,"Strawberry jams Co.,Ltd.",Information & Communication,PRO Market,False,True,False,False,missing_total_assets;missing_equity;missing_roe;missing_revenue;missing_operating_income;missing_operating_cf
5135,5135.T,AIR-U LTD.,Information & Communication,PRO Market,False,True,False,False,missing_total_assets;missing_equity;missing_roe;missing_revenue;missing_operating_income;missing_operating_cf
5620,5620.T,SPO Entertainment Inc.,Information & Communication,PRO Market,False,True,False,False,missing_total_assets;missing_equity;missing_roe;missing_revenue;missing_operating_income;missing_operating_cf
5617,5617.T,WiLLDo Inc.,Information & Communication,PRO Market,False,True,False,False,missing_total_assets;missing_equity;missing_roe;missing_revenue;missing_operating_income;missing_operating_cf
5622,5622.T,"OneBe,Inc.",Information & Communication,PRO Market,False,True,False,False,missing_total_assets;missing_equity;missing_roe;missing_revenue;missing_operating_income;missing_operating_cf
5594,5594.T,M.D.B Corporation,Information & Communication,PRO Market,False,True,False,False,missing_total_assets;missing_equity;missing_roe;missing_revenue;missing_operating_income;missing_operating_cf
9537,9537.T,"HOKURIKU GAS CO.,LTD.",Electric Power and Gas,Standard Market(Domestic),False,True,True,True,
6798,6798.T,SMK Corporation,Electric Appliances,Prime Market (Domestic),False,True,True,True,
6333,6333.T,TEIKOKU CORPORATION,Machinery,Prime Market (Domestic),False,True,True,True,
6856,6856.T,"HORIBA,Ltd.",Electric Appliances,Prime Market (Domestic),False,True,True,True,
5711,5711.T,Mitsubishi Materials Corporation,Nonferrous Metals,Prime Market (Domestic),False,True,True,True,
4004,4004.T,Resonac Holdings Corporation,Chemicals,Prime Market (Domestic),False,True,True,True,
5598,5598.T,"Yottavias Co.,Ltd.",Information & Communication,PRO Market,False,True,False,False,missing_total_assets;missing_equity;missing_roe;missing_revenue;missing_operating_income;missing_operating_cf
7259,7259.T,AISIN CORPORATION,Transportation Equipment,Prime Market (Domestic),False,True,False,False,missing_operating_cf
9672,9672.T,"TOKYOTOKEIBA CO.,LTD.",Services,Prime Market (Domestic),False,True,True,True,
6272,6272.T,"RHEON AUTOMATIC MACHINERY CO.,LTD.",Machinery,Prime Market (Domestic),False,True,True,True,
6360,6360.T,"TOKYO AUTOMATIC MACHINERY WORKS,LTD.",Machinery,Standard Market(Domestic),False,True,True,True,
6841,6841.T,YOKOGAWA ELECTRIC CORPORATION,Electric Appliances,Prime Market (Domestic),False,True,True,True,
9532,9532.T,"OSAKA GAS CO.,LTD.",Electric Power and Gas,Prime Market (Domestic),False,True,True,True,
4976,4976.T,"TOYO DRILUBE CO.,LTD.",Chemicals,Standard Market(Domestic),False,True,True,True,
5713,5713.T,"Sumitomo Metal Mining Co.,Ltd.",Nonferrous Metals,Prime Market (Domestic),False,True,False,False,missing_operating_cf
4658,4658.T,"Nippon Air Conditioning Services Co.,Ltd.",Services,Prime Market (Domestic),False,True,True,True,
7734,7734.T,"RIKEN KEIKI CO.,LTD.",Precision Instruments,Prime Market (Domestic),False,True,True,True,
3103,3103.T,UNITIKA LTD.,Textiles and Apparels,Standard Market(Domestic),False,True,True,True,
6458,6458.T,SINKO INDUSTRIES LTD.,Machinery,Prime Market (Domestic),False,True,True,True,
6229,6229.T,OKUMURA ENGINEERING corp.,Machinery,Standard Market(Domestic),False,True,True,True,
5130,5130.T,"HiroHoldings Co.,ltd.",Information & Communication,PRO Market,False,True,False,False,missing_total_assets;missing_equity;missing_roe;missing_revenue;missing_operating_income;missing_operating_cf
5869,5869.T,"WASEDA GAKUSHUKENKYUKAI CO.,LTD.",Services,Standard Market(Domestic),False,True,True,True,
6357,6357.T,"Sansei Technologies,Inc.",Machinery,Standard Market(Domestic),False,True,True,True,
6810,6810.T,"Maxell,Ltd.",Electric Appliances,Prime Market (Domestic),False,True,True,True,
6037,6037.T,"RAKUMACHI,INC.",Services,Standard Market(Domestic),False,True,True,True,
6277,6277.T,HOSOKAWA MICRON CORPORATION,Machinery,Prime Market (Domestic),False,True,True,True,
7781,7781.T,"HIRAYAMA HOLDINGS Co.,Ltd.",Precision Instruments,Standard Market(Domestic),False,True,True,True,
6418,6418.T,"JAPAN CASH MACHINE CO.,LTD.",Machinery,Prime Market (Domestic),False,True,True,True,
6336,6336.T,"ISHII HYOKI CO.,LTD.",Machinery,Standard Market(Domestic),False,True,True,True,
3763,3763.T,Pro-Ship Incorporated,Information & Communication,Prime Market (Domestic),False,True,True,True,
6381,6381.T,ANEST IWATA Corporation,Machinery,Prime Market (Domestic),False,True,True,True,
9531,9531.T,"TOKYO GAS CO.,LTD.",Electric Power and Gas,Prime Market (Domestic),False,True,True,True,
6875,6875.T,MegaChips Corporation,Electric Appliances,Prime Market (Domestic),False,True,True,True,
4450,4450.T,"Power Solutions,Ltd.",Information & Communication,Growth Market(Domestic),False,True,True,True,
6430,6430.T,"DAIKOKU DENKI CO.,LTD.",Machinery,Prime Market (Domestic),False,True,True,True,
3407,3407.T,ASAHI KASEI CORPORATION,Chemicals,Prime Market (Domestic),False,True,True,True,
6013,6013.T,"TAKUMA CO.,LTD.",Machinery,Prime Market (Domestic),False,True,True,True,
6340,6340.T,SHIBUYA CORPORATION,Machinery,Prime Market (Domestic),False,True,True,True,
5110,5110.T,"Sumitomo Rubber Industries,Ltd.",Rubber Products,Prime Market (Domestic),False,True,False,False,missing_operating_cf
2579,2579.T,Coca-Cola Bottlers Japan Holdings Inc.,Foods,Prime Market (Domestic),False,True,False,False,missing_operating_cf
2452,2452.T,"Computer Mind Co.,Ltd.",Information & Communication,PRO Market,False,True,False,False,missing_total_assets;missing_equity;missing_roe;missing_revenue;missing_operating_income;missing_operating_cf
6723,6723.T,Renesas Electronics Corporation,Electric Appliances,Prime Market (Domestic),False,True,False,False,missing_operating_cf
5251,5251.T,"WISS1 Co.,Ltd.",Information & Communication,PRO Market,False,True,False,False,missing_total_assets;missing_equity;missing_roe;missing_revenue;missing_operating_income;missing_operating_cf
6932,6932.T,ENDO Lighting Corporation,Electric Appliances,Standard Market(Domestic),False,True,True,True,
6832,6832.T,"AOI ELECTRONICS CO.,LTD.",Electric Appliances,Standard Market(Domestic),False,True,True,True,
6118,6118.T,"AIDA ENGINEERING,LTD.",Machinery,Prime Market (Domestic),False,True,True,True,
9436,9436.T,OKINAWA CELLULAR TELEPHONE COMPANY,Information & Communication,Standard Market(Domestic),False,True,False,False,missing_revenue
6412,6412.T,Heiwa Corporation,Machinery,Prime Market (Domestic),False,True,True,True,
6804,6804.T,Hosiden Corporation,Electric Appliances,Prime Market (Domestic),False,True,True,True,
3444,3444.T,"KIKUCHI SEISAKUSHO CO.,LTD.",Metal Products,Standard Market(Domestic),False,True,True,True,
4365,4365.T,"MATSUMOTO YUSHI-SEIYAKU CO.,LTD.",Chemicals,Standard Market(Domestic),False,True,False,False,price_history_lt_500
7276,7276.T,"KOITO MANUFACTURING CO.,LTD.",Electric Appliances,Prime Market (Domestic),False,True,True,True,
6420,6420.T,GALILEI CO.LTD.,Machinery,Prime Market (Domestic),False,True,True,True,
6768,6768.T,TAMURA CORPORATION,Electric Appliances,Prime Market (Domestic),False,True,True,True,
6724,6724.T,SEIKO EPSON CORPORATION,Electric Appliances,Prime Market (Domestic),False,True,False,False,missing_operating_cf
6459,6459.T,DAIWA INDUSTRIES LTD.,Machinery,Prime Market (Domestic),False,True,True,True,
4062,4062.T,"IBIDEN CO.,LTD.",Electric Appliances,Prime Market (Domestic),False,True,True,True,
5945,5945.T,"Tenryu Saw Mfg.Co.,Ltd.",Metal Products,Standard Market(Domestic),False,True,True,True,
6482,6482.T,Yushin Company,Machinery,Standard Market(Domestic),False,True,True,True,
2502,2502.T,"Asahi Group Holdings,Ltd.",Foods,Prime Market (Domestic),False,True,False,False,missing_operating_cf
9449,9449.T,"GMO internet group,Inc.",Information & Communication,Prime Market (Domestic),False,True,True,True,
6474,6474.T,NACHI-FUJIKOSHI CORP.,Machinery,Prime Market (Domestic),False,True,True,True,
6016,6016.T,Japan Engine Corporation,Transportation Equipment,Standard Market(Domestic),False,True,True,True,
5208,5208.T,"Arisawa Mfg.Co.,Ltd.",Chemicals,Prime Market (Domestic),False,True,True,True,
7979,7979.T,SHOFU INC.,Precision Instruments,Prime Market (Domestic),False,True,True,True,
3969,3969.T,ATLED CORP.,Information & Communication,Standard Market(Domestic),False,True,True,True,
6432,6432.T,"TAKEUCHI MFG.CO.,LTD.",Machinery,Prime Market (Domestic),False,True,True,True,
6652,6652.T,IDEC CORPORATION,Electric Appliances,Prime Market (Domestic),False,True,True,True,
6104,6104.T,"SHIBAURA MACHINE CO.,LTD.",Machinery,Prime Market (Domestic),False,True,True,True,
6497,6497.T,HAMAI INDUSTRIES LTD,Machinery,Standard Market(Domestic),False,True,True,True,
4047,4047.T,"KANTO DENKA KOGYO CO.,LTD.",Chemicals,Prime Market (Domestic),False,True,True,True,
6039,6039.T,"Japan Animal Referral Medical Center Co.,Ltd.",Services,Growth Market(Domestic),False,True,True,True,
7318,7318.T,"SERENDIP HOLDINGS Co.,Ltd.",Transportation Equipment,Growth Market(Domestic),False,True,True,True,
6758,6758.T,SONY GROUP CORPORATION,Electric Appliances,Prime Market (Domestic),False,True,False,False,missing_operating_cf
7751,7751.T,CANON INC.,Electric Appliances,Prime Market (Domestic),False,True,False,False,missing_operating_cf
6113,6113.T,"AMADA CO.,LTD.",Machinery,Prime Market (Domestic),False,True,False,False,missing_operating_cf
9239,9239.T,KET Inc.,Services,PRO Market,False,True,False,False,missing_total_assets;missing_equity;missing_roe;missing_revenue;missing_operating_income;missing_operating_cf
6230,6230.T,SANEI LTD.,Machinery,Standard Market(Domestic),False,True,True,True,
7744,7744.T,"Noritsu Koki Co.,Ltd.",Precision Instruments,Prime Market (Domestic),False,True,False,False,missing_revenue;missing_operating_cf
9335,9335.T,"techno-creative CO.,LTD.",Services,PRO Market,False,True,False,False,missing_total_assets;missing_equity;missing_roe;missing_revenue;missing_operating_income;missing_operating_cf
6840,6840.T,"AKIBA Holdings Co.,Ltd.",Electric Appliances,Standard Market(Domestic),False,True,True,True,
9156,9156.T,"HANA HOLDINGS Co.,Ltd.",Services,PRO Market,False,True,False,False,missing_total_assets;missing_equity;missing_roe;missing_revenue;missing_operating_income;missing_operating_cf
7364,7364.T,"RYUKYU ASTEEDA Sports Club Co.,Ltd.",Services,PRO Market,False,True,False,False,missing_total_assets;missing_equity;missing_roe;missing_revenue;missing_operating_income;missing_operating_cf
5866,5866.T,WizBiz Inc.,Services,PRO Market,False,True,False,False,missing_total_assets;missing_equity;missing_roe;missing_revenue;missing_operating_income;missing_operating_cf
9334,9334.T,"IBIS HOLDINGS Co.,Ltd.",Services,PRO Market,False,True,False,False,missing_total_assets;missing_equity;missing_roe;missing_revenue;missing_operating_income;missing_operating_cf
6174,6174.T,"DENTAS CO.,LTD.",Services,PRO Market,False,True,False,False,missing_total_assets;missing_equity;missing_roe;missing_revenue;missing_operating_income;missing_operating_cf
7355,7355.T,"Issunbou Co.,Ltd.",Services,PRO Market,False,True,False,False,missing_total_assets;missing_equity;missing_roe;missing_revenue;missing_operating_income;missing_operating_cf
4626,4626.T,"TAIYO HOLDINGS CO.,LTD.",Chemicals,Prime Market (Domestic),False,True,True,True,
7098,7098.T,Agent Inc.,Services,PRO Market,False,True,False,False,missing_total_assets;missing_equity;missing_roe;missing_revenue;missing_operating_income;missing_operating_cf
7877,7877.T,"EIDAI KAKO CO.,LTD.",Chemicals,Standard Market(Domestic),False,True,True,True,
3912,3912.T,"Mobile Factory,Inc.",Information & Communication,Standard Market(Domestic),False,True,True,True,
6952,6952.T,"CASIO COMPUTER CO.,LTD.",Electric Appliances,Prime Market (Domestic),False,True,True,True,
4204,4204.T,"Sekisui Chemical Co.,Ltd.",Chemicals,Prime Market (Domestic),False,True,True,True,
6754,6754.T,ANRITSU CORPORATION,Electric Appliances,Prime Market (Domestic),False,True,False,False,missing_operating_cf
5589,5589.T,"AUTOSERVER CO.,LTD.",Information & Communication,Standard Market(Domestic),False,True,True,True,
9226,9226.T,IGER Inc.,Services,PRO Market,False,True,False,False,missing_total_assets;missing_equity;missing_roe;missing_revenue;missing_operating_income;missing_operating_cf
6862,6862.T,MINATO HOLDINGS INC.,Electric Appliances,Standard Market(Domestic),False,True,True,True,
4746,4746.T,"Toukei Computer Co.,Ltd.",Information & Communication,Standard Market(Domestic),False,True,True,True,
6919,6919.T,KEL CORPORATION,Electric Appliances,Standard Market(Domestic),False,True,True,True,
1723,1723.T,"NIHON DENGI CO.,LTD.",Construction,Standard Market(Domestic),False,True,True,True,
9169,9169.T,Daishinsha Inc.,Services,PRO Market,False,True,False,False,missing_total_assets;missing_equity;missing_roe;missing_revenue;missing_operating_income;missing_operating_cf
7701,7701.T,Shimadzu Corporation,Precision Instruments,Prime Market (Domestic),False,True,True,True,
6471,6471.T,NSK Ltd.,Machinery,Prime Market (Domestic),False,True,False,False,missing_operating_cf
7003,7003.T,"MITSUI E&S Co.,Ltd.",Machinery,Prime Market (Domestic),False,True,True,True,
2477,2477.T,"Temairazu,Inc.",Information & Communication,Standard Market(Domestic),False,True,True,True,
9790,9790.T,"Fukui Computer Holdings,Inc.",Information & Communication,Prime Market (Domestic),False,True,True,True,
7727,7727.T,OVAL Corporation,Precision Instruments,Standard Market(Domestic),False,True,True,True,
6637,6637.T,"TERASAKI ELECTRIC CO.,LTD.",Electric Appliances,Standard Market(Domestic),False,True,True,True,
6543,6543.T,NISSEN INC.,Services,Standard Market(Domestic),False,True,True,True,
7011,7011.T,"Mitsubishi Heavy Industries,Ltd.",Machinery,Prime Market (Domestic),False,True,False,False,missing_operating_cf
6504,6504.T,"FUJI ELECTRIC CO.,LTD.",Electric Appliances,Prime Market (Domestic),False,True,True,True,
6407,6407.T,CKD Corporation,Machinery,Prime Market (Domestic),False,True,True,True,
6226,6226.T,"Moriya Transportation Engineering and Manufacturing Co.,Ltd.",Machinery,Standard Market(Domestic),False,True,True,True,
2323,2323.T,fonfun corporation,Information & Communication,Standard Market(Domestic),False,True,True,True,
6629,6629.T,"TECHNO HORIZON CO.,LTD.",Electric Appliances,Standard Market(Domestic),False,True,True,True,
5261,5261.T,"RESOL HOLDINGS Co.,Ltd.",Services,Prime Market (Domestic),False,True,True,True,
6231,6231.T,"KIMURA KOHKI Co.,Ltd.",Machinery,Standard Market(Domestic),False,True,True,True,
6137,6137.T,"KOIKE SANSO KOGYO CO.,LTD.",Machinery,Standard Market(Domestic),False,True,True,True,
6971,6971.T,KYOCERA CORPORATION,Electric Appliances,Prime Market (Domestic),False,True,False,False,missing_operating_cf
7088,7088.T,Forum Engineering Inc.,Services,Prime Market (Domestic),False,True,True,True,
6958,6958.T,CMK CORPORATION,Electric Appliances,Prime Market (Domestic),False,True,True,True,
6904,6904.T,"HARADA INDUSTRY CO.,LTD.",Electric Appliances,Standard Market(Domestic),False,True,True,True,
4187,4187.T,OSAKA ORGANIC CHEMICAL INDUSTRY LTD.,Chemicals,Prime Market (Domestic),False,True,True,True,
4620,4620.T,"FUJIKURA KASEI CO.,LTD.",Chemicals,Standard Market(Domestic),False,True,True,True,
6246,6246.T,Techno Smart Corp.,Machinery,Standard Market(Domestic),False,True,True,True,
6217,6217.T,TSUDAKOMA Corp.,Machinery,Standard Market(Domestic),False,True,True,True,
6954,6954.T,FANUC CORPORATION,Electric Appliances,Prime Market (Domestic),False,True,True,True,
4082,4082.T,"DAIICHI KIGENSO KAGAKU-KOGYO CO.,LTD",Chemicals,Prime Market (Domestic),False,True,True,True,
9024,9024.T,SEIBU HOLDINGS INC.,Land Transportation,Prime Market (Domestic),False,True,True,True,
6677,6677.T,"SK-Electronics CO.,LTD.",Electric Appliances,Standard Market(Domestic),False,True,True,True,
4005,4005.T,"SUMITOMO CHEMICAL COMPANY,LIMITED",Chemicals,Prime Market (Domestic),False,True,False,False,missing_operating_cf
6473,6473.T,JTEKT Corporation,Machinery,Prime Market (Domestic),False,True,False,False,missing_operating_cf
9651,9651.T,"Japan Process Development Co.,Ltd.",Information & Communication,Standard Market(Domestic),False,True,True,True,
6465,6465.T,HOSHIZAKI CORPORATION,Machinery,Prime Market (Domestic),False,True,True,True,
6727,6727.T,"Wacom Co.,Ltd.",Electric Appliances,Prime Market (Domestic),False,True,True,True,
6224,6224.T,"JRC Co.,Ltd.",Machinery,Growth Market(Domestic),False,True,True,True,
3445,3445.T,"RS Technologies Co.,Ltd.",Metal Products,Prime Market (Domestic),False,True,True,True,
6986,6986.T,FUTABA CORPORATION,Electric Appliances,Prime Market (Domestic),False,True,True,True,
6947,6947.T,ZUKEN INC.,Electric Appliances,Prime Market (Domestic),False,True,True,True,
7989,7989.T,TACHIKAWA CORPORATION,Metal Products,Prime Market (Domestic),False,True,True,True,
6257,6257.T,"FUJISHOJI CO.,LTD.",Machinery,Standard Market(Domestic),False,True,True,True,
4374,4374.T,ROBOT PAYMENT INC.,Information & Communication,Growth Market(Domestic),False,True,True,True,
3441,3441.T,"SANNO Co.,Ltd.",Metal Products,Standard Market(Domestic),False,True,True,True,
7745,7745.T,"A&D HOLON Holdings Company,Limited",Precision Instruments,Prime Market (Domestic),False,True,True,True,
9640,9640.T,"Saison Technology Co.,Ltd.",Information & Communication,Standard Market(Domestic),False,True,True,True,
4928,4928.T,"Noevir Holdings Co.,Ltd.",Chemicals,Prime Market (Domestic),False,True,True,True,
7995,7995.T,"VALQUA,LTD.",Chemicals,Prime Market (Domestic),False,True,True,True,
9202,9202.T,ANA HOLDINGS INC.,Air Transportation,Prime Market (Domestic),False,True,True,True,
9795,9795.T,"STEP CO.,LTD.",Services,Prime Market (Domestic),False,True,True,True,
9476,9476.T,"CHUOKEIZAI-SHA HOLDINGS,INC.",Information & Communication,Standard Market(Domestic),False,True,True,True,
6807,6807.T,"Japan Aviation Electronics Industry,Limited",Electric Appliances,Prime Market (Domestic),False,True,True,True,
6368,6368.T,ORGANO CORPORATION,Machinery,Prime Market (Domestic),False,True,True,True,
3003,3003.T,"Hulic Co.,Ltd.",Real Estate,Prime Market (Domestic),False,True,True,True,
9661,9661.T,"Kabuki-Za Co.,Ltd.",Services,Standard Market(Domestic),False,True,True,True,
6249,6249.T,"Gamecard Holdings,Inc.",Machinery,Standard Market(Domestic),False,True,True,True,
7735,7735.T,"SCREEN Holdings Co.,Ltd.",Electric Appliances,Prime Market (Domestic),False,True,True,True,
6351,6351.T,"TSURUMI MANUFACTURING CO.,LTD.",Machinery,Prime Market (Domestic),False,True,True,True,
6307,6307.T,"SANSEI CO.,LTD.",Machinery,Standard Market(Domestic),False,True,True,True,
6238,6238.T,FURYU CORPORATION,Machinery,Prime Market (Domestic),False,True,True,True,
6269,6269.T,"MODEC,INC.",Machinery,Prime Market (Domestic),False,True,False,False,missing_operating_cf
2154,2154.T,Open Up Group Inc.,Services,Prime Market (Domestic),False,True,False,False,missing_operating_cf
5819,5819.T,"Canare Electric Co.,Ltd.",Nonferrous Metals,Standard Market(Domestic),False,True,True,True,
4762,4762.T,XNET Corporation,Information & Communication,Standard Market(Domestic),False,True,True,True,
7743,7743.T,"SEED CO.,LTD.",Precision Instruments,Standard Market(Domestic),False,True,True,True,
4887,4887.T,"SAWAI GROUP HOLDINGS Co.,Ltd.",Pharmaceutical,Prime Market (Domestic),False,True,False,False,missing_operating_cf
6158,6158.T,"WAIDA MFG.CO.,LTD.",Machinery,Standard Market(Domestic),False,True,True,True,
3800,3800.T,UNIRITA Inc.,Information & Communication,Standard Market(Domestic),False,True,True,True,
6378,6378.T,"KIMURA CHEMICAL PLANTS CO.,LTD.",Machinery,Standard Market(Domestic),False,True,True,True,
7269,7269.T,SUZUKI MOTOR CORPORATION,Transportation Equipment,Prime Market (Domestic),False,True,True,True,
9769,9769.T,"GAKKYUSHA CO.,LTD.",Services,Prime Market (Domestic),False,True,True,True,
4578,4578.T,"Otsuka Holdings Co.,Ltd.",Pharmaceutical,Prime Market (Domestic),False,True,False,False,missing_operating_cf
3834,3834.T,"Asahi Net,Inc.",Information & Communication,Prime Market (Domestic),False,True,True,True,
4917,4917.T,MANDOM CORPORATION,Chemicals,Prime Market (Domestic),False,True,True,True,
6203,6203.T,"Howa Machinery,Ltd.",Machinery,Standard Market(Domestic),False,True,True,True,
4970,4970.T,"Toyo Gosei Co.,Ltd.",Chemicals,Standard Market(Domestic),False,True,True,True,
5951,5951.T,"Dainichi Co.,Ltd.",Metal Products,Standard Market(Domestic),False,True,True,True,
6496,6496.T,"NAKAKITA SEISAKUSHO CO.,LTD.",Machinery,Standard Market(Domestic),False,True,True,True,
6918,6918.T,AVAL DATA CORPORATION,Electric Appliances,Standard Market(Domestic),False,True,True,True,
6310,6310.T,"ISEKI & CO.,LTD.",Machinery,Prime Market (Domestic),False,True,True,True,
7741,7741.T,HOYA CORPORATION,Precision Instruments,Prime Market (Domestic),False,True,False,False,missing_operating_cf
6433,6433.T,"HEPHAIST CO.,LTD.",Machinery,Standard Market(Domestic),False,True,True,True,
4324,4324.T,DENTSU GROUP INC.,Services,Prime Market (Domestic),False,True,False,False,missing_operating_cf
7702,7702.T,"JMS CO.,LTD.",Precision Instruments,Standard Market(Domestic),False,True,True,True,
6849,6849.T,NIHON KOHDEN CORPORATION,Electric Appliances,Prime Market (Domestic),False,True,True,True,
6364,6364.T,AIRMAN CORPORATION,Machinery,Prime Market (Domestic),False,True,True,True,
6305,6305.T,"Hitachi Construction Machinery Co.,Ltd.",Machinery,Prime Market (Domestic),False,True,False,False,missing_operating_cf
3591,3591.T,WACOAL HOLDINGS CORP.,Textiles and Apparels,Prime Market (Domestic),False,True,False,False,missing_operating_cf
3939,3939.T,"Kanamic Network Co.,LTD",Information & Communication,Prime Market (Domestic),False,True,True,True,
4684,4684.T,"OBIC Co.,Ltd.",Information & Communication,Prime Market (Domestic),False,True,True,True,
8630,8630.T,"Sompo Holdings,Inc.",Insurance,Prime Market (Domestic),True,True,True,False,financial_sector_excluded
4272,4272.T,"NIPPON KAYAKU CO.,LTD.",Chemicals,Prime Market (Domestic),False,True,True,True,
4733,4733.T,"OBIC BUSINESS CONSULTANTS CO.,LTD.",Information & Communication,Prime Market (Domestic),False,True,True,True,
9446,9446.T,"SAKAI Holdings CO.,LTD",Information & Communication,Standard Market(Domestic),False,True,True,True,
6907,6907.T,"GEOMATEC CO.,LTD.",Electric Appliances,Standard Market(Domestic),False,True,True,True,
6316,6316.T,"MARUYAMA MFG.CO.,INC.",Machinery,Standard Market(Domestic),False,True,True,True,
9635,9635.T,"Musashino Kogyo Co.,Ltd.",Services,Standard Market(Domestic),False,True,True,True,
9636,9636.T,Kin-Ei Corp.,Services,Standard Market(Domestic),False,True,True,True,
6908,6908.T,"IRISO ELECTRONICS CO.,LTD.",Electric Appliances,Prime Market (Domestic),False,True,True,True,
5444,5444.T,"YAMATO KOGYO CO.,LTD.",Iron and Steel,Prime Market (Domestic),False,True,True,True,
4345,4345.T,"CTS Co.,Ltd.",Services,Prime Market (Domestic),False,True,True,True,
6445,6445.T,JANOME Corporation,Machinery,Prime Market (Domestic),False,True,True,True,
2124,2124.T,"JAC Recruitment Co.,Ltd.",Services,Prime Market (Domestic),False,True,True,True,
9414,9414.T,Nippon BS Broadcasting Corporation,Information & Communication,Standard Market(Domestic),False,True,True,True,
1928,1928.T,"Sekisui House,Ltd.",Construction,Prime Market (Domestic),False,True,True,True,
5992,5992.T,"CHUO SPRING CO.,LTD.",Metal Products,Standard Market(Domestic),False,True,True,True,
7270,7270.T,SUBARU CORPORATION,Transportation Equipment,Prime Market (Domestic),False,True,False,False,missing_operating_cf
6349,6349.T,KOMORI CORPORATION,Machinery,Prime Market (Domestic),False,True,True,True,
4828,4828.T,Business Engineering Corporation,Information & Communication,Prime Market (Domestic),False,True,True,True,
9679,9679.T,"HORAI Co.,Ltd.",Services,Standard Market(Domestic),False,True,True,True,
9445,9445.T,"FORVAL TELECOM,INC.",Information & Communication,Standard Market(Domestic),False,True,True,True,
6757,6757.T,"OSG CORPORATION CO.,LTD.",Electric Appliances,Standard Market(Domestic),False,True,True,True,
6408,6408.T,"OGURA CLUTCH CO.,LTD.",Machinery,Standard Market(Domestic),False,True,True,True,
4091,4091.T,NIPPON SANSO HOLDINGS CORPORATION,Chemicals,Prime Market (Domestic),False,True,False,False,missing_operating_cf
6287,6287.T,SATO CORPORATION,Machinery,Prime Market (Domestic),False,True,True,True,
6138,6138.T,"DIJET INDUSTRIAL CO.,LTD.",Machinery,Standard Market(Domestic),False,True,True,True,
6513,6513.T,"Origin Company,Limited",Electric Appliances,Standard Market(Domestic),False,True,True,True,
6905,6905.T,"COSEL CO.,LTD.",Electric Appliances,Prime Market (Domestic),False,True,True,True,
2480,2480.T,"System Location Co.,Ltd.",Information & Communication,Standard Market(Domestic),False,True,True,True,
6237,6237.T,"IWAKI CO.,LTD.",Machinery,Prime Market (Domestic),False,True,True,True,
6339,6339.T,"Sintokogio,Ltd.",Machinery,Prime Market (Domestic),False,True,True,True,
4109,4109.T,STELLA CHEMIFA CORPORATION,Chemicals,Prime Market (Domestic),False,True,True,True,
4743,4743.T,ITFOR Inc.,Information & Communication,Prime Market (Domestic),False,True,True,True,
9412,9412.T,SKY Perfect JSAT Corporation,Information & Communication,Prime Market (Domestic),False,True,True,True,
7731,7731.T,NIKON CORPORATION,Precision Instruments,Prime Market (Domestic),False,True,False,False,missing_operating_cf
5906,5906.T,"MK SEIKO CO.,LTD.",Metal Products,Standard Market(Domestic),False,True,True,True,
7729,7729.T,"TOKYO SEIMITSU CO.,LTD.",Precision Instruments,Prime Market (Domestic),False,True,True,True,
9441,9441.T,"Bell-Park Co.,Ltd.",Information & Communication,Standard Market(Domestic),False,True,True,True,
8361,8361.T,"The Ogaki Kyoritsu Bank,Ltd.",Banks,Prime Market (Domestic),True,True,False,False,financial_sector_excluded;missing_revenue;missing_operating_income
7244,7244.T,"ICHIKOH INDUSTRIES,LTD.",Electric Appliances,Prime Market (Domestic),False,True,True,True,
6772,6772.T,"Tokyo Cosmos Electric Co.,Ltd.",Electric Appliances,Standard Market(Domestic),False,True,True,True,
5703,5703.T,"Nippon Light Metal Holdings Company,Ltd.",Nonferrous Metals,Prime Market (Domestic),False,True,True,True,
5817,5817.T,"JMACS Japan Co.,Ltd.",Nonferrous Metals,Standard Market(Domestic),False,True,True,True,
6151,6151.T,"NITTO KOHKI CO.,LTD.",Machinery,Prime Market (Domestic),False,True,True,True,
6566,6566.T,"KANAME KOGYO CO.,LTD.",Services,Standard Market(Domestic),False,True,True,True,
8035,8035.T,Tokyo Electron Limited,Electric Appliances,Prime Market (Domestic),False,True,True,True,
7780,7780.T,"Menicon Co.,Ltd.",Precision Instruments,Prime Market (Domestic),False,True,True,True,
3962,3962.T,"CHANGE Holdings,Inc.",Information & Communication,Prime Market (Domestic),False,True,False,False,missing_operating_cf
4224,4224.T,LONSEAL CORPORATION,Chemicals,Standard Market(Domestic),False,True,True,True,
6323,6323.T,RORZE CORPORATION,Machinery,Prime Market (Domestic),False,True,True,True,
4680,4680.T,ROUND ONE Corporation,Services,Prime Market (Domestic),False,True,True,True,
6239,6239.T,NAGAOKA INTERNATIONAL CORPORATION,Machinery,Standard Market(Domestic),False,True,True,True,
3964,3964.T,AUCNET INC.,Information & Communication,Prime Market (Domestic),False,True,True,True,
6087,6087.T,"ABIST Co.,Ltd.",Services,Standard Market(Domestic),False,True,True,True,
7004,7004.T,Kanadevia Corporation,Machinery,Prime Market (Domestic),False,True,True,True,
9701,9701.T,"Tokyo Kaikan Co.,Ltd.",Services,Standard Market(Domestic),False,True,True,True,
8898,8898.T,CENTURY21 REAL ESTATE OF JAPAN LTD.,Real Estate,Standard Market(Domestic),False,True,True,True,
6005,6005.T,"MIURA CO.,LTD.",Machinery,Prime Market (Domestic),False,True,False,False,missing_operating_cf
6294,6294.T,OKADA AIYON CORPORATION,Machinery,Prime Market (Domestic),False,True,True,True,
9845,9845.T,PARKER CORPORATION,Chemicals,Standard Market(Domestic),False,True,True,True,
4617,4617.T,"Chugoku Marine Paints,Ltd.",Chemicals,Prime Market (Domestic),False,True,True,True,
2303,2303.T,Dawn Corporation,Information & Communication,Standard Market(Domestic),False,True,True,True,
4403,4403.T,NOF CORPORATION,Chemicals,Prime Market (Domestic),False,True,True,True,
7284,7284.T,"MEIWA INDUSTRY CO.,LTD.",Transportation Equipment,Standard Market(Domestic),False,True,True,True,
6317,6317.T,Kitagawa Corporation,Machinery,Standard Market(Domestic),False,True,True,True,
4043,4043.T,Tokuyama Corporation,Chemicals,Prime Market (Domestic),False,True,True,True,
9021,9021.T,West Japan Railway Company,Land Transportation,Prime Market (Domestic),False,True,True,True,
4064,4064.T,"Nippon Carbide Industries Company,Incorporated",Chemicals,Prime Market (Domestic),False,True,True,True,
5991,5991.T,"NHK SPRING CO.,LTD.",Metal Products,Prime Market (Domestic),False,True,True,True,
6363,6363.T,"Torishima Pump Mfg.Co.,Ltd.",Machinery,Prime Market (Domestic),False,True,True,True,
6342,6342.T,"Taihei Machinery Works,Limited",Machinery,Standard Market(Domestic),False,True,True,True,
9101,9101.T,Nippon Yusen Kabushiki Kaisha,Marine Transportation,Prime Market (Domestic),False,True,True,True,
4092,4092.T,"Nippon Chemical Industrial Co.,Ltd.",Chemicals,Prime Market (Domestic),False,True,True,True,
6470,6470.T,"TAIHO KOGYO CO.,LTD.",Machinery,Standard Market(Domestic),False,True,True,True,
6343,6343.T,FREESIA MACROSS CORPORATION,Machinery,Standard Market(Domestic),False,True,True,True,
5016,5016.T,JX Advanced Metals Corporation,Nonferrous Metals,Prime Market (Domestic),False,True,False,False,price_history_lt_500;missing_operating_cf
6467,6467.T,NICHIDAI CORPORATION,Machinery,Standard Market(Domestic),False,True,True,True,
6149,6149.T,"Odawara Engineering Co.,Ltd.",Machinery,Standard Market(Domestic),False,True,True,True,
4320,4320.T,"CE Holdings Co.,Ltd.",Information & Communication,Standard Market(Domestic),False,True,True,True,
4275,4275.T,"Carlit Co.,Ltd.",Chemicals,Prime Market (Domestic),False,True,True,True,
9746,9746.T,TKC Corporation,Information & Communication,Prime Market (Domestic),False,True,True,True,
2391,2391.T,"PLANET,INC.",Services,Standard Market(Domestic),False,True,True,True,
6227,6227.T,"AIMECHATEC,Ltd.",Machinery,Standard Market(Domestic),False,True,True,True,
6155,6155.T,"TAKAMATSU MACHINERY CO.,LTD.",Machinery,Standard Market(Domestic),False,True,True,True,
9744,9744.T,MEITEC Group Holdings Inc.,Services,Prime Market (Domestic),False,True,True,True,
6273,6273.T,SMC CORPORATION,Machinery,Prime Market (Domestic),False,True,True,True,
6325,6325.T,"TAKAKITA CO.,LTD.",Machinery,Standard Market(Domestic),False,True,True,True,
4623,4623.T,ASAHIPEN CORPORATION,Chemicals,Standard Market(Domestic),False,True,True,True,
9336,9336.T,"Daiei Kankyo Co.,Ltd.",Services,Prime Market (Domestic),False,True,True,True,
4182,4182.T,"Mitsubishi Gas Chemical Company,Inc.",Chemicals,Prime Market (Domestic),False,True,True,True,
7208,7208.T,KANEMITSU CORPORATION,Transportation Equipment,Standard Market(Domestic),False,True,True,True,
4973,4973.T,"JAPAN PURE CHEMICAL CO.,LTD.",Chemicals,Prime Market (Domestic),False,True,True,True,
3997,3997.T,"TRADE WORKS Co.,Ltd",Information & Communication,Standard Market(Domestic),False,True,True,True,
6165,6165.T,"PUNCH INDUSTRY CO.,LTD.",Machinery,Standard Market(Domestic),False,True,True,True,
7940,7940.T,"WAVELOCK HOLDINGS CO.,LTD.",Chemicals,Standard Market(Domestic),False,True,True,True,
5581,5581.T,"Chi-technology Co.,Ltd.",Information & Communication,PRO Market,False,True,False,False,missing_total_assets;missing_equity;missing_roe;missing_revenue;missing_operating_income;missing_operating_cf
6258,6258.T,HIRATA Corporation,Machinery,Prime Market (Domestic),False,True,True,True,
8392,8392.T,"THE OITA BANK,LTD.",Banks,Prime Market (Domestic),True,True,False,False,financial_sector_excluded;missing_revenue;missing_operating_income
6395,6395.T,TADANO LTD.,Machinery,Prime Market (Domestic),False,True,True,True,
6135,6135.T,"Makino Milling Machine Co.,Ltd.",Machinery,Prime Market (Domestic),False,True,True,True,
6901,6901.T,"SAWAFUJI ELECTRIC CO.,LTD.",Electric Appliances,Standard Market(Domestic),False,True,True,True,
4045,4045.T,"TOAGOSEI CO.,LTD.",Chemicals,Prime Market (Domestic),False,True,True,True,
6523,6523.T,PHC Holdings Corporation,Electric Appliances,Prime Market (Domestic),False,True,False,False,missing_operating_cf
4659,4659.T,"AJIS CO.,LTD.",Services,Standard Market(Domestic),False,True,True,True,
7717,7717.T,"V Technology Co.,Ltd.",Precision Instruments,Prime Market (Domestic),False,True,True,True,
4262,4262.T,"NIFTY Lifestyle Co.,Ltd.",Information & Communication,Growth Market(Domestic),False,True,True,True,
6366,6366.T,Chiyoda Corporation,Construction,Standard Market(Domestic),False,True,False,False,missing_revenue
3104,3104.T,"Fujibo Holdings,Inc.",Textiles and Apparels,Prime Market (Domestic),False,True,True,True,
8393,8393.T,"The Miyazaki Bank,Ltd.",Banks,Prime Market (Domestic),True,True,False,False,financial_sector_excluded;missing_revenue;missing_operating_income
4628,4628.T,"SK KAKEN CO.,LTD.",Chemicals,Standard Market(Domestic),False,True,True,True,
4767,4767.T,"TOW CO.,LTD.",Services,Standard Market(Domestic),False,True,True,True,
7719,7719.T,TOKYO KOKI CO.LTD.,Precision Instruments,Standard Market(Domestic),False,True,True,True,
6882,6882.T,"Sansha Electric Manufacturing Co.,Ltd.",Electric Appliances,Standard Market(Domestic),False,True,True,True,
6440,6440.T,JUKI CORPORATION,Machinery,Prime Market (Domestic),False,True,True,True,
6103,6103.T,OKUMA Corporation,Machinery,Prime Market (Domestic),False,True,True,True,
7199,7199.T,"Premium Group Co.,Ltd.",Other Financing Business,Prime Market (Domestic),True,True,False,False,financial_sector_excluded;missing_operating_cf
6626,6626.T,SEMITEC Corporation,Electric Appliances,Standard Market(Domestic),False,True,True,True,
3817,3817.T,"SRA Holdings,Inc.",Information & Communication,Prime Market (Domestic),False,True,True,True,
6150,6150.T,"TAKEDA MACHINERY CO.,LTD.",Machinery,Standard Market(Domestic),False,True,True,True,
6778,6778.T,"Artiza Networks,Inc.",Electric Appliances,Standard Market(Domestic),False,True,True,True,
9687,9687.T,"KSK CO.,LTD",Information & Communication,Standard Market(Domestic),False,True,True,True,
7970,7970.T,"Shin-Etsu Polymer Co.,Ltd.",Chemicals,Prime Market (Domestic),False,True,True,True,
6835,6835.T,ALLIED TELESIS HOLDINGS K.K.,Electric Appliances,Standard Market(Domestic),False,True,True,True,
4437,4437.T,"gooddays holdings,Inc.",Information & Communication,Growth Market(Domestic),False,True,True,True,
7202,7202.T,ISUZU MOTORS LIMITED,Transportation Equipment,Prime Market (Domestic),False,True,True,True,
6167,6167.T,"Fuji Die Co.,Ltd.",Machinery,Prime Market (Domestic),False,True,True,True,
6902,6902.T,DENSO CORPORATION,Transportation Equipment,Prime Market (Domestic),False,True,False,False,missing_operating_cf
6391,6391.T,KAJI TECHNOLOGY CORPORATION,Machinery,Standard Market(Domestic),False,True,True,True,
4078,4078.T,"Sakai Chemical Industry Co.,Ltd.",Chemicals,Prime Market (Domestic),False,True,True,True,
7988,7988.T,NIFCO INC.,Chemicals,Prime Market (Domestic),False,True,True,True,
6588,6588.T,TOSHIBA TEC CORPORATION,Electric Appliances,Prime Market (Domestic),False,True,True,True,
4462,4462.T,"ISHIHARA CHEMICAL CO.,LTD.",Chemicals,Prime Market (Domestic),False,True,True,True,
4203,4203.T,"Sumitomo Bakelite Company,Limited",Chemicals,Prime Market (Domestic),False,True,False,False,missing_operating_cf
6946,6946.T,"Nippon Avionics Co.,Ltd.",Electric Appliances,Standard Market(Domestic),False,True,True,True,
4220,4220.T,RIKEN TECHNOS CORPORATION,Chemicals,Prime Market (Domestic),False,True,True,True,
6899,6899.T,ASTI CORPORATION,Electric Appliances,Standard Market(Domestic),False,True,True,True,
9757,9757.T,Funai Soken Holdings Incorporated,Services,Prime Market (Domestic),False,True,True,True,
6844,6844.T,"Shindengen Electric Manufacturing Co.,Ltd.",Electric Appliances,Prime Market (Domestic),False,True,True,True,
4845,4845.T,"Scala,Inc.",Information & Communication,Standard Market(Domestic),False,True,False,False,missing_operating_cf
5019,5019.T,"Idemitsu Kosan Co.,Ltd.",Oil and Coal Products,Prime Market (Domestic),False,True,True,True,
3635,3635.T,"KOEI TECMO HOLDINGS CO.,LTD.",Information & Communication,Prime Market (Domestic),False,True,True,True,
4119,4119.T,Nippon Pigment Holdings Company Limited,Chemicals,Standard Market(Domestic),False,True,True,True,
8593,8593.T,Mitsubishi HC Capital Inc.,Other Financing Business,Prime Market (Domestic),True,True,True,False,financial_sector_excluded
9709,9709.T,"NCS&A CO.,LTD.",Information & Communication,Standard Market(Domestic),False,True,True,True,
4095,4095.T,"NIHON PARKERIZING CO.,LTD.",Chemicals,Prime Market (Domestic),False,True,True,True,
6525,6525.T,KOKUSAI ELECTRIC CORPORATION,Electric Appliances,Prime Market (Domestic),False,True,False,False,missing_operating_cf
6455,6455.T,MORITA HOLDINGS CORPORATION,Transportation Equipment,Prime Market (Domestic),False,True,True,True,
4668,4668.T,"MEIKO NETWORK JAPAN CO.,LTD.",Services,Prime Market (Domestic),False,True,True,True,
9347,9347.T,"NIPPON KANZAI Holdings Co.,Ltd.",Services,Prime Market (Domestic),False,True,True,True,
6586,6586.T,Makita Corporation,Machinery,Prime Market (Domestic),False,True,False,False,missing_operating_cf
3101,3101.T,"TOYOBO CO.,LTD.",Chemicals,Prime Market (Domestic),False,True,True,True,
4341,4341.T,SEIRYO ELECTRIC CORPORATION,Services,Standard Market(Domestic),False,True,True,True,
7925,7925.T,"MAEZAWA KASEI INDUSTRIES CO.,LTD.",Chemicals,Prime Market (Domestic),False,True,True,True,
6289,6289.T,GIKEN LTD.,Machinery,Prime Market (Domestic),False,True,True,True,
5921,5921.T,"Kawagishi Bridge Works Co.,Ltd.",Metal Products,Standard Market(Domestic),False,True,False,False,missing_revenue
4923,4923.T,"COTA CO.,LTD.",Chemicals,Prime Market (Domestic),False,True,True,True,
2207,2207.T,"MEITO CO.,LTD.",Foods,Prime Market (Domestic),False,True,True,True,
2485,2485.T,TEAR Corporation,Services,Standard Market(Domestic),False,True,True,True,
4635,4635.T,"TOKYO PRINTING INK MFG.CO.,LTD.",Chemicals,Standard Market(Domestic),False,True,True,True,
4686,4686.T,JUSTSYSTEMS CORPORATION,Information & Communication,Prime Market (Domestic),False,True,True,True,
9534,9534.T,"HOKKAIDO GAS CO.,LTD.",Electric Power and Gas,Prime Market (Domestic),False,True,True,True,
6803,6803.T,TEAC CORPORATION,Electric Appliances,Standard Market(Domestic),False,True,False,False,missing_operating_cf
3837,3837.T,Ad-Sol Nissin Corporation,Information & Communication,Prime Market (Domestic),False,True,True,True,
4248,4248.T,"Takemoto Yohki Co.,Ltd.",Chemicals,Standard Market(Domestic),False,True,True,True,
6266,6266.T,"TAZMO CO.,LTD.",Machinery,Prime Market (Domestic),False,True,True,True,
7942,7942.T,JSP Corporation,Chemicals,Prime Market (Domestic),False,True,True,True,
7280,7280.T,MITSUBA Corporation,Electric Appliances,Prime Market (Domestic),False,True,True,True,
4094,4094.T,"NIHON KAGAKU SANGYO CO.,LTD.",Chemicals,Standard Market(Domestic),False,True,True,True,
6472,6472.T,NTN CORPORATION,Machinery,Prime Market (Domestic),False,True,True,True,
4644,4644.T,"Imagineer Co.,Ltd.",Information & Communication,Standard Market(Domestic),False,True,True,True,
6361,6361.T,EBARA CORPORATION,Machinery,Prime Market (Domestic),False,True,False,False,missing_operating_cf
6539,6539.T,"MATCHING SERVICE JAPAN CO.,LTD.",Services,Prime Market (Domestic),False,True,True,True,
6469,6469.T,"HODEN SEIMITSU KAKO KENKYUSHO CO.,LTD.",Machinery,Standard Market(Domestic),False,True,True,True,
2393,2393.T,"Nippon Care Supply Co.,Ltd.",Services,Standard Market(Domestic),False,True,True,True,
4041,4041.T,"Nippon Soda Co.,Ltd.",Chemicals,Prime Market (Domestic),False,True,True,True,
9605,9605.T,"TOEI COMPANY,LTD.",Information & Communication,Prime Market (Domestic),False,True,True,True,
4728,4728.T,"TOSE CO.,LTD.",Information & Communication,Standard Market(Domestic),False,True,True,True,
4206,4206.T,"Aica Kogyo Company,Limited",Chemicals,Prime Market (Domestic),False,True,True,True,
2180,2180.T,SUNNY SIDE UP GROUP Inc.,Services,Standard Market(Domestic),False,True,True,True,
4114,4114.T,"NIPPON SHOKUBAI CO.,LTD.",Chemicals,Prime Market (Domestic),False,True,False,False,missing_operating_cf
5333,5333.T,NGK Corporation,Glass and Ceramics Products,Prime Market (Domestic),False,True,True,True,
9759,9759.T,"NSD CO.,LTD.",Information & Communication,Prime Market (Domestic),False,True,True,True,
4901,4901.T,FUJIFILM Holdings Corporation,Chemicals,Prime Market (Domestic),False,True,False,False,missing_operating_cf
2121,2121.T,"MIXI,Inc.",Information & Communication,Prime Market (Domestic),False,True,True,True,
8377,8377.T,"Hokuhoku Financial Group, Inc.",Banks,Prime Market (Domestic),True,True,True,False,financial_sector_excluded
2169,2169.T,"CDS Co.,Ltd.",Services,Standard Market(Domestic),False,True,True,True,
4008,4008.T,"Sumitomo Seika Chemicals Company,Limited.",Chemicals,Prime Market (Domestic),False,True,True,True,
4247,4247.T,"POVAL KOGYO CO.,LTD.",Chemicals,Standard Market(Domestic),False,True,True,True,
6666,6666.T,RIVER ELETEC CORPORATION,Electric Appliances,Standard Market(Domestic),False,True,True,True,
8876,8876.T,"Relo Group,Inc.",Services,Prime Market (Domestic),False,True,False,False,missing_operating_cf
4752,4752.T,SHOWA SYSTEM ENGINEERING CORPORATION,Information & Communication,Standard Market(Domestic),False,True,True,True,
9622,9622.T,"SPACE CO.,LTD.",Services,Prime Market (Domestic),False,True,False,False,missing_revenue
6521,6521.T,OXIDE Corporation,Electric Appliances,Growth Market(Domestic),False,True,True,True,
4401,4401.T,ADEKA CORPORATION,Chemicals,Prime Market (Domestic),False,True,True,True,
6413,6413.T,RISO KAGAKU CORPORATION,Machinery,Prime Market (Domestic),False,True,True,True,
6728,6728.T,"ULVAC, Inc.",Electric Appliances,Prime Market (Domestic),False,True,True,True,
2359,2359.T,CORE CORPORATION,Information & Communication,Prime Market (Domestic),False,True,True,True,
7752,7752.T,"RICOH COMPANY,LTD.",Electric Appliances,Prime Market (Domestic),False,True,False,False,missing_operating_cf
6337,6337.T,TESEC Corporation,Machinery,Standard Market(Domestic),False,True,True,True,
4218,4218.T,"NICHIBAN CO.,LTD.",Chemicals,Prime Market (Domestic),False,True,True,True,
6730,6730.T,AXELL CORPORATION,Electric Appliances,Standard Market(Domestic),False,True,True,True,
2432,2432.T,"DeNA Co.,Ltd.",Information & Communication,Prime Market (Domestic),False,True,False,False,missing_operating_cf
4229,4229.T,"Gun Ei Chemical Industry Co.,Ltd.",Chemicals,Prime Market (Domestic),False,True,True,True,
4926,4926.T,"C'BON COSMETICS Co.,Ltd.",Chemicals,Standard Market(Domestic),False,True,True,True,
9049,9049.T,"Keifuku Electric Railroad Co.,Ltd.",Land Transportation,Standard Market(Domestic),False,True,True,True,
4712,4712.T,"KeyHolder,Inc.",Services,Standard Market(Domestic),False,True,False,False,missing_operating_cf
3682,3682.T,"Encourage Technologies Co.,Ltd.",Information & Communication,Standard Market(Domestic),False,True,True,True,
9551,9551.T,"METAWATER Co.,Ltd.",Electric Power and Gas,Prime Market (Domestic),False,True,True,True,
4951,4951.T,S.T.CORPORATION,Chemicals,Prime Market (Domestic),False,True,True,True,
7769,7769.T,"RHYTHM CO.,LTD.",Precision Instruments,Prime Market (Domestic),False,True,True,True,
3710,3710.T,"Jorudan Co.,Ltd.",Information & Communication,Standard Market(Domestic),False,True,True,True,
6658,6658.T,"Shirai Electronics Industrial Co.,Ltd.",Electric Appliances,Standard Market(Domestic),False,True,True,True,
4116,4116.T,"Dainichiseika Color & Chemicals Mfg.Co.,Ltd.",Chemicals,Prime Market (Domestic),False,True,True,True,
9367,9367.T,"DAITO KOUN CO.,LTD.",Warehousing and Harbor Transportation Service,Standard Market(Domestic),False,True,True,True,
7782,7782.T,"Sincere Co.,LTD.",Precision Instruments,Standard Market(Domestic),False,True,True,True,
4627,4627.T,"NATOCO CO.,LTD.",Chemicals,Standard Market(Domestic),False,True,True,True,
9405,9405.T,ASAHI BROADCASTING GROUP HOLDINGS CORPORATION,Information & Communication,Prime Market (Domestic),False,True,True,True,
5959,5959.T,"OKABE CO.,LTD.",Metal Products,Prime Market (Domestic),False,True,True,True,
1961,1961.T,"SANKI ENGINEERING CO.,LTD.",Construction,Prime Market (Domestic),False,True,True,True,
4216,4216.T,ASAHI YUKIZAI CORPORATION,Chemicals,Prime Market (Domestic),False,True,True,True,
7173,7173.T,"Tokyo Kiraboshi Financial Group,Inc.",Banks,Prime Market (Domestic),True,True,True,False,financial_sector_excluded
5997,5997.T,KYORITSU AIR TECH INC.,Metal Products,Standard Market(Domestic),False,True,True,True,
6570,6570.T,Kyowa Corporation,Services,Standard Market(Domestic),False,True,True,True,
3913,3913.T,"GreenBee,Inc.",Information & Communication,Standard Market(Domestic),False,True,True,True,
6292,6292.T,"KAWATA MFG. CO.,LTD.",Machinery,Standard Market(Domestic),False,True,True,True,
5801,5801.T,"Furukawa Electric Co.,Ltd.",Nonferrous Metals,Prime Market (Domestic),False,True,True,True,
2173,2173.T,Hakuten Corporation,Services,Growth Market(Domestic),False,True,True,True,
2493,2493.T,"E-SUPPORTLINK,Ltd.",Services,Standard Market(Domestic),False,True,True,True,
4246,4246.T,DaikyoNishikawa Corporation,Chemicals,Prime Market (Domestic),False,True,True,True,
6072,6072.T,"Jibannet Holdings Co.,Ltd.",Services,Standard Market(Domestic),False,True,True,True,
4624,4624.T,"Isamu Paint Co.,Ltd.",Chemicals,Standard Market(Domestic),False,True,True,True,
5982,5982.T,"MARUZEN CO.,LTD.",Metal Products,Standard Market(Domestic),False,True,True,True,
5911,5911.T,Yokogawa Bridge Holdings Corp.,Metal Products,Prime Market (Domestic),False,True,True,True,
2349,2349.T,"Nippon Information Development Co.,Ltd.",Information & Communication,Standard Market(Domestic),False,True,True,True,
3839,3839.T,"ODK Solutions Company,Ltd.",Information & Communication,Standard Market(Domestic),False,True,True,True,
5915,5915.T,KOMAIHALTEC Inc.,Metal Products,Standard Market(Domestic),False,True,True,True,
4665,4665.T,"DUSKIN CO.,LTD.",Services,Prime Market (Domestic),False,True,True,True,
4629,4629.T,"DAISHIN CHEMICAL CO.,LTD.",Chemicals,Standard Market(Domestic),False,True,True,True,
4028,4028.T,"ISHIHARA SANGYO KAISHA,LTD.",Chemicals,Prime Market (Domestic),False,True,True,True,
9678,9678.T,"KANAMOTO CO.,LTD.",Services,Prime Market (Domestic),False,True,True,True,
4380,4380.T,M - mart Inc.,Information & Communication,Growth Market(Domestic),False,True,True,True,
4977,4977.T,Nitta Gelatin Inc.,Chemicals,Standard Market(Domestic),False,True,True,True,
6145,6145.T,"NITTOKU CO.,LTD.",Machinery,Standard Market(Domestic),False,True,True,True,
6223,6223.T,"Seibu Giken Co.,Ltd.",Machinery,Standard Market(Domestic),False,True,True,True,
6424,6424.T,"TAKAMISAWA CYBERNETICS COMPANY,LTD.",Machinery,Standard Market(Domestic),False,True,True,True,
4521,4521.T,"KAKEN PHARMACEUTICAL CO.,LTD.",Pharmaceutical,Prime Market (Domestic),False,True,True,True,
7871,7871.T,"FUKUVI CHEMICAL INDUSTRY CO.,LTD.",Chemicals,Standard Market(Domestic),False,True,True,True,
5186,5186.T,Nitta Corporation,Rubber Products,Prime Market (Domestic),False,True,True,True,
9385,9385.T,SHOEI CORPORATION,Chemicals,Standard Market(Domestic),False,True,True,True,
5990,5990.T,"SUPER TOOL CO.,LTD.",Metal Products,Standard Market(Domestic),False,True,True,True,
9708,9708.T,"Imperial Hotel,Ltd.",Services,Standard Market(Domestic),False,True,True,True,
7595,7595.T,ARGO GRAPHICS Inc.,Information & Communication,Prime Market (Domestic),False,True,True,True,
3826,3826.T,System Integrator Corp.,Information & Communication,Standard Market(Domestic),False,True,True,True,
4471,4471.T,"SANYO CHEMICAL INDUSTRIES,LTD.",Chemicals,Prime Market (Domestic),False,True,True,True,
7224,7224.T,"ShinMaywa Industries,LTD.",Transportation Equipment,Prime Market (Domestic),False,True,True,True,
4994,4994.T,"Taisei Lamick Group Head Quarter & Innovation Co.,Ltd.",Chemicals,Standard Market(Domestic),False,True,True,True,
5942,5942.T,"NIPPON FILCON CO.,LTD.",Metal Products,Standard Market(Domestic),False,True,True,True,
2179,2179.T,"SEIGAKUSHA CO.,LTD.",Services,Standard Market(Domestic),False,True,True,True,
4465,4465.T,"Niitaka Co., Ltd.",Chemicals,Standard Market(Domestic),False,True,True,True,
7040,7040.T,"SUN-LIFE HOLDING CO.,LTD.",Services,Standard Market(Domestic),False,True,True,True,
6040,6040.T,"Nippon Ski Resort Development Co.,Ltd.",Services,Growth Market(Domestic),False,True,True,True,
5393,5393.T,NICHIAS CORPORATION,Glass and Ceramics Products,Prime Market (Domestic),False,True,True,True,
7317,7317.T,"Matsuya R&D Co.,Ltd",Transportation Equipment,Growth Market(Domestic),False,True,True,True,
6771,6771.T,"IKEGAMI TSUSHINKI CO.,LTD.",Electric Appliances,Standard Market(Domestic),False,True,True,True,
3435,3435.T,"SANKO TECHNO CO.,LTD.",Metal Products,Standard Market(Domestic),False,True,True,True,
4503,4503.T,Astellas Pharma Inc.,Pharmaceutical,Prime Market (Domestic),False,True,False,False,missing_operating_cf
9716,9716.T,"NOMURA Co.,Ltd.",Services,Prime Market (Domestic),False,True,True,True,
6245,6245.T,"HIRANO TECSEED CO.,LTD.",Machinery,Standard Market(Domestic),False,True,True,True,
9639,9639.T,"SANKYO FRONTIER CO.,LTD.",Services,Standard Market(Domestic),False,True,True,True,
5941,5941.T,"NAKANISHI MFG. CO.,LTD.",Metal Products,Standard Market(Domestic),False,True,True,True,
2185,2185.T,CMC CORPORATION,Services,Standard Market(Domestic),False,True,True,True,
6254,6254.T,"Nomura Micro Science Co.,Ltd.",Machinery,Prime Market (Domestic),False,True,True,True,
5975,5975.T,Topre Corporation,Metal Products,Prime Market (Domestic),False,True,True,True,
9983,9983.T,"FAST RETAILING CO.,LTD.",Retail Trade,Prime Market (Domestic),False,True,False,False,missing_operating_cf
6262,6262.T,"PEGASUS CO.,LTD.",Machinery,Standard Market(Domestic),False,True,True,True,
7593,7593.T,"VT HOLDINGS CO.,LTD.",Retail Trade,Prime Market (Domestic),False,True,False,False,missing_operating_cf
4071,4071.T,"Plus Alpha Consulting Co.,LTD.",Information & Communication,Prime Market (Domestic),False,True,True,True,
3437,3437.T,"TOKUDEN CO.,LTD.",Metal Products,Standard Market(Domestic),False,True,True,True,
7034,7034.T,"Prored Partners CO.,LTD.",Services,Prime Market (Domestic),False,True,True,True,
5903,5903.T,"SHINPO CO.,LTD.",Metal Products,Standard Market(Domestic),False,True,True,True,
5902,5902.T,HOKKAN HOLDINGS LIMITED,Metal Products,Prime Market (Domestic),False,True,True,True,
4631,4631.T,DIC Corporation,Chemicals,Prime Market (Domestic),False,True,True,True,
3673,3673.T,"Broadleaf Co.,Ltd.",Information & Communication,Prime Market (Domestic),False,True,False,False,missing_operating_cf
4625,4625.T,"ATOMIX CO.,LTD.",Chemicals,Standard Market(Domestic),False,True,True,True,
4482,4482.T,WILLs Inc.,Information & Communication,Growth Market(Domestic),False,True,True,True,
7912,7912.T,"Dai Nippon Printing Co.,Ltd.",Other Products,Prime Market (Domestic),False,True,True,True,
6506,6506.T,YASKAWA Electric Corporation,Electric Appliances,Prime Market (Domestic),False,True,False,False,missing_operating_cf
7272,7272.T,"Yamaha Motor Co.,Ltd.",Transportation Equipment,Prime Market (Domestic),False,True,True,True,
3420,3420.T,KFC Ltd,Metal Products,Standard Market(Domestic),False,True,True,True,
2327,2327.T,NS Solutions Corporation,Information & Communication,Prime Market (Domestic),False,True,False,False,missing_operating_cf
5570,5570.T,"JENOBA CO.,LTD.",Information & Communication,Growth Market(Domestic),False,True,True,True,
4318,4318.T,"QUICK CO.,LTD.",Services,Prime Market (Domestic),False,True,True,True,
6943,6943.T,"NKK SWITCHES CO.,LTD.",Electric Appliances,Standard Market(Domestic),False,True,True,True,
6635,6635.T,KK DI-NIKKO ENGINEERING,Electric Appliances,Standard Market(Domestic),False,True,True,True,
4042,4042.T,TOSOH CORPORATION,Chemicals,Prime Market (Domestic),False,True,True,True,
8368,8368.T,"The Hyakugo Bank,Ltd.",Banks,Prime Market (Domestic),True,True,False,False,financial_sector_excluded;missing_revenue;missing_operating_income
6197,6197.T,Solasto Corporation,Services,Prime Market (Domestic),False,True,True,True,
2408,2408.T,"KG Intelligence CO.,LTD.",Services,Standard Market(Domestic),False,True,True,True,
5971,5971.T,"KYOWAKOGYOSYO CO.,LTD.",Metal Products,Standard Market(Domestic),False,True,True,True,
6018,6018.T,"THE HANSHIN DIESEL WORKS,LTD.",Transportation Equipment,Standard Market(Domestic),False,True,True,True,
9743,9743.T,"TANSEISHA CO.,LTD.",Services,Prime Market (Domestic),False,True,True,True,
5121,5121.T,FUJIKURA COMPOSITES Inc.,Rubber Products,Prime Market (Domestic),False,True,True,True,
7278,7278.T,EXEDY Corporation,Transportation Equipment,Prime Market (Domestic),False,True,False,False,missing_operating_cf
6460,6460.T,SEGA SAMMY HOLDINGS INC.,Machinery,Prime Market (Domestic),False,True,True,True,
5974,5974.T,"CHUGOKUKOGYO CO.,LTD.",Metal Products,Standard Market(Domestic),False,True,True,True,
9761,9761.T,"TOKAI LEASE CO.,LTD.",Services,Standard Market(Domestic),False,True,True,True,
6091,6091.T,Wesco Holdings Inc.,Services,Standard Market(Domestic),False,True,True,True,
9853,9853.T,"GINZA RENOIR CO.,LTD.",Retail Trade,Standard Market(Domestic),False,True,True,True,
4769,4769.T,"IC CO.,LTD.",Information & Communication,Standard Market(Domestic),False,True,True,True,
2411,2411.T,GENDAI AGENCY INC.,Information & Communication,Standard Market(Domestic),False,True,True,True,
4681,4681.T,"RESORTTRUST,INC.",Services,Prime Market (Domestic),False,True,True,True,
4832,4832.T,"JFE Systems, Inc.",Information & Communication,Standard Market(Domestic),False,True,True,True,
6073,6073.T,ASANTE INCORPORATED,Services,Prime Market (Domestic),False,True,True,True,
5715,5715.T,"FURUKAWA CO.,LTD.",Nonferrous Metals,Prime Market (Domestic),False,True,True,True,
5956,5956.T,"TOSO CO.,LTD.",Metal Products,Standard Market(Domestic),False,True,True,True,
8053,8053.T,"SUMITOMO CORPORATION (SUMITOMO SHOJI KAISHA,LTD.)",Wholesale Trade,Prime Market (Domestic),False,True,False,False,missing_revenue;missing_operating_cf
3984,3984.T,"User Local,Inc.",Information & Communication,Prime Market (Domestic),False,True,True,True,
3922,3922.T,PR TIMES Corporation,Information & Communication,Prime Market (Domestic),False,True,True,True,
9733,9733.T,Nagase Brothers Inc.,Services,Standard Market(Domestic),False,True,True,True,
3861,3861.T,Oji Holdings Corporation,Pulp and Paper,Prime Market (Domestic),False,True,True,True,
4507,4507.T,"Shionogi & Co.,Ltd.",Pharmaceutical,Prime Market (Domestic),False,True,False,False,missing_operating_cf
4118,4118.T,KANEKA CORPORATION,Chemicals,Prime Market (Domestic),False,True,True,True,
9146,9146.T,"GOKENDO Holdings,Inc.",Land Transportation,PRO Market,False,True,False,False,missing_total_assets;missing_equity;missing_roe;missing_revenue;missing_operating_income;missing_operating_cf
3521,3521.T,"THERMAE-YU HOLDINGS CO.,LTD.",Services,Standard Market(Domestic),False,True,True,True,
7132,7132.T,FLOBAL CORPORATION,Wholesale Trade,PRO Market,False,True,False,False,missing_total_assets;missing_equity;missing_roe;missing_revenue;missing_operating_income;missing_operating_cf
2801,2801.T,KIKKOMAN CORPORATION,Foods,Prime Market (Domestic),False,True,False,False,missing_operating_cf
4765,4765.T,"SBI Global Asset Management Co.,Ltd.",Services,Prime Market (Domestic),False,True,True,True,
7322,7322.T,"San ju San Financial Group,Inc.",Banks,Prime Market (Domestic),True,True,True,False,financial_sector_excluded
5528,5528.T,"Frontier House Co.,Ltd.",Real Estate,PRO Market,False,True,False,False,missing_total_assets;missing_equity;missing_roe;missing_revenue;missing_operating_income;missing_operating_cf
3901,3901.T,"MarkLines Co.,Ltd.",Information & Communication,Prime Market (Domestic),False,True,True,True,
7693,7693.T,"Hokkaido Shika Sangyo Co.,Ltd.",Wholesale Trade,PRO Market,False,True,False,False,missing_total_assets;missing_equity;missing_roe;missing_revenue;missing_operating_income;missing_operating_cf
9698,9698.T,"CREO CO.,LTD.",Information & Communication,Standard Market(Domestic),False,True,True,True,
5844,5844.T,"Kyoto Financial Group,Inc.",Banks,Prime Market (Domestic),True,True,True,False,financial_sector_excluded
8544,8544.T,"The Keiyo Bank,Ltd.",Banks,Prime Market (Domestic),True,True,False,False,financial_sector_excluded;missing_revenue;missing_operating_income
9632,9632.T,"Subaru Enterprise Co.,Ltd.",Services,Standard Market(Domestic),False,True,True,True,
3649,3649.T,FINDEX Inc.,Information & Communication,Prime Market (Domestic),False,True,True,True,
4107,4107.T,ISE CHEMICALS CORPORATION,Chemicals,Standard Market(Domestic),False,True,True,True,
9149,9149.T,"Otomo Logistics Service Co.,Ltd.",Land Transportation,PRO Market,False,True,False,False,missing_total_assets;missing_equity;missing_roe;missing_revenue;missing_operating_income;missing_operating_cf
5534,5534.T,Angel Group Inc.,Real Estate,PRO Market,False,True,False,False,missing_total_assets;missing_equity;missing_roe;missing_revenue;missing_operating_income;missing_operating_cf
4619,4619.T,"Nihon Tokushu Toryo Co.,Ltd.",Chemicals,Standard Market(Domestic),False,True,True,True,
2341,2341.T,"ARBEIT-TIMES CO.,LTD.",Services,Standard Market(Domestic),False,True,True,True,
5072,5072.T,"ART FORCE JAPAN Co.,Ltd.",Construction,PRO Market,False,True,False,False,missing_total_assets;missing_equity;missing_roe;missing_revenue;missing_operating_income;missing_operating_cf
2992,2992.T,URBAN LiKE INC.,Real Estate,PRO Market,False,True,False,False,missing_total_assets;missing_equity;missing_roe;missing_revenue;missing_operating_income;missing_operating_cf
5022,5022.T,REVO International Inc.,Oil and Coal Products,PRO Market,False,True,False,False,missing_total_assets;missing_equity;missing_roe;missing_revenue;missing_operating_income;missing_operating_cf
1452,1452.T,"YOKOHAMA WRIGHT Industries Co.,LTD",Construction,PRO Market,False,True,False,False,missing_total_assets;missing_equity;missing_roe;missing_revenue;missing_operating_income;missing_operating_cf
5890,5890.T,OFFICEBUSTERS CORPORATION,Retail Trade,PRO Market,False,True,False,False,missing_total_assets;missing_equity;missing_roe;missing_revenue;missing_operating_income;missing_operating_cf
7680,7680.T,"KEIJIDOUSHAKAN.Co.,Ltd.",Retail Trade,PRO Market,False,True,False,False,missing_total_assets;missing_equity;missing_roe;missing_revenue;missing_operating_income;missing_operating_cf
7691,7691.T,C Channel Corporation,Retail Trade,PRO Market,False,True,False,False,missing_total_assets;missing_equity;missing_roe;missing_revenue;missing_operating_income;missing_operating_cf
8921,8921.T,"C's Create Co.,Ltd",Real Estate,PRO Market,False,True,False,False,missing_total_assets;missing_equity;missing_roe;missing_revenue;missing_operating_income;missing_operating_cf
2994,2994.T,"Answer Holdings Co.,Ltd",Real Estate,PRO Market,False,True,False,False,missing_total_assets;missing_equity;missing_roe;missing_revenue;missing_operating_income;missing_operating_cf
5886,5886.T,"OOKABE GLASS CO.,LTD.",Wholesale Trade,PRO Market,False,True,False,False,missing_total_assets;missing_equity;missing_roe;missing_revenue;missing_operating_income;missing_operating_cf
7136,7136.T,"Wellbin Group Co.,Ltd.",Retail Trade,PRO Market,False,True,False,False,missing_total_assets;missing_equity;missing_roe;missing_revenue;missing_operating_income;missing_operating_cf
1432,1432.T,"DORYOKU Co.,Ltd.",Construction,PRO Market,False,True,False,False,missing_total_assets;missing_equity;missing_roe;missing_revenue;missing_operating_income;missing_operating_cf
1445,1445.T,"Hikari Holdings Co.,Ltd.",Construction,PRO Market,False,True,False,False,missing_total_assets;missing_equity;missing_roe;missing_revenue;missing_operating_income;missing_operating_cf
5887,5887.T,"Kokyo,Inc.",Wholesale Trade,PRO Market,False,True,False,False,missing_total_assets;missing_equity;missing_roe;missing_revenue;missing_operating_income;missing_operating_cf
7690,7690.T,CURRENT MOTOR Corporation,Wholesale Trade,PRO Market,False,True,False,False,missing_total_assets;missing_equity;missing_roe;missing_revenue;missing_operating_income;missing_operating_cf
9543,9543.T,"SHIZUOKA GAS CO.,LTD.",Electric Power and Gas,Prime Market (Domestic),False,True,True,True,
5998,5998.T,Advanex Inc.,Metal Products,Standard Market(Domestic),False,True,True,True,
3291,3291.T,"Iida Group Holdings Co.,Ltd.",Real Estate,Prime Market (Domestic),False,True,False,False,missing_operating_cf
9433,9433.T,KDDI CORPORATION,Information & Communication,Prime Market (Domestic),False,True,False,False,missing_revenue;missing_operating_cf
4410,4410.T,"HARIMA CHEMICALS GROUP,INC.",Chemicals,Prime Market (Domestic),False,True,True,True,
7917,7917.T,ZACROS Corporation,Chemicals,Prime Market (Domestic),False,True,True,True,
2311,2311.T,"EPCO Co.,Ltd.",Services,Standard Market(Domestic),False,True,True,True,
4902,4902.T,"KONICA MINOLTA,INC.",Electric Appliances,Prime Market (Domestic),False,True,False,False,missing_operating_cf
5893,5893.T,RAVIPA Ltd.,Retail Trade,PRO Market,False,True,False,False,missing_total_assets;missing_equity;missing_roe;missing_revenue;missing_operating_income;missing_operating_cf
7139,7139.T,"TOKYO KOATSU Co.,Ltd.",Wholesale Trade,PRO Market,False,True,False,False,missing_total_assets;missing_equity;missing_roe;missing_revenue;missing_operating_income;missing_operating_cf
6927,6927.T,"Helios Techno Holding Co.,Ltd.",Electric Appliances,Standard Market(Domestic),False,True,True,True,
5184,5184.T,"NICHIRIN CO.,LTD.",Rubber Products,Standard Market(Domestic),False,True,True,True,
6819,6819.T,"Izu Shaboten Resort Co.,Ltd",Services,Standard Market(Domestic),False,True,True,True,
4912,4912.T,Lion Corporation,Chemicals,Prime Market (Domestic),False,True,False,False,missing_operating_cf
6616,6616.T,TOREX SEMICONDUCTOR LTD.,Electric Appliances,Prime Market (Domestic),False,True,True,True,
5038,5038.T,"eWeLL Co.,Ltd.",Information & Communication,Growth Market(Domestic),False,True,True,True,
9691,9691.T,"RYOMO SYSTEMS CO.,LTD.",Information & Communication,Standard Market(Domestic),False,True,True,True,
4058,4058.T,"Toyokumo,Inc.",Information & Communication,Growth Market(Domestic),False,True,True,True,
5525,5525.T,"Frontier Holdings Co.,Ltd.",Real Estate,PRO Market,False,True,False,False,missing_total_assets;missing_equity;missing_roe;missing_revenue;missing_operating_income;missing_operating_cf
6358,6358.T,"SAKAI HEAVY INDUSTRIES,LTD.",Machinery,Prime Market (Domestic),False,True,True,True,
4543,4543.T,TERUMO CORPORATION,Precision Instruments,Prime Market (Domestic),False,True,False,False,missing_operating_cf
3804,3804.T,System D Inc.,Information & Communication,Standard Market(Domestic),False,True,True,True,
7137,7137.T,"Grantomato Co.,Ltd.",Retail Trade,PRO Market,False,True,False,False,missing_total_assets;missing_equity;missing_roe;missing_revenue;missing_operating_income;missing_operating_cf
9799,9799.T,"ASAHI INTELLIGENCE SERVICE CO.,LTD.",Information & Communication,Standard Market(Domestic),False,True,True,True,
2990,2990.T,"Aida Sekkei Co.,Ltd.",Real Estate,PRO Market,False,True,False,False,missing_total_assets;missing_equity;missing_roe;missing_revenue;missing_operating_income;missing_operating_cf
4705,4705.T,CLIP Corporation,Services,Standard Market(Domestic),False,True,True,True,
2449,2449.T,"PRAP Japan,Inc.",Services,Standard Market(Domestic),False,True,True,True,
9682,9682.T,DTS CORPORATION,Information & Communication,Prime Market (Domestic),False,True,True,True,
4102,4102.T,"Maruo Calcium Co.,Ltd.",Chemicals,Standard Market(Domestic),False,True,True,True,
9753,9753.T,IX Knowledge Incorporated,Information & Communication,Standard Market(Domestic),False,True,True,True,
6268,6268.T,Nabtesco Corporation,Machinery,Prime Market (Domestic),False,True,False,False,missing_operating_cf
6988,6988.T,NITTO DENKO CORPORATION,Chemicals,Prime Market (Domestic),False,True,False,False,missing_operating_cf
7389,7389.T,"Aichi Financial Group,Inc.",Banks,Prime Market (Domestic),True,True,True,False,financial_sector_excluded
3045,3045.T,"Kawasaki & Co.,Ltd.",Wholesale Trade,Standard Market(Domestic),False,True,True,True,
5077,5077.T,"Hands Co.,Ltd.",Construction,PRO Market,False,True,False,False,missing_total_assets;missing_equity;missing_roe;missing_revenue;missing_operating_income;missing_operating_cf
2995,2995.T,J-REX Corporation,Real Estate,PRO Market,False,True,False,False,missing_total_assets;missing_equity;missing_roe;missing_revenue;missing_operating_income;missing_operating_cf
7085,7085.T,"CURVES HOLDINGS Co.,Ltd.",Services,Prime Market (Domestic),False,True,True,True,
5957,5957.T,"NITTOSEIKO CO.,LTD.",Metal Products,Prime Market (Domestic),False,True,True,True,
4221,4221.T,"Okura Industrial Co.,Ltd.",Chemicals,Prime Market (Domestic),False,True,True,True,
6208,6208.T,"Ishikawa Seisakusho,Ltd.",Machinery,Standard Market(Domestic),False,True,True,True,
4044,4044.T,"Central Glass Co.,Ltd.",Chemicals,Prime Market (Domestic),False,True,True,True,
6702,6702.T,Fujitsu Limited,Electric Appliances,Prime Market (Domestic),False,True,False,False,missing_operating_cf
1847,1847.T,"ICHIKEN Co.,Ltd.",Construction,Standard Market(Domestic),False,True,True,True,
9408,9408.T,"BSN MEDIA HOLDINGS,INC.",Information & Communication,Standard Market(Domestic),False,True,True,True,
7378,7378.T,ASIRO Inc.,Services,Growth Market(Domestic),False,True,False,False,missing_operating_cf
3940,3940.T,"Nomura System Corporation Co,Ltd.",Information & Communication,Standard Market(Domestic),False,True,True,True,
6405,6405.T,"Suzumo Machinery Co.,Ltd.",Machinery,Standard Market(Domestic),False,True,True,True,
4426,4426.T,"Passlogy Co.,Ltd.",Information & Communication,PRO Market,False,True,False,False,missing_total_assets;missing_equity;missing_roe;missing_revenue;missing_operating_income;missing_operating_cf
5922,5922.T,"NASU DENKI-TEKKO CO.,LTD.",Metal Products,Standard Market(Domestic),False,True,True,True,
6736,6736.T,SUNCORPORATION,Electric Appliances,Standard Market(Domestic),False,True,True,True,
6663,6663.T,"TAIYO TECHNOLEX CO.,LTD.",Electric Appliances,Standard Market(Domestic),False,True,True,True,
4634,4634.T,"artience Co.,Ltd.",Chemicals,Prime Market (Domestic),False,True,True,True,
5831,5831.T,"Shizuoka Financial Group,Inc.",Banks,Prime Market (Domestic),True,True,True,False,financial_sector_excluded
6367,6367.T,"DAIKIN INDUSTRIES,LTD.",Machinery,Prime Market (Domestic),False,True,True,True,
5976,5976.T,"Neturen Co.,Ltd.",Metal Products,Prime Market (Domestic),False,True,True,True,
4317,4317.T,Ray Corporation,Services,Standard Market(Domestic),False,True,True,True,
3436,3436.T,SUMCO CORPORATION,Metal Products,Prime Market (Domestic),False,True,True,True,
5742,5742.T,"NIC Autotec,Inc.",Nonferrous Metals,Standard Market(Domestic),False,True,True,True,
9507,9507.T,"Shikoku Electric Power Company,Incorporated",Electric Power and Gas,Prime Market (Domestic),False,True,True,True,
5946,5946.T,"CHOFU SEISAKUSHO CO.,LTD.",Metal Products,Prime Market (Domestic),False,True,True,True,
2768,2768.T,Sojitz Corporation,Wholesale Trade,Prime Market (Domestic),False,True,False,False,missing_operating_cf
4367,4367.T,"KOEI CHEMICAL COMPANY,LIMITED",Chemicals,Standard Market(Domestic),False,True,True,True,
3483,3483.T,"SHOEI CO.,LTD.",Real Estate,PRO Market,False,True,False,False,missing_total_assets;missing_equity;missing_roe;missing_revenue;missing_operating_income;missing_operating_cf
1717,1717.T,Meiho Facility Works Ltd.,Services,Standard Market(Domestic),False,True,True,True,
7963,7963.T,KOKEN LTD.,Other Products,Standard Market(Domestic),False,True,True,True,
6662,6662.T,"Ubiteq,INC.",Electric Appliances,Standard Market(Domestic),False,True,True,True,
6962,6962.T,DAISHINKU CORP.,Electric Appliances,Prime Market (Domestic),False,True,True,True,
3816,3816.T,"DAIWA COMPUTER CO.,LTD.",Information & Communication,Standard Market(Domestic),False,True,True,True,
5909,5909.T,CORONA CORPORATION,Metal Products,Standard Market(Domestic),False,True,True,True,
5900,5900.T,"DAIKEN CO.,LTD.",Metal Products,Standard Market(Domestic),False,True,True,True,
6638,6638.T,"MIMAKI ENGINEERING CO.,LTD.",Electric Appliances,Prime Market (Domestic),False,True,True,True,
3440,3440.T,"NISSO GROUP Co.,Ltd.",Metal Products,Standard Market(Domestic),False,True,True,True,
4366,4366.T,Daito Chemix Corporation,Chemicals,Standard Market(Domestic),False,True,True,True,
7551,7551.T,"WEDS CO.,LTD.",Transportation Equipment,Standard Market(Domestic),False,True,True,True,
2152,2152.T,Youji Corporation,Services,Standard Market(Domestic),False,True,True,True,
4990,4990.T,"Showa Chemical Industry Co.,Ltd.",Chemicals,Standard Market(Domestic),False,True,True,True,
4633,4633.T,SAKATA INX CORPORATION,Chemicals,Prime Market (Domestic),False,True,True,True,
6400,6400.T,"FUJI SEIKI CO.,LTD.",Machinery,Standard Market(Domestic),False,True,True,True,
7022,7022.T,Sanoyas Holdings Corporation,Machinery,Standard Market(Domestic),False,True,True,True,
8345,8345.T,"The Bank of Iwate,Ltd.",Banks,Prime Market (Domestic),True,True,False,False,financial_sector_excluded;missing_revenue;missing_operating_income
2481,2481.T,"TOWNNEWS-SHA CO.,LTD.",Services,Standard Market(Domestic),False,True,True,True,
3835,3835.T,"eBASE Co.,Ltd.",Information & Communication,Prime Market (Domestic),False,True,True,True,
4998,4998.T,FUMAKILLA LIMITED,Chemicals,Standard Market(Domestic),False,True,True,True,
6383,6383.T,"DAIFUKU CO.,LTD.",Machinery,Prime Market (Domestic),False,True,True,True,
2335,2335.T,CUBE SYSTEM INC.,Information & Communication,Prime Market (Domestic),False,True,True,True,
4212,4212.T,Sekisui Jushi Corporation,Chemicals,Prime Market (Domestic),False,True,True,True,
9536,9536.T,"SAIBU GAS HOLDINGS CO.,LTD.",Electric Power and Gas,Prime Market (Domestic),False,True,True,True,
4369,4369.T,Tri Chemical Laboratories Inc.,Chemicals,Prime Market (Domestic),False,True,True,True,
6494,6494.T,"NFK HOLDINGS CO.,Ltd",Machinery,Standard Market(Domestic),False,True,True,True,
9633,9633.T,"TOKYO THEATRES COMPANY,INCORPORATED",Real Estate,Standard Market(Domestic),False,True,True,True,
7235,7235.T,"TOKYO RADIATOR MFG.CO.,LTD.",Transportation Equipment,Standard Market(Domestic),False,True,True,True,
3421,3421.T,"INABA SEISAKUSHO Co.,Ltd.",Metal Products,Standard Market(Domestic),False,True,True,True,
5965,5965.T,FUJIMAK CORPORATION,Metal Products,Standard Market(Domestic),False,True,True,True,
6632,6632.T,JVCKENWOOD Corporation,Electric Appliances,Prime Market (Domestic),False,True,False,False,missing_operating_cf
3040,3040.T,SOLITON SYSTEMS K.K.,Information & Communication,Prime Market (Domestic),False,True,True,True,
4027,4027.T,TAYCA CORPORATION,Chemicals,Prime Market (Domestic),False,True,True,True,
4825,4825.T,WEATHERNEWS INC.,Information & Communication,Prime Market (Domestic),False,True,True,True,
3294,3294.T,"e'grand Co.,Ltd",Real Estate,Standard Market(Domestic),False,True,True,True,
7380,7380.T,"Juroku Financial Group,Inc.",Banks,Prime Market (Domestic),True,True,True,False,financial_sector_excluded
7236,7236.T,"T.RAD Co., Ltd.",Transportation Equipment,Prime Market (Domestic),False,True,True,True,
2332,2332.T,"Quest Co.,Ltd.",Information & Communication,Standard Market(Domestic),False,True,True,True,
4172,4172.T,"Hi-CRATES CO.,LTD.",Information & Communication,Standard Market(Domestic),False,True,True,True,
4641,4641.T,Altech Corporation,Services,Prime Market (Domestic),False,True,True,True,
6576,6576.T,"Youkosha Co.,Ltd.",Services,PRO Market,False,True,False,False,price_unavailable;missing_total_assets;missing_equity;missing_roe;missing_revenue;missing_operating_income;missing_operating_cf
4689,4689.T,LY Corporation,Information & Communication,Prime Market (Domestic),False,True,False,False,missing_operating_cf
6171,6171.T,C.E.Management Integrated Laboratory Co.Ltd,Services,Standard Market(Domestic),False,True,True,True,
3447,3447.T,"Shinwa Co.,Ltd.",Metal Products,Standard Market(Domestic),False,True,False,False,missing_operating_cf
7184,7184.T,"THE FIRST BANK OF TOYAMA,LTD.",Banks,Prime Market (Domestic),True,True,False,False,financial_sector_excluded;missing_revenue;missing_operating_income
8628,8628.T,"MATSUI SECURITIES CO.,LTD.",Securities and Commodities Futures,Prime Market (Domestic),True,True,False,False,financial_sector_excluded;missing_revenue
9702,9702.T,ISB CORPORATION,Information & Communication,Prime Market (Domestic),False,True,True,True,
5531,5531.T,"NAKAYAMA FUDOUSAN Co.,Ltd.",Real Estate,PRO Market,False,True,False,False,missing_total_assets;missing_equity;missing_roe;missing_revenue;missing_operating_income;missing_operating_cf
4202,4202.T,Daicel Corporation,Chemicals,Prime Market (Domestic),False,True,True,True,
7213,7213.T,LECIP HOLDINGS CORPORATION,Transportation Equipment,Standard Market(Domestic),False,True,True,True,
3799,3799.T,Keyware Solutions Inc.,Information & Communication,Standard Market(Domestic),False,True,True,True,
6033,6033.T,"EXTREME CO.,LTD.",Services,Growth Market(Domestic),False,True,True,True,
5943,5943.T,NORITZ CORPORATION,Metal Products,Prime Market (Domestic),False,True,True,True,
5830,5830.T,"Iyogin Holdings,Inc.",Banks,Prime Market (Domestic),True,True,True,False,financial_sector_excluded
4611,4611.T,"Dai Nippon Toryo Company,Limited",Chemicals,Prime Market (Domestic),False,True,True,True,
5933,5933.T,ALINCO INCORPORATED,Metal Products,Prime Market (Domestic),False,True,True,True,
4205,4205.T,ZEON CORPORATION,Chemicals,Prime Market (Domestic),False,True,True,True,
4025,4025.T,"TAKI CHEMICAL CO.,LTD.",Chemicals,Prime Market (Domestic),False,True,True,True,
7771,7771.T,"Nihon Seimitsu Co.,Ltd.",Precision Instruments,Standard Market(Domestic),False,True,True,True,
4255,4255.T,THECOO Inc.,Information & Communication,Growth Market(Domestic),False,True,True,True,
8386,8386.T,"The Hyakujushi Bank,Ltd.",Banks,Prime Market (Domestic),True,True,False,False,financial_sector_excluded;missing_revenue;missing_operating_income
7240,7240.T,NOK CORPORATION,Transportation Equipment,Prime Market (Domestic),False,True,True,True,
4531,4531.T,"Yuki Gosei Kogyo Co.,Ltd.",Chemicals,Standard Market(Domestic),False,True,True,True,
4754,4754.T,TOSNET CORPORATION,Services,Standard Market(Domestic),False,True,True,True,
4801,4801.T,"CENTRAL SPORTS CO.,LTD.",Services,Prime Market (Domestic),False,True,True,True,
2705,2705.T,"OOTOYA Holdings Co.,Ltd.",Retail Trade,Standard Market(Domestic),False,True,True,True,
6501,6501.T,"Hitachi,Ltd.",Electric Appliances,Prime Market (Domestic),False,True,False,False,missing_operating_cf
5918,5918.T,"The Takigami Steel Construction Co.,Ltd.",Metal Products,Standard Market(Domestic),False,True,True,True,
6977,6977.T,"JAPAN RESISTOR MFG. CO.,LTD.",Electric Appliances,Standard Market(Domestic),False,True,True,True,
4958,4958.T,"T.HASEGAWA CO.,LTD.",Chemicals,Prime Market (Domestic),False,True,True,True,
9511,9511.T,"The Okinawa Electric Power Company,Incorporated",Electric Power and Gas,Prime Market (Domestic),False,True,True,True,
6837,6837.T,"KYOSHA CO.,LTD.",Electric Appliances,Standard Market(Domestic),False,True,True,True,
7544,7544.T,"Three F Co.,Ltd.",Retail Trade,Standard Market(Domestic),False,True,True,True,
5947,5947.T,RINNAI CORPORATION,Metal Products,Prime Market (Domestic),False,True,True,True,
5958,5958.T,"SANYO INDUSTRIES,LTD.",Metal Products,Standard Market(Domestic),False,True,True,True,
7299,7299.T,FUJI OOZX Inc.,Transportation Equipment,Standard Market(Domestic),False,True,True,True,
9409,9409.T,TV Asahi Holdings Corporation,Information & Communication,Prime Market (Domestic),False,True,True,True,
3854,3854.T,I'LL INC,Information & Communication,Prime Market (Domestic),False,True,True,True,
3623,3623.T,Billing System Corporation,Information & Communication,Growth Market(Domestic),False,True,True,True,
5727,5727.T,"TOHO TITANIUM COMPANY,LIMITED",Nonferrous Metals,Prime Market (Domestic),False,True,True,True,
3110,3110.T,"NITTO BOSEKI CO.,LTD.",Glass and Ceramics Products,Prime Market (Domestic),False,True,True,True,
2136,2136.T,HIP CORPORATION,Services,Standard Market(Domestic),False,True,True,True,
2331,2331.T,"ALSOK CO.,LTD.",Services,Prime Market (Domestic),False,True,True,True,
7313,7313.T,"TS TECH CO.,LTD.",Transportation Equipment,Prime Market (Domestic),False,True,False,False,missing_operating_cf
6042,6042.T,"NIKKI CO.,LTD.",Transportation Equipment,Standard Market(Domestic),False,True,True,True,
5757,5757.T,"CK SAN-ETSU Co.,Ltd.",Nonferrous Metals,Prime Market (Domestic),False,True,True,True,
4956,4956.T,"KONISHI CO.,LTD.",Chemicals,Prime Market (Domestic),False,True,True,True,
4021,4021.T,Nissan Chemical Corporation,Chemicals,Prime Market (Domestic),False,True,True,True,
4299,4299.T,"HIMACS,Ltd.",Information & Communication,Standard Market(Domestic),False,True,True,True,
4725,4725.T,CAC Holdings Corporation,Information & Communication,Prime Market (Domestic),False,True,True,True,
9765,9765.T,"OHBA CO.,LTD.",Services,Prime Market (Domestic),False,True,True,True,
6864,6864.T,NF HOLDINGS CORPORATION,Electric Appliances,Standard Market(Domestic),False,True,True,True,
9163,9163.T,Nareru Group Inc.,Services,Growth Market(Domestic),False,True,False,False,missing_operating_cf
2805,2805.T,S&B FOODS INC.,Foods,Standard Market(Domestic),False,True,True,True,
4377,4377.T,ONE CAREER Inc.,Information & Communication,Growth Market(Domestic),False,True,True,True,
4750,4750.T,"DAISAN CO.,LTD.",Services,Standard Market(Domestic),False,True,True,True,
5729,5729.T,"NIHON SEIKO CO.,LTD",Nonferrous Metals,Standard Market(Domestic),False,True,True,True,
9474,9474.T,"ZENRIN CO.,LTD.",Information & Communication,Prime Market (Domestic),False,True,True,True,
7102,7102.T,"NIPPON SHARYO,LTD.",Transportation Equipment,Prime Market (Domestic),False,True,True,True,
5741,5741.T,UACJ Corporation,Nonferrous Metals,Prime Market (Domestic),False,True,True,True,
1997,1997.T,"AKATSUKI EAZIMA CO.,LTD.",Construction,Standard Market(Domestic),False,True,True,True,
3513,3513.T,"ICHIKAWA CO.,LTD.",Textiles and Apparels,Standard Market(Domestic),False,True,True,True,
7971,7971.T,TOLI Corporation,Chemicals,Standard Market(Domestic),False,True,True,True,
4506,4506.T,"Sumitomo Pharma Co.,Ltd.",Pharmaceutical,Prime Market (Domestic),False,True,False,False,missing_operating_cf
9552,9552.T,"Quants Research Institute Holdings,Inc.",Services,Prime Market (Domestic),False,True,True,True,
2985,2985.T,First Stage Corporation,Real Estate,PRO Market,False,True,False,False,missing_total_assets;missing_equity;missing_roe;missing_revenue;missing_operating_income;missing_operating_cf
9475,9475.T,"Shobunsha Holdings,Inc.",Information & Communication,Standard Market(Domestic),False,True,True,True,
6942,6942.T,"SOPHIA HOLDINGS CO.,LTD.",Information & Communication,Standard Market(Domestic),False,True,True,True,
2305,2305.T,"STUDIO ALICE Co.,Ltd.",Services,Standard Market(Domestic),False,True,True,True,
6045,6045.T,"Rentracks CO.,LTD.",Services,Growth Market(Domestic),False,True,True,True,
2109,2109.T,"Mitsui DM Sugar Co.,Ltd.",Foods,Prime Market (Domestic),False,True,True,True,
9052,9052.T,"Sanyo Electric Railway Co.,Ltd.",Land Transportation,Prime Market (Domestic),False,True,True,True,
4061,4061.T,Denka Company Limited,Chemicals,Prime Market (Domestic),False,True,True,True,
2163,2163.T,"ARTNER CO.,LTD.",Services,Prime Market (Domestic),False,True,True,True,
5536,5536.T,"Kyobashi Art Residence Co.,Ltd.",Real Estate,PRO Market,False,True,False,False,missing_total_assets;missing_equity;missing_roe;missing_revenue;missing_operating_income;missing_operating_cf
9739,9739.T,NSW Inc.,Information & Communication,Prime Market (Domestic),False,True,True,True,
9535,9535.T,"HIROSHIMA GAS CO.,LTD.",Electric Power and Gas,Prime Market (Domestic),False,True,True,True,
6061,6061.T,"UNIVERSAL ENGEISHA CO.,LTD",Services,Standard Market(Domestic),False,True,True,True,
9656,9656.T,GREENLAND RESORT COMPANY LIMITED,Services,Standard Market(Domestic),False,True,True,True,
3921,3921.T,NEOJAPAN Inc.,Information & Communication,Prime Market (Domestic),False,True,True,True,
3974,3974.T,SCAT Inc.,Information & Communication,Standard Market(Domestic),False,True,True,True,
5331,5331.T,"NORITAKE CO.,LIMITED",Glass and Ceramics Products,Prime Market (Domestic),False,True,True,True,
3741,3741.T,"Systems Engineering Consultants Co.,LTD.",Information & Communication,Prime Market (Domestic),False,True,True,True,
7292,7292.T,MURAKAMI CORPORATION,Transportation Equipment,Standard Market(Domestic),False,True,True,True,
5966,5966.T,"KYOTO TOOL CO.,LTD.",Metal Products,Standard Market(Domestic),False,True,True,True,
9788,9788.T,"NAC CO.,LTD.",Services,Prime Market (Domestic),False,True,True,True,
6546,6546.T,Fulltech Co.Ltd.,Services,Standard Market(Domestic),False,True,True,True,
4337,4337.T,PIA CORPORATION,Services,Prime Market (Domestic),False,True,True,True,
7245,7245.T,"DAIDO METAL CO.,LTD.",Transportation Equipment,Prime Market (Domestic),False,True,True,True,
5973,5973.T,TOAMI CORPORATION,Metal Products,Standard Market(Domestic),False,True,True,True,
7350,7350.T,"Okinawa Financial Group,Inc.",Banks,Prime Market (Domestic),True,True,True,False,financial_sector_excluded
2488,2488.T,"JTP CO.,LTD.",Services,Standard Market(Domestic),False,True,True,True,
3350,3350.T,Metaplanet Inc.,Wholesale Trade,Standard Market(Domestic),False,True,True,True,
6255,6255.T,NPC Incorporated,Machinery,Growth Market(Domestic),False,True,True,True,
4491,4491.T,"Computer Management Co.,Ltd.",Information & Communication,Standard Market(Domestic),False,True,True,True,
1736,1736.T,OTEC CORPORATION,Construction,Standard Market(Domestic),False,True,True,True,
7058,7058.T,"Kyoei Security Service Co.,Ltd.",Services,Standard Market(Domestic),False,True,True,True,
9729,9729.T,TOKAI Corp.,Services,Prime Market (Domestic),False,True,True,True,
5984,5984.T,KANEFUSA CORPORATION,Metal Products,Standard Market(Domestic),False,True,True,True,
4356,4356.T,"APPLIED TECHNOLOGY CO.,LTD.",Information & Communication,Standard Market(Domestic),False,True,True,True,
7678,7678.T,"ASAKUMA CO.,LTD.",Retail Trade,Standard Market(Domestic),False,True,True,True,
5071,5071.T,VIS co.ltd.,Services,Standard Market(Domestic),False,True,True,True,
9658,9658.T,BUSINESS BRAIN SHOWA・OTA INC.,Information & Communication,Prime Market (Domestic),False,True,False,False,missing_operating_cf
4097,4097.T,"KOATSU GAS KOGYO CO.,LTD.",Chemicals,Prime Market (Domestic),False,True,True,True,
5901,5901.T,"Toyo Seikan Group Holdings,Ltd.",Metal Products,Prime Market (Domestic),False,True,True,True,
7256,7256.T,"KASAI KOGYO CO.,LTD.",Transportation Equipment,Standard Market(Domestic),False,True,True,True,
4992,4992.T,"HOKKO CHEMICAL INDUSTRY CO.,LTD.",Chemicals,Standard Market(Domestic),False,True,True,True,
8387,8387.T,"The Shikoku Bank, Ltd.",Banks,Prime Market (Domestic),True,True,False,False,financial_sector_excluded;missing_revenue;missing_operating_income
4430,4430.T,"TOKAI SOFT CO.,LTD.",Information & Communication,Standard Market(Domestic),False,True,True,True,
2326,2326.T,Digital Arts Inc.,Information & Communication,Prime Market (Domestic),False,True,True,True,
7833,7833.T,IFIS JAPAN LTD.,Other Products,Standard Market(Domestic),False,True,True,True,
5192,5192.T,Mitsuboshi Belting Ltd.,Rubber Products,Prime Market (Domestic),False,True,True,True,
4290,4290.T,Prestige International Inc.,Services,Prime Market (Domestic),False,True,True,True,
2301,2301.T,"GAKUJO CO.,Ltd.",Services,Prime Market (Domestic),False,True,True,True,
8388,8388.T,"The Awa Bank,Ltd.",Banks,Prime Market (Domestic),True,True,False,False,financial_sector_excluded;missing_revenue;missing_operating_income
6240,6240.T,YAMASHIN-FILTER CORP.,Machinery,Prime Market (Domestic),False,True,True,True,
2818,2818.T,"PIETRO Co.,Ltd.",Foods,Standard Market(Domestic),False,True,True,True,
6535,6535.T,"i-mobile Co.,Ltd.",Services,Prime Market (Domestic),False,True,True,True,
9768,9768.T,"IDEA Consultants,Inc.",Services,Standard Market(Domestic),False,True,True,True,
9619,9619.T,"ICHINEN HOLDINGS CO.,LTD.",Services,Prime Market (Domestic),False,True,True,True,
1379,1379.T,HOKUTO CORPORATION,"Fishery, Agriculture and Forestry",Prime Market (Domestic),False,True,True,True,
6888,6888.T,ACMOS INC.,Information & Communication,Standard Market(Domestic),False,True,True,True,
4481,4481.T,"BASE CO.,LTD.",Information & Communication,Prime Market (Domestic),False,True,True,True,
2208,2208.T,BOURBON CORPORATION,Foods,Standard Market(Domestic),False,True,True,True,
2198,2198.T,IKK Holdings Inc.,Services,Prime Market (Domestic),False,True,True,True,
1941,1941.T,CHUDENKO CORPORATION,Construction,Prime Market (Domestic),False,True,True,True,
3150,3150.T,"grems,Inc.",Electric Power and Gas,Prime Market (Domestic),False,True,True,True,
4463,4463.T,"NICCA CHEMICAL CO.,LTD.",Chemicals,Standard Market(Domestic),False,True,True,True,
5930,5930.T,"Bunka Shutter Co.,Ltd.",Metal Products,Prime Market (Domestic),False,True,True,True,
6059,6059.T,"UCHIYAMA HOLDINGS Co.,Ltd.",Services,Standard Market(Domestic),False,True,True,True,
4362,4362.T,"Nippon Fine Chemical Co.,Ltd.",Chemicals,Prime Market (Domestic),False,True,True,True,
9404,9404.T,"Nippon Television Holdings,Inc.",Information & Communication,Prime Market (Domestic),False,True,True,True,
9699,9699.T,"NISHIO HOLDINGS CO.,LTD.",Services,Prime Market (Domestic),False,True,True,True,
3431,3431.T,"MIYAJI ENGINEERING GROUP,INC.",Metal Products,Prime Market (Domestic),False,True,True,True,
3553,3553.T,"KYOWA LEATHER CLOTH CO.,LTD.",Chemicals,Standard Market(Domestic),False,True,True,True,
8336,8336.T,"The Musashino Bank,Ltd.",Banks,Prime Market (Domestic),True,True,False,False,financial_sector_excluded;missing_revenue;missing_operating_income
3096,3096.T,OCEAN SYSTEM CORPORATION,Retail Trade,Standard Market(Domestic),False,True,True,True,
7266,7266.T,"Imasen Electric Industrial Co.,Ltd.",Transportation Equipment,Standard Market(Domestic),False,True,True,True,
9928,9928.T,"MIROKU JYOHO SERVICE CO.,LTD.",Information & Communication,Prime Market (Domestic),False,True,True,True,
7966,7966.T,LINTEC Corporation,Other Products,Prime Market (Domestic),False,True,True,True,
4390,4390.T,"IPS,Inc.",Information & Communication,Prime Market (Domestic),False,True,True,True,
7600,7600.T,"Japan Medical Dynamic Marketing,INC.",Precision Instruments,Prime Market (Domestic),False,True,True,True,
3766,3766.T,"SYSTEMS DESIGN Co.,Ltd.",Information & Communication,Standard Market(Domestic),False,True,True,True,
7377,7377.T,"DN HOLDINGS CO.,LTD.",Services,Standard Market(Domestic),False,True,True,True,
8362,8362.T,"The Fukui Bank,Ltd.",Banks,Prime Market (Domestic),True,True,False,False,financial_sector_excluded;missing_revenue;missing_operating_income
3771,3771.T,"SYSTEM RESEARCH CO.,LTD.",Information & Communication,Prime Market (Domestic),False,True,True,True,
9340,9340.T,"ASO INTERNATIONAL,INC.",Services,Standard Market(Domestic),False,True,True,True,
9067,9067.T,MARUWN CORPORATION,Land Transportation,Standard Market(Domestic),False,True,True,True,
5122,5122.T,"OKAMOTO INDUSTRIES,INC.",Rubber Products,Prime Market (Domestic),False,True,True,True,
5936,5936.T,"TOYO SHUTTER CO.,LTD.",Metal Products,Standard Market(Domestic),False,True,True,True,
2325,2325.T,"NJS Co.,Ltd.",Services,Prime Market (Domestic),False,True,True,True,
7931,7931.T,"MIRAI INDUSTRY CO.,LTD.",Chemicals,Prime Market (Domestic),False,True,True,True,
9083,9083.T,"Shinki Bus Co.,Ltd.",Land Transportation,Standard Market(Domestic),False,True,True,True,
9686,9686.T,"TOYO TEC CO.,LTD.",Services,Standard Market(Domestic),False,True,True,True,
7081,7081.T,"Koyou Rentia Co.,Ltd.",Services,Standard Market(Domestic),False,True,True,True,
9780,9780.T,HARIMA B.STEM CORPORATION,Services,Standard Market(Domestic),False,True,True,True,
8418,8418.T,"Yamaguchi Financial Group,Inc.",Banks,Prime Market (Domestic),True,True,True,False,financial_sector_excluded
9539,9539.T,"KEIYO GAS CO.,LTD.",Electric Power and Gas,Standard Market(Domestic),False,True,True,True,
4685,4685.T,"Ryoyu Systems Co.,Ltd.",Information & Communication,Standard Market(Domestic),False,True,True,True,
4189,4189.T,"KH Neochem Co.,Ltd.",Chemicals,Prime Market (Domestic),False,True,True,True,
4709,4709.T,ID Holdings Corporation,Information & Communication,Prime Market (Domestic),False,True,True,True,
9889,9889.T,JBCC Holdings Inc.,Information & Communication,Prime Market (Domestic),False,True,True,True,
3252,3252.T,"JINUSHI Co.,Ltd.",Real Estate,Prime Market (Domestic),False,True,True,True,
2483,2483.T,HONYAKU Center Inc.,Services,Standard Market(Domestic),False,True,True,True,
4335,4335.T,"IPS HOLDINGS CO.,LTD.",Information & Communication,Standard Market(Domestic),False,True,True,True,
4112,4112.T,"Hodogaya Chemical Co.,Ltd.",Chemicals,Prime Market (Domestic),False,True,True,True,
8395,8395.T,THE BANK OF SAGA LTD.,Banks,Prime Market (Domestic),True,True,False,False,financial_sector_excluded;missing_revenue;missing_operating_income
4925,4925.T,"HABA LABORATORIES,INC.",Chemicals,Standard Market(Domestic),False,True,True,True,
6897,6897.T,TWINBIRD CORPORATION,Electric Appliances,Standard Market(Domestic),False,True,True,True,
8601,8601.T,Daiwa Securities Group Inc.,Securities and Commodities Futures,Prime Market (Domestic),True,True,False,False,financial_sector_excluded;missing_revenue
8864,8864.T,"AIRPORT FACILITIES Co.,LTD.",Real Estate,Standard Market(Domestic),False,True,True,True,
8604,8604.T,"Nomura Holdings, Inc.",Securities and Commodities Futures,Prime Market (Domestic),True,True,False,False,financial_sector_excluded;missing_revenue;missing_operating_cf
4671,4671.T,"FALCO HOLDINGS Co.,Ltd.",Services,Standard Market(Domestic),False,True,True,True,
3371,3371.T,SOFTCREATE HOLDINGS CORP.,Information & Communication,Prime Market (Domestic),False,True,True,True,
2186,2186.T,Sobal Corporation,Services,Standard Market(Domestic),False,True,True,True,
5970,5970.T,G-TEKT CORPORATION,Metal Products,Prime Market (Domestic),False,True,True,True,
4012,4012.T,"AXIS CO.,LTD.",Information & Communication,Standard Market(Domestic),False,True,True,True,
5108,5108.T,BRIDGESTONE CORPORATION,Rubber Products,Prime Market (Domestic),False,True,False,False,missing_operating_cf
2410,2410.T,"CAREER DESIGN CENTER CO.,LTD.",Services,Prime Market (Domestic),False,True,True,True,
2503,2503.T,"Kirin Holdings Company,Limited",Foods,Prime Market (Domestic),False,True,False,False,missing_operating_cf
2117,2117.T,"WELLNEO SUGAR Co.,Ltd.",Foods,Prime Market (Domestic),False,True,False,False,missing_operating_cf
2702,2702.T,"McDonald's Holdings Company(Japan),Ltd.",Retail Trade,Standard Market(Domestic),False,True,True,True,
6995,6995.T,"TOKAI RIKA CO.,LTD.",Transportation Equipment,Prime Market (Domestic),False,True,True,True,
6540,6540.T,SEMBA CORPORATION,Services,Standard Market(Domestic),False,True,True,True,
4674,4674.T,CRESCO LTD.,Information & Communication,Prime Market (Domestic),False,True,True,True,
8803,8803.T,"HEIWA REAL ESTATE CO.,LTD.",Real Estate,Prime Market (Domestic),False,True,True,True,
9723,9723.T,"THE KYOTO HOTEL,LTD.",Services,Standard Market(Domestic),False,True,True,True,
2317,2317.T,Systena Corporation,Information & Communication,Prime Market (Domestic),False,True,True,True,
6200,6200.T,"Insource Co.,Ltd.",Services,Prime Market (Domestic),False,True,True,True,
7327,7327.T,"Daishi Hokuetsu Financial Group,Inc.",Banks,Prime Market (Domestic),True,True,True,False,financial_sector_excluded
7219,7219.T,"HKS CO.,LTD.",Transportation Equipment,Standard Market(Domestic),False,True,True,True,
6428,6428.T,OIZUMI Corporation,Machinery,Standard Market(Domestic),False,True,True,True,
4985,4985.T,Earth Corporation,Chemicals,Prime Market (Domestic),False,True,True,True,
2612,2612.T,KADOYA SESAME MILLS INCORPORATED,Foods,Standard Market(Domestic),False,True,True,True,
4231,4231.T,TIGERS POLYMER CORPORATION,Chemicals,Standard Market(Domestic),False,True,True,True,
7043,7043.T,"Alue Co.,Ltd.",Services,Growth Market(Domestic),False,True,True,True,
4372,4372.T,"YMIRLINK,Inc.",Information & Communication,Growth Market(Domestic),False,True,True,True,
3443,3443.T,"KAWADA TECHNOLOGIES,INC.",Metal Products,Prime Market (Domestic),False,True,True,True,
6493,6493.T,NITTAN Corporation,Transportation Equipment,Standard Market(Domestic),False,True,True,True,
7314,7314.T,"ODAWARA AUTO-MACHINE MFG.CO.,LTD.",Transportation Equipment,Standard Market(Domestic),False,True,True,True,
7264,7264.T,MURO CORPORATION,Transportation Equipment,Standard Market(Domestic),False,True,True,True,
9793,9793.T,"Daiseki Co.,Ltd.",Services,Prime Market (Domestic),False,True,True,True,
4613,4613.T,"KANSAI PAINT CO.,LTD.",Chemicals,Prime Market (Domestic),False,True,True,True,
3848,3848.T,"Data Applications Company,Limited",Information & Communication,Standard Market(Domestic),False,True,True,True,
9434,9434.T,SoftBank Corp.,Information & Communication,Prime Market (Domestic),False,True,False,False,missing_revenue;missing_operating_cf
9322,9322.T,"KAWANISHI WAREHOUSE CO.,LTD.",Warehousing and Harbor Transportation Service,Standard Market(Domestic),False,True,True,True,
4847,4847.T,INTELLIGENT WAVE INC.,Information & Communication,Prime Market (Domestic),False,True,True,True,
3426,3426.T,"ATOM LIVIN TECH Co.,Ltd.",Metal Products,Standard Market(Domestic),False,True,True,True,
7246,7246.T,"PRESS KOGYO CO.,LTD.",Transportation Equipment,Prime Market (Domestic),False,True,True,True,
2874,2874.T,"YOKOREI CO.,LTD.",Wholesale Trade,Prime Market (Domestic),False,True,True,True,
6055,6055.T,"JAPAN MATERIAL Co.,Ltd.",Services,Prime Market (Domestic),False,True,True,True,
4662,4662.T,Focus Systems Corporation,Information & Communication,Prime Market (Domestic),False,True,True,True,
9074,9074.T,"Japan Oil Transportation Co.,Ltd.",Land Transportation,Standard Market(Domestic),False,True,True,True,
6664,6664.T,"OPTOELECTRONICS CO.,LTD.",Electric Appliances,Standard Market(Domestic),False,True,True,True,
4389,4389.T,"Property Data Bank,Inc.",Information & Communication,Growth Market(Domestic),False,True,True,True,
6298,6298.T,"Y.A.C.HOLDINGS CO.,LTD.",Machinery,Prime Market (Domestic),False,True,True,True,
6196,6196.T,"Strike Group Co.,Ltd.",Services,Prime Market (Domestic),False,True,True,True,
4301,4301.T,AMUSE INC.,Services,Prime Market (Domestic),False,True,False,False,missing_revenue
9742,9742.T,INES Corporation,Information & Communication,Prime Market (Domestic),False,True,True,True,
2268,2268.T,"B-R 31 ICE CREAM CO.,LTD.",Foods,Standard Market(Domestic),False,True,True,True,
6038,6038.T,"IID,Inc.",Services,Growth Market(Domestic),False,True,True,True,
4931,4931.T,"Shinnihonseiyaku Co.,Ltd.",Chemicals,Prime Market (Domestic),False,True,True,True,
3593,3593.T,"HOGY MEDICAL CO.,LTD.",Textiles and Apparels,Prime Market (Domestic),False,True,True,True,
2749,2749.T,"JP-HOLDINGS,INC.",Services,Prime Market (Domestic),False,True,True,True,
4245,4245.T,"Daiki Axis Co.,Ltd.",Chemicals,Standard Market(Domestic),False,True,True,True,
3010,3010.T,"Polaris Holdings Co.,Ltd.",Services,Standard Market(Domestic),False,True,True,True,
9505,9505.T,Hokuriku Electric Power Company,Electric Power and Gas,Prime Market (Domestic),False,True,True,True,
5923,5923.T,"TAKADAKIKO(Steel Construction)CO.,LTD.",Metal Products,Standard Market(Domestic),False,True,True,True,
2497,2497.T,"UNITED,Inc.",Services,Growth Market(Domestic),False,True,True,True,
9766,9766.T,KONAMI GROUP CORPORATION,Information & Communication,Prime Market (Domestic),False,True,False,False,missing_operating_cf
5290,5290.T,Vertex Corporation,Glass and Ceramics Products,Standard Market(Domestic),False,True,True,True,
7368,7368.T,"HYOJITO Co.,Ltd.",Services,Standard Market(Domestic),False,True,True,True,
4691,4691.T,WASHINGTON HOTEL CORPORATION,Services,Standard Market(Domestic),False,True,True,True,
4183,4183.T,"Mitsui Chemicals,Inc.",Chemicals,Prime Market (Domestic),False,True,False,False,missing_operating_cf
4093,4093.T,"Toho Acetylene Co.,Ltd.",Chemicals,Standard Market(Domestic),False,True,True,True,
5355,5355.T,"Nippon Crucible Co.,Ltd.",Glass and Ceramics Products,Standard Market(Domestic),False,True,True,True,
9950,9950.T,"HACHI-BAN CO.,LTD.",Retail Trade,Standard Market(Domestic),False,True,True,True,
6090,6090.T,"Human Metabolome Technologies,Inc.",Services,Standard Market(Domestic),False,True,True,True,
9247,9247.T,TRE HOLDINGS CORPORATION,Services,Prime Market (Domestic),False,True,True,True,
4544,4544.T,"H.U. Group Holdings,Inc.",Services,Prime Market (Domestic),False,True,True,True,
4718,4718.T,"WASEDA ACADEMY CO.,LTD.",Services,Prime Market (Domestic),False,True,True,True,
5280,5280.T,"Yoshicon Co.,Ltd.",Real Estate,Standard Market(Domestic),False,True,True,True,
9042,9042.T,"Hankyu Hanshin Holdings,Inc.",Land Transportation,Prime Market (Domestic),False,True,True,True,
7226,7226.T,"KYOKUTO KAIHATSU KOGYO CO.,LTD.",Transportation Equipment,Prime Market (Domestic),False,True,True,True,
9612,9612.T,"LUCKLAND CO.,LTD.",Services,Prime Market (Domestic),False,True,True,True,
6233,6233.T,KLASS Corporation,Machinery,Standard Market(Domestic),False,True,True,True,
2573,2573.T,"HOKKAIDO COCA-COLA BOTTLING CO.,LTD.",Foods,Standard Market(Domestic),False,True,True,True,
4722,4722.T,Future Corporation,Information & Communication,Prime Market (Domestic),False,True,True,True,
8600,8600.T,"TOMONY Holdings,Inc.",Banks,Prime Market (Domestic),True,True,True,False,financial_sector_excluded
6594,6594.T,NIDEC CORPORATION,Electric Appliances,Prime Market (Domestic),False,True,False,False,missing_operating_cf
3636,3636.T,"Mitsubishi Research Institute,Inc.",Information & Communication,Prime Market (Domestic),False,True,True,True,
7443,7443.T,"YOKOHAMA GYORUI CO.,LTD.",Wholesale Trade,Standard Market(Domestic),False,True,True,True,
4792,4792.T,"YAMADA Consulting Group Co.,Ltd.",Services,Prime Market (Domestic),False,True,True,True,
2597,2597.T,UNICAFE INC.,Foods,Standard Market(Domestic),False,True,True,True,
4528,4528.T,"ONO PHARMACEUTICAL CO.,LTD.",Pharmaceutical,Prime Market (Domestic),False,True,False,False,missing_operating_cf
1950,1950.T,"NIPPON DENSETSU KOGYO CO.,LTD.",Construction,Prime Market (Domestic),False,True,False,False,missing_revenue
4812,4812.T,DENTSU SOKEN INC.,Information & Communication,Prime Market (Domestic),False,True,True,True,
1434,1434.T,"JESCO Holdings,Inc.",Construction,Standard Market(Domestic),False,True,True,True,
4409,4409.T,"TOHO CHEMICAL INDUSTRY COMPANY,LIMITED",Chemicals,Standard Market(Domestic),False,True,True,True,
9697,9697.T,"CAPCOM CO.,LTD.",Information & Communication,Prime Market (Domestic),False,True,True,True,
9644,9644.T,"TANABE CONSULTING GROUP CO.,LTD.",Services,Prime Market (Domestic),False,True,True,True,
6370,6370.T,Kurita Water Industries Ltd.,Machinery,Prime Market (Domestic),False,True,False,False,missing_operating_cf
4967,4967.T,"KOBAYASHI PHARMACEUTICAL CO.,LTD.",Chemicals,Prime Market (Domestic),False,True,True,True,
9466,9466.T,Aidma Marketing Communication Corporation,Information & Communication,Standard Market(Domestic),False,True,True,True,
9072,9072.T,"NIKKON Holdings Co.,Ltd.",Land Transportation,Prime Market (Domestic),False,True,True,True,
6564,6564.T,"MIDAC HOLDINGS CO.,LTD.",Services,Prime Market (Domestic),False,True,True,True,
7296,7296.T,"F.C.C.CO.,LTD.",Transportation Equipment,Prime Market (Domestic),False,True,False,False,missing_operating_cf
5753,5753.T,"NIPPON SHINDO CO.,LTD.",Nonferrous Metals,Standard Market(Domestic),False,True,True,True,
4914,4914.T,TAKASAGO INTERNATIONAL CORPORATION,Chemicals,Prime Market (Domestic),False,True,True,True,
7297,7297.T,"CAR MATE MFG. CO.,LTD.",Transportation Equipment,Standard Market(Domestic),False,True,True,True,
2114,2114.T,Fuji Nihon Corporation,Foods,Standard Market(Domestic),False,True,True,True,
7282,7282.T,"TOYODA GOSEI CO.,LTD.",Transportation Equipment,Prime Market (Domestic),False,True,False,False,missing_operating_cf
9508,9508.T,"Kyushu Electric Power Company,Incorporated",Electric Power and Gas,Prime Market (Domestic),False,True,True,True,
5929,5929.T,Sanwa Holdings Corporation,Metal Products,Prime Market (Domestic),False,True,True,True,
9020,9020.T,East Japan Railway Company,Land Transportation,Prime Market (Domestic),False,True,True,True,
7908,7908.T,"KIMOTO CO.,LTD.",Chemicals,Standard Market(Domestic),False,True,True,True,
1926,1926.T,"RAITO KOGYO CO.,LTD.",Construction,Prime Market (Domestic),False,True,True,True,
5816,5816.T,"Onamba Co.,Ltd.",Nonferrous Metals,Standard Market(Domestic),False,True,True,True,
1450,1450.T,TANAKEN Inc.,Construction,Standard Market(Domestic),False,True,True,True,
1414,1414.T,"SHO-BOND Holdings Co.,Ltd.",Construction,Prime Market (Domestic),False,True,True,True,
6125,6125.T,"OKAMOTO MACHINE TOOL WORKS,LTD.",Machinery,Standard Market(Domestic),False,True,True,True,
2816,2816.T,"DAISHO CO.,LTD.",Foods,Standard Market(Domestic),False,True,True,True,
9376,9376.T,"EURASIA TRAVEL Co.,Ltd.",Services,Standard Market(Domestic),False,True,True,True,
2911,2911.T,"ASAHIMATSU FOODS CO.,LTD.",Foods,Standard Market(Domestic),False,True,True,True,
4929,4929.T,"ADJUVANT HOLDINGS CO.,LTD.",Chemicals,Standard Market(Domestic),False,True,True,True,
1976,1976.T,"MEISEI INDUSTRIAL Co.,Ltd.",Construction,Prime Market (Domestic),False,True,True,True,
2763,2763.T,"FTGroup CO.,LTD.",Wholesale Trade,Standard Market(Domestic),False,True,False,False,missing_operating_cf
6707,6707.T,"Sanken Electric Co.,Ltd.",Electric Appliances,Prime Market (Domestic),False,True,True,True,
3512,3512.T,Nippon Felt Company Limited,Textiles and Apparels,Standard Market(Domestic),False,True,True,True,
6315,6315.T,TOWA CORPORATION,Machinery,Prime Market (Domestic),False,True,True,True,
7021,7021.T,"NITCHITSU CO.,LTD.",Machinery,Standard Market(Domestic),False,True,True,True,
4063,4063.T,"Shin-Etsu Chemical Co.,Ltd.",Chemicals,Prime Market (Domestic),False,True,True,True,
4495,4495.T,"i Cubed Systems,Inc.",Information & Communication,Growth Market(Domestic),False,True,True,True,
2354,2354.T,YE DIGITAL Corporation,Information & Communication,Standard Market(Domestic),False,True,True,True,
7927,7927.T,MUTO SEIKO CO.,Chemicals,Standard Market(Domestic),False,True,True,True,
2961,2961.T,NITCHO CORPORATION,Metal Products,Standard Market(Domestic),False,True,True,True,
2329,2329.T,TOHOKUSHINSHA FILM CORPORATION,Information & Communication,Standard Market(Domestic),False,True,True,True,
6334,6334.T,"Meiji Machine Co.,Ltd.",Machinery,Standard Market(Domestic),False,True,True,True,
7521,7521.T,"MUSASHI CO.,LTD.",Wholesale Trade,Standard Market(Domestic),False,True,True,True,
2814,2814.T,"SATO FOODS INDUSTRIES CO.,LTD.",Foods,Standard Market(Domestic),False,True,True,True,
4838,4838.T,SPACE SHOWER SKIYAKI HOLDINGS INC.,Information & Communication,Standard Market(Domestic),False,True,True,True,
3842,3842.T,"Nextgen,Inc.",Information & Communication,Standard Market(Domestic),False,True,True,True,
1878,1878.T,"DAITO TRUST CONSTRUCTION CO.,LTD.",Real Estate,Prime Market (Domestic),False,True,True,True,
4927,4927.T,POLA ORBIS HOLDINGS INC.,Chemicals,Prime Market (Domestic),False,True,True,True,
5840,5840.T,"Nippon Souken Co.,Ltd.",Insurance,PRO Market,True,True,False,False,financial_sector_excluded;missing_total_assets;missing_equity;missing_roe;missing_revenue;missing_operating_income;missing_operating_cf
5724,5724.T,"Asaka Riken Co.,Ltd.",Nonferrous Metals,Standard Market(Domestic),False,True,True,True,
8157,8157.T,"TSUZUKI DENKI CO.,LTD.",Information & Communication,Prime Market (Domestic),False,True,True,True,
3991,3991.T,"Wantedly,Inc",Information & Communication,Growth Market(Domestic),False,True,True,True,
3640,3640.T,"DENSAN CO.,LTD.",Information & Communication,Standard Market(Domestic),False,True,True,True,
9206,9206.T,Star Flyer Inc.,Air Transportation,Standard Market(Domestic),False,True,False,False,missing_revenue
4234,4234.T,"Sun A.Kaken Company,Limited",Chemicals,Standard Market(Domestic),False,True,True,True,
7242,7242.T,KYB Corporation,Transportation Equipment,Prime Market (Domestic),False,True,False,False,missing_operating_cf
7483,7483.T,"DOSHISHA CO.,LTD.",Wholesale Trade,Prime Market (Domestic),False,True,True,True,
8285,8285.T,"MITANI SANGYO CO.,LTD.",Wholesale Trade,Standard Market(Domestic),False,True,True,True,
3925,3925.T,Double Standard Inc.,Information & Communication,Prime Market (Domestic),False,True,True,True,
9692,9692.T,COMPUTER ENGINEERING & CONSULTING LTD.,Information & Communication,Prime Market (Domestic),False,True,True,True,
4645,4645.T,"ICHISHIN HOLDINGS CO.,LTD.",Services,Standard Market(Domestic),False,True,True,True,
3293,3293.T,"AZUMA HOUSE Co.,Ltd.",Real Estate,Standard Market(Domestic),False,True,True,True,
9791,9791.T,BIKEN TECHNO CORPORATION,Services,Standard Market(Domestic),False,True,True,True,
7374,7374.T,Interworks Confidence Inc.,Services,Growth Market(Domestic),False,True,True,True,
4120,4120.T,"SUGAI CHEMICAL INDUSTRY CO.,LTD.",Chemicals,Standard Market(Domestic),False,True,True,True,
8750,8750.T,"Daiichi Life Group,Inc.",Insurance,Prime Market (Domestic),True,True,True,False,financial_sector_excluded
6218,6218.T,ENSHU Limited,Machinery,Standard Market(Domestic),False,True,True,True,
4284,4284.T,"SOLXYZ Co.,Ltd.",Information & Communication,Standard Market(Domestic),False,True,True,True,
3434,3434.T,ALPHA Corporation,Metal Products,Standard Market(Domestic),False,True,True,True,
8153,8153.T,"MOS FOOD SERVICES,INC.",Wholesale Trade,Prime Market (Domestic),False,True,True,True,
4783,4783.T,"NCD Co.,Ltd.",Information & Communication,Standard Market(Domestic),False,True,True,True,
3836,3836.T,AVANT GROUP CORPORATION,Information & Communication,Prime Market (Domestic),False,True,True,True,
7844,7844.T,Marvelous Inc.,Information & Communication,Prime Market (Domestic),False,True,True,True,
3769,3769.T,"GMO Payment Gateway,Inc.",Information & Communication,Prime Market (Domestic),False,True,False,False,missing_operating_cf
3086,3086.T,"J.FRONT RETAILING Co.,Ltd.",Retail Trade,Prime Market (Domestic),False,True,False,False,missing_operating_cf
9934,9934.T,"INABA DENKISANGYO CO.,LTD.",Wholesale Trade,Prime Market (Domestic),False,True,True,True,
9470,9470.T,"GAKKEN HOLDINGS CO.,LTD.",Information & Communication,Prime Market (Domestic),False,True,True,True,
4251,4251.T,KEIWA Incorporated,Chemicals,Prime Market (Domestic),False,True,True,True,
8046,8046.T,"MARUFUJI SHEET PILING CO.,LTD.",Wholesale Trade,Standard Market(Domestic),False,True,True,True,
4960,4960.T,"CHEMIPRO KASEI KAISHA,LTD.",Chemicals,Standard Market(Domestic),False,True,True,True,
8045,8045.T,"Yokohama Maruuo Co.,Ltd.",Wholesale Trade,Standard Market(Domestic),False,True,True,True,
9715,9715.T,transcosmos inc.,Services,Prime Market (Domestic),False,True,True,True,
3916,3916.T,Digital Information Technologies Corporation,Information & Communication,Prime Market (Domestic),False,True,True,True,
3123,3123.T,"SAIBO Co.,Ltd.",Textiles and Apparels,Standard Market(Domestic),False,True,True,True,
3986,3986.T,"bBreak Systems Company,Limited",Information & Communication,Standard Market(Domestic),False,True,True,True,
6058,6058.T,VECTOR INC.,Services,Prime Market (Domestic),False,True,True,True,
2588,2588.T,"Premium Water Holdings,Inc.",Foods,Standard Market(Domestic),False,True,False,False,missing_operating_cf
4194,4194.T,"Visional,Inc.",Information & Communication,Prime Market (Domestic),False,True,True,True,
3167,3167.T,TOKAI Holdings Corporation,Wholesale Trade,Prime Market (Domestic),False,True,True,True,
9628,9628.T,"SAN HOLDINGS,INC.",Services,Prime Market (Domestic),False,True,True,True,
2001,2001.T,NIPPN CORPORATION,Foods,Prime Market (Domestic),False,True,True,True,
3802,3802.T,"ECOMIC CO.,LTD",Information & Communication,Standard Market(Domestic),False,True,True,True,
9364,9364.T,"Kamigumi Co.,Ltd.",Warehousing and Harbor Transportation Service,Prime Market (Domestic),False,True,True,True,
4208,4208.T,UBE Corporation,Chemicals,Prime Market (Domestic),False,True,True,True,
4046,4046.T,"OSAKA SODA CO.,LTD.",Chemicals,Prime Market (Domestic),False,True,True,True,
3671,3671.T,"SOFTMAX CO.,LTD",Information & Communication,Standard Market(Domestic),False,True,True,True,
9033,9033.T,"Hiroshima Electric Railway Co.,Ltd.",Land Transportation,Standard Market(Domestic),False,True,True,True,
4243,4243.T,"NIX,INC.",Chemicals,Standard Market(Domestic),False,True,True,True,
3297,3297.T,"Toubujyuhan Co.,Ltd.",Real Estate,Standard Market(Domestic),False,True,True,True,
7229,7229.T,"YUTAKA GIKEN CO.,LTD.",Transportation Equipment,Standard Market(Domestic),False,True,False,False,missing_operating_cf
8944,8944.T,"LAND BUSINESS  CO.,LTD.",Real Estate,Standard Market(Domestic),False,True,True,True,
7888,7888.T,SANKO GOSEI LTD.,Chemicals,Prime Market (Domestic),False,True,True,True,
7228,7228.T,DAYTONA CORPORATION,Transportation Equipment,Standard Market(Domestic),False,True,True,True,
9722,9722.T,FUJITA KANKO INC.,Services,Prime Market (Domestic),False,True,True,True,
7187,7187.T,"J-LEASE CO.,LTD.",Other Financing Business,Prime Market (Domestic),True,True,True,False,financial_sector_excluded
9401,9401.T,"TBS HOLDINGS,INC.",Information & Communication,Prime Market (Domestic),False,True,True,True,
4060,4060.T,rakumo Inc.,Information & Communication,Growth Market(Domestic),False,True,True,True,
1435,1435.T,robot home Inc.,Real Estate,Standard Market(Domestic),False,True,True,True,
5988,5988.T,"PIOLAX,INC.",Metal Products,Prime Market (Domestic),False,True,True,True,
2221,2221.T,"IWATSUKA CONFECTIONERY CO.,LTD.",Foods,Standard Market(Domestic),False,True,True,True,
9478,9478.T,"SE Holdings and Incubations Co.,Ltd.",Information & Communication,Standard Market(Domestic),False,True,True,True,
9243,9243.T,"FT Holdings Co.,Inc.",Services,PRO Market,False,True,False,False,missing_total_assets;missing_equity;missing_roe;missing_revenue;missing_operating_income;missing_operating_cf
7177,7177.T,"GMO Financial Holdings,Inc.",Securities and Commodities Futures,Standard Market(Domestic),True,True,True,False,financial_sector_excluded
2425,2425.T,"Care Service Co.,Ltd.",Services,Standard Market(Domestic),False,True,True,True,
8399,8399.T,"Bank of The Ryukyus,Limited",Banks,Prime Market (Domestic),True,True,False,False,financial_sector_excluded;missing_revenue;missing_operating_income
9319,9319.T,"Chuo Warehouse Co.,Ltd.",Warehousing and Harbor Transportation Service,Prime Market (Domestic),False,True,True,True,
3091,3091.T,"BRONCO BILLY Co.,LTD.",Retail Trade,Prime Market (Domestic),False,True,True,True,
2436,2436.T,"KYODO PUBLIC RELATIONS CO.,LTD.",Services,Standard Market(Domestic),False,True,True,True,
4997,4997.T,"NIHON NOHYAKU CO.,LTD.",Chemicals,Prime Market (Domestic),False,True,True,True,
3329,3329.T,"TOWA FOOD SERVICE CO.,LTD.",Retail Trade,Standard Market(Domestic),False,True,True,True,
3633,3633.T,"GMO Pepabo,Inc.",Information & Communication,Standard Market(Domestic),False,True,True,True,
6565,6565.T,"ABHOTEL CO.,LTD.",Services,Standard Market(Domestic),False,True,True,True,
4694,4694.T,"BML,INC.",Services,Prime Market (Domestic),False,True,True,True,
6279,6279.T,ZUIKO CORPORATION,Machinery,Prime Market (Domestic),False,True,True,True,
7189,7189.T,"Nishi-Nippon Financial Holdings,Inc.",Banks,Prime Market (Domestic),True,True,True,False,financial_sector_excluded
4394,4394.T,"eXmotion Co.,Ltd.",Information & Communication,Growth Market(Domestic),False,True,True,True,
3733,3733.T,"Software Service,Inc.",Information & Communication,Standard Market(Domestic),False,True,True,True,
2587,2587.T,Suntory Beverage & Food Limited,Foods,Prime Market (Domestic),False,True,False,False,missing_operating_cf
3076,3076.T,Ai Holdings Corporation,Wholesale Trade,Prime Market (Domestic),False,True,True,True,
3236,3236.T,"PROPERST CO.,LTD.",Real Estate,Standard Market(Domestic),False,True,True,True,
2224,2224.T,"COMO CO.,LTD.",Foods,Standard Market(Domestic),False,True,True,True,
8920,8920.T,"TOSHO CO.,LTD.",Services,Standard Market(Domestic),False,True,True,True,
8522,8522.T,"The Bank of Nagoya,Ltd.",Banks,Prime Market (Domestic),True,True,False,False,financial_sector_excluded;missing_revenue;missing_operating_income
8334,8334.T,"The Gunma Bank,Ltd.",Banks,Prime Market (Domestic),True,True,False,False,financial_sector_excluded;missing_revenue;missing_operating_income
8359,8359.T,"Hachijuni Nagano Bank,Ltd.",Banks,Prime Market (Domestic),True,True,False,False,financial_sector_excluded;missing_revenue;missing_operating_income
2669,2669.T,"Kanemi Co.,Ltd.",Retail Trade,Standard Market(Domestic),False,True,True,True,
9220,9220.T,"FB CARE SERVICE CO.,LTD.",Services,Standard Market(Domestic),False,True,True,True,
8154,8154.T,"KAGA ELECTRONICS CO.,LTD.",Wholesale Trade,Prime Market (Domestic),False,True,True,True,
7239,7239.T,"TACHI-S CO.,LTD.",Transportation Equipment,Prime Market (Domestic),False,True,True,True,
7079,7079.T,"WDB coco CO.,LTD.",Services,Growth Market(Domestic),False,True,True,True,
8715,8715.T,"Anicom Holdings,Inc.",Insurance,Prime Market (Domestic),True,True,True,False,financial_sector_excluded
3648,3648.T,AGS Corporation,Information & Communication,Standard Market(Domestic),False,True,True,True,
8008,8008.T,YONDOSHI HOLDINGS INC.,Retail Trade,Prime Market (Domestic),False,True,True,True,
2379,2379.T,dip Corporation,Services,Prime Market (Domestic),False,True,True,True,
4642,4642.T,"ORIGINAL ENGINEERING CONSULTANTS CO.,LTD.",Services,Standard Market(Domestic),False,True,True,True,
9271,9271.T,"Wagokoro co.,ltd.",Retail Trade,Growth Market(Domestic),False,True,True,True,
8707,8707.T,"IwaiCosmo Holdings,Inc.",Securities and Commodities Futures,Prime Market (Domestic),True,True,False,False,financial_sector_excluded;missing_revenue
6078,6078.T,"Value HR Co.,Ltd.",Services,Prime Market (Domestic),False,True,True,True,
4826,4826.T,"Computer Institute of Japan, Ltd.",Information & Communication,Prime Market (Domestic),False,True,True,True,
4996,4996.T,"KUMIAI CHEMICAL INDUSTRY CO.,LTD.",Chemicals,Prime Market (Domestic),False,True,True,True,
3454,3454.T,"First Brothers Co.,Ltd.",Real Estate,Standard Market(Domestic),False,True,True,True,
1381,1381.T,"AXYZ CO.,Ltd.","Fishery, Agriculture and Forestry",Standard Market(Domestic),False,True,True,True,
2668,2668.T,Tabio Corporation,Wholesale Trade,Standard Market(Domestic),False,True,True,True,
5981,5981.T,"TOKYO ROPE MFG.CO.,LTD",Metal Products,Prime Market (Domestic),False,True,True,True,
9046,9046.T,"Kobe Electric Railway Co.,Ltd.",Land Transportation,Prime Market (Domestic),False,True,True,True,
6495,6495.T,"MIYAIRI VALVE MFG.CO.,LTD.",Machinery,Standard Market(Domestic),False,True,True,True,
4820,4820.T,"EM SYSTEMS CO.,LTD.",Information & Communication,Prime Market (Domestic),False,True,True,True,
9107,9107.T,"Kawasaki Kisen Kaisha,Ltd.",Marine Transportation,Prime Market (Domestic),False,True,True,True,
8341,8341.T,"The 77 Bank,Ltd.",Banks,Prime Market (Domestic),True,True,False,False,financial_sector_excluded;missing_revenue;missing_operating_income
9242,9242.T,"Media Research Institute,Inc.",Services,Growth Market(Domestic),False,True,True,True,
8830,8830.T,"Sumitomo Realty & Development Co.,Ltd.",Real Estate,Prime Market (Domestic),False,True,True,True,
9017,9017.T,"Niigata Kotsu Co.,Ltd.",Land Transportation,Standard Market(Domestic),False,True,True,True,
8996,8996.T,"HouseFreedom Co.,Ltd.",Real Estate,Standard Market(Domestic),False,True,True,True,
4919,4919.T,"Milbon Co.,Ltd.",Chemicals,Prime Market (Domestic),False,True,True,True,
7849,7849.T,Starts Publishing Corporation,Information & Communication,Standard Market(Domestic),False,True,True,True,
6776,6776.T,"Tensho Electric Industries Co.,Ltd.",Chemicals,Standard Market(Domestic),False,True,True,True,
3965,3965.T,"Capital Asset Planning,Inc.",Information & Communication,Standard Market(Domestic),False,True,True,True,
2798,2798.T,Y's table corporation,Retail Trade,Standard Market(Domestic),False,True,True,True,
7075,7075.T,"QLS Holdings Co.,Ltd",Services,Growth Market(Domestic),False,True,True,True,
9735,9735.T,"SECOM CO.,LTD.",Services,Prime Market (Domestic),False,True,True,True,
1721,1721.T,COMSYS Holdings Corporation,Construction,Prime Market (Domestic),False,True,True,True,
6083,6083.T,"ERI HOLDINGS CO.,LTD.",Services,Standard Market(Domestic),False,True,True,True,
7608,7608.T,"SK JAPAN CO.,LTD.",Wholesale Trade,Standard Market(Domestic),False,True,True,True,
3140,3140.T,"BRUNO,Inc.",Wholesale Trade,Growth Market(Domestic),False,True,True,True,
7167,7167.T,"Mebuki Financial Group,Inc.",Banks,Prime Market (Domestic),True,True,True,False,financial_sector_excluded
2613,2613.T,"J-OIL MILLS, INC.",Foods,Prime Market (Domestic),False,True,True,True,
2993,2993.T,Choei Inc.,Real Estate,Standard Market(Domestic),False,True,True,True,
6965,6965.T,HAMAMATSU PHOTONICS K.K.,Electric Appliances,Prime Market (Domestic),False,True,True,True,
7987,7987.T,"NAKABAYASHI CO.,LTD.",Other Products,Standard Market(Domestic),False,True,True,True,
3405,3405.T,"KURARAY CO.,LTD.",Chemicals,Prime Market (Domestic),False,True,True,True,
9684,9684.T,"SQUARE ENIX HOLDINGS CO.,LTD.",Information & Communication,Prime Market (Domestic),False,True,True,True,
8367,8367.T,"The Nanto Bank,Ltd.",Banks,Prime Market (Domestic),True,True,False,False,financial_sector_excluded;missing_revenue;missing_operating_income
6093,6093.T,"Escrow Agent Japan,Inc.",Services,Standard Market(Domestic),False,True,True,True,
8060,8060.T,Canon Marketing Japan Inc.,Wholesale Trade,Prime Market (Domestic),False,True,True,True,
2112,2112.T,"Ensuiko Sugar Refining Co.,Ltd.",Foods,Standard Market(Domestic),False,True,True,True,
6044,6044.T,SANKI SERVICE CORPORATION,Services,Standard Market(Domestic),False,True,True,True,
4816,4816.T,"TOEI ANIMATION CO.,LTD.",Information & Communication,Standard Market(Domestic),False,True,True,True,
3774,3774.T,Internet Initiative Japan Inc.,Information & Communication,Prime Market (Domestic),False,True,False,False,missing_operating_cf
4076,4076.T,"CNS Co.,Ltd.",Information & Communication,Growth Market(Domestic),False,True,True,True,
3923,3923.T,"RAKUS Co.,Ltd.",Information & Communication,Prime Market (Domestic),False,True,True,True,
4809,4809.T,Paraca Inc.,Real Estate,Prime Market (Domestic),False,True,True,True,
6086,6086.T,"Shin Maint Holdings Co.,Ltd.",Services,Growth Market(Domestic),False,True,True,True,
3646,3646.T,"Ekitan & Co.,Ltd.",Information & Communication,Standard Market(Domestic),False,True,True,True,
9223,9223.T,"ASNOVA Co.,Ltd.",Services,Growth Market(Domestic),False,True,True,True,
5237,5237.T,NOZAWA CORPORATION,Glass and Ceramics Products,Standard Market(Domestic),False,True,True,True,
7505,7505.T,"FUSO DENTSU CO.,LTD.",Wholesale Trade,Standard Market(Domestic),False,True,True,True,
9037,9037.T,"HAMAKYOREX CO.,LTD.",Land Transportation,Prime Market (Domestic),False,True,True,True,
4559,4559.T,"ZERIA PHARMACEUTICAL CO.,LTD.",Pharmaceutical,Prime Market (Domestic),False,True,True,True,
4968,4968.T,"ARAKAWA CHEMICAL INDUSTRIES,LTD.",Chemicals,Prime Market (Domestic),False,True,True,True,
2204,2204.T,"NAKAMURAYA CO.,LTD.",Foods,Standard Market(Domestic),False,True,True,True,
6023,6023.T,"DAIHATSU INFINEARTH MFG.CO.,LTD.",Transportation Equipment,Standard Market(Domestic),False,True,True,True,
2428,2428.T,WELLNET CORPORATION,Services,Standard Market(Domestic),False,True,True,True,
4486,4486.T,Unite and Grow Inc.,Information & Communication,Growth Market(Domestic),False,True,True,True,
3184,3184.T,"International Conglomerate of Distribution for Automobile Holdings Co.,Ltd.",Retail Trade,Standard Market(Domestic),False,True,True,True,
2540,2540.T,"YOMEISHU SEIZO CO.,LTD.",Foods,Prime Market (Domestic),False,True,True,True,
5384,5384.T,FUJIMI INCORPORATED,Glass and Ceramics Products,Prime Market (Domestic),False,True,True,True,
9416,9416.T,VISION INC.,Information & Communication,Prime Market (Domestic),False,True,True,True,
6098,6098.T,"Recruit Holdings Co.,Ltd.",Services,Prime Market (Domestic),False,True,False,False,missing_operating_cf
6189,6189.T,Global Kids Company Corp.,Services,Standard Market(Domestic),False,True,True,True,
2139,2139.T,"CHUCO CO.,LTD.",Services,Standard Market(Domestic),False,True,True,True,
8002,8002.T,Marubeni Corporation,Wholesale Trade,Prime Market (Domestic),False,True,False,False,missing_revenue;missing_operating_cf
1965,1965.T,TECHNO RYOWA LTD.,Construction,Standard Market(Domestic),False,True,True,True,
2464,2464.T,"Aoba-BBT,Inc.",Services,Standard Market(Domestic),False,True,True,True,
9621,9621.T,"CTI Engineering Co.,Ltd.",Services,Prime Market (Domestic),False,True,True,True,
4396,4396.T,System Support Holdings Inc.,Information & Communication,Prime Market (Domestic),False,True,True,True,
6088,6088.T,SIGMAXYZ Holdings Inc.,Services,Prime Market (Domestic),False,True,True,True,
3021,3021.T,"Pacific Net Co.,Ltd.",Services,Standard Market(Domestic),False,True,True,True,
3569,3569.T,"SEIREN CO.,LTD.",Textiles and Apparels,Prime Market (Domestic),False,True,True,True,
4776,4776.T,"Cybozu,Inc.",Information & Communication,Prime Market (Domestic),False,True,True,True,
4678,4678.T,"SHUEI YOBIKO Co.,Ltd.",Services,Standard Market(Domestic),False,True,True,True,
9160,9160.T,"ON THE PAGE,Inc.",Services,Standard Market(Domestic),False,True,False,False,missing_operating_cf
5142,5142.T,Achilles Corporation,Chemicals,Prime Market (Domestic),False,True,True,True,
2157,2157.T,"KOSHIDAKA HOLDINGS Co.,LTD.",Services,Prime Market (Domestic),False,True,True,True,
1384,1384.T,"Hokuryo Co.,Ltd.","Fishery, Agriculture and Forestry",Standard Market(Domestic),False,True,True,True,
2209,2209.T,"IMURAYA GROUP CO.,LTD.",Foods,Prime Market (Domestic),False,True,True,True,
1828,1828.T,TANABE ENGINEERING CORPORATION,Construction,Standard Market(Domestic),False,True,True,True,
3932,3932.T,Akatsuki Inc.,Information & Communication,Prime Market (Domestic),False,True,True,True,
2127,2127.T,Nihon M&A Center Holdings Inc.,Services,Prime Market (Domestic),False,True,True,True,
3423,3423.T,S E Corporation,Metal Products,Standard Market(Domestic),False,True,True,True,
2469,2469.T,Hibino Corporation,Services,Standard Market(Domestic),False,True,True,True,
3670,3670.T,"Kyoritsu Computer & Communication Co.,Ltd.",Information & Communication,Standard Market(Domestic),False,True,True,True,
6176,6176.T,Brangista Inc.,Services,Standard Market(Domestic),False,True,True,True,
8056,8056.T,BIPROGY Inc.,Information & Communication,Prime Market (Domestic),False,True,False,False,missing_operating_cf
7502,7502.T,"PLAZA HOLDINGS CO.,LTD.",Services,Standard Market(Domestic),False,True,True,True,
5201,5201.T,AGC Inc.,Glass and Ceramics Products,Prime Market (Domestic),False,True,False,False,missing_operating_cf
7947,7947.T,FP CORPORATION,Chemicals,Prime Market (Domestic),False,True,True,True,
4249,4249.T,"MORIROKU COMPANY,LTD.",Chemicals,Prime Market (Domestic),False,True,True,True,
4386,4386.T,"SIG Group Co.,Ltd.",Information & Communication,Standard Market(Domestic),False,True,True,True,
1835,1835.T,"TOTETSU KOGYO CO.,LTD.",Construction,Prime Market (Domestic),False,True,True,True,
3063,3063.T,j-Group Holdings Corp.,Retail Trade,Growth Market(Domestic),False,True,True,True,
5832,5832.T,"Chugin Financial Group,Inc.",Banks,Prime Market (Domestic),True,True,True,False,financial_sector_excluded
9413,9413.T,TV TOKYO Holdings Corporation,Information & Communication,Prime Market (Domestic),False,True,True,True,
4556,4556.T,"KAINOS Laboratories,Inc.",Pharmaceutical,Standard Market(Domestic),False,True,True,True,
4595,4595.T,"MIZUHO MEDY CO.,LTD.",Pharmaceutical,Standard Market(Domestic),False,True,True,True,
1802,1802.T,OBAYASHI CORPORATION,Construction,Prime Market (Domestic),False,True,True,True,
5695,5695.T,"Powdertech Co.,Ltd.",Iron and Steel,Standard Market(Domestic),False,True,True,True,
3988,3988.T,"SYS Holdings Co.,Ltd.",Information & Communication,Standard Market(Domestic),False,True,True,True,
3798,3798.T,"ULS Group,Inc.",Information & Communication,Standard Market(Domestic),False,True,True,True,
4676,4676.T,"FUJI MEDIA HOLDINGS,INC.",Information & Communication,Prime Market (Domestic),False,True,True,True,
3692,3692.T,"FFRI Security,Inc.",Information & Communication,Growth Market(Domestic),False,True,True,True,
8818,8818.T,"Keihanshin Building Co.,Ltd.",Real Estate,Prime Market (Domestic),False,True,True,True,
2286,2286.T,"Hayashikane Sangyo Co.,Ltd.",Foods,Standard Market(Domestic),False,True,True,True,
4013,4013.T,"Kinjiro Co.,Ltd.",Information & Communication,Growth Market(Domestic),False,True,True,True,
6080,6080.T,"M&A Capital Partners Co.,Ltd.",Services,Prime Market (Domestic),False,True,True,True,
5018,5018.T,MORESCO Corporation,Oil and Coal Products,Standard Market(Domestic),False,True,True,True,
4661,4661.T,"ORIENTAL LAND CO.,LTD.",Services,Prime Market (Domestic),False,True,True,True,
7326,7326.T,"SBI Insurance Group Co.,Ltd.",Insurance,Growth Market(Domestic),True,True,True,False,financial_sector_excluded
5989,5989.T,"H-ONE CO.,LTD.",Metal Products,Prime Market (Domestic),False,True,False,False,missing_operating_cf
7265,7265.T,"EIKEN INDUSTRIES CO.,LTD",Transportation Equipment,Standard Market(Domestic),False,True,True,True,
1377,1377.T,SAKATA SEED CORPORATION,"Fishery, Agriculture and Forestry",Prime Market (Domestic),False,True,True,True,
2378,2378.T,"RENAISSANCE,INCORPORATED",Services,Prime Market (Domestic),False,True,True,True,
3954,3954.T,SHOWA PAXXS CORPORATION,Pulp and Paper,Standard Market(Domestic),False,True,True,True,
9740,9740.T,"CENTRAL SECURITY PATROLS CO.,LTD.",Services,Prime Market (Domestic),False,True,True,True,
9755,9755.T,OYO Corporation,Services,Prime Market (Domestic),False,True,True,True,
4540,4540.T,TSUMURA & CO.,Pharmaceutical,Prime Market (Domestic),False,True,True,True,
8360,8360.T,"The Yamanashi Chuo Bank,Ltd.",Banks,Prime Market (Domestic),True,True,False,False,financial_sector_excluded;missing_revenue;missing_operating_income
2831,2831.T,HAGOROMO FOODS CORPORATION,Foods,Standard Market(Domestic),False,True,True,True,
8020,8020.T,KANEMATSU CORPORATION,Wholesale Trade,Prime Market (Domestic),False,True,False,False,missing_revenue;missing_operating_cf
6183,6183.T,"BELLSYSTEM24 HOLDINGS,INC.",Services,Prime Market (Domestic),False,True,False,False,missing_operating_cf
9165,9165.T,"Qualtec Co.,Ltd.",Services,Growth Market(Domestic),False,True,True,True,
4023,4023.T,KUREHA CORPORATION,Chemicals,Prime Market (Domestic),False,True,False,False,missing_operating_cf
8370,8370.T,"The Kiyo Bank,Ltd.",Banks,Prime Market (Domestic),True,True,False,False,financial_sector_excluded;missing_revenue;missing_operating_income
6869,6869.T,SYSMEX CORPORATION,Electric Appliances,Prime Market (Domestic),False,True,False,False,missing_operating_cf
9601,9601.T,"Shochiku Co.,Ltd.",Information & Communication,Prime Market (Domestic),False,True,True,True,
1905,1905.T,TENOX CORPORATION,Construction,Standard Market(Domestic),False,True,True,True,
7337,7337.T,"Hirogin Holdings,Inc.",Banks,Prime Market (Domestic),True,True,True,False,financial_sector_excluded
7287,7287.T,"NIPPON SEIKI CO.,LTD.",Transportation Equipment,Standard Market(Domestic),False,True,False,False,missing_operating_cf
4323,4323.T,"Japan System Techniques Co.,Ltd.",Information & Communication,Prime Market (Domestic),False,True,True,True,
8065,8065.T,SATO SHO-JI CORPORATION,Wholesale Trade,Prime Market (Domestic),False,True,True,True,
3920,3920.T,"Internetworking and Broadband Consulting Co.,Ltd.",Information & Communication,Standard Market(Domestic),False,True,True,True,
1980,1980.T,"DAI-DAN CO.,LTD.",Construction,Prime Market (Domestic),False,True,False,False,missing_revenue
8714,8714.T,"Senshu Ikeda Holdings,Inc.",Banks,Prime Market (Domestic),True,True,True,False,financial_sector_excluded
9986,9986.T,"ZAOH COMPANY,LTD.",Wholesale Trade,Standard Market(Domestic),False,True,True,True,
1430,1430.T,First-corporation Inc.,Construction,Standard Market(Domestic),False,True,True,True,
8198,8198.T,"Maxvalu Tokai Co.,Ltd.",Retail Trade,Standard Market(Domestic),False,True,True,True,
7726,7726.T,KURODA PRECISION INDUSTRIES LTD.,Machinery,Standard Market(Domestic),False,True,True,True,
1401,1401.T,"mbs,inc.",Construction,Growth Market(Domestic),False,True,True,True,
5015,5015.T,BP Castrol K.K.,Oil and Coal Products,Standard Market(Domestic),False,True,True,True,
5013,5013.T,Yushiro Inc.,Oil and Coal Products,Standard Market(Domestic),False,True,True,True,
8908,8908.T,"MAINICHI COMNET CO.,LTD.",Real Estate,Standard Market(Domestic),False,True,True,True,
8801,8801.T,"Mitsui Fudosan Co.,Ltd.",Real Estate,Prime Market (Domestic),False,True,True,True,
5940,5940.T,"FUJISASH CO.,LTD.",Metal Products,Standard Market(Domestic),False,True,True,True,
7131,7131.T,NOMURA CORPORATION,Wholesale Trade,Standard Market(Domestic),False,True,True,True,
3221,3221.T,"Yossix Holdings Co.,Ltd.",Retail Trade,Prime Market (Domestic),False,True,True,True,
8354,8354.T,"Fukuoka Financial Group,Inc.",Banks,Prime Market (Domestic),True,True,True,False,financial_sector_excluded
7218,7218.T,"TANAKA SEIMITSU KOGYO CO.,LTD.",Transportation Equipment,Standard Market(Domestic),False,True,True,True,
7839,7839.T,"SHOEI CO.,LTD.",Other Products,Prime Market (Domestic),False,True,True,True,
9906,9906.T,Fujii Sangyo Corporation,Wholesale Trade,Standard Market(Domestic),False,True,True,True,
5401,5401.T,NIPPON STEEL CORPORATION,Iron and Steel,Prime Market (Domestic),False,True,False,False,missing_operating_cf
3773,3773.T,"Advanced Media,Inc.",Information & Communication,Growth Market(Domestic),False,True,True,True,
2751,2751.T,"TENPOS HOLDINGS Co.,Ltd.",Wholesale Trade,Standard Market(Domestic),False,True,True,True,
7460,7460.T,"YAGI & CO.,LTD.",Wholesale Trade,Standard Market(Domestic),False,True,True,True,
9057,9057.T,"ENSHU TRUCK CO.,LTD.",Land Transportation,Standard Market(Domestic),False,True,True,True,
5032,5032.T,ANYCOLOR Inc.,Information & Communication,Prime Market (Domestic),False,True,True,True,
3560,3560.T,"Hobonichi Co.,Ltd.",Retail Trade,Standard Market(Domestic),False,True,True,True,
5185,5185.T,"Fukoku Co.,Ltd.",Rubber Products,Prime Market (Domestic),False,True,True,True,
7523,7523.T,"ART VIVANT CO.,LTD.",Retail Trade,Standard Market(Domestic),False,True,True,True,
8747,8747.T,"YUTAKA TRUSTY SECURITIES CO.,LTD.",Securities and Commodities Futures,Standard Market(Domestic),True,True,False,False,financial_sector_excluded;missing_revenue
2659,2659.T,"SAN-A CO.,LTD.",Retail Trade,Prime Market (Domestic),False,True,True,True,
4373,4373.T,"Simplex Holdings,Inc.",Information & Communication,Prime Market (Domestic),False,True,False,False,missing_operating_cf
9428,9428.T,CROPS CORPORATION,Information & Communication,Standard Market(Domestic),False,True,True,True,
3395,3395.T,"Saint Marc Holdings Co.,Ltd.",Retail Trade,Prime Market (Domestic),False,True,True,True,
6147,6147.T,"YAMAZAKI CO.,LTD.",Machinery,Standard Market(Domestic),False,True,True,True,
1951,1951.T,"EXEO Group,Inc.",Construction,Prime Market (Domestic),False,True,True,True,
9303,9303.T,"The Sumitomo Warehouse Co.,Ltd.",Warehousing and Harbor Transportation Service,Prime Market (Domestic),False,True,True,True,
2737,2737.T,TOMEN DEVICES CORPORATION,Wholesale Trade,Prime Market (Domestic),False,True,True,True,
4293,4293.T,"SEPTENI HOLDINGS CO.,LTD.",Services,Standard Market(Domestic),False,True,False,False,missing_operating_cf
3089,3089.T,"Techno Alpha Co.,Ltd.",Wholesale Trade,Standard Market(Domestic),False,True,True,True,
7014,7014.T,"Namura Shipbuilding Co.,Ltd.",Transportation Equipment,Standard Market(Domestic),False,True,True,True,
4274,4274.T,"HOSOYA PYRO-ENGINEERING CO.,LTD.",Chemicals,Standard Market(Domestic),False,True,True,True,
6547,6547.T,"GREENS CO.,LTD.",Services,Standard Market(Domestic),False,True,True,True,
9506,9506.T,"Tohoku Electric Power Company,Incorporated",Electric Power and Gas,Prime Market (Domestic),False,True,True,True,
1968,1968.T,"TAIHEI DENGYO KAISHA,LTD.",Construction,Prime Market (Domestic),False,True,True,True,
9706,9706.T,"Japan Airport Terminal Co.,ltd.",Real Estate,Prime Market (Domestic),False,True,True,True,
7939,7939.T,"KENSOH CO.,LTD.",Other Products,Standard Market(Domestic),False,True,True,True,
2498,2498.T,Oriental Consultants Holdings Company Limited,Services,Standard Market(Domestic),False,True,True,True,
7779,7779.T,"CYBERDYNE,INC.",Precision Instruments,Growth Market(Domestic),False,True,False,False,missing_operating_cf
7217,7217.T,"TEIN,INC.",Transportation Equipment,Standard Market(Domestic),False,True,True,True,
5268,5268.T,"ASAHI CONCRETE WORKS CO.,LTD.",Glass and Ceramics Products,Standard Market(Domestic),False,True,True,True,
1959,1959.T,KRAFTIA CORPORATION,Construction,Prime Market (Domestic),False,True,True,True,
8425,8425.T,"Mizuho Leasing Company,Limited",Other Financing Business,Prime Market (Domestic),True,True,True,False,financial_sector_excluded
8411,8411.T,"Mizuho Financial Group,Inc.",Banks,Prime Market (Domestic),True,True,True,False,financial_sector_excluded
9005,9005.T,TOKYU CORPORATION,Land Transportation,Prime Market (Domestic),False,True,True,True,
8117,8117.T,CENTRAL AUTOMOTIVE PRODUCTS LTD.,Wholesale Trade,Standard Market(Domestic),False,True,True,True,
4326,4326.T,INTAGE HOLDINGS Inc.,Information & Communication,Prime Market (Domestic),False,True,True,True,
4421,4421.T,"D.I.System Co.,Ltd.",Information & Communication,Standard Market(Domestic),False,True,True,True,
2288,2288.T,"MARUDAI FOOD CO.,LTD.",Foods,Prime Market (Domestic),False,True,True,True,
7821,7821.T,"MAEDA KOSEN CO.,LTD.",Other Products,Prime Market (Domestic),False,True,True,True,
7148,7148.T,"Financial Partners Group Co.,Ltd.",Securities and Commodities Futures,Prime Market (Domestic),True,True,True,False,financial_sector_excluded
8923,8923.T,TOSEI CORPORATION,Real Estate,Prime Market (Domestic),False,True,False,False,missing_operating_cf
7255,7255.T,SAKURAI LTD.,Transportation Equipment,Standard Market(Domestic),False,True,True,True,
4361,4361.T,"KAWAGUCHI CHEMICAL INDUSTRY CO.,LTD.",Chemicals,Standard Market(Domestic),False,True,True,True,
9824,9824.T,"SENSHU ELECTRIC CO.,LTD.",Wholesale Trade,Prime Market (Domestic),False,True,True,True,
5252,5252.T,"Nihon Knowledge Co,Ltd.",Information & Communication,Growth Market(Domestic),False,True,True,True,
4524,4524.T,"MORISHITA JINTAN CO.,LTD.",Pharmaceutical,Standard Market(Domestic),False,True,True,True,
4526,4526.T,"RIKEN VITAMIN CO.,LTD.",Foods,Prime Market (Domestic),False,True,True,True,
3153,3153.T,"Yashima Denki Co.,Ltd.",Wholesale Trade,Prime Market (Domestic),False,True,True,True,
9629,9629.T,PCA CORPORATION,Information & Communication,Prime Market (Domestic),False,True,True,True,
2499,2499.T,"NIHONWASOU HOLDINGS,INC.",Services,Standard Market(Domestic),False,True,True,True,
3934,3934.T,"BENEFIT JAPAN Co.,LTD.",Information & Communication,Standard Market(Domestic),False,True,True,True,
9900,9900.T,Sagami Holdings Corporation,Retail Trade,Prime Market (Domestic),False,True,True,True,
2674,2674.T,"HARD OFF CORPORATION Co.,Ltd.",Retail Trade,Prime Market (Domestic),False,True,True,True,
9034,9034.T,"NANSO Transport Co.,Ltd.",Land Transportation,Standard Market(Domestic),False,True,False,False,missing_revenue
1719,1719.T,HAZAMA ANDO CORPORATION,Construction,Prime Market (Domestic),False,True,True,True,
6089,6089.T,"WILL GROUP,INC.",Services,Prime Market (Domestic),False,True,False,False,missing_operating_cf
9304,9304.T,Shibusawa Logistics Corporation,Warehousing and Harbor Transportation Service,Prime Market (Domestic),False,True,True,True,
2201,2201.T,"Morinaga & Co.,Ltd.",Foods,Prime Market (Domestic),False,True,True,True,
9214,9214.T,"Recovery International Co.,Ltd.",Services,Growth Market(Domestic),False,True,True,True,
5195,5195.T,"Bando Chemical Industries,Ltd.",Rubber Products,Prime Market (Domestic),False,True,False,False,missing_operating_cf
8006,8006.T,"YUASA FUNASHOKU Co.,Ltd.",Wholesale Trade,Standard Market(Domestic),False,True,True,True,
6082,6082.T,"RIDE ON EXPRESS HOLDINGS Co.,Ltd.",Services,Standard Market(Domestic),False,True,True,True,
4687,4687.T,TDC SOFT Inc.,Information & Communication,Prime Market (Domestic),False,True,True,True,
4452,4452.T,Kao Corporation,Chemicals,Prime Market (Domestic),False,True,False,False,missing_operating_cf
5357,5357.T,"YOTAI REFRACTORIES CO.,LTD.",Glass and Ceramics Products,Prime Market (Domestic),False,True,True,True,
5136,5136.T,"tripla Co.,Ltd.",Information & Communication,Growth Market(Domestic),False,True,True,True,
7186,7186.T,"Yokohama Financial Group,Inc.",Banks,Prime Market (Domestic),True,True,True,False,financial_sector_excluded
7564,7564.T,"WORKMAN CO.,LTD.",Retail Trade,Standard Market(Domestic),False,True,True,True,
3495,3495.T,"Koryojyuhan Co.,Ltd.",Real Estate,Standard Market(Domestic),False,True,True,True,
2922,2922.T,"NATORI CO.,LTD.",Foods,Prime Market (Domestic),False,True,True,True,
5334,5334.T,"Niterra Co.,Ltd.",Glass and Ceramics Products,Prime Market (Domestic),False,True,False,False,missing_operating_cf
5967,5967.T,"TONE CO.,LTD.",Metal Products,Standard Market(Domestic),False,True,True,True,
8616,8616.T,"Tokai Tokyo Financial Holdings,Inc.",Securities and Commodities Futures,Prime Market (Domestic),True,True,True,False,financial_sector_excluded
8061,8061.T,SEIKA CORPORATION,Wholesale Trade,Prime Market (Domestic),False,True,True,True,
7804,7804.T,"B&P Co.,Ltd.",Other Products,Standard Market(Domestic),False,True,True,True,
9003,9003.T,"Sotetsu Holdings,Inc.",Land Transportation,Prime Market (Domestic),False,True,True,True,
7030,7030.T,SPRIX Inc.,Services,Standard Market(Domestic),False,True,True,True,
2226,2226.T,KOIKE-YA Inc.,Foods,Standard Market(Domestic),False,True,True,True,
2415,2415.T,"Human Holdings Co.,Ltd.",Services,Standard Market(Domestic),False,True,True,True,
1994,1994.T,TAKAHASHI CURTAIN WALL CORPORATION,Construction,Standard Market(Domestic),False,True,True,True,
9726,9726.T,"KNT-CT Holdings Co.,Ltd.",Services,Standard Market(Domestic),False,True,True,True,
7399,7399.T,"NANSIN CO.,LTD.",Transportation Equipment,Standard Market(Domestic),False,True,True,True,
7596,7596.T,"UORIKI CO.,LTD.",Retail Trade,Prime Market (Domestic),False,True,True,True,
2883,2883.T,"DAIREI CO.,LTD.",Foods,Standard Market(Domestic),False,True,True,True,
4258,4258.T,AMIYA Corporation,Information & Communication,Growth Market(Domestic),False,True,True,True,
7211,7211.T,MITSUBISHI MOTORS CORPORATION,Transportation Equipment,Prime Market (Domestic),False,True,True,True,
9504,9504.T,"The Chugoku Electric Power Company,Incorporated",Electric Power and Gas,Prime Market (Domestic),False,True,True,True,
9173,9173.T,"Tokai Kisen Co.,Ltd.",Marine Transportation,Standard Market(Domestic),False,True,True,True,
8346,8346.T,"The Toho Bank,Ltd.",Banks,Prime Market (Domestic),True,True,False,False,financial_sector_excluded;missing_revenue;missing_operating_income
9782,9782.T,DMS INC.,Services,Standard Market(Domestic),False,True,True,True,
6022,6022.T,Akasaka Diesels Ltd.,Machinery,Standard Market(Domestic),False,True,True,True,
9273,9273.T,"KOA SHOJI HOLDINGS CO.,LTD.",Wholesale Trade,Prime Market (Domestic),False,True,True,True,
3245,3245.T,"DEAR LIFE CO.,LTD.",Real Estate,Prime Market (Domestic),False,True,True,True,
1860,1860.T,TODA CORPORATION,Construction,Prime Market (Domestic),False,True,True,True,
8150,8150.T,"SANSHIN ELECTRONICS CO.,LTD.",Wholesale Trade,Prime Market (Domestic),False,True,True,True,
7279,7279.T,HI-LEX CORPORATION,Transportation Equipment,Standard Market(Domestic),False,True,True,True,
7059,7059.T,"COPRO-HOLDINGS.Co.,Ltd.",Services,Prime Market (Domestic),False,True,True,True,
7509,7509.T,I.A GROUP CORPORATION,Retail Trade,Standard Market(Domestic),False,True,True,True,
8766,8766.T,"Tokio Marine Holdings,Inc.",Insurance,Prime Market (Domestic),True,True,True,False,financial_sector_excluded
7371,7371.T,Zenken Corporation,Services,Growth Market(Domestic),False,True,True,True,
4650,4650.T,"SD ENTERTAINMENT,Inc.",Services,Standard Market(Domestic),False,True,True,True,
6544,6544.T,"JAPAN ELEVATOR SERVICE HOLDINGS CO.,LTD.",Services,Prime Market (Domestic),False,True,True,True,
8032,8032.T,JAPAN PULP AND PAPER COMPANY LIMITED,Wholesale Trade,Prime Market (Domestic),False,True,True,True,
5161,5161.T,"NISHIKAWA RUBBER CO.,LTD.",Rubber Products,Standard Market(Domestic),False,True,True,True,
3941,3941.T,"Rengo Co.,Ltd.",Pulp and Paper,Prime Market (Domestic),False,True,True,True,
1939,1939.T,YONDENKO CORPORATION,Construction,Prime Market (Domestic),False,True,True,True,
8945,8945.T,SUNNEXTA GROUP Inc.,Real Estate,Standard Market(Domestic),False,True,True,True,
8343,8343.T,"THE AKITA BANK,LTD.",Banks,Prime Market (Domestic),True,True,False,False,financial_sector_excluded;missing_revenue;missing_operating_income
2907,2907.T,"AHJIKAN CO.,LTD.",Foods,Standard Market(Domestic),False,True,True,True,
7937,7937.T,"TSUTSUMI JEWELRY CO.,LTD.",Other Products,Standard Market(Domestic),False,True,True,True,
5162,5162.T,ASAHI RUBBER INC.,Rubber Products,Standard Market(Domestic),False,True,True,True,
9564,9564.T,FCE Inc.,Services,Standard Market(Domestic),False,True,True,True,
9007,9007.T,"Odakyu Electric Railway Co.,Ltd.",Land Transportation,Prime Market (Domestic),False,True,True,True,
4719,4719.T,ALPHA SYSTEMS INC.,Information & Communication,Prime Market (Domestic),False,True,True,True,
6180,6180.T,"GMO Media,Inc.",Services,Growth Market(Domestic),False,True,True,True,
4979,4979.T,"OAT Agrio Co.,Ltd.",Chemicals,Standard Market(Domestic),False,True,True,True,
5858,5858.T,"STG CO.,LTD.",Nonferrous Metals,Growth Market(Domestic),False,True,True,True,
7806,7806.T,"MTG Co.,Ltd.",Other Products,Growth Market(Domestic),False,True,True,True,
3352,3352.T,"BUFFALO CO.,LTD.",Retail Trade,Standard Market(Domestic),False,True,True,True,
9142,9142.T,Kyushu Railway Company,Land Transportation,Prime Market (Domestic),False,True,True,True,
3850,3850.T,NTT DATA INTRAMART CORPORATION,Information & Communication,Standard Market(Domestic),False,True,True,True,
7164,7164.T,"ZENKOKU HOSHO Co.,Ltd.",Other Financing Business,Prime Market (Domestic),True,True,True,False,financial_sector_excluded
7811,7811.T,"NAKAMOTO PACKS CO.,LTD.",Other Products,Standard Market(Domestic),False,True,True,True,
1979,1979.T,Taikisha Ltd.,Construction,Prime Market (Domestic),False,True,True,True,
9778,9778.T,"SUBARU CO.,LTD.",Services,Standard Market(Domestic),False,True,True,True,
5302,5302.T,"Nippon Carbon Co.,Ltd.",Glass and Ceramics Products,Prime Market (Domestic),False,True,True,True,
7609,7609.T,"Daitron Co.,Ltd.",Wholesale Trade,Prime Market (Domestic),False,True,True,True,
5851,5851.T,RYOBI LIMITED,Nonferrous Metals,Prime Market (Domestic),False,True,True,True,
9533,9533.T,"TOHO GAS CO.,LTD.",Electric Power and Gas,Prime Market (Domestic),False,True,True,True,
9313,9313.T,Maruhachi Warehouse Company Limited,Warehousing and Harbor Transportation Service,Standard Market(Domestic),False,True,True,True,
9272,9272.T,"Boutiques,Inc.",Services,Growth Market(Domestic),False,True,True,True,
2809,2809.T,Kewpie Corporation,Foods,Prime Market (Domestic),False,True,True,True,
5938,5938.T,LIXIL Corporation,Metal Products,Prime Market (Domestic),False,True,False,False,missing_operating_cf
1795,1795.T,MASARU CORPORATION,Construction,Standard Market(Domestic),False,True,True,True,
8358,8358.T,Suruga Bank Ltd.,Banks,Prime Market (Domestic),True,True,False,False,financial_sector_excluded;missing_revenue;missing_operating_income
9720,9720.T,"HOTEL NEWGRAND CO.,LTD.",Services,Standard Market(Domestic),False,True,True,True,
3201,3201.T,"THE JAPAN WOOL TEXTILE CO.,LTD.",Textiles and Apparels,Prime Market (Domestic),False,True,True,True,
3583,3583.T,AuBEX CORPORATION,Textiles and Apparels,Standard Market(Domestic),False,True,True,True,
6740,6740.T,Japan Display Inc.,Electric Appliances,Prime Market (Domestic),False,True,True,True,
1801,1801.T,TAISEI CORPORATION,Construction,Prime Market (Domestic),False,True,True,True,
7575,7575.T,"Japan Lifeline Co.,Ltd.",Wholesale Trade,Prime Market (Domestic),False,True,True,True,
3744,3744.T,SIOS Corporation,Information & Communication,Standard Market(Domestic),False,True,True,True,
3843,3843.T,"FreeBit Co.,Ltd.",Information & Communication,Prime Market (Domestic),False,True,True,True,
8118,8118.T,"KING Co.,Ltd.",Textiles and Apparels,Standard Market(Domestic),False,True,True,True,
3951,3951.T,"ASAHI PRINTING CO.,LTD.",Pulp and Paper,Standard Market(Domestic),False,True,True,True,
9450,9450.T,Fibergate Inc.,Information & Communication,Standard Market(Domestic),False,True,True,True,
9850,9850.T,"GOURMET KINEYA CO.,LTD.",Retail Trade,Prime Market (Domestic),False,True,True,True,
1780,1780.T,YAMAURA CORPORATION,Construction,Prime Market (Domestic),False,True,True,True,
1871,1871.T,"PS Construction Co.,Ltd.",Construction,Prime Market (Domestic),False,True,True,True,
6568,6568.T,"KNC Laboratories Co.,Ltd.",Services,Growth Market(Domestic),False,True,True,True,
3276,3276.T,"Japan Property Management Center Co.,Ltd.",Real Estate,Prime Market (Domestic),False,True,True,True,
9685,9685.T,"KYCOM HOLDINGS CO.,LTD.",Information & Communication,Standard Market(Domestic),False,True,True,True,
4240,4240.T,"CLUSTER TECHNOLOGY CO.,LTD.",Chemicals,Standard Market(Domestic),False,True,True,True,
8023,8023.T,"DAIKO XTECH,LTD.",Information & Communication,Standard Market(Domestic),False,True,True,True,
7080,7080.T,"Sportsfield Co.,Ltd.",Services,Growth Market(Domestic),False,True,True,True,
8316,8316.T,"Sumitomo Mitsui Financial Group,Inc.",Banks,Prime Market (Domestic),True,True,True,False,financial_sector_excluded
7962,7962.T,"KING JIM CO.,LTD.",Other Products,Prime Market (Domestic),False,True,True,True,
1967,1967.T,YAMATO CORPORATION,Construction,Standard Market(Domestic),False,True,True,True,
5126,5126.T,PORTERS CORPORATION,Information & Communication,Growth Market(Domestic),False,True,True,True,
1720,1720.T,"TOKYU CONSTRUCTION CO., LTD.",Construction,Prime Market (Domestic),False,True,True,True,
5368,5368.T,"JAPAN INSULATION CO.,LTD.",Glass and Ceramics Products,Standard Market(Domestic),False,True,True,True,
5702,5702.T,"DAIKI ALUMINIUM INDUSTRY CO.,LTD.",Nonferrous Metals,Prime Market (Domestic),False,True,True,True,
7874,7874.T,"LEC,INC.",Chemicals,Prime Market (Domestic),False,True,True,True,
8850,8850.T,STARTS CORPORATION INC.,Real Estate,Prime Market (Domestic),False,True,True,True,
1799,1799.T,DAIICHI KENSETSU CORPORATION,Construction,Standard Market(Domestic),False,True,True,True,
5644,5644.T,METALART CORPORATION,Iron and Steel,Standard Market(Domestic),False,True,True,True,
9036,9036.T,"TOHBU NETWORK CO.,LTD.",Land Transportation,Standard Market(Domestic),False,True,True,True,
6867,6867.T,LEADER ELECTRONICS CORPORATION,Electric Appliances,Standard Market(Domestic),False,True,True,True,
5356,5356.T,"MINO CERAMIC CO.,LTD.",Glass and Ceramics Products,Standard Market(Domestic),False,True,True,True,
5928,5928.T,"ALMETAX MANUFACTURING CO,LTD.",Metal Products,Standard Market(Domestic),False,True,True,True,
3388,3388.T,"MEIJI ELECTRIC INDUSTRIES CO.,LTD.",Wholesale Trade,Prime Market (Domestic),False,True,True,True,
5189,5189.T,"SAKURA RUBBER CO.,LTD.",Rubber Products,Standard Market(Domestic),False,True,True,True,
8207,8207.T,"TEN ALLIED Co.,Ltd.",Retail Trade,Standard Market(Domestic),False,True,True,True,
4057,4057.T,"Interfactory,Inc.",Information & Communication,Growth Market(Domestic),False,True,True,True,
7840,7840.T,"FRANCE BED HOLDINGS CO.,LTD.",Other Products,Prime Market (Domestic),False,True,True,True,
9837,9837.T,"MORITO CO.,LTD.",Wholesale Trade,Prime Market (Domestic),False,True,True,True,
9251,9251.T,"AB&Company Co.,Ltd.",Services,Growth Market(Domestic),False,True,False,False,missing_operating_cf
9832,9832.T,"AUTOBACS SEVEN CO.,LTD.",Wholesale Trade,Prime Market (Domestic),False,True,True,True,
4615,4615.T,"SHINTO PAINT COMPANY,LIMITED",Chemicals,Standard Market(Domestic),False,True,True,True,
4554,4554.T,"Fuji Pharma Co.,Ltd.",Pharmaceutical,Prime Market (Domestic),False,True,True,True,
9647,9647.T,"KYOWA ENGINEERING CONSULTANTS CO.,LTD.",Services,Standard Market(Domestic),False,True,True,True,
1952,1952.T,"Shin Nippon Air Technologies Co.,Ltd.",Construction,Prime Market (Domestic),False,True,True,True,
5463,5463.T,Maruichi Steel Tube Ltd.,Iron and Steel,Prime Market (Domestic),False,True,True,True,
3943,3943.T,"OHISHI SANGYO CO.,LTD.",Pulp and Paper,Standard Market(Domestic),False,True,True,True,
3687,3687.T,Fixstars Corporation,Information & Communication,Prime Market (Domestic),False,True,True,True,
4569,4569.T,"KYORIN Pharmaceutical Co.,Ltd.",Pharmaceutical,Prime Market (Domestic),False,True,True,True,
2806,2806.T,YUTAKA FOODS CORPORATION,Foods,Standard Market(Domestic),False,True,True,True,
1921,1921.T,TOMOE CORPORATION,Construction,Standard Market(Domestic),False,True,True,True,
5563,5563.T,"Nippon Denko Co.,Ltd.",Iron and Steel,Prime Market (Domestic),False,True,True,True,
3002,3002.T,GUNZE LIMITED,Textiles and Apparels,Prime Market (Domestic),False,True,True,True,
2810,2810.T,House Foods Group Inc.,Foods,Prime Market (Domestic),False,True,True,True,
9767,9767.T,"NIKKEN KOGAKU CO.,LTD.",Services,Standard Market(Domestic),False,True,True,True,
4829,4829.T,"Nihon Enterprise Co.,Ltd.",Information & Communication,Standard Market(Domestic),False,True,True,True,
4667,4667.T,"AISAN TECHNOLOGY CO.,LTD.",Information & Communication,Standard Market(Domestic),False,True,True,True,
4839,4839.T,WOWOW INC.,Information & Communication,Prime Market (Domestic),False,True,True,True,
9343,9343.T,ibis inc.,Services,Growth Market(Domestic),False,True,True,True,
9361,9361.T,"FUSHIKI KAIRIKU UNSO CO.,LTD.",Warehousing and Harbor Transportation Service,Standard Market(Domestic),False,True,True,True,
4530,4530.T,"HISAMITSU PHARMACEUTICAL CO.,INC.",Pharmaceutical,Prime Market (Domestic),False,True,True,True,
2730,2730.T,EDION Corporation,Retail Trade,Prime Market (Domestic),False,True,True,True,
2300,2300.T,"Kyokuto Co.,Ltd.",Services,Standard Market(Domestic),False,True,True,True,
2908,2908.T,"FUJICCO CO.,LTD.",Foods,Prime Market (Domestic),False,True,True,True,
4768,4768.T,OTSUKA CORPORATION,Information & Communication,Prime Market (Domestic),False,True,True,True,
2404,2404.T,"TETSUJIN Holdings,Inc.",Services,Standard Market(Domestic),False,True,True,True,
8927,8927.T,"MEIHO ENTERPRISE CO.,LTD.",Real Estate,Standard Market(Domestic),False,True,True,True,
9616,9616.T,"KYORITSU MAINTENANCE CO.,LTD.",Services,Prime Market (Domestic),False,True,True,True,
3963,3963.T,"Synchro Food Co.,Ltd.",Information & Communication,Prime Market (Domestic),False,True,True,True,
7463,7463.T,"ADVAN GROUP CO.,LTD.",Retail Trade,Standard Market(Domestic),False,True,True,True,
4547,4547.T,"KISSEI PHARMACEUTICAL CO.,LTD.",Pharmaceutical,Prime Market (Domestic),False,True,True,True,
6036,6036.T,"KeePer Technical Laboratory Co.,Ltd.",Services,Prime Market (Domestic),False,True,True,True,
1975,1975.T,"ASAHI KOGYOSHA CO.,LTD.",Construction,Prime Market (Domestic),False,True,True,True,
7621,7621.T,"UKAI CO.,LTD.",Retail Trade,Standard Market(Domestic),False,True,True,True,
3597,3597.T,"JICHODO Co.,Ltd.",Textiles and Apparels,Standard Market(Domestic),False,True,True,True,
6545,6545.T,internet infinity INC.,Services,Growth Market(Domestic),False,True,True,True,
8031,8031.T,"MITSUI & CO.,LTD.",Wholesale Trade,Prime Market (Domestic),False,True,False,False,missing_revenue;missing_operating_cf
7417,7417.T,NANYO CORPORATION,Wholesale Trade,Standard Market(Domestic),False,True,True,True,
9366,9366.T,SANRITSU CORPORATION,Warehousing and Harbor Transportation Service,Standard Market(Domestic),False,True,True,True,
9023,9023.T,"Tokyo Metro Co.,Ltd.",Land Transportation,Prime Market (Domestic),False,True,False,False,price_history_lt_500
9311,9311.T,ASAGAMI CORPORATION,Warehousing and Harbor Transportation Service,Standard Market(Domestic),False,True,True,True,
9044,9044.T,"NANKAI Co.,Ltd.",Land Transportation,Prime Market (Domestic),False,True,True,True,
8704,8704.T,"TRADERS HOLDINGS CO.,LTD.",Securities and Commodities Futures,Standard Market(Domestic),True,True,True,False,financial_sector_excluded
3708,3708.T,"Tokushu Tokai Paper Co.,Ltd.",Pulp and Paper,Prime Market (Domestic),False,True,True,True,
5132,5132.T,"pluszero,Inc.",Information & Communication,Growth Market(Domestic),False,True,True,True,
7490,7490.T,"NISSIN SHOJI CO.,LTD.",Wholesale Trade,Standard Market(Domestic),False,True,True,True,
5576,5576.T,O.B.System Inc.,Information & Communication,Standard Market(Domestic),False,True,True,True,
4494,4494.T,Vario Secure Inc.,Information & Communication,Standard Market(Domestic),False,True,True,True,
3845,3845.T,I-FREEK MOBILE INC.,Information & Communication,Standard Market(Domestic),False,True,True,True,
7949,7949.T,"KOMATSU WALL INDUSTRY CO.,LTD.",Other Products,Prime Market (Domestic),False,True,True,True,
7180,7180.T,"Kyushu Financial Group,Inc.",Banks,Prime Market (Domestic),True,True,True,False,financial_sector_excluded
9301,9301.T,Mitsubishi Logistics Corporation,Warehousing and Harbor Transportation Service,Prime Market (Domestic),False,True,True,True,
2009,2009.T,"THE TORIGOE CO.,LTD.",Foods,Standard Market(Domestic),False,True,True,True,
4124,4124.T,OSAKA YUKA INDUSTRY LTD.,Chemicals,Standard Market(Domestic),False,True,True,True,
2211,2211.T,"Fujiya Co.,Ltd.",Foods,Prime Market (Domestic),False,True,True,True,
2004,2004.T,"Showa Sangyo Co.,Ltd.",Foods,Prime Market (Domestic),False,True,True,True,
2429,2429.T,"WORLD HOLDINGS CO.,LTD.",Services,Prime Market (Domestic),False,True,True,True,
3762,3762.T,TECHMATRIX CORPORATION,Information & Communication,Prime Market (Domestic),False,True,False,False,missing_operating_cf
8160,8160.T,"KISOJI CO.,LTD.",Retail Trade,Prime Market (Domestic),False,True,True,True,
7800,7800.T,"Amifa Co.,Ltd.",Other Products,Standard Market(Domestic),False,True,True,True,
9602,9602.T,"TOHO CO.,LTD",Information & Communication,Prime Market (Domestic),False,True,False,False,missing_revenue
8804,8804.T,"Tokyo Tatemono Co.,Ltd.",Real Estate,Prime Market (Domestic),False,True,True,True,
3241,3241.T,"WILL,Co.,Ltd.",Real Estate,Standard Market(Domestic),False,True,True,True,
2875,2875.T,"TOYO SUISAN KAISHA,LTD.",Foods,Prime Market (Domestic),False,True,True,True,
3191,3191.T,"JOYFUL HONDA CO.,LTD.",Retail Trade,Prime Market (Domestic),False,True,True,True,
8115,8115.T,"MOONBAT Co.,Ltd.",Wholesale Trade,Standard Market(Domestic),False,True,True,True,
9713,9713.T,"THE ROYAL HOTEL,LIMITED",Services,Standard Market(Domestic),False,True,True,True,
2229,2229.T,"CALBEE,Inc.",Foods,Prime Market (Domestic),False,True,True,True,
7611,7611.T,HIDAY HIDAKA Corp.,Retail Trade,Prime Market (Domestic),False,True,True,True,
8151,8151.T,TOYO Corporation,Wholesale Trade,Prime Market (Domestic),False,True,True,True,
3087,3087.T,"DOUTOR・NICHIRES Holdings Co.,Ltd.",Retail Trade,Prime Market (Domestic),False,True,True,True,
9467,9467.T,"AlphaPolis Co.,Ltd.",Information & Communication,Growth Market(Domestic),False,True,True,True,
5304,5304.T,"SEC CARBON,LIMITED",Glass and Ceramics Products,Standard Market(Domestic),False,True,True,True,
2148,2148.T,ITmedia Inc.,Services,Prime Market (Domestic),False,True,False,False,missing_operating_cf
1879,1879.T,SHINNIHON CORPORATION,Construction,Prime Market (Domestic),False,True,True,True,
7384,7384.T,"Procrea Holdings,Inc.",Banks,Prime Market (Domestic),True,True,True,False,financial_sector_excluded
8200,8200.T,"RINGER HUT CO.,LTD.",Retail Trade,Prime Market (Domestic),False,True,True,True,
2670,2670.T,"ABC-MART,INC.",Retail Trade,Prime Market (Domestic),False,True,True,True,
3177,3177.T,"ARIGATOU SERVICES COMPANY,LIMITED",Retail Trade,Standard Market(Domestic),False,True,True,True,
8541,8541.T,"The Ehime Bank,Ltd.",Banks,Prime Market (Domestic),True,True,False,False,financial_sector_excluded;missing_revenue;missing_operating_income
8795,8795.T,"T&D Holdings, Inc.",Insurance,Prime Market (Domestic),True,True,True,False,financial_sector_excluded
1417,1417.T,MIRAIT ONE Corporation,Construction,Prime Market (Domestic),False,True,True,True,
8935,8935.T,"FJ NEXT HOLDINGS CO.,LTD.",Real Estate,Prime Market (Domestic),False,True,True,True,
1798,1798.T,MORIYA CORPORATION,Construction,Standard Market(Domestic),False,True,True,True,
6769,6769.T,"THine Electronics,Inc.",Electric Appliances,Standard Market(Domestic),False,True,True,True,
1944,1944.T,KINDEN CORPORATION,Construction,Prime Market (Domestic),False,True,False,False,missing_revenue
9381,9381.T,AIT CORPORATION,Warehousing and Harbor Transportation Service,Prime Market (Domestic),False,True,True,True,
1982,1982.T,"Hibiya Engineering,Ltd.",Construction,Prime Market (Domestic),False,True,True,True,
9324,9324.T,Yasuda Logistics Corporation,Warehousing and Harbor Transportation Service,Prime Market (Domestic),False,True,True,True,
8591,8591.T,ORIX CORPORATION,Other Financing Business,Prime Market (Domestic),True,True,False,False,financial_sector_excluded;missing_operating_cf
7466,7466.T,SPK CORPORATION,Wholesale Trade,Prime Market (Domestic),False,True,True,True,
9351,9351.T,"TOYO WHARF & WAREHOUSE CO.,LTD.",Warehousing and Harbor Transportation Service,Standard Market(Domestic),False,True,True,True,
8739,8739.T,"SPARX Group Co.,Ltd.",Securities and Commodities Futures,Prime Market (Domestic),True,True,False,False,financial_sector_excluded;missing_revenue
2220,2220.T,"KAMEDA SEIKA CO.,LTD.",Foods,Prime Market (Domestic),False,True,True,True,
7472,7472.T,"TOBA,INC.",Wholesale Trade,Standard Market(Domestic),False,True,True,True,
4171,4171.T,"Global Information,Inc.",Information & Communication,Standard Market(Domestic),False,True,True,True,
2594,2594.T,KEY COFFEE INC,Foods,Prime Market (Domestic),False,True,True,True,
5805,5805.T,SWCC Corporation,Nonferrous Metals,Prime Market (Domestic),False,True,True,True,
3844,3844.T,COMTURE CORPORATION,Information & Communication,Prime Market (Domestic),False,True,True,True,
3768,3768.T,Riskmonster.com,Information & Communication,Standard Market(Domestic),False,True,True,True,
6071,6071.T,"IBJ,Inc.",Services,Prime Market (Domestic),False,True,True,True,
6074,6074.T,JSS CORPORATION,Services,Standard Market(Domestic),False,True,True,True,
8144,8144.T,"Denkyo Group Holdings Co.,Ltd.",Wholesale Trade,Standard Market(Domestic),False,True,True,True,
4059,4059.T,"Magmag,Inc.",Information & Communication,Standard Market(Domestic),False,True,True,True,
1848,1848.T,FUJI P.S CORPORATION,Construction,Standard Market(Domestic),False,True,True,True,
7283,7283.T,"AISAN INDUSTRY CO.,LTD.",Transportation Equipment,Prime Market (Domestic),False,True,True,True,
9438,9438.T,MTI Ltd.,Information & Communication,Prime Market (Domestic),False,True,True,True,
1960,1960.T,Sanyo Engineering & Construction Inc.,Construction,Standard Market(Domestic),False,True,True,True,
9221,9221.T,FULUHASHI EPO CORPORATION,Services,Standard Market(Domestic),False,True,True,True,
3796,3796.T,"e-Seikatsu Co.,Ltd.",Information & Communication,Standard Market(Domestic),False,True,True,True,
7883,7883.T,"Sun Messe Co.,Ltd.",Other Products,Standard Market(Domestic),False,True,True,True,
1853,1853.T,"Mori-Gumi Co.,Ltd.",Construction,Standard Market(Domestic),False,True,True,True,
8934,8934.T,"Sun Frontier Fudousan Co.,Ltd.",Real Estate,Prime Market (Domestic),False,True,True,True,
2462,2462.T,"LIKE,Inc.",Services,Prime Market (Domestic),False,True,True,True,
2418,2418.T,TSUKADA GLOBAL HOLDINGS Inc.,Services,Standard Market(Domestic),False,True,True,True,
9955,9955.T,"THE YONKYU CO.,LTD.",Wholesale Trade,Standard Market(Domestic),False,True,True,True,
8012,8012.T,"NAGASE & CO.,LTD.",Wholesale Trade,Prime Market (Domestic),False,True,True,True,
8181,8181.T,"Totenko Co.,Ltd.",Retail Trade,Standard Market(Domestic),False,True,True,True,
8737,8737.T,Akatsuki Corp.,Securities and Commodities Futures,Standard Market(Domestic),True,True,True,False,financial_sector_excluded
1718,1718.T,"MIKIKOGYO CO.,LTD.",Construction,Standard Market(Domestic),False,True,True,True,
6966,6966.T,"Mitsui High-tec,Inc.",Electric Appliances,Prime Market (Domestic),False,True,True,True,
7562,7562.T,"ANRAKUTEI Co.,Ltd",Retail Trade,Standard Market(Domestic),False,True,True,True,
5133,5133.T,Terilogy Holdings Corporation,Information & Communication,Standard Market(Domestic),False,True,True,True,
3372,3372.T,"KANMONKAI Co.,Ltd.",Retail Trade,Standard Market(Domestic),False,True,True,True,
4440,4440.T,WITZ Corporation,Information & Communication,Standard Market(Domestic),False,True,True,True,
7707,7707.T,"Precision System Science Co.,Ltd.",Precision Instruments,Growth Market(Domestic),False,True,True,True,
7875,7875.T,"TAKEDA iP HOLDINGS CO.,LTD.",Other Products,Standard Market(Domestic),False,True,True,True,
5388,5388.T,"KUNIMINE INDUSTRIES CO.,LTD.",Glass and Ceramics Products,Standard Market(Domestic),False,True,True,True,
9039,9039.T,"Sakai Moving Service Co.,Ltd.",Land Transportation,Prime Market (Domestic),False,True,True,True,
3937,3937.T,"Ubicom Holdings,Inc.",Information & Communication,Standard Market(Domestic),False,True,True,True,
3242,3242.T,"URBANET CORPORATION CO.,LTD.",Real Estate,Standard Market(Domestic),False,True,True,True,
6201,6201.T,TOYOTA INDUSTRIES CORPORATION,Transportation Equipment,Prime Market (Domestic),False,True,False,False,missing_operating_cf
9338,9338.T,INFORICH INC.,Services,Growth Market(Domestic),False,True,True,True,
2753,2753.T,"AMIYAKI TEI CO.,LTD.",Retail Trade,Prime Market (Domestic),False,True,True,True,
3361,3361.T,"Toell Co.,Ltd.",Retail Trade,Standard Market(Domestic),False,True,True,True,
8338,8338.T,"Tsukuba Bank,Ltd.",Banks,Prime Market (Domestic),True,True,False,False,financial_sector_excluded;missing_revenue;missing_operating_income
2304,2304.T,"CSS HOLDINGS,LTD.",Services,Standard Market(Domestic),False,True,True,True,
3935,3935.T,"Edia Co.,Ltd.",Information & Communication,Standard Market(Domestic),False,True,True,True,
3641,3641.T,"PAPYLESS CO.,LTD.",Information & Communication,Standard Market(Domestic),False,True,True,True,
1814,1814.T,"DAISUE CONSTRUCTION CO.,LTD.",Construction,Prime Market (Domestic),False,True,True,True,
4439,4439.T,"TOUMEI CO.,LTD.",Information & Communication,Standard Market(Domestic),False,True,True,True,
9663,9663.T,"NAGAWA CO.,Ltd",Services,Prime Market (Domestic),False,True,True,True,
7984,7984.T,"KOKUYO CO.,LTD.",Other Products,Prime Market (Domestic),False,True,True,True,
3075,3075.T,"Choushimaru Co.,Ltd.",Retail Trade,Standard Market(Domestic),False,True,True,True,
7902,7902.T,"SONOCOM CO.,LTD.",Other Products,Standard Market(Domestic),False,True,True,True,
9936,9936.T,OHSHO FOOD SERVICE CORP.,Retail Trade,Prime Market (Domestic),False,True,True,True,
5363,5363.T,TYK CORPORATION,Glass and Ceramics Products,Standard Market(Domestic),False,True,True,True,
7777,7777.T,"3-D Matrix,Ltd.",Precision Instruments,Growth Market(Domestic),False,True,True,True,
4406,4406.T,"New Japan Chemical Co.,Ltd.",Chemicals,Standard Market(Domestic),False,True,True,True,
8081,8081.T,KANADEN CORPORATION,Wholesale Trade,Prime Market (Domestic),False,True,True,True,
1867,1867.T,UEKI CORPORATION,Construction,Standard Market(Domestic),False,True,True,True,
8303,8303.T,"SBI Shinsei Bank,Limited",Banks,Prime Market (Domestic),True,True,False,False,financial_sector_excluded;price_history_lt_500;missing_revenue;missing_operating_income
1899,1899.T,FUKUDA CORPORATION,Construction,Prime Market (Domestic),False,True,True,True,
7506,7506.T,"HOUSE OF ROSE Co.,Ltd.",Retail Trade,Standard Market(Domestic),False,True,True,True,
3947,3947.T,"Dynapac Co.,Ltd.",Pulp and Paper,Standard Market(Domestic),False,True,True,True,
4980,4980.T,Dexerials Corporation,Chemicals,Prime Market (Domestic),False,True,True,True,
1332,1332.T,Nissui Corporation,"Fishery, Agriculture and Forestry",Prime Market (Domestic),False,True,True,True,
4242,4242.T,TAKAGI SEIKO CORPORATION,Chemicals,Standard Market(Domestic),False,True,True,True,
6099,6099.T,ELAN Corporation,Services,Prime Market (Domestic),False,True,True,True,
9993,9993.T,"YAMAZAWA CO.,LTD.",Retail Trade,Standard Market(Domestic),False,True,True,True,
1716,1716.T,DAI-ICHI CUTTER KOGYO K.K.,Construction,Standard Market(Domestic),False,True,True,True,
2795,2795.T,NIPPON PRIMEX INC.,Wholesale Trade,Standard Market(Domestic),False,True,True,True,
9820,9820.T,MT GENEX CORPORATION,Real Estate,Standard Market(Domestic),False,True,True,True,
7887,7887.T,"NANKAI PLYWOOD CO.,LTD.",Other Products,Standard Market(Domestic),False,True,True,True,
7921,7921.T,TAKARA & COMPANY LTD.,Other Products,Prime Market (Domestic),False,True,True,True,
5631,5631.T,"The Japan Steel Works,Ltd.",Machinery,Prime Market (Domestic),False,True,True,True,
9253,9253.T,Slogan Inc.,Services,Growth Market(Domestic),False,True,True,True,
2002,2002.T,NISSHIN SEIFUN GROUP INC.,Foods,Prime Market (Domestic),False,True,True,True,
4072,4072.T,"Densan System Holdings Co.,Ltd.",Information & Communication,Prime Market (Domestic),False,True,True,True,
7182,7182.T,"JAPAN POST BANK Co.,Ltd.",Banks,Prime Market (Domestic),True,True,False,False,financial_sector_excluded;missing_revenue;missing_operating_income
9009,9009.T,"Keisei Electric Railway Co.,Ltd.",Land Transportation,Prime Market (Domestic),False,True,True,True,
7254,7254.T,UNIVANCE CORPORATION,Transportation Equipment,Standard Market(Domestic),False,True,True,True,
2108,2108.T,"Nippon Beet Sugar Manufacturing Co.,Ltd.",Foods,Prime Market (Domestic),False,True,True,True,
7916,7916.T,"MITSUMURA PRINTING CO.,LTD.",Other Products,Standard Market(Domestic),False,True,True,True,
6390,6390.T,"KATO WORKS CO.,LTD.",Machinery,Prime Market (Domestic),False,True,True,True,
4422,4422.T,VALUENEX Japan Inc.,Information & Communication,Growth Market(Domestic),False,True,True,True,
3983,3983.T,"ORO Co.,Ltd.",Information & Communication,Prime Market (Domestic),False,True,False,False,missing_operating_cf
8041,8041.T,OUG Holdings Inc.,Wholesale Trade,Standard Market(Domestic),False,True,True,True,
8892,8892.T,ES-CON JAPAN Ltd.,Real Estate,Prime Market (Domestic),False,True,True,True,
3401,3401.T,TEIJIN LIMITED,Textiles and Apparels,Prime Market (Domestic),False,True,True,True,
1815,1815.T,TEKKEN CORPORATION,Construction,Prime Market (Domestic),False,True,True,True,
5199,5199.T,"FUJI LATEX CO.,LTD.",Rubber Products,Standard Market(Domestic),False,True,True,True,
1808,1808.T,HASEKO Corporation,Construction,Prime Market (Domestic),False,True,True,True,
1969,1969.T,"Takasago Thermal Engineering Co.,Ltd.",Construction,Prime Market (Domestic),False,True,True,True,
4534,4534.T,"Mochida Pharmaceutical Co.,Ltd.",Pharmaceutical,Prime Market (Domestic),False,True,True,True,
6694,6694.T,ZOOM CORPORATION,Electric Appliances,Standard Market(Domestic),False,True,True,True,
7818,7818.T,"TRANSACTION CO.,Ltd.",Other Products,Prime Market (Domestic),False,True,True,True,
2222,2222.T,"Kotobuki Spirits Co.,Ltd.",Foods,Prime Market (Domestic),False,True,True,True,
5445,5445.T,"TOKYO TEKKO CO.,LTD.",Iron and Steel,Prime Market (Domestic),False,True,True,True,
4238,4238.T,"Miraial Co.,Ltd.",Chemicals,Standard Market(Domestic),False,True,True,True,
3402,3402.T,"TORAY INDUSTRIES,INC.",Textiles and Apparels,Prime Market (Domestic),False,True,False,False,missing_operating_cf
3169,3169.T,"Misawa & Co.,Ltd.",Retail Trade,Standard Market(Domestic),False,True,True,True,
3698,3698.T,"CRI Middleware Co.,Ltd.",Information & Communication,Standard Market(Domestic),False,True,True,True,
4811,4811.T,DreamArts Corporation,Information & Communication,Growth Market(Domestic),False,True,True,True,
5962,5962.T,"ASAKA INDUSTRIAL CO.,LTD.",Other Products,Standard Market(Domestic),False,True,True,True,
7981,7981.T,"TAKARA STANDARD CO.,LTD.",Other Products,Prime Market (Domestic),False,True,True,True,
9846,9846.T,"TENMAYA STORE CO.,LTD.",Retail Trade,Standard Market(Domestic),False,True,True,True,
7087,7087.T,"WILLTEC Co.,Ltd.",Services,Standard Market(Domestic),False,True,True,True,
3109,3109.T,SHIKIBO LTD.,Textiles and Apparels,Prime Market (Domestic),False,True,True,True,
5659,5659.T,"Nippon Seisen Co.,Ltd.",Iron and Steel,Prime Market (Domestic),False,True,True,True,
4716,4716.T,ORACLE CORPORATION JAPAN,Information & Communication,Standard Market(Domestic),False,True,True,True,
8282,8282.T,K'S HOLDINGS CORPORATION,Retail Trade,Prime Market (Domestic),False,True,True,True,
9306,9306.T,"Toyo Logistics Co.,Ltd.",Warehousing and Harbor Transportation Service,Standard Market(Domestic),False,True,True,True,
3489,3489.T,"FaithNetwork Co.,Ltd",Real Estate,Standard Market(Domestic),False,True,True,True,
8059,8059.T,"DAIICHI JITSUGYO CO.,LTD.",Wholesale Trade,Prime Market (Domestic),False,True,True,True,
2894,2894.T,"Ishii Food Co.,Ltd.",Foods,Standard Market(Domestic),False,True,True,True,
9948,9948.T,"ARCS COMPANY,LIMITED",Retail Trade,Prime Market (Domestic),False,True,True,True,
7456,7456.T,"MATSUDA SANGYO Co.,Ltd.",Wholesale Trade,Prime Market (Domestic),False,True,True,True,
4391,4391.T,"Logizard Co.,Ltd.",Information & Communication,Growth Market(Domestic),False,True,True,True,
4974,4974.T,TAKARA BIO INC.,Chemicals,Prime Market (Domestic),False,True,True,True,
7068,7068.T,Feedforce Group Inc.,Services,Growth Market(Domestic),False,True,True,True,
9554,9554.T,"AViC Co.,Ltd.",Services,Growth Market(Domestic),False,True,True,True,
8802,8802.T,"Mitsubishi Estate Company,Limited",Real Estate,Prime Market (Domestic),False,True,True,True,
3878,3878.T,TOMOEGAWA CORPORATION,Chemicals,Standard Market(Domestic),False,True,True,True,
5726,5726.T,"OSAKA Titanium technologies Co.,Ltd.",Nonferrous Metals,Prime Market (Domestic),False,True,True,True,
9068,9068.T,"Maruzen Showa Unyu Co.,Ltd.",Land Transportation,Prime Market (Domestic),False,True,True,True,
8306,8306.T,"Mitsubishi UFJ Financial Group,Inc.",Banks,Prime Market (Domestic),True,True,True,False,financial_sector_excluded
3661,3661.T,"m-up holdings,Inc.",Information & Communication,Prime Market (Domestic),False,True,True,True,
1375,1375.T,"YUKIGUNI FACTORY CO.,LTD.","Fishery, Agriculture and Forestry",Prime Market (Domestic),False,True,False,False,missing_operating_cf
1803,1803.T,SHIMIZU CORPORATION,Construction,Prime Market (Domestic),False,True,True,True,
2916,2916.T,"Semba Tohka Industries Co.,Ltd",Foods,Standard Market(Domestic),False,True,True,True,
3001,3001.T,"Katakura Industries Co.,Ltd.",Textiles and Apparels,Standard Market(Domestic),False,True,True,True,
4679,4679.T,"TAYA Co.,Ltd.",Services,Standard Market(Domestic),False,True,True,True,
6555,6555.T,"MS&Consulting Co.,Ltd.",Services,Standard Market(Domestic),False,True,False,False,missing_operating_cf
8130,8130.T,Sangetsu Corporation,Wholesale Trade,Prime Market (Domestic),False,True,True,True,
2676,2676.T,"TAKACHIHO KOHEKI CO.,LTD.",Wholesale Trade,Prime Market (Domestic),False,True,True,True,
3622,3622.T,Netyear Group Corporation,Information & Communication,Standard Market(Domestic),False,True,True,True,
7419,7419.T,"Nojima Co.,Ltd.",Retail Trade,Prime Market (Domestic),False,True,True,True,
5532,5532.T,REALGATE INC.,Real Estate,Growth Market(Domestic),False,True,True,True,
9929,9929.T,"HEIWA PAPER CO.,LTD.",Wholesale Trade,Standard Market(Domestic),False,True,True,True,
1897,1897.T,"The Kaneshita Construction Co.,Ltd.",Construction,Standard Market(Domestic),False,True,True,True,
1946,1946.T,TOENEC CORPORATION,Construction,Prime Market (Domestic),False,True,True,True,
5367,5367.T,NIKKATO CORPORATION,Glass and Ceramics Products,Standard Market(Domestic),False,True,True,True,
9882,9882.T,YELLOW HAT LTD.,Wholesale Trade,Prime Market (Domestic),False,True,True,True,
1726,1726.T,Br.Holdings Corporation,Construction,Prime Market (Domestic),False,True,True,True,
5033,5033.T,Nulab Inc.,Information & Communication,Growth Market(Domestic),False,True,True,True,
8914,8914.T,"Arealink Co.,Ltd.",Real Estate,Standard Market(Domestic),False,True,True,True,
1663,1663.T,K&O Energy Group Inc.,Mining,Prime Market (Domestic),False,True,True,True,
6753,6753.T,Sharp Corporation,Electric Appliances,Prime Market (Domestic),False,True,True,True,
8132,8132.T,"SINANEN HOLDINGS CO.,LTD.",Wholesale Trade,Prime Market (Domestic),False,True,True,True,
3198,3198.T,"SFP Holdings Co.,Ltd.",Retail Trade,Prime Market (Domestic),False,True,True,True,
7277,7277.T,"TBK Co.,Ltd.",Transportation Equipment,Standard Market(Domestic),False,True,True,True,
8917,8917.T,"First Juken Co.,Ltd.",Real Estate,Standard Market(Domestic),False,True,True,True,
3439,3439.T,Mitsuchi Corporation,Metal Products,Standard Market(Domestic),False,True,True,True,
4404,4404.T,"Miyoshi Oil & Fat Co.,Ltd.",Foods,Standard Market(Domestic),False,True,True,True,
3565,3565.T,Ascentech K.K.,Wholesale Trade,Standard Market(Domestic),False,True,True,True,
9956,9956.T,"VALOR HOLDINGS CO.,LTD.",Retail Trade,Prime Market (Domestic),False,True,True,True,
5484,5484.T,"Tohoku Steel Co.,Ltd.",Iron and Steel,Standard Market(Domestic),False,True,True,True,
3981,3981.T,Beaglee Inc.,Information & Communication,Standard Market(Domestic),False,True,True,True,
5451,5451.T,"YODOKO,Ltd.",Iron and Steel,Prime Market (Domestic),False,True,True,True,
2122,2122.T,"Interspace Co.,Ltd.",Services,Standard Market(Domestic),False,True,True,True,
4771,4771.T,"F&M CO.,LTD.",Services,Standard Market(Domestic),False,True,True,True,
2819,2819.T,"EBARA Foods Industry,Inc.",Foods,Standard Market(Domestic),False,True,True,True,
5867,5867.T,"ES NETWORKS CO.,LTD.",Services,Growth Market(Domestic),False,True,True,True,
9339,9339.T,"COACH A Co.,Ltd.",Services,Standard Market(Domestic),False,True,True,True,
7630,7630.T,"ICHIBANYA CO.,LTD.",Retail Trade,Prime Market (Domestic),False,True,True,True,
8613,8613.T,"Marusan Securities Co.,Ltd.",Securities and Commodities Futures,Prime Market (Domestic),True,True,False,False,financial_sector_excluded;missing_revenue
7857,7857.T,"SEKI CO.,LTD.",Other Products,Standard Market(Domestic),False,True,True,True,
5994,5994.T,"FINE SINTER CO.,LTD.",Metal Products,Standard Market(Domestic),False,True,True,True,
5949,5949.T,UNIPRES CORPORATION,Transportation Equipment,Prime Market (Domestic),False,True,True,True,
3392,3392.T,"DELICA FOODS HOLDINGS CO.,LTD.",Wholesale Trade,Standard Market(Domestic),False,True,True,True,
4493,4493.T,"Cyber Security Cloud,Inc.",Information & Communication,Growth Market(Domestic),False,True,True,True,
7482,7482.T,"SHIMOJIMA Co.,Ltd.",Wholesale Trade,Prime Market (Domestic),False,True,True,True,
7986,7986.T,"NIHON ISK Company,Limited",Other Products,Standard Market(Domestic),False,True,True,True,
2353,2353.T,"NIPPON PARKING DEVELOPMENT Co.,Ltd.",Real Estate,Prime Market (Domestic),False,True,True,True,
8904,8904.T,"AVANTIA CO.,LTD.",Real Estate,Standard Market(Domestic),False,True,True,True,
7953,7953.T,"KIKUSUI CHEMICAL INDUSTRIES CO.,LTD.",Other Products,Standard Market(Domestic),False,True,True,True,
5905,5905.T,NIHON SEIKAN K.K.,Metal Products,Standard Market(Domestic),False,True,True,True,
3484,3484.T,"Innovation Holdings CO.,LTD.",Real Estate,Standard Market(Domestic),False,True,True,True,
9029,9029.T,"HIGASHI HOLDINGS CO.,LTD.",Land Transportation,Standard Market(Domestic),False,True,True,True,
3551,3551.T,DYNIC CORPORATION,Textiles and Apparels,Standard Market(Domestic),False,True,True,True,
7354,7354.T,Direct Marketing MiX Inc.,Services,Standard Market(Domestic),False,True,False,False,missing_operating_cf
8364,8364.T,"THE SHIMIZU BANK,LTD.",Banks,Prime Market (Domestic),True,True,False,False,financial_sector_excluded;missing_revenue;missing_operating_income
7914,7914.T,"Kyodo Printing Co.,Ltd.",Other Products,Prime Market (Domestic),False,True,True,True,
1380,1380.T,"AKIKAWA FOODS & FARMS CO.,LTD.","Fishery, Agriculture and Forestry",Standard Market(Domestic),False,True,True,True,
5284,5284.T,"YAMAU HOLDINGS CO.,LTD.",Glass and Ceramics Products,Standard Market(Domestic),False,True,True,True,
8344,8344.T,"The Yamagata Bank,Ltd.",Banks,Prime Market (Domestic),True,True,False,False,financial_sector_excluded;missing_revenue;missing_operating_income
9332,9332.T,"NISSO HOLDINGS Co.,Ltd.",Services,Prime Market (Domestic),False,True,True,True,
4848,4848.T,"FULLCAST HOLDINGS CO.,LTD.",Services,Prime Market (Domestic),False,True,True,True,
2769,2769.T,"Village Vanguard CO.,LTD.",Retail Trade,Standard Market(Domestic),False,True,True,True,
5599,5599.T,S&J Corporation,Information & Communication,Growth Market(Domestic),False,True,True,True,
3930,3930.T,"Hatena Co.,Ltd.",Information & Communication,Growth Market(Domestic),False,True,True,True,
2003,2003.T,"NITTO FUJI FLOUR MILLING CO.,LTD.",Foods,Standard Market(Domestic),False,True,True,True,
4384,4384.T,RAKSUL INC.,Information & Communication,Prime Market (Domestic),False,True,True,True,
9991,9991.T,GECOSS CORPORATION,Wholesale Trade,Prime Market (Domestic),False,True,True,True,
2475,2475.T,"WDB HOLDINGS CO.,LTD.",Services,Prime Market (Domestic),False,True,True,True,
4432,4432.T,WingArc1st Inc.,Information & Communication,Prime Market (Domestic),False,True,False,False,missing_operating_cf
4840,4840.T,TriIs Incorporated,Services,Standard Market(Domestic),False,True,True,True,
4347,4347.T,Broadmedia Corporation,Services,Standard Market(Domestic),False,True,True,True,
9119,9119.T,"IINO KAIUN KAISHA,LTD.",Marine Transportation,Prime Market (Domestic),False,True,True,True,
7539,7539.T,"AINAVO HOLDINGS Co.,Ltd.",Wholesale Trade,Standard Market(Domestic),False,True,True,True,
1942,1942.T,"KANDENKO CO.,LTD.",Construction,Prime Market (Domestic),False,True,True,True,
9059,9059.T,"Kanda Holdings Co.,Ltd.",Land Transportation,Standard Market(Domestic),False,True,True,True,
6444,6444.T,SANDEN CORPORATION,Machinery,Standard Market(Domestic),False,True,True,True,
7673,7673.T,"DAIKO TSUSAN CO.,LTD.",Wholesale Trade,Standard Market(Domestic),False,True,True,True,
3665,3665.T,Enigmo Inc.,Information & Communication,Prime Market (Domestic),False,True,True,True,
7110,7110.T,Kurashicom Inc.,Retail Trade,Growth Market(Domestic),False,True,True,True,
7438,7438.T,KONDOTEC INC.,Wholesale Trade,Prime Market (Domestic),False,True,True,True,
9960,9960.T,TOTECH CORPORATION,Wholesale Trade,Prime Market (Domestic),False,True,True,True,
8125,8125.T,"Wakita & Co.,LTD.",Wholesale Trade,Prime Market (Domestic),False,True,True,True,
7458,7458.T,"DAIICHIKOSHO CO.,LTD.",Wholesale Trade,Prime Market (Domestic),False,True,True,True,
4428,4428.T,sinops Inc.,Information & Communication,Growth Market(Domestic),False,True,True,True,
2206,2206.T,"Ezaki Glico Co.,Ltd.",Foods,Prime Market (Domestic),False,True,True,True,
3946,3946.T,"TOMOKU CO.,LTD.",Pulp and Paper,Prime Market (Domestic),False,True,True,True,
9012,9012.T,"Chichibu Railway Co.,Ltd.",Land Transportation,Standard Market(Domestic),False,True,True,True,
1333,1333.T,Umios Corporation,"Fishery, Agriculture and Forestry",Prime Market (Domestic),False,True,True,True,
7634,7634.T,"HOSHIIRYO-SANKI CO.,LTD.",Wholesale Trade,Standard Market(Domestic),False,True,True,True,
4360,4360.T,"MANAC Chemical Partners Co.,Ltd",Chemicals,Standard Market(Domestic),False,True,True,True,
3159,3159.T,"Maruzen CHI Holdings Co.,Ltd.",Retail Trade,Standard Market(Domestic),False,True,True,True,
9006,9006.T,Keikyu Corporation,Land Transportation,Prime Market (Domestic),False,True,True,True,
7643,7643.T,"DAIICHI CO.,LTD.",Retail Trade,Standard Market(Domestic),False,True,True,True,
8381,8381.T,"The San-in Godo Bank,Ltd.",Banks,Prime Market (Domestic),True,True,False,False,financial_sector_excluded;missing_revenue;missing_operating_income
7487,7487.T,OZU CORPORATION,Wholesale Trade,Standard Market(Domestic),False,True,True,True,
3992,3992.T,Needs Well Inc.,Information & Communication,Prime Market (Domestic),False,True,True,True,
8163,8163.T,"SRS HOLDINGS CO.,LTD.",Retail Trade,Prime Market (Domestic),False,True,True,True,
4343,4343.T,"AEON Fantasy Co.,LTD.",Services,Prime Market (Domestic),False,True,True,True,
2602,2602.T,"The Nisshin OilliO Group,Ltd.",Foods,Prime Market (Domestic),False,True,True,True,
8098,8098.T,"Inabata & Co.,Ltd.",Wholesale Trade,Prime Market (Domestic),False,True,True,True,
7231,7231.T,"TOPY INDUSTRIES,LIMITED",Transportation Equipment,Prime Market (Domestic),False,True,True,True,
3386,3386.T,"COSMO BIO COMPANY,LIMITED",Wholesale Trade,Standard Market(Domestic),False,True,True,True,
9368,9368.T,"KIMURA UNITY CO.,LTD.",Warehousing and Harbor Transportation Service,Standard Market(Domestic),False,True,True,True,
3765,3765.T,"GungHo Online Entertainment,Inc.",Information & Communication,Prime Market (Domestic),False,True,True,True,
7685,7685.T,"BuySell Technologies Co.,Ltd.",Wholesale Trade,Growth Market(Domestic),False,True,True,True,
2683,2683.T,"UOKI CO.,LTD.",Retail Trade,Standard Market(Domestic),False,True,True,True,
2175,2175.T,"SMS CO.,LTD.",Services,Prime Market (Domestic),False,True,True,True,
7928,7928.T,"ASAHI KAGAKU KOGYO CO.,LTD.",Chemicals,Standard Market(Domestic),False,True,True,True,
8005,8005.T,Scroll Corporation,Retail Trade,Prime Market (Domestic),False,True,True,True,
7846,7846.T,PILOT CORPORATION,Other Products,Prime Market (Domestic),False,True,True,True,
5137,5137.T,SmartDrive inc.,Information & Communication,Growth Market(Domestic),False,True,True,True,
9076,9076.T,"SEINO HOLDINGS CO.,LTD.",Land Transportation,Prime Market (Domestic),False,True,True,True,
9341,9341.T,"GENOVA,Inc.",Services,Prime Market (Domestic),False,True,True,True,
3547,3547.T,UNISIA HOLDINGS CO.,Retail Trade,Standard Market(Domestic),False,True,True,True,
4763,4763.T,"CREEK & RIVER Co.,Ltd.",Services,Prime Market (Domestic),False,True,True,True,
3202,3202.T,"Daitobo Co.,Ltd.",Textiles and Apparels,Standard Market(Domestic),False,True,True,True,
8030,8030.T,"Chuo Gyorui Co.,Ltd.",Wholesale Trade,Standard Market(Domestic),False,True,True,True,
3950,3950.T,THE PACK CORPORATION,Pulp and Paper,Prime Market (Domestic),False,True,True,True,
1929,1929.T,"NITTOC CONSTRUCTION CO.,LTD.",Construction,Prime Market (Domestic),False,True,True,True,
3776,3776.T,"BroadBand Tower,Inc.",Information & Communication,Standard Market(Domestic),False,True,True,True,
4392,4392.T,"Future Innovation Group,Inc.",Information & Communication,Prime Market (Domestic),False,True,True,True,
1930,1930.T,"HOKURIKU ELECTRICAL CONSTRUCTION CO.,LTD.",Construction,Prime Market (Domestic),False,True,True,True,
1833,1833.T,OKUMURA CORPORATION,Construction,Prime Market (Domestic),False,True,True,True,
9065,9065.T,SANKYU INC.,Land Transportation,Prime Market (Domestic),False,True,True,True,
2792,2792.T,"HONEYS HOLDINGS CO.,LTD.",Retail Trade,Prime Market (Domestic),False,True,True,True,
1762,1762.T,"TAKAMATSU CONSTRUCTION GROUP CO.,LTD.",Construction,Prime Market (Domestic),False,True,True,True,
1893,1893.T,"PENTA-OCEAN CONSTRUCTION CO.,LTD.",Construction,Prime Market (Domestic),False,True,True,True,
8253,8253.T,"Credit Saison Co.,Ltd.",Other Financing Business,Prime Market (Domestic),True,True,False,False,financial_sector_excluded;missing_revenue;missing_operating_cf
4673,4673.T,"Kawasaki Geological Engineering Co.,Ltd.",Services,Standard Market(Domestic),False,True,True,True,
1963,1963.T,JGC HOLDINGS CORPORATION,Construction,Prime Market (Domestic),False,True,True,True,
8551,8551.T,"The Kita-Nippon Bank,Ltd.",Banks,Prime Market (Domestic),True,True,False,False,financial_sector_excluded;missing_revenue;missing_operating_income
4228,4228.T,"Sekisui Kasei Co.,Ltd.",Chemicals,Prime Market (Domestic),False,True,True,True,
3317,3317.T,"FLYING GARDEN CO.,LTD.",Retail Trade,Standard Market(Domestic),False,True,True,True,
2294,2294.T,"Kakiyasu Honten Co.,Ltd.",Foods,Prime Market (Domestic),False,True,True,True,
8084,8084.T,RYODEN CORPORATION,Wholesale Trade,Prime Market (Domestic),False,True,True,True,
8085,8085.T,"NARASAKI SANGYO CO.,LTD.",Wholesale Trade,Standard Market(Domestic),False,True,True,True,
8218,8218.T,"KOMERI CO.,LTD.",Retail Trade,Prime Market (Domestic),False,True,True,True,
1787,1787.T,"Nakabohtec Corrosion Protecting Co.,Ltd.",Construction,Standard Market(Domestic),False,True,True,True,
1852,1852.T,ASANUMA CORPORATION,Construction,Prime Market (Domestic),False,True,True,True,
4055,4055.T,T&S Group Inc.,Information & Communication,Growth Market(Domestic),False,True,True,True,
7872,7872.T,"ESTELLE HOLDINGS CO.,LTD.",Other Products,Standard Market(Domestic),False,True,True,True,
2924,2924.T,"Ifuji Sangyo Co.,Ltd.",Foods,Standard Market(Domestic),False,True,True,True,
2053,2053.T,"CHUBU SHIRYO CO.,LTD.",Foods,Prime Market (Domestic),False,True,True,True,
3020,3020.T,"Applied Co.,Ltd.",Retail Trade,Standard Market(Domestic),False,True,True,True,
9509,9509.T,"Hokkaido Electric Power Company,Incorporated",Electric Power and Gas,Prime Market (Domestic),False,True,True,True,
3391,3391.T,TSURUHA HOLDINGS INC.,Retail Trade,Prime Market (Domestic),False,True,True,True,
6645,6645.T,OMRON Corporation,Electric Appliances,Prime Market (Domestic),False,True,False,False,missing_operating_cf
8066,8066.T,MITANI CORPORATION,Wholesale Trade,Standard Market(Domestic),False,True,True,True,
9110,9110.T,"NS United Kaiun Kaisha,Ltd.",Marine Transportation,Prime Market (Domestic),False,True,True,True,
4449,4449.T,giftee Inc.,Information & Communication,Prime Market (Domestic),False,True,True,True,
9360,9360.T,SUZUYO SHINWART CORPORATION,Information & Communication,Standard Market(Domestic),False,True,True,True,
9069,9069.T,"SENKO Group Holdings Co.,Ltd.",Land Transportation,Prime Market (Domestic),False,True,True,True,
3399,3399.T,Maruchiyo Yamaokaya Corporation,Retail Trade,Standard Market(Domestic),False,True,True,True,
3302,3302.T,"TEIKOKU SEN-I Co.,Ltd.",Textiles and Apparels,Prime Market (Domestic),False,True,True,True,
3148,3148.T,"CREATE SD HOLDINGS CO.,LTD.",Retail Trade,Prime Market (Domestic),False,True,True,True,
9424,9424.T,Japan Communications Inc.,Information & Communication,Prime Market (Domestic),False,True,True,True,
1418,1418.T,"INTERLIFE HOLDINGS CO.,LTD.",Construction,Standard Market(Domestic),False,True,True,True,
7084,7084.T,Smile Holdings Inc.,Services,Growth Market(Domestic),False,True,True,True,
3668,3668.T,"COLOPL,Inc.",Information & Communication,Prime Market (Domestic),False,True,True,True,
9418,9418.T,"U-NEXT HOLDINGS Co.,Ltd.",Information & Communication,Prime Market (Domestic),False,True,True,True,
9913,9913.T,NIPPO LTD.,Wholesale Trade,Standard Market(Domestic),False,True,True,True,
6092,6092.T,"EnBio Holdings,Inc",Services,Standard Market(Domestic),False,True,True,True,
3106,3106.T,KURABO INDUSTRIES LTD.,Textiles and Apparels,Prime Market (Domestic),False,True,True,True,
1904,1904.T,"TAISEI ONCHO CO.,LTD.",Construction,Standard Market(Domestic),False,True,True,True,
9763,9763.T,"Maruken Lease Co.,Ltd.",Wholesale Trade,Standard Market(Domestic),False,True,True,True,
9218,9218.T,"Mental Health Technologies Co.,Ltd.",Services,Growth Market(Domestic),False,True,True,True,
7361,7361.T,"Human Creation Holdings,Inc.",Services,Growth Market(Domestic),False,True,True,True,
1786,1786.T,Oriental Shiraishi Corporation,Construction,Prime Market (Domestic),False,True,True,True,
1812,1812.T,KAJIMA CORPORATION,Construction,Prime Market (Domestic),False,True,True,True,
9081,9081.T,"Kanagawa Chuo Kotsu Co.,Ltd.",Land Transportation,Prime Market (Domestic),False,True,True,True,
2815,2815.T,"ARIAKE JAPAN Co.,Ltd.",Foods,Prime Market (Domestic),False,True,True,True,
8227,8227.T,"SHIMAMURA Co.,Ltd.",Retail Trade,Prime Market (Domestic),False,True,True,True,
7932,7932.T,"Nippi,Incorporated",Other Products,Standard Market(Domestic),False,True,True,True,
4193,4193.T,"Fabrica Holdings Co.,Ltd.",Information & Communication,Standard Market(Domestic),False,True,True,True,
8289,8289.T,Olympic Group Corporation,Retail Trade,Standard Market(Domestic),False,True,True,True,
3979,3979.T,"ULURU.CO.,LTD.",Information & Communication,Growth Market(Domestic),False,True,True,True,
4549,4549.T,"EIKEN CHEMICAL CO.,LTD.",Pharmaceutical,Prime Market (Domestic),False,True,True,True,
8860,8860.T,FUJI CORPORATION LIMITED,Real Estate,Prime Market (Domestic),False,True,True,True,
7464,7464.T,"SAFTEC CO.,LTD.",Wholesale Trade,Standard Market(Domestic),False,True,True,True,
3626,3626.T,TIS Inc.,Information & Communication,Prime Market (Domestic),False,True,True,True,
3248,3248.T,"EARLY AGE CO.,Ltd.",Real Estate,Standard Market(Domestic),False,True,True,True,
3116,3116.T,TOYOTA BOSHOKU CORPORATION,Transportation Equipment,Prime Market (Domestic),False,True,False,False,missing_operating_cf
3446,3446.T,JTEC CORPORATION,Metal Products,Standard Market(Domestic),False,True,True,True,
2445,2445.T,"Takamiya Co.,Ltd.",Services,Standard Market(Domestic),False,True,True,True,
7381,7381.T,"CCI Group,Inc.",Banks,Prime Market (Domestic),True,True,True,False,financial_sector_excluded
3271,3271.T,The Global Ltd.,Real Estate,Standard Market(Domestic),False,True,True,True,
7425,7425.T,"HATSUHO SHOUJI CO.,LTD.",Wholesale Trade,Standard Market(Domestic),False,True,True,True,
4657,4657.T,"ENVIRONMENTAL CONTROL CENTER CO.,LTD.",Services,Standard Market(Domestic),False,True,True,True,
7447,7447.T,"NAGAILEBEN Co.,Ltd.",Wholesale Trade,Prime Market (Domestic),False,True,True,True,
5969,5969.T,"LOBTEX Co.,Ltd.",Metal Products,Standard Market(Domestic),False,True,True,True,
3355,3355.T,KURIYAMA HOLDINGS CORPORATION,Wholesale Trade,Standard Market(Domestic),False,True,True,True,
9051,9051.T,"SENKON LOGISTICS CO.,LTD",Land Transportation,Standard Market(Domestic),False,True,True,True,
1885,1885.T,TOA CORPORATION,Construction,Prime Market (Domestic),False,True,True,True,
5537,5537.T,"AlbaLink Co.,Ltd.",Real Estate,Growth Market(Domestic),False,True,True,True,
3050,3050.T,"DCM Holdings Co.,Ltd.",Retail Trade,Prime Market (Domestic),False,True,True,True,
7819,7819.T,SHOBIDO Corporation,Other Products,Standard Market(Domestic),False,True,True,True,
5571,5571.T,"Excite Holdings Co.,Ltd.",Information & Communication,Standard Market(Domestic),False,True,True,True,
8018,8018.T,"SANKYO SEIKO CO.,LTD.",Wholesale Trade,Standard Market(Domestic),False,True,True,True,
9063,9063.T,"Okayamaken Freight Transportation CO.,LTD.",Land Transportation,Standard Market(Domestic),False,True,True,True,
8928,8928.T,ANABUKI KOSAN INC.,Real Estate,Standard Market(Domestic),False,True,True,True,
7486,7486.T,"SANRIN CO.,LTD.",Wholesale Trade,Standard Market(Domestic),False,True,True,True,
7170,7170.T,"CHUOU INTERNATIONAL GROUP CO.,LTD.",Insurance,PRO Market,True,True,False,False,financial_sector_excluded;missing_total_assets;missing_equity;missing_roe;missing_revenue;missing_operating_income;missing_operating_cf
1793,1793.T,"OHMOTO GUMI CO.,LTD.",Construction,Standard Market(Domestic),False,True,True,True,
8524,8524.T,"North Pacific Bank,Ltd.",Banks,Prime Market (Domestic),True,True,False,False,financial_sector_excluded;missing_revenue;missing_operating_income
3023,3023.T,Rasa Corporation,Wholesale Trade,Standard Market(Domestic),False,True,True,True,
3333,3333.T,"ASAHI CO.,LTD.",Retail Trade,Prime Market (Domestic),False,True,True,True,
1861,1861.T,"Kumagai Gumi Co.,Ltd.",Construction,Prime Market (Domestic),False,True,True,True,
3538,3538.T,WILLPLUS Holdings Corporation,Retail Trade,Standard Market(Domestic),False,True,True,True,
9890,9890.T,"MAKIYA CO.,LTD.",Retail Trade,Standard Market(Domestic),False,True,True,True,
3544,3544.T,"SATUDORA HOLDINGS CO.,LTD.",Retail Trade,Standard Market(Domestic),False,True,True,True,
9861,9861.T,"YOSHINOYA HOLDINGS CO.,LTD.",Retail Trade,Prime Market (Domestic),False,True,True,True,
7039,7039.T,BRIDGE International Group Corp.,Services,Growth Market(Domestic),False,True,True,True,
2664,2664.T,CAWACHI LIMITED,Retail Trade,Prime Market (Domestic),False,True,True,True,
5868,5868.T,Rococo Co.Ltd.,Services,Standard Market(Domestic),False,True,True,True,
4113,4113.T,"TAOKA CHEMICAL COMPANY,LIMITED",Chemicals,Standard Market(Domestic),False,True,True,True,
2915,2915.T,"KENKO Mayonnaise Co.,Ltd.",Foods,Prime Market (Domestic),False,True,True,True,
5282,5282.T,GEOSTR Corporation,Glass and Ceramics Products,Standard Market(Domestic),False,True,True,True,
9048,9048.T,"Nagoya Railroad Co., Ltd.",Land Transportation,Prime Market (Domestic),False,True,True,True,
3480,3480.T,"J.S.B.Co.,Ltd.",Real Estate,Prime Market (Domestic),False,True,True,True,
8439,8439.T,Tokyo Century Corporation,Other Financing Business,Prime Market (Domestic),True,True,True,False,financial_sector_excluded
2871,2871.T,NICHIREI CORPORATION,Foods,Prime Market (Domestic),False,True,True,True,
8174,8174.T,"NIPPON GAS CO.,LTD.",Retail Trade,Prime Market (Domestic),False,True,True,True,
8366,8366.T,"THE SHIGA BANK,LTD.",Banks,Prime Market (Domestic),True,True,False,False,financial_sector_excluded;missing_revenue;missing_operating_income
6379,6379.T,RAIZNEXT Corporation,Construction,Prime Market (Domestic),False,True,False,False,missing_revenue
1934,1934.T,YURTEC CORPORATION,Construction,Prime Market (Domestic),False,True,True,True,
1992,1992.T,"KANDA TSUSHINKI CO.,LTD.",Construction,Standard Market(Domestic),False,True,True,True,
9908,9908.T,"NIHON DENKEI CO.,LTD",Wholesale Trade,Standard Market(Domestic),False,True,True,True,
7191,7191.T,Entrust Inc.,Other Financing Business,Standard Market(Domestic),True,True,True,False,financial_sector_excluded
5952,5952.T,Amatei Incorporated,Metal Products,Standard Market(Domestic),False,True,True,True,
3065,3065.T,"Life Foods Co.,Ltd.",Retail Trade,Standard Market(Domestic),False,True,True,True,
9193,9193.T,"Tokyo Kisen Co.,Ltd.",Warehousing and Harbor Transportation Service,Standard Market(Domestic),False,True,True,True,
7826,7826.T,"FURUYA METAL CO.,LTD.",Other Products,Prime Market (Domestic),False,True,True,True,
7097,7097.T,"SAKURASAKU PLUS,Co.,Ltd.",Services,Growth Market(Domestic),False,True,True,True,
6898,6898.T,"TOMITA ELECTRIC CO.,LTD.",Electric Appliances,Standard Market(Domestic),False,True,True,True,
9854,9854.T,"AIGAN CO.,LTD.",Retail Trade,Standard Market(Domestic),False,True,True,True,
8141,8141.T,"Shinko Shoji Co.,Ltd.",Wholesale Trade,Prime Market (Domestic),False,True,True,True,
3204,3204.T,Toabo Corporation,Textiles and Apparels,Standard Market(Domestic),False,True,True,True,
3143,3143.T,O'will Corporation,Wholesale Trade,Standard Market(Domestic),False,True,True,True,
9887,9887.T,"MATSUYA FOODS HOLDINGS CO.,LTD.",Retail Trade,Prime Market (Domestic),False,True,True,True,
6184,6184.T,"Kamakura Shinsho,Ltd.",Services,Prime Market (Domestic),False,True,True,True,
8511,8511.T,"Japan Securities Finance Co.,Ltd.",Other Financing Business,Prime Market (Domestic),True,True,True,False,financial_sector_excluded
3048,3048.T,BIC CAMERA INC.,Retail Trade,Prime Market (Domestic),False,True,True,True,
7955,7955.T,Cleanup Corporation,Other Products,Prime Market (Domestic),False,True,True,True,
2882,2882.T,"EAT&HOLDINGS Co.,Ltd",Foods,Prime Market (Domestic),False,True,True,True,
9895,9895.T,CONSEC CORPORATION,Wholesale Trade,Standard Market(Domestic),False,True,True,True,
7774,7774.T,"Japan Tissue Engineering Co.,Ltd.",Precision Instruments,Growth Market(Domestic),False,True,True,True,
9307,9307.T,"Sugimura Warehouse Co.,Ltd.",Warehousing and Harbor Transportation Service,Standard Market(Domestic),False,True,True,True,
9996,9996.T,"Satoh&Co.,Ltd.",Wholesale Trade,Standard Market(Domestic),False,True,True,True,
7813,7813.T,"PLATZ Co.,Ltd.",Other Products,Standard Market(Domestic),False,True,True,True,
7565,7565.T,MANSEI CORPORATION,Wholesale Trade,Standard Market(Domestic),False,True,True,True,
8015,8015.T,TOYOTA TSUSHO CORPORATION,Wholesale Trade,Prime Market (Domestic),False,True,False,False,missing_operating_cf
7555,7555.T,"Ota Floriculture Auction Co.,Ltd.",Wholesale Trade,Standard Market(Domestic),False,True,True,True,
1766,1766.T,TOKEN CORPORATION,Construction,Prime Market (Domestic),False,True,True,True,
9731,9731.T,"Hakuyosha Company,Ltd.",Services,Standard Market(Domestic),False,True,True,True,
5621,5621.T,"Human Technologies,Inc.",Information & Communication,Growth Market(Domestic),False,True,True,True,
5852,5852.T,AHRESTY CORPORATION,Nonferrous Metals,Prime Market (Domestic),False,True,True,True,
9904,9904.T,"Verite Co.,Ltd.",Retail Trade,Standard Market(Domestic),False,True,True,True,
1301,1301.T,"KYOKUYO CO.,LTD.","Fishery, Agriculture and Forestry",Prime Market (Domestic),False,True,True,True,
5288,5288.T,ASIA PILE HOLDINGS CORPORATION,Glass and Ceramics Products,Prime Market (Domestic),False,True,True,True,
5138,5138.T,"Rebase,Inc.",Information & Communication,Growth Market(Domestic),False,True,True,True,
3068,3068.T,WDI Corporation,Retail Trade,Standard Market(Domestic),False,True,True,True,
6347,6347.T,"PLACO CO.,LTD.",Machinery,Standard Market(Domestic),False,True,True,True,
4553,4553.T,"TOWA PHARMACEUTICAL CO.,LTD.",Pharmaceutical,Prime Market (Domestic),False,True,True,True,
3232,3232.T,"Mie Kotsu Group Holdings,Inc.",Real Estate,Prime Market (Domestic),False,True,True,True,
2789,2789.T,"Karula Co.,LTD.",Retail Trade,Standard Market(Domestic),False,True,True,True,
2296,2296.T,ITOHAM YONEKYU HOLDINGS INC.,Foods,Prime Market (Domestic),False,True,True,True,
8113,8113.T,UNICHARM CORPORATION,Chemicals,Prime Market (Domestic),False,True,False,False,missing_operating_cf
2877,2877.T,NittoBest Corporation,Foods,Standard Market(Domestic),False,True,True,True,
5279,5279.T,"NIHON KOGYO CO.,LTD.",Glass and Ceramics Products,Standard Market(Domestic),False,True,True,True,
3539,3539.T,"JM HOLDINGS CO.,LTD.",Retail Trade,Prime Market (Domestic),False,True,True,True,
4177,4177.T,"i-plug,Inc.",Information & Communication,Growth Market(Domestic),False,True,True,True,
7241,7241.T,"FUTABA INDUSTRIAL CO.,LTD.",Transportation Equipment,Prime Market (Domestic),False,True,True,True,
7510,7510.T,TAKEBISHI CORPORATION,Wholesale Trade,Prime Market (Domestic),False,True,True,True,
8424,8424.T,"Fuyo General Lease Co.,Ltd.",Other Financing Business,Prime Market (Domestic),True,True,True,False,financial_sector_excluded
8410,8410.T,"Seven Bank,Ltd.",Banks,Prime Market (Domestic),True,True,False,False,financial_sector_excluded;missing_revenue;missing_operating_income
6926,6926.T,"OKAYA ELECTRIC INDUSTRIES CO.,LTD.",Electric Appliances,Standard Market(Domestic),False,True,True,True,
6571,6571.T,"QB Net Holdings Co.,Ltd.",Services,Prime Market (Domestic),False,True,False,False,missing_operating_cf
8255,8255.T,Axial Retailing Inc.,Retail Trade,Prime Market (Domestic),False,True,True,True,
3917,3917.T,"iRidge,Inc.",Information & Communication,Growth Market(Domestic),False,True,True,True,
4498,4498.T,"Cybertrust Japan Co.,Ltd.",Information & Communication,Growth Market(Domestic),False,True,True,True,
9249,9249.T,"Japan Ecosystem Co.,Ltd.",Services,Standard Market(Domestic),False,True,True,True,
2479,2479.T,JTEC CORPORATION,Services,Standard Market(Domestic),False,True,True,True,
1820,1820.T,"Nishimatsu Construction Co.,Ltd.",Construction,Prime Market (Domestic),False,True,True,True,
9075,9075.T,"FUKUYAMA TRANSPORTING CO.,LTD.",Land Transportation,Prime Market (Domestic),False,True,True,True,
2692,2692.T,"ITOCHU-SHOKUHIN Co.,Ltd.",Wholesale Trade,Prime Market (Domestic),False,True,True,True,
3656,3656.T,KLab Inc.,Information & Communication,Prime Market (Domestic),False,True,True,True,
2269,2269.T,"Meiji Holdings Co.,Ltd.",Foods,Prime Market (Domestic),False,True,True,True,
1972,1972.T,"SANKO METAL INDUSTRIAL CO.,LTD.",Construction,Standard Market(Domestic),False,True,True,True,
6062,6062.T,CHARM CARE CORPORATION,Services,Prime Market (Domestic),False,True,True,True,
1810,1810.T,"MATSUI CONSTRUCTION CO.,LTD.",Construction,Standard Market(Domestic),False,True,True,True,
2734,2734.T,SALA CORPORATION,Retail Trade,Prime Market (Domestic),False,True,True,True,
7050,7050.T,FRONTIER INTERNATIONAL INC.,Services,Growth Market(Domestic),False,True,True,True,
2120,2120.T,"LIFULL Co.,Ltd.",Services,Prime Market (Domestic),False,True,False,False,missing_operating_cf
7856,7856.T,HAGIHARA INDUSTRIES INC.,Other Products,Prime Market (Domestic),False,True,True,True,
9259,9259.T,"TAKAYOSHI Holdings,INC.",Services,Growth Market(Domestic),False,True,True,True,
2164,2164.T,"CHIIKISHINBUNSHA CO.,LTD.",Services,Standard Market(Domestic),False,True,True,True,
7271,7271.T,YASUNAGA CORPORATION,Transportation Equipment,Standard Market(Domestic),False,True,True,True,
2282,2282.T,NH Foods Ltd.,Foods,Prime Market (Domestic),False,True,False,False,missing_operating_cf
4922,4922.T,KOSE Holdings Corporation,Chemicals,Prime Market (Domestic),False,True,True,True,
7628,7628.T,OHASHI TECHNICA INC.,Wholesale Trade,Prime Market (Domestic),False,True,True,True,
7434,7434.T,OTAKE CORPORATION,Wholesale Trade,Standard Market(Domestic),False,True,True,True,
8127,8127.T,YAMATO INTERNATIONAL INC.,Textiles and Apparels,Standard Market(Domestic),False,True,True,True,
7357,7357.T,"GEOCODE CO.,Ltd.",Services,Standard Market(Domestic),False,True,True,True,
9927,9927.T,"WATT MANN CO.,LTD.",Retail Trade,Standard Market(Domestic),False,True,True,True,
4714,4714.T,RISO KYOIKU GROUP CORPORATION,Services,Prime Market (Domestic),False,True,True,True,
8233,8233.T,"Takashimaya Company,Limited",Retail Trade,Prime Market (Domestic),False,True,True,True,
2904,2904.T,"ICHIMASA KAMABOKO CO.,LTD.",Foods,Standard Market(Domestic),False,True,True,True,
4431,4431.T,"Smaregi,Inc.",Information & Communication,Growth Market(Domestic),False,True,True,True,
2351,2351.T,ASJ INC.,Information & Communication,Standard Market(Domestic),False,True,False,False,missing_operating_cf
9060,9060.T,JAPAN LOGISTIC SYSTEMS CORP.,Land Transportation,Standard Market(Domestic),False,True,True,True,
3396,3396.T,FELISSIMO CORPORATION,Retail Trade,Standard Market(Domestic),False,True,True,True,
6199,6199.T,"SERAKU Co.,Ltd.",Information & Communication,Standard Market(Domestic),False,True,True,True,
2653,2653.T,"AEON KYUSHU CO.,LTD.",Retail Trade,Standard Market(Domestic),False,True,True,True,
5658,5658.T,"NICHIA STEEL WORKS,LTD.",Iron and Steel,Standard Market(Domestic),False,True,True,True,
8558,8558.T,"THE TOWA BANK,LTD.",Banks,Prime Market (Domestic),True,True,False,False,financial_sector_excluded;missing_revenue;missing_operating_income
2903,2903.T,"SHINOBU FOODS PRODUCTS CO.,LTD.",Foods,Standard Market(Domestic),False,True,True,True,
2914,2914.T,JAPAN TOBACCO INC.,Foods,Prime Market (Domestic),False,True,False,False,missing_operating_cf
2975,2975.T,"Star Mica Holdings Co.,Ltd.",Real Estate,Prime Market (Domestic),False,True,True,True,
8252,8252.T,"MARUI GROUP CO.,LTD.",Retail Trade,Prime Market (Domestic),False,True,True,True,
4125,4125.T,SANWAYUKA INDUSTRY CORPORATION,Chemicals,Standard Market(Domestic),False,True,True,True,
7619,7619.T,"TANAKA CO.,LTD.",Wholesale Trade,Standard Market(Domestic),False,True,True,True,
9346,9346.T,"Cocorport,Inc.",Services,Growth Market(Domestic),False,True,True,True,
7823,7823.T,ARTNATURE INC.,Other Products,Standard Market(Domestic),False,True,True,True,
9215,9215.T,"CaSy Co.,Ltd.",Services,Growth Market(Domestic),False,True,True,True,
2373,2373.T,CARE TWENTYONE CORPORATION,Services,Standard Market(Domestic),False,True,True,True,
8052,8052.T,"TSUBAKIMOTO KOGYO CO.,LTD.",Wholesale Trade,Prime Market (Domestic),False,True,True,True,
9045,9045.T,"Keihan Holdings Co.,Ltd.",Land Transportation,Prime Market (Domestic),False,True,True,True,
8037,8037.T,KAMEI CORPORATION,Wholesale Trade,Prime Market (Domestic),False,True,True,True,
7550,7550.T,"ZENSHO HOLDINGS CO.,LTD.",Retail Trade,Prime Market (Domestic),False,True,True,True,
7367,7367.T,"CELM,Inc.",Services,Standard Market(Domestic),False,True,True,True,
8566,8566.T,"RICOH LEASING COMPANY,LTD.",Other Financing Business,Prime Market (Domestic),True,True,True,False,financial_sector_excluded
6522,6522.T,Asterisk Inc.,Electric Appliances,Growth Market(Domestic),False,True,True,True,
2935,2935.T,"PICKLES HOLDINGS CO.,LTD.",Foods,Prime Market (Domestic),False,True,True,True,
7129,7129.T,Miahelsa Holdings Corporation,Retail Trade,Standard Market(Domestic),False,True,True,True,
5139,5139.T,OpenWork Inc.,Information & Communication,Growth Market(Domestic),False,True,True,True,
7893,7893.T,PRONEXUS INC.,Other Products,Prime Market (Domestic),False,True,False,False,missing_operating_cf
5351,5351.T,"SHINAGAWA REFRA CO.,LTD.",Glass and Ceramics Products,Prime Market (Domestic),False,True,True,True,
8074,8074.T,"YUASA CO.,LTD.",Wholesale Trade,Prime Market (Domestic),False,True,True,True,
9031,9031.T,"Nishi-Nippon Railroad Co.,Ltd.",Land Transportation,Prime Market (Domestic),False,True,True,True,
2982,2982.T,"A.D.Works Group Co.,Ltd.",Real Estate,Prime Market (Domestic),False,True,True,True,
5254,5254.T,Arent Inc.,Information & Communication,Growth Market(Domestic),False,True,True,True,
5034,5034.T,"unerry,Inc.",Information & Communication,Growth Market(Domestic),False,True,True,True,
4548,4548.T,SEIKAGAKU CORPORATION,Pharmaceutical,Prime Market (Domestic),False,True,True,True,
1898,1898.T,"SEIKITOKYU KOGYO CO.,LTD.",Construction,Prime Market (Domestic),False,True,True,True,
3931,3931.T,VALUE GOLF Inc.,Information & Communication,Growth Market(Domestic),False,True,True,True,
8093,8093.T,"Kyokuto Boeki Kaisha,Limited",Wholesale Trade,Prime Market (Domestic),False,True,True,True,
9831,9831.T,"YAMADA HOLDINGS CO.,LTD.",Retail Trade,Prime Market (Domestic),False,True,True,True,
3288,3288.T,"Open House Group Co.,Ltd.",Real Estate,Prime Market (Domestic),False,True,True,True,
9959,9959.T,"ASEED HOLDINGS CO.,LTD.",Retail Trade,Standard Market(Domestic),False,True,True,True,
4098,4098.T,"Titan Kogyo ,Ltd.",Chemicals,Standard Market(Domestic),False,True,True,True,
5244,5244.T,"jig.jp co.,ltd.",Information & Communication,Growth Market(Domestic),False,True,True,True,
9222,9222.T,"manaby Co.,Ltd.",Services,PRO Market,False,True,False,False,missing_total_assets;missing_equity;missing_roe;missing_revenue;missing_operating_income;missing_operating_cf
4784,4784.T,"GMO internet,Inc.",Services,Prime Market (Domestic),False,True,True,True,
2531,2531.T,TAKARA HOLDINGS INC.,Foods,Prime Market (Domestic),False,True,True,True,
5932,5932.T,"Sankyo Tateyama,Inc.",Metal Products,Prime Market (Domestic),False,True,True,True,
5471,5471.T,"Daido Steel Co.,Ltd.",Iron and Steel,Prime Market (Domestic),False,True,True,True,
7614,7614.T,"OM2Network Co.,Ltd.",Retail Trade,Standard Market(Domestic),False,True,True,True,
2384,2384.T,"SBS Holdings,Inc.",Land Transportation,Prime Market (Domestic),False,True,True,True,
6551,6551.T,TSUNAGU GROUP HOLDINGS Inc.,Services,Standard Market(Domestic),False,True,True,True,
2270,2270.T,"MEGMILK SNOW BRAND Co.,Ltd.",Foods,Prime Market (Domestic),False,True,True,True,
8039,8039.T,"TSUKIJI UOICHIBA COMPANY,LIMITED",Wholesale Trade,Standard Market(Domestic),False,True,True,True,
7176,7176.T,"Simplex Financial Holdings Co.,Ltd.",Securities and Commodities Futures,PRO Market,True,True,False,False,financial_sector_excluded;missing_total_assets;missing_equity;missing_roe;missing_revenue;missing_operating_income;missing_operating_cf
8203,8203.T,MrMax Holdings Ltd.,Retail Trade,Prime Market (Domestic),False,True,True,True,
5194,5194.T,"SAGAMI RUBBER INDUSTRIES CO.,LTD.",Rubber Products,Standard Market(Domestic),False,True,True,True,
3387,3387.T,create restaurants holdings inc.,Retail Trade,Prime Market (Domestic),False,True,False,False,missing_operating_cf
3524,3524.T,"NITTO SEIMO CO.,LTD.",Textiles and Apparels,Standard Market(Domestic),False,True,True,True,
4088,4088.T,AIR WATER INC.,Chemicals,Prime Market (Domestic),False,True,False,False,missing_operating_cf
5253,5253.T,COVER Corporation,Information & Communication,Growth Market(Domestic),False,True,True,True,
4256,4256.T,"CYND Co.,Ltd.",Information & Communication,Growth Market(Domestic),False,True,True,True,
3928,3928.T,Mynet Inc.,Information & Communication,Standard Market(Domestic),False,True,True,True,
8179,8179.T,"ROYAL HOLDINGS Co., Ltd.",Retail Trade,Prime Market (Domestic),False,True,True,True,
3190,3190.T,"HOTMAN Co.,Ltd.",Retail Trade,Standard Market(Domestic),False,True,True,True,
3183,3183.T,"WIN-Partners Co.,Ltd.",Wholesale Trade,Prime Market (Domestic),False,True,True,True,
9028,9028.T,"ZERO CO.,LTD.",Land Transportation,Standard Market(Domestic),False,True,False,False,missing_operating_cf
3679,3679.T,"ZIGExN Co.,Ltd.",Information & Communication,Prime Market (Domestic),False,True,False,False,missing_operating_cf
4198,4198.T,"TENDA Co.,LTD.",Information & Communication,Standard Market(Domestic),False,True,True,True,
3918,3918.T,"PCI Holdings,INC.",Information & Communication,Standard Market(Domestic),False,True,True,True,
8537,8537.T,"THE TAIKO BANK,LTD.",Banks,Standard Market(Domestic),True,True,False,False,financial_sector_excluded;missing_revenue;missing_operating_income
7677,7677.T,"Yashima & Co.,Ltd.",Wholesale Trade,Standard Market(Domestic),False,True,True,True,
4379,4379.T,Photosynth inc.,Information & Communication,Growth Market(Domestic),False,True,True,True,
9994,9994.T,YAMAYA CORPORATION,Retail Trade,Standard Market(Domestic),False,True,True,True,
4502,4502.T,Takeda Pharmaceutical Company Limited,Pharmaceutical,Prime Market (Domestic),False,True,False,False,missing_operating_cf
2747,2747.T,"Hokuyu Lucky Co.,Ltd.",Retail Trade,Standard Market(Domestic),False,True,True,True,
7481,7481.T,"OIE SANGYO CO.,LTD.",Wholesale Trade,Standard Market(Domestic),False,True,True,True,
3173,3173.T,"Cominix Co.,Ltd.",Wholesale Trade,Standard Market(Domestic),False,True,True,True,
1882,1882.T,TOA ROAD CORPORATION,Construction,Prime Market (Domestic),False,True,True,True,
3156,3156.T,Restar Corporation,Wholesale Trade,Prime Market (Domestic),False,True,True,True,
1770,1770.T,"FUJITA ENGINEERING CO.,LTD.",Construction,Standard Market(Domestic),False,True,True,True,
7291,7291.T,"NIHON PLAST CO.,LTD.",Transportation Equipment,Standard Market(Domestic),False,True,True,True,
9857,9857.T,EIWA CORPORATION,Wholesale Trade,Standard Market(Domestic),False,True,True,True,
7911,7911.T,TOPPAN Holdings Inc.,Other Products,Prime Market (Domestic),False,True,True,True,
8841,8841.T,"TOC Co.,Ltd.",Real Estate,Standard Market(Domestic),False,True,True,True,
9312,9312.T,"THE KEIHIN CO.,LTD.",Warehousing and Harbor Transportation Service,Standard Market(Domestic),False,True,True,True,
4496,4496.T,Commerce One Holdings Inc.,Information & Communication,Growth Market(Domestic),False,True,True,True,
3168,3168.T,MERF Inc.,Wholesale Trade,Standard Market(Domestic),False,True,True,True,
3477,3477.T,"FORLIFE Co.,Ltd.",Real Estate,Growth Market(Domestic),False,True,True,True,
9248,9248.T,"People, Dreams & Technologies Group Co.,Ltd.",Services,Standard Market(Domestic),False,True,True,True,
7442,7442.T,"NAKAYAMAFUKU CO.,LTD.",Wholesale Trade,Standard Market(Domestic),False,True,True,True,
4766,4766.T,"PA Co.,Ltd.",Services,Standard Market(Domestic),False,True,True,True,
2811,2811.T,"KAGOME CO.,LTD.",Foods,Prime Market (Domestic),False,True,False,False,missing_revenue;missing_operating_cf
7733,7733.T,OLYMPUS CORPORATION,Precision Instruments,Prime Market (Domestic),False,True,False,False,missing_operating_cf
9233,9233.T,"Asia Air Survey Co.,Ltd.",Air Transportation,Standard Market(Domestic),False,True,True,True,
3107,3107.T,"Daiwabo Holdings Co.,Ltd.",Wholesale Trade,Prime Market (Domestic),False,True,True,True,
2698,2698.T,"CAN DO CO.,LTD.",Retail Trade,Standard Market(Domestic),False,True,True,True,
2910,2910.T,"ROCK FIELD CO.,LTD.",Foods,Prime Market (Domestic),False,True,True,True,
7120,7120.T,SHINKO Inc.,Wholesale Trade,Standard Market(Domestic),False,True,True,True,
8152,8152.T,SOMAR CORPORATION,Wholesale Trade,Standard Market(Domestic),False,True,True,True,
5391,5391.T,A&A Material Corporation,Glass and Ceramics Products,Standard Market(Domestic),False,True,True,True,
6549,6549.T,"DM Solutions Co.,Ltd",Services,Standard Market(Domestic),False,True,True,True,
3652,3652.T,Digital Media Professionals Inc.,Information & Communication,Growth Market(Domestic),False,True,True,True,
9468,9468.T,KADOKAWA CORPORATION,Information & Communication,Prime Market (Domestic),False,True,True,True,
3321,3321.T,"MITACHI CO.,LTD.",Wholesale Trade,Standard Market(Domestic),False,True,True,True,
3577,3577.T,Tokai Senko K.K.,Textiles and Apparels,Standard Market(Domestic),False,True,True,True,
8769,8769.T,"Advantage Risk Management Co.,Ltd.",Services,Standard Market(Domestic),False,True,True,True,
4577,4577.T,"Daito Pharmaceutical Co.,Ltd.",Pharmaceutical,Prime Market (Domestic),False,True,True,True,
2395,2395.T,"SHIN NIPPON BIOMEDICAL LABORATORIES,LTD.",Services,Prime Market (Domestic),False,True,True,True,
3571,3571.T,"SOTOH CO.,LTD.",Textiles and Apparels,Standard Market(Domestic),False,True,True,True,
7461,7461.T,"KIMURA CO.,LTD.",Wholesale Trade,Standard Market(Domestic),False,True,True,True,
7607,7607.T,"Shinwa Co.,Ltd.",Wholesale Trade,Prime Market (Domestic),False,True,True,True,
9025,9025.T,"Konoike Transport Co.,Ltd.",Land Transportation,Prime Market (Domestic),False,True,True,True,
4261,4261.T,"AsiaQuest Co.,Ltd.",Information & Communication,Growth Market(Domestic),False,True,True,True,
2492,2492.T,Infomart Corporation,Services,Prime Market (Domestic),False,True,True,True,
1811,1811.T,THE ZENITAKA CORPORATION,Construction,Standard Market(Domestic),False,True,True,True,
8624,8624.T,"Ichiyoshi Securities Co.,Ltd.",Securities and Commodities Futures,Prime Market (Domestic),True,True,False,False,financial_sector_excluded;missing_revenue
9990,9990.T,SAC'S BAR HOLDINGS INC.,Retail Trade,Prime Market (Domestic),False,True,True,True,
3683,3683.T,"CYBERLINKS CO.,LTD.",Information & Communication,Standard Market(Domestic),False,True,True,True,
7444,7444.T,"Harima-Kyowa Co.,LTD.",Wholesale Trade,Standard Market(Domestic),False,True,True,True,
3121,3121.T,"MBK Co.,Ltd.",Services,Standard Market(Domestic),False,True,True,True,
8079,8079.T,SHOEI FOODS CORPORATION,Wholesale Trade,Prime Market (Domestic),False,True,True,True,
2146,2146.T,"UT Group Co.,Ltd.",Services,Prime Market (Domestic),False,True,True,True,
5542,5542.T,Shinhokoku Material Corp.,Iron and Steel,Standard Market(Domestic),False,True,True,True,
1383,1383.T,"Berg Earth co.,ltd.","Fishery, Agriculture and Forestry",Standard Market(Domestic),False,True,True,True,
7994,7994.T,OKAMURA CORPORATION,Other Products,Prime Market (Domestic),False,True,True,True,
4259,4259.T,ExaWizards Inc.,Information & Communication,Growth Market(Domestic),False,True,True,True,
7500,7500.T,"NISHIKAWA KEISOKU Co.,Ltd.",Wholesale Trade,Standard Market(Domestic),False,True,True,True,
7162,7162.T,"ASTMAX Co.,Ltd.",Electric Power and Gas,Standard Market(Domestic),False,True,True,True,
5458,5458.T,TAKASAGO TEKKO K.K.,Iron and Steel,Standard Market(Domestic),False,True,True,True,
9001,9001.T,"TOBU RAILWAY CO.,LTD.",Land Transportation,Prime Market (Domestic),False,True,True,True,
4886,4886.T,"ASKA Pharmaceutical Holdings Co.,Ltd.",Pharmaceutical,Prime Market (Domestic),False,True,True,True,
4476,4476.T,AI CROSS Inc.,Information & Communication,Growth Market(Domestic),False,True,True,True,
5592,5592.T,"Kusurinomadoguchi,Inc.",Information & Communication,Growth Market(Domestic),False,True,True,True,
8051,8051.T,YAMAZEN CORPORATION,Wholesale Trade,Prime Market (Domestic),False,True,True,True,
2752,2752.T,FUJIO FOOD GROUP INC.,Retail Trade,Prime Market (Domestic),False,True,True,True,
4075,4075.T,"Brains Technology,Inc.",Information & Communication,Growth Market(Domestic),False,True,True,True,
3289,3289.T,Tokyu Fudosan Holdings Corporation,Real Estate,Prime Market (Domestic),False,True,True,True,
7501,7501.T,TIEMCO LTD.,Wholesale Trade,Standard Market(Domestic),False,True,True,True,
7446,7446.T,"TOHOKU CHEMICAL Co.,LTD.",Wholesale Trade,Standard Market(Domestic),False,True,True,True,
9982,9982.T,"Takihyo Co.,Ltd.",Wholesale Trade,Standard Market(Domestic),False,True,True,True,
6615,6615.T,"UMC Electronics Co.,Ltd.",Electric Appliances,Prime Market (Domestic),False,True,True,True,
4761,4761.T,SAKURA KCS Corporation,Information & Communication,Standard Market(Domestic),False,True,True,True,
1807,1807.T,"WATANABE SATO CO.,LTD.",Construction,Standard Market(Domestic),False,True,True,True,
6561,6561.T,"HANATOUR JAPAN CO.,LTD.",Services,Growth Market(Domestic),False,True,True,True,
1446,1446.T,"CANDEAL Co.,Ltd.",Construction,Standard Market(Domestic),False,True,True,True,
7037,7037.T,teno.Holdings Company Limited,Services,Standard Market(Domestic),False,True,True,True,
3546,3546.T,"Alleanza Holdings Co.,Ltd.",Retail Trade,Prime Market (Domestic),False,True,True,True,
8043,8043.T,Starzen Company Limited,Wholesale Trade,Prime Market (Domestic),False,True,True,True,
3058,3058.T,Sanyodo Holdings Inc.,Retail Trade,Standard Market(Domestic),False,True,True,True,
2376,2376.T,SCINEX CORPORATION,Services,Standard Market(Domestic),False,True,True,True,
7976,7976.T,"MITSUBISHI PENCIL COMPANY,LIMITED",Other Products,Prime Market (Domestic),False,True,True,True,
9849,9849.T,KYODO PAPER HOLDINGS,Wholesale Trade,Standard Market(Domestic),False,True,True,True,
7504,7504.T,KOHSOKU CORPORATION,Wholesale Trade,Prime Market (Domestic),False,True,True,True,
9419,9419.T,"WirelessGate,Inc.",Information & Communication,Standard Market(Domestic),False,True,True,True,
7459,7459.T,MEDIPAL HOLDINGS CORPORATION,Wholesale Trade,Prime Market (Domestic),False,True,True,True,
8173,8173.T,Joshin Corporation,Retail Trade,Prime Market (Domestic),False,True,True,True,
4415,4415.T,"BROAD ENTERPRISE CO.,LTD.",Information & Communication,Growth Market(Domestic),False,True,True,True,
9989,9989.T,"SUNDRUG CO.,LTD.",Retail Trade,Prime Market (Domestic),False,True,True,True,
9216,9216.T,"Bewith,Inc.",Services,Prime Market (Domestic),False,True,True,True,
7421,7421.T,"KAPPA・CREATE CO.,LTD.",Retail Trade,Prime Market (Domestic),False,True,True,True,
8076,8076.T,CANOX CORPORATION,Wholesale Trade,Standard Market(Domestic),False,True,True,True,
5257,5257.T,"NOVA SYSTEM CO.,LTD.",Information & Communication,Standard Market(Domestic),False,True,True,True,
2060,2060.T,"FEED ONE CO.,LTD.",Foods,Prime Market (Domestic),False,True,True,True,
1788,1788.T,SANTO CORPORATION,Construction,Standard Market(Domestic),False,True,True,True,
2217,2217.T,Morozoff Limited,Foods,Prime Market (Domestic),False,True,True,True,
7215,7215.T,"FALTEC Co.,Ltd.",Transportation Equipment,Standard Market(Domestic),False,True,True,True,
2334,2334.T,eole Inc.,Services,Growth Market(Domestic),False,True,True,True,
7095,7095.T,"Macbee Planet,Inc.",Services,Prime Market (Domestic),False,True,True,True,
7938,7938.T,REGAL CORPORATION,Other Products,Standard Market(Domestic),False,True,True,True,
1813,1813.T,Fudo Tetra Corporation,Construction,Prime Market (Domestic),False,True,True,True,
7475,7475.T,"ALBIS Co.,Ltd.",Retail Trade,Prime Market (Domestic),False,True,True,True,
3719,3719.T,"AI storm Co.,Ltd.",Information & Communication,Standard Market(Domestic),False,True,True,True,
9355,9355.T,RINKO CORPORATION,Warehousing and Harbor Transportation Service,Standard Market(Domestic),False,True,True,True,
3176,3176.T,"Sanyo Trading Co.,Ltd.",Wholesale Trade,Prime Market (Domestic),False,True,True,True,
3178,3178.T,"CHIMNEY CO.,LTD.",Retail Trade,Standard Market(Domestic),False,True,True,True,
6630,6630.T,YA-MAN LTD.,Electric Appliances,Prime Market (Domestic),False,True,True,True,
6070,6070.T,"CAREERLINK CO.,LTD.",Services,Prime Market (Domestic),False,True,True,True,
2264,2264.T,"MORINAGA MILK INDUSTRY CO.,LTD.",Foods,Prime Market (Domestic),False,True,True,True,
8214,8214.T,AOKI Holdings Inc.,Retail Trade,Prime Market (Domestic),False,True,True,True,
7082,7082.T,"Jimoty,Inc.",Services,Growth Market(Domestic),False,True,True,True,
5243,5243.T,note inc.,Information & Communication,Growth Market(Domestic),False,True,True,True,
3031,3031.T,"RACCOON HOLDINGS,Inc.",Information & Communication,Prime Market (Domestic),False,True,True,True,
9558,9558.T,"Japaniace Co.,Ltd.",Services,Growth Market(Domestic),False,True,True,True,
3036,3036.T,ALCONIX CORPORATION,Wholesale Trade,Prime Market (Domestic),False,True,True,True,
8276,8276.T,"HEIWADO CO.,LTD.",Retail Trade,Prime Market (Domestic),False,True,True,True,
8881,8881.T,"NISSHIN GROUP HOLDINGS Company,Limited",Real Estate,Prime Market (Domestic),False,True,True,True,
6481,6481.T,"THK CO.,LTD.",Machinery,Prime Market (Domestic),False,True,False,False,missing_operating_cf
2782,2782.T,"Seria Co.,Ltd.",Retail Trade,Standard Market(Domestic),False,True,True,True,
5344,5344.T,"MARUWA CO.,LTD.",Glass and Ceramics Products,Prime Market (Domestic),False,True,True,True,
4918,4918.T,IVY COSMETICS CORPORATION,Chemicals,Standard Market(Domestic),False,True,True,True,
7864,7864.T,"FUJI SEAL INTERNATIONAL,INC.",Other Products,Prime Market (Domestic),False,True,True,True,
7462,7462.T,CAPITA Inc.,Retail Trade,Standard Market(Domestic),False,True,True,True,
5602,5602.T,"Kurimoto,Ltd.",Iron and Steel,Prime Market (Domestic),False,True,True,True,
8057,8057.T,"UCHIDA YOKO CO.,LTD.",Wholesale Trade,Prime Market (Domestic),False,True,True,True,
1938,1938.T,"NIPPON RIETEC CO.,LTD.",Construction,Prime Market (Domestic),False,True,True,True,
8078,8078.T,"HANWA CO.,LTD.",Wholesale Trade,Prime Market (Domestic),False,True,True,True,
2784,2784.T,Alfresa Holdings Corporation,Wholesale Trade,Prime Market (Domestic),False,True,True,True,
2804,2804.T,"BULL-DOG SAUCE CO.,LTD.",Foods,Prime Market (Domestic),False,True,True,True,
5482,5482.T,AICHI STEEL CORPORATION,Iron and Steel,Prime Market (Domestic),False,True,False,False,missing_operating_cf
7850,7850.T,"SOUGOU SHOUKEN CO.,LTD.",Other Products,Standard Market(Domestic),False,True,True,True,
1420,1420.T,Sanyo Homes Corporation,Construction,Standard Market(Domestic),False,True,True,True,
6836,6836.T,"PLAT'HOME CO.,LTD.",Electric Appliances,Standard Market(Domestic),False,True,True,True,
2281,2281.T,"Prima Meat Packers,Ltd.",Foods,Prime Market (Domestic),False,True,True,True,
8570,8570.T,"AEON Financial Service Co.,Ltd.",Other Financing Business,Prime Market (Domestic),True,True,True,False,financial_sector_excluded
4413,4413.T,"baudroie,inc.",Information & Communication,Prime Market (Domestic),False,True,True,True,
2923,2923.T,"SATO FOODS CO.,LTD.",Foods,Standard Market(Domestic),False,True,True,True,
9979,9979.T,DAISYO CORPORATION,Retail Trade,Standard Market(Domestic),False,True,True,True,
7860,7860.T,Avex Inc.,Information & Communication,Prime Market (Domestic),False,True,True,True,
7638,7638.T,"NEW ART HOLDINGS Co.,Ltd.",Retail Trade,Standard Market(Domestic),False,True,True,True,
2742,2742.T,"HALOWS CO.,LTD.",Retail Trade,Prime Market (Domestic),False,True,True,True,
7649,7649.T,"SUGI HOLDINGS Co.,LTD.",Retail Trade,Prime Market (Domestic),False,True,True,True,
7919,7919.T,"Nozaki Insatsu Shigyo Co.,Ltd.",Other Products,Standard Market(Domestic),False,True,True,True,
4151,4151.T,"Kyowa Kirin Co.,Ltd.",Pharmaceutical,Prime Market (Domestic),False,True,False,False,missing_operating_cf
7956,7956.T,PIGEON CORPORATION,Other Products,Prime Market (Domestic),False,True,True,True,
2897,2897.T,"NISSIN FOODS HOLDINGS CO.,LTD.",Foods,Prime Market (Domestic),False,True,False,False,missing_operating_cf
3877,3877.T,"Chuetsu Pulp & Paper Co.,Ltd.",Pulp and Paper,Prime Market (Domestic),False,True,True,True,
3360,3360.T,"SHIP HEALTHCARE HOLDINGS,INC.",Wholesale Trade,Prime Market (Domestic),False,True,True,True,
7525,7525.T,RIX CORPORATION,Wholesale Trade,Prime Market (Domestic),False,True,True,True,
3166,3166.T,"OCHI HOLDINGS CO.,LTD.",Wholesale Trade,Standard Market(Domestic),False,True,True,True,
3851,3851.T,"Nippon Ichi Software,Inc.",Information & Communication,Standard Market(Domestic),False,True,True,True,
9087,9087.T,TAKASE CORPORATION,Land Transportation,Standard Market(Domestic),False,True,True,True,
9008,9008.T,Keio Corporation,Land Transportation,Prime Market (Domestic),False,True,True,True,
4419,4419.T,Finatext Holdings Ltd.,Information & Communication,Growth Market(Domestic),False,True,True,True,
4235,4235.T,"Ultrafabrics Holdings Co.,Ltd.",Chemicals,Standard Market(Domestic),False,True,False,False,missing_operating_cf
8999,8999.T,Grandy House Corporation,Real Estate,Prime Market (Domestic),False,True,True,True,
9302,9302.T,"MITSUI-SOKO HOLDINGS Co.,Ltd.",Warehousing and Harbor Transportation Service,Prime Market (Domestic),False,True,True,True,
2689,2689.T,"OLBA HEALTHCARE HOLDINGS,Inc.",Wholesale Trade,Standard Market(Domestic),False,True,True,True,
2340,2340.T,"GOKURAKUYU HOLDINGS CO.,LTD.",Services,Standard Market(Domestic),False,True,True,True,
3556,3556.T,"RenetJapanGroup,Inc.",Retail Trade,Growth Market(Domestic),False,True,True,True,
3970,3970.T,Innovation Inc.,Information & Communication,Growth Market(Domestic),False,True,True,True,
1438,1438.T,"Gifu landscape architect Co.,Ltd.",Construction,Standard Market(Domestic),False,True,True,True,
1981,1981.T,"KYOWANISSEI CO.,LTD.",Construction,Standard Market(Domestic),False,True,True,True,
8133,8133.T,"ITOCHU ENEX CO.,LTD.",Wholesale Trade,Prime Market (Domestic),False,True,False,False,missing_operating_cf
8542,8542.T,"TOMATO BANK,LTD.",Banks,Standard Market(Domestic),True,True,False,False,financial_sector_excluded;missing_revenue;missing_operating_income
5233,5233.T,TAIHEIYO CEMENT CORPORATION,Glass and Ceramics Products,Prime Market (Domestic),False,True,True,True,
4536,4536.T,"SANTEN PHARMACEUTICAL CO.,LTD.",Pharmaceutical,Prime Market (Domestic),False,True,False,False,missing_operating_cf
4527,4527.T,"ROHTO PHARMACEUTICAL CO.,LTD.",Pharmaceutical,Prime Market (Domestic),False,True,True,True,
9265,9265.T,"YAMASHITA HEALTH CARE HOLDINGS,INC.",Wholesale Trade,Standard Market(Domestic),False,True,True,True,
3933,3933.T,"CHIeru Co.,Ltd.",Information & Communication,Standard Market(Domestic),False,True,True,True,
5575,5575.T,Globee Inc.,Information & Communication,Growth Market(Domestic),False,True,True,True,
3353,3353.T,"Medical Ikkou Group Co.,Ltd.",Retail Trade,Standard Market(Domestic),False,True,True,True,
9842,9842.T,ARCLANDS CORPORATION,Retail Trade,Prime Market (Domestic),False,True,True,True,
3694,3694.T,OPTiM CORPORATION,Information & Communication,Prime Market (Domestic),False,True,True,True,
3042,3042.T,SecuAvail Inc.,Information & Communication,Standard Market(Domestic),False,True,True,True,
1431,1431.T,"Lib Work Co.,Ltd.",Construction,Growth Market(Domestic),False,True,True,True,
5590,5590.T,"NETSTARS Co.,Ltd.",Information & Communication,Growth Market(Domestic),False,True,True,True,
8283,8283.T,PALTAC CORPORATION,Wholesale Trade,Prime Market (Domestic),False,True,True,True,
8016,8016.T,"ONWARD HOLDINGS CO.,LTD.",Textiles and Apparels,Prime Market (Domestic),False,True,True,True,
9603,9603.T,"H.I.S.Co.,Ltd.",Services,Prime Market (Domestic),False,True,True,True,
5660,5660.T,"KOBELCO WIRE COMPANY,LTD.",Iron and Steel,Standard Market(Domestic),False,True,True,True,
7122,7122.T,"THE KINKI SHARYO CO.,LTD.",Transportation Equipment,Standard Market(Domestic),False,True,True,True,
3059,3059.T,"HIRAKI CO.,LTD.",Retail Trade,Standard Market(Domestic),False,True,True,True,
3097,3097.T,The Monogatari Corporation,Retail Trade,Prime Market (Domestic),False,True,True,True,
3160,3160.T,"OOMITSU CO.,LTD.",Wholesale Trade,Standard Market(Domestic),False,True,True,True,
4755,4755.T,"Rakuten Group,Inc.",Services,Prime Market (Domestic),False,True,False,False,missing_operating_cf
5580,5580.T,"Prodelight Co.,Ltd.",Information & Communication,Growth Market(Domestic),False,True,True,True,
8349,8349.T,"THE TOHOKU BANK,LTD.",Banks,Standard Market(Domestic),True,True,False,False,financial_sector_excluded;missing_revenue;missing_operating_income
4492,4492.T,GENETEC CORPORATION,Information & Communication,Standard Market(Domestic),False,True,True,True,
4031,4031.T,Katakura & Co-op Agri Corporation,Chemicals,Standard Market(Domestic),False,True,True,True,
6699,6699.T,"DIAMOND ELECTRIC HOLDINGS Co.,Ltd.",Electric Appliances,Standard Market(Domestic),False,True,True,True,
9380,9380.T,"Azuma Shipping Co.,Ltd.",Warehousing and Harbor Transportation Service,Standard Market(Domestic),False,True,True,True,
5232,5232.T,"Sumitomo Osaka Cement Co.,Ltd.",Glass and Ceramics Products,Prime Market (Domestic),False,True,True,True,
7972,7972.T,ITOKI CORPORATION,Other Products,Prime Market (Domestic),False,True,True,True,
3944,3944.T,"Furubayashi Shiko Co.,Ltd.",Pulp and Paper,Standard Market(Domestic),False,True,True,True,
5079,5079.T,"NOVAC CO.,LTD.",Construction,Standard Market(Domestic),False,True,True,True,
9127,9127.T,"TAMAI STEAMSHIP CO.,LTD",Marine Transportation,Standard Market(Domestic),False,True,True,True,
9869,9869.T,"KATO SANGYO CO.,LTD.",Wholesale Trade,Prime Market (Domestic),False,True,True,True,
8563,8563.T,"THE DAITO BANK,LTD.",Banks,Standard Market(Domestic),True,True,False,False,financial_sector_excluded;missing_revenue;missing_operating_income
2267,2267.T,"YAKULT HONSHA CO.,LTD.",Foods,Prime Market (Domestic),False,True,True,True,
7545,7545.T,"NISHIMATSUYA CHAIN Co.,Ltd.",Retail Trade,Prime Market (Domestic),False,True,True,True,
8337,8337.T,"The Chiba Kogyo Bank,Ltd.",Banks,Prime Market (Domestic),True,True,False,False,financial_sector_excluded;missing_revenue;missing_operating_income
3968,3968.T,"Segue Group Co.,Ltd.",Information & Communication,Prime Market (Domestic),False,True,True,True,
3625,3625.T,Techfirm Holdings Inc.,Information & Communication,Growth Market(Domestic),False,True,True,True,
6538,6538.T,Disruptors Inc.,Services,Standard Market(Domestic),False,True,True,True,
7683,7683.T,"WA,Inc.",Retail Trade,Prime Market (Domestic),False,True,True,True,
7698,7698.T,Iceco Inc.,Wholesale Trade,Standard Market(Domestic),False,True,True,True,
3138,3138.T,"Fujisan Magazine Service Co.,Ltd.",Retail Trade,Standard Market(Domestic),False,True,True,True,
8111,8111.T,Goldwin Inc.,Textiles and Apparels,Prime Market (Domestic),False,True,True,True,
1870,1870.T,"YAHAGI CONSTRUCTION CO.,LTD.",Construction,Prime Market (Domestic),False,True,True,True,
5843,5843.T,"Nippon Insure Co.,Ltd.",Other Financing Business,Standard Market(Domestic),True,True,True,False,financial_sector_excluded
7936,7936.T,ASICS Corporation,Other Products,Prime Market (Domestic),False,True,True,True,
9760,9760.T,"SHINGAKUKAI HOLDINGS CO.,LTD.",Services,Standard Market(Domestic),False,True,True,True,
8699,8699.T,"HS Holdings Co.,Ltd.",Securities and Commodities Futures,Standard Market(Domestic),True,True,True,False,financial_sector_excluded
9256,9256.T,"Succeed co.,ltd.",Services,Growth Market(Domestic),False,True,True,True,
3892,3892.T,"Okayama Paper Industries Co.,Ltd.",Pulp and Paper,Standard Market(Domestic),False,True,True,True,
3645,3645.T,"Medical Net,Inc.",Information & Communication,Growth Market(Domestic),False,True,True,True,
8119,8119.T,SANYEI CORPORATION,Wholesale Trade,Standard Market(Domestic),False,True,True,True,
1515,1515.T,"Nittetsu Mining Co.,Ltd.",Mining,Prime Market (Domestic),False,True,True,True,
8291,8291.T,"NISSAN TOKYO SALES HOLDINGS CO.,LTD.",Retail Trade,Standard Market(Domestic),False,True,True,True,
8101,8101.T,GSI Creos Corporation,Wholesale Trade,Prime Market (Domestic),False,True,True,True,
3675,3675.T,Cross Marketing Group Inc.,Information & Communication,Standard Market(Domestic),False,True,True,True,
4016,4016.T,"MIT Holdings CO.,LTD.",Information & Communication,Standard Market(Domestic),False,True,True,True,
4388,4388.T,"AI,Inc.",Information & Communication,Standard Market(Domestic),False,True,True,True,
7522,7522.T,"WATAMI CO.,LTD.",Retail Trade,Prime Market (Domestic),False,True,True,True,
1827,1827.T,NAKANO CORPORATION,Construction,Standard Market(Domestic),False,True,True,True,
8897,8897.T,"MIRARTH HOLDINGS,Inc.",Real Estate,Prime Market (Domestic),False,True,True,True,
8001,8001.T,ITOCHU Corporation,Wholesale Trade,Prime Market (Domestic),False,True,False,False,missing_operating_cf
4447,4447.T,"PBsystems,Inc.",Information & Communication,Growth Market(Domestic),False,True,True,True,
5134,5134.T,"POPER Co.,Ltd.",Information & Communication,Growth Market(Domestic),False,True,True,True,
6194,6194.T,"Atrae,Inc.",Services,Prime Market (Domestic),False,True,True,True,
2802,2802.T,"Ajinomoto Co.,Inc.",Foods,Prime Market (Domestic),False,True,False,False,missing_operating_cf
4308,4308.T,J-Stream Inc.,Information & Communication,Growth Market(Domestic),False,True,True,True,
7581,7581.T,"SAIZERIYA CO.,LTD.",Retail Trade,Prime Market (Domestic),False,True,True,True,
2307,2307.T,"CROSS CAT CO.,LTD.",Information & Communication,Prime Market (Domestic),False,True,True,True,
3067,3067.T,"TOKYO ICHIBAN FOODS CO.,LTD.",Retail Trade,Standard Market(Domestic),False,True,True,True,
8614,8614.T,"TOYO SECURITIES CO.,LTD.",Securities and Commodities Futures,Prime Market (Domestic),True,True,False,False,financial_sector_excluded;missing_revenue
3231,3231.T,"Nomura Real Estate Holdings,Inc.",Real Estate,Prime Market (Domestic),False,True,True,True,
8242,8242.T,H2O RETAILING CORPORATION,Retail Trade,Prime Market (Domestic),False,True,True,True,
2736,2736.T,"Festaria Holdings Co.,Ltd.",Retail Trade,Standard Market(Domestic),False,True,True,True,
3172,3172.T,"Tea Life Co.,Ltd.",Retail Trade,Standard Market(Domestic),False,True,True,True,
8014,8014.T,"CHORI CO.,LTD.",Wholesale Trade,Prime Market (Domestic),False,True,True,True,
6955,6955.T,FDK CORPORATION,Electric Appliances,Standard Market(Domestic),False,True,True,True,
4570,4570.T,"Immuno-Biological Laboratories Co.,Ltd.",Pharmaceutical,Growth Market(Domestic),False,True,True,True,
3452,3452.T,B-Lot Company Limited,Real Estate,Standard Market(Domestic),False,True,True,True,
7247,7247.T,MIKUNI CORPORATION,Transportation Equipment,Standard Market(Domestic),False,True,True,True,
9147,9147.T,"NIPPON EXPRESS HOLDINGS,INC.",Land Transportation,Prime Market (Domestic),False,True,False,False,missing_operating_cf
7513,7513.T,"Kojima Co.,Ltd.",Retail Trade,Prime Market (Domestic),False,True,True,True,
7682,7682.T,"HAMAYUU CO.,LTD.",Retail Trade,Standard Market(Domestic),False,True,True,True,
1758,1758.T,"Taiyo Kisokogyo Co.,Ltd.",Construction,Standard Market(Domestic),False,True,True,True,
3911,3911.T,Aiming Inc.,Information & Communication,Growth Market(Domestic),False,True,True,True,
9830,9830.T,TRUSCO NAKAYAMA CORPORATION,Wholesale Trade,Prime Market (Domestic),False,True,True,True,
8230,8230.T,"HASEGAWA CO.,LTD.",Retail Trade,Standard Market(Domestic),False,True,True,True,
9310,9310.T,Japan Transcity Corporation,Warehousing and Harbor Transportation Service,Prime Market (Domestic),False,True,True,True,
1964,1964.T,"Chugai Ro Co.,Ltd.",Construction,Prime Market (Domestic),False,True,True,True,
8871,8871.T,"GOLDCREST Co.,Ltd.",Real Estate,Standard Market(Domestic),False,True,True,True,
9974,9974.T,"Belc CO.,LTD.",Retail Trade,Prime Market (Domestic),False,True,True,True,
1376,1376.T,"KANEKO SEEDS CO.,LTD.","Fishery, Agriculture and Forestry",Standard Market(Domestic),False,True,True,True,
1433,1433.T,"BESTERRA CO.,LTD",Construction,Prime Market (Domestic),False,True,True,True,
8304,8304.T,"Aozora Bank,Ltd.",Banks,Prime Market (Domestic),True,True,False,False,financial_sector_excluded;missing_revenue;missing_operating_income
9279,9279.T,GIFT HOLDINGS INC.,Retail Trade,Prime Market (Domestic),False,True,True,True,
5464,5464.T,MORY INDUSTRIES INC.,Iron and Steel,Standard Market(Domestic),False,True,True,True,
5834,5834.T,"SBI Leasing Services Co.,Ltd.",Securities and Commodities Futures,Growth Market(Domestic),True,True,True,False,financial_sector_excluded
7435,7435.T,"NADEX CO.,LTD.",Wholesale Trade,Standard Market(Domestic),False,True,True,True,
9835,9835.T,"JUNTENDO CO.,LTD.",Retail Trade,Standard Market(Domestic),False,True,True,True,
4664,4664.T,JAPAN RELIANCE SERVICE CORPORATION,Services,Standard Market(Domestic),False,True,True,True,
8919,8919.T,"KATITAS CO.,LTD",Real Estate,Prime Market (Domestic),False,True,True,True,
7943,7943.T,NICHIHA CORPORATION,Glass and Ceramics Products,Prime Market (Domestic),False,True,True,True,
7709,7709.T,KUBOTEK CORPORATION,Precision Instruments,Standard Market(Domestic),False,True,True,True,
7375,7375.T,"REFINVERSE Group,Inc.",Services,Growth Market(Domestic),False,True,True,True,
6554,6554.T,"SUS Co.,Ltd.",Services,Growth Market(Domestic),False,True,True,True,
3157,3157.T,GEOLIVE Group Corporation,Wholesale Trade,Standard Market(Domestic),False,True,True,True,
7885,7885.T,"TAKANO Co.,Ltd.",Other Products,Standard Market(Domestic),False,True,True,True,
3300,3300.T,"AMBITION DX HOLDINGS Co.,Ltd.",Real Estate,Growth Market(Domestic),False,True,True,True,
7515,7515.T,Maruyoshi Center Inc.,Retail Trade,Standard Market(Domestic),False,True,True,True,
8095,8095.T,"Astena Holdings Co.,Ltd.",Wholesale Trade,Prime Market (Domestic),False,True,True,True,
3566,3566.T,"UNIFORM NEXT CO.,LTD.",Retail Trade,Growth Market(Domestic),False,True,True,True,
3482,3482.T,Loadstar Capital K.K.,Real Estate,Prime Market (Domestic),False,True,True,True,
7624,7624.T,"Naito & Co.,Ltd.",Wholesale Trade,Standard Market(Domestic),False,True,True,True,
9856,9856.T,"KU HOLDINGS CO.,LTD.",Retail Trade,Standard Market(Domestic),False,True,True,True,
1873,1873.T,"NIHON HOUSE HOLDINGS CO.,LTD.",Construction,Prime Market (Domestic),False,True,True,True,
3537,3537.T,"SHOEI YAKUHIN CO.,LTD.",Wholesale Trade,Standard Market(Domestic),False,True,True,True,
5011,5011.T,"NICHIREKI GROUP CO.,LTD.",Oil and Coal Products,Prime Market (Domestic),False,True,True,True,
8022,8022.T,Mizuno Corporation,Other Products,Prime Market (Domestic),False,True,True,True,
9130,9130.T,"KYOEI TANKER CO.,LTD.",Marine Transportation,Standard Market(Domestic),False,True,False,False,missing_revenue
6050,6050.T,E-Guardian Inc.,Services,Prime Market (Domestic),False,True,True,True,
9828,9828.T,Genki Global Dining Concepts Corporation,Retail Trade,Standard Market(Domestic),False,True,True,True,
3151,3151.T,"VITAL KSK HOLDINGS,INC.",Wholesale Trade,Prime Market (Domestic),False,True,True,True,
9369,9369.T,K.R.S.Corporation,Warehousing and Harbor Transportation Service,Standard Market(Domestic),False,True,True,True,
7520,7520.T,"Eco's Co.,Ltd.",Retail Trade,Prime Market (Domestic),False,True,True,True,
5955,5955.T,"WISE HOLDINGS CO.,LTD.",Metal Products,Standard Market(Domestic),False,True,True,True,
3908,3908.T,Collabos Corporation,Information & Communication,Standard Market(Domestic),False,True,True,True,
3457,3457.T,"&Do Holdings Co.,Ltd.",Real Estate,Prime Market (Domestic),False,True,True,True,
3375,3375.T,ZOA CORPORATION,Retail Trade,Standard Market(Domestic),False,True,True,True,
8138,8138.T,SANKYO KASEI CORPORATION,Wholesale Trade,Standard Market(Domestic),False,True,True,True,
2292,2292.T,S Foods Inc.,Foods,Prime Market (Domestic),False,True,True,True,
8789,8789.T,FinTech Global Incorporated,Other Financing Business,Standard Market(Domestic),True,True,True,False,financial_sector_excluded
8877,8877.T,ESLEAD CORPORATION,Real Estate,Prime Market (Domestic),False,True,True,True,
7532,7532.T,Pan Pacific International Holdings Corporation,Retail Trade,Prime Market (Domestic),False,True,True,True,
3662,3662.T,"Ateam Holdings Co.,Ltd.",Information & Communication,Prime Market (Domestic),False,True,True,True,
7792,7792.T,"Colan Totte.Co.,Ltd.",Other Products,Growth Market(Domestic),False,True,True,True,
9946,9946.T,"MINISTOP CO.,LTD.",Retail Trade,Prime Market (Domestic),False,True,True,True,
7222,7222.T,"NISSAN SHATAI CO.,LTD.",Transportation Equipment,Standard Market(Domestic),False,True,True,True,
4054,4054.T,"Japan PropTech Co.,Ltd.",Information & Communication,Growth Market(Domestic),False,True,True,True,
3490,3490.T,"Azplanning Co.,Ltd.",Real Estate,Standard Market(Domestic),False,True,True,True,
7480,7480.T,SUZUDEN CORPORATION,Wholesale Trade,Standard Market(Domestic),False,True,True,True,
9278,9278.T,BOOKOFF GROUP HOLDINGS LIMITED,Retail Trade,Prime Market (Domestic),False,True,True,True,
4019,4019.T,"Stmn,Inc.",Information & Communication,Growth Market(Domestic),False,True,True,True,
4382,4382.T,"HEROZ,Inc.",Information & Communication,Standard Market(Domestic),False,True,True,True,
3496,3496.T,"AZOOM CO.,LTD",Real Estate,Prime Market (Domestic),False,True,True,True,
5845,5845.T,"ZENHOREN CO.,LTD.",Other Financing Business,Standard Market(Domestic),True,True,True,False,financial_sector_excluded
3690,3690.T,YRGLM Inc.,Information & Communication,Standard Market(Domestic),False,True,True,True,
8713,8713.T,FIDEA Holdings Co.Ltd.,Banks,Prime Market (Domestic),True,True,True,False,financial_sector_excluded
4445,4445.T,Living Technologies Inc.,Information & Communication,Growth Market(Domestic),False,True,True,True,
8070,8070.T,"TOKYO SANGYO CO.,LTD.",Wholesale Trade,Prime Market (Domestic),False,True,True,True,
7057,7057.T,"New Constructor's Network Co.,Ltd.",Services,Standard Market(Domestic),False,True,True,True,
9562,9562.T,Business Coach Inc.,Services,Growth Market(Domestic),False,True,True,True,
6533,6533.T,Orchestra Holdings Inc.,Services,Prime Market (Domestic),False,True,True,True,
8123,8123.T,"T.KAWABE & CO.,LTD.",Wholesale Trade,Standard Market(Domestic),False,True,True,True,
7042,7042.T,"ACCESS GROUP HOLDINGS CO.,LTD.",Services,Standard Market(Domestic),False,True,True,True,
9115,9115.T,"Meiji Shipping Group Co.,Ltd.",Marine Transportation,Standard Market(Domestic),False,True,True,True,
3199,3199.T,"Watahan & Co.,Ltd.",Retail Trade,Prime Market (Domestic),False,True,True,True,
3161,3161.T,AZEARTH Corporation,Wholesale Trade,Standard Market(Domestic),False,True,True,True,
5986,5986.T,"MOLITEC STEEL CO.,LTD.",Metal Products,Standard Market(Domestic),False,True,True,True,
2055,2055.T,"NICHIWA SANGYO CO.,LTD.",Foods,Standard Market(Domestic),False,True,True,True,
4932,4932.T,"ALMADO,INC.",Chemicals,Standard Market(Domestic),False,True,True,True,
7370,7370.T,"Enjin Co.,Ltd.",Services,Growth Market(Domestic),False,True,True,True,
5603,5603.T,KOGI CORPORATION,Iron and Steel,Standard Market(Domestic),False,True,True,True,
7944,7944.T,Roland Corporation,Other Products,Prime Market (Domestic),False,True,True,True,
2337,2337.T,Ichigo Inc.,Real Estate,Prime Market (Domestic),False,True,True,True,
3030,3030.T,"HUB CO.,LTD.",Retail Trade,Standard Market(Domestic),False,True,True,True,
2930,2930.T,Kitanotatsujin Corporation,Chemicals,Prime Market (Domestic),False,True,True,True,
9245,9245.T,Livero Inc.,Services,Growth Market(Domestic),False,True,True,True,
4241,4241.T,atect corporation,Chemicals,Standard Market(Domestic),False,True,True,True,
7814,7814.T,"JAPAN Creative Platform Group Co.,Ltd.",Other Products,Standard Market(Domestic),False,True,True,True,
6464,6464.T,"TSUBAKI NAKASHIMA CO.,LTD.",Machinery,Prime Market (Domestic),False,True,False,False,missing_operating_cf
3895,3895.T,HAVIX CORPORATION,Pulp and Paper,Standard Market(Domestic),False,True,True,True,
8273,8273.T,"IZUMI CO.,LTD.",Retail Trade,Prime Market (Domestic),False,True,True,True,
7827,7827.T,ORVIS CORPORATION,Other Products,Standard Market(Domestic),False,True,True,True,
3093,3093.T,"Treasure Factory Co.,LTD.",Retail Trade,Prime Market (Domestic),False,True,True,True,
3284,3284.T,"Hoosiers Holdings Co.,Ltd.",Real Estate,Prime Market (Domestic),False,True,True,True,
8772,8772.T,"ASAX CO.,LTD.",Other Financing Business,Standard Market(Domestic),True,True,False,False,financial_sector_excluded;missing_revenue
9987,9987.T,"SUZUKEN CO.,LTD.",Wholesale Trade,Prime Market (Domestic),False,True,True,True,
7516,7516.T,"KOHNAN SHOJI CO.,LTD.",Retail Trade,Prime Market (Domestic),False,True,True,True,
2654,2654.T,ASMO CORPORATION,Retail Trade,Standard Market(Domestic),False,True,True,True,
4849,4849.T,en Inc.,Services,Prime Market (Domestic),False,True,True,True,
1850,1850.T,"Nankai Tatsumura Construction Co.,Ltd.",Construction,Standard Market(Domestic),False,True,True,True,
3501,3501.T,"SUMINOE Co.,Ltd.",Textiles and Apparels,Prime Market (Domestic),False,True,True,True,
7975,7975.T,"LIHIT LAB.,INC.",Other Products,Standard Market(Domestic),False,True,True,True,
7414,7414.T,"ONOKEN CO.,LTD.",Wholesale Trade,Prime Market (Domestic),False,True,True,True,
8147,8147.T,TOMITA CO.LTD.,Wholesale Trade,Standard Market(Domestic),False,True,True,True,
7128,7128.T,UNISOL Holdings Corporation,Wholesale Trade,Prime Market (Domestic),False,True,True,True,
9227,9227.T,"Microwave Chemical Co.,Ltd.",Services,Growth Market(Domestic),False,True,True,True,
7636,7636.T,"HANDSMAN CO.,LTD",Retail Trade,Standard Market(Domestic),False,True,True,True,
5036,5036.T,"Japan Business Systems,Inc.",Information & Communication,Prime Market (Domestic),False,True,True,True,
9041,9041.T,"Kintetsu Group Holdings Co.,Ltd.",Land Transportation,Prime Market (Domestic),False,True,True,True,
3475,3475.T,"Good Com Asset Co.,Ltd.",Real Estate,Prime Market (Domestic),False,True,True,True,
5283,5283.T,"TAKAMISAWA CO.,LTD.",Wholesale Trade,Standard Market(Domestic),False,True,True,True,
3382,3382.T,"Seven & i Holdings Co.,Ltd.",Retail Trade,Prime Market (Domestic),False,True,True,True,
2750,2750.T,"S.ISHIMITSU&CO.,LTD.",Wholesale Trade,Standard Market(Domestic),False,True,True,True,
6625,6625.T,JALCO Holdings Inc.,Real Estate,Standard Market(Domestic),False,True,True,True,
4051,4051.T,"GMO Financial Gate,Inc.",Information & Communication,Prime Market (Domestic),False,True,True,True,
5461,5461.T,"Chubu Steel Plate Co.,Ltd.",Iron and Steel,Prime Market (Domestic),False,True,True,True,
4707,4707.T,KITAC CORPORATION,Services,Standard Market(Domestic),False,True,True,True,
8383,8383.T,"THE TOTTORI BANK,LTD.",Banks,Standard Market(Domestic),True,True,False,False,financial_sector_excluded;missing_revenue;missing_operating_income
9365,9365.T,TRADIA CORPORATION,Warehousing and Harbor Transportation Service,Standard Market(Domestic),False,True,False,False,missing_revenue
1443,1443.T,"Giken Holdings Co.,Ltd.",Construction,Standard Market(Domestic),False,True,True,True,
2293,2293.T,"TAKIZAWA HAM CO.,LTD.",Foods,Standard Market(Domestic),False,True,True,True,
1768,1768.T,SONEC CORPORATION,Construction,Standard Market(Domestic),False,True,True,True,
7538,7538.T,"DAISUI CO.,LTD.",Wholesale Trade,Standard Market(Domestic),False,True,True,True,
9514,9514.T,EF-ON INC.,Electric Power and Gas,Standard Market(Domestic),False,True,True,True,
7805,7805.T,PRINTNET INC.,Other Products,Standard Market(Domestic),False,True,True,True,
8308,8308.T,"Resona Holdings, Inc.",Banks,Prime Market (Domestic),True,True,True,False,financial_sector_excluded
7127,7127.T,"Ikka Holdings Co.,Ltd.",Retail Trade,Standard Market(Domestic),False,True,True,True,
8159,8159.T,"TACHIBANA ELETECH CO.,LTD.",Wholesale Trade,Prime Market (Domestic),False,True,True,True,
7795,7795.T,"KYORITSU CO.,LTD.",Other Products,Standard Market(Domestic),False,True,True,True,
7867,7867.T,"TOMY COMPANY,LTD.",Other Products,Prime Market (Domestic),False,True,True,True,
2933,2933.T,KIBUN FOODS INC.,Foods,Prime Market (Domestic),False,True,True,True,
5204,5204.T,"ISHIZUKA GLASS CO.,LTD.",Glass and Ceramics Products,Standard Market(Domestic),False,True,True,True,
3467,3467.T,Agratio urban design Inc.,Real Estate,Standard Market(Domestic),False,True,True,True,
7134,7134.T,"UP GARAGE GROUP Co.,Ltd.",Retail Trade,Standard Market(Domestic),False,True,True,True,
7476,7476.T,AS ONE CORPORATION,Wholesale Trade,Prime Market (Domestic),False,True,True,True,
7413,7413.T,"Sokensha Co.,Ltd.",Wholesale Trade,Standard Market(Domestic),False,True,True,True,
1764,1764.T,KUDO CORPORATION,Construction,Standard Market(Domestic),False,True,True,True,
9010,9010.T,"FUJI KYUKO CO.,LTD.",Land Transportation,Prime Market (Domestic),False,True,True,True,
7791,7791.T,"DREAMBED CO.,LTD.",Other Products,Standard Market(Domestic),False,True,True,True,
3280,3280.T,"STrust Co.,Ltd.",Real Estate,Standard Market(Domestic),False,True,True,True,
3955,3955.T,"IMURA & Co.,Ltd.",Pulp and Paper,Standard Market(Domestic),False,True,True,True,
5078,5078.T,CEL Corporation,Construction,Standard Market(Domestic),False,True,True,True,
6584,6584.T,"Sanoh Industrial Co.,Ltd.",Transportation Equipment,Prime Market (Domestic),False,True,True,True,
4398,4398.T,"BroadBand Security,Inc.",Information & Communication,Standard Market(Domestic),False,True,True,True,
9423,9423.T,Forval RealStraight Inc.,Information & Communication,Standard Market(Domestic),False,True,True,True,
8137,8137.T,SUN-WA TECHNOS CORPORATION,Wholesale Trade,Prime Market (Domestic),False,True,True,True,
3035,3035.T,ktk INC.,Wholesale Trade,Standard Market(Domestic),False,True,True,True,
7358,7358.T,Poppins Corporation,Services,Standard Market(Domestic),False,True,True,True,
8194,8194.T,LIFE CORPORATION,Retail Trade,Prime Market (Domestic),False,True,True,True,
5697,5697.T,"SANYU CO.,LTD.",Iron and Steel,Standard Market(Domestic),False,True,True,True,
3222,3222.T,United Super Markets Holdings Inc.,Retail Trade,Standard Market(Domestic),False,True,True,True,
4539,4539.T,"NIPPON CHEMIPHAR CO.,LTD.",Pharmaceutical,Standard Market(Domestic),False,True,True,True,
8091,8091.T,"NICHIMO CO.,LTD.",Wholesale Trade,Prime Market (Domestic),False,True,True,True,
7554,7554.T,KOURAKUEN CORPORATION,Retail Trade,Prime Market (Domestic),False,True,True,True,
3549,3549.T,"KUSURI NO AOKI HOLDINGS CO.,LTD.",Retail Trade,Prime Market (Domestic),False,True,True,True,
7453,7453.T,"RYOHIN KEIKAKU CO.,LTD.",Retail Trade,Prime Market (Domestic),False,True,True,True,
3580,3580.T,"KOMATSU MATERE Co.,Ltd.",Textiles and Apparels,Prime Market (Domestic),False,True,True,True,
3299,3299.T,"MUGEN ESTATE Co.,Ltd.",Real Estate,Standard Market(Domestic),False,True,True,True,
6166,6166.T,"NAKAMURA CHOUKOU CO.,LTD.",Machinery,Growth Market(Domestic),False,True,True,True,
2938,2938.T,"Okamura Foods Co.,Ltd.",Foods,Standard Market(Domestic),False,True,True,True,
2685,2685.T,"and ST HD Co.,Ltd.",Retail Trade,Prime Market (Domestic),False,True,True,True,
6335,6335.T,"TOKYO KIKAI SEISAKUSHO,LTD.",Machinery,Standard Market(Domestic),False,True,True,True,
4417,4417.T,Global Security Experts Inc.,Information & Communication,Growth Market(Domestic),False,True,True,True,
5310,5310.T,"TOYO TANSO CO.,LTD.",Glass and Ceramics Products,Prime Market (Domestic),False,True,True,True,
1887,1887.T,JDC CORPORATION,Construction,Prime Market (Domestic),False,True,True,True,
3186,3186.T,"NEXTAGE Co.,Ltd.",Retail Trade,Prime Market (Domestic),False,True,True,True,
3024,3024.T,CREATE CORPORATION,Wholesale Trade,Standard Market(Domestic),False,True,True,True,
6222,6222.T,"SHIMA SEIKI MFG.,LTD.",Machinery,Prime Market (Domestic),False,True,True,True,
7606,7606.T,UNITED ARROWS LTD.,Retail Trade,Prime Market (Domestic),False,True,True,True,
3011,3011.T,"BANNERS CO.,LTD.",Retail Trade,Standard Market(Domestic),False,True,True,True,
2454,2454.T,"All About,Inc.",Services,Standard Market(Domestic),False,True,True,True,
3958,3958.T,"Sasatoku Printing Co.,Ltd.",Pulp and Paper,Standard Market(Domestic),False,True,True,True,
2385,2385.T,Soiken Holdings Inc.,Services,Growth Market(Domestic),False,True,True,True,
7841,7841.T,"ENDO MANUFACTURING CO.,LTD.",Other Products,Standard Market(Domestic),False,True,True,True,
8129,8129.T,"TOHO HOLDINGS CO.,LTD.",Wholesale Trade,Prime Market (Domestic),False,True,True,True,
3277,3277.T,"Sansei Landic Co.,Ltd",Real Estate,Standard Market(Domestic),False,True,True,True,
9305,9305.T,Yamatane Corporation,Wholesale Trade,Prime Market (Domestic),False,True,True,True,
4286,4286.T,CL Holdings Inc.,Services,Standard Market(Domestic),False,True,False,False,missing_operating_cf
7041,7041.T,"CRG HOLDINGS CO.,LTD.",Services,Growth Market(Domestic),False,True,True,True,
9560,9560.T,PROGRIT Inc.,Services,Growth Market(Domestic),False,True,True,True,
5423,5423.T,"TOKYO STEEL MANUFACTURING CO.,LTD.",Iron and Steel,Prime Market (Domestic),False,True,True,True,
7126,7126.T,"Global Style Co.,Ltd.",Retail Trade,Standard Market(Domestic),False,True,True,True,
3639,3639.T,Voltage Incorporation,Information & Communication,Standard Market(Domestic),False,True,True,True,
2984,2984.T,"Yamaichi Real Estate Co.,Ltd",Real Estate,Standard Market(Domestic),False,True,True,True,
1826,1826.T,"Sata Construction Co.,Ltd.",Construction,Standard Market(Domestic),False,True,True,True,
5582,5582.T,GRID Inc.,Information & Communication,Growth Market(Domestic),False,True,True,True,
7552,7552.T,HAPPINET CORPORATION,Wholesale Trade,Prime Market (Domestic),False,True,True,True,
5028,5028.T,"SecondXight Analytica,Inc.",Information & Communication,Growth Market(Domestic),False,True,True,True,
2266,2266.T,"ROKKO BUTTER CO.,LTD.",Foods,Prime Market (Domestic),False,True,True,True,
3788,3788.T,GMO GlobalSign Holdings K.K.,Information & Communication,Prime Market (Domestic),False,True,True,True,
8609,8609.T,OKASAN SECURITIES GROUP INC.,Securities and Commodities Futures,Prime Market (Domestic),True,True,True,False,financial_sector_excluded
5210,5210.T,"Nihon Yamamura Glass Co.,Ltd.",Glass and Ceramics Products,Standard Market(Domestic),False,True,True,True,
1914,1914.T,"JAPAN FOUNDATION ENGINEERING CO.,LTD.",Construction,Standard Market(Domestic),False,True,False,False,missing_revenue
1444,1444.T,"Nissou Co.,Ltd.",Construction,Growth Market(Domestic),False,True,True,True,
7172,7172.T,"Japan Investment Adviser Co.,Ltd.",Securities and Commodities Futures,Prime Market (Domestic),True,True,True,False,financial_sector_excluded
8700,8700.T,"Maruhachi Securities Co.,Ltd.",Securities and Commodities Futures,Standard Market(Domestic),True,True,False,False,financial_sector_excluded;missing_revenue
5446,5446.T,"HOKUETSU METAL Co.,Ltd.",Iron and Steel,Standard Market(Domestic),False,True,True,True,
8088,8088.T,IWATANI  CORPORATION,Wholesale Trade,Prime Market (Domestic),False,True,True,True,
5572,5572.T,Ridge-i Inc.,Information & Communication,Growth Market(Domestic),False,True,True,True,
6186,6186.T,"ICHIKURA CO.,LTD.",Services,Standard Market(Domestic),False,True,True,True,
4616,4616.T,"KAWAKAMI PAINT MANUFACTURING CO.,LTD.",Chemicals,Standard Market(Domestic),False,True,True,True,
4168,4168.T,"Yappli,Inc.",Information & Communication,Growth Market(Domestic),False,True,True,True,
3548,3548.T,BAROQUE JAPAN LIMITED,Retail Trade,Prime Market (Domestic),False,True,True,True,
8931,8931.T,WADAKOHSAN CORPORATION,Real Estate,Standard Market(Domestic),False,True,True,True,
8331,8331.T,"The Chiba Bank,Ltd.",Banks,Prime Market (Domestic),True,True,False,False,financial_sector_excluded;missing_revenue;missing_operating_income
7812,7812.T,CRESTEC Inc.,Other Products,Standard Market(Domestic),False,True,True,True,
9823,9823.T,Mammy Mart Holdings Corporation,Retail Trade,Standard Market(Domestic),False,True,True,True,
7294,7294.T,YOROZU CORPORATION,Transportation Equipment,Prime Market (Domestic),False,True,True,True,
9337,9337.T,toridori Inc.,Services,Growth Market(Domestic),False,True,True,True,
5440,5440.T,KYOEI STEEL LTD.,Iron and Steel,Prime Market (Domestic),False,True,True,True,
3927,3927.T,Fuva Brain Limited,Information & Communication,Standard Market(Domestic),False,True,True,True,
5287,5287.T,"ITO YOGYO CO.,LTD.",Glass and Ceramics Products,Standard Market(Domestic),False,True,True,True,
2983,2983.T,"Arr Planner Co.,Ltd.",Real Estate,Growth Market(Domestic),False,True,True,True,
2666,2666.T,"AUTOWAVE Co.,Ltd.",Retail Trade,Standard Market(Domestic),False,True,True,True,
7646,7646.T,"PLANT Co.,Ltd.",Retail Trade,Standard Market(Domestic),False,True,True,True,
8097,8097.T,"SAN-AI OBBLI CO.,LTD.",Wholesale Trade,Prime Market (Domestic),False,True,True,True,
3627,3627.T,TECMIRA HOLDINGS INC.,Information & Communication,Standard Market(Domestic),False,True,True,True,
8244,8244.T,"Kintetsu Department Store CO.,Ltd.",Retail Trade,Standard Market(Domestic),False,True,True,True,
5074,5074.T,"TESS Holdings Co.,Ltd.",Construction,Prime Market (Domestic),False,True,True,True,
1945,1945.T,TOKYO ENERGY & SYSTEMS INC.,Construction,Prime Market (Domestic),False,True,True,True,
1822,1822.T,DAIHO CORPORATION,Construction,Standard Market(Domestic),False,True,True,True,
9872,9872.T,"KITAKEI CO.,LTD.",Wholesale Trade,Standard Market(Domestic),False,True,True,True,
3989,3989.T,SHARINGTECHNOLOGY.INC,Information & Communication,Growth Market(Domestic),False,True,False,False,missing_operating_cf
8706,8706.T,"KYOKUTO SECURITIES CO.,LTD.",Securities and Commodities Futures,Prime Market (Domestic),True,True,False,False,financial_sector_excluded;missing_revenue
5578,5578.T,"AR advanced technology,Inc.",Information & Communication,Growth Market(Domestic),False,True,True,True,
8007,8007.T,"Takashima & Co.,Ltd.",Wholesale Trade,Prime Market (Domestic),False,True,True,True,
4484,4484.T,"LANCERS,INC.",Information & Communication,Growth Market(Domestic),False,True,True,True,
7670,7670.T,O-WELL CORPORATION,Wholesale Trade,Standard Market(Domestic),False,True,True,True,
5870,5870.T,Nalnet Communications Inc.,Services,Growth Market(Domestic),False,True,True,True,
8848,8848.T,LEOPALACE21 CORPORATION,Real Estate,Prime Market (Domestic),False,True,True,True,
2733,2733.T,ARATA CORPORATION,Wholesale Trade,Prime Market (Domestic),False,True,True,True,
5125,5125.T,Fines inc.,Information & Communication,Growth Market(Domestic),False,True,True,True,
8584,8584.T,"JACCS CO.,LTD.",Other Financing Business,Prime Market (Domestic),True,True,True,False,financial_sector_excluded
3320,3320.T,CROSS PLUS INC.,Wholesale Trade,Standard Market(Domestic),False,True,True,True,
7863,7863.T,"HIRAGA CO.,LTD.",Other Products,Standard Market(Domestic),False,True,True,True,
7212,7212.T,F-TECH INC.,Transportation Equipment,Standard Market(Domestic),False,True,True,True,
1776,1776.T,"SUMIKEN MITSUI ROAD CO., LTD.",Construction,Standard Market(Domestic),False,True,True,True,
8281,8281.T,"XEBIO holdings CO.,LTD.",Retail Trade,Prime Market (Domestic),False,True,True,True,
3612,3612.T,"WORLD CO.,LTD.",Textiles and Apparels,Prime Market (Domestic),False,True,False,False,missing_operating_cf
8771,8771.T,"eGuarantee,Inc.",Other Financing Business,Prime Market (Domestic),True,True,True,False,financial_sector_excluded
3193,3193.T,"Eternal Hospitality Group Co.,Ltd.",Retail Trade,Prime Market (Domestic),False,True,True,True,
7980,7980.T,"SHIGEMATSU WORKS CO.,LTD.",Other Products,Standard Market(Domestic),False,True,True,True,
4479,4479.T,"Makuake,Inc.",Information & Communication,Growth Market(Domestic),False,True,True,True,
1491,1491.T,"Chugai Mining Co.,Ltd.",Nonferrous Metals,Standard Market(Domestic),False,True,True,True,
2212,2212.T,"YAMAZAKI BAKING CO.,LTD.",Foods,Prime Market (Domestic),False,True,True,True,
8029,8029.T,LOOK HOLDINGS INCORPORATED,Textiles and Apparels,Standard Market(Domestic),False,True,True,True,
3695,3695.T,"GMO Product Platform,Inc.",Information & Communication,Growth Market(Domestic),False,True,True,True,
3197,3197.T,"SKYLARK HOLDINGS CO.,LTD.",Retail Trade,Prime Market (Domestic),False,True,False,False,missing_operating_cf
4237,4237.T,Fujipream Corporation,Chemicals,Standard Market(Domestic),False,True,True,True,
4015,4015.T,Paycloud Holdings Inc.,Information & Communication,Growth Market(Domestic),False,True,True,True,
7192,7192.T,Mortgage Service Japan Limited,Other Financing Business,Standard Market(Domestic),True,True,True,False,financial_sector_excluded
4197,4197.T,"ASMARQ Co.,Ltd.",Information & Communication,Standard Market(Domestic),False,True,True,True,
3953,3953.T,"OHMURA SHIGYO CO.,LTD.",Pulp and Paper,Standard Market(Domestic),False,True,True,True,
7089,7089.T,"for Startups,Inc.",Services,Growth Market(Domestic),False,True,True,True,
5381,5381.T,Mipox Corporation,Glass and Ceramics Products,Standard Market(Domestic),False,True,True,True,
3660,3660.T,istyle Inc.,Information & Communication,Prime Market (Domestic),False,True,True,True,
8793,8793.T,NEC Capital Solutions Limited,Other Financing Business,Prime Market (Domestic),True,True,True,False,financial_sector_excluded
3910,3910.T,MKSystem Corporation,Information & Communication,Standard Market(Domestic),False,True,True,True,
4350,4350.T,"MEDICAL SYSTEM NETWORK Co.,Ltd.",Retail Trade,Standard Market(Domestic),False,True,True,True,
8158,8158.T,"SODA NIKKA CO.,LTD.",Wholesale Trade,Prime Market (Domestic),False,True,True,True,
3914,3914.T,JIG-SAW INC.,Information & Communication,Growth Market(Domestic),False,True,True,True,
7305,7305.T,"ARAYA INDUSTRIAL CO.,LTD.",Iron and Steel,Standard Market(Domestic),False,True,True,True,
4429,4429.T,"Ricksoft Co.,Ltd.",Information & Communication,Growth Market(Domestic),False,True,True,True,
4433,4433.T,"HITO-Communications Holdings,Inc.",Services,Prime Market (Domestic),False,True,True,True,
7847,7847.T,GRAPHITE DESIGN INC.,Other Products,Standard Market(Domestic),False,True,True,True,
9997,9997.T,"BELLUNA CO.,LTD.",Retail Trade,Prime Market (Domestic),False,True,True,True,
5987,5987.T,ONEX Corporation,Metal Products,Standard Market(Domestic),False,True,True,True,
3139,3139.T,"Lacto Japan Co.,Ltd.",Wholesale Trade,Prime Market (Domestic),False,True,True,True,
3758,3758.T,Aeria Inc.,Information & Communication,Standard Market(Domestic),False,True,True,True,
6613,6613.T,"QD Laser,Inc.",Electric Appliances,Growth Market(Domestic),False,True,True,True,
9902,9902.T,NICHIDEN Corporation,Wholesale Trade,Prime Market (Domestic),False,True,True,True,
4538,4538.T,"Fuso Pharmaceutical Industries,Ltd.",Pharmaceutical,Prime Market (Domestic),False,True,True,True,
4735,4735.T,"KYOSHIN CO.,LTD.",Services,Standard Market(Domestic),False,True,True,True,
7512,7512.T,Aeon Hokkaido Corporation,Retail Trade,Standard Market(Domestic),False,True,True,True,
4334,4334.T,"YUKE'S Co.,Ltd.",Information & Communication,Standard Market(Domestic),False,True,True,True,
2216,2216.T,Kanro Inc.,Foods,Standard Market(Domestic),False,True,True,True,
4920,4920.T,"Nippon Shikizai,Inc.",Chemicals,Standard Market(Domestic),False,True,True,True,
7185,7185.T,Hirose Tusyo Inc.,Securities and Commodities Futures,Standard Market(Domestic),True,True,True,False,financial_sector_excluded
8572,8572.T,"ACOM CO.,LTD.",Other Financing Business,Standard Market(Domestic),True,True,True,False,financial_sector_excluded
8595,8595.T,"JAFCO Group Co.,Ltd.",Securities and Commodities Futures,Prime Market (Domestic),True,True,True,False,financial_sector_excluded
9353,9353.T,"SAKURAJIMA FUTO KAISHA,LTD.",Warehousing and Harbor Transportation Service,Standard Market(Domestic),False,True,True,True,
7820,7820.T,"NIHON FLUSH CO.,LTD.",Other Products,Prime Market (Domestic),False,True,True,True,
4736,4736.T,Nippon RAD Inc.,Information & Communication,Standard Market(Domestic),False,True,True,True,
7922,7922.T,"SANKO SANGYO CO.,LTD.",Other Products,Standard Market(Domestic),False,True,True,True,
3028,3028.T,"Alpen Co.,Ltd.",Retail Trade,Prime Market (Domestic),False,True,True,True,
4516,4516.T,"Nippon Shinyaku Co.,Ltd.",Pharmaceutical,Prime Market (Domestic),False,True,False,False,missing_operating_cf
8585,8585.T,Orient Corporation,Other Financing Business,Prime Market (Domestic),True,True,True,False,financial_sector_excluded
8167,8167.T,"RETAIL PARTNERS CO.,LTD.",Retail Trade,Prime Market (Domestic),False,True,True,True,
3092,3092.T,"ZOZO,Inc.",Retail Trade,Prime Market (Domestic),False,True,True,True,
6049,6049.T,ItoKuro Inc.,Services,Growth Market(Domestic),False,True,True,True,
3863,3863.T,"Nippon Paper Industries Co.,Ltd.",Pulp and Paper,Prime Market (Domestic),False,True,True,True,
2926,2926.T,"SHINOZAKIYA,INC.",Foods,Standard Market(Domestic),False,True,True,True,
3132,3132.T,"MACNICA HOLDINGS,INC.",Wholesale Trade,Prime Market (Domestic),False,True,True,True,
6560,6560.T,"LTS,Inc.",Services,Prime Market (Domestic),False,True,True,True,
3417,3417.T,"OHKI HEALTHCARE HOLDINGS CO.,LTD.",Wholesale Trade,Standard Market(Domestic),False,True,True,True,
2986,2986.T,"LA Holdings Co.,Ltd.",Real Estate,Growth Market(Domestic),False,True,True,True,
2918,2918.T,"WARABEYA NICHIYO HOLDINGS CO.,LTD.",Foods,Prime Market (Domestic),False,True,True,True,
2790,2790.T,"NAFCO Co.,Ltd.",Retail Trade,Standard Market(Domestic),False,True,True,True,
5285,5285.T,YAMAX Corp.,Glass and Ceramics Products,Standard Market(Domestic),False,True,True,True,
8058,8058.T,Mitsubishi Corporation,Wholesale Trade,Prime Market (Domestic),False,True,False,False,missing_operating_cf
6193,6193.T,"Virtualex Holdings,Inc.",Services,Growth Market(Domestic),False,True,True,True,
5889,5889.T,"Japan Eyewear Holdings Co.,Ltd.",Retail Trade,Prime Market (Domestic),False,True,False,False,missing_operating_cf
5256,5256.T,"Fusic Co.,Ltd.",Information & Communication,Growth Market(Domestic),False,True,True,True,
5021,5021.T,"COSMO ENERGY HOLDINGS COMPANY,LIMITED",Oil and Coal Products,Prime Market (Domestic),False,True,True,True,
2170,2170.T,Link and Motivation Inc.,Services,Prime Market (Domestic),False,True,False,False,missing_operating_cf
7832,7832.T,Bandai Namco Holdings Inc.,Other Products,Prime Market (Domestic),False,True,True,True,
5273,5273.T,"MITANI SEKISAN CO.,LTD.",Glass and Ceramics Products,Standard Market(Domestic),False,True,True,True,
8697,8697.T,"Japan Exchange Group,Inc.",Other Financing Business,Prime Market (Domestic),True,True,False,False,financial_sector_excluded;missing_operating_cf
3676,3676.T,"DIGITAL HEARTS HOLDINGS Co.,Ltd.",Information & Communication,Prime Market (Domestic),False,True,True,True,
7325,7325.T,IRRC Corporation,Insurance,Growth Market(Domestic),True,True,True,False,financial_sector_excluded
4397,4397.T,TeamSpirit Inc.,Information & Communication,Growth Market(Domestic),False,True,True,True,
3034,3034.T,"Qol Holdings Co.,Ltd.",Retail Trade,Prime Market (Domestic),False,True,True,True,
7951,7951.T,YAMAHA CORPORATION,Other Products,Prime Market (Domestic),False,True,False,False,missing_operating_cf
3077,3077.T,"Horiifoodservice Co.,Ltd.",Retail Trade,Standard Market(Domestic),False,True,True,True,
5609,5609.T,NIPPON CHUZO K.K.,Iron and Steel,Standard Market(Domestic),False,True,True,True,
5262,5262.T,Nippon Hume Corporation,Glass and Ceramics Products,Prime Market (Domestic),False,True,True,True,
6027,6027.T,"Bengo4.com,Inc.",Services,Prime Market (Domestic),False,True,True,True,
1866,1866.T,KITANO CONSTRUCTION CORP.,Construction,Standard Market(Domestic),False,True,True,True,
7012,7012.T,"Kawasaki Heavy Industries,Ltd.",Transportation Equipment,Prime Market (Domestic),False,True,False,False,missing_operating_cf
5218,5218.T,OHARA INC.,Glass and Ceramics Products,Standard Market(Domestic),False,True,True,True,
2780,2780.T,"Komehyo Holdings Co.,Ltd.",Retail Trade,Standard Market(Domestic),False,True,True,True,
1429,1429.T,"Nippon Aqua Co.,Ltd.",Construction,Prime Market (Domestic),False,True,True,True,
5939,5939.T,"OTANI KOGYO CO.,LTD.",Metal Products,Standard Market(Domestic),False,True,True,True,
8365,8365.T,"The Bank of Toyama,Ltd.",Banks,Standard Market(Domestic),True,True,False,False,financial_sector_excluded;missing_revenue;missing_operating_income
3486,3486.T,GLOBAL LINK MANAGEMENT INC.,Real Estate,Prime Market (Domestic),False,True,True,True,
9421,9421.T,NJ Holdings Inc.,Information & Communication,Standard Market(Domestic),False,True,True,True,
2695,2695.T,"Kura Sushi,Inc.",Retail Trade,Prime Market (Domestic),False,True,True,True,
2694,2694.T,Yakiniku Sakai Holdings Inc.,Retail Trade,Standard Market(Domestic),False,True,True,True,
2927,2927.T,"AFC-HD AMS Life Science Co.,Ltd.",Foods,Standard Market(Domestic),False,True,True,True,
2424,2424.T,Brass Corporation,Services,Standard Market(Domestic),False,True,True,True,
7604,7604.T,"UMENOHANA GROUP CO.,LTD.",Retail Trade,Standard Market(Domestic),False,True,True,True,
7508,7508.T,G-7 HOLDINGS Inc.,Retail Trade,Prime Market (Domestic),False,True,True,True,
2917,2917.T,"OHMORIYA Co.,LTD.",Foods,Standard Market(Domestic),False,True,True,True,
3967,3967.T,"Eltes Co.,Ltd.",Information & Communication,Growth Market(Domestic),False,True,True,True,
3080,3080.T,"JASON CO.,LTD.",Retail Trade,Standard Market(Domestic),False,True,True,True,
6656,6656.T,inspec Inc.,Electric Appliances,Standard Market(Domestic),False,True,True,True,
8891,8891.T,"AMG HOLDINGS CO.,LTD.",Real Estate,Standard Market(Domestic),False,True,True,True,
9816,9816.T,Striders Corporation,Real Estate,Standard Market(Domestic),False,True,True,True,
3632,3632.T,"GREE Holdings,Inc.",Information & Communication,Prime Market (Domestic),False,True,True,True,
5271,5271.T,"TOYO ASANO FOUNDATION CO.,LTD.",Glass and Ceramics Products,Standard Market(Domestic),False,True,False,False,price_history_lt_500
5480,5480.T,"Nippon Yakin kogyo Co.,Ltd.",Iron and Steel,Prime Market (Domestic),False,True,True,True,
4420,4420.T,"eSOL Co.,Ltd.",Information & Communication,Standard Market(Domestic),False,True,True,True,
7822,7822.T,"Eidai Co.,Ltd.",Other Products,Standard Market(Domestic),False,True,True,True,
3550,3550.T,"STUDIO ATAO Co.,Ltd.",Retail Trade,Growth Market(Domestic),False,True,True,True,
7637,7637.T,"Hakudo Co.,Ltd.",Wholesale Trade,Prime Market (Domestic),False,True,True,True,
7416,7416.T,Haruyama Holdings Inc.,Retail Trade,Standard Market(Domestic),False,True,True,True,
9867,9867.T,Solekia Limited,Wholesale Trade,Standard Market(Domestic),False,True,True,True,
8217,8217.T,"OKUWA CO.,LTD.",Retail Trade,Prime Market (Domestic),False,True,True,True,
6572,6572.T,"OPEN Group,Inc.",Services,Prime Market (Domestic),False,True,True,True,
8550,8550.T,"THE TOCHIGI BANK,LTD.",Banks,Prime Market (Domestic),True,True,False,False,financial_sector_excluded;missing_revenue;missing_operating_income
7514,7514.T,"HIMARAYA Co.,Ltd.",Retail Trade,Standard Market(Domestic),False,True,True,True,
8835,8835.T,TAIHEIYO KOUHATSU INCORPORATED,Wholesale Trade,Standard Market(Domestic),False,True,True,True,
7561,7561.T,HURXLEY CORPORATION,Retail Trade,Standard Market(Domestic),False,True,True,True,
4442,4442.T,"VALTES HOLDINGS CO.,LTD.",Information & Communication,Growth Market(Domestic),False,True,True,True,
2892,2892.T,"NIHON SHOKUHIN KAKO CO.,LTD.",Foods,Standard Market(Domestic),False,True,True,True,
7570,7570.T,"HASHIMOTO SOGYO HOLDINGS CO.,LTD.",Wholesale Trade,Standard Market(Domestic),False,True,True,True,
4310,4310.T,Dream Incubator Inc.,Services,Prime Market (Domestic),False,True,True,True,
8278,8278.T,"FUJI CO.,LTD.",Retail Trade,Prime Market (Domestic),False,True,True,True,
8219,8219.T,"AOYAMA TRADING Co.,Ltd.",Retail Trade,Prime Market (Domestic),False,True,True,True,
7896,7896.T,"SEVEN INDUSTRIES CO.,LTD.",Other Products,Standard Market(Domestic),False,True,True,True,
4666,4666.T,"PARK24 Co.,Ltd.",Real Estate,Prime Market (Domestic),False,True,True,True,
3418,3418.T,"BALNIBARBI Co.,Ltd.",Retail Trade,Growth Market(Domestic),False,True,True,True,
7836,7836.T,"AVIX,Inc.",Other Products,Standard Market(Domestic),False,True,True,True,
3915,3915.T,"TerraSky Co.,Ltd",Information & Communication,Prime Market (Domestic),False,True,True,True,
9345,9345.T,"Bizmates,Inc.",Services,Growth Market(Domestic),False,True,True,True,
7069,7069.T,"CyberBuzz,Inc.",Services,Growth Market(Domestic),False,True,True,True,
7175,7175.T,"The Imamura Securities Co.,Ltd.",Securities and Commodities Futures,Standard Market(Domestic),True,True,False,False,financial_sector_excluded;missing_revenue
2735,2735.T,"WATTS CO.,LTD.",Retail Trade,Standard Market(Domestic),False,True,True,True,
7077,7077.T,"ALiNK Internet,INC.",Services,Growth Market(Domestic),False,True,True,True,
4418,4418.T,Japan Data Science Consortium Co.Ltd.,Information & Communication,Growth Market(Domestic),False,True,True,True,
6141,6141.T,"DMG MORI CO.,LTD.",Machinery,Prime Market (Domestic),False,True,False,False,missing_operating_cf
3174,3174.T,"Happiness and D Co.,Ltd.",Retail Trade,Standard Market(Domestic),False,True,True,True,
7309,7309.T,SHIMANO INC.,Transportation Equipment,Prime Market (Domestic),False,True,True,True,
9143,9143.T,"SG HOLDINGS CO.,LTD.",Land Transportation,Prime Market (Domestic),False,True,True,True,
3479,3479.T,TKP Corporation,Real Estate,Growth Market(Domestic),False,True,True,True,
2932,2932.T,"STI Foods Holdings,Inc.",Foods,Standard Market(Domestic),False,True,True,True,
2726,2726.T,"PAL GROUP Holdings CO.,LTD",Retail Trade,Prime Market (Domestic),False,True,True,True,
2321,2321.T,Softfront Holdings,Information & Communication,Growth Market(Domestic),False,True,True,True,
3904,3904.T,KAYAC Inc.,Information & Communication,Growth Market(Domestic),False,True,True,True,
9896,9896.T,"JK Holdings Co.,Ltd.",Wholesale Trade,Standard Market(Domestic),False,True,True,True,
2371,2371.T,"Kakaku.com,Inc.",Services,Prime Market (Domestic),False,True,False,False,missing_operating_cf
3608,3608.T,"TSI HOLDINGS CO.,LTD.",Textiles and Apparels,Prime Market (Domestic),False,True,True,True,
7067,7067.T,Branding Technology Inc.,Services,Growth Market(Domestic),False,True,True,True,
5029,5029.T,circlace Inc,Information & Communication,Growth Market(Domestic),False,True,True,True,
7049,7049.T,"SHIKIGAKU.Co.,Ltd.",Services,Growth Market(Domestic),False,True,True,True,
7119,7119.T,"halmek holdings Co.,Ltd.",Retail Trade,Growth Market(Domestic),False,True,False,False,missing_operating_cf
3196,3196.T,"HOTLAND HOLDINGS Co.,Ltd.",Retail Trade,Prime Market (Domestic),False,True,True,True,
8237,8237.T,"MATSUYA CO.,LTD.",Retail Trade,Prime Market (Domestic),False,True,True,True,
5301,5301.T,"TOKAI CARBON CO.,LTD.",Glass and Ceramics Products,Prime Market (Domestic),False,True,True,True,
8929,8929.T,"Aoyama Zaisan Networks Company,Limited",Real Estate,Standard Market(Domestic),False,True,True,True,
2820,2820.T,Yamami Company,Foods,Standard Market(Domestic),False,True,True,True,
6574,6574.T,Convano Inc.,Services,Growth Market(Domestic),False,True,False,False,missing_operating_cf
3864,3864.T,Mitsubishi Paper Mills Limited,Pulp and Paper,Prime Market (Domestic),False,True,True,True,
9980,9980.T,MRK HOLDINGS INC.,Retail Trade,Standard Market(Domestic),False,True,True,True,
4651,4651.T,SANIX HOLDINGS INCORPORATED,Services,Standard Market(Domestic),False,True,True,True,
9342,9342.T,Sumasapo Inc.,Services,Growth Market(Domestic),False,True,True,True,
7412,7412.T,ATOM CORPORATION,Retail Trade,Standard Market(Domestic),False,True,True,True,
4475,4475.T,HENNGE K.K.,Information & Communication,Growth Market(Domestic),False,True,True,True,
3326,3326.T,"RUNSYSTEM CO.,LTD.",Services,Standard Market(Domestic),False,True,True,True,
8622,8622.T,"Mito Securities Co.,Ltd.",Securities and Commodities Futures,Prime Market (Domestic),True,True,False,False,financial_sector_excluded;missing_revenue
7064,7064.T,"Howtelevision,Inc.",Services,Standard Market(Domestic),False,True,True,True,
6185,6185.T,SMN Corporation,Services,Standard Market(Domestic),False,True,True,True,
7807,7807.T,"KOWA CO.,LTD.",Other Products,Standard Market(Domestic),False,True,True,True,
6276,6276.T,"SiriusVision CO.,LTD.",Electric Appliances,Standard Market(Domestic),False,True,True,True,
7157,7157.T,LIFENET INSURANCE COMPANY,Insurance,Prime Market (Domestic),True,True,False,False,financial_sector_excluded;missing_revenue;missing_operating_income
4751,4751.T,"CyberAgent,Inc.",Services,Prime Market (Domestic),False,True,True,True,
2435,2435.T,"CEDAR.Co.,Ltd",Services,Standard Market(Domestic),False,True,True,True,
8416,8416.T,"THE BANK OF KOCHI,LTD.",Banks,Standard Market(Domestic),True,True,False,False,financial_sector_excluded;missing_revenue;missing_operating_income
8089,8089.T,Nice Corporation,Wholesale Trade,Standard Market(Domestic),False,True,True,True,
8075,8075.T,Shinsho Corporation,Wholesale Trade,Prime Market (Domestic),False,True,True,True,
3099,3099.T,Isetan Mitsukoshi Holdings Ltd.,Retail Trade,Prime Market (Domestic),False,True,True,True,
2796,2796.T,Pharmarise Holdings Corporation,Retail Trade,Standard Market(Domestic),False,True,True,True,
7018,7018.T,Naikai Zosen Corporation,Transportation Equipment,Standard Market(Domestic),False,True,True,True,
6612,6612.T,BALMUDA Inc.,Electric Appliances,Growth Market(Domestic),False,True,True,True,
7091,7091.T,"Living Platform,Ltd.",Services,Growth Market(Domestic),False,True,True,True,
4480,4480.T,"MEDLEY,INC.",Information & Communication,Prime Market (Domestic),False,True,True,True,
9627,9627.T,AIN HOLDINGS INC.,Retail Trade,Prime Market (Domestic),False,True,True,True,
3948,3948.T,"HIKARI BUSINESS FORM CO.,LTD.",Pulp and Paper,Standard Market(Domestic),False,True,True,True,
3777,3777.T,Environment Friendly Holdings Corp.,Information & Communication,Growth Market(Domestic),False,True,True,True,
3747,3747.T,"INTERTRADE Co.,Ltd.",Information & Communication,Standard Market(Domestic),False,True,True,True,
9344,9344.T,Axis Consulting Corporation,Services,Growth Market(Domestic),False,True,True,True,
3558,3558.T,"JADE GROUP,Inc.",Retail Trade,Growth Market(Domestic),False,True,True,True,
1436,1436.T,GreenEnergy & Company Inc.,Construction,Growth Market(Domestic),False,True,True,True,
3536,3536.T,"AXAS HOLDINGS CO.,LTD.",Retail Trade,Standard Market(Domestic),False,True,True,True,
9254,9254.T,"Lovable Marketing Group,inc.",Services,Growth Market(Domestic),False,True,True,True,
3422,3422.T,"J-MAX Co.,Ltd.",Metal Products,Standard Market(Domestic),False,True,True,True,
7073,7073.T,"JAIC Co.,Ltd.",Services,Growth Market(Domestic),False,True,True,True,
5533,5533.T,"Elitz Holdings Co.,Ltd.",Real Estate,Standard Market(Domestic),False,True,True,True,
9976,9976.T,"SEKICHU CO.,LTD.",Retail Trade,Standard Market(Domestic),False,True,True,True,
3306,3306.T,"THE NIHON SEIMA CO.,LTD.",Wholesale Trade,Standard Market(Domestic),False,True,True,True,
9876,9876.T,"COX CO.,LTD.",Retail Trade,Standard Market(Domestic),False,True,True,True,
7679,7679.T,"YAKUODO HOLDINGS Co.,Ltd.",Retail Trade,Prime Market (Domestic),False,True,True,True,
6526,6526.T,Socionext Inc.,Electric Appliances,Prime Market (Domestic),False,True,True,True,
3323,3323.T,"RECOMM CO.,LTD.",Wholesale Trade,Standard Market(Domestic),False,True,False,False,missing_operating_cf
8226,8226.T,RIKEI CORPORATION,Wholesale Trade,Standard Market(Domestic),False,True,True,True,
4414,4414.T,"FLECT Co.,Ltd.",Information & Communication,Growth Market(Domestic),False,True,True,True,
3674,3674.T,"Aucfan Co.,Ltd.",Information & Communication,Growth Market(Domestic),False,True,True,True,
3561,3561.T,"CHIKARANOMOTO HOLDINGS Co.,Ltd.",Retail Trade,Prime Market (Domestic),False,True,True,True,
3046,3046.T,JINS HOLDINGS Inc.,Retail Trade,Prime Market (Domestic),False,True,True,True,
8596,8596.T,"KYUSHU LEASING SERVICE CO.,LTD.",Other Financing Business,Standard Market(Domestic),True,True,True,False,financial_sector_excluded
4574,4574.T,"TAIKO PHARMACEUTICAL CO.,LTD.",Pharmaceutical,Prime Market (Domestic),False,True,True,True,
3359,3359.T,"cotta CO.,LTD",Wholesale Trade,Growth Market(Domestic),False,True,True,True,
7062,7062.T,"Fureasu Co.,Ltd.",Services,Growth Market(Domestic),False,True,True,True,
6580,6580.T,"Writeup Co.,Ltd.",Services,Growth Market(Domestic),False,True,True,True,
6563,6563.T,Mirai Works Inc.,Services,Growth Market(Domestic),False,True,True,True,
7065,7065.T,UPR Corporation,Services,Standard Market(Domestic),False,True,True,True,
3498,3498.T,"Kasumigaseki Capital Co.,Ltd.",Real Estate,Prime Market (Domestic),False,True,True,True,
9325,9325.T,PHYZ Holdings Inc.,Warehousing and Harbor Transportation Service,Standard Market(Domestic),False,True,True,True,
3088,3088.T,MatsukiyoCocokara & Co.,Retail Trade,Prime Market (Domestic),False,True,True,True,
3791,3791.T,"IG Port,Inc.",Information & Communication,Standard Market(Domestic),False,True,True,True,
3993,3993.T,PKSHA Technology Inc.,Information & Communication,Prime Market (Domestic),False,True,True,True,
2970,2970.T,"GLC GROUP,INC.",Real Estate,Standard Market(Domestic),False,True,True,True,
7433,7433.T,"Hakuto Co.,Ltd.",Wholesale Trade,Prime Market (Domestic),False,True,True,True,
8025,8025.T,"TSUKAMOTO CORPORATION CO.,LTD.",Wholesale Trade,Standard Market(Domestic),False,True,True,True,
3071,3071.T,"Stream Co.,Ltd.",Retail Trade,Standard Market(Domestic),False,True,True,True,
8131,8131.T,"Mitsuuroko Group Holdings Co.,Ltd.",Wholesale Trade,Standard Market(Domestic),False,True,True,True,
4196,4196.T,NEO MARKETING Inc.,Information & Communication,Standard Market(Domestic),False,True,True,True,
9267,9267.T,"Genky DrugStores Co.,Ltd.",Retail Trade,Prime Market (Domestic),False,True,True,True,
3598,3598.T,"YAMAKI CO.,LTD.",Textiles and Apparels,Standard Market(Domestic),False,True,True,True,
3246,3246.T,"KOSE R.E. Co.,Ltd.",Real Estate,Standard Market(Domestic),False,True,True,True,
4483,4483.T,JMDC Inc.,Information & Communication,Prime Market (Domestic),False,True,False,False,missing_operating_cf
1966,1966.T,TAKADA CORPORATION,Construction,Standard Market(Domestic),False,True,False,False,missing_revenue
1724,1724.T,SYNCLAYER INC.,Construction,Standard Market(Domestic),False,True,True,True,
1844,1844.T,"OHMORI CO.,LTD.",Construction,Standard Market(Domestic),False,True,True,True,
7567,7567.T,SAKAE ELECTRONICS CORPORATION,Wholesale Trade,Standard Market(Domestic),False,True,True,True,
3131,3131.T,SHINDEN HIGHTEX CORPORATION,Wholesale Trade,Standard Market(Domestic),False,True,True,True,
3079,3079.T,DVx Inc.,Wholesale Trade,Standard Market(Domestic),False,True,True,True,
4519,4519.T,"CHUGAI PHARMACEUTICAL CO.,LTD.",Pharmaceutical,Prime Market (Domestic),False,True,False,False,missing_operating_cf
3349,3349.T,COSMOS Pharmaceutical Corporation,Retail Trade,Prime Market (Domestic),False,True,True,True,
5587,5587.T,Inbound Platform Corp.,Information & Communication,Growth Market(Domestic),False,True,True,True,
2876,2876.T,Delsole Corporation,Foods,Standard Market(Domestic),False,True,True,True,
6614,6614.T,"Shikino High-Tech CO.,LTD.",Electric Appliances,Standard Market(Domestic),False,True,True,True,
8077,8077.T,TORQ Inc.,Wholesale Trade,Standard Market(Domestic),False,True,True,True,
7373,7373.T,"Aidma Holdings,Inc.",Services,Growth Market(Domestic),False,True,True,True,
3858,3858.T,Ubiquitous AI Corporation,Information & Communication,Standard Market(Domestic),False,True,True,True,
8142,8142.T,"TOHO Co.,Ltd.",Wholesale Trade,Prime Market (Domestic),False,True,True,True,
8013,8013.T,"NAIGAI CO.,LTD.",Textiles and Apparels,Standard Market(Domestic),False,True,True,True,
9969,9969.T,"SHOKUBUN CO.,LTD.",Retail Trade,Standard Market(Domestic),False,True,True,True,
8225,8225.T,"Takachiho Co.,Ltd.",Wholesale Trade,Standard Market(Domestic),False,True,True,True,
7687,7687.T,"MICREED Co.,Ltd.",Wholesale Trade,Growth Market(Domestic),False,True,True,True,
3004,3004.T,SHINYEI KAISHA,Wholesale Trade,Standard Market(Domestic),False,True,True,True,
6096,6096.T,"RareJob,Inc.",Services,Standard Market(Domestic),False,True,True,True,
3082,3082.T,"KICHIRI HOLDINGS & Co.,Ltd.",Retail Trade,Standard Market(Domestic),False,True,True,True,
7599,7599.T,IDOM Inc.,Wholesale Trade,Prime Market (Domestic),False,True,True,True,
7494,7494.T,"KONAKA CO.,LTD.",Retail Trade,Standard Market(Domestic),False,True,True,True,
2533,2533.T,"Oenon Holdings,Inc.",Foods,Prime Market (Domestic),False,True,True,True,
7537,7537.T,MARUBUN CORPORATION,Wholesale Trade,Prime Market (Domestic),False,True,True,True,
2489,2489.T,Adways Inc.,Services,Standard Market(Domestic),False,True,True,True,
8135,8135.T,ZETT CORPORATION,Wholesale Trade,Standard Market(Domestic),False,True,True,True,
3179,3179.T,"Syuppin Co.,Ltd.",Retail Trade,Prime Market (Domestic),False,True,True,True,
4720,4720.T,"JOHNAN ACADEMIC PREPARATORY INSTITUTE,INC.",Services,Standard Market(Domestic),False,True,True,True,
6195,6195.T,"HOPE,INC.",Services,Growth Market(Domestic),False,True,True,True,
7060,7060.T,geechs inc.,Services,Standard Market(Domestic),False,True,True,True,
9237,9237.T,"Emimen Co.,Ltd.",Services,Growth Market(Domestic),False,True,True,True,
9932,9932.T,"SUGIMOTO & CO.,LTD.",Wholesale Trade,Prime Market (Domestic),False,True,True,True,
2593,2593.T,"ITO EN,LTD.",Foods,Prime Market (Domestic),False,True,True,True,
4933,4933.T,"I-ne CO.,LTD.",Chemicals,Prime Market (Domestic),False,True,True,True,
9962,9962.T,MISUMI Group Inc.,Wholesale Trade,Prime Market (Domestic),False,True,True,True,
7906,7906.T,"YONEX CO.,LTD.",Other Products,Standard Market(Domestic),False,True,True,True,
8705,8705.T,"Nissan Securities Group Co.,Ltd.",Securities and Commodities Futures,Standard Market(Domestic),True,True,False,False,financial_sector_excluded;missing_revenue
6562,6562.T,"Geniee,Inc.",Services,Growth Market(Domestic),False,True,False,False,missing_operating_cf
8275,8275.T,FORVAL CORPORATION,Wholesale Trade,Standard Market(Domestic),False,True,True,True,
9625,9625.T,"CERESPO CO.,LTD.",Services,Standard Market(Domestic),False,True,True,True,
8136,8136.T,"Sanrio Company,Ltd.",Wholesale Trade,Prime Market (Domestic),False,True,True,True,
4477,4477.T,"BASE,Inc.",Information & Communication,Growth Market(Domestic),False,True,True,True,
5248,5248.T,"TECHNOLOGIES,Inc.",Information & Communication,Growth Market(Domestic),False,True,True,True,
7161,7161.T,"Jimoto Holdings,Inc.",Banks,Standard Market(Domestic),True,True,True,False,financial_sector_excluded
8844,8844.T,"COSMOS INITIA Co.,Ltd.",Real Estate,Standard Market(Domestic),False,True,True,True,
4026,4026.T,"Konoshima Chemical Co.,Ltd.",Glass and Ceramics Products,Standard Market(Domestic),False,True,True,True,
2722,2722.T,"IK HOLDINGS Co.,Ltd.",Retail Trade,Standard Market(Domestic),False,True,True,True,
7094,7094.T,NexTone Inc.,Services,Growth Market(Domestic),False,True,True,True,
6063,6063.T,"Emergency Assistance Japan Co., Ltd.",Services,Standard Market(Domestic),False,True,True,True,
6031,6031.T,ZETA INC.,Services,Growth Market(Domestic),False,True,True,True,
4178,4178.T,Sharing Innovations Inc.,Information & Communication,Growth Market(Domestic),False,True,True,True,
7046,7046.T,TDSE Inc.,Services,Growth Market(Domestic),False,True,True,True,
3611,3611.T,MATSUOKA CORPORATION,Textiles and Apparels,Standard Market(Domestic),False,True,True,True,
5699,5699.T,"IBOKIN Co.,Ltd.",Iron and Steel,Standard Market(Domestic),False,True,True,True,
4346,4346.T,NEXYZ.Group Corporation,Other Financing Business,Standard Market(Domestic),True,True,True,False,financial_sector_excluded
8011,8011.T,SANYO SHOKAI LTD.,Textiles and Apparels,Prime Market (Domestic),False,True,True,True,
6338,6338.T,Takatori Corporation,Machinery,Standard Market(Domestic),False,True,True,True,
3678,3678.T,"MEDIA DO Co.,Ltd.",Information & Communication,Prime Market (Domestic),False,True,True,True,
8887,8887.T,"SYLA Holdings Co.,Ltd.",Real Estate,Standard Market(Domestic),False,True,True,True,
7220,7220.T,"MUSASHI SEIMITSU INDUSTRY CO.,LTD.",Transportation Equipment,Prime Market (Domestic),False,True,True,True,
2471,2471.T,"S-Pool,Inc.",Services,Prime Market (Domestic),False,True,False,False,missing_operating_cf
8105,8105.T,Bitcoin Japan Corporation,Wholesale Trade,Standard Market(Domestic),False,True,True,True,
9930,9930.T,"KITAZAWA SANGYO CO.,LTD.",Wholesale Trade,Standard Market(Domestic),False,True,True,True,
6330,6330.T,TOYO ENGINEERING CORPORATION,Construction,Prime Market (Domestic),False,True,False,False,missing_revenue
7808,7808.T,"C.S. LUMBER CO.,INC",Other Products,Standard Market(Domestic),False,True,True,True,
5408,5408.T,"NAKAYAMA STEEL WORKS,LTD.",Iron and Steel,Prime Market (Domestic),False,True,True,True,
8742,8742.T,"KOBAYASHI YOKO CO.,LTD.",Securities and Commodities Futures,Standard Market(Domestic),True,True,True,False,financial_sector_excluded
6035,6035.T,"IR Japan Holdings,Ltd.",Services,Standard Market(Domestic),False,True,True,True,
3659,3659.T,"NEXON Co.,Ltd.",Information & Communication,Prime Market (Domestic),False,True,False,False,missing_operating_cf
5202,5202.T,"Nippon Sheet Glass Company,Limited",Glass and Ceramics Products,Prime Market (Domestic),False,True,False,False,missing_operating_cf
5619,5619.T,"MRSO.,Inc",Information & Communication,Growth Market(Domestic),False,True,True,True,
4263,4263.T,"SUSMED,Inc.",Information & Communication,Growth Market(Domestic),False,True,False,False,missing_revenue
9308,9308.T,"Inui Global Logistics Co.,Ltd.",Marine Transportation,Standard Market(Domestic),False,True,True,True,
2491,2491.T,"ValueCommerce Co.,Ltd.",Services,Prime Market (Domestic),False,True,True,True,
2438,2438.T,"Asukanet Company,Limited",Services,Growth Market(Domestic),False,True,True,True,
3181,3181.T,"KAITORI OKOKU CO.,LTD.",Retail Trade,Standard Market(Domestic),False,True,True,True,
4523,4523.T,"Eisai Co.,Ltd.",Pharmaceutical,Prime Market (Domestic),False,True,False,False,missing_operating_cf
8103,8103.T,Meiwa Corporation,Wholesale Trade,Prime Market (Domestic),False,True,True,True,
1840,1840.T,"TSUCHIYA HOLDINGS CO.,LTD.",Construction,Standard Market(Domestic),False,True,True,True,
9145,9145.T,"BEING HOLDINGS CO.,LTD.",Land Transportation,Standard Market(Domestic),False,True,True,True,
2687,2687.T,CVS Bay Area Inc.,Services,Standard Market(Domestic),False,True,True,True,
7613,7613.T,SIIX CORPORATION,Wholesale Trade,Prime Market (Domestic),False,True,True,True,
2991,2991.T,LANDNET Inc.,Real Estate,Standard Market(Domestic),False,True,True,True,
3397,3397.T,TORIDOLL Holdings Corporation,Retail Trade,Prime Market (Domestic),False,True,False,False,missing_operating_cf
7096,7096.T,StemCell Institute,Services,Growth Market(Domestic),False,True,True,True,
3929,3929.T,"SOCIALWIRE CO.,LTD.",Information & Communication,Growth Market(Domestic),False,True,True,True,
3223,3223.T,SLD Entertainment Inc.,Retail Trade,Standard Market(Domestic),False,True,True,True,
7898,7898.T,"WOOD ONE CO.,LTD.",Other Products,Standard Market(Domestic),False,True,True,True,
4558,4558.T,"CHUKYO IYAKUHIN CO.,LTD.",Pharmaceutical,Standard Market(Domestic),False,True,True,True,
6634,6634.T,JN Group Inc.,Electric Appliances,Standard Market(Domestic),False,True,True,True,
9270,9270.T,Valuence Holdings Inc.,Wholesale Trade,Growth Market(Domestic),False,True,True,True,
6775,6775.T,TB GROUP INC.,Electric Appliances,Standard Market(Domestic),False,True,True,True,
1407,1407.T,West Holdings Corporation,Construction,Standard Market(Domestic),False,True,True,True,
5632,5632.T,"Mitsubishi Steel Mfg.Co.,Ltd.",Iron and Steel,Prime Market (Domestic),False,True,True,True,
3600,3600.T,FUJIX Ltd.,Textiles and Apparels,Standard Market(Domestic),False,True,True,True,
5269,5269.T,"NIPPON CONCRETE INDUSTRIES CO.,LTD.",Glass and Ceramics Products,Prime Market (Domestic),False,True,True,True,
7686,7686.T,"HitoMile Co.,Ltd.",Retail Trade,Standard Market(Domestic),False,True,True,True,
2981,2981.T,Landix Inc.,Real Estate,Growth Market(Domestic),False,True,True,True,
7983,7983.T,Miroku Corporation,Other Products,Standard Market(Domestic),False,True,True,True,
5588,5588.T,"Fast Accounting Co.,Ltd.",Information & Communication,Growth Market(Domestic),False,True,True,True,
7625,7625.T,"GLOBAL-DINING,INC.",Retail Trade,Standard Market(Domestic),False,True,True,True,
9417,9417.T,"Smartvalue Co.,Ltd.",Information & Communication,Standard Market(Domestic),False,True,True,True,
4371,4371.T,Core Concept Technologies Inc.,Information & Communication,Growth Market(Domestic),False,True,True,True,
3663,3663.T,"CELSYS,Inc.",Information & Communication,Prime Market (Domestic),False,True,True,True,
4936,4936.T,AXXZIA Inc.,Chemicals,Standard Market(Domestic),False,True,True,True,
9064,9064.T,"YAMATO HOLDINGS CO.,LTD.",Land Transportation,Prime Market (Domestic),False,True,True,True,
3987,3987.T,Ecomott Inc.,Information & Communication,Growth Market(Domestic),False,True,True,True,
4911,4911.T,"Shiseido Company,Limited",Chemicals,Prime Market (Domestic),False,True,False,False,missing_operating_cf
7150,7150.T,"THE SHIMANE BANK,LTD.",Banks,Standard Market(Domestic),True,True,False,False,financial_sector_excluded;missing_revenue;missing_operating_income
5410,5410.T,"Godo Steel,Ltd.",Iron and Steel,Prime Market (Domestic),False,True,True,True,
1888,1888.T,"WAKACHIKU CONSTRUCTION CO.,LTD.",Construction,Prime Market (Domestic),False,True,True,True,
4412,4412.T,"Science Arts,Inc.",Information & Communication,Growth Market(Domestic),False,True,True,True,
9244,9244.T,DIGITALIFT Inc.,Services,Growth Market(Domestic),False,True,True,True,
9439,9439.T,M・H・GROUP LTD.,Services,Standard Market(Domestic),False,True,True,True,
8104,8104.T,KUWAZAWA Holdings Corporation,Wholesale Trade,Standard Market(Domestic),False,True,True,True,
4040,4040.T,"NANKAI CHEMICAL COMPANY,LIMITED",Chemicals,Standard Market(Domestic),False,True,True,True,
3474,3474.T,"G-FACTORY CO.,LTD.",Real Estate,Growth Market(Domestic),False,True,True,True,
4370,4370.T,Mobilus Corporation,Information & Communication,Growth Market(Domestic),False,True,True,True,
5698,5698.T,ENVIPRO HOLDINGS Inc.,Iron and Steel,Standard Market(Domestic),False,True,True,True,
3494,3494.T,"Mullion Co.,Ltd.",Real Estate,Standard Market(Domestic),False,True,True,True,
3653,3653.T,"Morpho,Inc.",Information & Communication,Growth Market(Domestic),False,True,True,True,
3154,3154.T,"MEDIUS HOLDINGS Co.,Ltd.",Wholesale Trade,Prime Market (Domestic),False,True,True,True,
9519,9519.T,"RENOVA,Inc.",Electric Power and Gas,Prime Market (Domestic),False,True,False,False,missing_operating_cf
3998,3998.T,"SuRaLa Net Co.,Ltd.",Information & Communication,Growth Market(Domestic),False,True,True,True,
4704,4704.T,Trend Micro Incorporated,Information & Communication,Prime Market (Domestic),False,True,True,True,
9362,9362.T,"HYOKI KAIUN KAISHA,LTD.",Warehousing and Harbor Transportation Service,Standard Market(Domestic),False,True,True,True,
2607,2607.T,"FUJI OIL CO.,LTD.",Foods,Prime Market (Domestic),False,True,True,True,
7363,7363.T,baby calendar Inc.,Services,Growth Market(Domestic),False,True,True,True,
7531,7531.T,SEIWA CHUO HOLDINGS CORPORATION,Wholesale Trade,Standard Market(Domestic),False,True,True,True,
3393,3393.T,"Startia Holdings,Inc.",Wholesale Trade,Prime Market (Domestic),False,True,True,True,
4165,4165.T,"PLAID,Inc.",Information & Communication,Growth Market(Domestic),False,True,True,True,
3562,3562.T,"No.1 Co.,Ltd",Wholesale Trade,Standard Market(Domestic),False,True,True,True,
7033,7033.T,"Management Solutions Co.,Ltd.",Services,Prime Market (Domestic),False,True,True,True,
9171,9171.T,"Kuribayashi Steamship Co.,Ltd.",Marine Transportation,Standard Market(Domestic),False,True,True,True,
6047,6047.T,Gunosy Inc.,Services,Prime Market (Domestic),False,True,True,True,
8185,8185.T,"CHIYODA CO.,LTD.",Retail Trade,Prime Market (Domestic),False,True,True,True,
4937,4937.T,Waqoo Inc.,Chemicals,Growth Market(Domestic),False,True,True,True,
9903,9903.T,"KANSEKI CO.,LTD",Retail Trade,Standard Market(Domestic),False,True,True,True,
6425,6425.T,Universal Entertainment Corporation,Machinery,Standard Market(Domestic),False,True,True,True,
3542,3542.T,"Vega corporation Co.,Ltd.",Retail Trade,Growth Market(Domestic),False,True,True,True,
9843,9843.T,"Nitori Holdings Co.,Ltd.",Retail Trade,Prime Market (Domestic),False,True,True,True,
9168,9168.T,"Rise Consulting Group,Inc.",Services,Growth Market(Domestic),False,True,False,False,missing_operating_cf
3559,3559.T,p-ban.com Corp.,Wholesale Trade,Standard Market(Domestic),False,True,True,True,
2708,2708.T,"KUZE CO.,LTD.",Wholesale Trade,Standard Market(Domestic),False,True,True,True,
7851,7851.T,"KAWASE COMPUTER SUPPLIES CO.,LTD.",Other Products,Standard Market(Domestic),False,True,True,True,
7957,7957.T,"FUJICOPIAN CO.,LTD.",Other Products,Standard Market(Domestic),False,True,True,True,
9159,9159.T,W TOKYO Inc.,Services,Growth Market(Domestic),False,True,True,True,
2652,2652.T,MANDARAKE INC.,Retail Trade,Standard Market(Domestic),False,True,True,True,
8708,8708.T,"AIZAWA SECURITIES GROUP CO.,LTD.",Securities and Commodities Futures,Prime Market (Domestic),True,True,True,False,financial_sector_excluded
3054,3054.T,HYPER Inc.,Wholesale Trade,Standard Market(Domestic),False,True,True,True,
3529,3529.T,"ATSUGI CO.,LTD.",Textiles and Apparels,Standard Market(Domestic),False,True,True,True,
3696,3696.T,CERES INC.,Information & Communication,Prime Market (Domestic),False,True,True,True,
2413,2413.T,"M3,Inc.",Services,Prime Market (Domestic),False,True,False,False,missing_operating_cf
8836,8836.T,RISE Inc.,Real Estate,Standard Market(Domestic),False,True,True,True,
5332,5332.T,TOTO LTD.,Glass and Ceramics Products,Prime Market (Domestic),False,True,True,True,
8946,8946.T,ASIAN STAR CO.,Real Estate,Standard Market(Domestic),False,True,True,True,
2130,2130.T,"Members Co.,Ltd.",Services,Prime Market (Domestic),False,True,True,True,
5838,5838.T,"Rakuten Bank,Ltd.",Banks,Prime Market (Domestic),True,True,False,False,financial_sector_excluded;missing_revenue;missing_operating_income
5950,5950.T,"JAPAN POWER FASTENING CO.,LTD.",Metal Products,Standard Market(Domestic),False,True,True,True,
3374,3374.T,Naigai Tec Corporation,Wholesale Trade,Standard Market(Domestic),False,True,True,True,
4814,4814.T,Nextware Ltd.,Information & Communication,Standard Market(Domestic),False,True,True,True,
3465,3465.T,"KI-STAR REAL ESTATE CO.,LTD",Real Estate,Prime Market (Domestic),False,True,True,True,
2215,2215.T,"FIRST BAKING CO.,LTD.",Foods,Standard Market(Domestic),False,True,True,True,
3907,3907.T,Silicon Studio Corp.,Information & Communication,Standard Market(Domestic),False,True,True,True,
5574,5574.T,"ABEJA,Inc.",Information & Communication,Growth Market(Domestic),False,True,True,True,
5527,5527.T,property technologies Inc.,Real Estate,Growth Market(Domestic),False,True,True,True,
7952,7952.T,"Kawai Musical Instruments Manufacturing Co.,Ltd.",Other Products,Prime Market (Domestic),False,True,True,True,
2440,2440.T,"Gurunavi,Inc.",Services,Standard Market(Domestic),False,True,True,True,
3900,3900.T,CrowdWorks Inc.,Information & Communication,Growth Market(Domestic),False,True,True,True,
6181,6181.T,Tameny Inc.,Services,Growth Market(Domestic),False,True,True,True,
7347,7347.T,"Mercuria Holdings Co.,Ltd.",Securities and Commodities Futures,Prime Market (Domestic),True,True,True,False,financial_sector_excluded
3841,3841.T,Jedat Inc.,Information & Communication,Standard Market(Domestic),False,True,True,True,
7196,7196.T,Casa Inc.,Other Financing Business,Standard Market(Domestic),True,True,True,False,financial_sector_excluded
7047,7047.T,PORT INC.,Services,Growth Market(Domestic),False,True,False,False,missing_operating_cf
5591,5591.T,AVILEN Inc.,Information & Communication,Growth Market(Domestic),False,True,True,True,
2678,2678.T,ASKUL Corporation,Retail Trade,Prime Market (Domestic),False,True,True,True,
9262,9262.T,"SILVER LIFE CO.,LTD.",Retail Trade,Standard Market(Domestic),False,True,True,True,
7238,7238.T,"AKEBONO BRAKE INDUSTRY CO.,LTD.",Transportation Equipment,Prime Market (Domestic),False,True,True,True,
4175,4175.T,coly Inc.,Information & Communication,Growth Market(Domestic),False,True,True,True,
2501,2501.T,SAPPORO HOLDINGS LIMITED,Foods,Prime Market (Domestic),False,True,False,False,missing_operating_cf
5888,5888.T,"DAIWA CYCLE CO.,LTD.",Retail Trade,Growth Market(Domestic),False,True,True,True,
6191,6191.T,AirTrip Corp.,Services,Prime Market (Domestic),False,True,False,False,missing_operating_cf
2997,2997.T,"STORAGE-OH Co.,Ltd.",Real Estate,Growth Market(Domestic),False,True,True,True,
2681,2681.T,GEO HOLDINGS CORPORATION,Retail Trade,Prime Market (Domestic),False,True,True,True,
5449,5449.T,"OSAKA STEEL CO.,LTD.",Iron and Steel,Standard Market(Domestic),False,True,True,True,
8562,8562.T,"THE FUKUSHIMA BANK,LTD.",Banks,Standard Market(Domestic),True,True,False,False,financial_sector_excluded;missing_revenue;missing_operating_income
2760,2760.T,TOKYO ELECTRON DEVICE LIMITED,Wholesale Trade,Prime Market (Domestic),False,True,True,True,
7590,7590.T,"TAKASHO CO.,LTD.",Wholesale Trade,Standard Market(Domestic),False,True,True,True,
8912,8912.T,Area Quest Inc.,Real Estate,Standard Market(Domestic),False,True,True,True,
4395,4395.T,Accrete Inc.,Information & Communication,Growth Market(Domestic),False,True,True,True,
6324,6324.T,Harmonic Drive Systems Inc.,Machinery,Prime Market (Domestic),False,True,True,True,
3266,3266.T,"Fund Creation Group Co.,Ltd.",Real Estate,Standard Market(Domestic),False,True,True,True,
2764,2764.T,Hiramatsu Inc.,Retail Trade,Standard Market(Domestic),False,True,True,True,
7879,7879.T,NODA CORPORATION,Other Products,Standard Market(Domestic),False,True,True,True,
3461,3461.T,"Palma Co.,Ltd.",Real Estate,Standard Market(Domestic),False,True,True,True,
7372,7372.T,Decollte Holdings Corporation,Services,Growth Market(Domestic),False,True,False,False,missing_operating_cf
9914,9914.T,"Uematsu Shokai Co.,Ltd.",Wholesale Trade,Standard Market(Domestic),False,True,True,True,
5707,5707.T,"Toho Zinc Co.,Ltd.",Nonferrous Metals,Prime Market (Domestic),False,True,True,True,
9556,9556.T,INTLOOP Inc.,Services,Growth Market(Domestic),False,True,True,True,
2931,2931.T,"Euglena Co.,Ltd.",Foods,Prime Market (Domestic),False,True,True,True,
7351,7351.T,Goodpatch Inc.,Services,Growth Market(Domestic),False,True,True,True,
3415,3415.T,"TOKYO BASE Co.,Ltd.",Retail Trade,Prime Market (Domestic),False,True,True,True,
2193,2193.T,Cookpad Inc.,Services,Standard Market(Domestic),False,True,False,False,missing_operating_cf
4487,4487.T,"Spacemarket,Inc.",Information & Communication,Growth Market(Domestic),False,True,True,True,
4017,4017.T,CREEMA LTD.,Information & Communication,Growth Market(Domestic),False,True,True,True,
4444,4444.T,infoNet inc.,Information & Communication,Growth Market(Domestic),False,True,True,True,
4167,4167.T,Kokopelli Inc.,Information & Communication,Growth Market(Domestic),False,True,True,True,
7362,7362.T,Terminalcare Support Institute Inc.,Services,Growth Market(Domestic),False,True,True,True,
4375,4375.T,Safie Inc.,Information & Communication,Growth Market(Domestic),False,True,True,True,
7048,7048.T,VELTRA Corporation,Services,Growth Market(Domestic),False,True,True,True,
4434,4434.T,"Serverworks Co.,Ltd.",Information & Communication,Standard Market(Domestic),False,True,True,True,
3416,3416.T,PIXTA Inc.,Retail Trade,Standard Market(Domestic),False,True,True,True,
6557,6557.T,AIAI Group Corporation,Services,Growth Market(Domestic),False,True,True,True,
9274,9274.T,"KPP GROUP HOLDINGS CO.,LTD.",Wholesale Trade,Prime Market (Domestic),False,True,True,True,
7071,7071.T,"Amvis Holdings,Inc.",Services,Prime Market (Domestic),False,True,True,True,
9090,9090.T,AZ-COM MARUWA Holdings Inc.,Land Transportation,Prime Market (Domestic),False,True,True,True,
7353,7353.T,"KIYO Learning Co.,Ltd.",Services,Growth Market(Domestic),False,True,True,True,
6552,6552.T,"GameWith,Inc.",Services,Standard Market(Domestic),False,True,True,True,
2813,2813.T,"Wakou Shokuhin Co.,Ltd.",Foods,Standard Market(Domestic),False,True,True,True,
1518,1518.T,"MITSUI MATSUSHIMA HOLDINGS CO.,LTD.",Other Products,Prime Market (Domestic),False,True,True,True,
7130,7130.T,"YAMAE GROUP HOLDINGS CO.,LTD.",Wholesale Trade,Prime Market (Domestic),False,True,True,True,
7369,7369.T,"Meiho Holdings,Inc.",Services,Growth Market(Domestic),False,True,True,True,
4270,4270.T,BeeX Inc.,Information & Communication,Growth Market(Domestic),False,True,True,True,
4020,4020.T,BETREND CORPORATION,Information & Communication,Growth Market(Domestic),False,True,True,True,
3976,3976.T,SHANON Inc.,Information & Communication,Growth Market(Domestic),False,True,True,True,
7214,7214.T,GMB CORPORATION,Transportation Equipment,Standard Market(Domestic),False,True,True,True,
7376,7376.T,"BCC Co.,Ltd.",Services,Growth Market(Domestic),False,True,True,True,
5250,5250.T,"GMO PRIME STRATEGY CO.,LTD.",Information & Communication,Standard Market(Domestic),False,True,True,True,
9818,9818.T,"DAIMARU ENAWIN Co.,Ltd.",Wholesale Trade,Standard Market(Domestic),False,True,True,True,
3069,3069.T,JFLA Holdings Inc.,Foods,Standard Market(Domestic),False,True,True,True,
5491,5491.T,"NIPPON KINZOKU CO.,LTD.",Iron and Steel,Standard Market(Domestic),False,True,True,True,
9972,9972.T,"ALTECH CO.,LTD.",Wholesale Trade,Standard Market(Domestic),False,True,True,True,
6069,6069.T,"Trenders,Inc.",Services,Growth Market(Domestic),False,True,True,True,
3807,3807.T,FISCO Ltd.,Information & Communication,Growth Market(Domestic),False,True,True,True,
8869,8869.T,Meiwa Estate Company Limited,Real Estate,Standard Market(Domestic),False,True,True,True,
4579,4579.T,RaQualia Pharma Inc.,Pharmaceutical,Growth Market(Domestic),False,True,False,False,missing_revenue
6577,6577.T,"Bestone.Com Co.,Ltd",Services,Growth Market(Domestic),False,True,True,True,
7990,7990.T,"GLOBERIDE,Inc.",Other Products,Prime Market (Domestic),False,True,True,True,
7427,7427.T,"ECHO TRADING CO.,LTD.",Wholesale Trade,Standard Market(Domestic),False,True,True,True,
5891,5891.T,"Kairikiya Co.,Ltd.",Retail Trade,Standard Market(Domestic),False,True,True,True,
1419,1419.T,"Tama Home Co.,Ltd.",Construction,Prime Market (Domestic),False,True,True,True,
9557,9557.T,"airCloset,Inc.",Services,Growth Market(Domestic),False,True,True,True,
3180,3180.T,BEAUTY GARAGE Inc.,Wholesale Trade,Prime Market (Domestic),False,True,True,True,
4772,4772.T,"SM ENTERTAINMENT JAPAN Co.,Ltd.",Information & Communication,Growth Market(Domestic),False,True,True,True,
9268,9268.T,OPTIMUS GROUP COMPANY LIMITED,Wholesale Trade,Standard Market(Domestic),False,True,True,True,
6094,6094.T,"FreakOut Holdings,inc.",Services,Growth Market(Domestic),False,True,True,True,
4885,4885.T,MUROMACHI CHEMICALS INC.,Pharmaceutical,Standard Market(Domestic),False,True,True,True,
7366,7366.T,LITALICO Inc.,Services,Prime Market (Domestic),False,True,True,True,
5258,5258.T,Transaction Media Networks Inc.,Information & Communication,Growth Market(Domestic),False,True,True,True,
2590,2590.T,"DyDo GROUP HOLDINGS,INC.",Foods,Prime Market (Domestic),False,True,True,True,
4443,4443.T,"Sansan,Inc.",Information & Communication,Prime Market (Domestic),False,True,True,True,
8508,8508.T,"J Trust Co.,Ltd.",Other Financing Business,Standard Market(Domestic),True,True,False,False,financial_sector_excluded;missing_revenue;missing_operating_cf
7793,7793.T,IMAGE MAGIC Inc.,Other Products,Growth Market(Domestic),False,True,True,True,
2686,2686.T,"GFOOT CO.,LTD.",Retail Trade,Standard Market(Domestic),False,True,True,True,
2156,2156.T,SAYLOR ADVERTISING INC.,Services,Standard Market(Domestic),False,True,False,False,missing_revenue
5885,5885.T,"GDEP ADVANCE,Inc.",Wholesale Trade,Standard Market(Domestic),False,True,True,True,
6982,6982.T,"The Lead Co.,Inc.",Transportation Equipment,Standard Market(Domestic),False,True,True,True,
4176,4176.T,coconala Inc.,Information & Communication,Growth Market(Domestic),False,True,True,True,
2693,2693.T,YKT CORPORATION,Wholesale Trade,Standard Market(Domestic),False,True,True,True,
2195,2195.T,"AMITA HOLDINGS CO.,LTD.",Services,Growth Market(Domestic),False,True,True,True,
8165,8165.T,"SENSHUKAI CO.,LTD.",Retail Trade,Standard Market(Domestic),False,True,True,True,
9553,9553.T,"MicroAd,Inc.",Services,Growth Market(Domestic),False,True,True,True,
3175,3175.T,"AP HOLDINGS CO.,LTD.",Retail Trade,Standard Market(Domestic),False,True,True,True,
9363,9363.T,"DAIUN CO.,LTD.",Warehousing and Harbor Transportation Service,Standard Market(Domestic),False,True,True,True,
5586,5586.T,Laboro.AI Inc.,Information & Communication,Growth Market(Domestic),False,True,True,True,
4488,4488.T,AI inside Inc.,Information & Communication,Growth Market(Domestic),False,True,True,True,
4978,4978.T,ReproCELL Incorporated,Chemicals,Growth Market(Domestic),False,True,True,True,
2168,2168.T,Pasona Group Inc.,Services,Prime Market (Domestic),False,True,True,True,
7135,7135.T,"JAPAN CRAFT HOLDINGS CO.,LTD.",Retail Trade,Standard Market(Domestic),False,True,True,True,
7915,7915.T,"Nissha Co.,Ltd.",Other Products,Prime Market (Domestic),False,True,False,False,missing_operating_cf
5704,5704.T,JMC Corporation,Nonferrous Metals,Growth Market(Domestic),False,True,True,True,
4331,4331.T,"TAKE AND GIVE. NEEDS Co.,Ltd.",Services,Prime Market (Domestic),False,True,True,True,
7388,7388.T,FP Partner Inc.,Insurance,Prime Market (Domestic),True,True,True,False,financial_sector_excluded
5025,5025.T,MERCURY Inc.,Information & Communication,Growth Market(Domestic),False,True,True,True,
6034,6034.T,MRT Inc.,Services,Growth Market(Domestic),False,True,False,False,missing_operating_cf
4760,4760.T,"ALPHA CO.,LTD.",Services,Standard Market(Domestic),False,True,True,True,
7997,7997.T,Kurogane Kosakusho Ltd.,Other Products,Standard Market(Domestic),False,True,True,True,
2700,2700.T,"KITOKU SHINRYO CO.,LTD.",Wholesale Trade,Standard Market(Domestic),False,True,True,True,
3557,3557.T,UNITED&COLLECTIVE CO.LTD.,Retail Trade,Growth Market(Domestic),False,True,True,True,
7044,7044.T,PIALA INC.,Services,Standard Market(Domestic),False,True,True,True,
3985,3985.T,TEMONA.inc.,Information & Communication,Standard Market(Domestic),False,True,True,True,
6993,6993.T,"Daikokuya Holdings Co.,Ltd.",Retail Trade,Standard Market(Domestic),False,True,True,True,
2791,2791.T,"DAIKOKUTENBUSSAN CO.,LTD.",Retail Trade,Prime Market (Domestic),False,True,True,True,
8139,8139.T,NAGAHORI CORPORATION,Wholesale Trade,Standard Market(Domestic),False,True,True,True,
6029,6029.T,Artra Group Corporation,Services,Standard Market(Domestic),False,True,True,True,
8260,8260.T,"IZUTSUYA CO.,LTD.",Retail Trade,Standard Market(Domestic),False,True,True,True,
3994,3994.T,"Money Forward,Inc.",Information & Communication,Prime Market (Domestic),False,True,True,True,
3657,3657.T,"Pole To Win Holdings,Inc.",Information & Communication,Prime Market (Domestic),False,True,True,True,
8729,8729.T,Sony Financial Group Inc.,Insurance,Prime Market (Domestic),True,True,False,False,financial_sector_excluded;price_history_lt_500;missing_total_assets;missing_equity;missing_roe;missing_revenue;missing_operating_income;missing_operating_cf
2342,2342.T,TRANSGENIC GROUP INC.,Services,Standard Market(Domestic),False,True,True,True,
5842,5842.T,Integral Corporation,Securities and Commodities Futures,Growth Market(Domestic),True,True,False,False,financial_sector_excluded;missing_operating_cf
3286,3286.T,TRUST Holdings Inc.,Real Estate,Standard Market(Domestic),False,True,True,True,
7602,7602.T,"Ledax Co.,Ltd.",Wholesale Trade,Standard Market(Domestic),False,True,True,True,
3880,3880.T,Daio Paper Corporation,Pulp and Paper,Prime Market (Domestic),False,True,True,True,
5031,5031.T,Moi Corporation,Information & Communication,Growth Market(Domestic),False,True,True,True,
4307,4307.T,"Nomura Research Institute,Ltd.",Information & Communication,Prime Market (Domestic),False,True,False,False,missing_operating_cf
3491,3491.T,"GAtechnologies Co.,Ltd.",Real Estate,Growth Market(Domestic),False,True,False,False,missing_operating_cf
4934,4934.T,"Premier Anti-Aging Co.,Ltd.",Chemicals,Growth Market(Domestic),False,True,True,True,
2937,2937.T,"St.Cousair CO.,LTD.",Foods,Growth Market(Domestic),False,True,True,True,
9264,9264.T,"Puequ CO.,LTD.",Wholesale Trade,Standard Market(Domestic),False,True,True,True,
4100,4100.T,TODA KOGYO CORP.,Chemicals,Standard Market(Domestic),False,True,True,True,
7868,7868.T,"KOSAIDO Holdings Co.,Ltd.",Other Products,Prime Market (Domestic),False,True,True,True,
4053,4053.T,Sun* Inc.,Information & Communication,Prime Market (Domestic),False,True,True,True,
9240,9240.T,Delivery Consulting Inc.,Services,Growth Market(Domestic),False,True,True,True,
3772,3772.T,"Wealth Management,Inc.",Real Estate,Standard Market(Domestic),False,True,True,True,
3865,3865.T,Hokuetsu Corporation,Pulp and Paper,Prime Market (Domestic),False,True,True,True,
4478,4478.T,freee K.K.,Information & Communication,Growth Market(Domestic),False,True,True,True,
2291,2291.T,"FUKUTOME MEAT PACKERS,LTD.",Foods,Standard Market(Domestic),False,True,True,True,
3996,3996.T,Signpost Corporation,Information & Communication,Standard Market(Domestic),False,True,True,True,
2330,2330.T,"Forside Co.,Ltd.",Information & Communication,Standard Market(Domestic),False,True,True,True,
5612,5612.T,NIPPON CHUTETSUKAN K.K.,Iron and Steel,Standard Market(Domestic),False,True,True,True,
3038,3038.T,"KOBE BUSSAN CO.,LTD.",Wholesale Trade,Prime Market (Domestic),False,True,True,True,
4568,4568.T,"DAIICHI SANKYO COMPANY,LIMITED",Pharmaceutical,Prime Market (Domestic),False,True,False,False,missing_operating_cf
3469,3469.T,"Dualtap Co.,Ltd.",Real Estate,Standard Market(Domestic),False,True,True,True,
6537,6537.T,"WASHHOUSE CO.,LTD.",Services,Growth Market(Domestic),False,True,True,True,
2183,2183.T,"Linical Co.,Ltd.",Services,Standard Market(Domestic),False,True,True,True,
2999,2999.T,"Home Position Co.,Ltd.",Real Estate,Standard Market(Domestic),False,True,True,True,
5010,5010.T,"NIPPON SEIRO CO.,LTD.",Oil and Coal Products,Standard Market(Domestic),False,True,True,True,
7035,7035.T,"and factory,inc",Services,Standard Market(Domestic),False,True,True,True,
6578,6578.T,CORREC HOLDINGS Inc.,Services,Standard Market(Domestic),False,True,True,True,
7985,7985.T,NEPON Inc.,Metal Products,Standard Market(Domestic),False,True,True,True,
9827,9827.T,"Lilycolor Co.,Ltd.",Wholesale Trade,Standard Market(Domestic),False,True,True,True,
7343,7343.T,"Broad-Minded Co.,Ltd.",Insurance,Growth Market(Domestic),True,True,True,False,financial_sector_excluded
9444,9444.T,"TOSHIN HOLDINGS CO.,LTD",Information & Communication,Standard Market(Domestic),False,True,True,True,
5035,5035.T,HOUSEI Inc.,Information & Communication,Growth Market(Domestic),False,True,True,True,
3634,3634.T,Sockets Inc.,Information & Communication,Standard Market(Domestic),False,True,True,True,
2158,2158.T,"FRONTEO,Inc.",Services,Growth Market(Domestic),False,True,True,True,
7090,7090.T,Ligua Inc.,Services,Growth Market(Domestic),False,True,True,True,
7352,7352.T,TWOSTONE&Sons Inc.,Services,Growth Market(Domestic),False,True,True,True,
3377,3377.T,BIKE O & COMPANY Ltd.,Wholesale Trade,Standard Market(Domestic),False,True,True,True,
9330,9330.T,AGEHA Inc.,Services,Growth Market(Domestic),False,True,True,True,
4170,4170.T,"Kaizen Platform,Inc.",Information & Communication,Growth Market(Domestic),False,True,True,True,
5027,5027.T,AnyMind Group Inc.,Information & Communication,Growth Market(Domestic),False,True,False,False,missing_revenue;missing_operating_cf
4074,4074.T,"LaKeel,Inc.",Information & Communication,Growth Market(Domestic),False,True,True,True,
9885,9885.T,"CHARLE CO.,LTD.",Wholesale Trade,Standard Market(Domestic),False,True,True,True,
6182,6182.T,MetaReal Corporation,Services,Growth Market(Domestic),False,True,True,True,
7974,7974.T,"Nintendo Co.,Ltd.",Other Products,Prime Market (Domestic),False,True,True,True,
4446,4446.T,Link-U Group Inc.,Information & Communication,Prime Market (Domestic),False,True,True,True,
2788,2788.T,"APPLE INTERNATIONAL CO.,LTD.",Wholesale Trade,Standard Market(Domestic),False,True,True,True,
2962,2962.T,"TECNISCO,LTD.",Metal Products,Standard Market(Domestic),False,True,True,True,
7061,7061.T,Japan Hospice Holdings Inc.,Services,Growth Market(Domestic),False,True,True,True,
9204,9204.T,Skymark Airlines Inc.,Air Transportation,Growth Market(Domestic),False,True,False,False,missing_revenue
4512,4512.T,"WAKAMOTO PHARMACEUTICAL CO.,LTD.",Pharmaceutical,Standard Market(Domestic),False,True,True,True,
3760,3760.T,"CAVE Interactive CO.,LTD.",Information & Communication,Standard Market(Domestic),False,True,True,True,
4068,4068.T,Basis Corporation,Information & Communication,Growth Market(Domestic),False,True,True,True,
7681,7681.T,"LEOCLAN Co.,Ltd.",Wholesale Trade,Standard Market(Domestic),False,True,True,True,
7610,7610.T,"TAY TWO CO.,LTD.",Retail Trade,Standard Market(Domestic),False,True,True,True,
3563,3563.T,FOOD & LIFE COMPANIES LTD.,Retail Trade,Prime Market (Domestic),False,True,False,False,missing_operating_cf
9082,9082.T,"Daiwa Motor Transportation Co.,Ltd.",Land Transportation,Standard Market(Domestic),False,True,True,True,
4052,4052.T,Ficha Inc.,Information & Communication,Growth Market(Domestic),False,True,True,True,
9166,9166.T,GENDA Inc.,Services,Growth Market(Domestic),False,True,True,True,
3607,3607.T,"KURAUDIA HOLDINGS CO.,LTD.",Textiles and Apparels,Standard Market(Domestic),False,True,True,True,
7112,7112.T,"CUBE CO.,LTD.",Retail Trade,Growth Market(Domestic),False,True,True,True,
7356,7356.T,Retty Inc.,Services,Growth Market(Domestic),False,True,True,True,
3926,3926.T,Open Door Inc.,Information & Communication,Standard Market(Domestic),False,True,True,True,
7359,7359.T,"Tokyo Communications Group,Inc.",Services,Growth Market(Domestic),False,True,True,True,
2767,2767.T,TSUBURAYA FIELDS HOLDINGS INC.,Wholesale Trade,Prime Market (Domestic),False,True,True,True,
3182,3182.T,Oisix ra daichi Inc.,Retail Trade,Prime Market (Domestic),False,True,True,True,
4222,4222.T,"KODAMA CHEMICAL INDUSTRY CO.,LTD.",Chemicals,Standard Market(Domestic),False,True,True,True,
8247,8247.T,"Daiwa Co.,Ltd.",Retail Trade,Standard Market(Domestic),False,True,True,True,
2585,2585.T,"LIFEDRINK COMPANY,INC.",Foods,Prime Market (Domestic),False,True,True,True,
7114,7114.T,"Foodison,Inc.",Wholesale Trade,Growth Market(Domestic),False,True,True,True,
3697,3697.T,SHIFT Inc.,Information & Communication,Prime Market (Domestic),False,True,True,True,
9517,9517.T,"eREX Co.,Ltd.",Electric Power and Gas,Prime Market (Domestic),False,True,True,True,
4351,4351.T,YAMADA SERVICER SYNTHETIC OFFICE,Other Financing Business,Standard Market(Domestic),True,True,True,False,financial_sector_excluded
7140,7140.T,Petgo Corporation,Retail Trade,Growth Market(Domestic),False,True,True,True,
7674,7674.T,"NATTY SWANKY holdings Co.,Ltd.",Retail Trade,Growth Market(Domestic),False,True,True,True,
8040,8040.T,"TOKYO SOIR CO.,LTD.",Textiles and Apparels,Standard Market(Domestic),False,True,True,True,
6228,6228.T,"J.E.T.Co.,LTD.",Machinery,Standard Market(Domestic),False,True,True,True,
7918,7918.T,"VIA Holdings,Inc.",Retail Trade,Standard Market(Domestic),False,True,True,True,
9561,9561.T,GLAD CUBE Inc.,Services,Growth Market(Domestic),False,True,True,True,
3803,3803.T,Image Information Inc.,Information & Communication,Growth Market(Domestic),False,True,True,True,
3135,3135.T,"MarketEnterprise Co.,Ltd",Retail Trade,Standard Market(Domestic),False,True,True,True,
7695,7695.T,"Koukandekirukun,Inc.",Retail Trade,Growth Market(Domestic),False,True,True,True,
4385,4385.T,"Mercari,Inc.",Information & Communication,Prime Market (Domestic),False,True,True,True,
5871,5871.T,SOLIZE Holdings Corporation,Services,Standard Market(Domestic),False,True,True,True,
6620,6620.T,"Miyakoshi Holdings,Inc.",Real Estate,Prime Market (Domestic),False,True,True,True,
3134,3134.T,Hamee Corp.,Retail Trade,Standard Market(Domestic),False,True,True,True,
7066,7066.T,"Peers Co.,Ltd.",Services,Growth Market(Domestic),False,True,True,True,
4416,4416.T,True Data Inc.,Information & Communication,Growth Market(Domestic),False,True,True,True,
7072,7072.T,"Intimate Merger,Inc.",Services,Growth Market(Domestic),False,True,True,True,
9258,9258.T,"CS-C.Co.,Ltd.",Services,Growth Market(Domestic),False,True,True,True,
2162,2162.T,nms Holdings Corporation,Services,Standard Market(Domestic),False,True,True,True,
4264,4264.T,"SECURE,INC.",Information & Communication,Growth Market(Domestic),False,True,True,True,
2315,2315.T,CAICA DIGITAL Inc.,Information & Communication,Standard Market(Domestic),False,True,True,True,
7810,7810.T,"Crossfor Co.,Ltd.",Other Products,Standard Market(Domestic),False,True,True,True,
7038,7038.T,Frontier Management Inc.,Services,Prime Market (Domestic),False,True,True,True,
4378,4378.T,CINC Corp.,Information & Communication,Growth Market(Domestic),False,True,True,True,
9888,9888.T,"UEX,LTD.",Wholesale Trade,Standard Market(Domestic),False,True,True,True,
7273,7273.T,"IKUYO CO.,LTD.",Transportation Equipment,Standard Market(Domestic),False,True,True,True,
7133,7133.T,"HYUGA PRIMARY CARE Co.,Ltd.",Retail Trade,Growth Market(Domestic),False,True,True,True,
3680,3680.T,Hotto Link Inc.,Information & Communication,Growth Market(Domestic),False,True,False,False,missing_operating_cf
3691,3691.T,"DIGITAL PLUS,Inc.",Information & Communication,Growth Market(Domestic),False,True,False,False,missing_operating_cf
7692,7692.T,EARTH INFINITY CO.LTD.,Electric Power and Gas,Standard Market(Domestic),False,True,True,True,
6054,6054.T,Livesense Inc.,Services,Standard Market(Domestic),False,True,True,True,
7198,7198.T,SBI ARUHI Corporation,Other Financing Business,Prime Market (Domestic),True,True,False,False,financial_sector_excluded;missing_operating_cf
9326,9326.T,"KANTSU HD CO.,LTD.",Warehousing and Harbor Transportation Service,Growth Market(Domestic),False,True,True,True,
3945,3945.T,"Superbag Company,Limited",Pulp and Paper,Standard Market(Domestic),False,True,True,True,
9158,9158.T,CUC Inc.,Services,Growth Market(Domestic),False,True,False,False,missing_operating_cf
6046,6046.T,LINKBAL INC.,Services,Standard Market(Domestic),False,True,True,True,
6190,6190.T,"PhoenixBio Co.,Ltd.",Services,Growth Market(Domestic),False,True,True,True,
4260,4260.T,"Hybrid Technologies Co.,Ltd.",Information & Communication,Growth Market(Domestic),False,True,False,False,missing_operating_cf
3238,3238.T,"CENTRAL GENERAL DEVELOPMENT CO.,LTD.",Real Estate,Standard Market(Domestic),False,True,True,True,
9219,9219.T,GiXo Ltd.,Services,Growth Market(Domestic),False,True,True,True,
4393,4393.T,"Bank of Innovation,Inc.",Information & Communication,Growth Market(Domestic),False,True,True,True,
4192,4192.T,SpiderPlus & Co.,Information & Communication,Growth Market(Domestic),False,True,True,True,
9704,9704.T,"Agora Hospitality Group Co.,Ltd.",Services,Standard Market(Domestic),False,True,True,True,
4565,4565.T,"Nxera Pharma Co.,Ltd.",Pharmaceutical,Prime Market (Domestic),False,True,False,False,missing_operating_cf
7803,7803.T,Bushiroad Inc.,Other Products,Growth Market(Domestic),False,True,True,True,
5820,5820.T,"MITSUBOSHI CO.,LTD.",Nonferrous Metals,Standard Market(Domestic),False,True,True,True,
5103,5103.T,"Showa Holdings Co.,Ltd.",Rubber Products,Standard Market(Domestic),False,True,True,True,
7422,7422.T,"TOHO LAMAC CO.,LTD.",Wholesale Trade,Standard Market(Domestic),False,True,True,True,
3793,3793.T,"Drecom Co.,Ltd.",Information & Communication,Growth Market(Domestic),False,True,True,True,
7897,7897.T,"HOKUSHIN CO.,LTD.",Other Products,Standard Market(Domestic),False,True,True,True,
7031,7031.T,Inbound Tech Inc.,Services,Growth Market(Domestic),False,True,True,True,
2872,2872.T,"SEIHYO CO.,LTD.",Foods,Standard Market(Domestic),False,True,True,True,
2138,2138.T,"CROOZ,Inc.",Information & Communication,Standard Market(Domestic),False,True,True,True,
7859,7859.T,ALMEDIO INC.,Other Products,Standard Market(Domestic),False,True,True,True,
7640,7640.T,"TOP CULTURE Co.,Ltd.",Retail Trade,Standard Market(Domestic),False,True,True,True,
4069,4069.T,BlueMeme Inc.,Information & Communication,Growth Market(Domestic),False,True,True,True,
7093,7093.T,"adish Co.,Ltd.",Services,Growth Market(Domestic),False,True,True,True,
3905,3905.T,Datasection Inc.,Information & Communication,Growth Market(Domestic),False,True,True,True,
1447,1447.T,"SAAF Holdings Co.,Ltd.",Construction,Growth Market(Domestic),False,True,True,True,
6198,6198.T,"CAREER CO.,LTD.",Services,Growth Market(Domestic),False,True,True,True,
9212,9212.T,"Green Earth Institute Co.,Ltd.",Services,Growth Market(Domestic),False,True,True,True,
9563,9563.T,Atlas Technologies Corporation,Services,Growth Market(Domestic),False,True,True,True,
9252,9252.T,"Last One Mile Co.,Ltd.",Services,Growth Market(Domestic),False,True,True,True,
7831,7831.T,Wellco Holdings Corporation,Other Products,Standard Market(Domestic),False,True,True,True,
9162,9162.T,"Bleach,Inc.",Services,Growth Market(Domestic),False,True,True,True,
6532,6532.T,"BayCurrent,Inc.",Services,Prime Market (Domestic),False,True,True,True,
2998,2998.T,CREAL Inc.,Real Estate,Growth Market(Domestic),False,True,True,True,
7115,7115.T,AlphaPurchase Corporation,Wholesale Trade,Standard Market(Domestic),False,True,True,True,
7809,7809.T,"KOTOBUKIYA CO.,LTD.",Other Products,Standard Market(Domestic),False,True,True,True,
4888,4888.T,STELLA PHARMA CORPORATION,Pharmaceutical,Growth Market(Domestic),False,True,True,True,
7477,7477.T,MURAKI CORPORATION,Wholesale Trade,Standard Market(Domestic),False,True,True,True,
4344,4344.T,SOURCENEXT CORPORATION,Information & Communication,Prime Market (Domestic),False,True,True,True,
3267,3267.T,"Phil Company,Inc.",Construction,Standard Market(Domestic),False,True,True,True,
3840,3840.T,PATH Corporation,Information & Communication,Standard Market(Domestic),False,True,True,True,
7083,7083.T,AHC GROUP INC.,Services,Growth Market(Domestic),False,True,True,True,
8202,8202.T,"Laox Holdings CO.,LTD.",Retail Trade,Standard Market(Domestic),False,True,True,True,
8166,8166.T,"Taka-Q Co.,Ltd.",Retail Trade,Standard Market(Domestic),False,True,True,True,
7601,7601.T,"POPLAR CO.,Ltd.",Retail Trade,Standard Market(Domestic),False,True,True,True,
8617,8617.T,"The Kosei Securities Co.,Ltd.",Securities and Commodities Futures,Standard Market(Domestic),True,True,False,False,financial_sector_excluded;missing_revenue
3903,3903.T,gumi Inc.,Information & Communication,Prime Market (Domestic),False,True,True,True,
2980,2980.T,SRE Holdings Corporation,Real Estate,Prime Market (Domestic),False,True,True,True,
5380,5380.T,SHINTO COMPANY LIMITED,Glass and Ceramics Products,Standard Market(Domestic),False,True,True,True,
4427,4427.T,"EduLab,Inc.",Information & Communication,Growth Market(Domestic),False,True,True,True,
2929,2929.T,"Pharma Foods International Co.,Ltd.",Foods,Prime Market (Domestic),False,True,True,True,
6696,6696.T,TRaaS On Product Inc.,Electric Appliances,Growth Market(Domestic),False,True,True,True,
3111,3111.T,"OMIKENSHI CO.,LTD.",Textiles and Apparels,Standard Market(Domestic),False,True,True,True,
3192,3192.T,"Shirohato Co.,Ltd.",Retail Trade,Standard Market(Domestic),False,True,True,True,
4014,4014.T,"KARADANOTE,INC.",Information & Communication,Growth Market(Domestic),False,True,True,True,
6786,6786.T,RVH Inc.,Services,Standard Market(Domestic),False,True,True,True,
7183,7183.T,"Anshin Guarantor Service Co.,Ltd.",Other Financing Business,Standard Market(Domestic),True,True,True,False,financial_sector_excluded
3727,3727.T,Aplix Corporation,Information & Communication,Growth Market(Domestic),False,True,False,False,missing_operating_cf
4436,4436.T,"MINKABU THE INFONOID,Inc.",Information & Communication,Growth Market(Domestic),False,True,True,True,
8254,8254.T,"Saikaya Department Store Co.,Ltd.",Retail Trade,Standard Market(Domestic),False,True,True,True,
3779,3779.T,"J ESCOM HOLDINGS,INC.",Information & Communication,Standard Market(Domestic),False,True,True,True,
7524,7524.T,MARCHE CORPORATION,Retail Trade,Standard Market(Domestic),False,True,True,True,
4174,4174.T,Appirits Inc.,Information & Communication,Standard Market(Domestic),False,True,True,True,
7616,7616.T,"COLOWIDE CO.,LTD.",Retail Trade,Prime Market (Domestic),False,True,False,False,missing_operating_cf
9565,9565.T,GLOE Inc.,Services,Growth Market(Domestic),False,True,True,True,
9213,9213.T,SEYFERT LTD.,Services,Standard Market(Domestic),False,True,True,True,
9941,9941.T,"TAIYO BUSSAN KAISHA,LTD.",Wholesale Trade,Standard Market(Domestic),False,True,True,True,
3358,3358.T,"Trailhead Global Holdings,Inc.",Retail Trade,Standard Market(Domestic),False,True,True,True,
3896,3896.T,"AWA PAPER & TECHNOLOGICAL COMPANY,Inc.",Pulp and Paper,Standard Market(Domestic),False,True,True,True,
9246,9246.T,"ProjectHoldings,Inc.",Services,Growth Market(Domestic),False,True,True,True,
4376,4376.T,Kufu Company Holdings Inc.,Information & Communication,Growth Market(Domestic),False,True,True,True,
4166,4166.T,Cacco Inc.,Information & Communication,Growth Market(Domestic),False,True,True,True,
8995,8995.T,"Makoto Construction CO,Ltd",Real Estate,Standard Market(Domestic),False,True,True,True,
3195,3195.T,"GENERATION PASS CO.,LTD.",Retail Trade,Growth Market(Domestic),False,True,True,True,
7111,7111.T,"INEST,Inc.",Wholesale Trade,Standard Market(Domestic),False,True,False,False,missing_operating_cf
2776,2776.T,"SHINTO Holdings,Inc.",Wholesale Trade,Standard Market(Domestic),False,True,True,True,
7865,7865.T,"People Co.,Ltd.",Other Products,Standard Market(Domestic),False,True,True,True,
3053,3053.T,"PEPPER FOOD SERVICE CO.,LTD.",Retail Trade,Standard Market(Domestic),False,True,True,True,
6548,6548.T,TABIKOBO Co.Ltd.,Services,Growth Market(Domestic),False,True,True,True,
3909,3909.T,Showcase Inc.,Information & Communication,Standard Market(Domestic),False,True,True,True,
8267,8267.T,"AEON CO.,LTD.",Retail Trade,Prime Market (Domestic),False,True,True,True,
4387,4387.T,"ZUU Co.,Ltd.",Information & Communication,Growth Market(Domestic),False,True,True,True,
4448,4448.T,"kubell Co.,Ltd.",Information & Communication,Growth Market(Domestic),False,True,True,True,
9225,9225.T,Bridge Consulting Group Inc.,Services,Growth Market(Domestic),False,True,True,True,
9973,9973.T,"KOZO Holdings Co.,Ltd.",Retail Trade,Standard Market(Domestic),False,True,True,True,
3224,3224.T,"General Oyster,Inc.",Retail Trade,Growth Market(Domestic),False,True,True,True,
3856,3856.T,Abalance Corporation,Electric Appliances,Standard Market(Domestic),False,True,True,True,
4935,4935.T,"LIBERTA CO.,LTD.",Chemicals,Standard Market(Domestic),False,True,True,True,
3064,3064.T,"MonotaRO Co.,Ltd.",Retail Trade,Prime Market (Domestic),False,True,True,True,
5884,5884.T,"KURADASHI.Co.,Ltd.",Retail Trade,Growth Market(Domestic),False,True,True,True,
4011,4011.T,"Headwaters Co.,Ltd",Information & Communication,Growth Market(Domestic),False,True,True,True,
9250,9250.T,GRCS Inc.,Services,Growth Market(Domestic),False,True,True,True,
5026,5026.T,"TRIPLEIZE CO.,LTD.",Information & Communication,Growth Market(Domestic),False,True,True,True,
9236,9236.T,Japan M&A Solution Incorporated,Services,Growth Market(Domestic),False,True,True,True,
4599,4599.T,StemRIM Inc.,Pharmaceutical,Growth Market(Domestic),False,True,False,False,missing_revenue
3370,3370.T,"FUJITA CORPORATION Co.,Ltd.",Retail Trade,Standard Market(Domestic),False,True,True,True,
5337,5337.T,DANTO HOLDINGS CORPORATION,Glass and Ceramics Products,Standard Market(Domestic),False,True,True,True,
2484,2484.T,"DEMAE-CAN CO.,LTD",Information & Communication,Standard Market(Domestic),False,True,True,True,
7837,7837.T,"R.C.CORE CO.,LTD.",Other Products,Standard Market(Domestic),False,True,True,True,
8918,8918.T,"LAND Co.,Ltd.",Real Estate,Standard Market(Domestic),False,True,True,True,
8698,8698.T,"Monex Group,Inc.",Securities and Commodities Futures,Prime Market (Domestic),True,True,False,False,financial_sector_excluded;missing_operating_cf
2884,2884.T,Yoshimura Food Holdings K.K.,Foods,Prime Market (Domestic),False,True,True,True,
7345,7345.T,Ai Partners Financial Inc.,Other Financing Business,Growth Market(Domestic),True,True,True,False,financial_sector_excluded
6030,6030.T,"Adventure,Inc.",Services,Growth Market(Domestic),False,True,False,False,missing_operating_cf
4890,4890.T,Tsubota Laboratory Incorporated,Pharmaceutical,Growth Market(Domestic),False,True,True,True,
4073,4073.T,"Global Communication Planning Co.,Ltd.",Information & Communication,Growth Market(Domestic),False,True,True,True,
1382,1382.T,"HOB Co.,Ltd.","Fishery, Agriculture and Forestry",Standard Market(Domestic),False,True,True,True,
9425,9425.T,ReYuu Japan Inc.,Information & Communication,Standard Market(Domestic),False,True,True,True,
7878,7878.T,"Kohsai Co.,Ltd.",Other Products,Standard Market(Domestic),False,True,True,True,
2762,2762.T,"SANKO MARKETING FOODS CO.,LTD.",Retail Trade,Standard Market(Domestic),False,True,True,True,
5541,5541.T,"PACIFIC METALS CO.,LTD.",Iron and Steel,Prime Market (Domestic),False,True,True,True,
7992,7992.T,"The Sailor Pen Co.,Ltd.",Other Products,Standard Market(Domestic),False,True,True,True,
7886,7886.T,"YAMATO Mobility & Mfg. Co.,Ltd.",Chemicals,Standard Market(Domestic),False,True,True,True,
7074,7074.T,Twenty-four seven Holdings Inc.,Services,Growth Market(Domestic),False,True,True,True,
5247,5247.T,"BTM,Inc.",Information & Communication,Growth Market(Domestic),False,True,True,True,
5618,5618.T,Nyle Inc.,Information & Communication,Growth Market(Domestic),False,True,True,True,
2437,2437.T,"SHINWA WISE HOLDINGS CO.,LTD.",Services,Standard Market(Domestic),False,True,True,True,
7571,7571.T,YAMANO HOLDINGS CORPORATION,Retail Trade,Standard Market(Domestic),False,True,True,True,
3647,3647.T,"ASULINA Co.,Ltd.",Information & Communication,Standard Market(Domestic),False,True,True,True,
7585,7585.T,KAN-NANMARU CORPORATION,Retail Trade,Standard Market(Domestic),False,True,True,True,
2375,2375.T,GiG Works Inc.,Services,Standard Market(Domestic),False,True,True,True,
8518,8518.T,"Japan Asia Investment Company,Limited",Securities and Commodities Futures,Standard Market(Domestic),True,True,True,False,financial_sector_excluded
4381,4381.T,"BPLATS,Inc.",Information & Communication,Growth Market(Domestic),False,True,True,True,
3778,3778.T,SAKURA internet Inc.,Information & Communication,Prime Market (Domestic),False,True,True,True,
7360,7360.T,"ONDECK Co.,Ltd.",Services,Growth Market(Domestic),False,True,True,True,
9073,9073.T,"Kyogoku unyu shoji Co.,Ltd.",Land Transportation,Standard Market(Domestic),False,True,True,True,
6659,6659.T,"MEDIA LINKS CO.,LTD.",Electric Appliances,Standard Market(Domestic),False,True,True,True,
9241,9241.T,"Future Link Network Co.,Ltd.",Services,Growth Market(Domestic),False,True,True,True,
7036,7036.T,eMnet Japan.co.ltd.,Services,Growth Market(Domestic),False,True,True,True,
3205,3205.T,DAIDOH LIMITED,Textiles and Apparels,Standard Market(Domestic),False,True,True,True,
2934,2934.T,"J Frontier Co.,Ltd.",Foods,Growth Market(Domestic),False,True,True,True,
4056,4056.T,Neural Group Inc.,Information & Communication,Growth Market(Domestic),False,True,True,True,
3815,3815.T,"Media Kobo,Inc.",Information & Communication,Growth Market(Domestic),False,True,True,True,
4199,4199.T,WonderPlanet Inc.,Information & Communication,Growth Market(Domestic),False,True,True,True,
4499,4499.T,"Speee,Inc.",Information & Communication,Standard Market(Domestic),False,True,True,True,
1783,1783.T,"Fantasista Co.,Ltd.",Real Estate,Standard Market(Domestic),False,True,True,True,
2978,2978.T,TSUKURUBA Inc.,Real Estate,Growth Market(Domestic),False,True,True,True,
3261,3261.T,"GRANDES,Inc.",Real Estate,Growth Market(Domestic),False,True,True,True,
5892,5892.T,"yutori,Inc.",Retail Trade,Growth Market(Domestic),False,True,True,True,
4288,4288.T,"Asgent,Inc.",Information & Communication,Standard Market(Domestic),False,True,True,True,
2778,2778.T,"PALEMO HOLDINGS CO.,LTD.",Retail Trade,Standard Market(Domestic),False,True,True,True,
4777,4777.T,GALA INCORPORATED,Information & Communication,Standard Market(Domestic),False,True,True,True,
1514,1514.T,"Sumiseki Holdings,Inc.",Mining,Standard Market(Domestic),False,True,True,True,
3936,3936.T,"Globalway,Inc.",Information & Communication,Growth Market(Domestic),False,True,True,True,
9331,9331.T,Caster Co.Ltd.,Services,Growth Market(Domestic),False,True,True,True,
9229,9229.T,"SUNWELS Co.,Ltd.",Services,Prime Market (Domestic),False,True,True,True,
4490,4490.T,VisasQ Inc.,Information & Communication,Growth Market(Domestic),False,True,True,True,
7946,7946.T,KOYOSHA INC.,Other Products,Standard Market(Domestic),False,True,True,True,
3315,3315.T,"NIPPON COKE & ENGINEERING COMPANY,LIMITED",Oil and Coal Products,Prime Market (Domestic),False,True,True,True,
4819,4819.T,"Digital Garage,Inc.",Information & Communication,Prime Market (Domestic),False,True,False,False,missing_operating_cf
3726,3726.T,"4Cs HD Co.,Ltd.",Retail Trade,Standard Market(Domestic),False,True,True,True,
4552,4552.T,"JCR Pharmaceuticals Co.,Ltd.",Pharmaceutical,Prime Market (Domestic),False,True,True,True,
6558,6558.T,"Cookbiz Co.,Ltd.",Services,Growth Market(Domestic),False,True,True,True,
3686,3686.T,DLE Inc.,Information & Communication,Standard Market(Domestic),False,True,True,True,
4180,4180.T,"Appier Group,Inc.",Information & Communication,Prime Market (Domestic),False,True,False,False,missing_operating_cf
4889,4889.T,Renascience Inc.,Pharmaceutical,Growth Market(Domestic),False,True,False,False,missing_revenue
4813,4813.T,"ACCESS CO.,LTD.",Information & Communication,Prime Market (Domestic),False,True,True,True,
3083,3083.T,"Star seeds Co.,Ltd.",Retail Trade,Standard Market(Domestic),False,True,True,True,
5255,5255.T,Monstarlab Inc.,Information & Communication,Growth Market(Domestic),False,True,False,False,missing_operating_cf
4591,4591.T,RIBOMIC Inc.,Pharmaceutical,Growth Market(Domestic),False,True,False,False,missing_revenue
5246,5246.T,"ELEMENTS,Inc.",Information & Communication,Growth Market(Domestic),False,True,True,True,
2901,2901.T,Wel-Dish.Incorporated,Foods,Standard Market(Domestic),False,True,True,True,
5242,5242.T,"EYEZ,INC.",Information & Communication,Growth Market(Domestic),False,True,True,True,
4880,4880.T,"CellSource Co.,Ltd.",Pharmaceutical,Standard Market(Domestic),False,True,True,True,
6619,6619.T,W-SCOPE Corporation,Electric Appliances,Prime Market (Domestic),False,True,True,True,
9978,9978.T,"BUNKYODO GROUP HOLDINGS CO.,LTD.",Retail Trade,Standard Market(Domestic),False,True,True,True,
7694,7694.T,itsumo.inc.,Retail Trade,Growth Market(Domestic),False,True,True,True,
6232,6232.T,ACSL Ltd.,Machinery,Growth Market(Domestic),False,True,True,True,
5341,5341.T,"ASAHI EITO HOLDINGS CO.,LTD.",Glass and Ceramics Products,Standard Market(Domestic),False,True,True,True,
4891,4891.T,"TMS Co.,Ltd.",Pharmaceutical,Growth Market(Domestic),False,True,False,False,missing_revenue
3187,3187.T,miratap inc.,Retail Trade,Growth Market(Domestic),False,True,True,True,
3753,3753.T,FLIGHT SOLUTIONS Inc.,Information & Communication,Standard Market(Domestic),False,True,True,True,
8107,8107.T,KIMURATAN CORPORATION,Textiles and Apparels,Standard Market(Domestic),False,True,True,True,
2673,2673.T,"YUMEMITSUKETAI Co.,Ltd.",Retail Trade,Standard Market(Domestic),False,True,True,True,
8746,8746.T,unbanked inc.,Securities and Commodities Futures,Standard Market(Domestic),True,True,True,False,financial_sector_excluded
5616,5616.T,"Ame Kaze Taiyo,Inc.",Information & Communication,Growth Market(Domestic),False,True,True,True,
2936,2936.T,"BASE FOOD,Inc.",Foods,Growth Market(Domestic),False,True,True,True,
7527,7527.T,SystemSoft Corporation,Information & Communication,Standard Market(Domestic),False,True,True,True,
2586,2586.T,FRUTA FRUTA INC.,Foods,Growth Market(Domestic),False,True,True,True,
3681,3681.T,"V-cube,Inc.",Information & Communication,Prime Market (Domestic),False,True,True,True,
5597,5597.T,"Blue innovation Co.,Ltd.",Information & Communication,Growth Market(Domestic),False,True,True,True,
6177,6177.T,AppBank Inc.,Services,Growth Market(Domestic),False,True,True,True,
4584,4584.T,Kidswell Bio Corporation,Pharmaceutical,Growth Market(Domestic),False,True,True,True,
3628,3628.T,"DATA HORIZON CO.,LTD.",Information & Communication,Growth Market(Domestic),False,True,True,True,
4881,4881.T,FunPep Company Limited,Pharmaceutical,Growth Market(Domestic),False,True,False,False,missing_revenue
4316,4316.T,"BeMap,Inc.",Information & Communication,Growth Market(Domestic),False,True,True,True,
4424,4424.T,"Amazia,inc.",Information & Communication,Growth Market(Domestic),False,True,True,True,
3041,3041.T,"Beauty Kadan Holdings Co.,Ltd.",Wholesale Trade,Standard Market(Domestic),False,True,True,True,
6085,6085.T,ARCHITECTS STUDIO JAPAN INC.,Services,Growth Market(Domestic),False,True,True,True,
8938,8938.T,"GLOME Holdings,Inc.",Real Estate,Growth Market(Domestic),False,True,True,True,
3664,3664.T,WIZE INC.,Information & Communication,Growth Market(Domestic),False,True,True,True,
4592,4592.T,SanBio Company Limited,Pharmaceutical,Growth Market(Domestic),False,True,False,False,missing_revenue
6081,6081.T,"Allied Architects,Inc.",Services,Growth Market(Domestic),False,True,True,True,
5131,5131.T,Linkers Corporation,Information & Communication,Growth Market(Domestic),False,True,True,True,
3672,3672.T,AltPlusInc.,Information & Communication,Standard Market(Domestic),False,True,True,True,
3409,3409.T,"KITABO CO.,LTD",Textiles and Apparels,Standard Market(Domestic),False,True,True,True,
8783,8783.T,"abc Co.,Ltd.",Other Financing Business,Standard Market(Domestic),True,True,True,False,financial_sector_excluded
7383,7383.T,"Net Protections Holdings,Inc.",Other Financing Business,Prime Market (Domestic),True,True,False,False,financial_sector_excluded;missing_operating_cf
9211,9211.T,f-code Inc.,Services,Growth Market(Domestic),False,True,False,False,missing_operating_cf
1711,1711.T,"SDS HOLDINGS Co.,Ltd.",Construction,Standard Market(Domestic),False,True,True,True,
9812,9812.T,"T.O. Holdings CO.,LTD.",Retail Trade,Standard Market(Domestic),False,True,True,True,
2388,2388.T,"Wedge Holdings CO.,LTD.",Other Financing Business,Growth Market(Domestic),True,True,True,False,financial_sector_excluded
7578,7578.T,"NICHIRYOKU CO.,LTD.",Retail Trade,Standard Market(Domestic),False,True,True,True,
4169,4169.T,ENECHANGE Ltd.,Information & Communication,Growth Market(Domestic),False,True,True,True,
7815,7815.T,"TOKYO BOARD INDUSTRIES CO.,LTD.",Other Products,Standard Market(Domestic),False,True,True,True,
6579,6579.T,"logly,Inc.",Services,Growth Market(Domestic),False,True,True,True,
9878,9878.T,"SEKIDO CO.,LTD.",Retail Trade,Standard Market(Domestic),False,True,True,True,
4179,4179.T,G-NEXT Inc.,Information & Communication,Growth Market(Domestic),False,True,True,True,
3185,3185.T,"DREAM VISION CO.,LTD.",Retail Trade,Growth Market(Domestic),False,True,False,False,missing_operating_cf
4265,4265.T,Institution for a Global Society Corporation,Information & Communication,Growth Market(Domestic),False,True,True,True,
4563,4563.T,"AnGes,Inc.",Pharmaceutical,Growth Market(Domestic),False,True,False,False,missing_revenue
7320,7320.T,Solvvy Inc.,Other Financing Business,Growth Market(Domestic),True,True,True,False,financial_sector_excluded
4893,4893.T,Noile-Immune Biotech Inc.,Pharmaceutical,Growth Market(Domestic),False,True,False,False,missing_revenue
7689,7689.T,Copa Corporation Inc.,Wholesale Trade,Growth Market(Domestic),False,True,True,True,
8143,8143.T,"LAPINE CO.,LTD.",Textiles and Apparels,Standard Market(Domestic),False,True,True,True,
9238,9238.T,"VALUE CREATION CO.,LTD.",Services,Growth Market(Domestic),False,True,True,True,
2459,2459.T,"AUN CONSULTING,Inc.",Services,Standard Market(Domestic),False,True,True,True,
7901,7901.T,MATSUMOTO INC.,Other Products,Standard Market(Domestic),False,True,True,True,
3113,3113.T,UNIVA Oak Holdings Limited,Securities and Commodities Futures,Standard Market(Domestic),True,True,True,False,financial_sector_excluded
5721,5721.T,S Crypto Energy Inc.,Nonferrous Metals,Standard Market(Domestic),False,True,True,True,
7078,7078.T,INCLUSIVE Holdings Inc.,Services,Growth Market(Domestic),False,True,True,True,
3070,3070.T,"JELLY BEANS GROUP Co.,Ltd.",Wholesale Trade,Growth Market(Domestic),False,True,True,True,
5535,5535.T,MIGALO HOLDINGS Inc.,Real Estate,Prime Market (Domestic),False,True,True,True,
4883,4883.T,Modalis Therapeutics Corporation,Pharmaceutical,Growth Market(Domestic),False,True,False,False,missing_revenue
3137,3137.T,"Fundely Co.,Ltd.",Retail Trade,Standard Market(Domestic),False,True,True,True,
5240,5240.T,"monoAI technology Co.,Ltd.",Information & Communication,Growth Market(Domestic),False,True,True,True,
2160,2160.T,GNI Group Ltd.,Pharmaceutical,Growth Market(Domestic),False,True,False,False,missing_operating_cf
4587,4587.T,PeptiDream Inc.,Pharmaceutical,Prime Market (Domestic),False,True,False,False,missing_operating_cf
9327,9327.T,"e-LogiT co.,ltd.",Warehousing and Harbor Transportation Service,Standard Market(Domestic),False,True,True,True,
6173,6173.T,Aqualine Ltd.,Services,Growth Market(Domestic),False,True,True,True,
9235,9235.T,"Ureru Net Advertising Group Co.,Ltd.",Services,Growth Market(Domestic),False,True,True,True,
3823,3823.T,"THE WHY HOW DO COMPANY,Inc.",Information & Communication,Standard Market(Domestic),False,True,True,True,
7615,7615.T,"KYOTO KIMONO YUZEN HOLDINGS Co.,Ltd.",Retail Trade,Standard Market(Domestic),False,True,True,True,
7138,7138.T,"TORICO Co.,Ltd.",Retail Trade,Growth Market(Domestic),False,True,True,True,
8894,8894.T,"REVOLUTION CO.,LTD.",Real Estate,Standard Market(Domestic),False,True,True,True,
4598,4598.T,"Delta-Fly Pharma,Inc.",Pharmaceutical,Growth Market(Domestic),False,True,False,False,missing_revenue
3133,3133.T,"kaihan co.,Ltd.",Retail Trade,Growth Market(Domestic),False,True,True,True,
9610,9610.T,WILSON LEARNING WORLDWIDE INC.,Services,Standard Market(Domestic),False,True,True,True,
3787,3787.T,"Techno Mathematical Co.,Ltd.",Information & Communication,Standard Market(Domestic),False,True,True,True,
5856,5856.T,"Life Intelligent Enterprise Holdings Co.,Ltd.",Retail Trade,Standard Market(Domestic),False,True,True,True,
5129,5129.T,FIXER Inc.,Information & Communication,Growth Market(Domestic),False,True,True,True,
3825,3825.T,"Remixpoint,inc.",Retail Trade,Standard Market(Domestic),False,True,True,True,
4425,4425.T,Kudan Inc.,Information & Communication,Growth Market(Domestic),False,True,True,True,
4575,4575.T,"CanBas Co.,Ltd.",Pharmaceutical,Growth Market(Domestic),False,True,False,False,missing_revenue
7426,7426.T,Yamadai Corporation,Wholesale Trade,Standard Market(Domestic),False,True,True,True,
3624,3624.T,AXEL MARK INC.,Information & Communication,Growth Market(Domestic),False,True,True,True,
4438,4438.T,Welby Inc.,Information & Communication,Growth Market(Domestic),False,True,True,True,
5216,5216.T,"KURAMOTO CO.,LTD.",Glass and Ceramics Products,Standard Market(Domestic),False,True,True,True,
3667,3667.T,"enish,inc.",Information & Communication,Standard Market(Domestic),False,True,True,True,
6573,6573.T,CRAVIA Inc.,Services,Growth Market(Domestic),False,True,True,True,
3237,3237.T,"INTRANCE CO.,LTD.",Real Estate,Growth Market(Domestic),False,True,True,True,
8798,8798.T,"Advance Create Co.,Ltd.",Insurance,Prime Market (Domestic),True,True,True,False,financial_sector_excluded
4596,4596.T,"Kubota Pharmaceutical Holdings Co.,Ltd.",Pharmaceutical,Growth Market(Domestic),False,True,False,False,missing_operating_cf
4593,4593.T,HEALIOS K.K.,Pharmaceutical,Growth Market(Domestic),False,True,False,False,missing_operating_cf
7603,7603.T,"Gyet Co.,Ltd.",Retail Trade,Standard Market(Domestic),False,True,True,True,
4597,4597.T,Solasia Pharma K.K.,Pharmaceutical,Growth Market(Domestic),False,True,False,False,missing_operating_cf
6731,6731.T,PIXELA CORPORATION,Electric Appliances,Standard Market(Domestic),False,True,True,True,
2667,2667.T,"ImageONE Co.,Ltd.",Wholesale Trade,Standard Market(Domestic),False,True,True,True,
6721,6721.T,Wintest Corp.,Electric Appliances,Standard Market(Domestic),False,True,True,True,
3750,3750.T,"ADR120S,Inc.",Information & Communication,Standard Market(Domestic),False,True,True,True,
4896,4896.T,"K Pharma,Inc.",Pharmaceutical,Growth Market(Domestic),False,True,True,True,
4833,4833.T,"Def consulting,inc.",Services,Growth Market(Domestic),False,True,True,True,
3810,3810.T,"CyberStep Holdings,Inc.",Information & Communication,Standard Market(Domestic),False,True,True,True,
2370,2370.T,"MEDINET Co.,Ltd.",Services,Growth Market(Domestic),False,True,True,True,
4588,4588.T,Oncolys BioPharma Inc.,Pharmaceutical,Growth Market(Domestic),False,True,True,True,
4564,4564.T,"OncoTherapy Science,Inc.",Pharmaceutical,Growth Market(Domestic),False,True,True,True,
7794,7794.T,EDP Corporation,Other Products,Growth Market(Domestic),False,True,True,True,
2656,2656.T,Vector HOLDINGS Inc.,Retail Trade,Standard Market(Domestic),False,True,True,True,
4892,4892.T,Cyfuse Biomedical K.K.,Pharmaceutical,Growth Market(Domestic),False,True,True,True,
7776,7776.T,CellSeed Inc.,Precision Instruments,Growth Market(Domestic),False,True,True,True,
4894,4894.T,Cuorips Inc.,Pharmaceutical,Growth Market(Domestic),False,True,True,True,
4571,4571.T,"Nano Holdings,Inc.",Pharmaceutical,Growth Market(Domestic),False,True,True,True,
9348,9348.T,"ispace,inc.",Services,Growth Market(Domestic),False,True,True,True,
4583,4583.T,Chiome Bioscience Inc.,Pharmaceutical,Growth Market(Domestic),False,True,True,True,
4576,4576.T,"D.Western Therapeutics Institute, Inc.",Pharmaceutical,Growth Market(Domestic),False,True,True,True,
2345,2345.T,"HODL1,inc.",Information & Communication,Standard Market(Domestic),False,True,True,True,
3189,3189.T,ANAP HOLDINGS INC.,Retail Trade,Standard Market(Domestic),False,True,True,True,
7063,7063.T,Birdman Inc.,Services,Growth Market(Domestic),False,True,True,True,
2338,2338.T,"Quantum Solutions Co.,Ltd.",Information & Communication,Standard Market(Domestic),False,True,True,True,
4586,4586.T,"Medrx Co.,Ltd.",Pharmaceutical,Growth Market(Domestic),False,True,True,True,
2134,2134.T,"Kitahama Capital Partners Co.,Ltd.",Services,Standard Market(Domestic),False,True,True,True,
4884,4884.T,"Kringle Pharma,Inc.",Pharmaceutical,Growth Market(Domestic),False,True,True,True,
4572,4572.T,"Carna Biosciences,Inc.",Pharmaceutical,Growth Market(Domestic),False,True,True,True,
2721,2721.T,J-Holdings Corp.,Wholesale Trade,Standard Market(Domestic),False,True,True,True,
4594,4594.T,"BrightPath Biotherapeutics Co.,Ltd.",Pharmaceutical,Growth Market(Domestic),False,True,True,True,
4882,4882.T,Perseus Proteomics Inc.,Pharmaceutical,Growth Market(Domestic),False,True,True,True,
4582,4582.T,SymBio Pharmaceuticals Limited,Pharmaceutical,Growth Market(Domestic),False,True,True,True,
