code,ticker,company_name,included_phase1,book_equity,market_equity,market_equity_method,B_M,PBR,E_P,PER,positive_earnings_flag,value_metric_available
9022,9022.T,Central Japan Railway Company,True,4658550000000.0,3234494414848.0,yfinance_market_cap,1.440271462091525,0.6381434,0.1435745252390004,5.930986,True,True
7181,7181.T,"JAPAN POST INSURANCE Co.,Ltd.",False,3242487000000.0,1523559038976.0,yfinance_market_cap,2.128231933945474,0.36680195,0.0814494199603871,9.217859,True,True
7267,7267.T,"HONDA MOTOR CO.,LTD.",False,4000022000000.0,5457397678080.0,yfinance_market_cap,0.7329540993624771,0.46180597,0.170420052717728,6.1453495,True,True
9501,9501.T,"Tokyo Electric Power Company Holdings,Incorporated",True,3786130000000.0,895750242304.0,yfinance_market_cap,4.226769719047491,0.26426095,0.18068206108848883,2.6368184,True,True
3449,3449.T,TECHNOFLEX CORPORATION,True,25688017000.0,,equity_times_pbr,,,,,True,False
6178,6178.T,"JAPAN POST HOLDINGS Co.,Ltd.",True,15289540000000.0,5710855274496.0,yfinance_market_cap,2.6772767414158203,0.5878693,0.10495888464848188,15.770305,True,True
6777,6777.T,santec Holdings Corporation,True,21428211000.0,298478436352.0,yfinance_market_cap,0.07179148772653511,12.032057,0.016978928400788785,38.927574,True,True
6627,6627.T,"Tera Probe,Inc.",True,59928689000.0,,equity_times_pbr,,,,,True,False
6524,6524.T,"KOHOKU KOGYO CO.,LTD.",True,23441000000.0,,equity_times_pbr,,,,,True,False
6387,6387.T,SAMCO INC.,True,13558675000.0,,equity_times_pbr,,,,,True,False
5076,5076.T,INFRONEER Holdings Inc.,True,366903000000.0,611770695680.0,yfinance_market_cap,0.5997394164036857,0.9985165,0.016285513625208626,9.3764515,True,True
8473,8473.T,"SBI Holdings,Inc.",False,571359000000.0,1881560842240.0,yfinance_market_cap,0.30366225060242885,1.0482572,0.031718347161684604,4.6614037,True,True
6800,6800.T,"YOKOWO CO.,LTD.",True,52030000000.0,,equity_times_pbr,,,,,True,False
9513,9513.T,"Electric Power Development Co.,Ltd.",True,1463502000000.0,695936745472.0,yfinance_market_cap,2.1029238785306843,0.49702734,0.14732660786644028,12.151945,True,True
8309,8309.T,"Sumitomo Mitsui Trust Group,Inc.",False,3127317000000.0,3811114221568.0,yfinance_market_cap,0.8205781349458829,1.0710787,0.0679953380912796,12.107793,True,True
8050,8050.T,SEIKO GROUP CORPORATION,True,158014000000.0,,equity_times_pbr,,,,,True,False
5411,5411.T,"JFE Holdings,Inc.",False,1130049000000.0,1037538361344.0,yfinance_market_cap,1.0891635838275553,0.39607733,0.05745618882253075,15.46998,True,True
9984,9984.T,SoftBank Group Corp.,False,5325482000000.0,48674507849728.0,yfinance_market_cap,0.10941008415413818,2.7927911,0.022247846929304933,9.786868,True,True
6617,6617.T,"TAKAOKA TOKO CO.,LTD.",True,66456000000.0,,equity_times_pbr,,,,,True,False
6356,6356.T,"NIPPON GEAR CO.,LTD.",True,12561580000.0,21241489408.0,yfinance_market_cap,0.5913700192449329,3.8963141,0.07298923207409769,12.129095,True,True
1909,1909.T,"Nippon Dry-Chemical CO.,LTD.",True,30517857000.0,,equity_times_pbr,,,,,True,False
4971,4971.T,MEC COMPANY LTD.,True,30472068000.0,,equity_times_pbr,,,,,True,False
6278,6278.T,UNION TOOL CO.,True,79998000000.0,443256012800.0,yfinance_market_cap,0.18047809322351058,4.873522,0.013793383109184525,65.073906,True,True
9503,9503.T,"The Kansai Electric Power Company,Incorporated",True,3107452000000.0,2549534162944.0,yfinance_market_cap,1.2188312850108118,0.73788524,0.17694879580631417,6.7068167,True,True
6941,6941.T,"YAMAICHI ELECTRONICS CO.,LTD.",True,39676501000.0,186045759488.0,yfinance_market_cap,0.21326205504059953,3.9948258,0.02817033301067012,20.459528,True,True
5857,5857.T,"ARE Holdings,Inc.",False,75283000000.0,,equity_times_pbr,,,,,True,False
6871,6871.T,"MICRONICS JAPAN CO.,LTD.",True,66052000000.0,562081300480.0,yfinance_market_cap,0.11751324931748065,7.5972314,0.02146130815897731,46.622295,True,True
6264,6264.T,"Marumae Co.,Ltd.",True,8151519000.0,,equity_times_pbr,,,,,True,False
6920,6920.T,Lasertec Corporation,True,209900000000.0,3440025272320.0,yfinance_market_cap,0.061016993592736185,15.255912,0.024607958749939512,39.684425,True,True
5985,5985.T,SUNCALL CORPORATION,True,26592000000.0,51071107072.0,yfinance_market_cap,0.5206857952483901,1.4927381,0.1215539751918061,8.226798,False,True
2153,2153.T,E・J Holdings Inc.,True,34053000000.0,,equity_times_pbr,,,,,True,False
6648,6648.T,KAWADEN CORPORATION,True,17744301000.0,,equity_times_pbr,,,,,True,False
6327,6327.T,"KITAGAWA SEIKI CO.,LTD.",True,5077610000.0,,equity_times_pbr,,,,,True,False
4368,4368.T,"FUSO CHEMICAL CO.,LTD.",True,104048977000.0,,equity_times_pbr,,,,,True,False
6745,6745.T,HOCHIKI CORPORATION,True,59321000000.0,,equity_times_pbr,,,,,True,False
9502,9502.T,"Chubu Electric Power Company,Incorporated",True,2858530000000.0,2142673829888.0,yfinance_market_cap,1.3340947932095752,0.6827594,0.09760561644183231,9.405776,True,True
6695,6695.T,"Castrico Co.,Ltd.",True,1475287000.0,,equity_times_pbr,,,,,True,False
6527,6527.T,"WAKA MANUFACTURING CO.,LTD.",False,,,equity_times_pbr,,,,,False,False
1662,1662.T,"Japan Petroleum Exploration Co.,Ltd.",True,557257000000.0,448766967808.0,yfinance_market_cap,1.2417513764926127,0.7150951,0.18461251817323063,8.396399,True,True
6817,6817.T,SUMIDA CORPORATION,False,34893000000.0,,equity_times_pbr,,,,,True,False
6994,6994.T,SHIZUKI ELECTRIC COMPANY INC.,True,23747003000.0,,equity_times_pbr,,,,,True,False
9432,9432.T,"NTT,Inc.",False,6462982000000.0,12050695716864.0,yfinance_market_cap,0.5363160892823445,1.2388151,0.09502189972298036,11.746032,True,True
6834,6834.T,"SEIKOH GIKEN Co.,Ltd.",True,28144241000.0,244936032256.0,yfinance_market_cap,0.11490445379054912,7.237895,0.009154602445982393,39.39215,True,True
6981,6981.T,"Murata Manufacturing Co.,Ltd.",False,762316000000.0,19094856269824.0,yfinance_market_cap,0.03992258382194287,7.023417,0.011602339230492779,81.946724,True,True
7762,7762.T,"Citizen Watch Co.,Ltd.",True,264147000000.0,,equity_times_pbr,,,,,True,False
6101,6101.T,TSUGAMI CORPORATION,False,23278000000.0,,equity_times_pbr,,,,,True,False
6492,6492.T,OKANO VALVE MFG.CO.LTD.,True,12001000000.0,,equity_times_pbr,,,,,True,False
6914,6914.T,"OPTEX GROUP Company,Limited",True,56149000000.0,,equity_times_pbr,,,,,True,False
7999,7999.T,"MUTOH HOLDINGS CO.,LTD.",True,24604000000.0,,equity_times_pbr,,,,,True,False
6741,6741.T,"Nippon Signal Company,Limited",True,102623000000.0,,equity_times_pbr,,,,,True,False
4188,4188.T,Mitsubishi Chemical Group Corporation,False,706761000000.0,1482854498304.0,yfinance_market_cap,0.47662194828174365,0.84173006,0.09283378791206157,11.970827,True,True
6929,6929.T,"NIPPON CERAMIC CO.,LTD.",True,50037000000.0,,equity_times_pbr,,,,,True,False
6785,6785.T,"SUZUKI CO.,LTD.",True,27901814000.0,,equity_times_pbr,,,,,True,False
6824,6824.T,"NEW COSMOS ELECTRIC CO.,LTD.",True,51260878000.0,,equity_times_pbr,,,,,True,False
6703,6703.T,"Oki Electric Industry Company,Limited",True,145745000000.0,,equity_times_pbr,,,,,True,False
6168,6168.T,ONE GROUP CORP.,False,,,equity_times_pbr,,,,,False,False
6248,6248.T,"Yokota Manufacturing Co., Ltd.",True,2918999000.0,,equity_times_pbr,,,,,True,False
3723,3723.T,NIHON FALCOM CORPORATION,True,10877198000.0,,equity_times_pbr,,,,,True,False
6814,6814.T,"FURUNO ELECTRIC CO.,LTD.",True,89772000000.0,,equity_times_pbr,,,,,True,False
3105,3105.T,Nisshinbo Holdings Inc.,True,316591000000.0,,equity_times_pbr,,,,,True,False
9880,9880.T,INNOTECH CORPORATION,True,26132585000.0,,equity_times_pbr,,,,,True,False
6490,6490.T,PILLAR Corporation,True,73858000000.0,,equity_times_pbr,,,,,True,False
6894,6894.T,"PULSTEC INDUSTRIAL CO.,LTD.",True,3863469000.0,,equity_times_pbr,,,,,True,False
6448,6448.T,"BROTHER INDUSTRIES,LTD.",False,469223000000.0,,equity_times_pbr,,,,,True,False
6961,6961.T,ENPLAS CORPORATION,True,56216000000.0,,equity_times_pbr,,,,,True,False
6960,6960.T,"FUKUDA DENSHI CO.,LTD.",True,181652000000.0,,equity_times_pbr,,,,,True,False
6419,6419.T,Mars Group Holdings Corporation,True,78230262000.0,,equity_times_pbr,,,,,True,False
7747,7747.T,"ASAHI INTECC CO.,LTD.",True,151354000000.0,,equity_times_pbr,,,,,True,False
5214,5214.T,"Nippon Electric Glass Co.,Ltd.",True,496181000000.0,507534180352.0,yfinance_market_cap,0.9776307078586786,1.0313244,0.06213768692017459,18.025751,True,True
7749,7749.T,"MEDIKIT CO.,LTD.",True,45156021000.0,,equity_times_pbr,,,,,True,False
6857,6857.T,ADVANTEST CORPORATION,False,459773000000.0,18624286818304.0,yfinance_market_cap,0.024686743953499138,23.409586,0.008958947079574366,50.055565,True,True
6866,6866.T,HIOKI E.E.CORPORATION,True,43956278000.0,,equity_times_pbr,,,,,True,False
6996,6996.T,NICHICON CORPORATION,True,113814000000.0,,equity_times_pbr,,,,,True,False
6925,6925.T,USHIO INC.,True,200509000000.0,,equity_times_pbr,,,,,True,False
1948,1948.T,"The Kodensha,Co.,Ltd.",True,21914000000.0,,equity_times_pbr,,,,,True,False
5187,5187.T,"CREATE MEDIC CO.,LTD.",True,16332321000.0,,equity_times_pbr,,,,,True,False
5706,5706.T,"Mitsui Kinzoku Company,Limited",True,340856000000.0,3080310489088.0,yfinance_market_cap,0.11065637740334372,7.475629,0.021914998581843117,33.747658,True,True
6136,6136.T,OSG Corporation,True,193857000000.0,,equity_times_pbr,,,,,True,False
6855,6855.T,JAPAN ELECTRONIC MATERIALS CORPORATION,True,27914000000.0,109563117568.0,yfinance_market_cap,0.25477551770718154,2.210824,0.03152520735690353,17.561983,True,True
6779,6779.T,"NIHON DEMPA KOGYO CO.,LTD.",False,17159000000.0,,equity_times_pbr,,,,,True,False
6643,6643.T,"Togami Electric Mfg.Co.,Ltd.",True,22652613000.0,,equity_times_pbr,,,,,True,False
4099,4099.T,SHIKOKU KASEI HOLDINGS CORPORATION,True,94599000000.0,,equity_times_pbr,,,,,True,False
6480,6480.T,"NIPPON THOMPSON CO.,LTD.",True,75631000000.0,,equity_times_pbr,,,,,True,False
6877,6877.T,Obara Group Incorporated,True,82205000000.0,,equity_times_pbr,,,,,True,False
7725,7725.T,INTER ACTION Corporation,True,11765105000.0,,equity_times_pbr,,,,,True,False
7711,7711.T,"SUKEGAWA ELECTRIC CO.,LTD.",True,4890261000.0,,equity_times_pbr,,,,,True,False
7746,7746.T,"OKAMOTO GLASS CO.,LTD.",True,1803533000.0,,equity_times_pbr,,,,,True,False
6809,6809.T,TOA CORPORATION,True,52586000000.0,,equity_times_pbr,,,,,True,False
6454,6454.T,"MAX CO.,LTD.",True,106034000000.0,,equity_times_pbr,,,,,True,False
1605,1605.T,INPEX CORPORATION,False,1853714000000.0,3970040332288.0,yfinance_market_cap,0.466925734966444,0.8118793,0.02342495093655729,10.336168,True,True
6596,6596.T,"TSUKUBASEIKO Co.,Ltd.",False,,,equity_times_pbr,,,,,False,False
6622,6622.T,DAIHEN CORPORATION,True,153285000000.0,,equity_times_pbr,,,,,True,False
7730,7730.T,"MANI,INC.",True,53561000000.0,,equity_times_pbr,,,,,True,False
7716,7716.T,NAKANISHI INC.,True,114074441000.0,,equity_times_pbr,,,,,True,False
6647,6647.T,"MORIO DENKI CO.,LTD.",True,5185661000.0,,equity_times_pbr,,,,,True,False
6997,6997.T,NIPPON CHEMI-CON CORPORATION,True,57343000000.0,,equity_times_pbr,,,,,False,False
7775,7775.T,"DAIKEN MEDICAL CO.,LTD.",True,8414446000.0,,equity_times_pbr,,,,,True,False
7722,7722.T,"KOKUSAI CO.,LTD.",True,11601648000.0,,equity_times_pbr,,,,,True,False
6822,6822.T,"Oi Electric Co.,Ltd.",True,8888635000.0,,equity_times_pbr,,,,,True,False
5802,5802.T,"Sumitomo Electric Industries,Ltd.",True,2530437000000.0,10279343620096.0,yfinance_market_cap,0.24616717696381163,3.7468898,0.02157978254237291,27.852915,True,True
6701,6701.T,NEC Corporation,False,1415772000000.0,5804208947200.0,yfinance_market_cap,0.24392161152002986,2.6381018,0.04026474617402278,21.51157,True,True
6592,6592.T,"MABUCHI MOTOR CO.,LTD.",True,334236000000.0,,equity_times_pbr,,,,,True,False
6870,6870.T,"Fenwal Controls of Japan,Ltd.",True,14607861000.0,,equity_times_pbr,,,,,True,False
6508,6508.T,MEIDENSHA CORPORATION,True,142212000000.0,,equity_times_pbr,,,,,True,False
6912,6912.T,KIKUSUI HOLDINGS CORPORATION,True,14062391000.0,,equity_times_pbr,,,,,True,False
9435,9435.T,"HIKARI TSUSHIN,INC.",False,221779000000.0,1516946718720.0,yfinance_market_cap,0.14620091613180533,1.2802994,0.033223315873958874,10.082371,True,True
6998,6998.T,"Nippon Tungsten Co.,Ltd.",True,12563000000.0,,equity_times_pbr,,,,,True,False
6644,6644.T,"Osaki Electric Co.,Ltd.",True,63343000000.0,,equity_times_pbr,,,,,True,False
5020,5020.T,"ENEOS Holdings,Inc.",False,2061080000000.0,3402714054656.0,yfinance_market_cap,0.6057164859855867,1.0097753,0.1184510345347685,13.18395,True,True
6861,6861.T,KEYENCE CORPORATION,True,3108552000000.0,19455367184384.0,yfinance_market_cap,0.1597786343757677,5.6043563,0.020490798051860173,43.728058,True,True
6928,6928.T,"ENOMOTO Co.,Ltd.",True,21902510000.0,,equity_times_pbr,,,,,True,False
6134,6134.T,FUJI CORPORATION,True,218682000000.0,720535552000.0,yfinance_market_cap,0.3034992505130406,3.1018324,0.015155393748010369,45.887688,True,True
6346,6346.T,"KIKUKAWA ENTERPRISE,INC.",True,12286443000.0,,equity_times_pbr,,,,,True,False
7740,7740.T,"Tamron Co.,Ltd.",True,85911000000.0,,equity_times_pbr,,,,,True,False
6498,6498.T,KITZ CORPORATION,True,119790000000.0,,equity_times_pbr,,,,,True,False
6674,6674.T,GS Yuasa Corporation,True,390987000000.0,642947547136.0,yfinance_market_cap,0.6081164812614117,1.6291107,0.052725918546554895,20.438816,True,True
6417,6417.T,"SANKYO CO.,LTD.",True,290721000000.0,,equity_times_pbr,,,,,True,False
6797,6797.T,"NAGOYA ELECTRIC WORKS CO.,LTD.",False,22399544000.0,,equity_times_pbr,,,,,True,False
6794,6794.T,"Foster Electric Company,Limited",True,68731000000.0,,equity_times_pbr,,,,,True,False
4975,4975.T,JCU CORPORATION,True,47812997000.0,,equity_times_pbr,,,,,True,False
6654,6654.T,"FUJI ELECTRIC INDUSTRY CO.,LTD.",True,10441219000.0,,equity_times_pbr,,,,,True,False
7261,7261.T,Mazda Motor Corporation,True,1810029000000.0,706788851712.0,yfinance_market_cap,2.5609190009374183,0.37084278,0.16282797856989184,20.156504,True,True
6853,6853.T,"KYOWA ELECTRONIC INSTRUMENTS CO.,LTD.",True,18214872000.0,,equity_times_pbr,,,,,True,False
6787,6787.T,"Meiko Electronics Co.,Ltd.",True,115605000000.0,989451780096.0,yfinance_market_cap,0.11683742687165978,7.2605267,0.015256933489508033,50.69567,True,True
6376,6376.T,"NIKKISO CO.,LTD.",False,113275000000.0,,equity_times_pbr,,,,,True,False
6651,6651.T,NITTO KOGYO CORPORATION,True,116507000000.0,,equity_times_pbr,,,,,True,False
6156,6156.T,A-ONE SEIMITSU INC.,True,7485347000.0,,equity_times_pbr,,,,,False,False
4022,4022.T,"Rasa Industries,Ltd.",True,27877000000.0,,equity_times_pbr,,,,,True,False
4966,4966.T,"C.Uyemura & Co.,Ltd.",True,106119189000.0,,equity_times_pbr,,,,,True,False
6505,6505.T,"TOYO DENKI SEIZO K.K.(TOYO ELECTRIC MFG.CO.,LTD.)",True,27385000000.0,,equity_times_pbr,,,,,True,False
6744,6744.T,NOHMI BOSAI LTD.,True,130030000000.0,,equity_times_pbr,,,,,True,False
6282,6282.T,OILES CORPORATION,True,76844000000.0,,equity_times_pbr,,,,,True,False
6503,6503.T,Mitsubishi Electric Corporation,False,1785795000000.0,12458701881344.0,yfinance_market_cap,0.14333716441791566,2.7915235,0.023195675019139717,30.739712,True,True
6306,6306.T,"NIKKO CO.,LTD.",True,34560000000.0,,equity_times_pbr,,,,,True,False
6706,6706.T,"DKK Co.,Ltd.",True,37107000000.0,,equity_times_pbr,,,,,True,False
6365,6365.T,DMW CORPORATION,True,27830000000.0,,equity_times_pbr,,,,,True,False
6850,6850.T,Chino Corporation,True,25033000000.0,,equity_times_pbr,,,,,True,False
6676,6676.T,BUFFALO INC.,True,45037000000.0,,equity_times_pbr,,,,,True,False
6969,6969.T,"MATSUO ELECTRIC CO.,LTD.",True,2759278000.0,,equity_times_pbr,,,,,True,False
6743,6743.T,"Daido Signal Co.,Ltd.",True,28915402000.0,,equity_times_pbr,,,,,True,False
6806,6806.T,"HIROSE ELECTRIC CO.,LTD.",False,106010000000.0,,equity_times_pbr,,,,,True,False
6143,6143.T,"Sodick Co.,Ltd.",True,90592000000.0,,equity_times_pbr,,,,,True,False
6384,6384.T,"SHOWA SHINKU CO.,LTD.",True,11590245000.0,,equity_times_pbr,,,,,True,False
6265,6265.T,CONVUM Ltd.,True,6040811000.0,,equity_times_pbr,,,,,True,False
6848,6848.T,DKK-TOA CORPORATION,True,21919000000.0,,equity_times_pbr,,,,,True,False
6403,6403.T,"SUIDO KIKO KAISHA,LTD.",True,10178000000.0,,equity_times_pbr,,,,,True,False
6678,6678.T,"Techno Medica Co.,Ltd.",True,16265084000.0,,equity_times_pbr,,,,,True,False
4732,4732.T,"USS Co.,Ltd.",True,214166000000.0,,equity_times_pbr,,,,,True,False
6823,6823.T,"RION CO.,LTD.",True,31435771000.0,,equity_times_pbr,,,,,True,False
6675,6675.T,"SAXA,Inc.",True,30764000000.0,,equity_times_pbr,,,,,True,False
6863,6863.T,NIRECO CORPORATION,True,16673253000.0,,equity_times_pbr,,,,,True,False
6752,6752.T,Panasonic Holdings Corporation,False,1500231000000.0,8393255813120.0,yfinance_market_cap,0.17874243719045227,1.6105967,0.004733800670997366,44.366283,True,True
6859,6859.T,ESPEC CORP.,True,56693000000.0,,equity_times_pbr,,,,,True,False
4186,4186.T,"TOKYO OHKA KOGYO CO.,LTD.",True,242299000000.0,1280537526272.0,yfinance_market_cap,0.18921663366273975,3.1217701,0.03060277359780868,38.34141,True,True
6161,6161.T,ESTIC CORPORATION,True,10570859000.0,,equity_times_pbr,,,,,True,False
6670,6670.T,"MCJ Co.,Ltd.",True,89522000000.0,,equity_times_pbr,,,,,True,False
6144,6144.T,"Seibu Electric & Machinery Co.,Ltd.",True,30794000000.0,,equity_times_pbr,,,,,True,False
7713,7713.T,"SIGMA KOKI CO.,LTD.",True,17769059000.0,,equity_times_pbr,,,,,True,False
6858,6858.T,"ONO SOKKI Co.,Ltd.",True,16603000000.0,,equity_times_pbr,,,,,True,False
6963,6963.T,ROHM COMPANY LIMITED,True,889655000000.0,2000433709056.0,yfinance_market_cap,0.44473105805631824,2.6387765,0.016767657710132874,59.638622,False,True
4972,4972.T,"Soken Chemical & Engineering Co.,Ltd.",True,38003155000.0,,equity_times_pbr,,,,,True,False
6396,6396.T,"Unozawa-gumi Iron Works,Limited",True,3357234000.0,,equity_times_pbr,,,,,True,False
6890,6890.T,Ferrotec Corporation,True,323549000000.0,380327165952.0,yfinance_market_cap,0.8507123049969936,1.4645007,0.05074578344065961,29.384092,True,True
6392,6392.T,YAMADA CORPORATION,True,16703356000.0,,equity_times_pbr,,,,,True,False
6301,6301.T,KOMATSU LTD.,False,950803000000.0,5832853946368.0,yfinance_market_cap,0.1630081961150503,1.660635,0.0421517497713268,15.63973,True,True
5101,5101.T,"The Yokohama Rubber Company,Limited",False,600958000000.0,1102025195520.0,yfinance_market_cap,0.5453214703647795,1.055809,0.09068213721996192,10.452451,True,True
7013,7013.T,IHI Corporation,False,329399000000.0,2856076181504.0,yfinance_market_cap,0.11533270790646054,4.3788505,0.031532772334026016,17.737686,True,True
6668,6668.T,"ADTEC PLASMA TECHNOLOGY CO.,LTD.",True,13183000000.0,,equity_times_pbr,,,,,True,False
6402,6402.T,"KANEMATSU ENGINEERING CO.,LTD.",True,7281745000.0,,equity_times_pbr,,,,,True,False
4800,4800.T,Oricon Inc.,True,5912389000.0,,equity_times_pbr,,,,,True,False
6653,6653.T,"SEIKO ELECTRIC CO.,LTD.",True,18089000000.0,,equity_times_pbr,,,,,True,False
6488,6488.T,Yoshitake Inc.,True,16964686000.0,,equity_times_pbr,,,,,True,False
6235,6235.T,"OPTORUN CO.,LTD.",True,57606618000.0,,equity_times_pbr,,,,,True,False
6380,6380.T,"ORIENTAL CHAIN MFG. CO.,LTD.",True,1855868000.0,,equity_times_pbr,,,,,True,False
7721,7721.T,TOKYO KEIKI INC.,True,41007000000.0,,equity_times_pbr,,,,,True,False
6742,6742.T,"Kyosan Electric Manufacturing Co.,Ltd.",True,51711000000.0,,equity_times_pbr,,,,,True,False
6302,6302.T,"SUMITOMO HEAVY INDUSTRIES,LTD.",True,686223000000.0,616368701440.0,yfinance_market_cap,1.1133320014413481,0.9007285,0.05344690592341314,20.04739,True,True
8725,8725.T,"MS&AD Insurance Group Holdings,Inc.",False,4052835000000.0,6236137848832.0,yfinance_market_cap,0.6498950309058799,1.3075817,0.1312953657933256,8.131065,True,True
6140,6140.T,"Asahi Diamond Industrial Co.,Ltd.",True,63579000000.0,,equity_times_pbr,,,,,True,False
6267,6267.T,"GENERAL PACKER CO.,LTD.",True,7741151000.0,,equity_times_pbr,,,,,True,False
6485,6485.T,"MAEZAWA KYUSO INDUSTRIES CO.,LTD.",True,39754000000.0,,equity_times_pbr,,,,,True,False
6209,6209.T,NPR-RIKEN CORPORATION,True,154669000000.0,,equity_times_pbr,,,,,True,False
6507,6507.T,"SINFONIA TECHNOLOGY CO.,LTD.",True,80129000000.0,,equity_times_pbr,,,,,True,False
5105,5105.T,Toyo Tire Corporation,True,522659000000.0,566550134784.0,yfinance_market_cap,0.9225291248042263,1.0634052,0.11228309039985164,8.903248,True,True
5406,5406.T,"Kobe Steel,Ltd.",True,1237059000000.0,775087915008.0,yfinance_market_cap,1.5960241103581545,0.6145048,0.15585199776821856,8.24222,True,True
6284,6284.T,"NISSEI ASB MACHINE CO.,LTD.",True,58946000000.0,,equity_times_pbr,,,,,True,False
4461,4461.T,DKS Co.Ltd.,True,44504000000.0,,equity_times_pbr,,,,,True,False
6250,6250.T,YAMABIKO CORPORATION,True,119965000000.0,,equity_times_pbr,,,,,True,False
6517,6517.T,"Denyo Co.,Ltd.",True,80658000000.0,,equity_times_pbr,,,,,True,False
6332,6332.T,"TSUKISHIMA HOLDINGS CO.,LTD.",True,112054000000.0,,equity_times_pbr,,,,,True,False
6999,6999.T,KOA CORPORATION,True,78110000000.0,,equity_times_pbr,,,,,True,False
6788,6788.T,"NIHON TRIM CO.,LTD.",True,25546169000.0,,equity_times_pbr,,,,,True,False
8086,8086.T,NIPRO CORPORATION,True,311621000000.0,,equity_times_pbr,,,,,True,False
6247,6247.T,"HISAKA WORKS,LTD.",True,60019000000.0,,equity_times_pbr,,,,,True,False
7203,7203.T,TOYOTA MOTOR CORPORATION,False,22854425000000.0,37868495962112.0,yfinance_market_cap,0.603520800584903,0.94863683,0.10154121261766491,9.836482,True,True
6845,6845.T,Azbil Corporation,True,240517000000.0,,equity_times_pbr,,,,,True,False
6748,6748.T,"SEIWA ELECTRIC MFG. CO.,LTD.",True,19090029000.0,,equity_times_pbr,,,,,True,False
6516,6516.T,"SANYO DENKI CO.,LTD.",False,63112000000.0,,equity_times_pbr,,,,,True,False
6923,6923.T,"Stanley Electric Co.,Ltd.",True,598906000000.0,,equity_times_pbr,,,,,True,False
6331,6331.T,"Mitsubishi Kakoki Kaisha,Ltd.",True,38227000000.0,,equity_times_pbr,,,,,True,False
6457,6457.T,GLORY LTD.,True,236067000000.0,,equity_times_pbr,,,,,True,False
6964,6964.T,"SANKO CO.,LTD.",True,15614166000.0,,equity_times_pbr,,,,,True,False
6763,6763.T,"Teikoku Tsushin Kogyo Co.,Ltd.",True,28409473000.0,,equity_times_pbr,,,,,True,False
6326,6326.T,KUBOTA CORPORATION,False,906276000000.0,3172621877248.0,yfinance_market_cap,0.28565521989847814,1.180336,0.0736400393868107,17.069515,True,True
2461,2461.T,"FAN Communications,Inc.",True,17580433000.0,,equity_times_pbr,,,,,True,False
3853,3853.T,ASTERIA Corporation,False,5971536000.0,,equity_times_pbr,,,,,True,False
6770,6770.T,"ALPS ALPINE CO.,LTD.",True,415515000000.0,,equity_times_pbr,,,,,True,False
6838,6838.T,"TAMAGAWA HOLDINGS CO.,LTD.",True,5471326000.0,,equity_times_pbr,,,,,True,False
6466,6466.T,"TVE Co.,Ltd.",True,11944057000.0,,equity_times_pbr,,,,,True,False
6159,6159.T,"MICRON MACHINERY CO.,LTD.",True,14749838000.0,,equity_times_pbr,,,,,True,False
6371,6371.T,TSUBAKIMOTO CHAIN CO.,True,262162000000.0,,equity_times_pbr,,,,,True,False
7760,7760.T,IMV CORPORATION,True,11884000000.0,,equity_times_pbr,,,,,True,False
4287,4287.T,JUST PLANNING INC.,True,3926939000.0,,equity_times_pbr,,,,,True,False
5983,5983.T,IWABUCHI CORPORATION,True,20252408000.0,,equity_times_pbr,,,,,True,False
5714,5714.T,"DOWA HOLDINGS CO.,LTD.",True,416035000000.0,616916844544.0,yfinance_market_cap,0.6743777604379019,1.3541874,0.04545020977782718,9.937404,True,True
6518,6518.T,"SANSO ELECTRIC CO.,LTD.",True,11898023000.0,,equity_times_pbr,,,,,True,False
6369,6369.T,TOYO KANETSU K.K.,True,38909000000.0,,equity_times_pbr,,,,,True,False
6989,6989.T,"HOKURIKU ELECTRIC INDUSTRY CO.,LTD.",True,22713000000.0,,equity_times_pbr,,,,,True,False
6633,6633.T,CGS HOLDINGS INC.,True,3510660000.0,,equity_times_pbr,,,,,True,False
6484,6484.T,KVK CORPORATION,True,28325666000.0,,equity_times_pbr,,,,,True,False
7991,7991.T,"MAMIYA-OP CO.,LTD",True,25120683000.0,,equity_times_pbr,,,,,True,False
6762,6762.T,TDK Corporation,False,1811254000000.0,7789969145856.0,yfinance_market_cap,0.23251106212192454,3.5615878,0.00845407713007871,39.802155,True,True
6286,6286.T,SEIKO CORPORATION,True,15948952000.0,,equity_times_pbr,,,,,True,False
6345,6345.T,AICHI CORPORATION,True,84023570000.0,,equity_times_pbr,,,,,True,False
6750,6750.T,"ELECOM CO.,LTD.",True,82692000000.0,,equity_times_pbr,,,,,True,False
6436,6436.T,Amano Corporation,True,136563000000.0,,equity_times_pbr,,,,,True,False
4441,4441.T,Tobila Systems Inc.,True,2595254000.0,,equity_times_pbr,,,,,True,False
2433,2433.T,HAKUHODO DY HOLDINGS INCORPORATED,True,413682000000.0,,equity_times_pbr,,,,,True,False
6820,6820.T,ICOM INCORPORATED,True,67359000000.0,,equity_times_pbr,,,,,True,False
6915,6915.T,"CHIYODA INTEGRE CO.,LTD.",True,40284000000.0,,equity_times_pbr,,,,,True,False
6291,6291.T,"AIRTECH JAPAN,LTD.",True,14771504000.0,,equity_times_pbr,,,,,True,False
9104,9104.T,"Mitsui O.S.K.Lines,Ltd.",True,2724218000000.0,1849591332864.0,yfinance_market_cap,1.4728756301975552,0.6437368,0.2305752586651844,8.702468,True,True
6322,6322.T,TACMINA CORPORATION,True,10298078000.0,,equity_times_pbr,,,,,True,False
6597,6597.T,HPC SYSTEMS Inc.,True,2607314000.0,,equity_times_pbr,,,,,True,False
6599,6599.T,"EBRAINS,INC.",True,4786041000.0,,equity_times_pbr,,,,,True,False
6463,6463.T,"TPR CO.,LTD.",True,198635000000.0,,equity_times_pbr,,,,,True,False
1911,1911.T,"Sumitomo Forestry Co.,Ltd.",True,1136786000000.0,788843921408.0,yfinance_market_cap,1.4410784809889408,0.6350615,0.1753426707695453,7.3928285,True,True
6489,6489.T,"Maezawa Industries,Inc.",True,29919000000.0,,equity_times_pbr,,,,,True,False
6328,6328.T,"EBARA JITSUGYO CO.,LTD.",True,27941000000.0,,equity_times_pbr,,,,,True,False
2344,2344.T,"HEIAN CEREMONY SERVICE CO.,LTD.",True,21648063000.0,,equity_times_pbr,,,,,True,False
7201,7201.T,"NISSAN MOTOR CO.,LTD.",True,5445348000000.0,1312541900800.0,yfinance_market_cap,4.148704126459534,0.27350432,,,False,False
3448,3448.T,"SUGA STEEL Co.,LTD.",False,,,equity_times_pbr,,,,,False,False
7723,7723.T,"Aichi Tokei Denki Co.,Ltd.",True,46789000000.0,,equity_times_pbr,,,,,True,False
1925,1925.T,"DAIWA HOUSE INDUSTRY CO.,LTD.",True,2716745000000.0,2610547916800.0,yfinance_market_cap,1.040679997680401,0.9012018,0.12636312778520534,7.44108,True,True
6486,6486.T,"EAGLE INDUSTRY CO.,LTD.",True,122519000000.0,,equity_times_pbr,,,,,True,False
5803,5803.T,Fujikura Ltd.,True,435329000000.0,7743518277632.0,yfinance_market_cap,0.0562185022869379,13.818716,0.012199880805200259,49.26269,True,True
6737,6737.T,EIZO Corporation,True,124355000000.0,,equity_times_pbr,,,,,True,False
6146,6146.T,DISCO CORPORATION,True,492703000000.0,6915538550784.0,yfinance_market_cap,0.07124578894063764,11.765982,0.017941480491918287,51.01902,True,True
4464,4464.T,SOFT99corporation,True,56572830000.0,,equity_times_pbr,,,,,True,False
6951,6951.T,JEOL Ltd.,True,136653000000.0,,equity_times_pbr,,,,,True,False
6976,6976.T,"TAIYO YUDEN CO.,LTD.",True,319171000000.0,2008312315904.0,yfinance_market_cap,0.15892498266950666,5.8311157,0.0011591822554511892,148.49745,True,True
6718,6718.T,"AIPHONE CO.,LTD.",True,66763000000.0,,equity_times_pbr,,,,,True,False
7409,7409.T,"AeroEdge Co.,Ltd",True,3890227000.0,,equity_times_pbr,,,,,True,False
6157,6157.T,"NS TOOL CO.,LTD.",True,18415890000.0,,equity_times_pbr,,,,,True,False
6479,6479.T,MINEBEA MITSUMI Inc.,False,254731000000.0,1895932493824.0,yfinance_market_cap,0.13435657695080716,2.1090026,0.01115071347153277,19.128849,True,True
2181,2181.T,"PERSOL HOLDINGS CO.,LTD.",True,130578000000.0,,equity_times_pbr,,,,,True,False
6874,6874.T,KYORITSU ELECTRIC CORPORATION,True,21009413000.0,,equity_times_pbr,,,,,True,False
3433,3433.T,"TOCALO Co.,Ltd.",True,65731000000.0,,equity_times_pbr,,,,,True,False
6382,6382.T,TRINITY INDUSTRIAL CORPORATION,True,32879777000.0,,equity_times_pbr,,,,,True,False
4612,4612.T,"NIPPON PAINT HOLDINGS CO.,LTD.",False,1484996000000.0,2377445015552.0,yfinance_market_cap,0.6246184413460392,1.2496601,0.018071921629709824,19.137415,True,True
7715,7715.T,"NAGANO KEIKI CO.,LTD.",True,44655889000.0,,equity_times_pbr,,,,,True,False
3543,3543.T,"KOMEDA Holdings Co.,Ltd.",False,19999000000.0,,equity_times_pbr,,,,,True,False
3450,3450.T,"Sato Sangyo Co.,Ltd,",False,,,equity_times_pbr,,,,,False,False
3891,3891.T,NIPPON KODOSHI CORPORATION,True,23903335000.0,,equity_times_pbr,,,,,True,False
6590,6590.T,SHIBAURA MECHATRONICS CORPORATION,True,47317000000.0,341322792960.0,yfinance_market_cap,0.13862830427953615,6.139583,0.030258746890103966,30.512852,True,True
7965,7965.T,Zojirushi Corporation,True,89589000000.0,,equity_times_pbr,,,,,True,False
6393,6393.T,"YUKEN KOGYO CO.,LTD.",True,27519637000.0,,equity_times_pbr,,,,,True,False
6309,6309.T,"TOMOE ENGINEERING CO.,LTD.(TOMOE KOGYO CO.,LTD.)",True,42737093000.0,,equity_times_pbr,,,,,True,False
9201,9201.T,"Japan Airlines Co.,Ltd.",False,803623000000.0,1166122549248.0,yfinance_market_cap,0.6891411203035513,0.9042239,0.09367197304472101,8.842318,True,True
3712,3712.T,"Information Planning CO.,LTD.",True,7856126000.0,,equity_times_pbr,,,,,True,False
5249,5249.T,"Asakawa Systems Co.,Ltd.",False,,,equity_times_pbr,,,,,False,False
5573,5573.T,"Doraku Holdings Co.,Ltd.",False,,,equity_times_pbr,,,,,False,False
5037,5037.T,"Fitworks Co.,Ltd.",False,,,equity_times_pbr,,,,,False,False
5821,5821.T,HIRAKAWA HEWTECH CORP.,True,38719000000.0,,equity_times_pbr,,,,,True,False
5584,5584.T,"Strawberry jams Co.,Ltd.",False,,,equity_times_pbr,,,,,False,False
5135,5135.T,AIR-U LTD.,False,,,equity_times_pbr,,,,,False,False
5620,5620.T,SPO Entertainment Inc.,False,,,equity_times_pbr,,,,,False,False
5617,5617.T,WiLLDo Inc.,False,,,equity_times_pbr,,,,,False,False
5622,5622.T,"OneBe,Inc.",False,,,equity_times_pbr,,,,,False,False
5594,5594.T,M.D.B Corporation,False,,,equity_times_pbr,,,,,False,False
9537,9537.T,"HOKURIKU GAS CO.,LTD.",True,52151376000.0,,equity_times_pbr,,,,,True,False
6798,6798.T,SMK Corporation,True,29221000000.0,,equity_times_pbr,,,,,False,False
6333,6333.T,TEIKOKU CORPORATION,True,33504715000.0,,equity_times_pbr,,,,,True,False
6856,6856.T,"HORIBA,Ltd.",True,348640000000.0,1117526163456.0,yfinance_market_cap,0.3119747988018599,3.2420392,0.03320817105993524,30.237078,True,True
5711,5711.T,Mitsubishi Materials Corporation,True,693276000000.0,665017516032.0,yfinance_market_cap,1.0424928415970327,0.90342516,0.06068561959209817,16.377562,True,True
4004,4004.T,Resonac Holdings Corporation,True,458405000000.0,3335526285312.0,yfinance_market_cap,0.13743108606836282,4.6980095,0.0005306508924226442,114.47916,True,True
5598,5598.T,"Yottavias Co.,Ltd.",False,,,equity_times_pbr,,,,,False,False
7259,7259.T,AISIN CORPORATION,False,1063905000000.0,1685356544000.0,yfinance_market_cap,0.6312640513887606,0.76587176,0.05799603671281084,10.532513,True,True
9672,9672.T,"TOKYOTOKEIBA CO.,LTD.",True,94902960000.0,,equity_times_pbr,,,,,True,False
6272,6272.T,"RHEON AUTOMATIC MACHINERY CO.,LTD.",True,38715134000.0,,equity_times_pbr,,,,,True,False
6360,6360.T,"TOKYO AUTOMATIC MACHINERY WORKS,LTD.",True,9439525000.0,,equity_times_pbr,,,,,True,False
6841,6841.T,YOKOGAWA ELECTRIC CORPORATION,True,475721000000.0,1292748193792.0,yfinance_market_cap,0.36799200515962377,2.4865363,0.04270437217789879,22.262661,True,True
9532,9532.T,"OSAKA GAS CO.,LTD.",True,1739291000000.0,2043935195136.0,yfinance_market_cap,0.8509521261432511,1.1349642,0.0660754804366553,13.645075,True,True
4976,4976.T,"TOYO DRILUBE CO.,LTD.",True,10372294000.0,,equity_times_pbr,,,,,True,False
5713,5713.T,"Sumitomo Metal Mining Co.,Ltd.",False,1083321000000.0,2431971491840.0,yfinance_market_cap,0.44544971173998943,1.1721276,0.015060620621127618,13.84542,True,True
4658,4658.T,"Nippon Air Conditioning Services Co.,Ltd.",True,26124000000.0,,equity_times_pbr,,,,,True,False
7734,7734.T,"RIKEN KEIKI CO.,LTD.",True,77504296000.0,,equity_times_pbr,,,,,True,False
3103,3103.T,UNITIKA LTD.,True,16233000000.0,75641847808.0,yfinance_market_cap,0.21460343011719993,1.406405,0.2362804914067148,4.232258,False,True
6458,6458.T,SINKO INDUSTRIES LTD.,True,64280000000.0,,equity_times_pbr,,,,,True,False
6229,6229.T,OKUMURA ENGINEERING corp.,True,10312567000.0,,equity_times_pbr,,,,,True,False
5130,5130.T,"HiroHoldings Co.,ltd.",False,,,equity_times_pbr,,,,,False,False
5869,5869.T,"WASEDA GAKUSHUKENKYUKAI CO.,LTD.",True,7014190000.0,,equity_times_pbr,,,,,True,False
6357,6357.T,"Sansei Technologies,Inc.",True,45323658000.0,,equity_times_pbr,,,,,True,False
6810,6810.T,"Maxell,Ltd.",True,94171000000.0,,equity_times_pbr,,,,,True,False
6037,6037.T,"RAKUMACHI,INC.",True,5989342000.0,,equity_times_pbr,,,,,True,False
6277,6277.T,HOSOKAWA MICRON CORPORATION,True,67219000000.0,,equity_times_pbr,,,,,True,False
7781,7781.T,"HIRAYAMA HOLDINGS Co.,Ltd.",True,5006720000.0,,equity_times_pbr,,,,,True,False
6418,6418.T,"JAPAN CASH MACHINE CO.,LTD.",True,32031025000.0,,equity_times_pbr,,,,,True,False
6336,6336.T,"ISHII HYOKI CO.,LTD.",True,10644000000.0,,equity_times_pbr,,,,,True,False
3763,3763.T,Pro-Ship Incorporated,True,12437906000.0,,equity_times_pbr,,,,,True,False
6381,6381.T,ANEST IWATA Corporation,True,53561000000.0,,equity_times_pbr,,,,,True,False
9531,9531.T,"TOKYO GAS CO.,LTD.",True,1801470000000.0,2058862723072.0,yfinance_market_cap,0.874983057302651,1.1976973,0.08654000968755658,9.433386,True,True
6875,6875.T,MegaChips Corporation,True,118241401000.0,,equity_times_pbr,,,,,True,False
4450,4450.T,"Power Solutions,Ltd.",True,3802344000.0,,equity_times_pbr,,,,,True,False
6430,6430.T,"DAIKOKU DENKI CO.,LTD.",True,45287432000.0,,equity_times_pbr,,,,,True,False
3407,3407.T,ASAHI KASEI CORPORATION,True,1913944000000.0,2398186373120.0,yfinance_market_cap,0.7980797578755279,1.1483054,0.05854590851391452,15.104655,True,True
6013,6013.T,"TAKUMA CO.,LTD.",True,109563000000.0,,equity_times_pbr,,,,,True,False
6340,6340.T,SHIBUYA CORPORATION,True,107930000000.0,,equity_times_pbr,,,,,True,False
5110,5110.T,"Sumitomo Rubber Industries,Ltd.",False,503465000000.0,530796838912.0,yfinance_market_cap,0.9485079094140361,0.7314066,0.12242725509292944,10.536888,True,True
2579,2579.T,Coca-Cola Bottlers Japan Holdings Inc.,False,295152000000.0,,equity_times_pbr,,,,,True,False
2452,2452.T,"Computer Mind Co.,Ltd.",False,,,equity_times_pbr,,,,,False,False
6723,6723.T,Renesas Electronics Corporation,False,1483512000000.0,8013739982848.0,yfinance_market_cap,0.18512105498496287,3.1540627,0.019797747411267518,17.162962,True,True
5251,5251.T,"WISS1 Co.,Ltd.",False,,,equity_times_pbr,,,,,False,False
6932,6932.T,ENDO Lighting Corporation,True,44052000000.0,,equity_times_pbr,,,,,True,False
6832,6832.T,"AOI ELECTRONICS CO.,LTD.",True,42915559000.0,,equity_times_pbr,,,,,True,False
6118,6118.T,"AIDA ENGINEERING,LTD.",True,83637000000.0,,equity_times_pbr,,,,,True,False
9436,9436.T,OKINAWA CELLULAR TELEPHONE COMPANY,False,99193000000.0,,equity_times_pbr,,,,,True,False
6412,6412.T,Heiwa Corporation,True,244315000000.0,,equity_times_pbr,,,,,True,False
6804,6804.T,Hosiden Corporation,True,140317000000.0,,equity_times_pbr,,,,,True,False
3444,3444.T,"KIKUCHI SEISAKUSHO CO.,LTD.",True,5404137000.0,,equity_times_pbr,,,,,True,False
4365,4365.T,"MATSUMOTO YUSHI-SEIYAKU CO.,LTD.",False,81367000000.0,,equity_times_pbr,,,,,True,False
7276,7276.T,"KOITO MANUFACTURING CO.,LTD.",True,679865000000.0,,equity_times_pbr,,,,,True,False
6420,6420.T,GALILEI CO.LTD.,True,103206000000.0,,equity_times_pbr,,,,,True,False
6768,6768.T,TAMURA CORPORATION,True,64034000000.0,,equity_times_pbr,,,,,True,False
6724,6724.T,SEIKO EPSON CORPORATION,False,479248000000.0,936770535424.0,yfinance_market_cap,0.5115959371876309,1.0975599,0.0876735517335912,51.479134,True,True
6459,6459.T,DAIWA INDUSTRIES LTD.,True,70549667000.0,,equity_times_pbr,,,,,True,False
4062,4062.T,"IBIDEN CO.,LTD.",True,497298000000.0,6086156353536.0,yfinance_market_cap,0.08170969838970281,11.064334,0.007428662258032896,101.89341,True,True
5945,5945.T,"Tenryu Saw Mfg.Co.,Ltd.",True,36767724000.0,,equity_times_pbr,,,,,True,False
6482,6482.T,Yushin Company,True,35498910000.0,,equity_times_pbr,,,,,True,False
2502,2502.T,"Asahi Group Holdings,Ltd.",False,1305855000000.0,2178208890880.0,yfinance_market_cap,0.5995086171337922,0.7961141,0.046719118825599495,12.894008,True,True
9449,9449.T,"GMO internet group,Inc.",True,217404000000.0,,equity_times_pbr,,,,,True,False
6474,6474.T,NACHI-FUJIKOSHI CORP.,True,174250000000.0,,equity_times_pbr,,,,,True,False
6016,6016.T,Japan Engine Corporation,True,13880775000.0,,equity_times_pbr,,,,,True,False
5208,5208.T,"Arisawa Mfg.Co.,Ltd.",True,48559180000.0,,equity_times_pbr,,,,,True,False
7979,7979.T,SHOFU INC.,True,42736000000.0,,equity_times_pbr,,,,,True,False
3969,3969.T,ATLED CORP.,True,5137068000.0,,equity_times_pbr,,,,,True,False
6432,6432.T,"TAKEUCHI MFG.CO.,LTD.",True,186935000000.0,,equity_times_pbr,,,,,True,False
6652,6652.T,IDEC CORPORATION,True,63810000000.0,,equity_times_pbr,,,,,True,False
6104,6104.T,"SHIBAURA MACHINE CO.,LTD.",True,117171000000.0,,equity_times_pbr,,,,,True,False
6497,6497.T,HAMAI INDUSTRIES LTD,True,17096976000.0,,equity_times_pbr,,,,,True,False
4047,4047.T,"KANTO DENKA KOGYO CO.,LTD.",True,67622000000.0,,equity_times_pbr,,,,,True,False
6039,6039.T,"Japan Animal Referral Medical Center Co.,Ltd.",True,4148527000.0,,equity_times_pbr,,,,,True,False
7318,7318.T,"SERENDIP HOLDINGS Co.,Ltd.",True,8132027000.0,,equity_times_pbr,,,,,True,False
6758,6758.T,SONY GROUP CORPORATION,False,3295554000000.0,20926353637376.0,yfinance_market_cap,0.1574834324750156,2.5772784,0.01728337417341627,20.651857,True,True
7751,7751.T,CANON INC.,False,-1858028000000.0,3737243090944.0,yfinance_market_cap,0.9132390901033649,1.0950035,0.07011987008150622,11.779756,True,True
6113,6113.T,"AMADA CO.,LTD.",False,372802000000.0,930356527104.0,yfinance_market_cap,0.40070874889269875,1.7374673,0.04614252574078107,30.966408,True,True
9239,9239.T,KET Inc.,False,,,equity_times_pbr,,,,,False,False
6230,6230.T,SANEI LTD.,True,14689176000.0,,equity_times_pbr,,,,,True,False
7744,7744.T,"Noritsu Koki Co.,Ltd.",False,168390000000.0,,equity_times_pbr,,,,,True,False
9335,9335.T,"techno-creative CO.,LTD.",False,,,equity_times_pbr,,,,,False,False
6840,6840.T,"AKIBA Holdings Co.,Ltd.",True,3978033000.0,,equity_times_pbr,,,,,True,False
9156,9156.T,"HANA HOLDINGS Co.,Ltd.",False,,,equity_times_pbr,,,,,False,False
7364,7364.T,"RYUKYU ASTEEDA Sports Club Co.,Ltd.",False,,,equity_times_pbr,,,,,False,False
5866,5866.T,WizBiz Inc.,False,,,equity_times_pbr,,,,,False,False
9334,9334.T,"IBIS HOLDINGS Co.,Ltd.",False,,,equity_times_pbr,,,,,False,False
6174,6174.T,"DENTAS CO.,LTD.",False,,,equity_times_pbr,,,,,False,False
7355,7355.T,"Issunbou Co.,Ltd.",False,,,equity_times_pbr,,,,,False,False
4626,4626.T,"TAIYO HOLDINGS CO.,LTD.",True,102978000000.0,,equity_times_pbr,,,,,True,False
7098,7098.T,Agent Inc.,False,,,equity_times_pbr,,,,,False,False
7877,7877.T,"EIDAI KAKO CO.,LTD.",True,7204023000.0,,equity_times_pbr,,,,,True,False
3912,3912.T,"Mobile Factory,Inc.",True,4131328000.0,,equity_times_pbr,,,,,True,False
6952,6952.T,"CASIO COMPUTER CO.,LTD.",True,218927000000.0,404490420224.0,yfinance_market_cap,0.5412414956051664,1.7329503,0.0298746259387505,22.490313,True,True
4204,4204.T,"Sekisui Chemical Co.,Ltd.",True,835366000000.0,928523747328.0,yfinance_market_cap,0.8996711203175161,1.090859,0.09058034352059458,12.596528,True,True
6754,6754.T,ANRITSU CORPORATION,False,105346000000.0,610265399296.0,yfinance_market_cap,0.1726232555893334,4.5982466,0.012601074891139423,52.17201,True,True
5589,5589.T,"AUTOSERVER CO.,LTD.",True,13032070000.0,,equity_times_pbr,,,,,True,False
9226,9226.T,IGER Inc.,False,,,equity_times_pbr,,,,,False,False
6862,6862.T,MINATO HOLDINGS INC.,True,5910195000.0,,equity_times_pbr,,,,,True,False
4746,4746.T,"Toukei Computer Co.,Ltd.",True,50516514000.0,,equity_times_pbr,,,,,True,False
6919,6919.T,KEL CORPORATION,True,15224531000.0,,equity_times_pbr,,,,,True,False
1723,1723.T,"NIHON DENGI CO.,LTD.",True,39542000000.0,,equity_times_pbr,,,,,True,False
9169,9169.T,Daishinsha Inc.,False,,,equity_times_pbr,,,,,False,False
7701,7701.T,Shimadzu Corporation,True,498066000000.0,1139580207104.0,yfinance_market_cap,0.43706094305176507,2.0164063,0.04718930678575072,18.824877,True,True
6471,6471.T,NSK Ltd.,False,357592000000.0,,equity_times_pbr,,,,,True,False
7003,7003.T,"MITSUI E&S Co.,Ltd.",True,174154000000.0,441852887040.0,yfinance_market_cap,0.3941447597336491,1.9286042,0.13096440398444523,11.49374,True,True
2477,2477.T,"Temairazu,Inc.",True,6768403000.0,,equity_times_pbr,,,,,True,False
9790,9790.T,"Fukui Computer Holdings,Inc.",True,27102000000.0,,equity_times_pbr,,,,,True,False
7727,7727.T,OVAL Corporation,True,16320712000.0,,equity_times_pbr,,,,,True,False
6637,6637.T,"TERASAKI ELECTRIC CO.,LTD.",True,51432264000.0,,equity_times_pbr,,,,,True,False
6543,6543.T,NISSEN INC.,True,4056012000.0,,equity_times_pbr,,,,,True,False
7011,7011.T,"Mitsubishi Heavy Industries,Ltd.",False,1179519000000.0,12217721290752.0,yfinance_market_cap,0.09654165223860665,3.95579,0.009809930767591027,34.737747,True,True
6504,6504.T,"FUJI ELECTRIC CO.,LTD.",True,730658000000.0,2296834686976.0,yfinance_market_cap,0.3181151887609205,2.8662915,0.04209314695054944,23.38232,True,True
6407,6407.T,CKD Corporation,True,136521000000.0,449131282432.0,yfinance_market_cap,0.3039668028928039,2.9252317,0.030102556933444005,33.044846,True,True
6226,6226.T,"Moriya Transportation Engineering and Manufacturing Co.,Ltd.",True,11487397000.0,,equity_times_pbr,,,,,True,False
2323,2323.T,fonfun corporation,True,957316000.0,,equity_times_pbr,,,,,True,False
6629,6629.T,"TECHNO HORIZON CO.,LTD.",True,10098037000.0,,equity_times_pbr,,,,,False,False
5261,5261.T,"RESOL HOLDINGS Co.,Ltd.",True,16181000000.0,,equity_times_pbr,,,,,True,False
6231,6231.T,"KIMURA KOHKI Co.,Ltd.",True,11763903000.0,,equity_times_pbr,,,,,True,False
6137,6137.T,"KOIKE SANSO KOGYO CO.,LTD.",True,45571000000.0,,equity_times_pbr,,,,,True,False
6971,6971.T,KYOCERA CORPORATION,False,2435960000000.0,4660982185984.0,yfinance_market_cap,0.5226280433607222,1.3957417,0.009479547064750715,34.43309,True,True
7088,7088.T,Forum Engineering Inc.,True,13533000000.0,,equity_times_pbr,,,,,True,False
6958,6958.T,CMK CORPORATION,True,81428000000.0,,equity_times_pbr,,,,,True,False
6904,6904.T,"HARADA INDUSTRY CO.,LTD.",True,13381097000.0,,equity_times_pbr,,,,,True,False
4187,4187.T,OSAKA ORGANIC CHEMICAL INDUSTRY LTD.,True,50536502000.0,,equity_times_pbr,,,,,True,False
4620,4620.T,"FUJIKURA KASEI CO.,LTD.",True,43196578000.0,,equity_times_pbr,,,,,True,False
6246,6246.T,Techno Smart Corp.,True,19631592000.0,,equity_times_pbr,,,,,True,False
6217,6217.T,TSUDAKOMA Corp.,True,-12488000000.0,,equity_times_pbr,,,,,False,False
6954,6954.T,FANUC CORPORATION,True,1739890000000.0,7540854226944.0,yfinance_market_cap,0.23072850205527792,4.043634,0.020070272603762394,45.307243,True,True
4082,4082.T,"DAIICHI KIGENSO KAGAKU-KOGYO CO.,LTD",True,39742000000.0,,equity_times_pbr,,,,,True,False
9024,9024.T,SEIBU HOLDINGS INC.,True,567128000000.0,708266426368.0,yfinance_market_cap,0.800726928294823,1.2449007,0.3649092917270561,18.473217,True,True
6677,6677.T,"SK-Electronics CO.,LTD.",True,34590925000.0,,equity_times_pbr,,,,,True,False
4005,4005.T,"SUMITOMO CHEMICAL COMPANY,LIMITED",False,393915000000.0,970205429760.0,yfinance_market_cap,0.4060119516105397,0.9618911,0.02491637261397303,15.810011,True,True
6473,6473.T,JTEKT Corporation,False,448916000000.0,,equity_times_pbr,,,,,True,False
9651,9651.T,"Japan Process Development Co.,Ltd.",True,11088905000.0,,equity_times_pbr,,,,,True,False
6465,6465.T,HOSHIZAKI CORPORATION,True,413914000000.0,,equity_times_pbr,,,,,True,False
6727,6727.T,"Wacom Co.,Ltd.",True,30859475000.0,,equity_times_pbr,,,,,True,False
6224,6224.T,"JRC Co.,Ltd.",True,5838809000.0,,equity_times_pbr,,,,,True,False
3445,3445.T,"RS Technologies Co.,Ltd.",True,153331000000.0,,equity_times_pbr,,,,,True,False
6986,6986.T,FUTABA CORPORATION,True,88312000000.0,,equity_times_pbr,,,,,True,False
6947,6947.T,ZUKEN INC.,True,39948567000.0,,equity_times_pbr,,,,,True,False
7989,7989.T,TACHIKAWA CORPORATION,True,56353007000.0,,equity_times_pbr,,,,,True,False
6257,6257.T,"FUJISHOJI CO.,LTD.",True,46778000000.0,,equity_times_pbr,,,,,True,False
4374,4374.T,ROBOT PAYMENT INC.,True,1293714000.0,,equity_times_pbr,,,,,True,False
3441,3441.T,"SANNO Co.,Ltd.",True,6755438000.0,,equity_times_pbr,,,,,True,False
7745,7745.T,"A&D HOLON Holdings Company,Limited",True,43119000000.0,,equity_times_pbr,,,,,True,False
9640,9640.T,"Saison Technology Co.,Ltd.",True,14362191000.0,,equity_times_pbr,,,,,True,False
4928,4928.T,"Noevir Holdings Co.,Ltd.",True,54209000000.0,,equity_times_pbr,,,,,True,False
7995,7995.T,"VALQUA,LTD.",True,50521000000.0,,equity_times_pbr,,,,,True,False
9202,9202.T,ANA HOLDINGS INC.,True,1297906000000.0,1305071190016.0,yfinance_market_cap,0.9945097324415596,0.88671684,0.11790774417303126,9.075204,True,True
9795,9795.T,"STEP CO.,LTD.",True,27422634000.0,,equity_times_pbr,,,,,True,False
9476,9476.T,"CHUOKEIZAI-SHA HOLDINGS,INC.",True,4353748000.0,,equity_times_pbr,,,,,True,False
6807,6807.T,"Japan Aviation Electronics Industry,Limited",True,133696000000.0,,equity_times_pbr,,,,,True,False
6368,6368.T,ORGANO CORPORATION,True,121194000000.0,724221952000.0,yfinance_market_cap,0.16734372613991133,5.0657797,0.03339583940145465,25.499878,True,True
3003,3003.T,"Hulic Co.,Ltd.",True,939180000000.0,1253636833280.0,yfinance_market_cap,0.7491643313819529,1.3791306,0.09194129985669976,10.967914,True,True
9661,9661.T,"Kabuki-Za Co.,Ltd.",True,11367812000.0,,equity_times_pbr,,,,,True,False
6249,6249.T,"Gamecard Holdings,Inc.",True,58600000000.0,,equity_times_pbr,,,,,True,False
7735,7735.T,"SCREEN Holdings Co.,Ltd.",True,420694000000.0,2056330149888.0,yfinance_market_cap,0.2045848523024931,4.226201,0.04837355519269016,22.327845,True,True
6351,6351.T,"TSURUMI MANUFACTURING CO.,LTD.",True,95852000000.0,,equity_times_pbr,,,,,True,False
6307,6307.T,"SANSEI CO.,LTD.",True,4677342000.0,,equity_times_pbr,,,,,True,False
6238,6238.T,FURYU CORPORATION,True,22424034000.0,,equity_times_pbr,,,,,True,False
6269,6269.T,"MODEC,INC.",False,75522000000.0,671447056384.0,yfinance_market_cap,0.11247647790239032,2.772192,0.02903430704572309,11.663659,True,True
2154,2154.T,Open Up Group Inc.,False,98430000000.0,,equity_times_pbr,,,,,True,False
5819,5819.T,"Canare Electric Co.,Ltd.",True,19048821000.0,,equity_times_pbr,,,,,True,False
4762,4762.T,XNET Corporation,True,6636498000.0,,equity_times_pbr,,,,,True,False
7743,7743.T,"SEED CO.,LTD.",True,18386144000.0,,equity_times_pbr,,,,,True,False
4887,4887.T,"SAWAI GROUP HOLDINGS Co.,Ltd.",False,163453000000.0,,equity_times_pbr,,,,,True,False
6158,6158.T,"WAIDA MFG.CO.,LTD.",True,10355703000.0,,equity_times_pbr,,,,,True,False
3800,3800.T,UNIRITA Inc.,True,11971981000.0,,equity_times_pbr,,,,,True,False
6378,6378.T,"KIMURA CHEMICAL PLANTS CO.,LTD.",True,19133000000.0,,equity_times_pbr,,,,,True,False
7269,7269.T,SUZUKI MOTOR CORPORATION,True,3407147000000.0,3743755796480.0,yfinance_market_cap,0.9100879398179522,1.106938,0.06173559723561812,8.520681,True,True
9769,9769.T,"GAKKYUSHA CO.,LTD.",True,7354075000.0,,equity_times_pbr,,,,,True,False
4578,4578.T,"Otsuka Holdings Co.,Ltd.",False,1025176000000.0,6003181486080.0,yfinance_market_cap,0.17077211514880034,1.9340886,0.014969229267576146,16.634321,True,True
3834,3834.T,"Asahi Net,Inc.",True,14095000000.0,,equity_times_pbr,,,,,True,False
4917,4917.T,MANDOM CORPORATION,True,76673000000.0,,equity_times_pbr,,,,,True,False
6203,6203.T,"Howa Machinery,Ltd.",True,18736000000.0,,equity_times_pbr,,,,,True,False
4970,4970.T,"Toyo Gosei Co.,Ltd.",True,24831000000.0,,equity_times_pbr,,,,,True,False
5951,5951.T,"Dainichi Co.,Ltd.",True,27939956000.0,,equity_times_pbr,,,,,True,False
6496,6496.T,"NAKAKITA SEISAKUSHO CO.,LTD.",True,25456650000.0,,equity_times_pbr,,,,,True,False
6918,6918.T,AVAL DATA CORPORATION,True,20059154000.0,,equity_times_pbr,,,,,True,False
6310,6310.T,"ISEKI & CO.,LTD.",True,78428000000.0,,equity_times_pbr,,,,,True,False
7741,7741.T,HOYA CORPORATION,False,429612000000.0,8844563447808.0,yfinance_market_cap,0.04857356754068775,8.692476,0.037848108838312765,35.50423,True,True
6433,6433.T,"HEPHAIST CO.,LTD.",True,2818636000.0,,equity_times_pbr,,,,,False,False
4324,4324.T,DENTSU GROUP INC.,False,-298732000000.0,785767858176.0,yfinance_market_cap,0.5309838078611728,1.8832966,0.10667327756525498,9.374419,False,True
7702,7702.T,"JMS CO.,LTD.",True,40927000000.0,,equity_times_pbr,,,,,True,False
6849,6849.T,NIHON KOHDEN CORPORATION,True,181294000000.0,,equity_times_pbr,,,,,True,False
6364,6364.T,AIRMAN CORPORATION,True,41040241000.0,,equity_times_pbr,,,,,True,False
6305,6305.T,"Hitachi Construction Machinery Co.,Ltd.",False,482442000000.0,1084953985024.0,yfinance_market_cap,0.4446658629391808,1.2052822,0.08398328524318421,14.818258,True,True
3591,3591.T,WACOAL HOLDINGS CORP.,False,111602000000.0,,equity_times_pbr,,,,,True,False
3939,3939.T,"Kanamic Network Co.,LTD",True,4813548000.0,,equity_times_pbr,,,,,True,False
4684,4684.T,"OBIC Co.,Ltd.",True,433850000000.0,1800259895296.0,yfinance_market_cap,0.24099298169871528,3.4943073,0.035895372756373584,24.258148,True,True
8630,8630.T,"Sompo Holdings,Inc.",False,2865132000000.0,5269587230720.0,yfinance_market_cap,0.5437108969934498,1.0196918,0.029177427617796972,8.421983,True,True
4272,4272.T,"NIPPON KAYAKU CO.,LTD.",True,268520000000.0,,equity_times_pbr,,,,,True,False
4733,4733.T,"OBIC BUSINESS CONSULTANTS CO.,LTD.",True,158990007000.0,,equity_times_pbr,,,,,True,False
9446,9446.T,"SAKAI Holdings CO.,LTD",True,4822136000.0,,equity_times_pbr,,,,,True,False
6907,6907.T,"GEOMATEC CO.,LTD.",True,9104509000.0,,equity_times_pbr,,,,,True,False
6316,6316.T,"MARUYAMA MFG.CO.,INC.",True,20794000000.0,,equity_times_pbr,,,,,True,False
9635,9635.T,"Musashino Kogyo Co.,Ltd.",True,3615295000.0,,equity_times_pbr,,,,,True,False
9636,9636.T,Kin-Ei Corp.,True,2759534000.0,,equity_times_pbr,,,,,True,False
6908,6908.T,"IRISO ELECTRONICS CO.,LTD.",True,71196000000.0,,equity_times_pbr,,,,,True,False
5444,5444.T,"YAMATO KOGYO CO.,LTD.",True,602940000000.0,,equity_times_pbr,,,,,True,False
4345,4345.T,"CTS Co.,Ltd.",True,12925000000.0,,equity_times_pbr,,,,,True,False
6445,6445.T,JANOME Corporation,True,35442000000.0,,equity_times_pbr,,,,,True,False
2124,2124.T,"JAC Recruitment Co.,Ltd.",True,23949000000.0,,equity_times_pbr,,,,,True,False
9414,9414.T,Nippon BS Broadcasting Corporation,True,24426185000.0,,equity_times_pbr,,,,,True,False
1928,1928.T,"Sekisui House,Ltd.",True,2188237000000.0,2126218788864.0,yfinance_market_cap,1.0291683111168137,0.9937397,0.11126747691210077,9.159452,True,True
5992,5992.T,"CHUO SPRING CO.,LTD.",True,81045550000.0,,equity_times_pbr,,,,,True,False
7270,7270.T,SUBARU CORPORATION,False,1550696000000.0,1732767514624.0,yfinance_market_cap,0.8949244413417409,0.6232064,0.18756988300910424,19.29573,True,True
6349,6349.T,KOMORI CORPORATION,True,115499000000.0,,equity_times_pbr,,,,,True,False
4828,4828.T,Business Engineering Corporation,True,13384526000.0,,equity_times_pbr,,,,,True,False
9679,9679.T,"HORAI Co.,Ltd.",True,9865029000.0,,equity_times_pbr,,,,,True,False
9445,9445.T,"FORVAL TELECOM,INC.",True,3320530000.0,,equity_times_pbr,,,,,True,False
6757,6757.T,"OSG CORPORATION CO.,LTD.",True,2813844000.0,,equity_times_pbr,,,,,True,False
6408,6408.T,"OGURA CLUTCH CO.,LTD.",True,17701000000.0,,equity_times_pbr,,,,,True,False
4091,4091.T,NIPPON SANSO HOLDINGS CORPORATION,False,259637000000.0,2585001197568.0,yfinance_market_cap,0.10043979872979153,2.1234534,0.01073190992178263,20.85778,True,True
6287,6287.T,SATO CORPORATION,True,80237000000.0,,equity_times_pbr,,,,,True,False
6138,6138.T,"DIJET INDUSTRIAL CO.,LTD.",True,7939070000.0,,equity_times_pbr,,,,,True,False
6513,6513.T,"Origin Company,Limited",True,25892133000.0,,equity_times_pbr,,,,,True,False
6905,6905.T,"COSEL CO.,LTD.",True,55836089000.0,,equity_times_pbr,,,,,True,False
2480,2480.T,"System Location Co.,Ltd.",True,3701024000.0,,equity_times_pbr,,,,,True,False
6237,6237.T,"IWAKI CO.,LTD.",True,38109972000.0,,equity_times_pbr,,,,,True,False
6339,6339.T,"Sintokogio,Ltd.",True,127125000000.0,,equity_times_pbr,,,,,True,False
4109,4109.T,STELLA CHEMIFA CORPORATION,True,44992000000.0,,equity_times_pbr,,,,,True,False
4743,4743.T,ITFOR Inc.,True,19044606000.0,,equity_times_pbr,,,,,True,False
9412,9412.T,SKY Perfect JSAT Corporation,True,284174000000.0,1119587139584.0,yfinance_market_cap,0.25382035033520417,3.6883004,0.017552005828953728,48.024315,True,True
7731,7731.T,NIKON CORPORATION,False,354344000000.0,613030297600.0,yfinance_market_cap,0.5780203709135566,1.0447273,0.056899515796500474,17.574842,False,True
5906,5906.T,"MK SEIKO CO.,LTD.",True,16690068000.0,,equity_times_pbr,,,,,True,False
7729,7729.T,"TOKYO SEIMITSU CO.,LTD.",True,176229000000.0,682683334656.0,yfinance_market_cap,0.2581416464323107,3.5609405,0.03771001677223049,27.721924,True,True
9441,9441.T,"Bell-Park Co.,Ltd.",True,27069970000.0,,equity_times_pbr,,,,,True,False
8361,8361.T,"The Ogaki Kyoritsu Bank,Ltd.",False,318525000000.0,,equity_times_pbr,,,,,True,False
7244,7244.T,"ICHIKOH INDUSTRIES,LTD.",True,80120000000.0,,equity_times_pbr,,,,,True,False
6772,6772.T,"Tokyo Cosmos Electric Co.,Ltd.",True,7575524000.0,,equity_times_pbr,,,,,True,False
5703,5703.T,"Nippon Light Metal Holdings Company,Ltd.",True,250481000000.0,,equity_times_pbr,,,,,True,False
5817,5817.T,"JMACS Japan Co.,Ltd.",True,5653393000.0,,equity_times_pbr,,,,,True,False
6151,6151.T,"NITTO KOHKI CO.,LTD.",True,58183000000.0,,equity_times_pbr,,,,,True,False
6566,6566.T,"KANAME KOGYO CO.,LTD.",True,19574889000.0,,equity_times_pbr,,,,,True,False
8035,8035.T,Tokyo Electron Limited,True,1855209000000.0,24238719238144.0,yfinance_market_cap,0.0765390688250761,11.659127,0.022448917150032766,42.351776,True,True
7780,7780.T,"Menicon Co.,Ltd.",True,86154000000.0,,equity_times_pbr,,,,,True,False
3962,3962.T,"CHANGE Holdings,Inc.",False,37618000000.0,,equity_times_pbr,,,,,True,False
4224,4224.T,LONSEAL CORPORATION,True,19015000000.0,,equity_times_pbr,,,,,True,False
6323,6323.T,RORZE CORPORATION,True,139961000000.0,667365343232.0,yfinance_market_cap,0.20972170853550687,5.1245513,0.028542087468540055,35.192978,True,True
4680,4680.T,ROUND ONE Corporation,True,72354000000.0,,equity_times_pbr,,,,,True,False
6239,6239.T,NAGAOKA INTERNATIONAL CORPORATION,True,7507777000.0,,equity_times_pbr,,,,,True,False
3964,3964.T,AUCNET INC.,True,26622589000.0,,equity_times_pbr,,,,,True,False
6087,6087.T,"ABIST Co.,Ltd.",True,7405345000.0,,equity_times_pbr,,,,,True,False
7004,7004.T,Kanadevia Corporation,True,197895000000.0,,equity_times_pbr,,,,,True,False
9701,9701.T,"Tokyo Kaikan Co.,Ltd.",True,10957493000.0,,equity_times_pbr,,,,,True,False
8898,8898.T,CENTURY21 REAL ESTATE OF JAPAN LTD.,True,6611474000.0,,equity_times_pbr,,,,,True,False
6005,6005.T,"MIURA CO.,LTD.",False,180736000000.0,,equity_times_pbr,,,,,True,False
6294,6294.T,OKADA AIYON CORPORATION,True,17238918000.0,,equity_times_pbr,,,,,True,False
9845,9845.T,PARKER CORPORATION,True,48477000000.0,,equity_times_pbr,,,,,True,False
4617,4617.T,"Chugoku Marine Paints,Ltd.",True,89435000000.0,,equity_times_pbr,,,,,True,False
2303,2303.T,Dawn Corporation,True,2758768000.0,,equity_times_pbr,,,,,True,False
4403,4403.T,NOF CORPORATION,True,279550000000.0,,equity_times_pbr,,,,,True,False
7284,7284.T,"MEIWA INDUSTRY CO.,LTD.",True,12003681000.0,,equity_times_pbr,,,,,True,False
6317,6317.T,Kitagawa Corporation,True,41739000000.0,,equity_times_pbr,,,,,True,False
4043,4043.T,Tokuyama Corporation,True,273858000000.0,,equity_times_pbr,,,,,True,False
9021,9021.T,West Japan Railway Company,True,1280165000000.0,1150679515136.0,yfinance_market_cap,1.1125295820085022,0.9527818,0.10307300898285486,9.100889,True,True
4064,4064.T,"Nippon Carbide Industries Company,Incorporated",True,37906000000.0,,equity_times_pbr,,,,,True,False
5991,5991.T,"NHK SPRING CO.,LTD.",True,423172000000.0,,equity_times_pbr,,,,,True,False
6363,6363.T,"Torishima Pump Mfg.Co.,Ltd.",True,56417000000.0,,equity_times_pbr,,,,,True,False
6342,6342.T,"Taihei Machinery Works,Limited",True,6895502000.0,,equity_times_pbr,,,,,True,False
9101,9101.T,Nippon Yusen Kabushiki Kaisha,True,2969973000000.0,2128760537088.0,yfinance_market_cap,1.3951653782828581,0.6962808,0.2286358618174065,10.450926,True,True
4092,4092.T,"Nippon Chemical Industrial Co.,Ltd.",True,46395000000.0,,equity_times_pbr,,,,,True,False
6470,6470.T,"TAIHO KOGYO CO.,LTD.",True,69283000000.0,,equity_times_pbr,,,,,False,False
6343,6343.T,FREESIA MACROSS CORPORATION,True,19530140000.0,,equity_times_pbr,,,,,True,False
5016,5016.T,JX Advanced Metals Corporation,False,443459000000.0,3539653361664.0,yfinance_market_cap,0.12528317173733894,5.3327007,0.010523346834868923,33.894997,True,True
6467,6467.T,NICHIDAI CORPORATION,True,11170402000.0,,equity_times_pbr,,,,,True,False
6149,6149.T,"Odawara Engineering Co.,Ltd.",True,18528421000.0,,equity_times_pbr,,,,,True,False
4320,4320.T,"CE Holdings Co.,Ltd.",True,8842416000.0,,equity_times_pbr,,,,,True,False
4275,4275.T,"Carlit Co.,Ltd.",True,37479000000.0,,equity_times_pbr,,,,,True,False
9746,9746.T,TKC Corporation,True,108497000000.0,,equity_times_pbr,,,,,True,False
2391,2391.T,"PLANET,INC.",True,5635688000.0,,equity_times_pbr,,,,,True,False
6227,6227.T,"AIMECHATEC,Ltd.",True,10861129000.0,111929278464.0,yfinance_market_cap,0.09703563847678409,10.177499,0.003166562001147861,37.477955,True,True
6155,6155.T,"TAKAMATSU MACHINERY CO.,LTD.",True,16282000000.0,,equity_times_pbr,,,,,False,False
9744,9744.T,MEITEC Group Holdings Inc.,True,48776000000.0,,equity_times_pbr,,,,,True,False
6273,6273.T,SMC CORPORATION,True,1928306000000.0,4200010350592.0,yfinance_market_cap,0.4591193447245199,1.985737,0.04027466265080928,25.19697,True,True
6325,6325.T,"TAKAKITA CO.,LTD.",True,8089490000.0,,equity_times_pbr,,,,,True,False
4623,4623.T,ASAHIPEN CORPORATION,True,14216863000.0,,equity_times_pbr,,,,,True,False
9336,9336.T,"Daiei Kankyo Co.,Ltd.",True,94681000000.0,,equity_times_pbr,,,,,True,False
4182,4182.T,"Mitsubishi Gas Chemical Company,Inc.",True,697375000000.0,1066193846272.0,yfinance_market_cap,0.654078995520755,1.647309,0.047774614511332775,19.785788,True,True
7208,7208.T,KANEMITSU CORPORATION,True,11671189000.0,,equity_times_pbr,,,,,True,False
4973,4973.T,"JAPAN PURE CHEMICAL CO.,LTD.",True,13594720000.0,,equity_times_pbr,,,,,True,False
3997,3997.T,"TRADE WORKS Co.,Ltd",True,1875751000.0,,equity_times_pbr,,,,,True,False
6165,6165.T,"PUNCH INDUSTRY CO.,LTD.",True,22038000000.0,,equity_times_pbr,,,,,True,False
7940,7940.T,"WAVELOCK HOLDINGS CO.,LTD.",True,16702901000.0,,equity_times_pbr,,,,,True,False
5581,5581.T,"Chi-technology Co.,Ltd.",False,,,equity_times_pbr,,,,,False,False
6258,6258.T,HIRATA Corporation,True,68839271000.0,,equity_times_pbr,,,,,True,False
8392,8392.T,"THE OITA BANK,LTD.",False,208559000000.0,,equity_times_pbr,,,,,True,False
6395,6395.T,TADANO LTD.,True,205946000000.0,,equity_times_pbr,,,,,True,False
6135,6135.T,"Makino Milling Machine Co.,Ltd.",True,226650000000.0,,equity_times_pbr,,,,,True,False
6901,6901.T,"SAWAFUJI ELECTRIC CO.,LTD.",True,12778000000.0,,equity_times_pbr,,,,,True,False
4045,4045.T,"TOAGOSEI CO.,LTD.",True,215944000000.0,,equity_times_pbr,,,,,True,False
6523,6523.T,PHC Holdings Corporation,False,114778000000.0,,equity_times_pbr,,,,,True,False
4659,4659.T,"AJIS CO.,LTD.",True,27415611000.0,,equity_times_pbr,,,,,True,False
7717,7717.T,"V Technology Co.,Ltd.",True,33581000000.0,,equity_times_pbr,,,,,True,False
4262,4262.T,"NIFTY Lifestyle Co.,Ltd.",True,5924976000.0,,equity_times_pbr,,,,,True,False
6366,6366.T,Chiyoda Corporation,False,39396000000.0,188411641856.0,yfinance_market_cap,0.20909535956440384,1.6548227,0.14662045151707423,8.964242,True,True
3104,3104.T,"Fujibo Holdings,Inc.",True,47460000000.0,,equity_times_pbr,,,,,True,False
8393,8393.T,"The Miyazaki Bank,Ltd.",False,189639000000.0,,equity_times_pbr,,,,,True,False
4628,4628.T,"SK KAKEN CO.,LTD.",True,163520000000.0,,equity_times_pbr,,,,,True,False
4767,4767.T,"TOW CO.,LTD.",True,9892005000.0,,equity_times_pbr,,,,,True,False
7719,7719.T,TOKYO KOKI CO.LTD.,True,1902474000.0,,equity_times_pbr,,,,,True,False
6882,6882.T,"Sansha Electric Manufacturing Co.,Ltd.",True,24341000000.0,,equity_times_pbr,,,,,True,False
6440,6440.T,JUKI CORPORATION,True,32687000000.0,,equity_times_pbr,,,,,True,False
6103,6103.T,OKUMA Corporation,True,238065000000.0,,equity_times_pbr,,,,,True,False
7199,7199.T,"Premium Group Co.,Ltd.",False,8645000000.0,,equity_times_pbr,,,,,True,False
6626,6626.T,SEMITEC Corporation,True,23224524000.0,,equity_times_pbr,,,,,True,False
3817,3817.T,"SRA Holdings,Inc.",True,31103000000.0,,equity_times_pbr,,,,,True,False
6150,6150.T,"TAKEDA MACHINERY CO.,LTD.",True,5216019000.0,,equity_times_pbr,,,,,True,False
6778,6778.T,"Artiza Networks,Inc.",True,6743929000.0,,equity_times_pbr,,,,,True,False
9687,9687.T,"KSK CO.,LTD",True,16719000000.0,,equity_times_pbr,,,,,True,False
7970,7970.T,"Shin-Etsu Polymer Co.,Ltd.",True,123154000000.0,,equity_times_pbr,,,,,True,False
6835,6835.T,ALLIED TELESIS HOLDINGS K.K.,True,21333639000.0,,equity_times_pbr,,,,,True,False
4437,4437.T,"gooddays holdings,Inc.",True,3040565000.0,,equity_times_pbr,,,,,True,False
7202,7202.T,ISUZU MOTORS LIMITED,True,1606413000000.0,1579958140928.0,yfinance_market_cap,1.0167440252920001,1.0678937,0.04916079609196405,11.908832,True,True
6167,6167.T,"Fuji Die Co.,Ltd.",True,20748000000.0,,equity_times_pbr,,,,,True,False
6902,6902.T,DENSO CORPORATION,False,2638861000000.0,5031233847296.0,yfinance_market_cap,0.5244957956820545,0.91598785,0.1210514196884971,11.47048,True,True
6391,6391.T,KAJI TECHNOLOGY CORPORATION,True,7818377000.0,,equity_times_pbr,,,,,True,False
4078,4078.T,"Sakai Chemical Industry Co.,Ltd.",True,79386000000.0,,equity_times_pbr,,,,,True,False
7988,7988.T,NIFCO INC.,True,278725000000.0,,equity_times_pbr,,,,,True,False
6588,6588.T,TOSHIBA TEC CORPORATION,True,115685000000.0,,equity_times_pbr,,,,,True,False
4462,4462.T,"ISHIHARA CHEMICAL CO.,LTD.",True,21918409000.0,,equity_times_pbr,,,,,True,False
4203,4203.T,"Sumitomo Bakelite Company,Limited",False,155925000000.0,,equity_times_pbr,,,,,True,False
6946,6946.T,"Nippon Avionics Co.,Ltd.",True,13958000000.0,,equity_times_pbr,,,,,True,False
4220,4220.T,RIKEN TECHNOS CORPORATION,True,75780109000.0,,equity_times_pbr,,,,,True,False
6899,6899.T,ASTI CORPORATION,True,24583298000.0,,equity_times_pbr,,,,,True,False
9757,9757.T,Funai Soken Holdings Incorporated,True,28220914000.0,,equity_times_pbr,,,,,True,False
6844,6844.T,"Shindengen Electric Manufacturing Co.,Ltd.",True,66144000000.0,,equity_times_pbr,,,,,False,False
4845,4845.T,"Scala,Inc.",False,2935114000.0,,equity_times_pbr,,,,,True,False
5019,5019.T,"Idemitsu Kosan Co.,Ltd.",True,1737699000000.0,1644286967808.0,yfinance_market_cap,1.0568100544617998,0.8618828,0.06328274932368758,9.664554,True,True
3635,3635.T,"KOEI TECMO HOLDINGS CO.,LTD.",True,189421000000.0,,equity_times_pbr,,,,,True,False
4119,4119.T,Nippon Pigment Holdings Company Limited,True,21581061000.0,,equity_times_pbr,,,,,True,False
8593,8593.T,Mitsubishi HC Capital Inc.,False,1804523000000.0,1823620726784.0,yfinance_market_cap,0.989527577470739,0.9162484,0.0743800495398,11.267856,True,True
9709,9709.T,"NCS&A CO.,LTD.",True,14226599000.0,,equity_times_pbr,,,,,True,False
4095,4095.T,"NIHON PARKERIZING CO.,LTD.",True,223298000000.0,,equity_times_pbr,,,,,True,False
6525,6525.T,KOKUSAI ELECTRIC CORPORATION,False,147056000000.0,1774309343232.0,yfinance_market_cap,0.08288069978379846,8.088521,0.017136808818587312,58.917072,True,True
6455,6455.T,MORITA HOLDINGS CORPORATION,True,97702000000.0,,equity_times_pbr,,,,,True,False
4668,4668.T,"MEIKO NETWORK JAPAN CO.,LTD.",True,12953000000.0,,equity_times_pbr,,,,,True,False
9347,9347.T,"NIPPON KANZAI Holdings Co.,Ltd.",True,70038000000.0,,equity_times_pbr,,,,,True,False
6586,6586.T,Makita Corporation,False,527557000000.0,1378974957568.0,yfinance_market_cap,0.3825718495500562,1.3867251,0.02702659667274066,17.843569,True,True
3101,3101.T,"TOYOBO CO.,LTD.",True,232044000000.0,,equity_times_pbr,,,,,True,False
4341,4341.T,SEIRYO ELECTRIC CORPORATION,True,5434000000.0,,equity_times_pbr,,,,,True,False
7925,7925.T,"MAEZAWA KASEI INDUSTRIES CO.,LTD.",True,41513000000.0,,equity_times_pbr,,,,,True,False
6289,6289.T,GIKEN LTD.,True,40285000000.0,,equity_times_pbr,,,,,True,False
5921,5921.T,"Kawagishi Bridge Works Co.,Ltd.",False,28956238000.0,,equity_times_pbr,,,,,True,False
4923,4923.T,"COTA CO.,LTD.",True,13989551000.0,,equity_times_pbr,,,,,True,False
2207,2207.T,"MEITO CO.,LTD.",True,54912000000.0,,equity_times_pbr,,,,,True,False
2485,2485.T,TEAR Corporation,True,8627000000.0,,equity_times_pbr,,,,,True,False
4635,4635.T,"TOKYO PRINTING INK MFG.CO.,LTD.",True,29831000000.0,,equity_times_pbr,,,,,True,False
4686,4686.T,JUSTSYSTEMS CORPORATION,True,105123000000.0,,equity_times_pbr,,,,,True,False
9534,9534.T,"HOKKAIDO GAS CO.,LTD.",True,88486000000.0,,equity_times_pbr,,,,,True,False
6803,6803.T,TEAC CORPORATION,False,4615000000.0,,equity_times_pbr,,,,,True,False
3837,3837.T,Ad-Sol Nissin Corporation,True,7074955000.0,,equity_times_pbr,,,,,True,False
4248,4248.T,"Takemoto Yohki Co.,Ltd.",True,12067270000.0,,equity_times_pbr,,,,,True,False
6266,6266.T,"TAZMO CO.,LTD.",True,27037398000.0,,equity_times_pbr,,,,,True,False
7942,7942.T,JSP Corporation,True,105855000000.0,,equity_times_pbr,,,,,True,False
7280,7280.T,MITSUBA Corporation,True,110886000000.0,,equity_times_pbr,,,,,True,False
4094,4094.T,"NIHON KAGAKU SANGYO CO.,LTD.",True,46478870000.0,,equity_times_pbr,,,,,True,False
6472,6472.T,NTN CORPORATION,True,248699000000.0,,equity_times_pbr,,,,,False,False
4644,4644.T,"Imagineer Co.,Ltd.",True,12168656000.0,,equity_times_pbr,,,,,True,False
6361,6361.T,EBARA CORPORATION,False,347019000000.0,2618309214208.0,yfinance_market_cap,0.1325355302257408,2.0854874,0.016034775332179223,34.530552,True,True
6539,6539.T,"MATCHING SERVICE JAPAN CO.,LTD.",True,10134193000.0,,equity_times_pbr,,,,,True,False
6469,6469.T,"HODEN SEIMITSU KAKO KENKYUSHO CO.,LTD.",True,9688712000.0,,equity_times_pbr,,,,,True,False
2393,2393.T,"Nippon Care Supply Co.,Ltd.",True,17518584000.0,,equity_times_pbr,,,,,True,False
4041,4041.T,"Nippon Soda Co.,Ltd.",True,188102000000.0,,equity_times_pbr,,,,,True,False
9605,9605.T,"TOEI COMPANY,LTD.",True,354323000000.0,,equity_times_pbr,,,,,True,False
4728,4728.T,"TOSE CO.,LTD.",True,6161896000.0,,equity_times_pbr,,,,,True,False
4206,4206.T,"Aica Kogyo Company,Limited",True,189723000000.0,,equity_times_pbr,,,,,True,False
2180,2180.T,SUNNY SIDE UP GROUP Inc.,True,4701060000.0,,equity_times_pbr,,,,,True,False
4114,4114.T,"NIPPON SHOKUBAI CO.,LTD.",False,264984000000.0,,equity_times_pbr,,,,,True,False
5333,5333.T,NGK Corporation,True,727506000000.0,1827767320576.0,yfinance_market_cap,0.3980298760187565,2.2586346,0.030094093148938565,30.864498,True,True
9759,9759.T,"NSD CO.,LTD.",True,68252000000.0,,equity_times_pbr,,,,,True,False
4901,4901.T,FUJIFILM Holdings Corporation,False,1102203000000.0,4046720860160.0,yfinance_market_cap,0.27236941664328707,1.0613794,0.001284249687485121,15.055439,True,True
2121,2121.T,"MIXI,Inc.",True,181333000000.0,,equity_times_pbr,,,,,True,False
8377,8377.T,"Hokuhoku Financial Group, Inc.",False,658681000000.0,,equity_times_pbr,,,,,True,False
2169,2169.T,"CDS Co.,Ltd.",True,9367365000.0,,equity_times_pbr,,,,,True,False
4008,4008.T,"Sumitomo Seika Chemicals Company,Limited.",True,94312000000.0,,equity_times_pbr,,,,,True,False
4247,4247.T,"POVAL KOGYO CO.,LTD.",True,5717895000.0,,equity_times_pbr,,,,,True,False
6666,6666.T,RIVER ELETEC CORPORATION,True,4497657000.0,,equity_times_pbr,,,,,False,False
8876,8876.T,"Relo Group,Inc.",False,41600000000.0,,equity_times_pbr,,,,,True,False
4752,4752.T,SHOWA SYSTEM ENGINEERING CORPORATION,True,5342674000.0,,equity_times_pbr,,,,,True,False
9622,9622.T,"SPACE CO.,LTD.",False,34916802000.0,,equity_times_pbr,,,,,True,False
6521,6521.T,OXIDE Corporation,True,5137977000.0,61808689152.0,yfinance_market_cap,0.08312709864085098,13.129631,0.008686679211968784,115.11879,False,True
4401,4401.T,ADEKA CORPORATION,True,351776000000.0,,equity_times_pbr,,,,,True,False
6413,6413.T,RISO KAGAKU CORPORATION,True,66505000000.0,,equity_times_pbr,,,,,True,False
6728,6728.T,"ULVAC, Inc.",True,231080000000.0,441187270656.0,yfinance_market_cap,0.5237685113997235,1.9213357,0.041789510319701836,35.356243,True,True
2359,2359.T,CORE CORPORATION,True,18532134000.0,,equity_times_pbr,,,,,True,False
7752,7752.T,"RICOH COMPANY,LTD.",False,396213000000.0,,equity_times_pbr,,,,,True,False
6337,6337.T,TESEC Corporation,True,14165000000.0,,equity_times_pbr,,,,,True,False
4218,4218.T,"NICHIBAN CO.,LTD.",True,43187000000.0,,equity_times_pbr,,,,,True,False
6730,6730.T,AXELL CORPORATION,True,13015000000.0,,equity_times_pbr,,,,,True,False
2432,2432.T,"DeNA Co.,Ltd.",False,187913000000.0,281333858304.0,yfinance_market_cap,0.6679359574166415,1.2634971,0.07945719770367991,16.009592,True,True
4229,4229.T,"Gun Ei Chemical Industry Co.,Ltd.",True,51731000000.0,,equity_times_pbr,,,,,True,False
4926,4926.T,"C'BON COSMETICS Co.,Ltd.",True,5803671000.0,,equity_times_pbr,,,,,True,False
9049,9049.T,"Keifuku Electric Railroad Co.,Ltd.",True,13656000000.0,,equity_times_pbr,,,,,True,False
4712,4712.T,"KeyHolder,Inc.",False,15811311000.0,,equity_times_pbr,,,,,True,False
3682,3682.T,"Encourage Technologies Co.,Ltd.",True,3513011000.0,,equity_times_pbr,,,,,True,False
9551,9551.T,"METAWATER Co.,Ltd.",True,85350000000.0,,equity_times_pbr,,,,,True,False
4951,4951.T,S.T.CORPORATION,True,33236000000.0,,equity_times_pbr,,,,,True,False
7769,7769.T,"RHYTHM CO.,LTD.",True,31308000000.0,,equity_times_pbr,,,,,True,False
3710,3710.T,"Jorudan Co.,Ltd.",True,4602885000.0,,equity_times_pbr,,,,,True,False
6658,6658.T,"Shirai Electronics Industrial Co.,Ltd.",True,10054000000.0,,equity_times_pbr,,,,,True,False
4116,4116.T,"Dainichiseika Color & Chemicals Mfg.Co.,Ltd.",True,130497000000.0,,equity_times_pbr,,,,,True,False
9367,9367.T,"DAITO KOUN CO.,LTD.",True,9569539000.0,,equity_times_pbr,,,,,True,False
7782,7782.T,"Sincere Co.,LTD.",True,2868341000.0,,equity_times_pbr,,,,,True,False
4627,4627.T,"NATOCO CO.,LTD.",True,24584945000.0,,equity_times_pbr,,,,,True,False
9405,9405.T,ASAHI BROADCASTING GROUP HOLDINGS CORPORATION,True,78226000000.0,,equity_times_pbr,,,,,True,False
5959,5959.T,"OKABE CO.,LTD.",True,61906000000.0,,equity_times_pbr,,,,,True,False
1961,1961.T,"SANKI ENGINEERING CO.,LTD.",True,106380000000.0,,equity_times_pbr,,,,,True,False
4216,4216.T,ASAHI YUKIZAI CORPORATION,True,78262000000.0,,equity_times_pbr,,,,,True,False
7173,7173.T,"Tokyo Kiraboshi Financial Group,Inc.",False,376440000000.0,,equity_times_pbr,,,,,True,False
5997,5997.T,KYORITSU AIR TECH INC.,True,9862448000.0,,equity_times_pbr,,,,,True,False
6570,6570.T,Kyowa Corporation,True,4871897000.0,,equity_times_pbr,,,,,True,False
3913,3913.T,"GreenBee,Inc.",True,1390467000.0,,equity_times_pbr,,,,,True,False
6292,6292.T,"KAWATA MFG. CO.,LTD.",True,13480115000.0,,equity_times_pbr,,,,,True,False
5801,5801.T,"Furukawa Electric Co.,Ltd.",True,373336000000.0,3667335577600.0,yfinance_market_cap,0.10180033762940255,8.793557,0.010179324801367204,50.57286,True,True
2173,2173.T,Hakuten Corporation,True,5003044000.0,,equity_times_pbr,,,,,True,False
2493,2493.T,"E-SUPPORTLINK,Ltd.",True,3707858000.0,,equity_times_pbr,,,,,True,False
4246,4246.T,DaikyoNishikawa Corporation,True,89949000000.0,,equity_times_pbr,,,,,True,False
6072,6072.T,"Jibannet Holdings Co.,Ltd.",True,1193036000.0,,equity_times_pbr,,,,,True,False
4624,4624.T,"Isamu Paint Co.,Ltd.",True,17639961000.0,,equity_times_pbr,,,,,True,False
5982,5982.T,"MARUZEN CO.,LTD.",True,54683409000.0,,equity_times_pbr,,,,,True,False
5911,5911.T,Yokogawa Bridge Holdings Corp.,True,129091000000.0,,equity_times_pbr,,,,,True,False
2349,2349.T,"Nippon Information Development Co.,Ltd.",True,21651768000.0,,equity_times_pbr,,,,,True,False
3839,3839.T,"ODK Solutions Company,Ltd.",True,6357325000.0,,equity_times_pbr,,,,,True,False
5915,5915.T,KOMAIHALTEC Inc.,True,32300000000.0,,equity_times_pbr,,,,,True,False
4665,4665.T,"DUSKIN CO.,LTD.",True,151542000000.0,,equity_times_pbr,,,,,True,False
4629,4629.T,"DAISHIN CHEMICAL CO.,LTD.",True,16520182000.0,,equity_times_pbr,,,,,True,False
4028,4028.T,"ISHIHARA SANGYO KAISHA,LTD.",True,114448000000.0,,equity_times_pbr,,,,,True,False
9678,9678.T,"KANAMOTO CO.,LTD.",True,157463000000.0,,equity_times_pbr,,,,,True,False
4380,4380.T,M - mart Inc.,True,2134185000.0,,equity_times_pbr,,,,,True,False
4977,4977.T,Nitta Gelatin Inc.,True,25374000000.0,,equity_times_pbr,,,,,True,False
6145,6145.T,"NITTOKU CO.,LTD.",True,36603000000.0,,equity_times_pbr,,,,,True,False
6223,6223.T,"Seibu Giken Co.,Ltd.",True,32224000000.0,,equity_times_pbr,,,,,True,False
6424,6424.T,"TAKAMISAWA CYBERNETICS COMPANY,LTD.",True,6038794000.0,,equity_times_pbr,,,,,True,False
4521,4521.T,"KAKEN PHARMACEUTICAL CO.,LTD.",True,153484000000.0,,equity_times_pbr,,,,,True,False
7871,7871.T,"FUKUVI CHEMICAL INDUSTRY CO.,LTD.",True,37520000000.0,,equity_times_pbr,,,,,True,False
5186,5186.T,Nitta Corporation,True,154176000000.0,,equity_times_pbr,,,,,True,False
9385,9385.T,SHOEI CORPORATION,True,4276814000.0,,equity_times_pbr,,,,,True,False
5990,5990.T,"SUPER TOOL CO.,LTD.",True,10276143000.0,,equity_times_pbr,,,,,True,False
9708,9708.T,"Imperial Hotel,Ltd.",True,45347000000.0,,equity_times_pbr,,,,,True,False
7595,7595.T,ARGO GRAPHICS Inc.,True,59669909000.0,,equity_times_pbr,,,,,True,False
3826,3826.T,System Integrator Corp.,True,4465003000.0,,equity_times_pbr,,,,,True,False
4471,4471.T,"SANYO CHEMICAL INDUSTRIES,LTD.",True,138302000000.0,,equity_times_pbr,,,,,True,False
7224,7224.T,"ShinMaywa Industries,LTD.",True,113066000000.0,,equity_times_pbr,,,,,True,False
4994,4994.T,"Taisei Lamick Group Head Quarter & Innovation Co.,Ltd.",True,25157659000.0,,equity_times_pbr,,,,,True,False
5942,5942.T,"NIPPON FILCON CO.,LTD.",True,22552810000.0,,equity_times_pbr,,,,,False,False
2179,2179.T,"SEIGAKUSHA CO.,LTD.",True,3871183000.0,,equity_times_pbr,,,,,True,False
4465,4465.T,"Niitaka Co., Ltd.",True,14756733000.0,,equity_times_pbr,,,,,True,False
7040,7040.T,"SUN-LIFE HOLDING CO.,LTD.",True,6604078000.0,,equity_times_pbr,,,,,True,False
6040,6040.T,"Nippon Ski Resort Development Co.,Ltd.",True,8702591000.0,,equity_times_pbr,,,,,True,False
5393,5393.T,NICHIAS CORPORATION,True,216434000000.0,,equity_times_pbr,,,,,True,False
7317,7317.T,"Matsuya R&D Co.,Ltd",True,6932227000.0,,equity_times_pbr,,,,,True,False
6771,6771.T,"IKEGAMI TSUSHINKI CO.,LTD.",True,14151000000.0,,equity_times_pbr,,,,,True,False
3435,3435.T,"SANKO TECHNO CO.,LTD.",True,18755073000.0,,equity_times_pbr,,,,,True,False
4503,4503.T,Astellas Pharma Inc.,False,1366867000000.0,3894704078848.0,yfinance_market_cap,0.35095529013960425,2.1293664,0.08209070407592263,13.393296,True,True
9716,9716.T,"NOMURA Co.,Ltd.",True,62035000000.0,,equity_times_pbr,,,,,True,False
6245,6245.T,"HIRANO TECSEED CO.,LTD.",True,38240540000.0,,equity_times_pbr,,,,,True,False
9639,9639.T,"SANKYO FRONTIER CO.,LTD.",True,48797000000.0,,equity_times_pbr,,,,,True,False
5941,5941.T,"NAKANISHI MFG. CO.,LTD.",True,20519641000.0,,equity_times_pbr,,,,,True,False
2185,2185.T,CMC CORPORATION,True,21919478000.0,,equity_times_pbr,,,,,True,False
6254,6254.T,"Nomura Micro Science Co.,Ltd.",True,37013936000.0,,equity_times_pbr,,,,,True,False
5975,5975.T,Topre Corporation,True,223257000000.0,,equity_times_pbr,,,,,True,False
9983,9983.T,"FAST RETAILING CO.,LTD.",False,1451901000000.0,24703668322304.0,yfinance_market_cap,0.05877268837394218,9.384252,0.0152838029993752,51.740314,True,True
6262,6262.T,"PEGASUS CO.,LTD.",True,33637431000.0,,equity_times_pbr,,,,,True,False
7593,7593.T,"VT HOLDINGS CO.,LTD.",False,26405000000.0,,equity_times_pbr,,,,,True,False
4071,4071.T,"Plus Alpha Consulting Co.,LTD.",True,15252929000.0,,equity_times_pbr,,,,,True,False
3437,3437.T,"TOKUDEN CO.,LTD.",True,7654887000.0,,equity_times_pbr,,,,,True,False
7034,7034.T,"Prored Partners CO.,LTD.",True,11892298000.0,,equity_times_pbr,,,,,True,False
5903,5903.T,"SHINPO CO.,LTD.",True,6921570000.0,,equity_times_pbr,,,,,True,False
5902,5902.T,HOKKAN HOLDINGS LIMITED,True,62225000000.0,,equity_times_pbr,,,,,True,False
4631,4631.T,DIC Corporation,True,490844000000.0,,equity_times_pbr,,,,,True,False
3673,3673.T,"Broadleaf Co.,Ltd.",False,15656632000.0,,equity_times_pbr,,,,,True,False
4625,4625.T,"ATOMIX CO.,LTD.",True,10351739000.0,,equity_times_pbr,,,,,True,False
4482,4482.T,WILLs Inc.,True,2771650000.0,,equity_times_pbr,,,,,True,False
7912,7912.T,"Dai Nippon Printing Co.,Ltd.",True,1208778000000.0,1184930332672.0,yfinance_market_cap,1.0201257969945152,0.99531823,0.09583263831548239,11.662915,True,True
6506,6506.T,YASKAWA Electric Corporation,False,207873000000.0,1851887190016.0,yfinance_market_cap,0.11224927799095798,3.8298373,0.016670561882191792,52.689842,True,True
7272,7272.T,"Yamaha Motor Co.,Ltd.",True,645141000000.0,1240628461568.0,yfinance_market_cap,0.520011445799512,1.0668685,0.055838635132104755,7.960772,True,True
3420,3420.T,KFC Ltd,True,21249703000.0,,equity_times_pbr,,,,,True,False
2327,2327.T,NS Solutions Corporation,False,227459000000.0,,equity_times_pbr,,,,,True,False
5570,5570.T,"JENOBA CO.,LTD.",True,3327369000.0,,equity_times_pbr,,,,,True,False
4318,4318.T,"QUICK CO.,LTD.",True,17842102000.0,,equity_times_pbr,,,,,True,False
6943,6943.T,"NKK SWITCHES CO.,LTD.",True,12702443000.0,,equity_times_pbr,,,,,False,False
6635,6635.T,KK DI-NIKKO ENGINEERING,True,8237848000.0,,equity_times_pbr,,,,,False,False
4042,4042.T,TOSOH CORPORATION,True,902418000000.0,,equity_times_pbr,,,,,True,False
8368,8368.T,"The Hyakugo Bank,Ltd.",False,435449000000.0,,equity_times_pbr,,,,,True,False
6197,6197.T,Solasto Corporation,True,22684000000.0,,equity_times_pbr,,,,,True,False
2408,2408.T,"KG Intelligence CO.,LTD.",True,6054991000.0,,equity_times_pbr,,,,,True,False
5971,5971.T,"KYOWAKOGYOSYO CO.,LTD.",True,15656145000.0,,equity_times_pbr,,,,,True,False
6018,6018.T,"THE HANSHIN DIESEL WORKS,LTD.",True,14796530000.0,,equity_times_pbr,,,,,True,False
9743,9743.T,"TANSEISHA CO.,LTD.",True,37665000000.0,,equity_times_pbr,,,,,True,False
5121,5121.T,FUJIKURA COMPOSITES Inc.,True,34433837000.0,,equity_times_pbr,,,,,True,False
7278,7278.T,EXEDY Corporation,False,107064000000.0,,equity_times_pbr,,,,,True,False
6460,6460.T,SEGA SAMMY HOLDINGS INC.,True,381604000000.0,,equity_times_pbr,,,,,True,False
5974,5974.T,"CHUGOKUKOGYO CO.,LTD.",True,5866000000.0,,equity_times_pbr,,,,,True,False
9761,9761.T,"TOKAI LEASE CO.,LTD.",True,17079901000.0,,equity_times_pbr,,,,,True,False
6091,6091.T,Wesco Holdings Inc.,True,16255788000.0,,equity_times_pbr,,,,,True,False
9853,9853.T,"GINZA RENOIR CO.,LTD.",True,3107049000.0,,equity_times_pbr,,,,,False,False
4769,4769.T,"IC CO.,LTD.",True,6479254000.0,,equity_times_pbr,,,,,True,False
2411,2411.T,GENDAI AGENCY INC.,True,4205000000.0,,equity_times_pbr,,,,,True,False
4681,4681.T,"RESORTTRUST,INC.",True,150742000000.0,,equity_times_pbr,,,,,True,False
4832,4832.T,"JFE Systems, Inc.",True,34144984000.0,,equity_times_pbr,,,,,True,False
6073,6073.T,ASANTE INCORPORATED,True,11718142000.0,,equity_times_pbr,,,,,True,False
5715,5715.T,"FURUKAWA CO.,LTD.",True,133572000000.0,,equity_times_pbr,,,,,True,False
5956,5956.T,"TOSO CO.,LTD.",True,14781102000.0,,equity_times_pbr,,,,,True,False
8053,8053.T,"SUMITOMO CORPORATION (SUMITOMO SHOJI KAISHA,LTD.)",False,1800572000000.0,8344294129664.0,yfinance_market_cap,0.21578481918547898,1.799083,0.06063568615124711,14.010234,True,True
3984,3984.T,"User Local,Inc.",True,8699226000.0,,equity_times_pbr,,,,,True,False
3922,3922.T,PR TIMES Corporation,True,9275966000.0,,equity_times_pbr,,,,,True,False
9733,9733.T,Nagase Brothers Inc.,True,31172000000.0,,equity_times_pbr,,,,,True,False
3861,3861.T,Oji Holdings Corporation,True,1132791000000.0,662417571840.0,yfinance_market_cap,1.7100859762120166,0.6124871,0.07237126857434785,22.324638,True,True
4507,4507.T,"Shionogi & Co.,Ltd.",False,799781000000.0,2438044581888.0,yfinance_market_cap,0.32804199149658564,1.4467263,0.03565439313364996,11.892902,True,True
4118,4118.T,KANEKA CORPORATION,True,492419000000.0,,equity_times_pbr,,,,,True,False
9146,9146.T,"GOKENDO Holdings,Inc.",False,,,equity_times_pbr,,,,,False,False
3521,3521.T,"THERMAE-YU HOLDINGS CO.,LTD.",True,4950521000.0,,equity_times_pbr,,,,,True,False
7132,7132.T,FLOBAL CORPORATION,False,,,equity_times_pbr,,,,,False,False
2801,2801.T,KIKKOMAN CORPORATION,False,115569000000.0,1293449297920.0,yfinance_market_cap,0.08934946285551887,2.305925,0.037336600729274916,21.141905,True,True
4765,4765.T,"SBI Global Asset Management Co.,Ltd.",True,15607984000.0,,equity_times_pbr,,,,,True,False
7322,7322.T,"San ju San Financial Group,Inc.",False,206011000000.0,,equity_times_pbr,,,,,True,False
5528,5528.T,"Frontier House Co.,Ltd.",False,,,equity_times_pbr,,,,,False,False
3901,3901.T,"MarkLines Co.,Ltd.",True,6738689000.0,,equity_times_pbr,,,,,True,False
7693,7693.T,"Hokkaido Shika Sangyo Co.,Ltd.",False,,,equity_times_pbr,,,,,False,False
9698,9698.T,"CREO CO.,LTD.",True,7334000000.0,,equity_times_pbr,,,,,True,False
5844,5844.T,"Kyoto Financial Group,Inc.",False,1083193000000.0,1229082460160.0,yfinance_market_cap,0.8813021380672796,1.0852517,0.029740884916087288,12.807576,True,True
8544,8544.T,"The Keiyo Bank,Ltd.",False,310724000000.0,,equity_times_pbr,,,,,True,False
9632,9632.T,"Subaru Enterprise Co.,Ltd.",True,37047711000.0,,equity_times_pbr,,,,,True,False
3649,3649.T,FINDEX Inc.,True,6789554000.0,,equity_times_pbr,,,,,True,False
4107,4107.T,ISE CHEMICALS CORPORATION,True,40070000000.0,,equity_times_pbr,,,,,True,False
9149,9149.T,"Otomo Logistics Service Co.,Ltd.",False,,,equity_times_pbr,,,,,False,False
5534,5534.T,Angel Group Inc.,False,,,equity_times_pbr,,,,,False,False
4619,4619.T,"Nihon Tokushu Toryo Co.,Ltd.",True,64114000000.0,,equity_times_pbr,,,,,True,False
2341,2341.T,"ARBEIT-TIMES CO.,LTD.",True,3102120000.0,,equity_times_pbr,,,,,True,False
5072,5072.T,"ART FORCE JAPAN Co.,Ltd.",False,,,equity_times_pbr,,,,,False,False
2992,2992.T,URBAN LiKE INC.,False,,,equity_times_pbr,,,,,False,False
5022,5022.T,REVO International Inc.,False,,,equity_times_pbr,,,,,False,False
1452,1452.T,"YOKOHAMA WRIGHT Industries Co.,LTD",False,,,equity_times_pbr,,,,,False,False
5890,5890.T,OFFICEBUSTERS CORPORATION,False,,,equity_times_pbr,,,,,False,False
7680,7680.T,"KEIJIDOUSHAKAN.Co.,Ltd.",False,,,equity_times_pbr,,,,,False,False
7691,7691.T,C Channel Corporation,False,,,equity_times_pbr,,,,,False,False
8921,8921.T,"C's Create Co.,Ltd",False,,,equity_times_pbr,,,,,False,False
2994,2994.T,"Answer Holdings Co.,Ltd",False,,,equity_times_pbr,,,,,False,False
5886,5886.T,"OOKABE GLASS CO.,LTD.",False,,,equity_times_pbr,,,,,False,False
7136,7136.T,"Wellbin Group Co.,Ltd.",False,,,equity_times_pbr,,,,,False,False
1432,1432.T,"DORYOKU Co.,Ltd.",False,,,equity_times_pbr,,,,,False,False
1445,1445.T,"Hikari Holdings Co.,Ltd.",False,,,equity_times_pbr,,,,,False,False
5887,5887.T,"Kokyo,Inc.",False,,,equity_times_pbr,,,,,False,False
7690,7690.T,CURRENT MOTOR Corporation,False,,,equity_times_pbr,,,,,False,False
9543,9543.T,"SHIZUOKA GAS CO.,LTD.",True,138703000000.0,,equity_times_pbr,,,,,True,False
5998,5998.T,Advanex Inc.,True,8093444000.0,,equity_times_pbr,,,,,False,False
3291,3291.T,"Iida Group Holdings Co.,Ltd.",False,662991000000.0,,equity_times_pbr,,,,,True,False
9433,9433.T,KDDI CORPORATION,False,3854915000000.0,10218198007808.0,yfinance_market_cap,0.37725976704056385,2.0127485,0.05133918912112915,14.628298,True,True
4410,4410.T,"HARIMA CHEMICALS GROUP,INC.",True,38010000000.0,,equity_times_pbr,,,,,True,False
7917,7917.T,ZACROS Corporation,True,100695000000.0,,equity_times_pbr,,,,,True,False
2311,2311.T,"EPCO Co.,Ltd.",True,4674890000.0,,equity_times_pbr,,,,,True,False
4902,4902.T,"KONICA MINOLTA,INC.",False,299964000000.0,,equity_times_pbr,,,,,False,False
5893,5893.T,RAVIPA Ltd.,False,,,equity_times_pbr,,,,,False,False
7139,7139.T,"TOKYO KOATSU Co.,Ltd.",False,,,equity_times_pbr,,,,,False,False
6927,6927.T,"Helios Techno Holding Co.,Ltd.",True,16106834000.0,,equity_times_pbr,,,,,True,False
5184,5184.T,"NICHIRIN CO.,LTD.",True,68119000000.0,,equity_times_pbr,,,,,True,False
6819,6819.T,"Izu Shaboten Resort Co.,Ltd",True,5762380000.0,,equity_times_pbr,,,,,True,False
4912,4912.T,Lion Corporation,False,214377000000.0,,equity_times_pbr,,,,,True,False
6616,6616.T,TOREX SEMICONDUCTOR LTD.,True,17400632000.0,,equity_times_pbr,,,,,False,False
5038,5038.T,"eWeLL Co.,Ltd.",True,3375049000.0,,equity_times_pbr,,,,,True,False
9691,9691.T,"RYOMO SYSTEMS CO.,LTD.",True,13630110000.0,,equity_times_pbr,,,,,True,False
4058,4058.T,"Toyokumo,Inc.",True,4174000000.0,,equity_times_pbr,,,,,True,False
5525,5525.T,"Frontier Holdings Co.,Ltd.",False,,,equity_times_pbr,,,,,False,False
6358,6358.T,"SAKAI HEAVY INDUSTRIES,LTD.",True,30130504000.0,,equity_times_pbr,,,,,True,False
4543,4543.T,TERUMO CORPORATION,False,870003000000.0,3459807182848.0,yfinance_market_cap,0.25145996699268136,2.18352,0.03533896357176605,25.439262,True,True
3804,3804.T,System D Inc.,True,5015527000.0,,equity_times_pbr,,,,,True,False
7137,7137.T,"Grantomato Co.,Ltd.",False,,,equity_times_pbr,,,,,False,False
9799,9799.T,"ASAHI INTELLIGENCE SERVICE CO.,LTD.",True,11684137000.0,,equity_times_pbr,,,,,True,False
2990,2990.T,"Aida Sekkei Co.,Ltd.",False,,,equity_times_pbr,,,,,False,False
4705,4705.T,CLIP Corporation,True,5385611000.0,,equity_times_pbr,,,,,True,False
2449,2449.T,"PRAP Japan,Inc.",True,5600396000.0,,equity_times_pbr,,,,,True,False
9682,9682.T,DTS CORPORATION,True,59344000000.0,,equity_times_pbr,,,,,True,False
4102,4102.T,"Maruo Calcium Co.,Ltd.",True,10208959000.0,,equity_times_pbr,,,,,True,False
9753,9753.T,IX Knowledge Incorporated,True,10059430000.0,,equity_times_pbr,,,,,True,False
6268,6268.T,Nabtesco Corporation,False,167381000000.0,649319415808.0,yfinance_market_cap,0.2577791390878316,2.3688476,0.018208295812759113,44.707115,True,True
6988,6988.T,NITTO DENKO CORPORATION,False,537478000000.0,2046382571520.0,yfinance_market_cap,0.2626478584601975,1.7914943,0.0464224047458721,15.491957,True,True
7389,7389.T,"Aichi Financial Group,Inc.",False,353810000000.0,,equity_times_pbr,,,,,True,False
3045,3045.T,"Kawasaki & Co.,Ltd.",True,5755510000.0,,equity_times_pbr,,,,,True,False
5077,5077.T,"Hands Co.,Ltd.",False,,,equity_times_pbr,,,,,False,False
2995,2995.T,J-REX Corporation,False,,,equity_times_pbr,,,,,False,False
7085,7085.T,"CURVES HOLDINGS Co.,Ltd.",True,20160000000.0,,equity_times_pbr,,,,,True,False
5957,5957.T,"NITTOSEIKO CO.,LTD.",True,41002483000.0,,equity_times_pbr,,,,,True,False
4221,4221.T,"Okura Industrial Co.,Ltd.",True,63134000000.0,,equity_times_pbr,,,,,True,False
6208,6208.T,"Ishikawa Seisakusho,Ltd.",True,5385789000.0,,equity_times_pbr,,,,,True,False
4044,4044.T,"Central Glass Co.,Ltd.",True,121063000000.0,,equity_times_pbr,,,,,True,False
6702,6702.T,Fujitsu Limited,False,1205304000000.0,6331940470784.0,yfinance_market_cap,0.19035302140968538,3.127016,0.034269747323308695,21.12513,True,True
1847,1847.T,"ICHIKEN Co.,Ltd.",True,34087000000.0,,equity_times_pbr,,,,,True,False
9408,9408.T,"BSN MEDIA HOLDINGS,INC.",True,25489852000.0,,equity_times_pbr,,,,,True,False
7378,7378.T,ASIRO Inc.,False,2227247000.0,,equity_times_pbr,,,,,True,False
3940,3940.T,"Nomura System Corporation Co,Ltd.",True,3525879000.0,,equity_times_pbr,,,,,True,False
6405,6405.T,"Suzumo Machinery Co.,Ltd.",True,15969038000.0,,equity_times_pbr,,,,,True,False
4426,4426.T,"Passlogy Co.,Ltd.",False,,,equity_times_pbr,,,,,False,False
5922,5922.T,"NASU DENKI-TEKKO CO.,LTD.",True,29142359000.0,,equity_times_pbr,,,,,True,False
6736,6736.T,SUNCORPORATION,True,47608278000.0,,equity_times_pbr,,,,,True,False
6663,6663.T,"TAIYO TECHNOLEX CO.,LTD.",True,2698410000.0,,equity_times_pbr,,,,,True,False
4634,4634.T,"artience Co.,Ltd.",True,277220000000.0,,equity_times_pbr,,,,,True,False
5831,5831.T,"Shizuoka Financial Group,Inc.",False,1166953000000.0,1492969324544.0,yfinance_market_cap,0.7816322685373488,1.211938,0.049979593534375324,16.782967,True,True
6367,6367.T,"DAIKIN INDUSTRIES,LTD.",True,2866693000000.0,6919847149568.0,yfinance_market_cap,0.4142711447288204,2.126141,0.03980550350988547,25.181427,True,True
5976,5976.T,"Neturen Co.,Ltd.",True,66329000000.0,,equity_times_pbr,,,,,True,False
4317,4317.T,Ray Corporation,True,7772939000.0,,equity_times_pbr,,,,,True,False
3436,3436.T,SUMCO CORPORATION,True,647785000000.0,1528946229248.0,yfinance_market_cap,0.42368069432932765,2.6854196,0.011260292470332507,88.80764,False,True
5742,5742.T,"NIC Autotec,Inc.",True,3424798000.0,,equity_times_pbr,,,,,True,False
9507,9507.T,"Shikoku Electric Power Company,Incorporated",True,440843000000.0,,equity_times_pbr,,,,,True,False
5946,5946.T,"CHOFU SEISAKUSHO CO.,LTD.",True,137732000000.0,,equity_times_pbr,,,,,True,False
2768,2768.T,Sojitz Corporation,False,505807000000.0,1070053785600.0,yfinance_market_cap,0.47269306160753793,0.9813685,0.06821432808545358,10.392208,True,True
4367,4367.T,"KOEI CHEMICAL COMPANY,LIMITED",True,21616144000.0,,equity_times_pbr,,,,,True,False
3483,3483.T,"SHOEI CO.,LTD.",False,,,equity_times_pbr,,,,,False,False
1717,1717.T,Meiho Facility Works Ltd.,True,5597405000.0,,equity_times_pbr,,,,,True,False
7963,7963.T,KOKEN LTD.,True,13797084000.0,,equity_times_pbr,,,,,True,False
6662,6662.T,"Ubiteq,INC.",True,1515008000.0,,equity_times_pbr,,,,,False,False
6962,6962.T,DAISHINKU CORP.,True,45219993000.0,,equity_times_pbr,,,,,True,False
3816,3816.T,"DAIWA COMPUTER CO.,LTD.",True,5365134000.0,,equity_times_pbr,,,,,True,False
5909,5909.T,CORONA CORPORATION,True,76282000000.0,,equity_times_pbr,,,,,True,False
5900,5900.T,"DAIKEN CO.,LTD.",True,13687029000.0,,equity_times_pbr,,,,,True,False
6638,6638.T,"MIMAKI ENGINEERING CO.,LTD.",True,32373992000.0,,equity_times_pbr,,,,,True,False
3440,3440.T,"NISSO GROUP Co.,Ltd.",True,12648000000.0,,equity_times_pbr,,,,,True,False
4366,4366.T,Daito Chemix Corporation,True,14855000000.0,,equity_times_pbr,,,,,True,False
7551,7551.T,"WEDS CO.,LTD.",True,18817991000.0,,equity_times_pbr,,,,,True,False
2152,2152.T,Youji Corporation,True,10278446000.0,,equity_times_pbr,,,,,True,False
4990,4990.T,"Showa Chemical Industry Co.,Ltd.",True,8119682000.0,,equity_times_pbr,,,,,True,False
4633,4633.T,SAKATA INX CORPORATION,True,126519000000.0,,equity_times_pbr,,,,,True,False
6400,6400.T,"FUJI SEIKI CO.,LTD.",True,3703084000.0,,equity_times_pbr,,,,,True,False
7022,7022.T,Sanoyas Holdings Corporation,True,10171000000.0,,equity_times_pbr,,,,,True,False
8345,8345.T,"The Bank of Iwate,Ltd.",False,186377000000.0,,equity_times_pbr,,,,,True,False
2481,2481.T,"TOWNNEWS-SHA CO.,LTD.",True,5108088000.0,,equity_times_pbr,,,,,True,False
3835,3835.T,"eBASE Co.,Ltd.",True,7741704000.0,,equity_times_pbr,,,,,True,False
4998,4998.T,FUMAKILLA LIMITED,True,27723000000.0,,equity_times_pbr,,,,,True,False
6383,6383.T,"DAIFUKU CO.,LTD.",True,451560000000.0,2656703610880.0,yfinance_market_cap,0.16997003284473514,5.7965736,0.03894600796877282,35.67725,True,True
2335,2335.T,CUBE SYSTEM INC.,True,10874000000.0,,equity_times_pbr,,,,,True,False
4212,4212.T,Sekisui Jushi Corporation,True,97441000000.0,,equity_times_pbr,,,,,True,False
9536,9536.T,"SAIBU GAS HOLDINGS CO.,LTD.",True,111709000000.0,,equity_times_pbr,,,,,True,False
4369,4369.T,Tri Chemical Laboratories Inc.,True,36149551000.0,,equity_times_pbr,,,,,True,False
6494,6494.T,"NFK HOLDINGS CO.,Ltd",True,5189238000.0,,equity_times_pbr,,,,,True,False
9633,9633.T,"TOKYO THEATRES COMPANY,INCORPORATED",True,15555428000.0,,equity_times_pbr,,,,,True,False
7235,7235.T,"TOKYO RADIATOR MFG.CO.,LTD.",True,23950895000.0,,equity_times_pbr,,,,,True,False
3421,3421.T,"INABA SEISAKUSHO Co.,Ltd.",True,44020126000.0,,equity_times_pbr,,,,,True,False
5965,5965.T,FUJIMAK CORPORATION,True,26438519000.0,,equity_times_pbr,,,,,True,False
6632,6632.T,JVCKENWOOD Corporation,False,93966000000.0,,equity_times_pbr,,,,,True,False
3040,3040.T,SOLITON SYSTEMS K.K.,True,13585000000.0,,equity_times_pbr,,,,,True,False
4027,4027.T,TAYCA CORPORATION,True,59400000000.0,,equity_times_pbr,,,,,True,False
4825,4825.T,WEATHERNEWS INC.,True,21545584000.0,,equity_times_pbr,,,,,True,False
3294,3294.T,"e'grand Co.,Ltd",True,11493815000.0,,equity_times_pbr,,,,,True,False
7380,7380.T,"Juroku Financial Group,Inc.",False,423550000000.0,,equity_times_pbr,,,,,True,False
7236,7236.T,"T.RAD Co., Ltd.",True,48744000000.0,,equity_times_pbr,,,,,True,False
2332,2332.T,"Quest Co.,Ltd.",True,7308130000.0,,equity_times_pbr,,,,,True,False
4172,4172.T,"Hi-CRATES CO.,LTD.",True,4203322000.0,,equity_times_pbr,,,,,True,False
4641,4641.T,Altech Corporation,True,20436685000.0,,equity_times_pbr,,,,,True,False
6576,6576.T,"Youkosha Co.,Ltd.",False,,,equity_times_pbr,,,,,False,False
4689,4689.T,LY Corporation,False,2200814000000.0,2902060171264.0,yfinance_market_cap,0.7583626355484662,0.96859336,0.013189595577313048,15.217391,True,True
6171,6171.T,C.E.Management Integrated Laboratory Co.Ltd,True,5559313000.0,,equity_times_pbr,,,,,True,False
3447,3447.T,"Shinwa Co.,Ltd.",False,10191264000.0,,equity_times_pbr,,,,,False,False
7184,7184.T,"THE FIRST BANK OF TOYAMA,LTD.",False,152519000000.0,,equity_times_pbr,,,,,True,False
8628,8628.T,"MATSUI SECURITIES CO.,LTD.",False,76600000000.0,,equity_times_pbr,,,,,True,False
9702,9702.T,ISB CORPORATION,True,14522000000.0,,equity_times_pbr,,,,,True,False
5531,5531.T,"NAKAYAMA FUDOUSAN Co.,Ltd.",False,,,equity_times_pbr,,,,,False,False
4202,4202.T,Daicel Corporation,True,375037000000.0,,equity_times_pbr,,,,,True,False
7213,7213.T,LECIP HOLDINGS CORPORATION,True,10179788000.0,,equity_times_pbr,,,,,True,False
3799,3799.T,Keyware Solutions Inc.,True,7569625000.0,,equity_times_pbr,,,,,True,False
6033,6033.T,"EXTREME CO.,LTD.",True,6208912000.0,,equity_times_pbr,,,,,True,False
5943,5943.T,NORITZ CORPORATION,True,145029000000.0,,equity_times_pbr,,,,,True,False
5830,5830.T,"Iyogin Holdings,Inc.",False,802723000000.0,,equity_times_pbr,,,,,True,False
4611,4611.T,"Dai Nippon Toryo Company,Limited",True,76170000000.0,,equity_times_pbr,,,,,True,False
5933,5933.T,ALINCO INCORPORATED,True,31994615000.0,,equity_times_pbr,,,,,True,False
4205,4205.T,ZEON CORPORATION,True,357992000000.0,,equity_times_pbr,,,,,True,False
4025,4025.T,"TAKI CHEMICAL CO.,LTD.",True,43328000000.0,,equity_times_pbr,,,,,True,False
7771,7771.T,"Nihon Seimitsu Co.,Ltd.",True,-3136556000.0,,equity_times_pbr,,,,,False,False
4255,4255.T,THECOO Inc.,True,540857000.0,,equity_times_pbr,,,,,True,False
8386,8386.T,"The Hyakujushi Bank,Ltd.",False,328273000000.0,,equity_times_pbr,,,,,True,False
7240,7240.T,NOK CORPORATION,True,623421000000.0,,equity_times_pbr,,,,,True,False
4531,4531.T,"Yuki Gosei Kogyo Co.,Ltd.",True,13106000000.0,,equity_times_pbr,,,,,True,False
4754,4754.T,TOSNET CORPORATION,True,8476474000.0,,equity_times_pbr,,,,,True,False
4801,4801.T,"CENTRAL SPORTS CO.,LTD.",True,25840000000.0,,equity_times_pbr,,,,,True,False
2705,2705.T,"OOTOYA Holdings Co.,Ltd.",True,4948000000.0,,equity_times_pbr,,,,,True,False
6501,6501.T,"Hitachi,Ltd.",False,3587499000000.0,23084700532736.0,yfinance_market_cap,0.15540591461919256,3.542514,0.016898941333321447,29.012905,True,True
5918,5918.T,"The Takigami Steel Construction Co.,Ltd.",True,43265000000.0,,equity_times_pbr,,,,,True,False
6977,6977.T,"JAPAN RESISTOR MFG. CO.,LTD.",True,1654746000.0,,equity_times_pbr,,,,,False,False
4958,4958.T,"T.HASEGAWA CO.,LTD.",True,123324000000.0,,equity_times_pbr,,,,,True,False
9511,9511.T,"The Okinawa Electric Power Company,Incorporated",True,123550000000.0,,equity_times_pbr,,,,,True,False
6837,6837.T,"KYOSHA CO.,LTD.",True,10100000000.0,,equity_times_pbr,,,,,True,False
7544,7544.T,"Three F Co.,Ltd.",True,5814000000.0,,equity_times_pbr,,,,,True,False
5947,5947.T,RINNAI CORPORATION,True,461718000000.0,,equity_times_pbr,,,,,True,False
5958,5958.T,"SANYO INDUSTRIES,LTD.",True,20970000000.0,,equity_times_pbr,,,,,True,False
7299,7299.T,FUJI OOZX Inc.,True,30971944000.0,,equity_times_pbr,,,,,True,False
9409,9409.T,TV Asahi Holdings Corporation,True,447842000000.0,,equity_times_pbr,,,,,True,False
3854,3854.T,I'LL INC,True,11286903000.0,,equity_times_pbr,,,,,True,False
3623,3623.T,Billing System Corporation,True,3276997000.0,,equity_times_pbr,,,,,True,False
5727,5727.T,"TOHO TITANIUM COMPANY,LIMITED",True,58426000000.0,,equity_times_pbr,,,,,True,False
3110,3110.T,"NITTO BOSEKI CO.,LTD.",True,135829000000.0,882460131328.0,yfinance_market_cap,0.15392083469605944,5.0835056,0.014918520999003326,21.13155,True,True
2136,2136.T,HIP CORPORATION,True,3979882000.0,,equity_times_pbr,,,,,True,False
2331,2331.T,"ALSOK CO.,LTD.",True,376000000000.0,,equity_times_pbr,,,,,True,False
7313,7313.T,"TS TECH CO.,LTD.",False,142031000000.0,,equity_times_pbr,,,,,True,False
6042,6042.T,"NIKKI CO.,LTD.",True,13063390000.0,,equity_times_pbr,,,,,True,False
5757,5757.T,"CK SAN-ETSU Co.,Ltd.",True,59038000000.0,,equity_times_pbr,,,,,True,False
4956,4956.T,"KONISHI CO.,LTD.",True,86672000000.0,,equity_times_pbr,,,,,True,False
4021,4021.T,Nissan Chemical Corporation,True,236180000000.0,1000488501248.0,yfinance_market_cap,0.23606468210818143,3.919292,0.043021983707267564,20.275045,True,True
4299,4299.T,"HIMACS,Ltd.",True,11782000000.0,,equity_times_pbr,,,,,True,False
4725,4725.T,CAC Holdings Corporation,True,35812000000.0,,equity_times_pbr,,,,,True,False
9765,9765.T,"OHBA CO.,LTD.",True,13167828000.0,,equity_times_pbr,,,,,True,False
6864,6864.T,NF HOLDINGS CORPORATION,True,13666773000.0,,equity_times_pbr,,,,,True,False
9163,9163.T,Nareru Group Inc.,False,14570597000.0,,equity_times_pbr,,,,,True,False
2805,2805.T,S&B FOODS INC.,True,80267000000.0,,equity_times_pbr,,,,,True,False
4377,4377.T,ONE CAREER Inc.,True,5531729000.0,,equity_times_pbr,,,,,True,False
4750,4750.T,"DAISAN CO.,LTD.",True,5566424000.0,,equity_times_pbr,,,,,True,False
5729,5729.T,"NIHON SEIKO CO.,LTD",True,11932841000.0,,equity_times_pbr,,,,,True,False
9474,9474.T,"ZENRIN CO.,LTD.",True,49847000000.0,,equity_times_pbr,,,,,True,False
7102,7102.T,"NIPPON SHARYO,LTD.",True,64648000000.0,,equity_times_pbr,,,,,True,False
5741,5741.T,UACJ Corporation,True,188100000000.0,,equity_times_pbr,,,,,True,False
1997,1997.T,"AKATSUKI EAZIMA CO.,LTD.",True,7554229000.0,,equity_times_pbr,,,,,True,False
3513,3513.T,"ICHIKAWA CO.,LTD.",True,22265000000.0,,equity_times_pbr,,,,,True,False
7971,7971.T,TOLI Corporation,True,48377000000.0,,equity_times_pbr,,,,,True,False
4506,4506.T,"Sumitomo Pharma Co.,Ltd.",False,275510000000.0,701375840256.0,yfinance_market_cap,0.392813644535346,2.1238678,0.15139814334243687,5.813781,True,True
9552,9552.T,"Quants Research Institute Holdings,Inc.",True,5320478000.0,,equity_times_pbr,,,,,True,False
2985,2985.T,First Stage Corporation,False,,,equity_times_pbr,,,,,False,False
9475,9475.T,"Shobunsha Holdings,Inc.",True,13021008000.0,,equity_times_pbr,,,,,True,False
6942,6942.T,"SOPHIA HOLDINGS CO.,LTD.",True,2822395000.0,,equity_times_pbr,,,,,False,False
2305,2305.T,"STUDIO ALICE Co.,Ltd.",True,30229393000.0,,equity_times_pbr,,,,,True,False
6045,6045.T,"Rentracks CO.,LTD.",True,3631368000.0,,equity_times_pbr,,,,,True,False
2109,2109.T,"Mitsui DM Sugar Co.,Ltd.",True,119341000000.0,,equity_times_pbr,,,,,True,False
9052,9052.T,"Sanyo Electric Railway Co.,Ltd.",True,57572000000.0,,equity_times_pbr,,,,,True,False
4061,4061.T,Denka Company Limited,True,308296000000.0,,equity_times_pbr,,,,,False,False
2163,2163.T,"ARTNER CO.,LTD.",True,5223031000.0,,equity_times_pbr,,,,,True,False
5536,5536.T,"Kyobashi Art Residence Co.,Ltd.",False,,,equity_times_pbr,,,,,False,False
9739,9739.T,NSW Inc.,True,35414000000.0,,equity_times_pbr,,,,,True,False
9535,9535.T,"HIROSHIMA GAS CO.,LTD.",True,71592000000.0,,equity_times_pbr,,,,,True,False
6061,6061.T,"UNIVERSAL ENGEISHA CO.,LTD",True,13900364000.0,,equity_times_pbr,,,,,True,False
9656,9656.T,GREENLAND RESORT COMPANY LIMITED,True,10963683000.0,,equity_times_pbr,,,,,True,False
3921,3921.T,NEOJAPAN Inc.,True,7482063000.0,,equity_times_pbr,,,,,True,False
3974,3974.T,SCAT Inc.,True,2321319000.0,,equity_times_pbr,,,,,True,False
5331,5331.T,"NORITAKE CO.,LIMITED",True,150862000000.0,,equity_times_pbr,,,,,True,False
3741,3741.T,"Systems Engineering Consultants Co.,LTD.",True,9330262000.0,,equity_times_pbr,,,,,True,False
7292,7292.T,MURAKAMI CORPORATION,True,92261000000.0,,equity_times_pbr,,,,,True,False
5966,5966.T,"KYOTO TOOL CO.,LTD.",True,12253512000.0,,equity_times_pbr,,,,,True,False
9788,9788.T,"NAC CO.,LTD.",True,24268000000.0,,equity_times_pbr,,,,,True,False
6546,6546.T,Fulltech Co.Ltd.,True,6996906000.0,,equity_times_pbr,,,,,True,False
4337,4337.T,PIA CORPORATION,True,7240000000.0,,equity_times_pbr,,,,,True,False
7245,7245.T,"DAIDO METAL CO.,LTD.",True,82095000000.0,,equity_times_pbr,,,,,True,False
5973,5973.T,TOAMI CORPORATION,True,10800513000.0,,equity_times_pbr,,,,,True,False
7350,7350.T,"Okinawa Financial Group,Inc.",False,166495000000.0,,equity_times_pbr,,,,,True,False
2488,2488.T,"JTP CO.,LTD.",True,3655271000.0,,equity_times_pbr,,,,,True,False
3350,3350.T,Metaplanet Inc.,True,529841000000.0,377558761472.0,yfinance_market_cap,1.4033338755914246,0.846468,,,False,False
6255,6255.T,NPC Incorporated,True,10835614000.0,,equity_times_pbr,,,,,True,False
4491,4491.T,"Computer Management Co.,Ltd.",True,3580184000.0,,equity_times_pbr,,,,,True,False
1736,1736.T,OTEC CORPORATION,True,22902212000.0,,equity_times_pbr,,,,,True,False
7058,7058.T,"Kyoei Security Service Co.,Ltd.",True,4532325000.0,,equity_times_pbr,,,,,False,False
9729,9729.T,TOKAI Corp.,True,85845000000.0,,equity_times_pbr,,,,,True,False
5984,5984.T,KANEFUSA CORPORATION,True,30556144000.0,,equity_times_pbr,,,,,True,False
4356,4356.T,"APPLIED TECHNOLOGY CO.,LTD.",True,6252519000.0,,equity_times_pbr,,,,,True,False
7678,7678.T,"ASAKUMA CO.,LTD.",True,3395654000.0,,equity_times_pbr,,,,,True,False
5071,5071.T,VIS co.ltd.,True,6936617000.0,,equity_times_pbr,,,,,True,False
9658,9658.T,BUSINESS BRAIN SHOWA・OTA INC.,False,14955957000.0,,equity_times_pbr,,,,,True,False
4097,4097.T,"KOATSU GAS KOGYO CO.,LTD.",True,79692000000.0,,equity_times_pbr,,,,,True,False
5901,5901.T,"Toyo Seikan Group Holdings,Ltd.",True,694820000000.0,,equity_times_pbr,,,,,True,False
7256,7256.T,"KASAI KOGYO CO.,LTD.",True,-47297000000.0,,equity_times_pbr,,,,,False,False
4992,4992.T,"HOKKO CHEMICAL INDUSTRY CO.,LTD.",True,52900000000.0,,equity_times_pbr,,,,,True,False
8387,8387.T,"The Shikoku Bank, Ltd.",False,160213000000.0,,equity_times_pbr,,,,,True,False
4430,4430.T,"TOKAI SOFT CO.,LTD.",True,6057757000.0,,equity_times_pbr,,,,,True,False
2326,2326.T,Digital Arts Inc.,True,18231000000.0,,equity_times_pbr,,,,,True,False
7833,7833.T,IFIS JAPAN LTD.,True,5945422000.0,,equity_times_pbr,,,,,True,False
5192,5192.T,Mitsuboshi Belting Ltd.,True,95786000000.0,,equity_times_pbr,,,,,True,False
4290,4290.T,Prestige International Inc.,True,49641933000.0,,equity_times_pbr,,,,,True,False
2301,2301.T,"GAKUJO CO.,Ltd.",True,14887256000.0,,equity_times_pbr,,,,,True,False
8388,8388.T,"The Awa Bank,Ltd.",False,334216000000.0,,equity_times_pbr,,,,,True,False
6240,6240.T,YAMASHIN-FILTER CORP.,True,22619539000.0,,equity_times_pbr,,,,,True,False
2818,2818.T,"PIETRO Co.,Ltd.",True,6577424000.0,,equity_times_pbr,,,,,True,False
6535,6535.T,"i-mobile Co.,Ltd.",True,17134000000.0,,equity_times_pbr,,,,,True,False
9768,9768.T,"IDEA Consultants,Inc.",True,30711979000.0,,equity_times_pbr,,,,,True,False
9619,9619.T,"ICHINEN HOLDINGS CO.,LTD.",True,65395000000.0,,equity_times_pbr,,,,,True,False
1379,1379.T,HOKUTO CORPORATION,True,56808000000.0,,equity_times_pbr,,,,,True,False
6888,6888.T,ACMOS INC.,True,3666971000.0,,equity_times_pbr,,,,,True,False
4481,4481.T,"BASE CO.,LTD.",True,14621087000.0,,equity_times_pbr,,,,,True,False
2208,2208.T,BOURBON CORPORATION,True,61492000000.0,,equity_times_pbr,,,,,True,False
2198,2198.T,IKK Holdings Inc.,True,12202999000.0,,equity_times_pbr,,,,,True,False
1941,1941.T,CHUDENKO CORPORATION,True,229601000000.0,,equity_times_pbr,,,,,True,False
3150,3150.T,"grems,Inc.",True,16309094000.0,,equity_times_pbr,,,,,True,False
4463,4463.T,"NICCA CHEMICAL CO.,LTD.",True,38354000000.0,,equity_times_pbr,,,,,True,False
5930,5930.T,"Bunka Shutter Co.,Ltd.",True,113450000000.0,,equity_times_pbr,,,,,True,False
6059,6059.T,"UCHIYAMA HOLDINGS Co.,Ltd.",True,14242203000.0,,equity_times_pbr,,,,,True,False
4362,4362.T,"Nippon Fine Chemical Co.,Ltd.",True,49069302000.0,,equity_times_pbr,,,,,True,False
9404,9404.T,"Nippon Television Holdings,Inc.",True,990992000000.0,,equity_times_pbr,,,,,True,False
9699,9699.T,"NISHIO HOLDINGS CO.,LTD.",True,140289000000.0,,equity_times_pbr,,,,,True,False
3431,3431.T,"MIYAJI ENGINEERING GROUP,INC.",True,48330000000.0,,equity_times_pbr,,,,,True,False
3553,3553.T,"KYOWA LEATHER CLOTH CO.,LTD.",True,37400000000.0,,equity_times_pbr,,,,,True,False
8336,8336.T,"The Musashino Bank,Ltd.",False,267974000000.0,,equity_times_pbr,,,,,True,False
3096,3096.T,OCEAN SYSTEM CORPORATION,True,11204651000.0,,equity_times_pbr,,,,,True,False
7266,7266.T,"Imasen Electric Industrial Co.,Ltd.",True,53041000000.0,,equity_times_pbr,,,,,True,False
9928,9928.T,"MIROKU JYOHO SERVICE CO.,LTD.",True,29637000000.0,,equity_times_pbr,,,,,True,False
7966,7966.T,LINTEC Corporation,True,246126000000.0,,equity_times_pbr,,,,,True,False
4390,4390.T,"IPS,Inc.",True,20982000000.0,,equity_times_pbr,,,,,True,False
7600,7600.T,"Japan Medical Dynamic Marketing,INC.",True,24741493000.0,,equity_times_pbr,,,,,True,False
3766,3766.T,"SYSTEMS DESIGN Co.,Ltd.",True,4616819000.0,,equity_times_pbr,,,,,True,False
7377,7377.T,"DN HOLDINGS CO.,LTD.",True,15498746000.0,,equity_times_pbr,,,,,True,False
8362,8362.T,"The Fukui Bank,Ltd.",False,136450000000.0,,equity_times_pbr,,,,,True,False
3771,3771.T,"SYSTEM RESEARCH CO.,LTD.",True,11829067000.0,,equity_times_pbr,,,,,True,False
9340,9340.T,"ASO INTERNATIONAL,INC.",True,2946433000.0,,equity_times_pbr,,,,,True,False
9067,9067.T,MARUWN CORPORATION,True,25694000000.0,,equity_times_pbr,,,,,True,False
5122,5122.T,"OKAMOTO INDUSTRIES,INC.",True,94464000000.0,,equity_times_pbr,,,,,True,False
5936,5936.T,"TOYO SHUTTER CO.,LTD.",True,9493483000.0,,equity_times_pbr,,,,,True,False
2325,2325.T,"NJS Co.,Ltd.",True,28576426000.0,,equity_times_pbr,,,,,True,False
7931,7931.T,"MIRAI INDUSTRY CO.,LTD.",True,54691000000.0,,equity_times_pbr,,,,,True,False
9083,9083.T,"Shinki Bus Co.,Ltd.",True,49463000000.0,,equity_times_pbr,,,,,True,False
9686,9686.T,"TOYO TEC CO.,LTD.",True,21785262000.0,,equity_times_pbr,,,,,True,False
7081,7081.T,"Koyou Rentia Co.,Ltd.",True,12627428000.0,,equity_times_pbr,,,,,True,False
9780,9780.T,HARIMA B.STEM CORPORATION,True,9194727000.0,,equity_times_pbr,,,,,True,False
8418,8418.T,"Yamaguchi Financial Group,Inc.",False,622176000000.0,,equity_times_pbr,,,,,True,False
9539,9539.T,"KEIYO GAS CO.,LTD.",True,104535000000.0,,equity_times_pbr,,,,,True,False
4685,4685.T,"Ryoyu Systems Co.,Ltd.",True,20704000000.0,,equity_times_pbr,,,,,True,False
4189,4189.T,"KH Neochem Co.,Ltd.",True,72629000000.0,,equity_times_pbr,,,,,True,False
4709,4709.T,ID Holdings Corporation,True,15253029000.0,,equity_times_pbr,,,,,True,False
9889,9889.T,JBCC Holdings Inc.,True,24182000000.0,,equity_times_pbr,,,,,True,False
3252,3252.T,"JINUSHI Co.,Ltd.",True,51906000000.0,,equity_times_pbr,,,,,True,False
2483,2483.T,HONYAKU Center Inc.,True,6760747000.0,,equity_times_pbr,,,,,True,False
4335,4335.T,"IPS HOLDINGS CO.,LTD.",True,1677879000.0,,equity_times_pbr,,,,,True,False
4112,4112.T,"Hodogaya Chemical Co.,Ltd.",True,58530000000.0,,equity_times_pbr,,,,,True,False
8395,8395.T,THE BANK OF SAGA LTD.,False,122575000000.0,,equity_times_pbr,,,,,True,False
4925,4925.T,"HABA LABORATORIES,INC.",True,8927115000.0,,equity_times_pbr,,,,,True,False
6897,6897.T,TWINBIRD CORPORATION,True,6567192000.0,,equity_times_pbr,,,,,False,False
8601,8601.T,Daiwa Securities Group Inc.,False,1923287000000.0,2070835494912.0,yfinance_market_cap,0.928749292121695,1.1703761,0.07972289465079678,12.043678,True,True
8864,8864.T,"AIRPORT FACILITIES Co.,LTD.",True,62594282000.0,,equity_times_pbr,,,,,True,False
8604,8604.T,"Nomura Holdings, Inc.",False,2641161000000.0,3794986336256.0,yfinance_market_cap,0.6959606085448193,1.0160519,0.034960600182527266,10.912682,True,True
4671,4671.T,"FALCO HOLDINGS Co.,Ltd.",True,25253000000.0,,equity_times_pbr,,,,,True,False
3371,3371.T,SOFTCREATE HOLDINGS CORP.,True,24598317000.0,,equity_times_pbr,,,,,True,False
2186,2186.T,Sobal Corporation,True,4537349000.0,,equity_times_pbr,,,,,True,False
5970,5970.T,G-TEKT CORPORATION,True,212357000000.0,,equity_times_pbr,,,,,True,False
4012,4012.T,"AXIS CO.,LTD.",True,4076459000.0,,equity_times_pbr,,,,,True,False
5108,5108.T,BRIDGESTONE CORPORATION,False,1548447000000.0,4291790110720.0,yfinance_market_cap,0.36079280674334496,1.1731261,0.06793598765972414,28.699741,True,True
2410,2410.T,"CAREER DESIGN CENTER CO.,LTD.",True,4628417000.0,,equity_times_pbr,,,,,True,False
2503,2503.T,"Kirin Holdings Company,Limited",False,617074000000.0,2102639460352.0,yfinance_market_cap,0.29347589619415615,1.5997996,0.02283938873284559,14.343362,True,True
2117,2117.T,"WELLNEO SUGAR Co.,Ltd.",False,71137000000.0,,equity_times_pbr,,,,,True,False
2702,2702.T,"McDonald's Holdings Company(Japan),Ltd.",True,284536000000.0,1030430195712.0,yfinance_market_cap,0.2761332123069173,3.6280324,0.032907614840003575,30.424372,True,True
6995,6995.T,"TOKAI RIKA CO.,LTD.",True,337877000000.0,,equity_times_pbr,,,,,True,False
6540,6540.T,SEMBA CORPORATION,True,14589615000.0,,equity_times_pbr,,,,,True,False
4674,4674.T,CRESCO LTD.,True,30815917000.0,,equity_times_pbr,,,,,True,False
8803,8803.T,"HEIWA REAL ESTATE CO.,LTD.",True,117999000000.0,,equity_times_pbr,,,,,True,False
9723,9723.T,"THE KYOTO HOTEL,LTD.",True,2660305000.0,,equity_times_pbr,,,,,True,False
2317,2317.T,Systena Corporation,True,39817000000.0,,equity_times_pbr,,,,,True,False
6200,6200.T,"Insource Co.,Ltd.",True,12487074000.0,,equity_times_pbr,,,,,True,False
7327,7327.T,"Daishi Hokuetsu Financial Group,Inc.",False,478870000000.0,,equity_times_pbr,,,,,True,False
7219,7219.T,"HKS CO.,LTD.",True,10650925000.0,,equity_times_pbr,,,,,True,False
6428,6428.T,OIZUMI Corporation,True,18307307000.0,,equity_times_pbr,,,,,False,False
4985,4985.T,Earth Corporation,True,81290000000.0,,equity_times_pbr,,,,,True,False
2612,2612.T,KADOYA SESAME MILLS INCORPORATED,True,35265000000.0,,equity_times_pbr,,,,,True,False
4231,4231.T,TIGERS POLYMER CORPORATION,True,46966013000.0,,equity_times_pbr,,,,,True,False
7043,7043.T,"Alue Co.,Ltd.",True,1415251000.0,,equity_times_pbr,,,,,True,False
4372,4372.T,"YMIRLINK,Inc.",True,3038722000.0,,equity_times_pbr,,,,,True,False
3443,3443.T,"KAWADA TECHNOLOGIES,INC.",True,91569000000.0,,equity_times_pbr,,,,,True,False
6493,6493.T,NITTAN Corporation,True,38045922000.0,,equity_times_pbr,,,,,True,False
7314,7314.T,"ODAWARA AUTO-MACHINE MFG.CO.,LTD.",True,4156604000.0,,equity_times_pbr,,,,,True,False
7264,7264.T,MURO CORPORATION,True,22069620000.0,,equity_times_pbr,,,,,True,False
9793,9793.T,"Daiseki Co.,Ltd.",True,83403000000.0,,equity_times_pbr,,,,,True,False
4613,4613.T,"KANSAI PAINT CO.,LTD.",True,350009000000.0,,equity_times_pbr,,,,,True,False
3848,3848.T,"Data Applications Company,Limited",True,4845901000.0,,equity_times_pbr,,,,,True,False
9434,9434.T,SoftBank Corp.,False,1274588000000.0,10329853526016.0,yfinance_market_cap,0.12338877766174686,3.492356,0.04049234569943815,19.19183,True,True
9322,9322.T,"KAWANISHI WAREHOUSE CO.,LTD.",True,24424841000.0,,equity_times_pbr,,,,,True,False
4847,4847.T,INTELLIGENT WAVE INC.,True,9475383000.0,,equity_times_pbr,,,,,True,False
3426,3426.T,"ATOM LIVIN TECH Co.,Ltd.",True,10430277000.0,,equity_times_pbr,,,,,True,False
7246,7246.T,"PRESS KOGYO CO.,LTD.",True,127481000000.0,,equity_times_pbr,,,,,True,False
2874,2874.T,"YOKOREI CO.,LTD.",True,82417000000.0,,equity_times_pbr,,,,,True,False
6055,6055.T,"JAPAN MATERIAL Co.,Ltd.",True,54583000000.0,,equity_times_pbr,,,,,True,False
4662,4662.T,Focus Systems Corporation,True,14047384000.0,,equity_times_pbr,,,,,True,False
9074,9074.T,"Japan Oil Transportation Co.,Ltd.",True,25947000000.0,,equity_times_pbr,,,,,True,False
6664,6664.T,"OPTOELECTRONICS CO.,LTD.",True,5169711000.0,,equity_times_pbr,,,,,True,False
4389,4389.T,"Property Data Bank,Inc.",True,3849086000.0,,equity_times_pbr,,,,,True,False
6298,6298.T,"Y.A.C.HOLDINGS CO.,LTD.",True,17093000000.0,,equity_times_pbr,,,,,True,False
6196,6196.T,"Strike Group Co.,Ltd.",True,21474522000.0,,equity_times_pbr,,,,,True,False
4301,4301.T,AMUSE INC.,False,37120000000.0,,equity_times_pbr,,,,,True,False
9742,9742.T,INES Corporation,True,39192000000.0,,equity_times_pbr,,,,,True,False
2268,2268.T,"B-R 31 ICE CREAM CO.,LTD.",True,14981425000.0,,equity_times_pbr,,,,,True,False
6038,6038.T,"IID,Inc.",True,4638432000.0,,equity_times_pbr,,,,,True,False
4931,4931.T,"Shinnihonseiyaku Co.,Ltd.",True,22935000000.0,,equity_times_pbr,,,,,True,False
3593,3593.T,"HOGY MEDICAL CO.,LTD.",True,74332000000.0,,equity_times_pbr,,,,,True,False
2749,2749.T,"JP-HOLDINGS,INC.",True,19554338000.0,,equity_times_pbr,,,,,True,False
4245,4245.T,"Daiki Axis Co.,Ltd.",True,9638000000.0,,equity_times_pbr,,,,,True,False
3010,3010.T,"Polaris Holdings Co.,Ltd.",True,28329421000.0,,equity_times_pbr,,,,,True,False
9505,9505.T,Hokuriku Electric Power Company,True,400847000000.0,,equity_times_pbr,,,,,True,False
5923,5923.T,"TAKADAKIKO(Steel Construction)CO.,LTD.",True,20481829000.0,,equity_times_pbr,,,,,True,False
2497,2497.T,"UNITED,Inc.",True,21770259000.0,,equity_times_pbr,,,,,True,False
9766,9766.T,KONAMI GROUP CORPORATION,False,332939000000.0,2688762773504.0,yfinance_market_cap,0.12382609699929509,4.762775,0.017861746849987974,26.866863,True,True
5290,5290.T,Vertex Corporation,True,36534679000.0,,equity_times_pbr,,,,,True,False
7368,7368.T,"HYOJITO Co.,Ltd.",True,7864042000.0,,equity_times_pbr,,,,,True,False
4691,4691.T,WASHINGTON HOTEL CORPORATION,True,10228375000.0,,equity_times_pbr,,,,,True,False
4183,4183.T,"Mitsui Chemicals,Inc.",False,404721000000.0,763494268928.0,yfinance_market_cap,0.5300904230338978,0.8990417,0.0334855165787904,23.051735,True,True
4093,4093.T,"Toho Acetylene Co.,Ltd.",True,20392378000.0,,equity_times_pbr,,,,,True,False
5355,5355.T,"Nippon Crucible Co.,Ltd.",True,5609706000.0,,equity_times_pbr,,,,,True,False
9950,9950.T,"HACHI-BAN CO.,LTD.",True,3673513000.0,,equity_times_pbr,,,,,True,False
6090,6090.T,"Human Metabolome Technologies,Inc.",True,1914775000.0,,equity_times_pbr,,,,,True,False
9247,9247.T,TRE HOLDINGS CORPORATION,True,75426000000.0,,equity_times_pbr,,,,,True,False
4544,4544.T,"H.U. Group Holdings,Inc.",True,137295000000.0,,equity_times_pbr,,,,,True,False
4718,4718.T,"WASEDA ACADEMY CO.,LTD.",True,15184688000.0,,equity_times_pbr,,,,,True,False
5280,5280.T,"Yoshicon Co.,Ltd.",True,27684817000.0,,equity_times_pbr,,,,,True,False
9042,9042.T,"Hankyu Hanshin Holdings,Inc.",True,1132460000000.0,1078914908160.0,yfinance_market_cap,1.0496286513746638,0.9775201,0.06382245669163411,13.775557,True,True
7226,7226.T,"KYOKUTO KAIHATSU KOGYO CO.,LTD.",True,117271000000.0,,equity_times_pbr,,,,,True,False
9612,9612.T,"LUCKLAND CO.,LTD.",True,13166000000.0,,equity_times_pbr,,,,,True,False
6233,6233.T,KLASS Corporation,True,3066309000.0,,equity_times_pbr,,,,,True,False
2573,2573.T,"HOKKAIDO COCA-COLA BOTTLING CO.,LTD.",True,43368000000.0,,equity_times_pbr,,,,,True,False
4722,4722.T,Future Corporation,True,62755000000.0,,equity_times_pbr,,,,,True,False
8600,8600.T,"TOMONY Holdings,Inc.",False,284023000000.0,,equity_times_pbr,,,,,True,False
6594,6594.T,NIDEC CORPORATION,False,339045000000.0,3323152302080.0,yfinance_market_cap,0.10202511626920853,1.8887556,0.01660200766767982,27.614782,True,True
3636,3636.T,"Mitsubishi Research Institute,Inc.",True,81346000000.0,,equity_times_pbr,,,,,True,False
7443,7443.T,"YOKOHAMA GYORUI CO.,LTD.",True,2515638000.0,,equity_times_pbr,,,,,True,False
4792,4792.T,"YAMADA Consulting Group Co.,Ltd.",True,18580027000.0,,equity_times_pbr,,,,,True,False
2597,2597.T,UNICAFE INC.,True,7099398000.0,,equity_times_pbr,,,,,True,False
4528,4528.T,"ONO PHARMACEUTICAL CO.,LTD.",False,797567000000.0,1091124723712.0,yfinance_market_cap,0.730958599569334,1.2825797,0.09386186361132462,15.65323,True,True
1950,1950.T,"NIPPON DENSETSU KOGYO CO.,LTD.",False,209649000000.0,,equity_times_pbr,,,,,True,False
4812,4812.T,DENTSU SOKEN INC.,True,100159000000.0,,equity_times_pbr,,,,,True,False
1434,1434.T,"JESCO Holdings,Inc.",True,7561332000.0,,equity_times_pbr,,,,,True,False
4409,4409.T,"TOHO CHEMICAL INDUSTRY COMPANY,LIMITED",True,21077000000.0,,equity_times_pbr,,,,,True,False
9697,9697.T,"CAPCOM CO.,LTD.",True,226303000000.0,1283789815808.0,yfinance_market_cap,0.17627729805409614,4.7956495,0.03774215950568539,21.155304,True,True
9644,9644.T,"TANABE CONSULTING GROUP CO.,LTD.",True,11141003000.0,,equity_times_pbr,,,,,True,False
6370,6370.T,Kurita Water Industries Ltd.,False,239112000000.0,951915446272.0,yfinance_market_cap,0.25119037718784554,2.7996726,0.04155650211109108,24.063623,False,True
4967,4967.T,"KOBAYASHI PHARMACEUTICAL CO.,LTD.",True,211008000000.0,,equity_times_pbr,,,,,True,False
9466,9466.T,Aidma Marketing Communication Corporation,True,3298417000.0,,equity_times_pbr,,,,,True,False
9072,9072.T,"NIKKON Holdings Co.,Ltd.",True,249679000000.0,,equity_times_pbr,,,,,True,False
6564,6564.T,"MIDAC HOLDINGS CO.,LTD.",True,15452026000.0,,equity_times_pbr,,,,,True,False
7296,7296.T,"F.C.C.CO.,LTD.",False,74471000000.0,,equity_times_pbr,,,,,True,False
5753,5753.T,"NIPPON SHINDO CO.,LTD.",True,11909000000.0,,equity_times_pbr,,,,,True,False
4914,4914.T,TAKASAGO INTERNATIONAL CORPORATION,True,146394000000.0,,equity_times_pbr,,,,,True,False
7297,7297.T,"CAR MATE MFG. CO.,LTD.",True,14837097000.0,,equity_times_pbr,,,,,False,False
2114,2114.T,Fuji Nihon Corporation,True,23874385000.0,,equity_times_pbr,,,,,True,False
7282,7282.T,"TOYODA GOSEI CO.,LTD.",False,328909000000.0,,equity_times_pbr,,,,,True,False
9508,9508.T,"Kyushu Electric Power Company,Incorporated",True,1031280000000.0,,equity_times_pbr,,,,,True,False
5929,5929.T,Sanwa Holdings Corporation,True,324192000000.0,,equity_times_pbr,,,,,True,False
9020,9020.T,East Japan Railway Company,True,2872216000000.0,3785506684928.0,yfinance_market_cap,0.7587401737885531,1.2427838,0.05959096595923474,15.287844,True,True
7908,7908.T,"KIMOTO CO.,LTD.",True,18982000000.0,,equity_times_pbr,,,,,True,False
1926,1926.T,"RAITO KOGYO CO.,LTD.",True,88674000000.0,,equity_times_pbr,,,,,True,False
5816,5816.T,"Onamba Co.,Ltd.",True,28409117000.0,,equity_times_pbr,,,,,True,False
1450,1450.T,TANAKEN Inc.,True,8223073000.0,,equity_times_pbr,,,,,True,False
1414,1414.T,"SHO-BOND Holdings Co.,Ltd.",True,106392000000.0,,equity_times_pbr,,,,,True,False
6125,6125.T,"OKAMOTO MACHINE TOOL WORKS,LTD.",True,40563000000.0,,equity_times_pbr,,,,,True,False
2816,2816.T,"DAISHO CO.,LTD.",True,9799000000.0,,equity_times_pbr,,,,,True,False
9376,9376.T,"EURASIA TRAVEL Co.,Ltd.",True,1844340000.0,,equity_times_pbr,,,,,True,False
2911,2911.T,"ASAHIMATSU FOODS CO.,LTD.",True,8265795000.0,,equity_times_pbr,,,,,True,False
4929,4929.T,"ADJUVANT HOLDINGS CO.,LTD.",True,4178925000.0,,equity_times_pbr,,,,,False,False
1976,1976.T,"MEISEI INDUSTRIAL Co.,Ltd.",True,69206000000.0,,equity_times_pbr,,,,,True,False
2763,2763.T,"FTGroup CO.,LTD.",False,20211000000.0,,equity_times_pbr,,,,,True,False
6707,6707.T,"Sanken Electric Co.,Ltd.",True,147928000000.0,,equity_times_pbr,,,,,True,False
3512,3512.T,Nippon Felt Company Limited,True,20719943000.0,,equity_times_pbr,,,,,True,False
6315,6315.T,TOWA CORPORATION,True,61386368000.0,216680906752.0,yfinance_market_cap,0.2833030787999201,3.068658,0.03747930596069947,47.11256,True,True
7021,7021.T,"NITCHITSU CO.,LTD.",True,11232652000.0,,equity_times_pbr,,,,,True,False
4063,4063.T,"Shin-Etsu Chemical Co.,Ltd.",True,4837585000000.0,14470073024512.0,yfinance_market_cap,0.3343165574773004,3.2410333,0.055253625786519746,30.907433,True,True
4495,4495.T,"i Cubed Systems,Inc.",True,2860908000.0,,equity_times_pbr,,,,,True,False
2354,2354.T,YE DIGITAL Corporation,True,8132800000.0,,equity_times_pbr,,,,,True,False
7927,7927.T,MUTO SEIKO CO.,True,19309704000.0,,equity_times_pbr,,,,,True,False
2961,2961.T,NITCHO CORPORATION,True,7474261000.0,,equity_times_pbr,,,,,True,False
2329,2329.T,TOHOKUSHINSHA FILM CORPORATION,True,85768000000.0,,equity_times_pbr,,,,,True,False
6334,6334.T,"Meiji Machine Co.,Ltd.",True,3038356000.0,,equity_times_pbr,,,,,True,False
7521,7521.T,"MUSASHI CO.,LTD.",True,33965000000.0,,equity_times_pbr,,,,,True,False
2814,2814.T,"SATO FOODS INDUSTRIES CO.,LTD.",True,19294294000.0,,equity_times_pbr,,,,,True,False
4838,4838.T,SPACE SHOWER SKIYAKI HOLDINGS INC.,True,8082104000.0,,equity_times_pbr,,,,,True,False
3842,3842.T,"Nextgen,Inc.",True,2204463000.0,,equity_times_pbr,,,,,True,False
1878,1878.T,"DAITO TRUST CONSTRUCTION CO.,LTD.",True,467433000000.0,1006075576320.0,yfinance_market_cap,0.46461022511824174,2.0336683,0.09931063068389268,10.374833,True,True
4927,4927.T,POLA ORBIS HOLDINGS INC.,True,164159000000.0,,equity_times_pbr,,,,,True,False
5840,5840.T,"Nippon Souken Co.,Ltd.",False,,,equity_times_pbr,,,,,False,False
5724,5724.T,"Asaka Riken Co.,Ltd.",True,4925747000.0,,equity_times_pbr,,,,,True,False
8157,8157.T,"TSUZUKI DENKI CO.,LTD.",True,44629000000.0,,equity_times_pbr,,,,,True,False
3991,3991.T,"Wantedly,Inc",True,5065311000.0,,equity_times_pbr,,,,,True,False
3640,3640.T,"DENSAN CO.,LTD.",True,12711173000.0,,equity_times_pbr,,,,,True,False
9206,9206.T,Star Flyer Inc.,False,5308000000.0,,equity_times_pbr,,,,,True,False
4234,4234.T,"Sun A.Kaken Company,Limited",True,21018312000.0,,equity_times_pbr,,,,,True,False
7242,7242.T,KYB Corporation,False,136756000000.0,,equity_times_pbr,,,,,True,False
7483,7483.T,"DOSHISHA CO.,LTD.",True,89239000000.0,,equity_times_pbr,,,,,True,False
8285,8285.T,"MITANI SANGYO CO.,LTD.",True,47572000000.0,,equity_times_pbr,,,,,True,False
3925,3925.T,Double Standard Inc.,True,6382788000.0,,equity_times_pbr,,,,,True,False
9692,9692.T,COMPUTER ENGINEERING & CONSULTING LTD.,True,42603000000.0,,equity_times_pbr,,,,,True,False
4645,4645.T,"ICHISHIN HOLDINGS CO.,LTD.",True,2521610000.0,,equity_times_pbr,,,,,True,False
3293,3293.T,"AZUMA HOUSE Co.,Ltd.",True,17070206000.0,,equity_times_pbr,,,,,True,False
9791,9791.T,BIKEN TECHNO CORPORATION,True,21650535000.0,,equity_times_pbr,,,,,True,False
7374,7374.T,Interworks Confidence Inc.,True,5816940000.0,,equity_times_pbr,,,,,True,False
4120,4120.T,"SUGAI CHEMICAL INDUSTRY CO.,LTD.",True,7452576000.0,,equity_times_pbr,,,,,True,False
8750,8750.T,"Daiichi Life Group,Inc.",False,3469707000000.0,5885754605568.0,yfinance_market_cap,0.589509286832586,1.3835129,0.07299199997118136,13.648129,True,True
6218,6218.T,ENSHU Limited,True,10379000000.0,,equity_times_pbr,,,,,False,False
4284,4284.T,"SOLXYZ Co.,Ltd.",True,7465252000.0,,equity_times_pbr,,,,,True,False
3434,3434.T,ALPHA Corporation,True,36371000000.0,,equity_times_pbr,,,,,True,False
8153,8153.T,"MOS FOOD SERVICES,INC.",True,54326000000.0,,equity_times_pbr,,,,,True,False
4783,4783.T,"NCD Co.,Ltd.",True,7854038000.0,,equity_times_pbr,,,,,True,False
3836,3836.T,AVANT GROUP CORPORATION,True,16490130000.0,,equity_times_pbr,,,,,True,False
7844,7844.T,Marvelous Inc.,True,26187000000.0,,equity_times_pbr,,,,,True,False
3769,3769.T,"GMO Payment Gateway,Inc.",False,70846353000.0,,equity_times_pbr,,,,,True,False
3086,3086.T,"J.FRONT RETAILING Co.,Ltd.",False,321044000000.0,,equity_times_pbr,,,,,True,False
9934,9934.T,"INABA DENKISANGYO CO.,LTD.",True,173023000000.0,,equity_times_pbr,,,,,True,False
9470,9470.T,"GAKKEN HOLDINGS CO.,LTD.",True,59471000000.0,,equity_times_pbr,,,,,True,False
4251,4251.T,KEIWA Incorporated,True,23864387000.0,,equity_times_pbr,,,,,True,False
8046,8046.T,"MARUFUJI SHEET PILING CO.,LTD.",True,30926000000.0,,equity_times_pbr,,,,,True,False
4960,4960.T,"CHEMIPRO KASEI KAISHA,LTD.",True,4777291000.0,,equity_times_pbr,,,,,True,False
8045,8045.T,"Yokohama Maruuo Co.,Ltd.",True,17429298000.0,,equity_times_pbr,,,,,True,False
9715,9715.T,transcosmos inc.,True,129068000000.0,,equity_times_pbr,,,,,True,False
3916,3916.T,Digital Information Technologies Corporation,True,8182226000.0,,equity_times_pbr,,,,,True,False
3123,3123.T,"SAIBO Co.,Ltd.",True,20131698000.0,,equity_times_pbr,,,,,True,False
3986,3986.T,"bBreak Systems Company,Limited",True,1714468000.0,,equity_times_pbr,,,,,True,False
6058,6058.T,VECTOR INC.,True,27141000000.0,,equity_times_pbr,,,,,True,False
2588,2588.T,"Premium Water Holdings,Inc.",False,21205000000.0,,equity_times_pbr,,,,,True,False
4194,4194.T,"Visional,Inc.",True,67759000000.0,,equity_times_pbr,,,,,True,False
3167,3167.T,TOKAI Holdings Corporation,True,95855000000.0,,equity_times_pbr,,,,,True,False
9628,9628.T,"SAN HOLDINGS,INC.",True,37172000000.0,,equity_times_pbr,,,,,True,False
2001,2001.T,NIPPN CORPORATION,True,246484000000.0,,equity_times_pbr,,,,,True,False
3802,3802.T,"ECOMIC CO.,LTD",True,1801074000.0,,equity_times_pbr,,,,,True,False
9364,9364.T,"Kamigumi Co.,Ltd.",True,384518000000.0,,equity_times_pbr,,,,,True,False
4208,4208.T,UBE Corporation,True,412013000000.0,,equity_times_pbr,,,,,True,False
4046,4046.T,"OSAKA SODA CO.,LTD.",True,115596000000.0,,equity_times_pbr,,,,,True,False
3671,3671.T,"SOFTMAX CO.,LTD",True,3925692000.0,,equity_times_pbr,,,,,True,False
9033,9033.T,"Hiroshima Electric Railway Co.,Ltd.",True,42762000000.0,,equity_times_pbr,,,,,True,False
4243,4243.T,"NIX,INC.",True,4470001000.0,,equity_times_pbr,,,,,True,False
3297,3297.T,"Toubujyuhan Co.,Ltd.",True,4428023000.0,,equity_times_pbr,,,,,True,False
7229,7229.T,"YUTAKA GIKEN CO.,LTD.",False,56153000000.0,,equity_times_pbr,,,,,True,False
8944,8944.T,"LAND BUSINESS  CO.,LTD.",True,16328241000.0,,equity_times_pbr,,,,,False,False
7888,7888.T,SANKO GOSEI LTD.,True,32779000000.0,,equity_times_pbr,,,,,True,False
7228,7228.T,DAYTONA CORPORATION,True,9441946000.0,,equity_times_pbr,,,,,True,False
9722,9722.T,FUJITA KANKO INC.,True,36818000000.0,,equity_times_pbr,,,,,True,False
7187,7187.T,"J-LEASE CO.,LTD.",False,6090636000.0,,equity_times_pbr,,,,,True,False
9401,9401.T,"TBS HOLDINGS,INC.",True,949232000000.0,,equity_times_pbr,,,,,True,False
4060,4060.T,rakumo Inc.,True,1887017000.0,,equity_times_pbr,,,,,True,False
1435,1435.T,robot home Inc.,True,11167035000.0,,equity_times_pbr,,,,,True,False
5988,5988.T,"PIOLAX,INC.",True,91781000000.0,,equity_times_pbr,,,,,True,False
2221,2221.T,"IWATSUKA CONFECTIONERY CO.,LTD.",True,67952167000.0,,equity_times_pbr,,,,,True,False
9478,9478.T,"SE Holdings and Incubations Co.,Ltd.",True,9045000000.0,,equity_times_pbr,,,,,True,False
9243,9243.T,"FT Holdings Co.,Inc.",False,,,equity_times_pbr,,,,,False,False
7177,7177.T,"GMO Financial Holdings,Inc.",False,53017000000.0,,equity_times_pbr,,,,,True,False
2425,2425.T,"Care Service Co.,Ltd.",True,2951853000.0,,equity_times_pbr,,,,,True,False
8399,8399.T,"Bank of The Ryukyus,Limited",False,146379000000.0,,equity_times_pbr,,,,,True,False
9319,9319.T,"Chuo Warehouse Co.,Ltd.",True,46077588000.0,,equity_times_pbr,,,,,True,False
3091,3091.T,"BRONCO BILLY Co.,LTD.",True,21717000000.0,,equity_times_pbr,,,,,True,False
2436,2436.T,"KYODO PUBLIC RELATIONS CO.,LTD.",True,4699002000.0,,equity_times_pbr,,,,,True,False
4997,4997.T,"NIHON NOHYAKU CO.,LTD.",True,79423000000.0,,equity_times_pbr,,,,,False,False
3329,3329.T,"TOWA FOOD SERVICE CO.,LTD.",True,7171897000.0,,equity_times_pbr,,,,,True,False
3633,3633.T,"GMO Pepabo,Inc.",True,2798654000.0,,equity_times_pbr,,,,,True,False
6565,6565.T,"ABHOTEL CO.,LTD.",True,12749068000.0,,equity_times_pbr,,,,,True,False
4694,4694.T,"BML,INC.",True,133772000000.0,,equity_times_pbr,,,,,True,False
6279,6279.T,ZUIKO CORPORATION,True,36324115000.0,,equity_times_pbr,,,,,True,False
7189,7189.T,"Nishi-Nippon Financial Holdings,Inc.",False,558130000000.0,,equity_times_pbr,,,,,True,False
4394,4394.T,"eXmotion Co.,Ltd.",True,1673584000.0,,equity_times_pbr,,,,,True,False
3733,3733.T,"Software Service,Inc.",True,41896000000.0,,equity_times_pbr,,,,,True,False
2587,2587.T,Suntory Beverage & Food Limited,False,705451000000.0,1337041485824.0,yfinance_market_cap,0.5276208760008971,1.0166812,0.058361689466882895,15.076129,True,True
3076,3076.T,Ai Holdings Corporation,True,112065000000.0,,equity_times_pbr,,,,,True,False
3236,3236.T,"PROPERST CO.,LTD.",True,12175000000.0,,equity_times_pbr,,,,,True,False
2224,2224.T,"COMO CO.,LTD.",True,3946250000.0,,equity_times_pbr,,,,,True,False
8920,8920.T,"TOSHO CO.,LTD.",True,42265798000.0,,equity_times_pbr,,,,,True,False
8522,8522.T,"The Bank of Nagoya,Ltd.",False,276531000000.0,,equity_times_pbr,,,,,True,False
8334,8334.T,"The Gunma Bank,Ltd.",False,562937000000.0,,equity_times_pbr,,,,,True,False
8359,8359.T,"Hachijuni Nagano Bank,Ltd.",False,967658000000.0,,equity_times_pbr,,,,,True,False
2669,2669.T,"Kanemi Co.,Ltd.",True,29885053000.0,,equity_times_pbr,,,,,True,False
9220,9220.T,"FB CARE SERVICE CO.,LTD.",True,3641578000.0,,equity_times_pbr,,,,,True,False
8154,8154.T,"KAGA ELECTRONICS CO.,LTD.",True,166379000000.0,,equity_times_pbr,,,,,True,False
7239,7239.T,"TACHI-S CO.,LTD.",True,98185000000.0,,equity_times_pbr,,,,,True,False
7079,7079.T,"WDB coco CO.,LTD.",True,4296023000.0,,equity_times_pbr,,,,,True,False
8715,8715.T,"Anicom Holdings,Inc.",False,30132000000.0,,equity_times_pbr,,,,,True,False
3648,3648.T,AGS Corporation,True,14661584000.0,,equity_times_pbr,,,,,True,False
8008,8008.T,YONDOSHI HOLDINGS INC.,True,41067000000.0,,equity_times_pbr,,,,,True,False
2379,2379.T,dip Corporation,True,41887744000.0,,equity_times_pbr,,,,,True,False
4642,4642.T,"ORIGINAL ENGINEERING CONSULTANTS CO.,LTD.",True,7898265000.0,,equity_times_pbr,,,,,True,False
9271,9271.T,"Wagokoro co.,ltd.",True,1267524000.0,,equity_times_pbr,,,,,True,False
8707,8707.T,"IwaiCosmo Holdings,Inc.",False,67701000000.0,,equity_times_pbr,,,,,True,False
6078,6078.T,"Value HR Co.,Ltd.",True,6900367000.0,,equity_times_pbr,,,,,True,False
4826,4826.T,"Computer Institute of Japan, Ltd.",True,14516447000.0,,equity_times_pbr,,,,,True,False
4996,4996.T,"KUMIAI CHEMICAL INDUSTRY CO.,LTD.",True,151107000000.0,,equity_times_pbr,,,,,True,False
3454,3454.T,"First Brothers Co.,Ltd.",True,26252831000.0,,equity_times_pbr,,,,,True,False
1381,1381.T,"AXYZ CO.,Ltd.",True,21601000000.0,,equity_times_pbr,,,,,True,False
2668,2668.T,Tabio Corporation,True,5364932000.0,,equity_times_pbr,,,,,True,False
5981,5981.T,"TOKYO ROPE MFG.CO.,LTD",True,36685000000.0,,equity_times_pbr,,,,,True,False
9046,9046.T,"Kobe Electric Railway Co.,Ltd.",True,23539000000.0,,equity_times_pbr,,,,,True,False
6495,6495.T,"MIYAIRI VALVE MFG.CO.,LTD.",True,3975568000.0,,equity_times_pbr,,,,,False,False
4820,4820.T,"EM SYSTEMS CO.,LTD.",True,20432000000.0,,equity_times_pbr,,,,,True,False
9107,9107.T,"Kawasaki Kisen Kaisha,Ltd.",True,1677449000000.0,1633964785664.0,yfinance_market_cap,1.0266126998069478,0.9063971,0.18825130302609375,12.284954,True,True
8341,8341.T,"The 77 Bank,Ltd.",False,573945000000.0,,equity_times_pbr,,,,,True,False
9242,9242.T,"Media Research Institute,Inc.",True,1575918000.0,,equity_times_pbr,,,,,True,False
8830,8830.T,"Sumitomo Realty & Development Co.,Ltd.",True,2168107000000.0,3325942300672.0,yfinance_market_cap,0.6518775144000358,1.3461481,0.05880017821129557,16.819242,True,True
9017,9017.T,"Niigata Kotsu Co.,Ltd.",True,19030464000.0,,equity_times_pbr,,,,,True,False
8996,8996.T,"HouseFreedom Co.,Ltd.",True,4002779000.0,,equity_times_pbr,,,,,True,False
4919,4919.T,"Milbon Co.,Ltd.",True,49058760000.0,,equity_times_pbr,,,,,True,False
7849,7849.T,Starts Publishing Corporation,True,10772951000.0,,equity_times_pbr,,,,,True,False
6776,6776.T,"Tensho Electric Industries Co.,Ltd.",True,10624000000.0,,equity_times_pbr,,,,,True,False
3965,3965.T,"Capital Asset Planning,Inc.",True,3930158000.0,,equity_times_pbr,,,,,True,False
2798,2798.T,Y's table corporation,True,883599000.0,,equity_times_pbr,,,,,True,False
7075,7075.T,"QLS Holdings Co.,Ltd",True,1623408000.0,,equity_times_pbr,,,,,True,False
9735,9735.T,"SECOM CO.,LTD.",True,1447736000000.0,2585315770368.0,yfinance_market_cap,0.559984206414339,1.9666821,0.04846835401548014,23.140974,True,True
1721,1721.T,COMSYS Holdings Corporation,True,380983000000.0,,equity_times_pbr,,,,,True,False
6083,6083.T,"ERI HOLDINGS CO.,LTD.",True,6384369000.0,,equity_times_pbr,,,,,True,False
7608,7608.T,"SK JAPAN CO.,LTD.",True,6656305000.0,,equity_times_pbr,,,,,True,False
3140,3140.T,"BRUNO,Inc.",True,5223000000.0,,equity_times_pbr,,,,,True,False
7167,7167.T,"Mebuki Financial Group,Inc.",False,966012000000.0,,equity_times_pbr,,,,,True,False
2613,2613.T,"J-OIL MILLS, INC.",True,106288000000.0,,equity_times_pbr,,,,,True,False
2993,2993.T,Choei Inc.,True,11932774000.0,,equity_times_pbr,,,,,True,False
6965,6965.T,HAMAMATSU PHOTONICS K.K.,True,323455000000.0,844289081344.0,yfinance_market_cap,0.3831093012420593,2.6482544,0.017247646951467337,63.523247,True,True
7987,7987.T,"NAKABAYASHI CO.,LTD.",True,29377000000.0,,equity_times_pbr,,,,,True,False
3405,3405.T,"KURARAY CO.,LTD.",True,755175000000.0,,equity_times_pbr,,,,,True,False
9684,9684.T,"SQUARE ENIX HOLDINGS CO.,LTD.",True,343700000000.0,,equity_times_pbr,,,,,True,False
8367,8367.T,"The Nanto Bank,Ltd.",False,286149000000.0,,equity_times_pbr,,,,,True,False
6093,6093.T,"Escrow Agent Japan,Inc.",True,3498031000.0,,equity_times_pbr,,,,,True,False
8060,8060.T,Canon Marketing Japan Inc.,True,413814000000.0,,equity_times_pbr,,,,,True,False
2112,2112.T,"Ensuiko Sugar Refining Co.,Ltd.",True,16618000000.0,,equity_times_pbr,,,,,True,False
6044,6044.T,SANKI SERVICE CORPORATION,True,4812812000.0,,equity_times_pbr,,,,,True,False
4816,4816.T,"TOEI ANIMATION CO.,LTD.",True,153198000000.0,,equity_times_pbr,,,,,True,False
3774,3774.T,Internet Initiative Japan Inc.,False,116711000000.0,,equity_times_pbr,,,,,True,False
4076,4076.T,"CNS Co.,Ltd.",True,3959471000.0,,equity_times_pbr,,,,,True,False
3923,3923.T,"RAKUS Co.,Ltd.",True,21977000000.0,,equity_times_pbr,,,,,True,False
4809,4809.T,Paraca Inc.,True,20912000000.0,,equity_times_pbr,,,,,True,False
6086,6086.T,"Shin Maint Holdings Co.,Ltd.",True,5315146000.0,,equity_times_pbr,,,,,True,False
3646,3646.T,"Ekitan & Co.,Ltd.",True,1684051000.0,,equity_times_pbr,,,,,True,False
9223,9223.T,"ASNOVA Co.,Ltd.",True,3221568000.0,,equity_times_pbr,,,,,True,False
5237,5237.T,NOZAWA CORPORATION,True,20665720000.0,,equity_times_pbr,,,,,True,False
7505,7505.T,"FUSO DENTSU CO.,LTD.",True,15407628000.0,,equity_times_pbr,,,,,True,False
9037,9037.T,"HAMAKYOREX CO.,LTD.",True,101896000000.0,,equity_times_pbr,,,,,True,False
4559,4559.T,"ZERIA PHARMACEUTICAL CO.,LTD.",True,89797027000.0,,equity_times_pbr,,,,,True,False
4968,4968.T,"ARAKAWA CHEMICAL INDUSTRIES,LTD.",True,57237000000.0,,equity_times_pbr,,,,,True,False
2204,2204.T,"NAKAMURAYA CO.,LTD.",True,27037947000.0,,equity_times_pbr,,,,,True,False
6023,6023.T,"DAIHATSU INFINEARTH MFG.CO.,LTD.",True,49298000000.0,,equity_times_pbr,,,,,True,False
2428,2428.T,WELLNET CORPORATION,True,8860702000.0,,equity_times_pbr,,,,,True,False
4486,4486.T,Unite and Grow Inc.,True,2240342000.0,,equity_times_pbr,,,,,True,False
3184,3184.T,"International Conglomerate of Distribution for Automobile Holdings Co.,Ltd.",True,10757999000.0,,equity_times_pbr,,,,,True,False
2540,2540.T,"YOMEISHU SEIZO CO.,LTD.",True,46062182000.0,,equity_times_pbr,,,,,True,False
5384,5384.T,FUJIMI INCORPORATED,True,76895000000.0,,equity_times_pbr,,,,,True,False
9416,9416.T,VISION INC.,True,21289297000.0,,equity_times_pbr,,,,,True,False
6098,6098.T,"Recruit Holdings Co.,Ltd.",False,1232969000000.0,15169593802752.0,yfinance_market_cap,0.08127897266282241,9.611899,0.0398570988690754,31.344357,True,True
6189,6189.T,Global Kids Company Corp.,True,7714000000.0,,equity_times_pbr,,,,,True,False
2139,2139.T,"CHUCO CO.,LTD.",True,2113848000.0,,equity_times_pbr,,,,,True,False
8002,8002.T,Marubeni Corporation,False,1208352000000.0,8055385227264.0,yfinance_market_cap,0.1500054889876961,1.8465065,0.04807504409463647,14.905288,True,True
1965,1965.T,TECHNO RYOWA LTD.,True,52948000000.0,,equity_times_pbr,,,,,True,False
2464,2464.T,"Aoba-BBT,Inc.",True,4563163000.0,,equity_times_pbr,,,,,True,False
9621,9621.T,"CTI Engineering Co.,Ltd.",True,66815000000.0,,equity_times_pbr,,,,,True,False
4396,4396.T,System Support Holdings Inc.,True,6012008000.0,,equity_times_pbr,,,,,True,False
6088,6088.T,SIGMAXYZ Holdings Inc.,True,14272037000.0,,equity_times_pbr,,,,,True,False
3021,3021.T,"Pacific Net Co.,Ltd.",True,3386736000.0,,equity_times_pbr,,,,,True,False
3569,3569.T,"SEIREN CO.,LTD.",True,143882000000.0,,equity_times_pbr,,,,,True,False
4776,4776.T,"Cybozu,Inc.",True,17815000000.0,,equity_times_pbr,,,,,True,False
4678,4678.T,"SHUEI YOBIKO Co.,Ltd.",True,4536898000.0,,equity_times_pbr,,,,,True,False
9160,9160.T,"ON THE PAGE,Inc.",False,2913728000.0,,equity_times_pbr,,,,,True,False
5142,5142.T,Achilles Corporation,True,39336000000.0,,equity_times_pbr,,,,,True,False
2157,2157.T,"KOSHIDAKA HOLDINGS Co.,LTD.",True,35105556000.0,,equity_times_pbr,,,,,True,False
1384,1384.T,"Hokuryo Co.,Ltd.",True,14153000000.0,,equity_times_pbr,,,,,True,False
2209,2209.T,"IMURAYA GROUP CO.,LTD.",True,22123281000.0,,equity_times_pbr,,,,,True,False
1828,1828.T,TANABE ENGINEERING CORPORATION,True,24988184000.0,,equity_times_pbr,,,,,True,False
3932,3932.T,Akatsuki Inc.,True,41455000000.0,,equity_times_pbr,,,,,False,False
2127,2127.T,Nihon M&A Center Holdings Inc.,True,56944323000.0,,equity_times_pbr,,,,,True,False
3423,3423.T,S E Corporation,True,11221856000.0,,equity_times_pbr,,,,,True,False
2469,2469.T,Hibino Corporation,True,12007000000.0,,equity_times_pbr,,,,,True,False
3670,3670.T,"Kyoritsu Computer & Communication Co.,Ltd.",True,2119478000.0,,equity_times_pbr,,,,,True,False
6176,6176.T,Brangista Inc.,True,6099194000.0,,equity_times_pbr,,,,,True,False
8056,8056.T,BIPROGY Inc.,False,155905000000.0,,equity_times_pbr,,,,,True,False
7502,7502.T,"PLAZA HOLDINGS CO.,LTD.",True,2303767000.0,,equity_times_pbr,,,,,True,False
5201,5201.T,AGC Inc.,False,751034000000.0,1488030924800.0,yfinance_market_cap,0.5047166611143806,0.9954249,0.07904607225539295,21.531084,True,True
7947,7947.T,FP CORPORATION,True,154114000000.0,,equity_times_pbr,,,,,True,False
4249,4249.T,"MORIROKU COMPANY,LTD.",True,64911000000.0,,equity_times_pbr,,,,,False,False
4386,4386.T,"SIG Group Co.,Ltd.",True,2451315000.0,,equity_times_pbr,,,,,True,False
1835,1835.T,"TOTETSU KOGYO CO.,LTD.",True,120777353000.0,,equity_times_pbr,,,,,True,False
3063,3063.T,j-Group Holdings Corp.,True,1743723000.0,,equity_times_pbr,,,,,True,False
5832,5832.T,"Chugin Financial Group,Inc.",False,542366000000.0,,equity_times_pbr,,,,,True,False
9413,9413.T,TV TOKYO Holdings Corporation,True,101900000000.0,,equity_times_pbr,,,,,True,False
4556,4556.T,"KAINOS Laboratories,Inc.",True,6775178000.0,,equity_times_pbr,,,,,True,False
4595,4595.T,"MIZUHO MEDY CO.,LTD.",True,18684000000.0,,equity_times_pbr,,,,,True,False
1802,1802.T,OBAYASHI CORPORATION,True,1210201000000.0,2177063845888.0,yfinance_market_cap,0.5558867748806754,1.7299913,0.0691454227602585,12.691353,True,True
5695,5695.T,"Powdertech Co.,Ltd.",True,12783131000.0,,equity_times_pbr,,,,,True,False
3988,3988.T,"SYS Holdings Co.,Ltd.",True,3755433000.0,,equity_times_pbr,,,,,True,False
3798,3798.T,"ULS Group,Inc.",True,10479000000.0,,equity_times_pbr,,,,,True,False
4676,4676.T,"FUJI MEDIA HOLDINGS,INC.",True,830023000000.0,,equity_times_pbr,,,,,False,False
3692,3692.T,"FFRI Security,Inc.",True,2788963000.0,,equity_times_pbr,,,,,True,False
8818,8818.T,"Keihanshin Building Co.,Ltd.",True,76323011000.0,,equity_times_pbr,,,,,True,False
2286,2286.T,"Hayashikane Sangyo Co.,Ltd.",True,11791000000.0,,equity_times_pbr,,,,,True,False
4013,4013.T,"Kinjiro Co.,Ltd.",True,10275294000.0,,equity_times_pbr,,,,,True,False
6080,6080.T,"M&A Capital Partners Co.,Ltd.",True,44432338000.0,,equity_times_pbr,,,,,True,False
5018,5018.T,MORESCO Corporation,True,26883000000.0,,equity_times_pbr,,,,,True,False
4661,4661.T,"ORIENTAL LAND CO.,LTD.",True,977408000000.0,3685630869504.0,yfinance_market_cap,0.2651942190107433,3.3509276,0.033687584133109086,30.227242,True,True
7326,7326.T,"SBI Insurance Group Co.,Ltd.",False,47961000000.0,,equity_times_pbr,,,,,True,False
5989,5989.T,"H-ONE CO.,LTD.",False,34815000000.0,,equity_times_pbr,,,,,True,False
7265,7265.T,"EIKEN INDUSTRIES CO.,LTD",True,6055815000.0,,equity_times_pbr,,,,,True,False
1377,1377.T,SAKATA SEED CORPORATION,True,161768000000.0,,equity_times_pbr,,,,,True,False
2378,2378.T,"RENAISSANCE,INCORPORATED",True,12205628000.0,,equity_times_pbr,,,,,True,False
3954,3954.T,SHOWA PAXXS CORPORATION,True,24279208000.0,,equity_times_pbr,,,,,True,False
9740,9740.T,"CENTRAL SECURITY PATROLS CO.,LTD.",True,44189255000.0,,equity_times_pbr,,,,,True,False
9755,9755.T,OYO Corporation,True,78805000000.0,,equity_times_pbr,,,,,True,False
4540,4540.T,TSUMURA & CO.,True,330110000000.0,,equity_times_pbr,,,,,True,False
8360,8360.T,"The Yamanashi Chuo Bank,Ltd.",False,213241000000.0,,equity_times_pbr,,,,,True,False
2831,2831.T,HAGOROMO FOODS CORPORATION,True,41385780000.0,,equity_times_pbr,,,,,True,False
8020,8020.T,KANEMATSU CORPORATION,False,117954000000.0,,equity_times_pbr,,,,,True,False
6183,6183.T,"BELLSYSTEM24 HOLDINGS,INC.",False,43464000000.0,,equity_times_pbr,,,,,True,False
9165,9165.T,"Qualtec Co.,Ltd.",True,3277086000.0,,equity_times_pbr,,,,,True,False
4023,4023.T,KUREHA CORPORATION,False,148095000000.0,,equity_times_pbr,,,,,True,False
8370,8370.T,"The Kiyo Bank,Ltd.",False,253262000000.0,,equity_times_pbr,,,,,True,False
6869,6869.T,SYSMEX CORPORATION,False,275148000000.0,896502464512.0,yfinance_market_cap,0.30691270899045814,1.7930763,0.02813043019767676,25.62434,True,True
9601,9601.T,"Shochiku Co.,Ltd.",True,110189000000.0,,equity_times_pbr,,,,,True,False
1905,1905.T,TENOX CORPORATION,True,13291330000.0,,equity_times_pbr,,,,,True,False
7337,7337.T,"Hirogin Holdings,Inc.",False,504636000000.0,,equity_times_pbr,,,,,True,False
7287,7287.T,"NIPPON SEIKI CO.,LTD.",False,113821000000.0,,equity_times_pbr,,,,,True,False
4323,4323.T,"Japan System Techniques Co.,Ltd.",True,14828680000.0,,equity_times_pbr,,,,,True,False
8065,8065.T,SATO SHO-JI CORPORATION,True,68454000000.0,,equity_times_pbr,,,,,True,False
3920,3920.T,"Internetworking and Broadband Consulting Co.,Ltd.",True,2273076000.0,,equity_times_pbr,,,,,True,False
1980,1980.T,"DAI-DAN CO.,LTD.",False,109206000000.0,,equity_times_pbr,,,,,True,False
8714,8714.T,"Senshu Ikeda Holdings,Inc.",False,240248000000.0,,equity_times_pbr,,,,,True,False
9986,9986.T,"ZAOH COMPANY,LTD.",True,12876730000.0,,equity_times_pbr,,,,,True,False
1430,1430.T,First-corporation Inc.,True,9784096000.0,,equity_times_pbr,,,,,True,False
8198,8198.T,"Maxvalu Tokai Co.,Ltd.",True,97052000000.0,,equity_times_pbr,,,,,True,False
7726,7726.T,KURODA PRECISION INDUSTRIES LTD.,True,11582289000.0,,equity_times_pbr,,,,,True,False
1401,1401.T,"mbs,inc.",True,3696628000.0,,equity_times_pbr,,,,,True,False
5015,5015.T,BP Castrol K.K.,True,10076058000.0,,equity_times_pbr,,,,,True,False
5013,5013.T,Yushiro Inc.,True,44970000000.0,,equity_times_pbr,,,,,True,False
8908,8908.T,"MAINICHI COMNET CO.,LTD.",True,13349774000.0,,equity_times_pbr,,,,,True,False
8801,8801.T,"Mitsui Fudosan Co.,Ltd.",True,3270723000000.0,4030134222848.0,yfinance_market_cap,0.8115667665501864,1.2256762,0.06173466843597573,14.637164,True,True
5940,5940.T,"FUJISASH CO.,LTD.",True,23591000000.0,,equity_times_pbr,,,,,True,False
7131,7131.T,NOMURA CORPORATION,True,2349925000.0,,equity_times_pbr,,,,,True,False
3221,3221.T,"Yossix Holdings Co.,Ltd.",True,11459015000.0,,equity_times_pbr,,,,,True,False
8354,8354.T,"Fukuoka Financial Group,Inc.",False,944074000000.0,1205959655424.0,yfinance_market_cap,0.7828404505522829,1.1204748,0.05990581830417862,14.128534,True,True
7218,7218.T,"TANAKA SEIMITSU KOGYO CO.,LTD.",True,31055573000.0,,equity_times_pbr,,,,,True,False
7839,7839.T,"SHOEI CO.,LTD.",True,32235738000.0,,equity_times_pbr,,,,,True,False
9906,9906.T,Fujii Sangyo Corporation,True,40078698000.0,,equity_times_pbr,,,,,True,False
5401,5401.T,NIPPON STEEL CORPORATION,False,2646011000000.0,2872371052544.0,yfinance_market_cap,0.921194007179707,0.51937395,0.07149633394965227,167.05167,True,True
3773,3773.T,"Advanced Media,Inc.",True,12309103000.0,,equity_times_pbr,,,,,True,False
2751,2751.T,"TENPOS HOLDINGS Co.,Ltd.",True,17222000000.0,,equity_times_pbr,,,,,True,False
7460,7460.T,"YAGI & CO.,LTD.",True,43176000000.0,,equity_times_pbr,,,,,True,False
9057,9057.T,"ENSHU TRUCK CO.,LTD.",True,23204000000.0,,equity_times_pbr,,,,,True,False
5032,5032.T,ANYCOLOR Inc.,True,21968000000.0,,equity_times_pbr,,,,,True,False
3560,3560.T,"Hobonichi Co.,Ltd.",True,4893564000.0,,equity_times_pbr,,,,,True,False
5185,5185.T,"Fukoku Co.,Ltd.",True,45936000000.0,,equity_times_pbr,,,,,True,False
7523,7523.T,"ART VIVANT CO.,LTD.",True,15321399000.0,,equity_times_pbr,,,,,True,False
8747,8747.T,"YUTAKA TRUSTY SECURITIES CO.,LTD.",False,13800127000.0,,equity_times_pbr,,,,,True,False
2659,2659.T,"SAN-A CO.,LTD.",True,160958000000.0,,equity_times_pbr,,,,,True,False
4373,4373.T,"Simplex Holdings,Inc.",False,28712000000.0,,equity_times_pbr,,,,,True,False
9428,9428.T,CROPS CORPORATION,True,14346000000.0,,equity_times_pbr,,,,,True,False
3395,3395.T,"Saint Marc Holdings Co.,Ltd.",True,30884812000.0,,equity_times_pbr,,,,,True,False
6147,6147.T,"YAMAZAKI CO.,LTD.",True,1413117000.0,,equity_times_pbr,,,,,True,False
1951,1951.T,"EXEO Group,Inc.",True,326783000000.0,,equity_times_pbr,,,,,True,False
9303,9303.T,"The Sumitomo Warehouse Co.,Ltd.",True,274145000000.0,,equity_times_pbr,,,,,True,False
2737,2737.T,TOMEN DEVICES CORPORATION,True,49621000000.0,,equity_times_pbr,,,,,True,False
4293,4293.T,"SEPTENI HOLDINGS CO.,LTD.",False,55716053000.0,,equity_times_pbr,,,,,True,False
3089,3089.T,"Techno Alpha Co.,Ltd.",True,2744143000.0,,equity_times_pbr,,,,,True,False
7014,7014.T,"Namura Shipbuilding Co.,Ltd.",True,105142000000.0,244865875968.0,yfinance_market_cap,0.42938608568610986,1.949652,0.10835319496893599,11.343524,True,True
4274,4274.T,"HOSOYA PYRO-ENGINEERING CO.,LTD.",True,3197000000.0,,equity_times_pbr,,,,,True,False
6547,6547.T,"GREENS CO.,LTD.",True,10404000000.0,,equity_times_pbr,,,,,True,False
9506,9506.T,"Tohoku Electric Power Company,Incorporated",True,1008809000000.0,,equity_times_pbr,,,,,True,False
1968,1968.T,"TAIHEI DENGYO KAISHA,LTD.",True,115057000000.0,,equity_times_pbr,,,,,True,False
9706,9706.T,"Japan Airport Terminal Co.,ltd.",True,198347000000.0,,equity_times_pbr,,,,,True,False
7939,7939.T,"KENSOH CO.,LTD.",True,3266838000.0,,equity_times_pbr,,,,,True,False
2498,2498.T,Oriental Consultants Holdings Company Limited,True,28691743000.0,,equity_times_pbr,,,,,True,False
7779,7779.T,"CYBERDYNE,INC.",False,43128000000.0,,equity_times_pbr,,,,,False,False
7217,7217.T,"TEIN,INC.",True,6201280000.0,,equity_times_pbr,,,,,True,False
5268,5268.T,"ASAHI CONCRETE WORKS CO.,LTD.",True,12126382000.0,,equity_times_pbr,,,,,True,False
1959,1959.T,KRAFTIA CORPORATION,True,312152000000.0,,equity_times_pbr,,,,,True,False
8425,8425.T,"Mizuho Leasing Company,Limited",False,401495000000.0,,equity_times_pbr,,,,,True,False
8411,8411.T,"Mizuho Financial Group,Inc.",False,10523753000000.0,17520790601728.0,yfinance_market_cap,0.6006437288829928,1.5482482,0.05072071347695661,14.286283,True,True
9005,9005.T,TOKYU CORPORATION,True,872295000000.0,929016643584.0,yfinance_market_cap,0.9389444269101823,1.0619017,0.08887461873823203,19.258034,True,True
8117,8117.T,CENTRAL AUTOMOTIVE PRODUCTS LTD.,True,55701681000.0,,equity_times_pbr,,,,,True,False
4326,4326.T,INTAGE HOLDINGS Inc.,True,33321053000.0,,equity_times_pbr,,,,,True,False
4421,4421.T,"D.I.System Co.,Ltd.",True,1635897000.0,,equity_times_pbr,,,,,True,False
2288,2288.T,"MARUDAI FOOD CO.,LTD.",True,67007000000.0,,equity_times_pbr,,,,,True,False
7821,7821.T,"MAEDA KOSEN CO.,LTD.",True,68446000000.0,,equity_times_pbr,,,,,True,False
7148,7148.T,"Financial Partners Group Co.,Ltd.",False,58164000000.0,,equity_times_pbr,,,,,True,False
8923,8923.T,TOSEI CORPORATION,False,92497319000.0,,equity_times_pbr,,,,,True,False
7255,7255.T,SAKURAI LTD.,True,5075919000.0,,equity_times_pbr,,,,,True,False
4361,4361.T,"KAWAGUCHI CHEMICAL INDUSTRY CO.,LTD.",True,3133512000.0,,equity_times_pbr,,,,,True,False
9824,9824.T,"SENSHU ELECTRIC CO.,LTD.",True,58923000000.0,,equity_times_pbr,,,,,True,False
5252,5252.T,"Nihon Knowledge Co,Ltd.",True,1139202000.0,,equity_times_pbr,,,,,True,False
4524,4524.T,"MORISHITA JINTAN CO.,LTD.",True,12180000000.0,,equity_times_pbr,,,,,True,False
4526,4526.T,"RIKEN VITAMIN CO.,LTD.",True,79200000000.0,,equity_times_pbr,,,,,True,False
3153,3153.T,"Yashima Denki Co.,Ltd.",True,30830000000.0,,equity_times_pbr,,,,,True,False
9629,9629.T,PCA CORPORATION,True,19283000000.0,,equity_times_pbr,,,,,True,False
2499,2499.T,"NIHONWASOU HOLDINGS,INC.",True,3732606000.0,,equity_times_pbr,,,,,True,False
3934,3934.T,"BENEFIT JAPAN Co.,LTD.",True,7940571000.0,,equity_times_pbr,,,,,True,False
9900,9900.T,Sagami Holdings Corporation,True,17824478000.0,,equity_times_pbr,,,,,True,False
2674,2674.T,"HARD OFF CORPORATION Co.,Ltd.",True,18373110000.0,,equity_times_pbr,,,,,True,False
9034,9034.T,"NANSO Transport Co.,Ltd.",False,21975276000.0,,equity_times_pbr,,,,,True,False
1719,1719.T,HAZAMA ANDO CORPORATION,True,172183000000.0,,equity_times_pbr,,,,,True,False
6089,6089.T,"WILL GROUP,INC.",False,14753000000.0,,equity_times_pbr,,,,,True,False
9304,9304.T,Shibusawa Logistics Corporation,True,65328000000.0,,equity_times_pbr,,,,,True,False
2201,2201.T,"Morinaga & Co.,Ltd.",True,132393000000.0,,equity_times_pbr,,,,,True,False
9214,9214.T,"Recovery International Co.,Ltd.",True,839829000.0,,equity_times_pbr,,,,,True,False
5195,5195.T,"Bando Chemical Industries,Ltd.",False,40723000000.0,,equity_times_pbr,,,,,True,False
8006,8006.T,"YUASA FUNASHOKU Co.,Ltd.",True,39310000000.0,,equity_times_pbr,,,,,True,False
6082,6082.T,"RIDE ON EXPRESS HOLDINGS Co.,Ltd.",True,8030381000.0,,equity_times_pbr,,,,,True,False
4687,4687.T,TDC SOFT Inc.,True,20881279000.0,,equity_times_pbr,,,,,True,False
4452,4452.T,Kao Corporation,False,678871000000.0,2731113447424.0,yfinance_market_cap,0.24856931543444838,2.5465782,0.03771318987028868,26.052814,True,True
5357,5357.T,"YOTAI REFRACTORIES CO.,LTD.",True,32948720000.0,,equity_times_pbr,,,,,True,False
5136,5136.T,"tripla Co.,Ltd.",True,2114007000.0,,equity_times_pbr,,,,,True,False
7186,7186.T,"Yokohama Financial Group,Inc.",False,1292594000000.0,1762803318784.0,yfinance_market_cap,0.7332604756449204,1.2556885,0.06438324615720036,16.872341,True,True
7564,7564.T,"WORKMAN CO.,LTD.",True,135781000000.0,,equity_times_pbr,,,,,True,False
3495,3495.T,"Koryojyuhan Co.,Ltd.",True,6198740000.0,,equity_times_pbr,,,,,True,False
2922,2922.T,"NATORI CO.,LTD.",True,26212712000.0,,equity_times_pbr,,,,,True,False
5334,5334.T,"Niterra Co.,Ltd.",False,397557000000.0,1981267312640.0,yfinance_market_cap,0.20065793114522396,2.589383,0.04286095039182123,17.755058,True,True
5967,5967.T,"TONE CO.,LTD.",True,11298788000.0,,equity_times_pbr,,,,,True,False
8616,8616.T,"Tokai Tokyo Financial Holdings,Inc.",False,194828000000.0,,equity_times_pbr,,,,,True,False
8061,8061.T,SEIKA CORPORATION,True,47667000000.0,,equity_times_pbr,,,,,True,False
7804,7804.T,"B&P Co.,Ltd.",True,3819427000.0,,equity_times_pbr,,,,,True,False
9003,9003.T,"Sotetsu Holdings,Inc.",True,182079000000.0,,equity_times_pbr,,,,,True,False
7030,7030.T,SPRIX Inc.,True,9981000000.0,,equity_times_pbr,,,,,True,False
2226,2226.T,KOIKE-YA Inc.,True,19410000000.0,,equity_times_pbr,,,,,True,False
2415,2415.T,"Human Holdings Co.,Ltd.",True,18096087000.0,,equity_times_pbr,,,,,True,False
1994,1994.T,TAKAHASHI CURTAIN WALL CORPORATION,True,10798276000.0,,equity_times_pbr,,,,,True,False
9726,9726.T,"KNT-CT Holdings Co.,Ltd.",True,57459000000.0,,equity_times_pbr,,,,,True,False
7399,7399.T,"NANSIN CO.,LTD.",True,11741379000.0,,equity_times_pbr,,,,,True,False
7596,7596.T,"UORIKI CO.,LTD.",True,17747218000.0,,equity_times_pbr,,,,,True,False
2883,2883.T,"DAIREI CO.,LTD.",True,8794337000.0,,equity_times_pbr,,,,,False,False
4258,4258.T,AMIYA Corporation,True,2833597000.0,,equity_times_pbr,,,,,True,False
7211,7211.T,MITSUBISHI MOTORS CORPORATION,True,973565000000.0,466683592704.0,yfinance_market_cap,2.0861350500005598,0.50755805,0.10852963505002579,46.680058,True,True
9504,9504.T,"The Chugoku Electric Power Company,Incorporated",True,705865000000.0,,equity_times_pbr,,,,,True,False
9173,9173.T,"Tokai Kisen Co.,Ltd.",True,6924627000.0,,equity_times_pbr,,,,,True,False
8346,8346.T,"The Toho Bank,Ltd.",False,200408000000.0,,equity_times_pbr,,,,,True,False
9782,9782.T,DMS INC.,True,16937065000.0,,equity_times_pbr,,,,,True,False
6022,6022.T,Akasaka Diesels Ltd.,True,8959354000.0,,equity_times_pbr,,,,,True,False
9273,9273.T,"KOA SHOJI HOLDINGS CO.,LTD.",True,28120664000.0,,equity_times_pbr,,,,,True,False
3245,3245.T,"DEAR LIFE CO.,LTD.",True,28492000000.0,,equity_times_pbr,,,,,True,False
1860,1860.T,TODA CORPORATION,True,353197000000.0,,equity_times_pbr,,,,,True,False
8150,8150.T,"SANSHIN ELECTRONICS CO.,LTD.",True,40551000000.0,,equity_times_pbr,,,,,True,False
7279,7279.T,HI-LEX CORPORATION,True,191692000000.0,,equity_times_pbr,,,,,True,False
7059,7059.T,"COPRO-HOLDINGS.Co.,Ltd.",True,8399948000.0,,equity_times_pbr,,,,,True,False
7509,7509.T,I.A GROUP CORPORATION,True,15711785000.0,,equity_times_pbr,,,,,True,False
8766,8766.T,"Tokio Marine Holdings,Inc.",False,5103545000000.0,13666863808512.0,yfinance_market_cap,0.373424735294531,2.4633973,0.0772142032572793,13.787218,True,True
7371,7371.T,Zenken Corporation,True,12416534000.0,,equity_times_pbr,,,,,True,False
4650,4650.T,"SD ENTERTAINMENT,Inc.",True,1584857000.0,,equity_times_pbr,,,,,True,False
6544,6544.T,"JAPAN ELEVATOR SERVICE HOLDINGS CO.,LTD.",True,20315000000.0,,equity_times_pbr,,,,,True,False
8032,8032.T,JAPAN PULP AND PAPER COMPANY LIMITED,True,145565000000.0,,equity_times_pbr,,,,,True,False
5161,5161.T,"NISHIKAWA RUBBER CO.,LTD.",True,91721000000.0,,equity_times_pbr,,,,,True,False
3941,3941.T,"Rengo Co.,Ltd.",True,500244000000.0,,equity_times_pbr,,,,,True,False
1939,1939.T,YONDENKO CORPORATION,True,64890000000.0,,equity_times_pbr,,,,,True,False
8945,8945.T,SUNNEXTA GROUP Inc.,True,7729283000.0,,equity_times_pbr,,,,,True,False
8343,8343.T,"THE AKITA BANK,LTD.",False,158570000000.0,,equity_times_pbr,,,,,True,False
2907,2907.T,"AHJIKAN CO.,LTD.",True,17388775000.0,,equity_times_pbr,,,,,True,False
7937,7937.T,"TSUTSUMI JEWELRY CO.,LTD.",True,67800000000.0,,equity_times_pbr,,,,,True,False
5162,5162.T,ASAHI RUBBER INC.,True,4880443000.0,,equity_times_pbr,,,,,False,False
9564,9564.T,FCE Inc.,True,3896880000.0,,equity_times_pbr,,,,,True,False
9007,9007.T,"Odakyu Electric Railway Co.,Ltd.",True,479263000000.0,,equity_times_pbr,,,,,True,False
4719,4719.T,ALPHA SYSTEMS INC.,True,43472508000.0,,equity_times_pbr,,,,,True,False
6180,6180.T,"GMO Media,Inc.",True,3190335000.0,,equity_times_pbr,,,,,True,False
4979,4979.T,"OAT Agrio Co.,Ltd.",True,19956000000.0,,equity_times_pbr,,,,,True,False
5858,5858.T,"STG CO.,LTD.",True,2423661000.0,,equity_times_pbr,,,,,True,False
7806,7806.T,"MTG Co.,Ltd.",True,51214000000.0,,equity_times_pbr,,,,,True,False
3352,3352.T,"BUFFALO CO.,LTD.",True,6202128000.0,,equity_times_pbr,,,,,True,False
9142,9142.T,Kyushu Railway Company,True,458620000000.0,,equity_times_pbr,,,,,True,False
3850,3850.T,NTT DATA INTRAMART CORPORATION,True,5117937000.0,,equity_times_pbr,,,,,True,False
7164,7164.T,"ZENKOKU HOSHO Co.,Ltd.",False,238678000000.0,,equity_times_pbr,,,,,True,False
7811,7811.T,"NAKAMOTO PACKS CO.,LTD.",True,22093551000.0,,equity_times_pbr,,,,,True,False
1979,1979.T,Taikisha Ltd.,True,156486000000.0,,equity_times_pbr,,,,,True,False
9778,9778.T,"SUBARU CO.,LTD.",True,3621300000.0,,equity_times_pbr,,,,,True,False
5302,5302.T,"Nippon Carbon Co.,Ltd.",True,63607000000.0,,equity_times_pbr,,,,,True,False
7609,7609.T,"Daitron Co.,Ltd.",True,35586000000.0,,equity_times_pbr,,,,,True,False
5851,5851.T,RYOBI LIMITED,True,189550000000.0,,equity_times_pbr,,,,,True,False
9533,9533.T,"TOHO GAS CO.,LTD.",True,448394000000.0,,equity_times_pbr,,,,,True,False
9313,9313.T,Maruhachi Warehouse Company Limited,True,12842306000.0,,equity_times_pbr,,,,,True,False
9272,9272.T,"Boutiques,Inc.",True,2243660000.0,,equity_times_pbr,,,,,True,False
2809,2809.T,Kewpie Corporation,True,347600000000.0,,equity_times_pbr,,,,,True,False
5938,5938.T,LIXIL Corporation,False,405110000000.0,484985700352.0,yfinance_market_cap,0.8353029784300308,0.72916013,0.016219034899979317,59.530533,True,True
1795,1795.T,MASARU CORPORATION,True,5277444000.0,,equity_times_pbr,,,,,True,False
8358,8358.T,Suruga Bank Ltd.,False,295818000000.0,,equity_times_pbr,,,,,True,False
9720,9720.T,"HOTEL NEWGRAND CO.,LTD.",True,4131557000.0,,equity_times_pbr,,,,,True,False
3201,3201.T,"THE JAPAN WOOL TEXTILE CO.,LTD.",True,132152000000.0,,equity_times_pbr,,,,,True,False
3583,3583.T,AuBEX CORPORATION,True,6707800000.0,,equity_times_pbr,,,,,True,False
6740,6740.T,Japan Display Inc.,True,-161043000000.0,209541251072.0,yfinance_market_cap,,,,,False,False
1801,1801.T,TAISEI CORPORATION,True,900699000000.0,2168836325376.0,yfinance_market_cap,0.41529136590971216,2.287626,0.05899200345504127,12.973779,True,True
7575,7575.T,"Japan Lifeline Co.,Ltd.",True,59914000000.0,,equity_times_pbr,,,,,True,False
3744,3744.T,SIOS Corporation,True,1856735000.0,,equity_times_pbr,,,,,True,False
3843,3843.T,"FreeBit Co.,Ltd.",True,10618527000.0,,equity_times_pbr,,,,,True,False
8118,8118.T,"KING Co.,Ltd.",True,22475000000.0,,equity_times_pbr,,,,,True,False
3951,3951.T,"ASAHI PRINTING CO.,LTD.",True,35572091000.0,,equity_times_pbr,,,,,True,False
9450,9450.T,Fibergate Inc.,True,6502000000.0,,equity_times_pbr,,,,,True,False
9850,9850.T,"GOURMET KINEYA CO.,LTD.",True,10176001000.0,,equity_times_pbr,,,,,True,False
1780,1780.T,YAMAURA CORPORATION,True,23268906000.0,,equity_times_pbr,,,,,True,False
1871,1871.T,"PS Construction Co.,Ltd.",True,57880000000.0,,equity_times_pbr,,,,,True,False
6568,6568.T,"KNC Laboratories Co.,Ltd.",True,13520228000.0,,equity_times_pbr,,,,,True,False
3276,3276.T,"Japan Property Management Center Co.,Ltd.",True,9594526000.0,,equity_times_pbr,,,,,True,False
9685,9685.T,"KYCOM HOLDINGS CO.,LTD.",True,4489030000.0,,equity_times_pbr,,,,,True,False
4240,4240.T,"CLUSTER TECHNOLOGY CO.,LTD.",True,1651709000.0,,equity_times_pbr,,,,,True,False
8023,8023.T,"DAIKO XTECH,LTD.",True,12720434000.0,,equity_times_pbr,,,,,True,False
7080,7080.T,"Sportsfield Co.,Ltd.",True,2482610000.0,,equity_times_pbr,,,,,True,False
8316,8316.T,"Sumitomo Mitsui Financial Group,Inc.",False,14841509000000.0,22374017662976.0,yfinance_market_cap,0.6633367874988041,1.4171151,0.053047111067763934,14.226074,True,True
7962,7962.T,"KING JIM CO.,LTD.",True,24052288000.0,,equity_times_pbr,,,,,True,False
1967,1967.T,YAMATO CORPORATION,True,41236123000.0,,equity_times_pbr,,,,,True,False
5126,5126.T,PORTERS CORPORATION,True,1586000000.0,,equity_times_pbr,,,,,True,False
1720,1720.T,"TOKYU CONSTRUCTION CO., LTD.",True,102667000000.0,,equity_times_pbr,,,,,True,False
5368,5368.T,"JAPAN INSULATION CO.,LTD.",True,13773657000.0,,equity_times_pbr,,,,,True,False
5702,5702.T,"DAIKI ALUMINIUM INDUSTRY CO.,LTD.",True,73712000000.0,,equity_times_pbr,,,,,False,False
7874,7874.T,"LEC,INC.",True,36047000000.0,,equity_times_pbr,,,,,True,False
8850,8850.T,STARTS CORPORATION INC.,True,178239000000.0,,equity_times_pbr,,,,,True,False
1799,1799.T,DAIICHI KENSETSU CORPORATION,True,71657146000.0,,equity_times_pbr,,,,,True,False
5644,5644.T,METALART CORPORATION,True,26514000000.0,,equity_times_pbr,,,,,True,False
9036,9036.T,"TOHBU NETWORK CO.,LTD.",True,20345953000.0,,equity_times_pbr,,,,,True,False
6867,6867.T,LEADER ELECTRONICS CORPORATION,True,3246965000.0,,equity_times_pbr,,,,,False,False
5356,5356.T,"MINO CERAMIC CO.,LTD.",True,14507589000.0,,equity_times_pbr,,,,,True,False
5928,5928.T,"ALMETAX MANUFACTURING CO,LTD.",True,9187765000.0,,equity_times_pbr,,,,,True,False
3388,3388.T,"MEIJI ELECTRIC INDUSTRIES CO.,LTD.",True,34770668000.0,,equity_times_pbr,,,,,True,False
5189,5189.T,"SAKURA RUBBER CO.,LTD.",True,9059750000.0,,equity_times_pbr,,,,,True,False
8207,8207.T,"TEN ALLIED Co.,Ltd.",True,11137441000.0,,equity_times_pbr,,,,,True,False
4057,4057.T,"Interfactory,Inc.",True,1181660000.0,,equity_times_pbr,,,,,True,False
7840,7840.T,"FRANCE BED HOLDINGS CO.,LTD.",True,40607000000.0,,equity_times_pbr,,,,,True,False
9837,9837.T,"MORITO CO.,LTD.",True,39832596000.0,,equity_times_pbr,,,,,True,False
9251,9251.T,"AB&Company Co.,Ltd.",False,5563000000.0,,equity_times_pbr,,,,,True,False
9832,9832.T,"AUTOBACS SEVEN CO.,LTD.",True,131963000000.0,,equity_times_pbr,,,,,True,False
4615,4615.T,"SHINTO PAINT COMPANY,LIMITED",True,14617000000.0,,equity_times_pbr,,,,,False,False
4554,4554.T,"Fuji Pharma Co.,Ltd.",True,46908000000.0,,equity_times_pbr,,,,,True,False
9647,9647.T,"KYOWA ENGINEERING CONSULTANTS CO.,LTD.",True,4592821000.0,,equity_times_pbr,,,,,True,False
1952,1952.T,"Shin Nippon Air Technologies Co.,Ltd.",True,69294000000.0,,equity_times_pbr,,,,,True,False
5463,5463.T,Maruichi Steel Tube Ltd.,True,359726000000.0,,equity_times_pbr,,,,,True,False
3943,3943.T,"OHISHI SANGYO CO.,LTD.",True,18724000000.0,,equity_times_pbr,,,,,True,False
3687,3687.T,Fixstars Corporation,True,8522059000.0,,equity_times_pbr,,,,,True,False
4569,4569.T,"KYORIN Pharmaceutical Co.,Ltd.",True,142789000000.0,,equity_times_pbr,,,,,True,False
2806,2806.T,YUTAKA FOODS CORPORATION,True,22766000000.0,,equity_times_pbr,,,,,True,False
1921,1921.T,TOMOE CORPORATION,True,72962893000.0,,equity_times_pbr,,,,,True,False
5563,5563.T,"Nippon Denko Co.,Ltd.",True,71025000000.0,,equity_times_pbr,,,,,True,False
3002,3002.T,GUNZE LIMITED,True,120982000000.0,,equity_times_pbr,,,,,True,False
2810,2810.T,House Foods Group Inc.,True,322878000000.0,,equity_times_pbr,,,,,True,False
9767,9767.T,"NIKKEN KOGAKU CO.,LTD.",True,4599706000.0,,equity_times_pbr,,,,,True,False
4829,4829.T,"Nihon Enterprise Co.,Ltd.",True,4896788000.0,,equity_times_pbr,,,,,True,False
4667,4667.T,"AISAN TECHNOLOGY CO.,LTD.",True,6349315000.0,,equity_times_pbr,,,,,True,False
4839,4839.T,WOWOW INC.,True,68034000000.0,,equity_times_pbr,,,,,True,False
9343,9343.T,ibis inc.,True,2983416000.0,,equity_times_pbr,,,,,True,False
9361,9361.T,"FUSHIKI KAIRIKU UNSO CO.,LTD.",True,12883291000.0,,equity_times_pbr,,,,,True,False
4530,4530.T,"HISAMITSU PHARMACEUTICAL CO.,INC.",True,279407000000.0,,equity_times_pbr,,,,,True,False
2730,2730.T,EDION Corporation,True,224870000000.0,,equity_times_pbr,,,,,True,False
2300,2300.T,"Kyokuto Co.,Ltd.",True,2302971000.0,,equity_times_pbr,,,,,True,False
2908,2908.T,"FUJICCO CO.,LTD.",True,68596000000.0,,equity_times_pbr,,,,,True,False
4768,4768.T,OTSUKA CORPORATION,True,399588000000.0,1161493217280.0,yfinance_market_cap,0.3440295595834476,2.96047,0.05613291496671976,18.123188,True,True
2404,2404.T,"TETSUJIN Holdings,Inc.",True,656077000.0,,equity_times_pbr,,,,,True,False
8927,8927.T,"MEIHO ENTERPRISE CO.,LTD.",True,9526604000.0,,equity_times_pbr,,,,,True,False
9616,9616.T,"KYORITSU MAINTENANCE CO.,LTD.",True,99360000000.0,,equity_times_pbr,,,,,True,False
3963,3963.T,"Synchro Food Co.,Ltd.",True,5326112000.0,,equity_times_pbr,,,,,True,False
7463,7463.T,"ADVAN GROUP CO.,LTD.",True,53863037000.0,,equity_times_pbr,,,,,True,False
4547,4547.T,"KISSEI PHARMACEUTICAL CO.,LTD.",True,210126000000.0,,equity_times_pbr,,,,,True,False
6036,6036.T,"KeePer Technical Laboratory Co.,Ltd.",True,18042145000.0,,equity_times_pbr,,,,,True,False
1975,1975.T,"ASAHI KOGYOSHA CO.,LTD.",True,42027000000.0,,equity_times_pbr,,,,,True,False
7621,7621.T,"UKAI CO.,LTD.",True,4769015000.0,,equity_times_pbr,,,,,True,False
3597,3597.T,"JICHODO Co.,Ltd.",True,38120014000.0,,equity_times_pbr,,,,,True,False
6545,6545.T,internet infinity INC.,True,1647054000.0,,equity_times_pbr,,,,,True,False
8031,8031.T,"MITSUI & CO.,LTD.",False,2603983000000.0,14264469291008.0,yfinance_market_cap,0.18255028959552616,1.6269261,0.050723793871259436,17.298504,True,True
7417,7417.T,NANYO CORPORATION,True,25663000000.0,,equity_times_pbr,,,,,True,False
9366,9366.T,SANRITSU CORPORATION,True,11796981000.0,,equity_times_pbr,,,,,True,False
9023,9023.T,"Tokyo Metro Co.,Ltd.",False,716529000000.0,,equity_times_pbr,,,,,True,False
9311,9311.T,ASAGAMI CORPORATION,True,21313300000.0,,equity_times_pbr,,,,,True,False
9044,9044.T,"NANKAI Co.,Ltd.",True,328225000000.0,,equity_times_pbr,,,,,True,False
8704,8704.T,"TRADERS HOLDINGS CO.,LTD.",False,17415000000.0,,equity_times_pbr,,,,,True,False
3708,3708.T,"Tokushu Tokai Paper Co.,Ltd.",True,85834000000.0,,equity_times_pbr,,,,,True,False
5132,5132.T,"pluszero,Inc.",True,1515790000.0,,equity_times_pbr,,,,,True,False
7490,7490.T,"NISSIN SHOJI CO.,LTD.",True,23595445000.0,,equity_times_pbr,,,,,True,False
5576,5576.T,O.B.System Inc.,True,5183873000.0,,equity_times_pbr,,,,,True,False
4494,4494.T,Vario Secure Inc.,True,3922941000.0,,equity_times_pbr,,,,,True,False
3845,3845.T,I-FREEK MOBILE INC.,True,859783000.0,,equity_times_pbr,,,,,False,False
7949,7949.T,"KOMATSU WALL INDUSTRY CO.,LTD.",True,37790000000.0,,equity_times_pbr,,,,,True,False
7180,7180.T,"Kyushu Financial Group,Inc.",False,704002000000.0,,equity_times_pbr,,,,,True,False
9301,9301.T,Mitsubishi Logistics Corporation,True,379276000000.0,,equity_times_pbr,,,,,True,False
2009,2009.T,"THE TORIGOE CO.,LTD.",True,36794097000.0,,equity_times_pbr,,,,,True,False
4124,4124.T,OSAKA YUKA INDUSTRY LTD.,True,1647773000.0,,equity_times_pbr,,,,,False,False
2211,2211.T,"Fujiya Co.,Ltd.",True,66104000000.0,,equity_times_pbr,,,,,True,False
2004,2004.T,"Showa Sangyo Co.,Ltd.",True,138619000000.0,,equity_times_pbr,,,,,True,False
2429,2429.T,"WORLD HOLDINGS CO.,LTD.",True,53342000000.0,,equity_times_pbr,,,,,True,False
3762,3762.T,TECHMATRIX CORPORATION,False,18104040000.0,,equity_times_pbr,,,,,True,False
8160,8160.T,"KISOJI CO.,LTD.",True,30345000000.0,,equity_times_pbr,,,,,True,False
7800,7800.T,"Amifa Co.,Ltd.",True,2141412000.0,,equity_times_pbr,,,,,True,False
9602,9602.T,"TOHO CO.,LTD",False,532990000000.0,1007371878400.0,yfinance_market_cap,0.5290896156904275,1.9722998,0.05269057151397249,19.787582,True,True
8804,8804.T,"Tokyo Tatemono Co.,Ltd.",True,603137000000.0,,equity_times_pbr,,,,,True,False
3241,3241.T,"WILL,Co.,Ltd.",True,5409000000.0,,equity_times_pbr,,,,,True,False
2875,2875.T,"TOYO SUISAN KAISHA,LTD.",True,493644000000.0,1053244063744.0,yfinance_market_cap,0.4686890883061121,1.9838775,0.06007059728881422,15.172762,True,True
3191,3191.T,"JOYFUL HONDA CO.,LTD.",True,121791000000.0,,equity_times_pbr,,,,,True,False
8115,8115.T,"MOONBAT Co.,Ltd.",True,5469735000.0,,equity_times_pbr,,,,,True,False
9713,9713.T,"THE ROYAL HOTEL,LIMITED",True,23035000000.0,,equity_times_pbr,,,,,True,False
2229,2229.T,"CALBEE,Inc.",True,215067000000.0,,equity_times_pbr,,,,,True,False
7611,7611.T,HIDAY HIDAKA Corp.,True,27576929000.0,,equity_times_pbr,,,,,True,False
8151,8151.T,TOYO Corporation,True,28120839000.0,,equity_times_pbr,,,,,True,False
3087,3087.T,"DOUTOR・NICHIRES Holdings Co.,Ltd.",True,105554000000.0,,equity_times_pbr,,,,,True,False
9467,9467.T,"AlphaPolis Co.,Ltd.",True,13708452000.0,,equity_times_pbr,,,,,True,False
5304,5304.T,"SEC CARBON,LIMITED",True,73801000000.0,,equity_times_pbr,,,,,True,False
2148,2148.T,ITmedia Inc.,False,8784350000.0,,equity_times_pbr,,,,,True,False
1879,1879.T,SHINNIHON CORPORATION,True,122313000000.0,,equity_times_pbr,,,,,True,False
7384,7384.T,"Procrea Holdings,Inc.",False,171561000000.0,,equity_times_pbr,,,,,True,False
8200,8200.T,"RINGER HUT CO.,LTD.",True,15231157000.0,,equity_times_pbr,,,,,True,False
2670,2670.T,"ABC-MART,INC.",True,401000000000.0,,equity_times_pbr,,,,,True,False
3177,3177.T,"ARIGATOU SERVICES COMPANY,LIMITED",True,3789955000.0,,equity_times_pbr,,,,,True,False
8541,8541.T,"The Ehime Bank,Ltd.",False,135716000000.0,,equity_times_pbr,,,,,True,False
8795,8795.T,"T&D Holdings, Inc.",False,1306829000000.0,2016396181504.0,yfinance_market_cap,0.648101306671418,1.2507699,0.06318401173769891,14.499155,True,True
1417,1417.T,MIRAIT ONE Corporation,True,269877000000.0,,equity_times_pbr,,,,,True,False
8935,8935.T,"FJ NEXT HOLDINGS CO.,LTD.",True,72922000000.0,,equity_times_pbr,,,,,True,False
1798,1798.T,MORIYA CORPORATION,True,15940610000.0,,equity_times_pbr,,,,,True,False
6769,6769.T,"THine Electronics,Inc.",True,8917368000.0,,equity_times_pbr,,,,,False,False
1944,1944.T,KINDEN CORPORATION,False,599738000000.0,1350851493888.0,yfinance_market_cap,0.44397034219790016,2.0425544,0.034977938147742485,19.475367,True,True
9381,9381.T,AIT CORPORATION,True,20858000000.0,,equity_times_pbr,,,,,True,False
1982,1982.T,"Hibiya Engineering,Ltd.",True,71684000000.0,,equity_times_pbr,,,,,True,False
9324,9324.T,Yasuda Logistics Corporation,True,94185000000.0,,equity_times_pbr,,,,,True,False
8591,8591.T,ORIX CORPORATION,False,1383863000000.0,6816731758592.0,yfinance_market_cap,0.2030097485141234,1.5207431,0.03245514241060541,15.544755,True,True
7466,7466.T,SPK CORPORATION,True,27062497000.0,,equity_times_pbr,,,,,True,False
9351,9351.T,"TOYO WHARF & WAREHOUSE CO.,LTD.",True,27530000000.0,,equity_times_pbr,,,,,True,False
8739,8739.T,"SPARX Group Co.,Ltd.",False,39204000000.0,,equity_times_pbr,,,,,True,False
2220,2220.T,"KAMEDA SEIKA CO.,LTD.",True,78908000000.0,,equity_times_pbr,,,,,True,False
7472,7472.T,"TOBA,INC.",True,20982178000.0,,equity_times_pbr,,,,,True,False
4171,4171.T,"Global Information,Inc.",True,2520552000.0,,equity_times_pbr,,,,,True,False
2594,2594.T,KEY COFFEE INC,True,32459000000.0,,equity_times_pbr,,,,,True,False
5805,5805.T,SWCC Corporation,True,85618000000.0,453127602176.0,yfinance_market_cap,0.1889489838819066,4.6051188,0.0269151557782678,24.03242,True,True
3844,3844.T,COMTURE CORPORATION,True,18468000000.0,,equity_times_pbr,,,,,True,False
3768,3768.T,Riskmonster.com,True,5982175000.0,,equity_times_pbr,,,,,False,False
6071,6071.T,"IBJ,Inc.",True,11923329000.0,,equity_times_pbr,,,,,True,False
6074,6074.T,JSS CORPORATION,True,3011136000.0,,equity_times_pbr,,,,,True,False
8144,8144.T,"Denkyo Group Holdings Co.,Ltd.",True,26415000000.0,,equity_times_pbr,,,,,True,False
4059,4059.T,"Magmag,Inc.",True,845330000.0,,equity_times_pbr,,,,,True,False
1848,1848.T,FUJI P.S CORPORATION,True,12308000000.0,,equity_times_pbr,,,,,True,False
7283,7283.T,"AISAN INDUSTRY CO.,LTD.",True,140338000000.0,,equity_times_pbr,,,,,True,False
9438,9438.T,MTI Ltd.,True,22446125000.0,,equity_times_pbr,,,,,True,False
1960,1960.T,Sanyo Engineering & Construction Inc.,True,30589000000.0,,equity_times_pbr,,,,,True,False
9221,9221.T,FULUHASHI EPO CORPORATION,True,5591732000.0,,equity_times_pbr,,,,,True,False
3796,3796.T,"e-Seikatsu Co.,Ltd.",True,1872662000.0,,equity_times_pbr,,,,,False,False
7883,7883.T,"Sun Messe Co.,Ltd.",True,11938795000.0,,equity_times_pbr,,,,,True,False
1853,1853.T,"Mori-Gumi Co.,Ltd.",True,14901000000.0,,equity_times_pbr,,,,,True,False
8934,8934.T,"Sun Frontier Fudousan Co.,Ltd.",True,105892000000.0,,equity_times_pbr,,,,,True,False
2462,2462.T,"LIKE,Inc.",True,17798030000.0,,equity_times_pbr,,,,,True,False
2418,2418.T,TSUKADA GLOBAL HOLDINGS Inc.,True,39792000000.0,,equity_times_pbr,,,,,True,False
9955,9955.T,"THE YONKYU CO.,LTD.",True,38857650000.0,,equity_times_pbr,,,,,True,False
8012,8012.T,"NAGASE & CO.,LTD.",True,406459000000.0,,equity_times_pbr,,,,,True,False
8181,8181.T,"Totenko Co.,Ltd.",True,8741080000.0,,equity_times_pbr,,,,,True,False
8737,8737.T,Akatsuki Corp.,False,18853094000.0,,equity_times_pbr,,,,,True,False
1718,1718.T,"MIKIKOGYO CO.,LTD.",True,19532122000.0,,equity_times_pbr,,,,,True,False
6966,6966.T,"Mitsui High-tec,Inc.",True,113614000000.0,,equity_times_pbr,,,,,True,False
7562,7562.T,"ANRAKUTEI Co.,Ltd",True,7427265000.0,,equity_times_pbr,,,,,True,False
5133,5133.T,Terilogy Holdings Corporation,True,2870884000.0,,equity_times_pbr,,,,,True,False
3372,3372.T,"KANMONKAI Co.,Ltd.",True,1300337000.0,,equity_times_pbr,,,,,True,False
4440,4440.T,WITZ Corporation,True,2837744000.0,,equity_times_pbr,,,,,True,False
7707,7707.T,"Precision System Science Co.,Ltd.",True,5825117000.0,,equity_times_pbr,,,,,False,False
7875,7875.T,"TAKEDA iP HOLDINGS CO.,LTD.",True,18345000000.0,,equity_times_pbr,,,,,True,False
5388,5388.T,"KUNIMINE INDUSTRIES CO.,LTD.",True,22351609000.0,,equity_times_pbr,,,,,True,False
9039,9039.T,"Sakai Moving Service Co.,Ltd.",True,96000000000.0,,equity_times_pbr,,,,,True,False
3937,3937.T,"Ubicom Holdings,Inc.",True,5601792000.0,,equity_times_pbr,,,,,True,False
3242,3242.T,"URBANET CORPORATION CO.,LTD.",True,17347836000.0,,equity_times_pbr,,,,,True,False
6201,6201.T,TOYOTA INDUSTRIES CORPORATION,False,3681775000000.0,6144663748608.0,yfinance_market_cap,0.5991825021888402,0.9073867,0.031247763564523263,27.472527,True,True
9338,9338.T,INFORICH INC.,True,8257752000.0,,equity_times_pbr,,,,,True,False
2753,2753.T,"AMIYAKI TEI CO.,LTD.",True,21941000000.0,,equity_times_pbr,,,,,True,False
3361,3361.T,"Toell Co.,Ltd.",True,20537960000.0,,equity_times_pbr,,,,,True,False
8338,8338.T,"Tsukuba Bank,Ltd.",False,121345000000.0,,equity_times_pbr,,,,,True,False
2304,2304.T,"CSS HOLDINGS,LTD.",True,3089813000.0,,equity_times_pbr,,,,,True,False
3935,3935.T,"Edia Co.,Ltd.",True,1615553000.0,,equity_times_pbr,,,,,True,False
3641,3641.T,"PAPYLESS CO.,LTD.",True,9892000000.0,,equity_times_pbr,,,,,False,False
1814,1814.T,"DAISUE CONSTRUCTION CO.,LTD.",True,23537000000.0,,equity_times_pbr,,,,,True,False
4439,4439.T,"TOUMEI CO.,LTD.",True,9797903000.0,,equity_times_pbr,,,,,True,False
9663,9663.T,"NAGAWA CO.,Ltd",True,61672000000.0,,equity_times_pbr,,,,,True,False
7984,7984.T,"KOKUYO CO.,LTD.",True,255457000000.0,,equity_times_pbr,,,,,True,False
3075,3075.T,"Choushimaru Co.,Ltd.",True,10653950000.0,,equity_times_pbr,,,,,True,False
7902,7902.T,"SONOCOM CO.,LTD.",True,8910745000.0,,equity_times_pbr,,,,,True,False
9936,9936.T,OHSHO FOOD SERVICE CORP.,True,74238000000.0,,equity_times_pbr,,,,,True,False
5363,5363.T,TYK CORPORATION,True,47371758000.0,,equity_times_pbr,,,,,True,False
7777,7777.T,"3-D Matrix,Ltd.",True,-29016787000.0,,equity_times_pbr,,,,,False,False
4406,4406.T,"New Japan Chemical Co.,Ltd.",True,18995000000.0,,equity_times_pbr,,,,,True,False
8081,8081.T,KANADEN CORPORATION,True,47989000000.0,,equity_times_pbr,,,,,True,False
1867,1867.T,UEKI CORPORATION,True,29062224000.0,,equity_times_pbr,,,,,True,False
8303,8303.T,"SBI Shinsei Bank,Limited",False,973831000000.0,1205433008128.0,yfinance_market_cap,0.8078682045652037,0.9839242,0.04064182718547047,9.879326,True,True
1899,1899.T,FUKUDA CORPORATION,True,90166000000.0,,equity_times_pbr,,,,,True,False
7506,7506.T,"HOUSE OF ROSE Co.,Ltd.",True,5652547000.0,,equity_times_pbr,,,,,True,False
3947,3947.T,"Dynapac Co.,Ltd.",True,47840573000.0,,equity_times_pbr,,,,,True,False
4980,4980.T,Dexerials Corporation,True,93253000000.0,760831082496.0,yfinance_market_cap,0.12256728483551442,6.957412,0.045669795568824806,28.405254,True,True
1332,1332.T,Nissui Corporation,True,285939000000.0,,equity_times_pbr,,,,,True,False
4242,4242.T,TAKAGI SEIKO CORPORATION,True,15638000000.0,,equity_times_pbr,,,,,False,False
6099,6099.T,ELAN Corporation,True,14681563000.0,,equity_times_pbr,,,,,True,False
9993,9993.T,"YAMAZAWA CO.,LTD.",True,26744000000.0,,equity_times_pbr,,,,,True,False
1716,1716.T,DAI-ICHI CUTTER KOGYO K.K.,True,19358154000.0,,equity_times_pbr,,,,,True,False
2795,2795.T,NIPPON PRIMEX INC.,True,7886030000.0,,equity_times_pbr,,,,,True,False
9820,9820.T,MT GENEX CORPORATION,True,4128465000.0,,equity_times_pbr,,,,,True,False
7887,7887.T,"NANKAI PLYWOOD CO.,LTD.",True,24466020000.0,,equity_times_pbr,,,,,False,False
7921,7921.T,TAKARA & COMPANY LTD.,True,30727178000.0,,equity_times_pbr,,,,,True,False
5631,5631.T,"The Japan Steel Works,Ltd.",True,195101000000.0,552375287808.0,yfinance_market_cap,0.35320370825100184,2.6002817,0.0328635266650629,28.694887,True,True
9253,9253.T,Slogan Inc.,True,1633716000.0,,equity_times_pbr,,,,,True,False
2002,2002.T,NISSHIN SEIFUN GROUP INC.,True,502570000000.0,,equity_times_pbr,,,,,True,False
4072,4072.T,"Densan System Holdings Co.,Ltd.",True,24881000000.0,,equity_times_pbr,,,,,True,False
7182,7182.T,"JAPAN POST BANK Co.,Ltd.",False,9778088000000.0,10717896900608.0,yfinance_market_cap,0.9123140566359911,1.1639786,0.03930593883358796,20.467997,True,True
9009,9009.T,"Keisei Electric Railway Co.,Ltd.",True,524658000000.0,,equity_times_pbr,,,,,True,False
7254,7254.T,UNIVANCE CORPORATION,True,26643355000.0,,equity_times_pbr,,,,,True,False
2108,2108.T,"Nippon Beet Sugar Manufacturing Co.,Ltd.",True,73829000000.0,,equity_times_pbr,,,,,True,False
7916,7916.T,"MITSUMURA PRINTING CO.,LTD.",True,17770462000.0,,equity_times_pbr,,,,,True,False
6390,6390.T,"KATO WORKS CO.,LTD.",True,44603000000.0,,equity_times_pbr,,,,,False,False
4422,4422.T,VALUENEX Japan Inc.,True,794326000.0,,equity_times_pbr,,,,,False,False
3983,3983.T,"ORO Co.,Ltd.",False,9977470000.0,,equity_times_pbr,,,,,True,False
8041,8041.T,OUG Holdings Inc.,True,35555000000.0,,equity_times_pbr,,,,,True,False
8892,8892.T,ES-CON JAPAN Ltd.,True,78946000000.0,,equity_times_pbr,,,,,True,False
3401,3401.T,TEIJIN LIMITED,True,460748000000.0,,equity_times_pbr,,,,,False,False
1815,1815.T,TEKKEN CORPORATION,True,70116000000.0,,equity_times_pbr,,,,,True,False
5199,5199.T,"FUJI LATEX CO.,LTD.",True,4068064000.0,,equity_times_pbr,,,,,True,False
1808,1808.T,HASEKO Corporation,True,532033000000.0,,equity_times_pbr,,,,,True,False
1969,1969.T,"Takasago Thermal Engineering Co.,Ltd.",True,184283000000.0,,equity_times_pbr,,,,,True,False
4534,4534.T,"Mochida Pharmaceutical Co.,Ltd.",True,130694000000.0,,equity_times_pbr,,,,,True,False
6694,6694.T,ZOOM CORPORATION,True,7420327000.0,,equity_times_pbr,,,,,False,False
7818,7818.T,"TRANSACTION CO.,Ltd.",True,19663355000.0,,equity_times_pbr,,,,,True,False
2222,2222.T,"Kotobuki Spirits Co.,Ltd.",True,40274000000.0,,equity_times_pbr,,,,,True,False
5445,5445.T,"TOKYO TEKKO CO.,LTD.",True,59713000000.0,,equity_times_pbr,,,,,True,False
4238,4238.T,"Miraial Co.,Ltd.",True,22989620000.0,,equity_times_pbr,,,,,True,False
3402,3402.T,"TORAY INDUSTRIES,INC.",False,821963000000.0,1658970832896.0,yfinance_market_cap,0.495465612596173,0.92138165,0.08679537767920885,21.523054,True,True
3169,3169.T,"Misawa & Co.,Ltd.",True,3240816000.0,,equity_times_pbr,,,,,True,False
3698,3698.T,"CRI Middleware Co.,Ltd.",True,4098049000.0,,equity_times_pbr,,,,,True,False
4811,4811.T,DreamArts Corporation,True,2916247000.0,,equity_times_pbr,,,,,True,False
5962,5962.T,"ASAKA INDUSTRIAL CO.,LTD.",True,4222910000.0,,equity_times_pbr,,,,,True,False
7981,7981.T,"TAKARA STANDARD CO.,LTD.",True,194509000000.0,,equity_times_pbr,,,,,True,False
9846,9846.T,"TENMAYA STORE CO.,LTD.",True,27750371000.0,,equity_times_pbr,,,,,True,False
7087,7087.T,"WILLTEC Co.,Ltd.",True,8076000000.0,,equity_times_pbr,,,,,True,False
3109,3109.T,SHIKIBO LTD.,True,35238000000.0,,equity_times_pbr,,,,,True,False
5659,5659.T,"Nippon Seisen Co.,Ltd.",True,41904000000.0,,equity_times_pbr,,,,,True,False
4716,4716.T,ORACLE CORPORATION JAPAN,True,163681000000.0,1170294964224.0,yfinance_market_cap,0.1398630302647963,6.2223406,0.05188862795822212,19.095015,True,True
8282,8282.T,K'S HOLDINGS CORPORATION,True,251258000000.0,,equity_times_pbr,,,,,True,False
9306,9306.T,"Toyo Logistics Co.,Ltd.",True,26645842000.0,,equity_times_pbr,,,,,True,False
3489,3489.T,"FaithNetwork Co.,Ltd",True,9919325000.0,,equity_times_pbr,,,,,True,False
8059,8059.T,"DAIICHI JITSUGYO CO.,LTD.",True,79852000000.0,,equity_times_pbr,,,,,True,False
2894,2894.T,"Ishii Food Co.,Ltd.",True,3851667000.0,,equity_times_pbr,,,,,True,False
9948,9948.T,"ARCS COMPANY,LIMITED",True,196142000000.0,,equity_times_pbr,,,,,True,False
7456,7456.T,"MATSUDA SANGYO Co.,Ltd.",True,100134000000.0,,equity_times_pbr,,,,,True,False
4391,4391.T,"Logizard Co.,Ltd.",True,2176741000.0,,equity_times_pbr,,,,,True,False
4974,4974.T,TAKARA BIO INC.,True,115849000000.0,,equity_times_pbr,,,,,True,False
7068,7068.T,Feedforce Group Inc.,True,5300000000.0,,equity_times_pbr,,,,,True,False
9554,9554.T,"AViC Co.,Ltd.",True,2363545000.0,,equity_times_pbr,,,,,True,False
8802,8802.T,"Mitsubishi Estate Company,Limited",True,2740873000000.0,4736601817088.0,yfinance_market_cap,0.5786580983252361,1.7611508,0.04367371545856009,21.605854,True,True
3878,3878.T,TOMOEGAWA CORPORATION,True,19630000000.0,,equity_times_pbr,,,,,True,False
5726,5726.T,"OSAKA Titanium technologies Co.,Ltd.",True,42838000000.0,,equity_times_pbr,,,,,True,False
9068,9068.T,"Maruzen Showa Unyu Co.,Ltd.",True,132151000000.0,,equity_times_pbr,,,,,True,False
8306,8306.T,"Mitsubishi UFJ Financial Group,Inc.",False,21728132000000.0,34122433036288.0,yfinance_market_cap,0.6367697161832775,1.5319376,0.05689737885734314,14.237272,True,True
3661,3661.T,"m-up holdings,Inc.",True,8785000000.0,,equity_times_pbr,,,,,True,False
1375,1375.T,"YUKIGUNI FACTORY CO.,LTD.",False,24542000000.0,,equity_times_pbr,,,,,False,False
1803,1803.T,SHIMIZU CORPORATION,True,923809000000.0,1744188866560.0,yfinance_market_cap,0.5296496369811113,1.7834722,0.04035400142119802,13.759846,True,True
2916,2916.T,"Semba Tohka Industries Co.,Ltd",True,11858292000.0,,equity_times_pbr,,,,,True,False
3001,3001.T,"Katakura Industries Co.,Ltd.",True,99761000000.0,,equity_times_pbr,,,,,True,False
4679,4679.T,"TAYA Co.,Ltd.",True,3144769000.0,,equity_times_pbr,,,,,False,False
6555,6555.T,"MS&Consulting Co.,Ltd.",False,1809728000.0,,equity_times_pbr,,,,,True,False
8130,8130.T,Sangetsu Corporation,True,113781000000.0,,equity_times_pbr,,,,,True,False
2676,2676.T,"TAKACHIHO KOHEKI CO.,LTD.",True,16834559000.0,,equity_times_pbr,,,,,True,False
3622,3622.T,Netyear Group Corporation,True,2641732000.0,,equity_times_pbr,,,,,False,False
7419,7419.T,"Nojima Co.,Ltd.",True,208307000000.0,,equity_times_pbr,,,,,True,False
5532,5532.T,REALGATE INC.,True,3351607000.0,,equity_times_pbr,,,,,True,False
9929,9929.T,"HEIWA PAPER CO.,LTD.",True,9916558000.0,,equity_times_pbr,,,,,True,False
1897,1897.T,"The Kaneshita Construction Co.,Ltd.",True,19819000000.0,,equity_times_pbr,,,,,True,False
1946,1946.T,TOENEC CORPORATION,True,136681000000.0,,equity_times_pbr,,,,,True,False
5367,5367.T,NIKKATO CORPORATION,True,13113360000.0,,equity_times_pbr,,,,,True,False
9882,9882.T,YELLOW HAT LTD.,True,120594000000.0,,equity_times_pbr,,,,,True,False
1726,1726.T,Br.Holdings Corporation,True,15067000000.0,,equity_times_pbr,,,,,True,False
5033,5033.T,Nulab Inc.,True,1908259000.0,,equity_times_pbr,,,,,True,False
8914,8914.T,"Arealink Co.,Ltd.",True,29228662000.0,,equity_times_pbr,,,,,True,False
1663,1663.T,K&O Energy Group Inc.,True,108888000000.0,,equity_times_pbr,,,,,True,False
6753,6753.T,Sharp Corporation,True,-206573000000.0,,equity_times_pbr,,,,,False,False
8132,8132.T,"SINANEN HOLDINGS CO.,LTD.",True,55230000000.0,,equity_times_pbr,,,,,True,False
3198,3198.T,"SFP Holdings Co.,Ltd.",True,9181997000.0,,equity_times_pbr,,,,,True,False
7277,7277.T,"TBK Co.,Ltd.",True,29112000000.0,,equity_times_pbr,,,,,False,False
8917,8917.T,"First Juken Co.,Ltd.",True,42140579000.0,,equity_times_pbr,,,,,True,False
3439,3439.T,Mitsuchi Corporation,True,9647152000.0,,equity_times_pbr,,,,,False,False
4404,4404.T,"Miyoshi Oil & Fat Co.,Ltd.",True,42672000000.0,,equity_times_pbr,,,,,True,False
3565,3565.T,Ascentech K.K.,True,6219982000.0,,equity_times_pbr,,,,,True,False
9956,9956.T,"VALOR HOLDINGS CO.,LTD.",True,188043000000.0,,equity_times_pbr,,,,,True,False
5484,5484.T,"Tohoku Steel Co.,Ltd.",True,27920572000.0,,equity_times_pbr,,,,,True,False
3981,3981.T,Beaglee Inc.,True,8063722000.0,,equity_times_pbr,,,,,True,False
5451,5451.T,"YODOKO,Ltd.",True,215120000000.0,,equity_times_pbr,,,,,True,False
2122,2122.T,"Interspace Co.,Ltd.",True,5654406000.0,,equity_times_pbr,,,,,True,False
4771,4771.T,"F&M CO.,LTD.",True,13811442000.0,,equity_times_pbr,,,,,True,False
2819,2819.T,"EBARA Foods Industry,Inc.",True,34217000000.0,,equity_times_pbr,,,,,True,False
5867,5867.T,"ES NETWORKS CO.,LTD.",True,1825431000.0,,equity_times_pbr,,,,,True,False
9339,9339.T,"COACH A Co.,Ltd.",True,3178677000.0,,equity_times_pbr,,,,,True,False
7630,7630.T,"ICHIBANYA CO.,LTD.",True,32885000000.0,,equity_times_pbr,,,,,True,False
8613,8613.T,"Marusan Securities Co.,Ltd.",False,49008000000.0,,equity_times_pbr,,,,,True,False
7857,7857.T,"SEKI CO.,LTD.",True,15779705000.0,,equity_times_pbr,,,,,True,False
5994,5994.T,"FINE SINTER CO.,LTD.",True,16993773000.0,,equity_times_pbr,,,,,False,False
5949,5949.T,UNIPRES CORPORATION,True,153522000000.0,,equity_times_pbr,,,,,False,False
3392,3392.T,"DELICA FOODS HOLDINGS CO.,LTD.",True,9030506000.0,,equity_times_pbr,,,,,True,False
4493,4493.T,"Cyber Security Cloud,Inc.",True,4421506000.0,,equity_times_pbr,,,,,True,False
7482,7482.T,"SHIMOJIMA Co.,Ltd.",True,40931000000.0,,equity_times_pbr,,,,,True,False
7986,7986.T,"NIHON ISK Company,Limited",True,4708691000.0,,equity_times_pbr,,,,,True,False
2353,2353.T,"NIPPON PARKING DEVELOPMENT Co.,Ltd.",True,22875363000.0,,equity_times_pbr,,,,,True,False
8904,8904.T,"AVANTIA CO.,LTD.",True,28022540000.0,,equity_times_pbr,,,,,True,False
7953,7953.T,"KIKUSUI CHEMICAL INDUSTRIES CO.,LTD.",True,9667348000.0,,equity_times_pbr,,,,,True,False
5905,5905.T,NIHON SEIKAN K.K.,True,5019990000.0,,equity_times_pbr,,,,,False,False
3484,3484.T,"Innovation Holdings CO.,LTD.",True,4240873000.0,,equity_times_pbr,,,,,True,False
9029,9029.T,"HIGASHI HOLDINGS CO.,LTD.",True,13509874000.0,,equity_times_pbr,,,,,True,False
3551,3551.T,DYNIC CORPORATION,True,26593896000.0,,equity_times_pbr,,,,,True,False
7354,7354.T,Direct Marketing MiX Inc.,False,8814302000.0,,equity_times_pbr,,,,,True,False
8364,8364.T,"THE SHIMIZU BANK,LTD.",False,81634000000.0,,equity_times_pbr,,,,,True,False
7914,7914.T,"Kyodo Printing Co.,Ltd.",True,62913000000.0,,equity_times_pbr,,,,,True,False
1380,1380.T,"AKIKAWA FOODS & FARMS CO.,LTD.",True,2186880000.0,,equity_times_pbr,,,,,True,False
5284,5284.T,"YAMAU HOLDINGS CO.,LTD.",True,12372666000.0,,equity_times_pbr,,,,,True,False
8344,8344.T,"The Yamagata Bank,Ltd.",False,153680000000.0,,equity_times_pbr,,,,,True,False
9332,9332.T,"NISSO HOLDINGS Co.,Ltd.",True,16795000000.0,,equity_times_pbr,,,,,True,False
4848,4848.T,"FULLCAST HOLDINGS CO.,LTD.",True,32654000000.0,,equity_times_pbr,,,,,True,False
2769,2769.T,"Village Vanguard CO.,LTD.",True,-4249000000.0,,equity_times_pbr,,,,,False,False
5599,5599.T,S&J Corporation,True,2003866000.0,,equity_times_pbr,,,,,True,False
3930,3930.T,"Hatena Co.,Ltd.",True,2816196000.0,,equity_times_pbr,,,,,True,False
2003,2003.T,"NITTO FUJI FLOUR MILLING CO.,LTD.",True,49426000000.0,,equity_times_pbr,,,,,True,False
4384,4384.T,RAKSUL INC.,True,18551000000.0,,equity_times_pbr,,,,,True,False
9991,9991.T,GECOSS CORPORATION,True,66287000000.0,,equity_times_pbr,,,,,True,False
2475,2475.T,"WDB HOLDINGS CO.,LTD.",True,33241048000.0,,equity_times_pbr,,,,,True,False
4432,4432.T,WingArc1st Inc.,False,24281510000.0,,equity_times_pbr,,,,,True,False
4840,4840.T,TriIs Incorporated,True,4681645000.0,,equity_times_pbr,,,,,False,False
4347,4347.T,Broadmedia Corporation,True,5780993000.0,,equity_times_pbr,,,,,True,False
9119,9119.T,"IINO KAIUN KAISHA,LTD.",True,145645000000.0,,equity_times_pbr,,,,,True,False
7539,7539.T,"AINAVO HOLDINGS Co.,Ltd.",True,26298928000.0,,equity_times_pbr,,,,,True,False
1942,1942.T,"KANDENKO CO.,LTD.",True,380949000000.0,1211397832704.0,yfinance_market_cap,0.3144705972848503,3.1040063,0.036100444312653586,24.119349,True,True
9059,9059.T,"Kanda Holdings Co.,Ltd.",True,25766000000.0,,equity_times_pbr,,,,,True,False
6444,6444.T,SANDEN CORPORATION,True,-28144000000.0,,equity_times_pbr,,,,,False,False
7673,7673.T,"DAIKO TSUSAN CO.,LTD.",True,8411982000.0,,equity_times_pbr,,,,,True,False
3665,3665.T,Enigmo Inc.,True,12591627000.0,,equity_times_pbr,,,,,True,False
7110,7110.T,Kurashicom Inc.,True,5366166000.0,,equity_times_pbr,,,,,True,False
7438,7438.T,KONDOTEC INC.,True,38350000000.0,,equity_times_pbr,,,,,True,False
9960,9960.T,TOTECH CORPORATION,True,61229000000.0,,equity_times_pbr,,,,,True,False
8125,8125.T,"Wakita & Co.,LTD.",True,103175000000.0,,equity_times_pbr,,,,,True,False
7458,7458.T,"DAIICHIKOSHO CO.,LTD.",True,117862000000.0,,equity_times_pbr,,,,,True,False
4428,4428.T,sinops Inc.,True,1898768000.0,,equity_times_pbr,,,,,True,False
2206,2206.T,"Ezaki Glico Co.,Ltd.",True,278532000000.0,,equity_times_pbr,,,,,True,False
3946,3946.T,"TOMOKU CO.,LTD.",True,93371000000.0,,equity_times_pbr,,,,,True,False
9012,9012.T,"Chichibu Railway Co.,Ltd.",True,7017686000.0,,equity_times_pbr,,,,,True,False
1333,1333.T,Umios Corporation,True,275396000000.0,,equity_times_pbr,,,,,True,False
7634,7634.T,"HOSHIIRYO-SANKI CO.,LTD.",True,18715939000.0,,equity_times_pbr,,,,,True,False
4360,4360.T,"MANAC Chemical Partners Co.,Ltd",True,11821000000.0,,equity_times_pbr,,,,,False,False
3159,3159.T,"Maruzen CHI Holdings Co.,Ltd.",True,54630000000.0,,equity_times_pbr,,,,,True,False
9006,9006.T,Keikyu Corporation,True,372587000000.0,,equity_times_pbr,,,,,True,False
7643,7643.T,"DAIICHI CO.,LTD.",True,17214101000.0,,equity_times_pbr,,,,,True,False
8381,8381.T,"The San-in Godo Bank,Ltd.",False,372410000000.0,,equity_times_pbr,,,,,True,False
7487,7487.T,OZU CORPORATION,True,19219350000.0,,equity_times_pbr,,,,,True,False
3992,3992.T,Needs Well Inc.,True,4786044000.0,,equity_times_pbr,,,,,True,False
8163,8163.T,"SRS HOLDINGS CO.,LTD.",True,17021684000.0,,equity_times_pbr,,,,,True,False
4343,4343.T,"AEON Fantasy Co.,LTD.",True,10441193000.0,,equity_times_pbr,,,,,True,False
2602,2602.T,"The Nisshin OilliO Group,Ltd.",True,198086000000.0,,equity_times_pbr,,,,,True,False
8098,8098.T,"Inabata & Co.,Ltd.",True,216555000000.0,,equity_times_pbr,,,,,True,False
7231,7231.T,"TOPY INDUSTRIES,LIMITED",True,136713000000.0,,equity_times_pbr,,,,,True,False
3386,3386.T,"COSMO BIO COMPANY,LIMITED",True,9955000000.0,,equity_times_pbr,,,,,True,False
9368,9368.T,"KIMURA UNITY CO.,LTD.",True,41171000000.0,,equity_times_pbr,,,,,True,False
3765,3765.T,"GungHo Online Entertainment,Inc.",True,152249000000.0,,equity_times_pbr,,,,,True,False
7685,7685.T,"BuySell Technologies Co.,Ltd.",True,21429526000.0,,equity_times_pbr,,,,,True,False
2683,2683.T,"UOKI CO.,LTD.",True,903049000.0,,equity_times_pbr,,,,,True,False
2175,2175.T,"SMS CO.,LTD.",True,49742000000.0,,equity_times_pbr,,,,,True,False
7928,7928.T,"ASAHI KAGAKU KOGYO CO.,LTD.",True,5290968000.0,,equity_times_pbr,,,,,False,False
8005,8005.T,Scroll Corporation,True,37694000000.0,,equity_times_pbr,,,,,True,False
7846,7846.T,PILOT CORPORATION,True,146079000000.0,,equity_times_pbr,,,,,True,False
5137,5137.T,SmartDrive inc.,True,1173488000.0,,equity_times_pbr,,,,,True,False
9076,9076.T,"SEINO HOLDINGS CO.,LTD.",True,423571000000.0,,equity_times_pbr,,,,,True,False
9341,9341.T,"GENOVA,Inc.",True,6998656000.0,,equity_times_pbr,,,,,True,False
3547,3547.T,UNISIA HOLDINGS CO.,True,4542733000.0,,equity_times_pbr,,,,,True,False
4763,4763.T,"CREEK & RIVER Co.,Ltd.",True,19395900000.0,,equity_times_pbr,,,,,True,False
3202,3202.T,"Daitobo Co.,Ltd.",True,5043946000.0,,equity_times_pbr,,,,,True,False
8030,8030.T,"Chuo Gyorui Co.,Ltd.",True,33811000000.0,,equity_times_pbr,,,,,True,False
3950,3950.T,THE PACK CORPORATION,True,76997000000.0,,equity_times_pbr,,,,,True,False
1929,1929.T,"NITTOC CONSTRUCTION CO.,LTD.",True,34567000000.0,,equity_times_pbr,,,,,True,False
3776,3776.T,"BroadBand Tower,Inc.",True,12069404000.0,,equity_times_pbr,,,,,True,False
4392,4392.T,"Future Innovation Group,Inc.",True,8863000000.0,61204156416.0,yfinance_market_cap,0.14481042659519497,9.9600115,0.012842265068692684,79.112686,True,True
1930,1930.T,"HOKURIKU ELECTRICAL CONSTRUCTION CO.,LTD.",True,44053000000.0,,equity_times_pbr,,,,,True,False
1833,1833.T,OKUMURA CORPORATION,True,172455000000.0,,equity_times_pbr,,,,,True,False
9065,9065.T,SANKYU INC.,True,297063000000.0,,equity_times_pbr,,,,,True,False
2792,2792.T,"HONEYS HOLDINGS CO.,LTD.",True,45980988000.0,,equity_times_pbr,,,,,True,False
1762,1762.T,"TAKAMATSU CONSTRUCTION GROUP CO.,LTD.",True,137756000000.0,,equity_times_pbr,,,,,True,False
1893,1893.T,"PENTA-OCEAN CONSTRUCTION CO.,LTD.",True,172121000000.0,461920993280.0,yfinance_market_cap,0.37261999888293973,2.3298643,0.026989463958921975,13.471647,True,True
8253,8253.T,"Credit Saison Co.,Ltd.",False,507540000000.0,,equity_times_pbr,,,,,True,False
4673,4673.T,"Kawasaki Geological Engineering Co.,Ltd.",True,5248286000.0,,equity_times_pbr,,,,,True,False
1963,1963.T,JGC HOLDINGS CORPORATION,True,392260000000.0,636671950848.0,yfinance_market_cap,0.6161100696795873,1.4826459,0.06571320313620205,15.217642,False,True
8551,8551.T,"The Kita-Nippon Bank,Ltd.",False,86460000000.0,,equity_times_pbr,,,,,True,False
4228,4228.T,"Sekisui Kasei Co.,Ltd.",True,49670000000.0,,equity_times_pbr,,,,,False,False
3317,3317.T,"FLYING GARDEN CO.,LTD.",True,3259148000.0,,equity_times_pbr,,,,,True,False
2294,2294.T,"Kakiyasu Honten Co.,Ltd.",True,18530000000.0,,equity_times_pbr,,,,,True,False
8084,8084.T,RYODEN CORPORATION,True,89213000000.0,,equity_times_pbr,,,,,True,False
8085,8085.T,"NARASAKI SANGYO CO.,LTD.",True,26700000000.0,,equity_times_pbr,,,,,True,False
8218,8218.T,"KOMERI CO.,LTD.",True,246316000000.0,,equity_times_pbr,,,,,True,False
1787,1787.T,"Nakabohtec Corrosion Protecting Co.,Ltd.",True,8730632000.0,,equity_times_pbr,,,,,True,False
1852,1852.T,ASANUMA CORPORATION,True,46138000000.0,,equity_times_pbr,,,,,True,False
4055,4055.T,T&S Group Inc.,True,2913059000.0,,equity_times_pbr,,,,,True,False
7872,7872.T,"ESTELLE HOLDINGS CO.,LTD.",True,12238000000.0,,equity_times_pbr,,,,,False,False
2924,2924.T,"Ifuji Sangyo Co.,Ltd.",True,11161000000.0,,equity_times_pbr,,,,,True,False
2053,2053.T,"CHUBU SHIRYO CO.,LTD.",True,67517000000.0,,equity_times_pbr,,,,,True,False
3020,3020.T,"Applied Co.,Ltd.",True,11953000000.0,,equity_times_pbr,,,,,True,False
9509,9509.T,"Hokkaido Electric Power Company,Incorporated",True,407336000000.0,,equity_times_pbr,,,,,True,False
3391,3391.T,TSURUHA HOLDINGS INC.,True,895706000000.0,881590468608.0,yfinance_market_cap,1.0160114382977483,1.006481,0.05144792464874934,13.502637,True,True
6645,6645.T,OMRON Corporation,False,261751000000.0,1194720231424.0,yfinance_market_cap,0.21908978614015445,1.4292879,0.028643845122271125,34.911514,False,True
8066,8066.T,MITANI CORPORATION,True,192161000000.0,,equity_times_pbr,,,,,True,False
9110,9110.T,"NS United Kaiun Kaisha,Ltd.",True,162738000000.0,,equity_times_pbr,,,,,True,False
4449,4449.T,giftee Inc.,True,10082000000.0,,equity_times_pbr,,,,,True,False
9360,9360.T,SUZUYO SHINWART CORPORATION,True,4510000000.0,,equity_times_pbr,,,,,True,False
9069,9069.T,"SENKO Group Holdings Co.,Ltd.",True,243216000000.0,,equity_times_pbr,,,,,True,False
3399,3399.T,Maruchiyo Yamaokaya Corporation,True,10129840000.0,,equity_times_pbr,,,,,True,False
3302,3302.T,"TEIKOKU SEN-I Co.,Ltd.",True,72388598000.0,,equity_times_pbr,,,,,True,False
3148,3148.T,"CREATE SD HOLDINGS CO.,LTD.",True,142720000000.0,,equity_times_pbr,,,,,True,False
9424,9424.T,Japan Communications Inc.,True,3913314000.0,,equity_times_pbr,,,,,True,False
1418,1418.T,"INTERLIFE HOLDINGS CO.,LTD.",True,4676056000.0,,equity_times_pbr,,,,,True,False
7084,7084.T,Smile Holdings Inc.,True,6497494000.0,,equity_times_pbr,,,,,True,False
3668,3668.T,"COLOPL,Inc.",True,68940000000.0,,equity_times_pbr,,,,,False,False
9418,9418.T,"U-NEXT HOLDINGS Co.,Ltd.",True,108708000000.0,,equity_times_pbr,,,,,True,False
9913,9913.T,NIPPO LTD.,True,16530000000.0,,equity_times_pbr,,,,,True,False
6092,6092.T,"EnBio Holdings,Inc",True,9230526000.0,,equity_times_pbr,,,,,True,False
3106,3106.T,KURABO INDUSTRIES LTD.,True,121182000000.0,,equity_times_pbr,,,,,True,False
1904,1904.T,"TAISEI ONCHO CO.,LTD.",True,27628955000.0,,equity_times_pbr,,,,,True,False
9763,9763.T,"Maruken Lease Co.,Ltd.",True,17469000000.0,,equity_times_pbr,,,,,True,False
9218,9218.T,"Mental Health Technologies Co.,Ltd.",True,1566553000.0,,equity_times_pbr,,,,,True,False
7361,7361.T,"Human Creation Holdings,Inc.",True,1718363000.0,,equity_times_pbr,,,,,True,False
1786,1786.T,Oriental Shiraishi Corporation,True,51268000000.0,,equity_times_pbr,,,,,True,False
1812,1812.T,KAJIMA CORPORATION,True,1277988000000.0,2622327619584.0,yfinance_market_cap,0.48734871663470375,1.8532178,0.04822204481835888,14.817545,True,True
9081,9081.T,"Kanagawa Chuo Kotsu Co.,Ltd.",True,63402000000.0,,equity_times_pbr,,,,,True,False
2815,2815.T,"ARIAKE JAPAN Co.,Ltd.",True,128383495000.0,,equity_times_pbr,,,,,True,False
8227,8227.T,"SHIMAMURA Co.,Ltd.",True,491905000000.0,,equity_times_pbr,,,,,True,False
7932,7932.T,"Nippi,Incorporated",True,40569000000.0,,equity_times_pbr,,,,,True,False
4193,4193.T,"Fabrica Holdings Co.,Ltd.",True,3663524000.0,,equity_times_pbr,,,,,True,False
8289,8289.T,Olympic Group Corporation,True,21455000000.0,,equity_times_pbr,,,,,False,False
3979,3979.T,"ULURU.CO.,LTD.",True,3028073000.0,,equity_times_pbr,,,,,True,False
4549,4549.T,"EIKEN CHEMICAL CO.,LTD.",True,43910000000.0,,equity_times_pbr,,,,,True,False
8860,8860.T,FUJI CORPORATION LIMITED,True,54674606000.0,,equity_times_pbr,,,,,True,False
7464,7464.T,"SAFTEC CO.,LTD.",True,8121367000.0,,equity_times_pbr,,,,,True,False
3626,3626.T,TIS Inc.,True,356064000000.0,751438790656.0,yfinance_market_cap,0.4738429855200302,2.405894,0.06921921072851749,17.32637,True,True
3248,3248.T,"EARLY AGE CO.,Ltd.",True,4727768000.0,,equity_times_pbr,,,,,True,False
3116,3116.T,TOYOTA BOSHOKU CORPORATION,False,238327000000.0,,equity_times_pbr,,,,,True,False
3446,3446.T,JTEC CORPORATION,True,2848559000.0,,equity_times_pbr,,,,,True,False
2445,2445.T,"Takamiya Co.,Ltd.",True,22583000000.0,,equity_times_pbr,,,,,True,False
7381,7381.T,"CCI Group,Inc.",False,220889000000.0,,equity_times_pbr,,,,,True,False
3271,3271.T,The Global Ltd.,True,11019800000.0,,equity_times_pbr,,,,,True,False
7425,7425.T,"HATSUHO SHOUJI CO.,LTD.",True,11290561000.0,,equity_times_pbr,,,,,True,False
4657,4657.T,"ENVIRONMENTAL CONTROL CENTER CO.,LTD.",True,2447918000.0,,equity_times_pbr,,,,,True,False
7447,7447.T,"NAGAILEBEN Co.,Ltd.",True,45403317000.0,,equity_times_pbr,,,,,True,False
5969,5969.T,"LOBTEX Co.,Ltd.",True,4841987000.0,,equity_times_pbr,,,,,True,False
3355,3355.T,KURIYAMA HOLDINGS CORPORATION,True,49256923000.0,,equity_times_pbr,,,,,True,False
9051,9051.T,"SENKON LOGISTICS CO.,LTD",True,6123975000.0,,equity_times_pbr,,,,,True,False
1885,1885.T,TOA CORPORATION,True,107873000000.0,,equity_times_pbr,,,,,True,False
5537,5537.T,"AlbaLink Co.,Ltd.",True,2016140000.0,,equity_times_pbr,,,,,True,False
3050,3050.T,"DCM Holdings Co.,Ltd.",True,298177000000.0,,equity_times_pbr,,,,,True,False
7819,7819.T,SHOBIDO Corporation,True,7810624000.0,,equity_times_pbr,,,,,True,False
5571,5571.T,"Excite Holdings Co.,Ltd.",True,3638124000.0,,equity_times_pbr,,,,,True,False
8018,8018.T,"SANKYO SEIKO CO.,LTD.",True,51178000000.0,,equity_times_pbr,,,,,True,False
9063,9063.T,"Okayamaken Freight Transportation CO.,LTD.",True,23404186000.0,,equity_times_pbr,,,,,True,False
8928,8928.T,ANABUKI KOSAN INC.,True,43653760000.0,,equity_times_pbr,,,,,True,False
7486,7486.T,"SANRIN CO.,LTD.",True,20898000000.0,,equity_times_pbr,,,,,True,False
7170,7170.T,"CHUOU INTERNATIONAL GROUP CO.,LTD.",False,,,equity_times_pbr,,,,,False,False
1793,1793.T,"OHMOTO GUMI CO.,LTD.",True,64862000000.0,,equity_times_pbr,,,,,True,False
8524,8524.T,"North Pacific Bank,Ltd.",False,384411000000.0,,equity_times_pbr,,,,,True,False
3023,3023.T,Rasa Corporation,True,21861000000.0,,equity_times_pbr,,,,,True,False
3333,3333.T,"ASAHI CO.,LTD.",True,40159044000.0,,equity_times_pbr,,,,,True,False
1861,1861.T,"Kumagai Gumi Co.,Ltd.",True,181829000000.0,,equity_times_pbr,,,,,True,False
3538,3538.T,WILLPLUS Holdings Corporation,True,12204734000.0,,equity_times_pbr,,,,,True,False
9890,9890.T,"MAKIYA CO.,LTD.",True,20795336000.0,,equity_times_pbr,,,,,True,False
3544,3544.T,"SATUDORA HOLDINGS CO.,LTD.",True,9922000000.0,,equity_times_pbr,,,,,True,False
9861,9861.T,"YOSHINOYA HOLDINGS CO.,LTD.",True,68712000000.0,,equity_times_pbr,,,,,True,False
7039,7039.T,BRIDGE International Group Corp.,True,4700811000.0,,equity_times_pbr,,,,,True,False
2664,2664.T,CAWACHI LIMITED,True,115277000000.0,,equity_times_pbr,,,,,True,False
5868,5868.T,Rococo Co.Ltd.,True,2960196000.0,,equity_times_pbr,,,,,True,False
4113,4113.T,"TAOKA CHEMICAL COMPANY,LIMITED",True,18499000000.0,,equity_times_pbr,,,,,True,False
2915,2915.T,"KENKO Mayonnaise Co.,Ltd.",True,39963000000.0,,equity_times_pbr,,,,,True,False
5282,5282.T,GEOSTR Corporation,True,23740528000.0,,equity_times_pbr,,,,,True,False
9048,9048.T,"Nagoya Railroad Co., Ltd.",True,498311000000.0,,equity_times_pbr,,,,,True,False
3480,3480.T,"J.S.B.Co.,Ltd.",True,41629349000.0,,equity_times_pbr,,,,,True,False
8439,8439.T,Tokyo Century Corporation,False,1176889000000.0,,equity_times_pbr,,,,,True,False
2871,2871.T,NICHIREI CORPORATION,True,275966000000.0,,equity_times_pbr,,,,,True,False
8174,8174.T,"NIPPON GAS CO.,LTD.",True,67811000000.0,,equity_times_pbr,,,,,True,False
8366,8366.T,"THE SHIGA BANK,LTD.",False,444811000000.0,,equity_times_pbr,,,,,True,False
6379,6379.T,RAIZNEXT Corporation,False,85654000000.0,,equity_times_pbr,,,,,True,False
1934,1934.T,YURTEC CORPORATION,True,147713000000.0,,equity_times_pbr,,,,,True,False
1992,1992.T,"KANDA TSUSHINKI CO.,LTD.",True,6115618000.0,,equity_times_pbr,,,,,True,False
9908,9908.T,"NIHON DENKEI CO.,LTD",True,30699909000.0,,equity_times_pbr,,,,,True,False
7191,7191.T,Entrust Inc.,False,7135288000.0,,equity_times_pbr,,,,,True,False
5952,5952.T,Amatei Incorporated,True,1484715000.0,,equity_times_pbr,,,,,True,False
3065,3065.T,"Life Foods Co.,Ltd.",True,1710146000.0,,equity_times_pbr,,,,,True,False
9193,9193.T,"Tokyo Kisen Co.,Ltd.",True,24794980000.0,,equity_times_pbr,,,,,True,False
7826,7826.T,"FURUYA METAL CO.,LTD.",True,64580000000.0,234923360256.0,yfinance_market_cap,0.27489816223310476,3.1766477,0.0275323832970536,31.023619,True,True
7097,7097.T,"SAKURASAKU PLUS,Co.,Ltd.",True,5821000000.0,,equity_times_pbr,,,,,True,False
6898,6898.T,"TOMITA ELECTRIC CO.,LTD.",True,3981571000.0,,equity_times_pbr,,,,,True,False
9854,9854.T,"AIGAN CO.,LTD.",True,14283000000.0,,equity_times_pbr,,,,,False,False
8141,8141.T,"Shinko Shoji Co.,Ltd.",True,52539000000.0,,equity_times_pbr,,,,,True,False
3204,3204.T,Toabo Corporation,True,13975000000.0,,equity_times_pbr,,,,,True,False
3143,3143.T,O'will Corporation,True,5266175000.0,,equity_times_pbr,,,,,True,False
9887,9887.T,"MATSUYA FOODS HOLDINGS CO.,LTD.",True,45615389000.0,,equity_times_pbr,,,,,True,False
6184,6184.T,"Kamakura Shinsho,Ltd.",True,6436725000.0,,equity_times_pbr,,,,,True,False
8511,8511.T,"Japan Securities Finance Co.,Ltd.",False,134346000000.0,,equity_times_pbr,,,,,True,False
3048,3048.T,BIC CAMERA INC.,True,211767000000.0,,equity_times_pbr,,,,,True,False
7955,7955.T,Cleanup Corporation,True,57097000000.0,,equity_times_pbr,,,,,True,False
2882,2882.T,"EAT&HOLDINGS Co.,Ltd",True,11477000000.0,,equity_times_pbr,,,,,True,False
9895,9895.T,CONSEC CORPORATION,True,8140348000.0,,equity_times_pbr,,,,,False,False
7774,7774.T,"Japan Tissue Engineering Co.,Ltd.",True,5825035000.0,,equity_times_pbr,,,,,False,False
9307,9307.T,"Sugimura Warehouse Co.,Ltd.",True,16775290000.0,,equity_times_pbr,,,,,True,False
9996,9996.T,"Satoh&Co.,Ltd.",True,26268555000.0,,equity_times_pbr,,,,,True,False
7813,7813.T,"PLATZ Co.,Ltd.",True,3133245000.0,,equity_times_pbr,,,,,True,False
7565,7565.T,MANSEI CORPORATION,True,11730460000.0,,equity_times_pbr,,,,,True,False
8015,8015.T,TOYOTA TSUSHO CORPORATION,False,1275577000000.0,6987126407168.0,yfinance_market_cap,0.18256103091127743,2.2128532,0.03912252105809475,18.872982,True,True
7555,7555.T,"Ota Floriculture Auction Co.,Ltd.",True,5201023000.0,,equity_times_pbr,,,,,True,False
1766,1766.T,TOKEN CORPORATION,True,133751000000.0,,equity_times_pbr,,,,,True,False
9731,9731.T,"Hakuyosha Company,Ltd.",True,12890000000.0,,equity_times_pbr,,,,,True,False
5621,5621.T,"Human Technologies,Inc.",True,4431379000.0,,equity_times_pbr,,,,,True,False
5852,5852.T,AHRESTY CORPORATION,True,51989000000.0,,equity_times_pbr,,,,,False,False
9904,9904.T,"Verite Co.,Ltd.",True,4467000000.0,,equity_times_pbr,,,,,True,False
1301,1301.T,"KYOKUYO CO.,LTD.",True,68355000000.0,,equity_times_pbr,,,,,True,False
5288,5288.T,ASIA PILE HOLDINGS CORPORATION,True,49314000000.0,,equity_times_pbr,,,,,True,False
5138,5138.T,"Rebase,Inc.",True,1380255000.0,,equity_times_pbr,,,,,True,False
3068,3068.T,WDI Corporation,True,8109802000.0,,equity_times_pbr,,,,,True,False
6347,6347.T,"PLACO CO.,LTD.",True,1585120000.0,,equity_times_pbr,,,,,False,False
4553,4553.T,"TOWA PHARMACEUTICAL CO.,LTD.",True,171625000000.0,,equity_times_pbr,,,,,True,False
3232,3232.T,"Mie Kotsu Group Holdings,Inc.",True,63184554000.0,,equity_times_pbr,,,,,True,False
2789,2789.T,"Karula Co.,LTD.",True,2191871000.0,,equity_times_pbr,,,,,True,False
2296,2296.T,ITOHAM YONEKYU HOLDINGS INC.,True,286318000000.0,,equity_times_pbr,,,,,True,False
8113,8113.T,UNICHARM CORPORATION,False,573473000000.0,1608113192960.0,yfinance_market_cap,0.3566123345735554,2.0523622,0.061690930983157255,27.07911,True,True
2877,2877.T,NittoBest Corporation,True,16583678000.0,,equity_times_pbr,,,,,True,False
5279,5279.T,"NIHON KOGYO CO.,LTD.",True,7913472000.0,,equity_times_pbr,,,,,True,False
3539,3539.T,"JM HOLDINGS CO.,LTD.",True,45347000000.0,,equity_times_pbr,,,,,True,False
4177,4177.T,"i-plug,Inc.",True,1408290000.0,,equity_times_pbr,,,,,True,False
7241,7241.T,"FUTABA INDUSTRIAL CO.,LTD.",True,123165000000.0,,equity_times_pbr,,,,,True,False
7510,7510.T,TAKEBISHI CORPORATION,True,40846000000.0,,equity_times_pbr,,,,,True,False
8424,8424.T,"Fuyo General Lease Co.,Ltd.",False,531213000000.0,,equity_times_pbr,,,,,True,False
8410,8410.T,"Seven Bank,Ltd.",False,282489000000.0,,equity_times_pbr,,,,,True,False
6926,6926.T,"OKAYA ELECTRIC INDUSTRIES CO.,LTD.",True,7068921000.0,,equity_times_pbr,,,,,False,False
6571,6571.T,"QB Net Holdings Co.,Ltd.",False,5731000000.0,,equity_times_pbr,,,,,False,False
8255,8255.T,Axial Retailing Inc.,True,89294000000.0,,equity_times_pbr,,,,,True,False
3917,3917.T,"iRidge,Inc.",True,2572580000.0,,equity_times_pbr,,,,,False,False
4498,4498.T,"Cybertrust Japan Co.,Ltd.",True,6578081000.0,,equity_times_pbr,,,,,True,False
9249,9249.T,"Japan Ecosystem Co.,Ltd.",True,5676530000.0,,equity_times_pbr,,,,,True,False
2479,2479.T,JTEC CORPORATION,True,1418955000.0,,equity_times_pbr,,,,,True,False
1820,1820.T,"Nishimatsu Construction Co.,Ltd.",True,181190000000.0,,equity_times_pbr,,,,,True,False
9075,9075.T,"FUKUYAMA TRANSPORTING CO.,LTD.",True,287773000000.0,,equity_times_pbr,,,,,True,False
2692,2692.T,"ITOCHU-SHOKUHIN Co.,Ltd.",True,115592000000.0,,equity_times_pbr,,,,,True,False
3656,3656.T,KLab Inc.,True,10625928000.0,18141147136.0,yfinance_market_cap,0.5857362778847371,1.7041861,0.16593886709254213,6.0263157,False,True
2269,2269.T,"Meiji Holdings Co.,Ltd.",True,791783000000.0,1015819010048.0,yfinance_market_cap,0.7794528278837647,1.3148315,0.05324275236534936,28.99257,True,True
1972,1972.T,"SANKO METAL INDUSTRIAL CO.,LTD.",True,27103000000.0,,equity_times_pbr,,,,,True,False
6062,6062.T,CHARM CARE CORPORATION,True,20887000000.0,,equity_times_pbr,,,,,True,False
1810,1810.T,"MATSUI CONSTRUCTION CO.,LTD.",True,50616000000.0,,equity_times_pbr,,,,,True,False
2734,2734.T,SALA CORPORATION,True,93567000000.0,,equity_times_pbr,,,,,True,False
7050,7050.T,FRONTIER INTERNATIONAL INC.,True,9028830000.0,,equity_times_pbr,,,,,True,False
2120,2120.T,"LIFULL Co.,Ltd.",False,27184000000.0,,equity_times_pbr,,,,,True,False
7856,7856.T,HAGIHARA INDUSTRIES INC.,True,30965374000.0,,equity_times_pbr,,,,,True,False
9259,9259.T,"TAKAYOSHI Holdings,INC.",True,3236554000.0,,equity_times_pbr,,,,,True,False
2164,2164.T,"CHIIKISHINBUNSHA CO.,LTD.",True,653233000.0,,equity_times_pbr,,,,,True,False
7271,7271.T,YASUNAGA CORPORATION,True,11388000000.0,,equity_times_pbr,,,,,True,False
2282,2282.T,NH Foods Ltd.,False,229597000000.0,,equity_times_pbr,,,,,True,False
4922,4922.T,KOSE Holdings Corporation,True,304784000000.0,,equity_times_pbr,,,,,True,False
7628,7628.T,OHASHI TECHNICA INC.,True,39653735000.0,,equity_times_pbr,,,,,True,False
7434,7434.T,OTAKE CORPORATION,True,15422519000.0,,equity_times_pbr,,,,,True,False
8127,8127.T,YAMATO INTERNATIONAL INC.,True,17314441000.0,,equity_times_pbr,,,,,True,False
7357,7357.T,"GEOCODE CO.,Ltd.",True,1218505000.0,,equity_times_pbr,,,,,True,False
9927,9927.T,"WATT MANN CO.,LTD.",True,3527815000.0,,equity_times_pbr,,,,,True,False
4714,4714.T,RISO KYOIKU GROUP CORPORATION,True,12265789000.0,,equity_times_pbr,,,,,True,False
8233,8233.T,"Takashimaya Company,Limited",True,477749000000.0,,equity_times_pbr,,,,,False,False
2904,2904.T,"ICHIMASA KAMABOKO CO.,LTD.",True,14908270000.0,,equity_times_pbr,,,,,True,False
4431,4431.T,"Smaregi,Inc.",True,7676714000.0,,equity_times_pbr,,,,,True,False
2351,2351.T,ASJ INC.,False,2884680000.0,,equity_times_pbr,,,,,True,False
9060,9060.T,JAPAN LOGISTIC SYSTEMS CORP.,True,15594987000.0,,equity_times_pbr,,,,,True,False
3396,3396.T,FELISSIMO CORPORATION,True,19651000000.0,,equity_times_pbr,,,,,True,False
6199,6199.T,"SERAKU Co.,Ltd.",True,8912336000.0,,equity_times_pbr,,,,,True,False
2653,2653.T,"AEON KYUSHU CO.,LTD.",True,60568000000.0,,equity_times_pbr,,,,,True,False
5658,5658.T,"NICHIA STEEL WORKS,LTD.",True,55375632000.0,,equity_times_pbr,,,,,True,False
8558,8558.T,"THE TOWA BANK,LTD.",False,115111000000.0,,equity_times_pbr,,,,,True,False
2903,2903.T,"SHINOBU FOODS PRODUCTS CO.,LTD.",True,15136000000.0,,equity_times_pbr,,,,,True,False
2914,2914.T,JAPAN TOBACCO INC.,False,1366980000000.0,10772167000064.0,yfinance_market_cap,0.12689925805939312,2.6367452,0.045645226257361095,21.577414,True,True
2975,2975.T,"Star Mica Holdings Co.,Ltd.",True,29699793000.0,,equity_times_pbr,,,,,True,False
8252,8252.T,"MARUI GROUP CO.,LTD.",True,246636000000.0,,equity_times_pbr,,,,,True,False
4125,4125.T,SANWAYUKA INDUSTRY CORPORATION,True,12513209000.0,,equity_times_pbr,,,,,True,False
7619,7619.T,"TANAKA CO.,LTD.",True,14890286000.0,,equity_times_pbr,,,,,True,False
9346,9346.T,"Cocorport,Inc.",True,2938255000.0,,equity_times_pbr,,,,,True,False
7823,7823.T,ARTNATURE INC.,True,27055000000.0,,equity_times_pbr,,,,,True,False
9215,9215.T,"CaSy Co.,Ltd.",True,556252000.0,,equity_times_pbr,,,,,True,False
2373,2373.T,CARE TWENTYONE CORPORATION,True,4491848000.0,,equity_times_pbr,,,,,True,False
8052,8052.T,"TSUBAKIMOTO KOGYO CO.,LTD.",True,44017000000.0,,equity_times_pbr,,,,,True,False
9045,9045.T,"Keihan Holdings Co.,Ltd.",True,314508000000.0,,equity_times_pbr,,,,,True,False
8037,8037.T,KAMEI CORPORATION,True,166463000000.0,,equity_times_pbr,,,,,True,False
7550,7550.T,"ZENSHO HOLDINGS CO.,LTD.",True,240371000000.0,1237773189120.0,yfinance_market_cap,0.19419632135584772,3.6302378,0.03175379814773928,28.644363,True,True
7367,7367.T,"CELM,Inc.",True,2806743000.0,,equity_times_pbr,,,,,True,False
8566,8566.T,"RICOH LEASING COMPANY,LTD.",False,234070000000.0,,equity_times_pbr,,,,,True,False
6522,6522.T,Asterisk Inc.,True,1729225000.0,,equity_times_pbr,,,,,False,False
2935,2935.T,"PICKLES HOLDINGS CO.,LTD.",True,20053000000.0,,equity_times_pbr,,,,,True,False
7129,7129.T,Miahelsa Holdings Corporation,True,3794546000.0,,equity_times_pbr,,,,,True,False
5139,5139.T,OpenWork Inc.,True,6868471000.0,,equity_times_pbr,,,,,True,False
7893,7893.T,PRONEXUS INC.,False,22039493000.0,,equity_times_pbr,,,,,True,False
5351,5351.T,"SHINAGAWA REFRA CO.,LTD.",True,93828000000.0,,equity_times_pbr,,,,,True,False
8074,8074.T,"YUASA CO.,LTD.",True,109416000000.0,,equity_times_pbr,,,,,True,False
9031,9031.T,"Nishi-Nippon Railroad Co.,Ltd.",True,256039000000.0,,equity_times_pbr,,,,,True,False
2982,2982.T,"A.D.Works Group Co.,Ltd.",True,20576812000.0,,equity_times_pbr,,,,,True,False
5254,5254.T,Arent Inc.,True,4805411000.0,,equity_times_pbr,,,,,True,False
5034,5034.T,"unerry,Inc.",True,2016886000.0,,equity_times_pbr,,,,,True,False
4548,4548.T,SEIKAGAKU CORPORATION,True,73187000000.0,,equity_times_pbr,,,,,True,False
1898,1898.T,"SEIKITOKYU KOGYO CO.,LTD.",True,41692000000.0,,equity_times_pbr,,,,,True,False
3931,3931.T,VALUE GOLF Inc.,True,1073153000.0,,equity_times_pbr,,,,,True,False
8093,8093.T,"Kyokuto Boeki Kaisha,Limited",True,29356000000.0,,equity_times_pbr,,,,,True,False
9831,9831.T,"YAMADA HOLDINGS CO.,LTD.",True,645275000000.0,,equity_times_pbr,,,,,True,False
3288,3288.T,"Open House Group Co.,Ltd.",True,538834000000.0,,equity_times_pbr,,,,,True,False
9959,9959.T,"ASEED HOLDINGS CO.,LTD.",True,7267000000.0,,equity_times_pbr,,,,,True,False
4098,4098.T,"Titan Kogyo ,Ltd.",True,5652000000.0,,equity_times_pbr,,,,,True,False
5244,5244.T,"jig.jp co.,ltd.",True,4095757000.0,,equity_times_pbr,,,,,True,False
9222,9222.T,"manaby Co.,Ltd.",False,,,equity_times_pbr,,,,,False,False
4784,4784.T,"GMO internet,Inc.",True,14069000000.0,,equity_times_pbr,,,,,True,False
2531,2531.T,TAKARA HOLDINGS INC.,True,300903000000.0,,equity_times_pbr,,,,,True,False
5932,5932.T,"Sankyo Tateyama,Inc.",True,94804000000.0,,equity_times_pbr,,,,,False,False
5471,5471.T,"Daido Steel Co.,Ltd.",True,301516000000.0,,equity_times_pbr,,,,,True,False
7614,7614.T,"OM2Network Co.,Ltd.",True,18108822000.0,,equity_times_pbr,,,,,True,False
2384,2384.T,"SBS Holdings,Inc.",True,126553000000.0,,equity_times_pbr,,,,,True,False
6551,6551.T,TSUNAGU GROUP HOLDINGS Inc.,True,2061705000.0,,equity_times_pbr,,,,,True,False
2270,2270.T,"MEGMILK SNOW BRAND Co.,Ltd.",True,248037000000.0,,equity_times_pbr,,,,,True,False
8039,8039.T,"TSUKIJI UOICHIBA COMPANY,LIMITED",True,6537000000.0,,equity_times_pbr,,,,,True,False
7176,7176.T,"Simplex Financial Holdings Co.,Ltd.",False,,,equity_times_pbr,,,,,False,False
8203,8203.T,MrMax Holdings Ltd.,True,38374000000.0,,equity_times_pbr,,,,,True,False
5194,5194.T,"SAGAMI RUBBER INDUSTRIES CO.,LTD.",True,11841271000.0,,equity_times_pbr,,,,,True,False
3387,3387.T,create restaurants holdings inc.,False,35143000000.0,,equity_times_pbr,,,,,True,False
3524,3524.T,"NITTO SEIMO CO.,LTD.",True,7456022000.0,,equity_times_pbr,,,,,True,False
4088,4088.T,AIR WATER INC.,False,230232000000.0,564790689792.0,yfinance_market_cap,0.4076412804977175,1.2699087,0.04608255849540504,52.672085,True,True
5253,5253.T,COVER Corporation,True,16947000000.0,,equity_times_pbr,,,,,True,False
4256,4256.T,"CYND Co.,Ltd.",True,3780774000.0,,equity_times_pbr,,,,,True,False
3928,3928.T,Mynet Inc.,True,1521161000.0,,equity_times_pbr,,,,,True,False
8179,8179.T,"ROYAL HOLDINGS Co., Ltd.",True,55481000000.0,,equity_times_pbr,,,,,True,False
3190,3190.T,"HOTMAN Co.,Ltd.",True,7386507000.0,,equity_times_pbr,,,,,True,False
3183,3183.T,"WIN-Partners Co.,Ltd.",True,24069262000.0,,equity_times_pbr,,,,,True,False
9028,9028.T,"ZERO CO.,LTD.",False,31439000000.0,,equity_times_pbr,,,,,True,False
3679,3679.T,"ZIGExN Co.,Ltd.",False,10002000000.0,,equity_times_pbr,,,,,True,False
4198,4198.T,"TENDA Co.,LTD.",True,2794013000.0,,equity_times_pbr,,,,,True,False
3918,3918.T,"PCI Holdings,INC.",True,9452247000.0,,equity_times_pbr,,,,,True,False
8537,8537.T,"THE TAIKO BANK,LTD.",False,76985000000.0,,equity_times_pbr,,,,,True,False
7677,7677.T,"Yashima & Co.,Ltd.",True,9364065000.0,,equity_times_pbr,,,,,False,False
4379,4379.T,Photosynth inc.,True,2531438000.0,,equity_times_pbr,,,,,True,False
9994,9994.T,YAMAYA CORPORATION,True,37330000000.0,,equity_times_pbr,,,,,True,False
4502,4502.T,Takeda Pharmaceutical Company Limited,False,4528923000000.0,7711183339520.0,yfinance_market_cap,0.5873188070615778,0.9919718,0.019817969988703787,40.75651,True,True
2747,2747.T,"Hokuyu Lucky Co.,Ltd.",True,5916253000.0,,equity_times_pbr,,,,,True,False
7481,7481.T,"OIE SANGYO CO.,LTD.",True,14476000000.0,,equity_times_pbr,,,,,True,False
3173,3173.T,"Cominix Co.,Ltd.",True,7848000000.0,,equity_times_pbr,,,,,True,False
1882,1882.T,TOA ROAD CORPORATION,True,56931000000.0,,equity_times_pbr,,,,,True,False
3156,3156.T,Restar Corporation,True,100061000000.0,,equity_times_pbr,,,,,True,False
1770,1770.T,"FUJITA ENGINEERING CO.,LTD.",True,18984443000.0,,equity_times_pbr,,,,,True,False
7291,7291.T,"NIHON PLAST CO.,LTD.",True,34538000000.0,,equity_times_pbr,,,,,True,False
9857,9857.T,EIWA CORPORATION,True,16956756000.0,,equity_times_pbr,,,,,True,False
7911,7911.T,TOPPAN Holdings Inc.,True,1418608000000.0,1302448570368.0,yfinance_market_cap,1.0891854252634172,0.9681991,0.07639073224356814,20.212156,True,True
8841,8841.T,"TOC Co.,Ltd.",True,100824000000.0,,equity_times_pbr,,,,,True,False
9312,9312.T,"THE KEIHIN CO.,LTD.",True,30256000000.0,,equity_times_pbr,,,,,True,False
4496,4496.T,Commerce One Holdings Inc.,True,2523215000.0,,equity_times_pbr,,,,,True,False
3168,3168.T,MERF Inc.,True,9218102000.0,,equity_times_pbr,,,,,False,False
3477,3477.T,"FORLIFE Co.,Ltd.",True,3973869000.0,,equity_times_pbr,,,,,True,False
9248,9248.T,"People, Dreams & Technologies Group Co.,Ltd.",True,20912000000.0,,equity_times_pbr,,,,,True,False
7442,7442.T,"NAKAYAMAFUKU CO.,LTD.",True,22402922000.0,,equity_times_pbr,,,,,True,False
4766,4766.T,"PA Co.,Ltd.",True,521276000.0,,equity_times_pbr,,,,,True,False
2811,2811.T,"KAGOME CO.,LTD.",False,135512000000.0,,equity_times_pbr,,,,,True,False
7733,7733.T,OLYMPUS CORPORATION,False,458587000000.0,1989141594112.0,yfinance_market_cap,0.23054517655125709,2.4495614,0.03100080968722024,29.498693,True,True
9233,9233.T,"Asia Air Survey Co.,Ltd.",True,22248372000.0,,equity_times_pbr,,,,,True,False
3107,3107.T,"Daiwabo Holdings Co.,Ltd.",True,152310000000.0,,equity_times_pbr,,,,,True,False
2698,2698.T,"CAN DO CO.,LTD.",True,10533000000.0,,equity_times_pbr,,,,,True,False
2910,2910.T,"ROCK FIELD CO.,LTD.",True,28908000000.0,,equity_times_pbr,,,,,True,False
7120,7120.T,SHINKO Inc.,True,2014542000.0,,equity_times_pbr,,,,,True,False
8152,8152.T,SOMAR CORPORATION,True,20173016000.0,,equity_times_pbr,,,,,True,False
5391,5391.T,A&A Material Corporation,True,18652000000.0,,equity_times_pbr,,,,,False,False
6549,6549.T,"DM Solutions Co.,Ltd",True,3347617000.0,,equity_times_pbr,,,,,True,False
3652,3652.T,Digital Media Professionals Inc.,True,3611482000.0,,equity_times_pbr,,,,,True,False
9468,9468.T,KADOKAWA CORPORATION,True,277408000000.0,,equity_times_pbr,,,,,True,False
3321,3321.T,"MITACHI CO.,LTD.",True,15706805000.0,,equity_times_pbr,,,,,True,False
3577,3577.T,Tokai Senko K.K.,True,8588339000.0,,equity_times_pbr,,,,,True,False
8769,8769.T,"Advantage Risk Management Co.,Ltd.",True,3959913000.0,,equity_times_pbr,,,,,True,False
4577,4577.T,"Daito Pharmaceutical Co.,Ltd.",True,52067000000.0,,equity_times_pbr,,,,,True,False
2395,2395.T,"SHIN NIPPON BIOMEDICAL LABORATORIES,LTD.",True,40085590000.0,,equity_times_pbr,,,,,True,False
3571,3571.T,"SOTOH CO.,LTD.",True,14826925000.0,,equity_times_pbr,,,,,True,False
7461,7461.T,"KIMURA CO.,LTD.",True,19094919000.0,,equity_times_pbr,,,,,True,False
7607,7607.T,"Shinwa Co.,Ltd.",True,43609317000.0,,equity_times_pbr,,,,,True,False
9025,9025.T,"Konoike Transport Co.,Ltd.",True,150424000000.0,,equity_times_pbr,,,,,True,False
4261,4261.T,"AsiaQuest Co.,Ltd.",True,1985049000.0,,equity_times_pbr,,,,,True,False
2492,2492.T,Infomart Corporation,True,12832710000.0,,equity_times_pbr,,,,,True,False
1811,1811.T,THE ZENITAKA CORPORATION,True,96867000000.0,,equity_times_pbr,,,,,True,False
8624,8624.T,"Ichiyoshi Securities Co.,Ltd.",False,28377000000.0,,equity_times_pbr,,,,,True,False
9990,9990.T,SAC'S BAR HOLDINGS INC.,True,29541784000.0,,equity_times_pbr,,,,,True,False
3683,3683.T,"CYBERLINKS CO.,LTD.",True,9516000000.0,,equity_times_pbr,,,,,True,False
7444,7444.T,"Harima-Kyowa Co.,LTD.",True,24805855000.0,,equity_times_pbr,,,,,True,False
3121,3121.T,"MBK Co.,Ltd.",True,4678186000.0,,equity_times_pbr,,,,,False,False
8079,8079.T,SHOEI FOODS CORPORATION,True,55931216000.0,,equity_times_pbr,,,,,True,False
2146,2146.T,"UT Group Co.,Ltd.",True,36323000000.0,,equity_times_pbr,,,,,True,False
5542,5542.T,Shinhokoku Material Corp.,True,5806498000.0,,equity_times_pbr,,,,,True,False
1383,1383.T,"Berg Earth co.,ltd.",True,2174388000.0,,equity_times_pbr,,,,,True,False
7994,7994.T,OKAMURA CORPORATION,True,186795000000.0,,equity_times_pbr,,,,,True,False
4259,4259.T,ExaWizards Inc.,True,4588000000.0,,equity_times_pbr,,,,,False,False
7500,7500.T,"NISHIKAWA KEISOKU Co.,Ltd.",True,20480298000.0,,equity_times_pbr,,,,,True,False
7162,7162.T,"ASTMAX Co.,Ltd.",True,5392752000.0,,equity_times_pbr,,,,,False,False
5458,5458.T,TAKASAGO TEKKO K.K.,True,4736000000.0,,equity_times_pbr,,,,,True,False
9001,9001.T,"TOBU RAILWAY CO.,LTD.",True,560753000000.0,,equity_times_pbr,,,,,True,False
4886,4886.T,"ASKA Pharmaceutical Holdings Co.,Ltd.",True,69195000000.0,,equity_times_pbr,,,,,True,False
4476,4476.T,AI CROSS Inc.,True,2135174000.0,,equity_times_pbr,,,,,True,False
5592,5592.T,"Kusurinomadoguchi,Inc.",True,8516850000.0,,equity_times_pbr,,,,,True,False
8051,8051.T,YAMAZEN CORPORATION,True,127933000000.0,,equity_times_pbr,,,,,True,False
2752,2752.T,FUJIO FOOD GROUP INC.,True,11523000000.0,,equity_times_pbr,,,,,True,False
4075,4075.T,"Brains Technology,Inc.",True,1643356000.0,,equity_times_pbr,,,,,True,False
3289,3289.T,Tokyu Fudosan Holdings Corporation,True,843500000000.0,,equity_times_pbr,,,,,True,False
7501,7501.T,TIEMCO LTD.,True,4373886000.0,,equity_times_pbr,,,,,False,False
7446,7446.T,"TOHOKU CHEMICAL Co.,LTD.",True,8019651000.0,,equity_times_pbr,,,,,True,False
9982,9982.T,"Takihyo Co.,Ltd.",True,32555000000.0,,equity_times_pbr,,,,,True,False
6615,6615.T,"UMC Electronics Co.,Ltd.",True,15317000000.0,,equity_times_pbr,,,,,False,False
4761,4761.T,SAKURA KCS Corporation,True,19866000000.0,,equity_times_pbr,,,,,True,False
1807,1807.T,"WATANABE SATO CO.,LTD.",True,21426700000.0,,equity_times_pbr,,,,,True,False
6561,6561.T,"HANATOUR JAPAN CO.,LTD.",True,4485272000.0,,equity_times_pbr,,,,,True,False
1446,1446.T,"CANDEAL Co.,Ltd.",True,2972385000.0,,equity_times_pbr,,,,,True,False
7037,7037.T,teno.Holdings Company Limited,True,1804000000.0,,equity_times_pbr,,,,,True,False
3546,3546.T,"Alleanza Holdings Co.,Ltd.",True,33384000000.0,,equity_times_pbr,,,,,True,False
8043,8043.T,Starzen Company Limited,True,88747000000.0,,equity_times_pbr,,,,,True,False
3058,3058.T,Sanyodo Holdings Inc.,True,2820871000.0,,equity_times_pbr,,,,,True,False
2376,2376.T,SCINEX CORPORATION,True,8044470000.0,,equity_times_pbr,,,,,True,False
7976,7976.T,"MITSUBISHI PENCIL COMPANY,LIMITED",True,140432000000.0,,equity_times_pbr,,,,,True,False
9849,9849.T,KYODO PAPER HOLDINGS,True,3899075000.0,,equity_times_pbr,,,,,True,False
7504,7504.T,KOHSOKU CORPORATION,True,39769719000.0,,equity_times_pbr,,,,,True,False
9419,9419.T,"WirelessGate,Inc.",True,1650160000.0,,equity_times_pbr,,,,,True,False
7459,7459.T,MEDIPAL HOLDINGS CORPORATION,True,757947000000.0,,equity_times_pbr,,,,,True,False
8173,8173.T,Joshin Corporation,True,104665000000.0,,equity_times_pbr,,,,,True,False
4415,4415.T,"BROAD ENTERPRISE CO.,LTD.",True,1627361000.0,,equity_times_pbr,,,,,True,False
9989,9989.T,"SUNDRUG CO.,LTD.",True,271350000000.0,,equity_times_pbr,,,,,True,False
9216,9216.T,"Bewith,Inc.",True,8952625000.0,,equity_times_pbr,,,,,True,False
7421,7421.T,"KAPPA・CREATE CO.,LTD.",True,10889000000.0,,equity_times_pbr,,,,,True,False
8076,8076.T,CANOX CORPORATION,True,31695421000.0,,equity_times_pbr,,,,,True,False
5257,5257.T,"NOVA SYSTEM CO.,LTD.",True,2551931000.0,,equity_times_pbr,,,,,True,False
2060,2060.T,"FEED ONE CO.,LTD.",True,55347000000.0,,equity_times_pbr,,,,,True,False
1788,1788.T,SANTO CORPORATION,True,3429963000.0,,equity_times_pbr,,,,,True,False
2217,2217.T,Morozoff Limited,True,19873385000.0,,equity_times_pbr,,,,,True,False
7215,7215.T,"FALTEC Co.,Ltd.",True,21435000000.0,,equity_times_pbr,,,,,True,False
2334,2334.T,eole Inc.,True,-1465720000.0,,equity_times_pbr,,,,,False,False
7095,7095.T,"Macbee Planet,Inc.",True,11261000000.0,,equity_times_pbr,,,,,True,False
7938,7938.T,REGAL CORPORATION,True,12746000000.0,,equity_times_pbr,,,,,True,False
1813,1813.T,Fudo Tetra Corporation,True,34675000000.0,,equity_times_pbr,,,,,True,False
7475,7475.T,"ALBIS Co.,Ltd.",True,32322000000.0,,equity_times_pbr,,,,,True,False
3719,3719.T,"AI storm Co.,Ltd.",True,2057720000.0,,equity_times_pbr,,,,,True,False
9355,9355.T,RINKO CORPORATION,True,18422319000.0,,equity_times_pbr,,,,,True,False
3176,3176.T,"Sanyo Trading Co.,Ltd.",True,51321083000.0,,equity_times_pbr,,,,,True,False
3178,3178.T,"CHIMNEY CO.,LTD.",True,6069996000.0,,equity_times_pbr,,,,,True,False
6630,6630.T,YA-MAN LTD.,True,24440000000.0,,equity_times_pbr,,,,,False,False
6070,6070.T,"CAREERLINK CO.,LTD.",True,14912900000.0,,equity_times_pbr,,,,,True,False
2264,2264.T,"MORINAGA MILK INDUSTRY CO.,LTD.",True,271103000000.0,,equity_times_pbr,,,,,True,False
8214,8214.T,AOKI Holdings Inc.,True,142140000000.0,,equity_times_pbr,,,,,True,False
7082,7082.T,"Jimoty,Inc.",True,1694086000.0,,equity_times_pbr,,,,,True,False
5243,5243.T,note inc.,True,2878649000.0,,equity_times_pbr,,,,,True,False
3031,3031.T,"RACCOON HOLDINGS,Inc.",True,4584273000.0,,equity_times_pbr,,,,,True,False
9558,9558.T,"Japaniace Co.,Ltd.",True,3379529000.0,,equity_times_pbr,,,,,True,False
3036,3036.T,ALCONIX CORPORATION,True,70312000000.0,,equity_times_pbr,,,,,True,False
8276,8276.T,"HEIWADO CO.,LTD.",True,197962000000.0,,equity_times_pbr,,,,,True,False
8881,8881.T,"NISSHIN GROUP HOLDINGS Company,Limited",True,69376669000.0,,equity_times_pbr,,,,,True,False
6481,6481.T,"THK CO.,LTD.",False,157000000000.0,869356535808.0,yfinance_market_cap,0.18059333947961936,3.4388423,0.011621760957112448,86.04548,False,True
2782,2782.T,"Seria Co.,Ltd.",True,108002000000.0,,equity_times_pbr,,,,,True,False
5344,5344.T,"MARUWA CO.,LTD.",True,127854000000.0,945482039296.0,yfinance_market_cap,0.13522625992472506,6.4204073,0.020351523561809248,51.984177,True,True
4918,4918.T,IVY COSMETICS CORPORATION,True,2585957000.0,,equity_times_pbr,,,,,True,False
7864,7864.T,"FUJI SEAL INTERNATIONAL,INC.",True,145269000000.0,,equity_times_pbr,,,,,True,False
7462,7462.T,CAPITA Inc.,True,1524214000.0,,equity_times_pbr,,,,,True,False
5602,5602.T,"Kurimoto,Ltd.",True,88678000000.0,,equity_times_pbr,,,,,True,False
8057,8057.T,"UCHIDA YOKO CO.,LTD.",True,70805000000.0,,equity_times_pbr,,,,,True,False
1938,1938.T,"NIPPON RIETEC CO.,LTD.",True,63728897000.0,,equity_times_pbr,,,,,True,False
8078,8078.T,"HANWA CO.,LTD.",True,389470000000.0,,equity_times_pbr,,,,,True,False
2784,2784.T,Alfresa Holdings Corporation,True,482247000000.0,,equity_times_pbr,,,,,True,False
2804,2804.T,"BULL-DOG SAUCE CO.,LTD.",True,21445241000.0,,equity_times_pbr,,,,,True,False
5482,5482.T,AICHI STEEL CORPORATION,False,155709000000.0,,equity_times_pbr,,,,,True,False
7850,7850.T,"SOUGOU SHOUKEN CO.,LTD.",True,3173627000.0,,equity_times_pbr,,,,,True,False
1420,1420.T,Sanyo Homes Corporation,True,15350070000.0,,equity_times_pbr,,,,,True,False
6836,6836.T,"PLAT'HOME CO.,LTD.",True,570715000.0,,equity_times_pbr,,,,,True,False
2281,2281.T,"Prima Meat Packers,Ltd.",True,130228000000.0,,equity_times_pbr,,,,,True,False
8570,8570.T,"AEON Financial Service Co.,Ltd.",False,625209000000.0,,equity_times_pbr,,,,,True,False
4413,4413.T,"baudroie,inc.",True,6495380000.0,,equity_times_pbr,,,,,True,False
2923,2923.T,"SATO FOODS CO.,LTD.",True,22475845000.0,,equity_times_pbr,,,,,True,False
9979,9979.T,DAISYO CORPORATION,True,11286000000.0,,equity_times_pbr,,,,,True,False
7860,7860.T,Avex Inc.,True,51112000000.0,,equity_times_pbr,,,,,False,False
7638,7638.T,"NEW ART HOLDINGS Co.,Ltd.",True,10672369000.0,,equity_times_pbr,,,,,True,False
2742,2742.T,"HALOWS CO.,LTD.",True,77739000000.0,,equity_times_pbr,,,,,True,False
7649,7649.T,"SUGI HOLDINGS Co.,LTD.",True,290474000000.0,,equity_times_pbr,,,,,True,False
7919,7919.T,"Nozaki Insatsu Shigyo Co.,Ltd.",True,4627317000.0,,equity_times_pbr,,,,,True,False
4151,4151.T,"Kyowa Kirin Co.,Ltd.",False,614850000000.0,,equity_times_pbr,,,,,True,False
7956,7956.T,PIGEON CORPORATION,True,85887000000.0,,equity_times_pbr,,,,,True,False
2897,2897.T,"NISSIN FOODS HOLDINGS CO.,LTD.",False,176500000000.0,,equity_times_pbr,,,,,True,False
3877,3877.T,"Chuetsu Pulp & Paper Co.,Ltd.",True,55941000000.0,,equity_times_pbr,,,,,True,False
3360,3360.T,"SHIP HEALTHCARE HOLDINGS,INC.",True,150280000000.0,,equity_times_pbr,,,,,True,False
7525,7525.T,RIX CORPORATION,True,26053476000.0,,equity_times_pbr,,,,,True,False
3166,3166.T,"OCHI HOLDINGS CO.,LTD.",True,23531000000.0,,equity_times_pbr,,,,,True,False
3851,3851.T,"Nippon Ichi Software,Inc.",True,7868184000.0,,equity_times_pbr,,,,,False,False
9087,9087.T,TAKASE CORPORATION,True,7349224000.0,,equity_times_pbr,,,,,True,False
9008,9008.T,Keio Corporation,True,414757000000.0,,equity_times_pbr,,,,,True,False
4419,4419.T,Finatext Holdings Ltd.,True,12285908000.0,,equity_times_pbr,,,,,True,False
4235,4235.T,"Ultrafabrics Holdings Co.,Ltd.",False,5431000000.0,,equity_times_pbr,,,,,True,False
8999,8999.T,Grandy House Corporation,True,24866354000.0,,equity_times_pbr,,,,,True,False
9302,9302.T,"MITSUI-SOKO HOLDINGS Co.,Ltd.",True,129749000000.0,,equity_times_pbr,,,,,True,False
2689,2689.T,"OLBA HEALTHCARE HOLDINGS,Inc.",True,12255637000.0,,equity_times_pbr,,,,,True,False
2340,2340.T,"GOKURAKUYU HOLDINGS CO.,LTD.",True,-6835768000.0,,equity_times_pbr,,,,,True,False
3556,3556.T,"RenetJapanGroup,Inc.",True,1362051000.0,,equity_times_pbr,,,,,True,False
3970,3970.T,Innovation Inc.,True,4067249000.0,,equity_times_pbr,,,,,True,False
1438,1438.T,"Gifu landscape architect Co.,Ltd.",True,4144481000.0,,equity_times_pbr,,,,,True,False
1981,1981.T,"KYOWANISSEI CO.,LTD.",True,18869872000.0,,equity_times_pbr,,,,,True,False
8133,8133.T,"ITOCHU ENEX CO.,LTD.",False,108950000000.0,,equity_times_pbr,,,,,True,False
8542,8542.T,"TOMATO BANK,LTD.",False,55860000000.0,,equity_times_pbr,,,,,True,False
5233,5233.T,TAIHEIYO CEMENT CORPORATION,True,676124000000.0,,equity_times_pbr,,,,,True,False
4536,4536.T,"SANTEN PHARMACEUTICAL CO.,LTD.",False,153446000000.0,,equity_times_pbr,,,,,True,False
4527,4527.T,"ROHTO PHARMACEUTICAL CO.,LTD.",True,271440000000.0,,equity_times_pbr,,,,,True,False
9265,9265.T,"YAMASHITA HEALTH CARE HOLDINGS,INC.",True,8988000000.0,,equity_times_pbr,,,,,True,False
3933,3933.T,"CHIeru Co.,Ltd.",True,3841165000.0,,equity_times_pbr,,,,,True,False
5575,5575.T,Globee Inc.,True,901925000.0,,equity_times_pbr,,,,,True,False
3353,3353.T,"Medical Ikkou Group Co.,Ltd.",True,16338518000.0,,equity_times_pbr,,,,,True,False
9842,9842.T,ARCLANDS CORPORATION,True,137558000000.0,,equity_times_pbr,,,,,True,False
3694,3694.T,OPTiM CORPORATION,True,8519286000.0,,equity_times_pbr,,,,,True,False
3042,3042.T,SecuAvail Inc.,True,1186082000.0,,equity_times_pbr,,,,,True,False
1431,1431.T,"Lib Work Co.,Ltd.",True,4714566000.0,,equity_times_pbr,,,,,True,False
5590,5590.T,"NETSTARS Co.,Ltd.",True,7724800000.0,,equity_times_pbr,,,,,True,False
8283,8283.T,PALTAC CORPORATION,True,287669000000.0,,equity_times_pbr,,,,,True,False
8016,8016.T,"ONWARD HOLDINGS CO.,LTD.",True,96612000000.0,,equity_times_pbr,,,,,True,False
9603,9603.T,"H.I.S.Co.,Ltd.",True,67205000000.0,,equity_times_pbr,,,,,True,False
5660,5660.T,"KOBELCO WIRE COMPANY,LTD.",True,24022000000.0,,equity_times_pbr,,,,,True,False
7122,7122.T,"THE KINKI SHARYO CO.,LTD.",True,33611000000.0,,equity_times_pbr,,,,,True,False
3059,3059.T,"HIRAKI CO.,LTD.",True,6507401000.0,,equity_times_pbr,,,,,False,False
3097,3097.T,The Monogatari Corporation,True,40364000000.0,,equity_times_pbr,,,,,True,False
3160,3160.T,"OOMITSU CO.,LTD.",True,6376536000.0,,equity_times_pbr,,,,,True,False
4755,4755.T,"Rakuten Group,Inc.",False,1576939000000.0,1661568811008.0,yfinance_market_cap,0.949066321871642,1.8438605,,,False,False
5580,5580.T,"Prodelight Co.,Ltd.",True,985567000.0,,equity_times_pbr,,,,,True,False
8349,8349.T,"THE TOHOKU BANK,LTD.",False,41052000000.0,,equity_times_pbr,,,,,True,False
4492,4492.T,GENETEC CORPORATION,True,2633069000.0,,equity_times_pbr,,,,,True,False
4031,4031.T,Katakura & Co-op Agri Corporation,True,23865000000.0,,equity_times_pbr,,,,,True,False
6699,6699.T,"DIAMOND ELECTRIC HOLDINGS Co.,Ltd.",True,11553000000.0,,equity_times_pbr,,,,,False,False
9380,9380.T,"Azuma Shipping Co.,Ltd.",True,17585130000.0,,equity_times_pbr,,,,,True,False
5232,5232.T,"Sumitomo Osaka Cement Co.,Ltd.",True,193660000000.0,,equity_times_pbr,,,,,True,False
7972,7972.T,ITOKI CORPORATION,True,56813000000.0,,equity_times_pbr,,,,,True,False
3944,3944.T,"Furubayashi Shiko Co.,Ltd.",True,10825431000.0,,equity_times_pbr,,,,,True,False
5079,5079.T,"NOVAC CO.,LTD.",True,18223942000.0,,equity_times_pbr,,,,,True,False
9127,9127.T,"TAMAI STEAMSHIP CO.,LTD",True,9306914000.0,,equity_times_pbr,,,,,True,False
9869,9869.T,"KATO SANGYO CO.,LTD.",True,177013000000.0,,equity_times_pbr,,,,,True,False
8563,8563.T,"THE DAITO BANK,LTD.",False,41644000000.0,,equity_times_pbr,,,,,True,False
2267,2267.T,"YAKULT HONSHA CO.,LTD.",True,629515000000.0,803197812736.0,yfinance_market_cap,0.7837608494669953,1.328737,0.06817000635682369,18.297943,True,True
7545,7545.T,"NISHIMATSUYA CHAIN Co.,Ltd.",True,100428000000.0,,equity_times_pbr,,,,,True,False
8337,8337.T,"The Chiba Kogyo Bank,Ltd.",False,174790000000.0,,equity_times_pbr,,,,,True,False
3968,3968.T,"Segue Group Co.,Ltd.",True,4400561000.0,,equity_times_pbr,,,,,True,False
3625,3625.T,Techfirm Holdings Inc.,True,2732405000.0,,equity_times_pbr,,,,,True,False
6538,6538.T,Disruptors Inc.,True,2594000000.0,,equity_times_pbr,,,,,True,False
7683,7683.T,"WA,Inc.",True,11063972000.0,,equity_times_pbr,,,,,True,False
7698,7698.T,Iceco Inc.,True,3839399000.0,,equity_times_pbr,,,,,True,False
3138,3138.T,"Fujisan Magazine Service Co.,Ltd.",True,2554744000.0,,equity_times_pbr,,,,,True,False
8111,8111.T,Goldwin Inc.,True,113468000000.0,,equity_times_pbr,,,,,True,False
1870,1870.T,"YAHAGI CONSTRUCTION CO.,LTD.",True,71802000000.0,,equity_times_pbr,,,,,True,False
5843,5843.T,"Nippon Insure Co.,Ltd.",False,2494744000.0,,equity_times_pbr,,,,,True,False
7936,7936.T,ASICS Corporation,True,273355000000.0,3369458466816.0,yfinance_market_cap,0.08112727985583668,12.393871,0.02933052921509622,34.434544,True,True
9760,9760.T,"SHINGAKUKAI HOLDINGS CO.,LTD.",True,15607500000.0,,equity_times_pbr,,,,,False,False
8699,8699.T,"HS Holdings Co.,Ltd.",False,88303000000.0,,equity_times_pbr,,,,,True,False
9256,9256.T,"Succeed co.,ltd.",True,2418302000.0,,equity_times_pbr,,,,,True,False
3892,3892.T,"Okayama Paper Industries Co.,Ltd.",True,12944348000.0,,equity_times_pbr,,,,,True,False
3645,3645.T,"Medical Net,Inc.",True,1768791000.0,,equity_times_pbr,,,,,False,False
8119,8119.T,SANYEI CORPORATION,True,13429876000.0,,equity_times_pbr,,,,,True,False
1515,1515.T,"Nittetsu Mining Co.,Ltd.",True,151971000000.0,,equity_times_pbr,,,,,True,False
8291,8291.T,"NISSAN TOKYO SALES HOLDINGS CO.,LTD.",True,56644000000.0,,equity_times_pbr,,,,,True,False
8101,8101.T,GSI Creos Corporation,True,30086000000.0,,equity_times_pbr,,,,,True,False
3675,3675.T,Cross Marketing Group Inc.,True,8032542000.0,,equity_times_pbr,,,,,True,False
4016,4016.T,"MIT Holdings CO.,LTD.",True,723290000.0,,equity_times_pbr,,,,,True,False
4388,4388.T,"AI,Inc.",True,2518048000.0,,equity_times_pbr,,,,,True,False
7522,7522.T,"WATAMI CO.,LTD.",True,27134000000.0,,equity_times_pbr,,,,,True,False
1827,1827.T,NAKANO CORPORATION,True,44458000000.0,,equity_times_pbr,,,,,True,False
8897,8897.T,"MIRARTH HOLDINGS,Inc.",True,89107000000.0,,equity_times_pbr,,,,,True,False
8001,8001.T,ITOCHU Corporation,False,1923341000000.0,13137540546560.0,yfinance_market_cap,0.1464003854590285,1.9935681,0.03393253085842828,14.690479,True,True
4447,4447.T,"PBsystems,Inc.",True,1152447000.0,,equity_times_pbr,,,,,True,False
5134,5134.T,"POPER Co.,Ltd.",True,875698000.0,,equity_times_pbr,,,,,True,False
6194,6194.T,"Atrae,Inc.",True,5197089000.0,,equity_times_pbr,,,,,True,False
2802,2802.T,"Ajinomoto Co.,Inc.",False,360605000000.0,5148316794880.0,yfinance_market_cap,0.07004328101149906,6.6895537,0.017497175016421975,38.819542,True,True
4308,4308.T,J-Stream Inc.,True,11058142000.0,,equity_times_pbr,,,,,True,False
7581,7581.T,"SAIZERIYA CO.,LTD.",True,117157000000.0,,equity_times_pbr,,,,,True,False
2307,2307.T,"CROSS CAT CO.,LTD.",True,5853964000.0,,equity_times_pbr,,,,,True,False
3067,3067.T,"TOKYO ICHIBAN FOODS CO.,LTD.",True,1670745000.0,,equity_times_pbr,,,,,False,False
8614,8614.T,"TOYO SECURITIES CO.,LTD.",False,30122000000.0,,equity_times_pbr,,,,,True,False
3231,3231.T,"Nomura Real Estate Holdings,Inc.",True,751439000000.0,,equity_times_pbr,,,,,True,False
8242,8242.T,H2O RETAILING CORPORATION,True,313420000000.0,,equity_times_pbr,,,,,True,False
2736,2736.T,"Festaria Holdings Co.,Ltd.",True,1664234000.0,,equity_times_pbr,,,,,True,False
3172,3172.T,"Tea Life Co.,Ltd.",True,6432000000.0,,equity_times_pbr,,,,,True,False
8014,8014.T,"CHORI CO.,LTD.",True,92101000000.0,,equity_times_pbr,,,,,True,False
6955,6955.T,FDK CORPORATION,True,-51929000000.0,,equity_times_pbr,,,,,True,False
4570,4570.T,"Immuno-Biological Laboratories Co.,Ltd.",True,1524158000.0,,equity_times_pbr,,,,,True,False
3452,3452.T,B-Lot Company Limited,True,20040000000.0,,equity_times_pbr,,,,,True,False
7247,7247.T,MIKUNI CORPORATION,True,38837000000.0,,equity_times_pbr,,,,,True,False
9147,9147.T,"NIPPON EXPRESS HOLDINGS,INC.",False,372990000000.0,1272566382592.0,yfinance_market_cap,0.29310062335631026,1.5407959,0.01872122376160416,475.36234,True,True
7513,7513.T,"Kojima Co.,Ltd.",True,70247000000.0,,equity_times_pbr,,,,,True,False
7682,7682.T,"HAMAYUU CO.,LTD.",True,1606726000.0,,equity_times_pbr,,,,,True,False
1758,1758.T,"Taiyo Kisokogyo Co.,Ltd.",True,9497840000.0,,equity_times_pbr,,,,,True,False
3911,3911.T,Aiming Inc.,True,6998455000.0,,equity_times_pbr,,,,,True,False
9830,9830.T,TRUSCO NAKAYAMA CORPORATION,True,186252000000.0,,equity_times_pbr,,,,,True,False
8230,8230.T,"HASEGAWA CO.,LTD.",True,12542000000.0,,equity_times_pbr,,,,,True,False
9310,9310.T,Japan Transcity Corporation,True,95574000000.0,,equity_times_pbr,,,,,True,False
1964,1964.T,"Chugai Ro Co.,Ltd.",True,28609000000.0,,equity_times_pbr,,,,,True,False
8871,8871.T,"GOLDCREST Co.,Ltd.",True,133777000000.0,,equity_times_pbr,,,,,True,False
9974,9974.T,"Belc CO.,LTD.",True,120592000000.0,,equity_times_pbr,,,,,True,False
1376,1376.T,"KANEKO SEEDS CO.,LTD.",True,25013918000.0,,equity_times_pbr,,,,,True,False
1433,1433.T,"BESTERRA CO.,LTD",True,5397535000.0,,equity_times_pbr,,,,,True,False
8304,8304.T,"Aozora Bank,Ltd.",False,478040000000.0,,equity_times_pbr,,,,,True,False
9279,9279.T,GIFT HOLDINGS INC.,True,10380083000.0,,equity_times_pbr,,,,,True,False
5464,5464.T,MORY INDUSTRIES INC.,True,55572000000.0,,equity_times_pbr,,,,,True,False
5834,5834.T,"SBI Leasing Services Co.,Ltd.",False,25173000000.0,,equity_times_pbr,,,,,True,False
7435,7435.T,"NADEX CO.,LTD.",True,18936805000.0,,equity_times_pbr,,,,,True,False
9835,9835.T,"JUNTENDO CO.,LTD.",True,12590348000.0,,equity_times_pbr,,,,,False,False
4664,4664.T,JAPAN RELIANCE SERVICE CORPORATION,True,2177557000.0,,equity_times_pbr,,,,,True,False
8919,8919.T,"KATITAS CO.,LTD",True,45719000000.0,,equity_times_pbr,,,,,True,False
7943,7943.T,NICHIHA CORPORATION,True,124157000000.0,,equity_times_pbr,,,,,True,False
7709,7709.T,KUBOTEK CORPORATION,True,1951750000.0,,equity_times_pbr,,,,,False,False
7375,7375.T,"REFINVERSE Group,Inc.",True,274406000.0,,equity_times_pbr,,,,,True,False
6554,6554.T,"SUS Co.,Ltd.",True,4317000000.0,,equity_times_pbr,,,,,True,False
3157,3157.T,GEOLIVE Group Corporation,True,23302000000.0,,equity_times_pbr,,,,,True,False
7885,7885.T,"TAKANO Co.,Ltd.",True,31906944000.0,,equity_times_pbr,,,,,True,False
3300,3300.T,"AMBITION DX HOLDINGS Co.,Ltd.",True,8362909000.0,,equity_times_pbr,,,,,True,False
7515,7515.T,Maruyoshi Center Inc.,True,3534703000.0,,equity_times_pbr,,,,,True,False
8095,8095.T,"Astena Holdings Co.,Ltd.",True,27397000000.0,,equity_times_pbr,,,,,True,False
3566,3566.T,"UNIFORM NEXT CO.,LTD.",True,3855410000.0,,equity_times_pbr,,,,,True,False
3482,3482.T,Loadstar Capital K.K.,True,32943000000.0,,equity_times_pbr,,,,,True,False
7624,7624.T,"Naito & Co.,Ltd.",True,13138000000.0,,equity_times_pbr,,,,,True,False
9856,9856.T,"KU HOLDINGS CO.,LTD.",True,67971000000.0,,equity_times_pbr,,,,,True,False
1873,1873.T,"NIHON HOUSE HOLDINGS CO.,LTD.",True,22031000000.0,,equity_times_pbr,,,,,True,False
3537,3537.T,"SHOEI YAKUHIN CO.,LTD.",True,8935960000.0,,equity_times_pbr,,,,,True,False
5011,5011.T,"NICHIREKI GROUP CO.,LTD.",True,77320000000.0,,equity_times_pbr,,,,,True,False
8022,8022.T,Mizuno Corporation,True,157121000000.0,,equity_times_pbr,,,,,True,False
9130,9130.T,"KYOEI TANKER CO.,LTD.",False,25059934000.0,,equity_times_pbr,,,,,True,False
6050,6050.T,E-Guardian Inc.,True,12053155000.0,,equity_times_pbr,,,,,True,False
9828,9828.T,Genki Global Dining Concepts Corporation,True,17060000000.0,,equity_times_pbr,,,,,True,False
3151,3151.T,"VITAL KSK HOLDINGS,INC.",True,107306000000.0,,equity_times_pbr,,,,,True,False
9369,9369.T,K.R.S.Corporation,True,57162000000.0,,equity_times_pbr,,,,,True,False
7520,7520.T,"Eco's Co.,Ltd.",True,29739000000.0,,equity_times_pbr,,,,,True,False
5955,5955.T,"WISE HOLDINGS CO.,LTD.",True,12332211000.0,,equity_times_pbr,,,,,True,False
3908,3908.T,Collabos Corporation,True,1291710000.0,,equity_times_pbr,,,,,True,False
3457,3457.T,"&Do Holdings Co.,Ltd.",True,18453000000.0,,equity_times_pbr,,,,,True,False
3375,3375.T,ZOA CORPORATION,True,2933659000.0,,equity_times_pbr,,,,,True,False
8138,8138.T,SANKYO KASEI CORPORATION,True,8712096000.0,,equity_times_pbr,,,,,True,False
2292,2292.T,S Foods Inc.,True,140672000000.0,,equity_times_pbr,,,,,True,False
8789,8789.T,FinTech Global Incorporated,False,12042174000.0,,equity_times_pbr,,,,,True,False
8877,8877.T,ESLEAD CORPORATION,True,73460423000.0,,equity_times_pbr,,,,,True,False
7532,7532.T,Pan Pacific International Holdings Corporation,True,629753000000.0,2461835460608.0,yfinance_market_cap,0.2558062917188096,3.5880477,0.03710727278964402,24.611477,True,True
3662,3662.T,"Ateam Holdings Co.,Ltd.",True,9169000000.0,,equity_times_pbr,,,,,True,False
7792,7792.T,"Colan Totte.Co.,Ltd.",True,5170603000.0,,equity_times_pbr,,,,,True,False
9946,9946.T,"MINISTOP CO.,LTD.",True,27163000000.0,,equity_times_pbr,,,,,False,False
7222,7222.T,"NISSAN SHATAI CO.,LTD.",True,176561000000.0,,equity_times_pbr,,,,,True,False
4054,4054.T,"Japan PropTech Co.,Ltd.",True,3901757000.0,,equity_times_pbr,,,,,True,False
3490,3490.T,"Azplanning Co.,Ltd.",True,3994017000.0,,equity_times_pbr,,,,,True,False
7480,7480.T,SUZUDEN CORPORATION,True,18694339000.0,,equity_times_pbr,,,,,True,False
9278,9278.T,BOOKOFF GROUP HOLDINGS LIMITED,True,18867000000.0,,equity_times_pbr,,,,,True,False
4019,4019.T,"Stmn,Inc.",True,1586405000.0,,equity_times_pbr,,,,,True,False
4382,4382.T,"HEROZ,Inc.",True,5345260000.0,,equity_times_pbr,,,,,False,False
3496,3496.T,"AZOOM CO.,LTD",True,6831225000.0,,equity_times_pbr,,,,,True,False
5845,5845.T,"ZENHOREN CO.,LTD.",False,7193000000.0,,equity_times_pbr,,,,,True,False
3690,3690.T,YRGLM Inc.,True,1684802000.0,,equity_times_pbr,,,,,False,False
8713,8713.T,FIDEA Holdings Co.Ltd.,False,95140000000.0,,equity_times_pbr,,,,,True,False
4445,4445.T,Living Technologies Inc.,True,1732555000.0,,equity_times_pbr,,,,,True,False
8070,8070.T,"TOKYO SANGYO CO.,LTD.",True,21000000000.0,,equity_times_pbr,,,,,True,False
7057,7057.T,"New Constructor's Network Co.,Ltd.",True,2324680000.0,,equity_times_pbr,,,,,True,False
9562,9562.T,Business Coach Inc.,True,771129000.0,,equity_times_pbr,,,,,True,False
6533,6533.T,Orchestra Holdings Inc.,True,6050398000.0,,equity_times_pbr,,,,,False,False
8123,8123.T,"T.KAWABE & CO.,LTD.",True,7087704000.0,,equity_times_pbr,,,,,True,False
7042,7042.T,"ACCESS GROUP HOLDINGS CO.,LTD.",True,1184279000.0,,equity_times_pbr,,,,,True,False
9115,9115.T,"Meiji Shipping Group Co.,Ltd.",True,91214584000.0,,equity_times_pbr,,,,,True,False
3199,3199.T,"Watahan & Co.,Ltd.",True,23240000000.0,,equity_times_pbr,,,,,True,False
3161,3161.T,AZEARTH Corporation,True,6768319000.0,,equity_times_pbr,,,,,True,False
5986,5986.T,"MOLITEC STEEL CO.,LTD.",True,14611016000.0,,equity_times_pbr,,,,,True,False
2055,2055.T,"NICHIWA SANGYO CO.,LTD.",True,18303000000.0,,equity_times_pbr,,,,,True,False
4932,4932.T,"ALMADO,INC.",True,3119991000.0,,equity_times_pbr,,,,,True,False
7370,7370.T,"Enjin Co.,Ltd.",True,4656012000.0,,equity_times_pbr,,,,,True,False
5603,5603.T,KOGI CORPORATION,True,18048000000.0,,equity_times_pbr,,,,,True,False
7944,7944.T,Roland Corporation,True,41364000000.0,,equity_times_pbr,,,,,True,False
2337,2337.T,Ichigo Inc.,True,116754000000.0,,equity_times_pbr,,,,,True,False
3030,3030.T,"HUB CO.,LTD.",True,3407606000.0,,equity_times_pbr,,,,,True,False
2930,2930.T,Kitanotatsujin Corporation,True,8171790000.0,,equity_times_pbr,,,,,True,False
9245,9245.T,Livero Inc.,True,2658990000.0,,equity_times_pbr,,,,,True,False
4241,4241.T,atect corporation,True,1787499000.0,,equity_times_pbr,,,,,True,False
7814,7814.T,"JAPAN Creative Platform Group Co.,Ltd.",True,21283000000.0,,equity_times_pbr,,,,,True,False
6464,6464.T,"TSUBAKI NAKASHIMA CO.,LTD.",False,28577000000.0,,equity_times_pbr,,,,,False,False
3895,3895.T,HAVIX CORPORATION,True,7264884000.0,,equity_times_pbr,,,,,True,False
8273,8273.T,"IZUMI CO.,LTD.",True,307939000000.0,,equity_times_pbr,,,,,True,False
7827,7827.T,ORVIS CORPORATION,True,5767201000.0,,equity_times_pbr,,,,,True,False
3093,3093.T,"Treasure Factory Co.,LTD.",True,12900000000.0,,equity_times_pbr,,,,,True,False
3284,3284.T,"Hoosiers Holdings Co.,Ltd.",True,47894000000.0,,equity_times_pbr,,,,,True,False
8772,8772.T,"ASAX CO.,LTD.",False,49054015000.0,,equity_times_pbr,,,,,True,False
9987,9987.T,"SUZUKEN CO.,LTD.",True,407420000000.0,,equity_times_pbr,,,,,True,False
7516,7516.T,"KOHNAN SHOJI CO.,LTD.",True,173849000000.0,,equity_times_pbr,,,,,True,False
2654,2654.T,ASMO CORPORATION,True,6640874000.0,,equity_times_pbr,,,,,True,False
4849,4849.T,en Inc.,True,48306000000.0,,equity_times_pbr,,,,,True,False
1850,1850.T,"Nankai Tatsumura Construction Co.,Ltd.",True,17290000000.0,,equity_times_pbr,,,,,True,False
3501,3501.T,"SUMINOE Co.,Ltd.",True,37163000000.0,,equity_times_pbr,,,,,True,False
7975,7975.T,"LIHIT LAB.,INC.",True,10978921000.0,,equity_times_pbr,,,,,True,False
7414,7414.T,"ONOKEN CO.,LTD.",True,98273000000.0,,equity_times_pbr,,,,,True,False
8147,8147.T,TOMITA CO.LTD.,True,12208056000.0,,equity_times_pbr,,,,,True,False
7128,7128.T,UNISOL Holdings Corporation,True,73876000000.0,,equity_times_pbr,,,,,True,False
9227,9227.T,"Microwave Chemical Co.,Ltd.",True,2871747000.0,,equity_times_pbr,,,,,True,False
7636,7636.T,"HANDSMAN CO.,LTD",True,18102000000.0,,equity_times_pbr,,,,,True,False
5036,5036.T,"Japan Business Systems,Inc.",True,27244000000.0,,equity_times_pbr,,,,,True,False
9041,9041.T,"Kintetsu Group Holdings Co.,Ltd.",True,613723000000.0,,equity_times_pbr,,,,,True,False
3475,3475.T,"Good Com Asset Co.,Ltd.",True,14546278000.0,,equity_times_pbr,,,,,True,False
5283,5283.T,"TAKAMISAWA CO.,LTD.",True,14748000000.0,,equity_times_pbr,,,,,True,False
3382,3382.T,"Seven & i Holdings Co.,Ltd.",True,3648195000000.0,4239736176640.0,yfinance_market_cap,0.8604768900717785,1.1710207,0.07054471965683258,15.435112,True,True
2750,2750.T,"S.ISHIMITSU&CO.,LTD.",True,13900966000.0,,equity_times_pbr,,,,,True,False
6625,6625.T,JALCO Holdings Inc.,True,19082629000.0,,equity_times_pbr,,,,,True,False
4051,4051.T,"GMO Financial Gate,Inc.",True,6251476000.0,,equity_times_pbr,,,,,True,False
5461,5461.T,"Chubu Steel Plate Co.,Ltd.",True,76022000000.0,,equity_times_pbr,,,,,True,False
4707,4707.T,KITAC CORPORATION,True,3532524000.0,,equity_times_pbr,,,,,True,False
8383,8383.T,"THE TOTTORI BANK,LTD.",False,48494000000.0,,equity_times_pbr,,,,,True,False
9365,9365.T,TRADIA CORPORATION,False,4650722000.0,,equity_times_pbr,,,,,True,False
1443,1443.T,"Giken Holdings Co.,Ltd.",True,10916029000.0,,equity_times_pbr,,,,,True,False
2293,2293.T,"TAKIZAWA HAM CO.,LTD.",True,3480730000.0,,equity_times_pbr,,,,,False,False
1768,1768.T,SONEC CORPORATION,True,9059125000.0,,equity_times_pbr,,,,,True,False
7538,7538.T,"DAISUI CO.,LTD.",True,11457000000.0,,equity_times_pbr,,,,,True,False
9514,9514.T,EF-ON INC.,True,18684000000.0,,equity_times_pbr,,,,,True,False
7805,7805.T,PRINTNET INC.,True,4170221000.0,,equity_times_pbr,,,,,True,False
8308,8308.T,"Resona Holdings, Inc.",False,2752815000000.0,4538389495808.0,yfinance_market_cap,0.6065620860754036,1.5621245,0.05796064886959813,17.702108,True,True
7127,7127.T,"Ikka Holdings Co.,Ltd.",True,1209667000.0,,equity_times_pbr,,,,,False,False
8159,8159.T,"TACHIBANA ELETECH CO.,LTD.",True,94992000000.0,,equity_times_pbr,,,,,True,False
7795,7795.T,"KYORITSU CO.,LTD.",True,17643343000.0,,equity_times_pbr,,,,,True,False
7867,7867.T,"TOMY COMPANY,LTD.",True,106398000000.0,,equity_times_pbr,,,,,True,False
2933,2933.T,KIBUN FOODS INC.,True,21268223000.0,,equity_times_pbr,,,,,True,False
5204,5204.T,"ISHIZUKA GLASS CO.,LTD.",True,35332000000.0,,equity_times_pbr,,,,,True,False
3467,3467.T,Agratio urban design Inc.,True,7301336000.0,,equity_times_pbr,,,,,True,False
7134,7134.T,"UP GARAGE GROUP Co.,Ltd.",True,4646348000.0,,equity_times_pbr,,,,,True,False
7476,7476.T,AS ONE CORPORATION,True,66709000000.0,,equity_times_pbr,,,,,True,False
7413,7413.T,"Sokensha Co.,Ltd.",True,1160574000.0,,equity_times_pbr,,,,,True,False
1764,1764.T,KUDO CORPORATION,True,5379491000.0,,equity_times_pbr,,,,,True,False
9010,9010.T,"FUJI KYUKO CO.,LTD.",True,36786623000.0,,equity_times_pbr,,,,,True,False
7791,7791.T,"DREAMBED CO.,LTD.",True,4508136000.0,,equity_times_pbr,,,,,True,False
3280,3280.T,"STrust Co.,Ltd.",True,10820000000.0,,equity_times_pbr,,,,,True,False
3955,3955.T,"IMURA & Co.,Ltd.",True,17957000000.0,,equity_times_pbr,,,,,True,False
5078,5078.T,CEL Corporation,True,21116453000.0,,equity_times_pbr,,,,,True,False
6584,6584.T,"Sanoh Industrial Co.,Ltd.",True,48087000000.0,,equity_times_pbr,,,,,True,False
4398,4398.T,"BroadBand Security,Inc.",True,2107806000.0,,equity_times_pbr,,,,,True,False
9423,9423.T,Forval RealStraight Inc.,True,639891000.0,,equity_times_pbr,,,,,True,False
8137,8137.T,SUN-WA TECHNOS CORPORATION,True,49112000000.0,,equity_times_pbr,,,,,True,False
3035,3035.T,ktk INC.,True,4477758000.0,,equity_times_pbr,,,,,True,False
7358,7358.T,Poppins Corporation,True,9261000000.0,,equity_times_pbr,,,,,True,False
8194,8194.T,LIFE CORPORATION,True,155534000000.0,,equity_times_pbr,,,,,True,False
5697,5697.T,"SANYU CO.,LTD.",True,10546724000.0,,equity_times_pbr,,,,,True,False
3222,3222.T,United Super Markets Holdings Inc.,True,200671000000.0,,equity_times_pbr,,,,,False,False
4539,4539.T,"NIPPON CHEMIPHAR CO.,LTD.",True,19167000000.0,,equity_times_pbr,,,,,True,False
8091,8091.T,"NICHIMO CO.,LTD.",True,30229000000.0,,equity_times_pbr,,,,,True,False
7554,7554.T,KOURAKUEN CORPORATION,True,5992256000.0,,equity_times_pbr,,,,,True,False
3549,3549.T,"KUSURI NO AOKI HOLDINGS CO.,LTD.",True,145759000000.0,,equity_times_pbr,,,,,True,False
7453,7453.T,"RYOHIN KEIKAKU CO.,LTD.",True,335920000000.0,1951324831744.0,yfinance_market_cap,0.1721497080010871,5.339352,0.026070492812072226,32.757084,True,True
3580,3580.T,"KOMATSU MATERE Co.,Ltd.",True,39701000000.0,,equity_times_pbr,,,,,True,False
3299,3299.T,"MUGEN ESTATE Co.,Ltd.",True,35802000000.0,,equity_times_pbr,,,,,True,False
6166,6166.T,"NAKAMURA CHOUKOU CO.,LTD.",True,-1717851000.0,,equity_times_pbr,,,,,False,False
2938,2938.T,"Okamura Foods Co.,Ltd.",True,16043000000.0,,equity_times_pbr,,,,,True,False
2685,2685.T,"and ST HD Co.,Ltd.",True,81823000000.0,,equity_times_pbr,,,,,True,False
6335,6335.T,"TOKYO KIKAI SEISAKUSHO,LTD.",True,9270280000.0,,equity_times_pbr,,,,,True,False
4417,4417.T,Global Security Experts Inc.,True,3078911000.0,,equity_times_pbr,,,,,True,False
5310,5310.T,"TOYO TANSO CO.,LTD.",True,97551000000.0,,equity_times_pbr,,,,,True,False
1887,1887.T,JDC CORPORATION,True,66429000000.0,,equity_times_pbr,,,,,True,False
3186,3186.T,"NEXTAGE Co.,Ltd.",True,79313000000.0,,equity_times_pbr,,,,,True,False
3024,3024.T,CREATE CORPORATION,True,5325415000.0,,equity_times_pbr,,,,,True,False
6222,6222.T,"SHIMA SEIKI MFG.,LTD.",True,77740000000.0,,equity_times_pbr,,,,,False,False
7606,7606.T,UNITED ARROWS LTD.,True,38122000000.0,,equity_times_pbr,,,,,True,False
3011,3011.T,"BANNERS CO.,LTD.",True,2660652000.0,,equity_times_pbr,,,,,True,False
2454,2454.T,"All About,Inc.",True,4447276000.0,,equity_times_pbr,,,,,False,False
3958,3958.T,"Sasatoku Printing Co.,Ltd.",True,9148127000.0,,equity_times_pbr,,,,,True,False
2385,2385.T,Soiken Holdings Inc.,True,6037741000.0,,equity_times_pbr,,,,,True,False
7841,7841.T,"ENDO MANUFACTURING CO.,LTD.",True,23297091000.0,,equity_times_pbr,,,,,True,False
8129,8129.T,"TOHO HOLDINGS CO.,LTD.",True,256897000000.0,,equity_times_pbr,,,,,True,False
3277,3277.T,"Sansei Landic Co.,Ltd",True,13570032000.0,,equity_times_pbr,,,,,True,False
9305,9305.T,Yamatane Corporation,True,58384000000.0,,equity_times_pbr,,,,,True,False
4286,4286.T,CL Holdings Inc.,False,7344236000.0,,equity_times_pbr,,,,,True,False
7041,7041.T,"CRG HOLDINGS CO.,LTD.",True,2921059000.0,,equity_times_pbr,,,,,True,False
9560,9560.T,PROGRIT Inc.,True,2280733000.0,,equity_times_pbr,,,,,True,False
5423,5423.T,"TOKYO STEEL MANUFACTURING CO.,LTD.",True,209918000000.0,,equity_times_pbr,,,,,True,False
7126,7126.T,"Global Style Co.,Ltd.",True,2911514000.0,,equity_times_pbr,,,,,True,False
3639,3639.T,Voltage Incorporation,True,2196611000.0,,equity_times_pbr,,,,,True,False
2984,2984.T,"Yamaichi Real Estate Co.,Ltd",True,13662123000.0,,equity_times_pbr,,,,,True,False
1826,1826.T,"Sata Construction Co.,Ltd.",True,15522000000.0,,equity_times_pbr,,,,,True,False
5582,5582.T,GRID Inc.,True,3940043000.0,,equity_times_pbr,,,,,True,False
7552,7552.T,HAPPINET CORPORATION,True,55672000000.0,,equity_times_pbr,,,,,True,False
5028,5028.T,"SecondXight Analytica,Inc.",True,970884000.0,,equity_times_pbr,,,,,True,False
2266,2266.T,"ROKKO BUTTER CO.,LTD.",True,33325740000.0,,equity_times_pbr,,,,,True,False
3788,3788.T,GMO GlobalSign Holdings K.K.,True,10350478000.0,,equity_times_pbr,,,,,True,False
8609,8609.T,OKASAN SECURITIES GROUP INC.,False,208232000000.0,,equity_times_pbr,,,,,True,False
5210,5210.T,"Nihon Yamamura Glass Co.,Ltd.",True,54377000000.0,,equity_times_pbr,,,,,True,False
1914,1914.T,"JAPAN FOUNDATION ENGINEERING CO.,LTD.",False,22953266000.0,,equity_times_pbr,,,,,True,False
1444,1444.T,"Nissou Co.,Ltd.",True,1768105000.0,,equity_times_pbr,,,,,True,False
7172,7172.T,"Japan Investment Adviser Co.,Ltd.",False,80465000000.0,,equity_times_pbr,,,,,True,False
8700,8700.T,"Maruhachi Securities Co.,Ltd.",False,7834672000.0,,equity_times_pbr,,,,,True,False
5446,5446.T,"HOKUETSU METAL Co.,Ltd.",True,17793250000.0,,equity_times_pbr,,,,,True,False
8088,8088.T,IWATANI  CORPORATION,True,397191000000.0,,equity_times_pbr,,,,,True,False
5572,5572.T,Ridge-i Inc.,True,2458780000.0,,equity_times_pbr,,,,,True,False
6186,6186.T,"ICHIKURA CO.,LTD.",True,4635430000.0,,equity_times_pbr,,,,,False,False
4616,4616.T,"KAWAKAMI PAINT MANUFACTURING CO.,LTD.",True,3334764000.0,,equity_times_pbr,,,,,True,False
4168,4168.T,"Yappli,Inc.",True,2961362000.0,,equity_times_pbr,,,,,True,False
3548,3548.T,BAROQUE JAPAN LIMITED,True,14705000000.0,,equity_times_pbr,,,,,True,False
8931,8931.T,WADAKOHSAN CORPORATION,True,34721356000.0,,equity_times_pbr,,,,,True,False
8331,8331.T,"The Chiba Bank,Ltd.",False,1145190000000.0,1584691806208.0,yfinance_market_cap,0.7226578666676636,1.2660328,0.04686021579028287,17.054205,True,True
7812,7812.T,CRESTEC Inc.,True,8931404000.0,,equity_times_pbr,,,,,True,False
9823,9823.T,Mammy Mart Holdings Corporation,True,42416000000.0,,equity_times_pbr,,,,,True,False
7294,7294.T,YOROZU CORPORATION,True,61204000000.0,,equity_times_pbr,,,,,False,False
9337,9337.T,toridori Inc.,True,2037390000.0,,equity_times_pbr,,,,,True,False
5440,5440.T,KYOEI STEEL LTD.,True,209157000000.0,,equity_times_pbr,,,,,True,False
3927,3927.T,Fuva Brain Limited,True,1729623000.0,,equity_times_pbr,,,,,True,False
5287,5287.T,"ITO YOGYO CO.,LTD.",True,3696307000.0,,equity_times_pbr,,,,,True,False
2983,2983.T,"Arr Planner Co.,Ltd.",True,7816509000.0,,equity_times_pbr,,,,,True,False
2666,2666.T,"AUTOWAVE Co.,Ltd.",True,4139399000.0,,equity_times_pbr,,,,,True,False
7646,7646.T,"PLANT Co.,Ltd.",True,15321000000.0,,equity_times_pbr,,,,,True,False
8097,8097.T,"SAN-AI OBBLI CO.,LTD.",True,120023000000.0,,equity_times_pbr,,,,,True,False
3627,3627.T,TECMIRA HOLDINGS INC.,True,6046159000.0,,equity_times_pbr,,,,,True,False
8244,8244.T,"Kintetsu Department Store CO.,Ltd.",True,45825000000.0,,equity_times_pbr,,,,,True,False
5074,5074.T,"TESS Holdings Co.,Ltd.",True,42853000000.0,,equity_times_pbr,,,,,True,False
1945,1945.T,TOKYO ENERGY & SYSTEMS INC.,True,68427000000.0,,equity_times_pbr,,,,,True,False
1822,1822.T,DAIHO CORPORATION,True,73065000000.0,,equity_times_pbr,,,,,True,False
9872,9872.T,"KITAKEI CO.,LTD.",True,14058000000.0,,equity_times_pbr,,,,,True,False
3989,3989.T,SHARINGTECHNOLOGY.INC,False,5041775000.0,,equity_times_pbr,,,,,True,False
8706,8706.T,"KYOKUTO SECURITIES CO.,LTD.",False,51609000000.0,,equity_times_pbr,,,,,True,False
5578,5578.T,"AR advanced technology,Inc.",True,2169029000.0,,equity_times_pbr,,,,,True,False
8007,8007.T,"Takashima & Co.,Ltd.",True,23924000000.0,,equity_times_pbr,,,,,True,False
4484,4484.T,"LANCERS,INC.",True,1458678000.0,,equity_times_pbr,,,,,True,False
7670,7670.T,O-WELL CORPORATION,True,21539000000.0,,equity_times_pbr,,,,,True,False
5870,5870.T,Nalnet Communications Inc.,True,3428627000.0,,equity_times_pbr,,,,,True,False
8848,8848.T,LEOPALACE21 CORPORATION,True,88268000000.0,,equity_times_pbr,,,,,True,False
2733,2733.T,ARATA CORPORATION,True,116557000000.0,,equity_times_pbr,,,,,True,False
5125,5125.T,Fines inc.,True,2188996000.0,,equity_times_pbr,,,,,True,False
8584,8584.T,"JACCS CO.,LTD.",False,255809000000.0,,equity_times_pbr,,,,,True,False
3320,3320.T,CROSS PLUS INC.,True,19474000000.0,,equity_times_pbr,,,,,True,False
7863,7863.T,"HIRAGA CO.,LTD.",True,4142726000.0,,equity_times_pbr,,,,,True,False
7212,7212.T,F-TECH INC.,True,64246000000.0,,equity_times_pbr,,,,,False,False
1776,1776.T,"SUMIKEN MITSUI ROAD CO., LTD.",True,13560000000.0,,equity_times_pbr,,,,,True,False
8281,8281.T,"XEBIO holdings CO.,LTD.",True,122131000000.0,,equity_times_pbr,,,,,True,False
3612,3612.T,"WORLD CO.,LTD.",False,29646000000.0,,equity_times_pbr,,,,,True,False
8771,8771.T,"eGuarantee,Inc.",False,26391332000.0,,equity_times_pbr,,,,,True,False
3193,3193.T,"Eternal Hospitality Group Co.,Ltd.",True,9825508000.0,,equity_times_pbr,,,,,True,False
7980,7980.T,"SHIGEMATSU WORKS CO.,LTD.",True,8565248000.0,,equity_times_pbr,,,,,True,False
4479,4479.T,"Makuake,Inc.",True,5416509000.0,,equity_times_pbr,,,,,True,False
1491,1491.T,"Chugai Mining Co.,Ltd.",True,8183664000.0,,equity_times_pbr,,,,,True,False
2212,2212.T,"YAMAZAKI BAKING CO.,LTD.",True,510828000000.0,,equity_times_pbr,,,,,True,False
8029,8029.T,LOOK HOLDINGS INCORPORATED,True,40456000000.0,,equity_times_pbr,,,,,True,False
3695,3695.T,"GMO Product Platform,Inc.",True,2455016000.0,,equity_times_pbr,,,,,True,False
3197,3197.T,"SKYLARK HOLDINGS CO.,LTD.",False,77562000000.0,616691400704.0,yfinance_market_cap,0.12577117162888454,3.245304,0.027142330581643857,36.84282,False,True
4237,4237.T,Fujipream Corporation,True,10016928000.0,,equity_times_pbr,,,,,True,False
4015,4015.T,Paycloud Holdings Inc.,True,4597177000.0,,equity_times_pbr,,,,,True,False
7192,7192.T,Mortgage Service Japan Limited,False,8777118000.0,,equity_times_pbr,,,,,True,False
4197,4197.T,"ASMARQ Co.,Ltd.",True,1592244000.0,,equity_times_pbr,,,,,True,False
3953,3953.T,"OHMURA SHIGYO CO.,LTD.",True,4880176000.0,,equity_times_pbr,,,,,False,False
7089,7089.T,"for Startups,Inc.",True,2479118000.0,,equity_times_pbr,,,,,True,False
5381,5381.T,Mipox Corporation,True,8463434000.0,,equity_times_pbr,,,,,True,False
3660,3660.T,istyle Inc.,True,17007000000.0,,equity_times_pbr,,,,,True,False
8793,8793.T,NEC Capital Solutions Limited,False,142385000000.0,,equity_times_pbr,,,,,True,False
3910,3910.T,MKSystem Corporation,True,940112000.0,,equity_times_pbr,,,,,False,False
4350,4350.T,"MEDICAL SYSTEM NETWORK Co.,Ltd.",True,22067000000.0,,equity_times_pbr,,,,,True,False
8158,8158.T,"SODA NIKKA CO.,LTD.",True,29535000000.0,,equity_times_pbr,,,,,True,False
3914,3914.T,JIG-SAW INC.,True,3368001000.0,,equity_times_pbr,,,,,True,False
7305,7305.T,"ARAYA INDUSTRIAL CO.,LTD.",True,31578000000.0,,equity_times_pbr,,,,,True,False
4429,4429.T,"Ricksoft Co.,Ltd.",True,3316427000.0,,equity_times_pbr,,,,,True,False
4433,4433.T,"HITO-Communications Holdings,Inc.",True,18907000000.0,,equity_times_pbr,,,,,True,False
7847,7847.T,GRAPHITE DESIGN INC.,True,5022615000.0,,equity_times_pbr,,,,,True,False
9997,9997.T,"BELLUNA CO.,LTD.",True,141656000000.0,,equity_times_pbr,,,,,True,False
5987,5987.T,ONEX Corporation,True,5437204000.0,,equity_times_pbr,,,,,False,False
3139,3139.T,"Lacto Japan Co.,Ltd.",True,32448000000.0,,equity_times_pbr,,,,,True,False
3758,3758.T,Aeria Inc.,True,9231000000.0,,equity_times_pbr,,,,,True,False
6613,6613.T,"QD Laser,Inc.",True,6252463000.0,101378433024.0,yfinance_market_cap,0.06167448848336226,20.676355,0.0012794057006991569,781.6129,False,True
9902,9902.T,NICHIDEN Corporation,True,86231000000.0,,equity_times_pbr,,,,,True,False
4538,4538.T,"Fuso Pharmaceutical Industries,Ltd.",True,35728000000.0,,equity_times_pbr,,,,,False,False
4735,4735.T,"KYOSHIN CO.,LTD.",True,3907333000.0,,equity_times_pbr,,,,,True,False
7512,7512.T,Aeon Hokkaido Corporation,True,74357000000.0,,equity_times_pbr,,,,,True,False
4334,4334.T,"YUKE'S Co.,Ltd.",True,2644520000.0,,equity_times_pbr,,,,,True,False
2216,2216.T,Kanro Inc.,True,18984919000.0,,equity_times_pbr,,,,,True,False
4920,4920.T,"Nippon Shikizai,Inc.",True,4244033000.0,,equity_times_pbr,,,,,True,False
7185,7185.T,Hirose Tusyo Inc.,False,19766605000.0,,equity_times_pbr,,,,,True,False
8572,8572.T,"ACOM CO.,LTD.",False,709035000000.0,,equity_times_pbr,,,,,True,False
8595,8595.T,"JAFCO Group Co.,Ltd.",False,141126000000.0,,equity_times_pbr,,,,,True,False
9353,9353.T,"SAKURAJIMA FUTO KAISHA,LTD.",True,6970614000.0,,equity_times_pbr,,,,,True,False
7820,7820.T,"NIHON FLUSH CO.,LTD.",True,31036654000.0,,equity_times_pbr,,,,,False,False
4736,4736.T,Nippon RAD Inc.,True,3388770000.0,,equity_times_pbr,,,,,True,False
7922,7922.T,"SANKO SANGYO CO.,LTD.",True,8775616000.0,,equity_times_pbr,,,,,False,False
3028,3028.T,"Alpen Co.,Ltd.",True,121142000000.0,,equity_times_pbr,,,,,True,False
4516,4516.T,"Nippon Shinyaku Co.,Ltd.",False,216709000000.0,,equity_times_pbr,,,,,True,False
8585,8585.T,Orient Corporation,False,246559000000.0,,equity_times_pbr,,,,,True,False
8167,8167.T,"RETAIL PARTNERS CO.,LTD.",True,91701000000.0,,equity_times_pbr,,,,,True,False
3092,3092.T,"ZOZO,Inc.",True,106818000000.0,900242931712.0,yfinance_market_cap,0.11865463891714569,8.430363,0.05090292673873505,18.79616,True,True
6049,6049.T,ItoKuro Inc.,True,9215609000.0,,equity_times_pbr,,,,,True,False
3863,3863.T,"Nippon Paper Industries Co.,Ltd.",True,510435000000.0,,equity_times_pbr,,,,,True,False
2926,2926.T,"SHINOZAKIYA,INC.",True,1048709000.0,,equity_times_pbr,,,,,True,False
3132,3132.T,"MACNICA HOLDINGS,INC.",True,261477000000.0,,equity_times_pbr,,,,,True,False
6560,6560.T,"LTS,Inc.",True,4763000000.0,,equity_times_pbr,,,,,True,False
3417,3417.T,"OHKI HEALTHCARE HOLDINGS CO.,LTD.",True,31055000000.0,,equity_times_pbr,,,,,True,False
2986,2986.T,"LA Holdings Co.,Ltd.",True,29949217000.0,,equity_times_pbr,,,,,True,False
2918,2918.T,"WARABEYA NICHIYO HOLDINGS CO.,LTD.",True,62131000000.0,,equity_times_pbr,,,,,True,False
2790,2790.T,"NAFCO Co.,Ltd.",True,156419000000.0,,equity_times_pbr,,,,,True,False
5285,5285.T,YAMAX Corp.,True,8622596000.0,,equity_times_pbr,,,,,True,False
8058,8058.T,Mitsubishi Corporation,False,4003580000000.0,18018235056128.0,yfinance_market_cap,0.22219601351234358,1.9085968,0.044804443802915005,23.467976,True,True
6193,6193.T,"Virtualex Holdings,Inc.",True,1773241000.0,,equity_times_pbr,,,,,True,False
5889,5889.T,"Japan Eyewear Holdings Co.,Ltd.",False,11191000000.0,,equity_times_pbr,,,,,True,False
5256,5256.T,"Fusic Co.,Ltd.",True,1136655000.0,,equity_times_pbr,,,,,True,False
5021,5021.T,"COSMO ENERGY HOLDINGS COMPANY,LIMITED",True,707477000000.0,,equity_times_pbr,,,,,True,False
2170,2170.T,Link and Motivation Inc.,False,11512000000.0,,equity_times_pbr,,,,,True,False
7832,7832.T,Bandai Namco Holdings Inc.,True,793216000000.0,2386522800128.0,yfinance_market_cap,0.3323731078359931,2.7725124,0.05420354668015824,17.118279,True,True
5273,5273.T,"MITANI SEKISAN CO.,LTD.",True,90542000000.0,,equity_times_pbr,,,,,True,False
8697,8697.T,"Japan Exchange Group,Inc.",False,107345000000.0,2064593190912.0,yfinance_market_cap,0.051993293629231684,5.984072,0.024739982784423083,26.128529,True,True
3676,3676.T,"DIGITAL HEARTS HOLDINGS Co.,Ltd.",True,9298826000.0,,equity_times_pbr,,,,,True,False
7325,7325.T,IRRC Corporation,False,3944653000.0,,equity_times_pbr,,,,,True,False
4397,4397.T,TeamSpirit Inc.,True,1623923000.0,,equity_times_pbr,,,,,True,False
3034,3034.T,"Qol Holdings Co.,Ltd.",True,62138000000.0,,equity_times_pbr,,,,,True,False
7951,7951.T,YAMAHA CORPORATION,False,295313000000.0,,equity_times_pbr,,,,,True,False
3077,3077.T,"Horiifoodservice Co.,Ltd.",True,1076939000.0,,equity_times_pbr,,,,,True,False
5609,5609.T,NIPPON CHUZO K.K.,True,11885000000.0,,equity_times_pbr,,,,,True,False
5262,5262.T,Nippon Hume Corporation,True,43083062000.0,,equity_times_pbr,,,,,True,False
6027,6027.T,"Bengo4.com,Inc.",True,5438960000.0,,equity_times_pbr,,,,,True,False
1866,1866.T,KITANO CONSTRUCTION CORP.,True,47229000000.0,,equity_times_pbr,,,,,True,False
7012,7012.T,"Kawasaki Heavy Industries,Ltd.",False,270747000000.0,2473692233728.0,yfinance_market_cap,0.10945055989926779,2.817029,0.019453915626147154,22.8427,True,True
5218,5218.T,OHARA INC.,True,52347396000.0,,equity_times_pbr,,,,,True,False
2780,2780.T,"Komehyo Holdings Co.,Ltd.",True,33199233000.0,,equity_times_pbr,,,,,True,False
1429,1429.T,"Nippon Aqua Co.,Ltd.",True,11633907000.0,,equity_times_pbr,,,,,True,False
5939,5939.T,"OTANI KOGYO CO.,LTD.",True,4077115000.0,,equity_times_pbr,,,,,True,False
8365,8365.T,"The Bank of Toyama,Ltd.",False,29352000000.0,,equity_times_pbr,,,,,True,False
3486,3486.T,GLOBAL LINK MANAGEMENT INC.,True,15572467000.0,,equity_times_pbr,,,,,True,False
9421,9421.T,NJ Holdings Inc.,True,1713548000.0,,equity_times_pbr,,,,,False,False
2695,2695.T,"Kura Sushi,Inc.",True,86258000000.0,,equity_times_pbr,,,,,True,False
2694,2694.T,Yakiniku Sakai Holdings Inc.,True,6789884000.0,,equity_times_pbr,,,,,False,False
2927,2927.T,"AFC-HD AMS Life Science Co.,Ltd.",True,15200398000.0,,equity_times_pbr,,,,,True,False
2424,2424.T,Brass Corporation,True,4316265000.0,,equity_times_pbr,,,,,True,False
7604,7604.T,"UMENOHANA GROUP CO.,LTD.",True,2827766000.0,,equity_times_pbr,,,,,False,False
7508,7508.T,G-7 HOLDINGS Inc.,True,32964000000.0,,equity_times_pbr,,,,,True,False
2917,2917.T,"OHMORIYA Co.,LTD.",True,11528287000.0,,equity_times_pbr,,,,,False,False
3967,3967.T,"Eltes Co.,Ltd.",True,2631165000.0,,equity_times_pbr,,,,,False,False
3080,3080.T,"JASON CO.,LTD.",True,5931655000.0,,equity_times_pbr,,,,,False,False
6656,6656.T,inspec Inc.,True,958564000.0,,equity_times_pbr,,,,,False,False
8891,8891.T,"AMG HOLDINGS CO.,LTD.",True,10982546000.0,,equity_times_pbr,,,,,True,False
9816,9816.T,Striders Corporation,True,2564919000.0,,equity_times_pbr,,,,,True,False
3632,3632.T,"GREE Holdings,Inc.",True,94816000000.0,,equity_times_pbr,,,,,True,False
5271,5271.T,"TOYO ASANO FOUNDATION CO.,LTD.",False,3883446000.0,,equity_times_pbr,,,,,False,False
5480,5480.T,"Nippon Yakin kogyo Co.,Ltd.",True,96606000000.0,,equity_times_pbr,,,,,True,False
4420,4420.T,"eSOL Co.,Ltd.",True,5906004000.0,,equity_times_pbr,,,,,True,False
7822,7822.T,"Eidai Co.,Ltd.",True,41791000000.0,,equity_times_pbr,,,,,False,False
3550,3550.T,"STUDIO ATAO Co.,Ltd.",True,2586735000.0,,equity_times_pbr,,,,,True,False
7637,7637.T,"Hakudo Co.,Ltd.",True,23755191000.0,,equity_times_pbr,,,,,True,False
7416,7416.T,Haruyama Holdings Inc.,True,24207396000.0,,equity_times_pbr,,,,,True,False
9867,9867.T,Solekia Limited,True,11110907000.0,,equity_times_pbr,,,,,True,False
8217,8217.T,"OKUWA CO.,LTD.",True,74641000000.0,,equity_times_pbr,,,,,True,False
6572,6572.T,"OPEN Group,Inc.",True,10640162000.0,,equity_times_pbr,,,,,True,False
8550,8550.T,"THE TOCHIGI BANK,LTD.",False,153093000000.0,,equity_times_pbr,,,,,False,False
7514,7514.T,"HIMARAYA Co.,Ltd.",True,16331000000.0,,equity_times_pbr,,,,,False,False
8835,8835.T,TAIHEIYO KOUHATSU INCORPORATED,True,16095000000.0,,equity_times_pbr,,,,,True,False
7561,7561.T,HURXLEY CORPORATION,True,24662000000.0,,equity_times_pbr,,,,,True,False
4442,4442.T,"VALTES HOLDINGS CO.,LTD.",True,3261982000.0,,equity_times_pbr,,,,,True,False
2892,2892.T,"NIHON SHOKUHIN KAKO CO.,LTD.",True,28424000000.0,,equity_times_pbr,,,,,True,False
7570,7570.T,"HASHIMOTO SOGYO HOLDINGS CO.,LTD.",True,32317000000.0,,equity_times_pbr,,,,,True,False
4310,4310.T,Dream Incubator Inc.,True,13697000000.0,,equity_times_pbr,,,,,True,False
8278,8278.T,"FUJI CO.,LTD.",True,227227000000.0,,equity_times_pbr,,,,,True,False
8219,8219.T,"AOYAMA TRADING Co.,Ltd.",True,190317000000.0,,equity_times_pbr,,,,,True,False
7896,7896.T,"SEVEN INDUSTRIES CO.,LTD.",True,6313000000.0,,equity_times_pbr,,,,,True,False
4666,4666.T,"PARK24 Co.,Ltd.",True,104285000000.0,,equity_times_pbr,,,,,True,False
3418,3418.T,"BALNIBARBI Co.,Ltd.",True,6071475000.0,,equity_times_pbr,,,,,True,False
7836,7836.T,"AVIX,Inc.",True,1783917000.0,,equity_times_pbr,,,,,True,False
3915,3915.T,"TerraSky Co.,Ltd",True,14967003000.0,,equity_times_pbr,,,,,True,False
9345,9345.T,"Bizmates,Inc.",True,1909051000.0,,equity_times_pbr,,,,,True,False
7069,7069.T,"CyberBuzz,Inc.",True,752480000.0,,equity_times_pbr,,,,,True,False
7175,7175.T,"The Imamura Securities Co.,Ltd.",False,12092887000.0,,equity_times_pbr,,,,,True,False
2735,2735.T,"WATTS CO.,LTD.",True,13029940000.0,,equity_times_pbr,,,,,True,False
7077,7077.T,"ALiNK Internet,INC.",True,1403198000.0,,equity_times_pbr,,,,,False,False
4418,4418.T,Japan Data Science Consortium Co.Ltd.,True,4127528000.0,,equity_times_pbr,,,,,True,False
6141,6141.T,"DMG MORI CO.,LTD.",False,167183000000.0,484537991168.0,yfinance_market_cap,0.3450358961471691,1.4274509,0.026720298998207943,101.71802,True,True
3174,3174.T,"Happiness and D Co.,Ltd.",True,-594917000.0,,equity_times_pbr,,,,,False,False
7309,7309.T,SHIMANO INC.,True,869501000000.0,1384002617344.0,yfinance_market_cap,0.6282509795166679,1.6087762,0.09381557402627906,41.77946,True,True
9143,9143.T,"SG HOLDINGS CO.,LTD.",True,584589000000.0,,equity_times_pbr,,,,,True,False
3479,3479.T,TKP Corporation,True,57309000000.0,,equity_times_pbr,,,,,True,False
2932,2932.T,"STI Foods Holdings,Inc.",True,10046000000.0,,equity_times_pbr,,,,,True,False
2726,2726.T,"PAL GROUP Holdings CO.,LTD",True,86167000000.0,,equity_times_pbr,,,,,True,False
2321,2321.T,Softfront Holdings,True,1289423000.0,,equity_times_pbr,,,,,False,False
3904,3904.T,KAYAC Inc.,True,6297418000.0,,equity_times_pbr,,,,,True,False
9896,9896.T,"JK Holdings Co.,Ltd.",True,65707000000.0,,equity_times_pbr,,,,,True,False
2371,2371.T,"Kakaku.com,Inc.",False,54920000000.0,667499560960.0,yfinance_market_cap,0.08227720767488428,10.271116,0.028097396757874267,35.568207,True,True
3608,3608.T,"TSI HOLDINGS CO.,LTD.",True,99321000000.0,,equity_times_pbr,,,,,True,False
7067,7067.T,Branding Technology Inc.,True,1191052000.0,,equity_times_pbr,,,,,True,False
5029,5029.T,circlace Inc,True,1079370000.0,,equity_times_pbr,,,,,True,False
7049,7049.T,"SHIKIGAKU.Co.,Ltd.",True,3659400000.0,,equity_times_pbr,,,,,True,False
7119,7119.T,"halmek holdings Co.,Ltd.",False,5526000000.0,,equity_times_pbr,,,,,True,False
3196,3196.T,"HOTLAND HOLDINGS Co.,Ltd.",True,12187813000.0,,equity_times_pbr,,,,,True,False
8237,8237.T,"MATSUYA CO.,LTD.",True,27478000000.0,,equity_times_pbr,,,,,True,False
5301,5301.T,"TOKAI CARBON CO.,LTD.",True,352846000000.0,,equity_times_pbr,,,,,True,False
8929,8929.T,"Aoyama Zaisan Networks Company,Limited",True,11712000000.0,,equity_times_pbr,,,,,True,False
2820,2820.T,Yamami Company,True,10432392000.0,,equity_times_pbr,,,,,True,False
6574,6574.T,Convano Inc.,False,553882000.0,,equity_times_pbr,,,,,False,False
3864,3864.T,Mitsubishi Paper Mills Limited,True,85282000000.0,,equity_times_pbr,,,,,True,False
9980,9980.T,MRK HOLDINGS INC.,True,14629441000.0,,equity_times_pbr,,,,,True,False
4651,4651.T,SANIX HOLDINGS INCORPORATED,True,10170000000.0,,equity_times_pbr,,,,,True,False
9342,9342.T,Sumasapo Inc.,True,571491000.0,,equity_times_pbr,,,,,True,False
7412,7412.T,ATOM CORPORATION,True,7309000000.0,,equity_times_pbr,,,,,True,False
4475,4475.T,HENNGE K.K.,True,3949043000.0,,equity_times_pbr,,,,,True,False
3326,3326.T,"RUNSYSTEM CO.,LTD.",True,236430000.0,,equity_times_pbr,,,,,True,False
8622,8622.T,"Mito Securities Co.,Ltd.",False,40097000000.0,,equity_times_pbr,,,,,True,False
7064,7064.T,"Howtelevision,Inc.",True,1513039000.0,,equity_times_pbr,,,,,True,False
6185,6185.T,SMN Corporation,True,4002419000.0,,equity_times_pbr,,,,,True,False
7807,7807.T,"KOWA CO.,LTD.",True,3526473000.0,,equity_times_pbr,,,,,True,False
6276,6276.T,"SiriusVision CO.,LTD.",True,1951442000.0,,equity_times_pbr,,,,,False,False
7157,7157.T,LIFENET INSURANCE COMPANY,False,-34696000000.0,,equity_times_pbr,,,,,False,False
4751,4751.T,"CyberAgent,Inc.",True,275681000000.0,686612152320.0,yfinance_market_cap,0.4015090602001421,3.457495,0.061117473464760944,16.85547,True,True
2435,2435.T,"CEDAR.Co.,Ltd",True,1496000000.0,,equity_times_pbr,,,,,True,False
8416,8416.T,"THE BANK OF KOCHI,LTD.",False,56111000000.0,,equity_times_pbr,,,,,True,False
8089,8089.T,Nice Corporation,True,61661000000.0,,equity_times_pbr,,,,,True,False
8075,8075.T,Shinsho Corporation,True,92977000000.0,,equity_times_pbr,,,,,True,False
3099,3099.T,Isetan Mitsukoshi Holdings Ltd.,True,602878000000.0,1173349203968.0,yfinance_market_cap,0.5138095274290073,1.8974956,0.04501132299011673,21.444117,True,True
2796,2796.T,Pharmarise Holdings Corporation,True,6918000000.0,,equity_times_pbr,,,,,False,False
7018,7018.T,Naikai Zosen Corporation,True,10857000000.0,,equity_times_pbr,,,,,True,False
6612,6612.T,BALMUDA Inc.,True,2867000000.0,,equity_times_pbr,,,,,False,False
7091,7091.T,"Living Platform,Ltd.",True,2052300000.0,,equity_times_pbr,,,,,True,False
4480,4480.T,"MEDLEY,INC.",True,15527000000.0,,equity_times_pbr,,,,,False,False
9627,9627.T,AIN HOLDINGS INC.,True,142632000000.0,,equity_times_pbr,,,,,True,False
3948,3948.T,"HIKARI BUSINESS FORM CO.,LTD.",True,9371591000.0,,equity_times_pbr,,,,,True,False
3777,3777.T,Environment Friendly Holdings Corp.,True,3731108000.0,,equity_times_pbr,,,,,True,False
3747,3747.T,"INTERTRADE Co.,Ltd.",True,1478433000.0,,equity_times_pbr,,,,,False,False
9344,9344.T,Axis Consulting Corporation,True,3325000000.0,,equity_times_pbr,,,,,True,False
3558,3558.T,"JADE GROUP,Inc.",True,8560767000.0,,equity_times_pbr,,,,,True,False
1436,1436.T,GreenEnergy & Company Inc.,True,5302794000.0,,equity_times_pbr,,,,,True,False
3536,3536.T,"AXAS HOLDINGS CO.,LTD.",True,2198146000.0,,equity_times_pbr,,,,,True,False
9254,9254.T,"Lovable Marketing Group,inc.",True,464436000.0,,equity_times_pbr,,,,,True,False
3422,3422.T,"J-MAX Co.,Ltd.",True,19609000000.0,,equity_times_pbr,,,,,False,False
7073,7073.T,"JAIC Co.,Ltd.",True,1271249000.0,,equity_times_pbr,,,,,True,False
5533,5533.T,"Elitz Holdings Co.,Ltd.",True,5310910000.0,,equity_times_pbr,,,,,True,False
9976,9976.T,"SEKICHU CO.,LTD.",True,11851893000.0,,equity_times_pbr,,,,,True,False
3306,3306.T,"THE NIHON SEIMA CO.,LTD.",True,3710364000.0,,equity_times_pbr,,,,,True,False
9876,9876.T,"COX CO.,LTD.",True,10542614000.0,,equity_times_pbr,,,,,True,False
7679,7679.T,"YAKUODO HOLDINGS Co.,Ltd.",True,40227000000.0,,equity_times_pbr,,,,,True,False
6526,6526.T,Socionext Inc.,True,137046000000.0,501549137920.0,yfinance_market_cap,0.27324541034673183,3.7702243,0.03907892271788994,57.771496,True,True
3323,3323.T,"RECOMM CO.,LTD.",False,5270575000.0,,equity_times_pbr,,,,,True,False
8226,8226.T,RIKEI CORPORATION,True,5385582000.0,,equity_times_pbr,,,,,True,False
4414,4414.T,"FLECT Co.,Ltd.",True,2722308000.0,,equity_times_pbr,,,,,True,False
3674,3674.T,"Aucfan Co.,Ltd.",True,4561705000.0,,equity_times_pbr,,,,,False,False
3561,3561.T,"CHIKARANOMOTO HOLDINGS Co.,Ltd.",True,10661526000.0,,equity_times_pbr,,,,,True,False
3046,3046.T,JINS HOLDINGS Inc.,True,31742000000.0,,equity_times_pbr,,,,,True,False
8596,8596.T,"KYUSHU LEASING SERVICE CO.,LTD.",False,42630000000.0,,equity_times_pbr,,,,,True,False
4574,4574.T,"TAIKO PHARMACEUTICAL CO.,LTD.",True,8518000000.0,,equity_times_pbr,,,,,True,False
3359,3359.T,"cotta CO.,LTD",True,4484754000.0,,equity_times_pbr,,,,,True,False
7062,7062.T,"Fureasu Co.,Ltd.",True,1548394000.0,,equity_times_pbr,,,,,False,False
6580,6580.T,"Writeup Co.,Ltd.",True,3148261000.0,,equity_times_pbr,,,,,True,False
6563,6563.T,Mirai Works Inc.,True,1340186000.0,,equity_times_pbr,,,,,True,False
7065,7065.T,UPR Corporation,True,9302782000.0,,equity_times_pbr,,,,,True,False
3498,3498.T,"Kasumigaseki Capital Co.,Ltd.",True,38193000000.0,,equity_times_pbr,,,,,True,False
9325,9325.T,PHYZ Holdings Inc.,True,4035802000.0,,equity_times_pbr,,,,,True,False
3088,3088.T,MatsukiyoCocokara & Co.,True,521499000000.0,909259767808.0,yfinance_market_cap,0.5735423676087691,1.6729007,0.06049976249649259,16.337767,True,True
3791,3791.T,"IG Port,Inc.",True,7829395000.0,,equity_times_pbr,,,,,True,False
3993,3993.T,PKSHA Technology Inc.,True,31254067000.0,,equity_times_pbr,,,,,True,False
2970,2970.T,"GLC GROUP,INC.",True,5811000000.0,,equity_times_pbr,,,,,True,False
7433,7433.T,"Hakuto Co.,Ltd.",True,65546000000.0,,equity_times_pbr,,,,,True,False
8025,8025.T,"TSUKAMOTO CORPORATION CO.,LTD.",True,14054779000.0,,equity_times_pbr,,,,,False,False
3071,3071.T,"Stream Co.,Ltd.",True,2981396000.0,,equity_times_pbr,,,,,True,False
8131,8131.T,"Mitsuuroko Group Holdings Co.,Ltd.",True,98689000000.0,,equity_times_pbr,,,,,True,False
4196,4196.T,NEO MARKETING Inc.,True,790514000.0,,equity_times_pbr,,,,,True,False
9267,9267.T,"Genky DrugStores Co.,Ltd.",True,53428000000.0,,equity_times_pbr,,,,,True,False
3598,3598.T,"YAMAKI CO.,LTD.",True,5000657000.0,,equity_times_pbr,,,,,True,False
3246,3246.T,"KOSE R.E. Co.,Ltd.",True,10660146000.0,,equity_times_pbr,,,,,True,False
4483,4483.T,JMDC Inc.,False,63625000000.0,,equity_times_pbr,,,,,True,False
1966,1966.T,TAKADA CORPORATION,False,20563678000.0,,equity_times_pbr,,,,,True,False
1724,1724.T,SYNCLAYER INC.,True,6208000000.0,,equity_times_pbr,,,,,True,False
1844,1844.T,"OHMORI CO.,LTD.",True,5949765000.0,,equity_times_pbr,,,,,True,False
7567,7567.T,SAKAE ELECTRONICS CORPORATION,True,4473980000.0,,equity_times_pbr,,,,,True,False
3131,3131.T,SHINDEN HIGHTEX CORPORATION,True,7404722000.0,,equity_times_pbr,,,,,True,False
3079,3079.T,DVx Inc.,True,9127766000.0,,equity_times_pbr,,,,,True,False
4519,4519.T,"CHUGAI PHARMACEUTICAL CO.,LTD.",False,1851401000000.0,12613127766016.0,yfinance_market_cap,0.14678365543781263,6.6116443,0.03181716759274211,29.075459,True,True
3349,3349.T,COSMOS Pharmaceutical Corporation,True,257463000000.0,,equity_times_pbr,,,,,True,False
5587,5587.T,Inbound Platform Corp.,True,1423890000.0,,equity_times_pbr,,,,,True,False
2876,2876.T,Delsole Corporation,True,6120096000.0,,equity_times_pbr,,,,,False,False
6614,6614.T,"Shikino High-Tech CO.,LTD.",True,2471025000.0,,equity_times_pbr,,,,,False,False
8077,8077.T,TORQ Inc.,True,14290657000.0,,equity_times_pbr,,,,,True,False
7373,7373.T,"Aidma Holdings,Inc.",True,7481424000.0,,equity_times_pbr,,,,,True,False
3858,3858.T,Ubiquitous AI Corporation,True,2455586000.0,,equity_times_pbr,,,,,False,False
8142,8142.T,"TOHO Co.,Ltd.",True,34542000000.0,,equity_times_pbr,,,,,True,False
8013,8013.T,"NAIGAI CO.,LTD.",True,6868000000.0,,equity_times_pbr,,,,,True,False
9969,9969.T,"SHOKUBUN CO.,LTD.",True,3230160000.0,,equity_times_pbr,,,,,False,False
8225,8225.T,"Takachiho Co.,Ltd.",True,2279142000.0,,equity_times_pbr,,,,,True,False
7687,7687.T,"MICREED Co.,Ltd.",True,1393000000.0,,equity_times_pbr,,,,,True,False
3004,3004.T,SHINYEI KAISHA,True,8785000000.0,,equity_times_pbr,,,,,True,False
6096,6096.T,"RareJob,Inc.",True,1931754000.0,,equity_times_pbr,,,,,True,False
3082,3082.T,"KICHIRI HOLDINGS & Co.,Ltd.",True,2242022000.0,,equity_times_pbr,,,,,True,False
7599,7599.T,IDOM Inc.,True,89668000000.0,,equity_times_pbr,,,,,True,False
7494,7494.T,"KONAKA CO.,LTD.",True,16634000000.0,,equity_times_pbr,,,,,True,False
2533,2533.T,"Oenon Holdings,Inc.",True,26976000000.0,,equity_times_pbr,,,,,True,False
7537,7537.T,MARUBUN CORPORATION,True,60499000000.0,,equity_times_pbr,,,,,True,False
2489,2489.T,Adways Inc.,True,13957627000.0,,equity_times_pbr,,,,,True,False
8135,8135.T,ZETT CORPORATION,True,14553000000.0,,equity_times_pbr,,,,,True,False
3179,3179.T,"Syuppin Co.,Ltd.",True,10650460000.0,,equity_times_pbr,,,,,True,False
4720,4720.T,"JOHNAN ACADEMIC PREPARATORY INSTITUTE,INC.",True,1730143000.0,,equity_times_pbr,,,,,False,False
6195,6195.T,"HOPE,INC.",True,1154609000.0,,equity_times_pbr,,,,,True,False
7060,7060.T,geechs inc.,True,2994347000.0,,equity_times_pbr,,,,,False,False
9237,9237.T,"Emimen Co.,Ltd.",True,813474000.0,,equity_times_pbr,,,,,True,False
9932,9932.T,"SUGIMOTO & CO.,LTD.",True,35485286000.0,,equity_times_pbr,,,,,True,False
2593,2593.T,"ITO EN,LTD.",True,175971000000.0,,equity_times_pbr,,,,,True,False
4933,4933.T,"I-ne CO.,LTD.",True,20109000000.0,,equity_times_pbr,,,,,True,False
9962,9962.T,MISUMI Group Inc.,True,352064000000.0,973560741888.0,yfinance_market_cap,0.36162509934126125,2.5546327,0.03764942280737193,24.659464,True,True
7906,7906.T,"YONEX CO.,LTD.",True,69426000000.0,,equity_times_pbr,,,,,True,False
8705,8705.T,"Nissan Securities Group Co.,Ltd.",False,12004484000.0,,equity_times_pbr,,,,,True,False
6562,6562.T,"Geniee,Inc.",False,6664765000.0,,equity_times_pbr,,,,,True,False
8275,8275.T,FORVAL CORPORATION,True,19704923000.0,,equity_times_pbr,,,,,True,False
9625,9625.T,"CERESPO CO.,LTD.",True,9154647000.0,,equity_times_pbr,,,,,False,False
8136,8136.T,"Sanrio Company,Ltd.",True,107608000000.0,1130613309440.0,yfinance_market_cap,0.09517666128775623,8.209061,0.03711436938663321,22.833006,True,True
4477,4477.T,"BASE,Inc.",True,15119000000.0,,equity_times_pbr,,,,,True,False
5248,5248.T,"TECHNOLOGIES,Inc.",True,5305903000.0,,equity_times_pbr,,,,,True,False
7161,7161.T,"Jimoto Holdings,Inc.",False,118056000000.0,,equity_times_pbr,,,,,True,False
8844,8844.T,"COSMOS INITIA Co.,Ltd.",True,50318000000.0,,equity_times_pbr,,,,,True,False
4026,4026.T,"Konoshima Chemical Co.,Ltd.",True,12964000000.0,,equity_times_pbr,,,,,True,False
2722,2722.T,"IK HOLDINGS Co.,Ltd.",True,2388002000.0,,equity_times_pbr,,,,,True,False
7094,7094.T,NexTone Inc.,True,5715000000.0,,equity_times_pbr,,,,,True,False
6063,6063.T,"Emergency Assistance Japan Co., Ltd.",True,1887310000.0,,equity_times_pbr,,,,,True,False
6031,6031.T,ZETA INC.,True,1513516000.0,,equity_times_pbr,,,,,True,False
4178,4178.T,Sharing Innovations Inc.,True,1610497000.0,,equity_times_pbr,,,,,True,False
7046,7046.T,TDSE Inc.,True,2209042000.0,,equity_times_pbr,,,,,True,False
3611,3611.T,MATSUOKA CORPORATION,True,40529000000.0,,equity_times_pbr,,,,,True,False
5699,5699.T,"IBOKIN Co.,Ltd.",True,5147578000.0,,equity_times_pbr,,,,,True,False
4346,4346.T,NEXYZ.Group Corporation,False,8028000000.0,,equity_times_pbr,,,,,True,False
8011,8011.T,SANYO SHOKAI LTD.,True,40923000000.0,,equity_times_pbr,,,,,True,False
6338,6338.T,Takatori Corporation,True,10266595000.0,,equity_times_pbr,,,,,True,False
3678,3678.T,"MEDIA DO Co.,Ltd.",True,19443000000.0,,equity_times_pbr,,,,,True,False
8887,8887.T,"SYLA Holdings Co.,Ltd.",True,11066029000.0,,equity_times_pbr,,,,,False,False
7220,7220.T,"MUSASHI SEIMITSU INDUSTRY CO.,LTD.",True,123969000000.0,610185510912.0,yfinance_market_cap,0.2031660827454138,5.000384,0.01578044681134469,492.07187,True,True
2471,2471.T,"S-Pool,Inc.",False,2348000000.0,,equity_times_pbr,,,,,True,False
8105,8105.T,Bitcoin Japan Corporation,True,3306691000.0,,equity_times_pbr,,,,,False,False
9930,9930.T,"KITAZAWA SANGYO CO.,LTD.",True,10783335000.0,,equity_times_pbr,,,,,True,False
6330,6330.T,TOYO ENGINEERING CORPORATION,False,60243000000.0,139300012032.0,yfinance_market_cap,0.4324694529542537,2.8545277,0.014737974319258385,16.943464,True,True
7808,7808.T,"C.S. LUMBER CO.,INC",True,11289272000.0,,equity_times_pbr,,,,,True,False
5408,5408.T,"NAKAYAMA STEEL WORKS,LTD.",True,106810000000.0,,equity_times_pbr,,,,,True,False
8742,8742.T,"KOBAYASHI YOKO CO.,LTD.",False,9767782000.0,,equity_times_pbr,,,,,True,False
6035,6035.T,"IR Japan Holdings,Ltd.",True,5620494000.0,,equity_times_pbr,,,,,True,False
3659,3659.T,"NEXON Co.,Ltd.",False,276281000000.0,1825472380928.0,yfinance_market_cap,0.1513476746547923,1.720245,0.09706199986982354,20.233294,True,True
5202,5202.T,"Nippon Sheet Glass Company,Limited",False,328563000000.0,,equity_times_pbr,,,,,True,False
5619,5619.T,"MRSO.,Inc",True,1953705000.0,,equity_times_pbr,,,,,False,False
4263,4263.T,"SUSMED,Inc.",False,5441390000.0,,equity_times_pbr,,,,,False,False
9308,9308.T,"Inui Global Logistics Co.,Ltd.",True,37812000000.0,,equity_times_pbr,,,,,True,False
2491,2491.T,"ValueCommerce Co.,Ltd.",True,20427000000.0,,equity_times_pbr,,,,,True,False
2438,2438.T,"Asukanet Company,Limited",True,5453571000.0,,equity_times_pbr,,,,,False,False
3181,3181.T,"KAITORI OKOKU CO.,LTD.",True,3400617000.0,,equity_times_pbr,,,,,True,False
4523,4523.T,"Eisai Co.,Ltd.",False,394980000000.0,1074289573888.0,yfinance_market_cap,0.3676662322715408,1.1940478,0.038722334285948214,27.866814,True,True
8103,8103.T,Meiwa Corporation,True,38908000000.0,,equity_times_pbr,,,,,True,False
1840,1840.T,"TSUCHIYA HOLDINGS CO.,LTD.",True,13041058000.0,,equity_times_pbr,,,,,True,False
9145,9145.T,"BEING HOLDINGS CO.,LTD.",True,8662000000.0,,equity_times_pbr,,,,,True,False
2687,2687.T,CVS Bay Area Inc.,True,3125771000.0,,equity_times_pbr,,,,,False,False
7613,7613.T,SIIX CORPORATION,True,103784000000.0,,equity_times_pbr,,,,,True,False
2991,2991.T,LANDNET Inc.,True,11085182000.0,,equity_times_pbr,,,,,True,False
3397,3397.T,TORIDOLL Holdings Corporation,False,39150000000.0,,equity_times_pbr,,,,,False,False
7096,7096.T,StemCell Institute,True,2648500000.0,,equity_times_pbr,,,,,True,False
3929,3929.T,"SOCIALWIRE CO.,LTD.",True,1575456000.0,,equity_times_pbr,,,,,True,False
3223,3223.T,SLD Entertainment Inc.,True,552125000.0,,equity_times_pbr,,,,,True,False
7898,7898.T,"WOOD ONE CO.,LTD.",True,45614000000.0,,equity_times_pbr,,,,,True,False
4558,4558.T,"CHUKYO IYAKUHIN CO.,LTD.",True,2526109000.0,,equity_times_pbr,,,,,True,False
6634,6634.T,JN Group Inc.,True,7039811000.0,,equity_times_pbr,,,,,False,False
9270,9270.T,Valuence Holdings Inc.,True,8402723000.0,,equity_times_pbr,,,,,True,False
6775,6775.T,TB GROUP INC.,True,1057959000.0,,equity_times_pbr,,,,,False,False
1407,1407.T,West Holdings Corporation,True,39130000000.0,,equity_times_pbr,,,,,True,False
5632,5632.T,"Mitsubishi Steel Mfg.Co.,Ltd.",True,49851000000.0,,equity_times_pbr,,,,,True,False
3600,3600.T,FUJIX Ltd.,True,10185790000.0,,equity_times_pbr,,,,,False,False
5269,5269.T,"NIPPON CONCRETE INDUSTRIES CO.,LTD.",True,39985779000.0,,equity_times_pbr,,,,,False,False
7686,7686.T,"HitoMile Co.,Ltd.",True,5807000000.0,,equity_times_pbr,,,,,True,False
2981,2981.T,Landix Inc.,True,8345977000.0,,equity_times_pbr,,,,,True,False
7983,7983.T,Miroku Corporation,True,10747786000.0,,equity_times_pbr,,,,,False,False
5588,5588.T,"Fast Accounting Co.,Ltd.",True,1714629000.0,,equity_times_pbr,,,,,True,False
7625,7625.T,"GLOBAL-DINING,INC.",True,5632613000.0,,equity_times_pbr,,,,,True,False
9417,9417.T,"Smartvalue Co.,Ltd.",True,3039478000.0,,equity_times_pbr,,,,,True,False
4371,4371.T,Core Concept Technologies Inc.,True,6089775000.0,,equity_times_pbr,,,,,True,False
3663,3663.T,"CELSYS,Inc.",True,-6644237000.0,,equity_times_pbr,,,,,True,False
4936,4936.T,AXXZIA Inc.,True,7575092000.0,,equity_times_pbr,,,,,True,False
9064,9064.T,"YAMATO HOLDINGS CO.,LTD.",True,600350000000.0,,equity_times_pbr,,,,,True,False
3987,3987.T,Ecomott Inc.,True,784207000.0,,equity_times_pbr,,,,,False,False
4911,4911.T,"Shiseido Company,Limited",False,383716000000.0,1044835598336.0,yfinance_market_cap,0.36725012108230637,1.7220035,0.04741108903650806,21.092112,False,True
7150,7150.T,"THE SHIMANE BANK,LTD.",False,24161000000.0,,equity_times_pbr,,,,,True,False
5410,5410.T,"Godo Steel,Ltd.",True,134749000000.0,,equity_times_pbr,,,,,True,False
1888,1888.T,"WAKACHIKU CONSTRUCTION CO.,LTD.",True,49858000000.0,,equity_times_pbr,,,,,True,False
4412,4412.T,"Science Arts,Inc.",True,1393972000.0,,equity_times_pbr,,,,,True,False
9244,9244.T,DIGITALIFT Inc.,True,778849000.0,,equity_times_pbr,,,,,True,False
9439,9439.T,M・H・GROUP LTD.,True,505842000.0,,equity_times_pbr,,,,,True,False
8104,8104.T,KUWAZAWA Holdings Corporation,True,16088000000.0,,equity_times_pbr,,,,,True,False
4040,4040.T,"NANKAI CHEMICAL COMPANY,LIMITED",True,8600000000.0,,equity_times_pbr,,,,,True,False
3474,3474.T,"G-FACTORY CO.,LTD.",True,2180723000.0,,equity_times_pbr,,,,,False,False
4370,4370.T,Mobilus Corporation,True,1452846000.0,,equity_times_pbr,,,,,True,False
5698,5698.T,ENVIPRO HOLDINGS Inc.,True,17309889000.0,,equity_times_pbr,,,,,True,False
3494,3494.T,"Mullion Co.,Ltd.",True,4768359000.0,,equity_times_pbr,,,,,True,False
3653,3653.T,"Morpho,Inc.",True,3619668000.0,,equity_times_pbr,,,,,False,False
3154,3154.T,"MEDIUS HOLDINGS Co.,Ltd.",True,20478129000.0,,equity_times_pbr,,,,,True,False
9519,9519.T,"RENOVA,Inc.",False,28682000000.0,,equity_times_pbr,,,,,False,False
3998,3998.T,"SuRaLa Net Co.,Ltd.",True,2235347000.0,,equity_times_pbr,,,,,False,False
4704,4704.T,Trend Micro Incorporated,True,131126000000.0,824411881472.0,yfinance_market_cap,0.15905399102918377,7.219146,0.04470338289423561,24.356861,True,True
9362,9362.T,"HYOKI KAIUN KAISHA,LTD.",True,4853000000.0,,equity_times_pbr,,,,,True,False
2607,2607.T,"FUJI OIL CO.,LTD.",True,214524000000.0,,equity_times_pbr,,,,,False,False
7363,7363.T,baby calendar Inc.,True,704584000.0,,equity_times_pbr,,,,,True,False
7531,7531.T,SEIWA CHUO HOLDINGS CORPORATION,True,16199563000.0,,equity_times_pbr,,,,,True,False
3393,3393.T,"Startia Holdings,Inc.",True,7649785000.0,,equity_times_pbr,,,,,True,False
4165,4165.T,"PLAID,Inc.",True,5547991000.0,,equity_times_pbr,,,,,True,False
3562,3562.T,"No.1 Co.,Ltd",True,4407403000.0,,equity_times_pbr,,,,,True,False
7033,7033.T,"Management Solutions Co.,Ltd.",True,6431538000.0,,equity_times_pbr,,,,,True,False
9171,9171.T,"Kuribayashi Steamship Co.,Ltd.",True,33716917000.0,,equity_times_pbr,,,,,True,False
6047,6047.T,Gunosy Inc.,True,11283000000.0,,equity_times_pbr,,,,,True,False
8185,8185.T,"CHIYODA CO.,LTD.",True,49964000000.0,,equity_times_pbr,,,,,True,False
4937,4937.T,Waqoo Inc.,True,2466417000.0,,equity_times_pbr,,,,,False,False
9903,9903.T,"KANSEKI CO.,LTD",True,6798064000.0,,equity_times_pbr,,,,,True,False
6425,6425.T,Universal Entertainment Corporation,True,183724000000.0,,equity_times_pbr,,,,,False,False
3542,3542.T,"Vega corporation Co.,Ltd.",True,5958842000.0,,equity_times_pbr,,,,,True,False
9843,9843.T,"Nitori Holdings Co.,Ltd.",True,965352000000.0,1430159753216.0,yfinance_market_cap,0.6749959211404273,1.4467114,0.06238640605203038,16.029133,False,True
9168,9168.T,"Rise Consulting Group,Inc.",False,3597442000.0,,equity_times_pbr,,,,,True,False
3559,3559.T,p-ban.com Corp.,True,1378098000.0,,equity_times_pbr,,,,,True,False
2708,2708.T,"KUZE CO.,LTD.",True,7919000000.0,,equity_times_pbr,,,,,True,False
7851,7851.T,"KAWASE COMPUTER SUPPLIES CO.,LTD.",True,2389941000.0,,equity_times_pbr,,,,,True,False
7957,7957.T,"FUJICOPIAN CO.,LTD.",True,7968157000.0,,equity_times_pbr,,,,,False,False
9159,9159.T,W TOKYO Inc.,True,1571322000.0,,equity_times_pbr,,,,,True,False
2652,2652.T,MANDARAKE INC.,True,11822655000.0,,equity_times_pbr,,,,,True,False
8708,8708.T,"AIZAWA SECURITIES GROUP CO.,LTD.",False,47599000000.0,,equity_times_pbr,,,,,True,False
3054,3054.T,HYPER Inc.,True,3071565000.0,,equity_times_pbr,,,,,True,False
3529,3529.T,"ATSUGI CO.,LTD.",True,31662000000.0,,equity_times_pbr,,,,,False,False
3696,3696.T,CERES INC.,True,13964060000.0,,equity_times_pbr,,,,,True,False
2413,2413.T,"M3,Inc.",False,233135000000.0,984124358656.0,yfinance_market_cap,0.23689587393039235,2.4107711,0.02177875165011731,20.343542,True,True
8836,8836.T,RISE Inc.,True,1648000000.0,,equity_times_pbr,,,,,True,False
5332,5332.T,TOTO LTD.,True,530404000000.0,1245762158592.0,yfinance_market_cap,0.4257666652834273,2.3584318,0.024474976856305192,31.229908,True,True
8946,8946.T,ASIAN STAR CO.,True,2353377000.0,,equity_times_pbr,,,,,True,False
2130,2130.T,"Members Co.,Ltd.",True,5923455000.0,,equity_times_pbr,,,,,True,False
5838,5838.T,"Rakuten Bank,Ltd.",False,319117000000.0,784943022080.0,yfinance_market_cap,0.40654797994685044,2.1095235,0.06469131971571905,10.753048,True,True
5950,5950.T,"JAPAN POWER FASTENING CO.,LTD.",True,2711234000.0,,equity_times_pbr,,,,,False,False
3374,3374.T,Naigai Tec Corporation,True,11940228000.0,,equity_times_pbr,,,,,True,False
4814,4814.T,Nextware Ltd.,True,1310965000.0,,equity_times_pbr,,,,,False,False
3465,3465.T,"KI-STAR REAL ESTATE CO.,LTD",True,68801000000.0,,equity_times_pbr,,,,,True,False
2215,2215.T,"FIRST BAKING CO.,LTD.",True,8555000000.0,,equity_times_pbr,,,,,True,False
3907,3907.T,Silicon Studio Corp.,True,2097000000.0,,equity_times_pbr,,,,,True,False
5574,5574.T,"ABEJA,Inc.",True,4471736000.0,,equity_times_pbr,,,,,True,False
5527,5527.T,property technologies Inc.,True,8390994000.0,,equity_times_pbr,,,,,True,False
7952,7952.T,"Kawai Musical Instruments Manufacturing Co.,Ltd.",True,44541000000.0,,equity_times_pbr,,,,,False,False
2440,2440.T,"Gurunavi,Inc.",True,5548598000.0,,equity_times_pbr,,,,,True,False
3900,3900.T,CrowdWorks Inc.,True,6746063000.0,,equity_times_pbr,,,,,False,False
6181,6181.T,Tameny Inc.,True,-845240000.0,,equity_times_pbr,,,,,False,False
7347,7347.T,"Mercuria Holdings Co.,Ltd.",False,19205344000.0,,equity_times_pbr,,,,,True,False
3841,3841.T,Jedat Inc.,True,3594265000.0,,equity_times_pbr,,,,,True,False
7196,7196.T,Casa Inc.,False,6732154000.0,,equity_times_pbr,,,,,True,False
7047,7047.T,PORT INC.,False,8135000000.0,,equity_times_pbr,,,,,True,False
5591,5591.T,AVILEN Inc.,True,726960000.0,,equity_times_pbr,,,,,True,False
2678,2678.T,ASKUL Corporation,True,81254000000.0,,equity_times_pbr,,,,,True,False
9262,9262.T,"SILVER LIFE CO.,LTD.",True,6972111000.0,,equity_times_pbr,,,,,True,False
7238,7238.T,"AKEBONO BRAKE INDUSTRY CO.,LTD.",True,55945000000.0,,equity_times_pbr,,,,,False,False
4175,4175.T,coly Inc.,True,5426370000.0,,equity_times_pbr,,,,,True,False
2501,2501.T,SAPPORO HOLDINGS LIMITED,False,157793000000.0,,equity_times_pbr,,,,,False,False
5888,5888.T,"DAIWA CYCLE CO.,LTD.",True,6311257000.0,,equity_times_pbr,,,,,True,False
6191,6191.T,AirTrip Corp.,False,12015000000.0,,equity_times_pbr,,,,,True,False
2997,2997.T,"STORAGE-OH Co.,Ltd.",True,1239172000.0,,equity_times_pbr,,,,,True,False
2681,2681.T,GEO HOLDINGS CORPORATION,True,90469000000.0,,equity_times_pbr,,,,,True,False
5449,5449.T,"OSAKA STEEL CO.,LTD.",True,158211000000.0,,equity_times_pbr,,,,,True,False
8562,8562.T,"THE FUKUSHIMA BANK,LTD.",False,31307000000.0,,equity_times_pbr,,,,,False,False
2760,2760.T,TOKYO ELECTRON DEVICE LIMITED,True,49004000000.0,,equity_times_pbr,,,,,True,False
7590,7590.T,"TAKASHO CO.,LTD.",True,12873310000.0,,equity_times_pbr,,,,,True,False
8912,8912.T,Area Quest Inc.,True,1396848000.0,,equity_times_pbr,,,,,True,False
4395,4395.T,Accrete Inc.,True,4086598000.0,,equity_times_pbr,,,,,True,False
6324,6324.T,Harmonic Drive Systems Inc.,True,78943066000.0,736507658240.0,yfinance_market_cap,0.10718566890213575,9.161704,0.005668401344225512,453.37994,True,True
3266,3266.T,"Fund Creation Group Co.,Ltd.",True,3311000000.0,,equity_times_pbr,,,,,True,False
2764,2764.T,Hiramatsu Inc.,True,7645077000.0,,equity_times_pbr,,,,,True,False
7879,7879.T,NODA CORPORATION,True,39550422000.0,,equity_times_pbr,,,,,False,False
3461,3461.T,"Palma Co.,Ltd.",True,2420754000.0,,equity_times_pbr,,,,,True,False
7372,7372.T,Decollte Holdings Corporation,False,2734683000.0,,equity_times_pbr,,,,,True,False
9914,9914.T,"Uematsu Shokai Co.,Ltd.",True,3086668000.0,,equity_times_pbr,,,,,True,False
5707,5707.T,"Toho Zinc Co.,Ltd.",True,-33484000000.0,,equity_times_pbr,,,,,False,False
9556,9556.T,INTLOOP Inc.,True,6602909000.0,,equity_times_pbr,,,,,True,False
2931,2931.T,"Euglena Co.,Ltd.",True,30196000000.0,,equity_times_pbr,,,,,False,False
7351,7351.T,Goodpatch Inc.,True,4217651000.0,,equity_times_pbr,,,,,True,False
3415,3415.T,"TOKYO BASE Co.,Ltd.",True,6404250000.0,,equity_times_pbr,,,,,True,False
2193,2193.T,Cookpad Inc.,False,12946118000.0,,equity_times_pbr,,,,,False,False
4487,4487.T,"Spacemarket,Inc.",True,1010438000.0,,equity_times_pbr,,,,,True,False
4017,4017.T,CREEMA LTD.,True,1962825000.0,,equity_times_pbr,,,,,True,False
4444,4444.T,infoNet inc.,True,1198130000.0,,equity_times_pbr,,,,,True,False
4167,4167.T,Kokopelli Inc.,True,2046500000.0,,equity_times_pbr,,,,,True,False
7362,7362.T,Terminalcare Support Institute Inc.,True,1414813000.0,,equity_times_pbr,,,,,True,False
4375,4375.T,Safie Inc.,True,9224521000.0,,equity_times_pbr,,,,,True,False
7048,7048.T,VELTRA Corporation,True,3297716000.0,,equity_times_pbr,,,,,True,False
4434,4434.T,"Serverworks Co.,Ltd.",True,10466943000.0,,equity_times_pbr,,,,,False,False
3416,3416.T,PIXTA Inc.,True,1205889000.0,,equity_times_pbr,,,,,True,False
6557,6557.T,AIAI Group Corporation,True,2817837000.0,,equity_times_pbr,,,,,True,False
9274,9274.T,"KPP GROUP HOLDINGS CO.,LTD.",True,86216000000.0,,equity_times_pbr,,,,,True,False
7071,7071.T,"Amvis Holdings,Inc.",True,36145000000.0,,equity_times_pbr,,,,,True,False
9090,9090.T,AZ-COM MARUWA Holdings Inc.,True,60440000000.0,,equity_times_pbr,,,,,True,False
7353,7353.T,"KIYO Learning Co.,Ltd.",True,1601508000.0,,equity_times_pbr,,,,,True,False
6552,6552.T,"GameWith,Inc.",True,2675487000.0,,equity_times_pbr,,,,,False,False
2813,2813.T,"Wakou Shokuhin Co.,Ltd.",True,8553965000.0,,equity_times_pbr,,,,,True,False
1518,1518.T,"MITSUI MATSUSHIMA HOLDINGS CO.,LTD.",True,65481000000.0,,equity_times_pbr,,,,,True,False
7130,7130.T,"YAMAE GROUP HOLDINGS CO.,LTD.",True,91654000000.0,,equity_times_pbr,,,,,True,False
7369,7369.T,"Meiho Holdings,Inc.",True,2233811000.0,,equity_times_pbr,,,,,True,False
4270,4270.T,BeeX Inc.,True,3095453000.0,,equity_times_pbr,,,,,True,False
4020,4020.T,BETREND CORPORATION,True,779671000.0,,equity_times_pbr,,,,,False,False
3976,3976.T,SHANON Inc.,True,1084365000.0,,equity_times_pbr,,,,,False,False
7214,7214.T,GMB CORPORATION,True,33980439000.0,,equity_times_pbr,,,,,True,False
7376,7376.T,"BCC Co.,Ltd.",True,568695000.0,,equity_times_pbr,,,,,False,False
5250,5250.T,"GMO PRIME STRATEGY CO.,LTD.",True,1422395000.0,,equity_times_pbr,,,,,True,False
9818,9818.T,"DAIMARU ENAWIN Co.,Ltd.",True,14909898000.0,,equity_times_pbr,,,,,True,False
3069,3069.T,JFLA Holdings Inc.,True,10861441000.0,,equity_times_pbr,,,,,True,False
5491,5491.T,"NIPPON KINZOKU CO.,LTD.",True,27856000000.0,,equity_times_pbr,,,,,True,False
9972,9972.T,"ALTECH CO.,LTD.",True,8470134000.0,,equity_times_pbr,,,,,False,False
6069,6069.T,"Trenders,Inc.",True,4516212000.0,,equity_times_pbr,,,,,True,False
3807,3807.T,FISCO Ltd.,True,1131691000.0,,equity_times_pbr,,,,,False,False
8869,8869.T,Meiwa Estate Company Limited,True,33979000000.0,,equity_times_pbr,,,,,True,False
4579,4579.T,RaQualia Pharma Inc.,False,7418274000.0,,equity_times_pbr,,,,,True,False
6577,6577.T,"Bestone.Com Co.,Ltd",True,1151860000.0,,equity_times_pbr,,,,,True,False
7990,7990.T,"GLOBERIDE,Inc.",True,61268000000.0,,equity_times_pbr,,,,,True,False
7427,7427.T,"ECHO TRADING CO.,LTD.",True,12178415000.0,,equity_times_pbr,,,,,True,False
5891,5891.T,"Kairikiya Co.,Ltd.",True,5349047000.0,,equity_times_pbr,,,,,True,False
1419,1419.T,"Tama Home Co.,Ltd.",True,34368000000.0,,equity_times_pbr,,,,,True,False
9557,9557.T,"airCloset,Inc.",True,868261000.0,,equity_times_pbr,,,,,True,False
3180,3180.T,BEAUTY GARAGE Inc.,True,7865679000.0,,equity_times_pbr,,,,,True,False
4772,4772.T,"SM ENTERTAINMENT JAPAN Co.,Ltd.",True,7922064000.0,,equity_times_pbr,,,,,True,False
9268,9268.T,OPTIMUS GROUP COMPANY LIMITED,True,25463000000.0,,equity_times_pbr,,,,,True,False
6094,6094.T,"FreakOut Holdings,inc.",True,12143118000.0,,equity_times_pbr,,,,,False,False
4885,4885.T,MUROMACHI CHEMICALS INC.,True,2451781000.0,,equity_times_pbr,,,,,True,False
7366,7366.T,LITALICO Inc.,True,11180000000.0,,equity_times_pbr,,,,,True,False
5258,5258.T,Transaction Media Networks Inc.,True,10232204000.0,,equity_times_pbr,,,,,False,False
2590,2590.T,"DyDo GROUP HOLDINGS,INC.",True,64895000000.0,,equity_times_pbr,,,,,False,False
4443,4443.T,"Sansan,Inc.",True,16524000000.0,,equity_times_pbr,,,,,True,False
8508,8508.T,"J Trust Co.,Ltd.",False,119201000000.0,,equity_times_pbr,,,,,False,False
7793,7793.T,IMAGE MAGIC Inc.,True,2055875000.0,,equity_times_pbr,,,,,True,False
2686,2686.T,"GFOOT CO.,LTD.",True,-26835000000.0,,equity_times_pbr,,,,,False,False
2156,2156.T,SAYLOR ADVERTISING INC.,False,2037804000.0,,equity_times_pbr,,,,,True,False
5885,5885.T,"GDEP ADVANCE,Inc.",True,2851916000.0,,equity_times_pbr,,,,,True,False
6982,6982.T,"The Lead Co.,Inc.",True,2600030000.0,,equity_times_pbr,,,,,False,False
4176,4176.T,coconala Inc.,True,2587846000.0,,equity_times_pbr,,,,,True,False
2693,2693.T,YKT CORPORATION,True,7972040000.0,,equity_times_pbr,,,,,True,False
2195,2195.T,"AMITA HOLDINGS CO.,LTD.",True,3003201000.0,,equity_times_pbr,,,,,True,False
8165,8165.T,"SENSHUKAI CO.,LTD.",True,30084000000.0,,equity_times_pbr,,,,,True,False
9553,9553.T,"MicroAd,Inc.",True,3897029000.0,,equity_times_pbr,,,,,True,False
3175,3175.T,"AP HOLDINGS CO.,LTD.",True,383471000.0,,equity_times_pbr,,,,,False,False
9363,9363.T,"DAIUN CO.,LTD.",True,3467838000.0,,equity_times_pbr,,,,,True,False
5586,5586.T,Laboro.AI Inc.,True,2601288000.0,,equity_times_pbr,,,,,True,False
4488,4488.T,AI inside Inc.,True,4534800000.0,,equity_times_pbr,,,,,False,False
4978,4978.T,ReproCELL Incorporated,True,8991188000.0,,equity_times_pbr,,,,,False,False
2168,2168.T,Pasona Group Inc.,True,141134000000.0,,equity_times_pbr,,,,,False,False
7135,7135.T,"JAPAN CRAFT HOLDINGS CO.,LTD.",True,4021657000.0,,equity_times_pbr,,,,,False,False
7915,7915.T,"Nissha Co.,Ltd.",False,76489000000.0,,equity_times_pbr,,,,,False,False
5704,5704.T,JMC Corporation,True,1647455000.0,,equity_times_pbr,,,,,False,False
4331,4331.T,"TAKE AND GIVE. NEEDS Co.,Ltd.",True,17766000000.0,,equity_times_pbr,,,,,False,False
7388,7388.T,FP Partner Inc.,False,11821424000.0,,equity_times_pbr,,,,,True,False
5025,5025.T,MERCURY Inc.,True,1112053000.0,,equity_times_pbr,,,,,True,False
6034,6034.T,MRT Inc.,False,4107211000.0,,equity_times_pbr,,,,,True,False
4760,4760.T,"ALPHA CO.,LTD.",True,1523098000.0,,equity_times_pbr,,,,,True,False
7997,7997.T,Kurogane Kosakusho Ltd.,True,4851185000.0,,equity_times_pbr,,,,,True,False
2700,2700.T,"KITOKU SHINRYO CO.,LTD.",True,21034615000.0,,equity_times_pbr,,,,,True,False
3557,3557.T,UNITED&COLLECTIVE CO.LTD.,True,714926000.0,,equity_times_pbr,,,,,False,False
7044,7044.T,PIALA INC.,True,844652000.0,,equity_times_pbr,,,,,True,False
3985,3985.T,TEMONA.inc.,True,855046000.0,,equity_times_pbr,,,,,True,False
6993,6993.T,"Daikokuya Holdings Co.,Ltd.",True,-5581719000.0,,equity_times_pbr,,,,,False,False
2791,2791.T,"DAIKOKUTENBUSSAN CO.,LTD.",True,61064000000.0,,equity_times_pbr,,,,,True,False
8139,8139.T,NAGAHORI CORPORATION,True,13415899000.0,,equity_times_pbr,,,,,True,False
6029,6029.T,Artra Group Corporation,True,1726670000.0,,equity_times_pbr,,,,,True,False
8260,8260.T,"IZUTSUYA CO.,LTD.",True,12207000000.0,,equity_times_pbr,,,,,True,False
3994,3994.T,"Money Forward,Inc.",True,55865356000.0,,equity_times_pbr,,,,,False,False
3657,3657.T,"Pole To Win Holdings,Inc.",True,8422931000.0,,equity_times_pbr,,,,,False,False
8729,8729.T,Sony Financial Group Inc.,False,,932474126336.0,yfinance_market_cap,0.6748273538568577,1.4818605,0.05582734166388926,17.91237,False,True
2342,2342.T,TRANSGENIC GROUP INC.,True,4856181000.0,,equity_times_pbr,,,,,False,False
5842,5842.T,Integral Corporation,False,39177000000.0,,equity_times_pbr,,,,,True,False
3286,3286.T,TRUST Holdings Inc.,True,1429232000.0,,equity_times_pbr,,,,,True,False
7602,7602.T,"Ledax Co.,Ltd.",True,4858033000.0,,equity_times_pbr,,,,,False,False
3880,3880.T,Daio Paper Corporation,True,249713000000.0,,equity_times_pbr,,,,,False,False
5031,5031.T,Moi Corporation,True,1973595000.0,,equity_times_pbr,,,,,True,False
4307,4307.T,"Nomura Research Institute,Ltd.",False,399985000000.0,3000688967680.0,yfinance_market_cap,0.13329772072620066,6.915541,0.03558616076179328,196.24342,True,True
3491,3491.T,"GAtechnologies Co.,Ltd.",False,28687000000.0,,equity_times_pbr,,,,,True,False
4934,4934.T,"Premier Anti-Aging Co.,Ltd.",True,6610000000.0,,equity_times_pbr,,,,,True,False
2937,2937.T,"St.Cousair CO.,LTD.",True,4961173000.0,,equity_times_pbr,,,,,True,False
9264,9264.T,"Puequ CO.,LTD.",True,4255771000.0,,equity_times_pbr,,,,,True,False
4100,4100.T,TODA KOGYO CORP.,True,11777000000.0,,equity_times_pbr,,,,,False,False
7868,7868.T,"KOSAIDO Holdings Co.,Ltd.",True,47940000000.0,,equity_times_pbr,,,,,True,False
4053,4053.T,Sun* Inc.,True,10662000000.0,,equity_times_pbr,,,,,False,False
9240,9240.T,Delivery Consulting Inc.,True,1121847000.0,,equity_times_pbr,,,,,True,False
3772,3772.T,"Wealth Management,Inc.",True,19398994000.0,,equity_times_pbr,,,,,True,False
3865,3865.T,Hokuetsu Corporation,True,265870000000.0,,equity_times_pbr,,,,,True,False
4478,4478.T,freee K.K.,True,27043623000.0,,equity_times_pbr,,,,,True,False
2291,2291.T,"FUKUTOME MEAT PACKERS,LTD.",True,-2959000000.0,,equity_times_pbr,,,,,False,False
3996,3996.T,Signpost Corporation,True,1879437000.0,,equity_times_pbr,,,,,True,False
2330,2330.T,"Forside Co.,Ltd.",True,3077986000.0,,equity_times_pbr,,,,,True,False
5612,5612.T,NIPPON CHUTETSUKAN K.K.,True,9639000000.0,,equity_times_pbr,,,,,False,False
3038,3038.T,"KOBE BUSSAN CO.,LTD.",True,161400000000.0,589545406464.0,yfinance_market_cap,0.27377026134094,3.6549778,0.054072170948119495,18.57622,True,True
4568,4568.T,"DAIICHI SANKYO COMPANY,LIMITED",False,938666000000.0,4765672013824.0,yfinance_market_cap,0.19696403723906494,2.8636785,0.04212207626074652,18.649862,True,True
3469,3469.T,"Dualtap Co.,Ltd.",True,2348141000.0,,equity_times_pbr,,,,,True,False
6537,6537.T,"WASHHOUSE CO.,LTD.",True,1840000000.0,,equity_times_pbr,,,,,True,False
2183,2183.T,"Linical Co.,Ltd.",True,7253457000.0,,equity_times_pbr,,,,,False,False
2999,2999.T,"Home Position Co.,Ltd.",True,5769223000.0,,equity_times_pbr,,,,,True,False
5010,5010.T,"NIPPON SEIRO CO.,LTD.",True,6378000000.0,,equity_times_pbr,,,,,True,False
7035,7035.T,"and factory,inc",True,893893000.0,,equity_times_pbr,,,,,False,False
6578,6578.T,CORREC HOLDINGS Inc.,True,1073007000.0,,equity_times_pbr,,,,,False,False
7985,7985.T,NEPON Inc.,True,2332965000.0,,equity_times_pbr,,,,,False,False
9827,9827.T,"Lilycolor Co.,Ltd.",True,8122418000.0,,equity_times_pbr,,,,,True,False
7343,7343.T,"Broad-Minded Co.,Ltd.",False,3956053000.0,,equity_times_pbr,,,,,True,False
9444,9444.T,"TOSHIN HOLDINGS CO.,LTD",True,2419185000.0,,equity_times_pbr,,,,,False,False
5035,5035.T,HOUSEI Inc.,True,3079036000.0,,equity_times_pbr,,,,,False,False
3634,3634.T,Sockets Inc.,True,552246000.0,,equity_times_pbr,,,,,False,False
2158,2158.T,"FRONTEO,Inc.",True,3227763000.0,,equity_times_pbr,,,,,True,False
7090,7090.T,Ligua Inc.,True,-687951000.0,,equity_times_pbr,,,,,False,False
7352,7352.T,TWOSTONE&Sons Inc.,True,3467931000.0,,equity_times_pbr,,,,,True,False
3377,3377.T,BIKE O & COMPANY Ltd.,True,7017473000.0,,equity_times_pbr,,,,,True,False
9330,9330.T,AGEHA Inc.,True,901845000.0,,equity_times_pbr,,,,,False,False
4170,4170.T,"Kaizen Platform,Inc.",True,3532271000.0,,equity_times_pbr,,,,,True,False
5027,5027.T,AnyMind Group Inc.,False,2655000000.0,,equity_times_pbr,,,,,True,False
4074,4074.T,"LaKeel,Inc.",True,3770975000.0,,equity_times_pbr,,,,,True,False
9885,9885.T,"CHARLE CO.,LTD.",True,16865000000.0,,equity_times_pbr,,,,,False,False
6182,6182.T,MetaReal Corporation,True,2007969000.0,,equity_times_pbr,,,,,True,False
7974,7974.T,"Nintendo Co.,Ltd.",True,2732509000000.0,8257713733632.0,yfinance_market_cap,0.3309038177081682,2.7954109,0.033768668785924626,19.648882,True,True
4446,4446.T,Link-U Group Inc.,True,2481017000.0,,equity_times_pbr,,,,,False,False
2788,2788.T,"APPLE INTERNATIONAL CO.,LTD.",True,10892565000.0,,equity_times_pbr,,,,,True,False
2962,2962.T,"TECNISCO,LTD.",True,3027640000.0,,equity_times_pbr,,,,,False,False
7061,7061.T,Japan Hospice Holdings Inc.,True,3677876000.0,,equity_times_pbr,,,,,True,False
9204,9204.T,Skymark Airlines Inc.,False,27119000000.0,,equity_times_pbr,,,,,True,False
4512,4512.T,"WAKAMOTO PHARMACEUTICAL CO.,LTD.",True,11610351000.0,,equity_times_pbr,,,,,True,False
3760,3760.T,"CAVE Interactive CO.,LTD.",True,6266838000.0,,equity_times_pbr,,,,,False,False
4068,4068.T,Basis Corporation,True,2070708000.0,,equity_times_pbr,,,,,True,False
7681,7681.T,"LEOCLAN Co.,Ltd.",True,5819360000.0,,equity_times_pbr,,,,,True,False
7610,7610.T,"TAY TWO CO.,LTD.",True,6975921000.0,,equity_times_pbr,,,,,True,False
3563,3563.T,FOOD & LIFE COMPANIES LTD.,False,19974000000.0,1203711246336.0,yfinance_market_cap,0.016593680636281537,10.49754,0.003501670365571577,42.17587,True,True
9082,9082.T,"Daiwa Motor Transportation Co.,Ltd.",True,9262000000.0,,equity_times_pbr,,,,,False,False
4052,4052.T,Ficha Inc.,True,689803000.0,,equity_times_pbr,,,,,False,False
9166,9166.T,GENDA Inc.,True,65357000000.0,,equity_times_pbr,,,,,True,False
3607,3607.T,"KURAUDIA HOLDINGS CO.,LTD.",True,3967703000.0,,equity_times_pbr,,,,,True,False
7112,7112.T,"CUBE CO.,LTD.",True,4042438000.0,,equity_times_pbr,,,,,True,False
7356,7356.T,Retty Inc.,True,977398000.0,,equity_times_pbr,,,,,True,False
3926,3926.T,Open Door Inc.,True,4589787000.0,,equity_times_pbr,,,,,False,False
7359,7359.T,"Tokyo Communications Group,Inc.",True,1653470000.0,,equity_times_pbr,,,,,True,False
2767,2767.T,TSUBURAYA FIELDS HOLDINGS INC.,True,56247000000.0,,equity_times_pbr,,,,,True,False
3182,3182.T,Oisix ra daichi Inc.,True,39487000000.0,,equity_times_pbr,,,,,True,False
4222,4222.T,"KODAMA CHEMICAL INDUSTRY CO.,LTD.",True,5470477000.0,,equity_times_pbr,,,,,False,False
8247,8247.T,"Daiwa Co.,Ltd.",True,5436232000.0,,equity_times_pbr,,,,,False,False
2585,2585.T,"LIFEDRINK COMPANY,INC.",True,14230000000.0,,equity_times_pbr,,,,,True,False
7114,7114.T,"Foodison,Inc.",True,2292302000.0,,equity_times_pbr,,,,,True,False
3697,3697.T,SHIFT Inc.,True,41037000000.0,185876037632.0,yfinance_market_cap,0.2207761717045294,4.818926,0.04965137043792436,22.626013,True,True
9517,9517.T,"eREX Co.,Ltd.",True,71004000000.0,,equity_times_pbr,,,,,True,False
4351,4351.T,YAMADA SERVICER SYNTHETIC OFFICE,False,3369760000.0,,equity_times_pbr,,,,,True,False
7140,7140.T,Petgo Corporation,True,1226150000.0,,equity_times_pbr,,,,,True,False
7674,7674.T,"NATTY SWANKY holdings Co.,Ltd.",True,1318125000.0,,equity_times_pbr,,,,,False,False
8040,8040.T,"TOKYO SOIR CO.,LTD.",True,10488732000.0,,equity_times_pbr,,,,,True,False
6228,6228.T,"J.E.T.Co.,LTD.",True,9720000000.0,,equity_times_pbr,,,,,False,False
7918,7918.T,"VIA Holdings,Inc.",True,1799000000.0,,equity_times_pbr,,,,,True,False
9561,9561.T,GLAD CUBE Inc.,True,748295000.0,,equity_times_pbr,,,,,False,False
3803,3803.T,Image Information Inc.,True,352285000.0,,equity_times_pbr,,,,,False,False
3135,3135.T,"MarketEnterprise Co.,Ltd",True,1913684000.0,,equity_times_pbr,,,,,True,False
7695,7695.T,"Koukandekirukun,Inc.",True,1690612000.0,,equity_times_pbr,,,,,True,False
4385,4385.T,"Mercari,Inc.",True,90000000000.0,686580039680.0,yfinance_market_cap,0.13108449823555465,5.714356,0.030111565739131742,23.935558,True,True
5871,5871.T,SOLIZE Holdings Corporation,True,11328000000.0,,equity_times_pbr,,,,,False,False
6620,6620.T,"Miyakoshi Holdings,Inc.",True,27994000000.0,,equity_times_pbr,,,,,True,False
3134,3134.T,Hamee Corp.,True,10570122000.0,,equity_times_pbr,,,,,True,False
7066,7066.T,"Peers Co.,Ltd.",True,2759007000.0,,equity_times_pbr,,,,,True,False
4416,4416.T,True Data Inc.,True,1370469000.0,,equity_times_pbr,,,,,True,False
7072,7072.T,"Intimate Merger,Inc.",True,1556453000.0,,equity_times_pbr,,,,,True,False
9258,9258.T,"CS-C.Co.,Ltd.",True,2291718000.0,,equity_times_pbr,,,,,False,False
2162,2162.T,nms Holdings Corporation,True,6140618000.0,,equity_times_pbr,,,,,False,False
4264,4264.T,"SECURE,INC.",True,3000453000.0,,equity_times_pbr,,,,,True,False
2315,2315.T,CAICA DIGITAL Inc.,True,3611303000.0,,equity_times_pbr,,,,,True,False
7810,7810.T,"Crossfor Co.,Ltd.",True,1811131000.0,,equity_times_pbr,,,,,True,False
7038,7038.T,Frontier Management Inc.,True,9943623000.0,,equity_times_pbr,,,,,False,False
4378,4378.T,CINC Corp.,True,1059366000.0,,equity_times_pbr,,,,,False,False
9888,9888.T,"UEX,LTD.",True,17511294000.0,,equity_times_pbr,,,,,True,False
7273,7273.T,"IKUYO CO.,LTD.",True,7070577000.0,,equity_times_pbr,,,,,True,False
7133,7133.T,"HYUGA PRIMARY CARE Co.,Ltd.",True,2382543000.0,,equity_times_pbr,,,,,True,False
3680,3680.T,Hotto Link Inc.,False,4790391000.0,,equity_times_pbr,,,,,False,False
3691,3691.T,"DIGITAL PLUS,Inc.",False,775511000.0,,equity_times_pbr,,,,,False,False
7692,7692.T,EARTH INFINITY CO.LTD.,True,1205706000.0,,equity_times_pbr,,,,,True,False
6054,6054.T,Livesense Inc.,True,4210000000.0,,equity_times_pbr,,,,,False,False
7198,7198.T,SBI ARUHI Corporation,False,25899000000.0,,equity_times_pbr,,,,,False,False
9326,9326.T,"KANTSU HD CO.,LTD.",True,2244094000.0,,equity_times_pbr,,,,,True,False
3945,3945.T,"Superbag Company,Limited",True,4730000000.0,,equity_times_pbr,,,,,True,False
9158,9158.T,CUC Inc.,False,23539000000.0,,equity_times_pbr,,,,,True,False
6046,6046.T,LINKBAL INC.,True,817132000.0,,equity_times_pbr,,,,,False,False
6190,6190.T,"PhoenixBio Co.,Ltd.",True,2569896000.0,,equity_times_pbr,,,,,False,False
4260,4260.T,"Hybrid Technologies Co.,Ltd.",False,1948774000.0,,equity_times_pbr,,,,,False,False
3238,3238.T,"CENTRAL GENERAL DEVELOPMENT CO.,LTD.",True,10256542000.0,,equity_times_pbr,,,,,True,False
9219,9219.T,GiXo Ltd.,True,1825731000.0,,equity_times_pbr,,,,,False,False
4393,4393.T,"Bank of Innovation,Inc.",True,5821000000.0,,equity_times_pbr,,,,,True,False
4192,4192.T,SpiderPlus & Co.,True,2791407000.0,,equity_times_pbr,,,,,False,False
9704,9704.T,"Agora Hospitality Group Co.,Ltd.",True,8850624000.0,,equity_times_pbr,,,,,True,False
4565,4565.T,"Nxera Pharma Co.,Ltd.",False,47450000000.0,,equity_times_pbr,,,,,False,False
7803,7803.T,Bushiroad Inc.,True,25222055000.0,,equity_times_pbr,,,,,True,False
5820,5820.T,"MITSUBOSHI CO.,LTD.",True,6614138000.0,,equity_times_pbr,,,,,True,False
5103,5103.T,"Showa Holdings Co.,Ltd.",True,-6736403000.0,,equity_times_pbr,,,,,False,False
7422,7422.T,"TOHO LAMAC CO.,LTD.",True,4521695000.0,,equity_times_pbr,,,,,True,False
3793,3793.T,"Drecom Co.,Ltd.",True,4719137000.0,,equity_times_pbr,,,,,False,False
7897,7897.T,"HOKUSHIN CO.,LTD.",True,5823450000.0,,equity_times_pbr,,,,,True,False
7031,7031.T,Inbound Tech Inc.,True,2045261000.0,,equity_times_pbr,,,,,False,False
2872,2872.T,"SEIHYO CO.,LTD.",True,1500631000.0,,equity_times_pbr,,,,,True,False
2138,2138.T,"CROOZ,Inc.",True,10955702000.0,,equity_times_pbr,,,,,True,False
7859,7859.T,ALMEDIO INC.,True,8206387000.0,,equity_times_pbr,,,,,True,False
7640,7640.T,"TOP CULTURE Co.,Ltd.",True,3990197000.0,,equity_times_pbr,,,,,False,False
4069,4069.T,BlueMeme Inc.,True,2557833000.0,,equity_times_pbr,,,,,False,False
7093,7093.T,"adish Co.,Ltd.",True,542833000.0,,equity_times_pbr,,,,,False,False
3905,3905.T,Datasection Inc.,True,-3292684000.0,157590716416.0,yfinance_market_cap,0.12195800156691641,8.199544,0.016998117492483943,58.830044,False,True
1447,1447.T,"SAAF Holdings Co.,Ltd.",True,2843379000.0,,equity_times_pbr,,,,,True,False
6198,6198.T,"CAREER CO.,LTD.",True,1874926000.0,,equity_times_pbr,,,,,False,False
9212,9212.T,"Green Earth Institute Co.,Ltd.",True,2106117000.0,,equity_times_pbr,,,,,True,False
9563,9563.T,Atlas Technologies Corporation,True,1677906000.0,,equity_times_pbr,,,,,True,False
9252,9252.T,"Last One Mile Co.,Ltd.",True,3478819000.0,,equity_times_pbr,,,,,True,False
7831,7831.T,Wellco Holdings Corporation,True,-2368000000.0,,equity_times_pbr,,,,,False,False
9162,9162.T,"Bleach,Inc.",True,9552766000.0,,equity_times_pbr,,,,,True,False
6532,6532.T,"BayCurrent,Inc.",True,61456000000.0,911921381376.0,yfinance_market_cap,0.06739177439536391,7.8471465,0.006648599455856082,24.255062,True,True
2998,2998.T,CREAL Inc.,True,5273775000.0,,equity_times_pbr,,,,,True,False
7115,7115.T,AlphaPurchase Corporation,True,6742775000.0,,equity_times_pbr,,,,,True,False
7809,7809.T,"KOTOBUKIYA CO.,LTD.",True,8039669000.0,,equity_times_pbr,,,,,True,False
4888,4888.T,STELLA PHARMA CORPORATION,True,3207485000.0,,equity_times_pbr,,,,,False,False
7477,7477.T,MURAKI CORPORATION,True,2691174000.0,,equity_times_pbr,,,,,True,False
4344,4344.T,SOURCENEXT CORPORATION,True,11596643000.0,,equity_times_pbr,,,,,False,False
3267,3267.T,"Phil Company,Inc.",True,3385122000.0,,equity_times_pbr,,,,,True,False
3840,3840.T,PATH Corporation,True,3390247000.0,,equity_times_pbr,,,,,False,False
7083,7083.T,AHC GROUP INC.,True,1179320000.0,,equity_times_pbr,,,,,True,False
8202,8202.T,"Laox Holdings CO.,LTD.",True,22686000000.0,,equity_times_pbr,,,,,True,False
8166,8166.T,"Taka-Q Co.,Ltd.",True,1988878000.0,,equity_times_pbr,,,,,True,False
7601,7601.T,"POPLAR CO.,Ltd.",True,888410000.0,,equity_times_pbr,,,,,True,False
8617,8617.T,"The Kosei Securities Co.,Ltd.",False,15722000000.0,,equity_times_pbr,,,,,False,False
3903,3903.T,gumi Inc.,True,17880345000.0,,equity_times_pbr,,,,,True,False
2980,2980.T,SRE Holdings Corporation,True,14346248000.0,,equity_times_pbr,,,,,True,False
5380,5380.T,SHINTO COMPANY LIMITED,True,3270259000.0,,equity_times_pbr,,,,,True,False
4427,4427.T,"EduLab,Inc.",True,1830640000.0,,equity_times_pbr,,,,,True,False
2929,2929.T,"Pharma Foods International Co.,Ltd.",True,16227000000.0,,equity_times_pbr,,,,,True,False
6696,6696.T,TRaaS On Product Inc.,True,-784122000.0,,equity_times_pbr,,,,,False,False
3111,3111.T,"OMIKENSHI CO.,LTD.",True,5829000000.0,,equity_times_pbr,,,,,True,False
3192,3192.T,"Shirohato Co.,Ltd.",True,2520355000.0,,equity_times_pbr,,,,,True,False
4014,4014.T,"KARADANOTE,INC.",True,537324000.0,,equity_times_pbr,,,,,False,False
6786,6786.T,RVH Inc.,True,1917377000.0,,equity_times_pbr,,,,,False,False
7183,7183.T,"Anshin Guarantor Service Co.,Ltd.",False,2361426000.0,,equity_times_pbr,,,,,True,False
3727,3727.T,Aplix Corporation,False,2166130000.0,,equity_times_pbr,,,,,True,False
4436,4436.T,"MINKABU THE INFONOID,Inc.",True,-6725484000.0,,equity_times_pbr,,,,,False,False
8254,8254.T,"Saikaya Department Store Co.,Ltd.",True,-3418529000.0,,equity_times_pbr,,,,,True,False
3779,3779.T,"J ESCOM HOLDINGS,INC.",True,731352000.0,,equity_times_pbr,,,,,True,False
7524,7524.T,MARCHE CORPORATION,True,699573000.0,,equity_times_pbr,,,,,True,False
4174,4174.T,Appirits Inc.,True,1860735000.0,,equity_times_pbr,,,,,False,False
7616,7616.T,"COLOWIDE CO.,LTD.",False,82491000000.0,,equity_times_pbr,,,,,False,False
9565,9565.T,GLOE Inc.,True,506954000.0,,equity_times_pbr,,,,,True,False
9213,9213.T,SEYFERT LTD.,True,852381000.0,,equity_times_pbr,,,,,False,False
9941,9941.T,"TAIYO BUSSAN KAISHA,LTD.",True,993082000.0,,equity_times_pbr,,,,,True,False
3358,3358.T,"Trailhead Global Holdings,Inc.",True,1638395000.0,,equity_times_pbr,,,,,True,False
3896,3896.T,"AWA PAPER & TECHNOLOGICAL COMPANY,Inc.",True,7583708000.0,,equity_times_pbr,,,,,True,False
9246,9246.T,"ProjectHoldings,Inc.",True,2260118000.0,,equity_times_pbr,,,,,True,False
4376,4376.T,Kufu Company Holdings Inc.,True,10022000000.0,,equity_times_pbr,,,,,False,False
4166,4166.T,Cacco Inc.,True,826968000.0,,equity_times_pbr,,,,,False,False
8995,8995.T,"Makoto Construction CO,Ltd",True,3983860000.0,,equity_times_pbr,,,,,True,False
3195,3195.T,"GENERATION PASS CO.,LTD.",True,1901982000.0,,equity_times_pbr,,,,,True,False
7111,7111.T,"INEST,Inc.",False,3437000000.0,,equity_times_pbr,,,,,True,False
2776,2776.T,"SHINTO Holdings,Inc.",True,-6764532000.0,,equity_times_pbr,,,,,True,False
7865,7865.T,"People Co.,Ltd.",True,1679787000.0,,equity_times_pbr,,,,,False,False
3053,3053.T,"PEPPER FOOD SERVICE CO.,LTD.",True,3461000000.0,,equity_times_pbr,,,,,False,False
6548,6548.T,TABIKOBO Co.Ltd.,True,2011108000.0,,equity_times_pbr,,,,,False,False
3909,3909.T,Showcase Inc.,True,2030567000.0,,equity_times_pbr,,,,,False,False
8267,8267.T,"AEON CO.,LTD.",True,2204267000000.0,3741859971072.0,yfinance_market_cap,0.589083241233237,3.066671,0.0332818440462169,50.353683,True,True
4387,4387.T,"ZUU Co.,Ltd.",True,6297284000.0,,equity_times_pbr,,,,,True,False
4448,4448.T,"kubell Co.,Ltd.",True,-4021176000.0,,equity_times_pbr,,,,,True,False
9225,9225.T,Bridge Consulting Group Inc.,True,1147511000.0,,equity_times_pbr,,,,,True,False
9973,9973.T,"KOZO Holdings Co.,Ltd.",True,-1817274000.0,,equity_times_pbr,,,,,False,False
3224,3224.T,"General Oyster,Inc.",True,-2158328000.0,,equity_times_pbr,,,,,False,False
3856,3856.T,Abalance Corporation,True,43338000000.0,,equity_times_pbr,,,,,True,False
4935,4935.T,"LIBERTA CO.,LTD.",True,2104173000.0,,equity_times_pbr,,,,,True,False
3064,3064.T,"MonotaRO Co.,Ltd.",True,126022000000.0,948215152640.0,yfinance_market_cap,0.1329044359279983,8.256385,0.0344426050449326,29.467564,True,True
5884,5884.T,"KURADASHI.Co.,Ltd.",True,1089223000.0,,equity_times_pbr,,,,,False,False
4011,4011.T,"Headwaters Co.,Ltd",True,1353699000.0,,equity_times_pbr,,,,,True,False
9250,9250.T,GRCS Inc.,True,-727893000.0,,equity_times_pbr,,,,,False,False
5026,5026.T,"TRIPLEIZE CO.,LTD.",True,2098394000.0,,equity_times_pbr,,,,,False,False
9236,9236.T,Japan M&A Solution Incorporated,True,584229000.0,,equity_times_pbr,,,,,False,False
4599,4599.T,StemRIM Inc.,False,9634875000.0,,equity_times_pbr,,,,,False,False
3370,3370.T,"FUJITA CORPORATION Co.,Ltd.",True,-1205885000.0,,equity_times_pbr,,,,,True,False
5337,5337.T,DANTO HOLDINGS CORPORATION,True,12100000000.0,,equity_times_pbr,,,,,True,False
2484,2484.T,"DEMAE-CAN CO.,LTD",True,49371000000.0,,equity_times_pbr,,,,,False,False
7837,7837.T,"R.C.CORE CO.,LTD.",True,2547613000.0,,equity_times_pbr,,,,,False,False
8918,8918.T,"LAND Co.,Ltd.",True,9193589000.0,,equity_times_pbr,,,,,True,False
8698,8698.T,"Monex Group,Inc.",False,98517000000.0,,equity_times_pbr,,,,,True,False
2884,2884.T,Yoshimura Food Holdings K.K.,True,19253264000.0,,equity_times_pbr,,,,,True,False
7345,7345.T,Ai Partners Financial Inc.,False,630329000.0,,equity_times_pbr,,,,,False,False
6030,6030.T,"Adventure,Inc.",False,8800768000.0,,equity_times_pbr,,,,,False,False
4890,4890.T,Tsubota Laboratory Incorporated,True,1587272000.0,,equity_times_pbr,,,,,True,False
4073,4073.T,"Global Communication Planning Co.,Ltd.",True,-482303000.0,,equity_times_pbr,,,,,False,False
1382,1382.T,"HOB Co.,Ltd.",True,756207000.0,,equity_times_pbr,,,,,True,False
9425,9425.T,ReYuu Japan Inc.,True,1429910000.0,,equity_times_pbr,,,,,False,False
7878,7878.T,"Kohsai Co.,Ltd.",True,1547055000.0,,equity_times_pbr,,,,,True,False
2762,2762.T,"SANKO MARKETING FOODS CO.,LTD.",True,1241000000.0,,equity_times_pbr,,,,,False,False
5541,5541.T,"PACIFIC METALS CO.,LTD.",True,67656000000.0,,equity_times_pbr,,,,,False,False
7992,7992.T,"The Sailor Pen Co.,Ltd.",True,-7240071000.0,,equity_times_pbr,,,,,False,False
7886,7886.T,"YAMATO Mobility & Mfg. Co.,Ltd.",True,1875600000.0,,equity_times_pbr,,,,,False,False
7074,7074.T,Twenty-four seven Holdings Inc.,True,-254936000.0,,equity_times_pbr,,,,,False,False
5247,5247.T,"BTM,Inc.",True,661326000.0,,equity_times_pbr,,,,,True,False
5618,5618.T,Nyle Inc.,True,596582000.0,,equity_times_pbr,,,,,False,False
2437,2437.T,"SHINWA WISE HOLDINGS CO.,LTD.",True,2999234000.0,,equity_times_pbr,,,,,False,False
7571,7571.T,YAMANO HOLDINGS CORPORATION,True,1327349000.0,,equity_times_pbr,,,,,False,False
3647,3647.T,"ASULINA Co.,Ltd.",True,1173293000.0,,equity_times_pbr,,,,,False,False
7585,7585.T,KAN-NANMARU CORPORATION,True,800000000.0,,equity_times_pbr,,,,,False,False
2375,2375.T,GiG Works Inc.,True,2797259000.0,,equity_times_pbr,,,,,False,False
8518,8518.T,"Japan Asia Investment Company,Limited",False,7158000000.0,,equity_times_pbr,,,,,True,False
4381,4381.T,"BPLATS,Inc.",True,-692893000.0,,equity_times_pbr,,,,,False,False
3778,3778.T,SAKURA internet Inc.,True,30257381000.0,119429111808.0,yfinance_market_cap,0.25335012998039563,3.9677265,0.024728937151839124,547.52295,True,True
7360,7360.T,"ONDECK Co.,Ltd.",True,955334000.0,,equity_times_pbr,,,,,False,False
9073,9073.T,"Kyogoku unyu shoji Co.,Ltd.",True,4241345000.0,,equity_times_pbr,,,,,True,False
6659,6659.T,"MEDIA LINKS CO.,LTD.",True,2959088000.0,,equity_times_pbr,,,,,False,False
9241,9241.T,"Future Link Network Co.,Ltd.",True,300039000.0,,equity_times_pbr,,,,,True,False
7036,7036.T,eMnet Japan.co.ltd.,True,777697000.0,,equity_times_pbr,,,,,False,False
3205,3205.T,DAIDOH LIMITED,True,12195000000.0,,equity_times_pbr,,,,,False,False
2934,2934.T,"J Frontier Co.,Ltd.",True,3446150000.0,,equity_times_pbr,,,,,True,False
4056,4056.T,Neural Group Inc.,True,2266898000.0,,equity_times_pbr,,,,,False,False
3815,3815.T,"Media Kobo,Inc.",True,708001000.0,,equity_times_pbr,,,,,False,False
4199,4199.T,WonderPlanet Inc.,True,1183000000.0,,equity_times_pbr,,,,,False,False
4499,4499.T,"Speee,Inc.",True,7290239000.0,,equity_times_pbr,,,,,False,False
1783,1783.T,"Fantasista Co.,Ltd.",True,-7326454000.0,,equity_times_pbr,,,,,False,False
2978,2978.T,TSUKURUBA Inc.,True,1931700000.0,,equity_times_pbr,,,,,True,False
3261,3261.T,"GRANDES,Inc.",True,2711659000.0,,equity_times_pbr,,,,,False,False
5892,5892.T,"yutori,Inc.",True,2095198000.0,,equity_times_pbr,,,,,True,False
4288,4288.T,"Asgent,Inc.",True,771110000.0,,equity_times_pbr,,,,,False,False
2778,2778.T,"PALEMO HOLDINGS CO.,LTD.",True,2205534000.0,,equity_times_pbr,,,,,True,False
4777,4777.T,GALA INCORPORATED,True,-7787239000.0,,equity_times_pbr,,,,,False,False
1514,1514.T,"Sumiseki Holdings,Inc.",True,28024000000.0,,equity_times_pbr,,,,,True,False
3936,3936.T,"Globalway,Inc.",True,1496659000.0,,equity_times_pbr,,,,,False,False
9331,9331.T,Caster Co.Ltd.,True,1580963000.0,,equity_times_pbr,,,,,False,False
9229,9229.T,"SUNWELS Co.,Ltd.",True,8633000000.0,,equity_times_pbr,,,,,False,False
4490,4490.T,VisasQ Inc.,True,-11384015000.0,,equity_times_pbr,,,,,True,False
7946,7946.T,KOYOSHA INC.,True,1790198000.0,,equity_times_pbr,,,,,True,False
3315,3315.T,"NIPPON COKE & ENGINEERING COMPANY,LIMITED",True,41600000000.0,,equity_times_pbr,,,,,False,False
4819,4819.T,"Digital Garage,Inc.",False,24603000000.0,,equity_times_pbr,,,,,False,False
3726,3726.T,"4Cs HD Co.,Ltd.",True,1945753000.0,,equity_times_pbr,,,,,False,False
4552,4552.T,"JCR Pharmaceuticals Co.,Ltd.",True,47435000000.0,,equity_times_pbr,,,,,False,False
6558,6558.T,"Cookbiz Co.,Ltd.",True,1098426000.0,,equity_times_pbr,,,,,False,False
3686,3686.T,DLE Inc.,True,2512066000.0,,equity_times_pbr,,,,,False,False
4180,4180.T,"Appier Group,Inc.",False,28986000000.0,,equity_times_pbr,,,,,True,False
4889,4889.T,Renascience Inc.,False,1720151000.0,,equity_times_pbr,,,,,True,False
4813,4813.T,"ACCESS CO.,LTD.",True,-21127133000.0,,equity_times_pbr,,,,,False,False
3083,3083.T,"Star seeds Co.,Ltd.",True,2870389000.0,,equity_times_pbr,,,,,True,False
5255,5255.T,Monstarlab Inc.,False,1914203000.0,,equity_times_pbr,,,,,False,False
4591,4591.T,RIBOMIC Inc.,False,4685581000.0,,equity_times_pbr,,,,,False,False
5246,5246.T,"ELEMENTS,Inc.",True,4971006000.0,,equity_times_pbr,,,,,False,False
2901,2901.T,Wel-Dish.Incorporated,True,3451485000.0,,equity_times_pbr,,,,,True,False
5242,5242.T,"EYEZ,INC.",True,600275000.0,,equity_times_pbr,,,,,False,False
4880,4880.T,"CellSource Co.,Ltd.",True,6016826000.0,,equity_times_pbr,,,,,False,False
6619,6619.T,W-SCOPE Corporation,True,43415000000.0,,equity_times_pbr,,,,,False,False
9978,9978.T,"BUNKYODO GROUP HOLDINGS CO.,LTD.",True,1156076000.0,,equity_times_pbr,,,,,False,False
7694,7694.T,itsumo.inc.,True,2472231000.0,,equity_times_pbr,,,,,True,False
6232,6232.T,ACSL Ltd.,True,2294904000.0,41196576768.0,yfinance_market_cap,0.05570618192195517,13.8002615,,,False,False
5341,5341.T,"ASAHI EITO HOLDINGS CO.,LTD.",True,-2652311000.0,,equity_times_pbr,,,,,False,False
4891,4891.T,"TMS Co.,Ltd.",False,2771131000.0,,equity_times_pbr,,,,,False,False
3187,3187.T,miratap inc.,True,2903745000.0,,equity_times_pbr,,,,,False,False
3753,3753.T,FLIGHT SOLUTIONS Inc.,True,-2429384000.0,,equity_times_pbr,,,,,False,False
8107,8107.T,KIMURATAN CORPORATION,True,-4796645000.0,,equity_times_pbr,,,,,False,False
2673,2673.T,"YUMEMITSUKETAI Co.,Ltd.",True,2425332000.0,,equity_times_pbr,,,,,True,False
8746,8746.T,unbanked inc.,False,5752092000.0,,equity_times_pbr,,,,,True,False
5616,5616.T,"Ame Kaze Taiyo,Inc.",True,347992000.0,,equity_times_pbr,,,,,False,False
2936,2936.T,"BASE FOOD,Inc.",True,1355547000.0,,equity_times_pbr,,,,,True,False
7527,7527.T,SystemSoft Corporation,True,4354235000.0,,equity_times_pbr,,,,,False,False
2586,2586.T,FRUTA FRUTA INC.,True,2955961000.0,,equity_times_pbr,,,,,True,False
3681,3681.T,"V-cube,Inc.",True,-6273513000.0,,equity_times_pbr,,,,,False,False
5597,5597.T,"Blue innovation Co.,Ltd.",True,-1329450000.0,,equity_times_pbr,,,,,False,False
6177,6177.T,AppBank Inc.,True,2022501000.0,,equity_times_pbr,,,,,False,False
4584,4584.T,Kidswell Bio Corporation,True,-12730223000.0,,equity_times_pbr,,,,,True,False
3628,3628.T,"DATA HORIZON CO.,LTD.",True,-3911296000.0,,equity_times_pbr,,,,,False,False
4881,4881.T,FunPep Company Limited,False,-3755934000.0,,equity_times_pbr,,,,,False,False
4316,4316.T,"BeMap,Inc.",True,934551000.0,,equity_times_pbr,,,,,False,False
4424,4424.T,"Amazia,inc.",True,907103000.0,,equity_times_pbr,,,,,False,False
3041,3041.T,"Beauty Kadan Holdings Co.,Ltd.",True,610300000.0,,equity_times_pbr,,,,,True,False
6085,6085.T,ARCHITECTS STUDIO JAPAN INC.,True,-2611738000.0,,equity_times_pbr,,,,,False,False
8938,8938.T,"GLOME Holdings,Inc.",True,7838000000.0,,equity_times_pbr,,,,,True,False
3664,3664.T,WIZE INC.,True,2050146000.0,,equity_times_pbr,,,,,False,False
4592,4592.T,SanBio Company Limited,False,19465240000.0,,equity_times_pbr,,,,,False,False
6081,6081.T,"Allied Architects,Inc.",True,1950234000.0,,equity_times_pbr,,,,,False,False
5131,5131.T,Linkers Corporation,True,1281546000.0,,equity_times_pbr,,,,,False,False
3672,3672.T,AltPlusInc.,True,1389670000.0,,equity_times_pbr,,,,,False,False
3409,3409.T,"KITABO CO.,LTD",True,-1520980000.0,,equity_times_pbr,,,,,False,False
8783,8783.T,"abc Co.,Ltd.",False,4454733000.0,,equity_times_pbr,,,,,True,False
7383,7383.T,"Net Protections Holdings,Inc.",False,17520000000.0,,equity_times_pbr,,,,,True,False
9211,9211.T,f-code Inc.,False,5213233000.0,,equity_times_pbr,,,,,False,False
1711,1711.T,"SDS HOLDINGS Co.,Ltd.",True,-4085076000.0,,equity_times_pbr,,,,,False,False
9812,9812.T,"T.O. Holdings CO.,LTD.",True,1541190000.0,,equity_times_pbr,,,,,True,False
2388,2388.T,"Wedge Holdings CO.,LTD.",False,-7397669000.0,,equity_times_pbr,,,,,False,False
7578,7578.T,"NICHIRYOKU CO.,LTD.",True,4585650000.0,,equity_times_pbr,,,,,False,False
4169,4169.T,ENECHANGE Ltd.,True,11683546000.0,,equity_times_pbr,,,,,False,False
7815,7815.T,"TOKYO BOARD INDUSTRIES CO.,LTD.",True,1790932000.0,,equity_times_pbr,,,,,False,False
6579,6579.T,"logly,Inc.",True,601434000.0,,equity_times_pbr,,,,,False,False
9878,9878.T,"SEKIDO CO.,LTD.",True,504378000.0,,equity_times_pbr,,,,,False,False
4179,4179.T,G-NEXT Inc.,True,-1449765000.0,,equity_times_pbr,,,,,False,False
3185,3185.T,"DREAM VISION CO.,LTD.",False,-2909782000.0,,equity_times_pbr,,,,,False,False
4265,4265.T,Institution for a Global Society Corporation,True,982467000.0,,equity_times_pbr,,,,,False,False
4563,4563.T,"AnGes,Inc.",False,-51637863000.0,,equity_times_pbr,,,,,False,False
7320,7320.T,Solvvy Inc.,False,4566974000.0,,equity_times_pbr,,,,,False,False
4893,4893.T,Noile-Immune Biotech Inc.,False,-4147239000.0,,equity_times_pbr,,,,,False,False
7689,7689.T,Copa Corporation Inc.,True,767532000.0,,equity_times_pbr,,,,,False,False
8143,8143.T,"LAPINE CO.,LTD.",True,849263000.0,,equity_times_pbr,,,,,False,False
9238,9238.T,"VALUE CREATION CO.,LTD.",True,234122000.0,,equity_times_pbr,,,,,False,False
2459,2459.T,"AUN CONSULTING,Inc.",True,538774000.0,,equity_times_pbr,,,,,False,False
7901,7901.T,MATSUMOTO INC.,True,2521310000.0,,equity_times_pbr,,,,,False,False
3113,3113.T,UNIVA Oak Holdings Limited,False,2743728000.0,,equity_times_pbr,,,,,False,False
5721,5721.T,S Crypto Energy Inc.,True,2871007000.0,,equity_times_pbr,,,,,False,False
7078,7078.T,INCLUSIVE Holdings Inc.,True,2859197000.0,,equity_times_pbr,,,,,False,False
3070,3070.T,"JELLY BEANS GROUP Co.,Ltd.",True,4931231000.0,,equity_times_pbr,,,,,False,False
5535,5535.T,MIGALO HOLDINGS Inc.,True,11273443000.0,,equity_times_pbr,,,,,True,False
4883,4883.T,Modalis Therapeutics Corporation,False,3049832000.0,,equity_times_pbr,,,,,False,False
3137,3137.T,"Fundely Co.,Ltd.",True,280708000.0,,equity_times_pbr,,,,,False,False
5240,5240.T,"monoAI technology Co.,Ltd.",True,1510319000.0,,equity_times_pbr,,,,,False,False
2160,2160.T,GNI Group Ltd.,False,35391000000.0,143510552576.0,yfinance_market_cap,0.24660904278281356,2.8654985,0.07479798000575197,13.369345,False,True
4587,4587.T,PeptiDream Inc.,False,49356191000.0,,equity_times_pbr,,,,,False,False
9327,9327.T,"e-LogiT co.,ltd.",True,-1330570000.0,,equity_times_pbr,,,,,True,False
6173,6173.T,Aqualine Ltd.,True,-1725636000.0,,equity_times_pbr,,,,,False,False
9235,9235.T,"Ureru Net Advertising Group Co.,Ltd.",True,733570000.0,,equity_times_pbr,,,,,False,False
3823,3823.T,"THE WHY HOW DO COMPANY,Inc.",True,-3917038000.0,,equity_times_pbr,,,,,False,False
7615,7615.T,"KYOTO KIMONO YUZEN HOLDINGS Co.,Ltd.",True,1979310000.0,,equity_times_pbr,,,,,False,False
7138,7138.T,"TORICO Co.,Ltd.",True,808744000.0,,equity_times_pbr,,,,,False,False
8894,8894.T,"REVOLUTION CO.,LTD.",True,18082727000.0,,equity_times_pbr,,,,,False,False
4598,4598.T,"Delta-Fly Pharma,Inc.",False,-9931290000.0,,equity_times_pbr,,,,,False,False
3133,3133.T,"kaihan co.,Ltd.",True,-2585763000.0,,equity_times_pbr,,,,,False,False
9610,9610.T,WILSON LEARNING WORLDWIDE INC.,True,-1664569000.0,,equity_times_pbr,,,,,False,False
3787,3787.T,"Techno Mathematical Co.,Ltd.",True,-2422588000.0,,equity_times_pbr,,,,,False,False
5856,5856.T,"Life Intelligent Enterprise Holdings Co.,Ltd.",True,3195984000.0,,equity_times_pbr,,,,,True,False
5129,5129.T,FIXER Inc.,True,3807000000.0,,equity_times_pbr,,,,,False,False
3825,3825.T,"Remixpoint,inc.",True,17911000000.0,,equity_times_pbr,,,,,True,False
4425,4425.T,Kudan Inc.,True,3927201000.0,,equity_times_pbr,,,,,False,False
4575,4575.T,"CanBas Co.,Ltd.",False,-14011017000.0,,equity_times_pbr,,,,,False,False
7426,7426.T,Yamadai Corporation,True,2280000000.0,,equity_times_pbr,,,,,False,False
3624,3624.T,AXEL MARK INC.,True,1452044000.0,,equity_times_pbr,,,,,False,False
4438,4438.T,Welby Inc.,True,-2433812000.0,,equity_times_pbr,,,,,False,False
5216,5216.T,"KURAMOTO CO.,LTD.",True,3629524000.0,,equity_times_pbr,,,,,False,False
3667,3667.T,"enish,inc.",True,-9043210000.0,,equity_times_pbr,,,,,False,False
6573,6573.T,CRAVIA Inc.,True,-610844000.0,,equity_times_pbr,,,,,False,False
3237,3237.T,"INTRANCE CO.,LTD.",True,-1960518000.0,,equity_times_pbr,,,,,False,False
8798,8798.T,"Advance Create Co.,Ltd.",False,1995348000.0,,equity_times_pbr,,,,,False,False
4596,4596.T,"Kubota Pharmaceutical Holdings Co.,Ltd.",False,2892835000.0,,equity_times_pbr,,,,,False,False
4593,4593.T,HEALIOS K.K.,False,3456000000.0,,equity_times_pbr,,,,,False,False
7603,7603.T,"Gyet Co.,Ltd.",True,-6784000000.0,,equity_times_pbr,,,,,False,False
4597,4597.T,Solasia Pharma K.K.,False,1737000000.0,,equity_times_pbr,,,,,False,False
6731,6731.T,PIXELA CORPORATION,True,-2065771000.0,,equity_times_pbr,,,,,False,False
2667,2667.T,"ImageONE Co.,Ltd.",True,-3880627000.0,,equity_times_pbr,,,,,False,False
6721,6721.T,Wintest Corp.,True,-4371444000.0,,equity_times_pbr,,,,,False,False
3750,3750.T,"ADR120S,Inc.",True,-5875306000.0,,equity_times_pbr,,,,,False,False
4896,4896.T,"K Pharma,Inc.",True,2248487000.0,,equity_times_pbr,,,,,False,False
4833,4833.T,"Def consulting,inc.",True,943178000.0,,equity_times_pbr,,,,,False,False
3810,3810.T,"CyberStep Holdings,Inc.",True,-7213000000.0,,equity_times_pbr,,,,,False,False
2370,2370.T,"MEDINET Co.,Ltd.",True,5102250000.0,,equity_times_pbr,,,,,False,False
4588,4588.T,Oncolys BioPharma Inc.,True,4366132000.0,68731887616.0,yfinance_market_cap,0.06352411015383803,34.25877,,,False,False
4564,4564.T,"OncoTherapy Science,Inc.",True,27516414000.0,,equity_times_pbr,,,,,False,False
7794,7794.T,EDP Corporation,True,3539613000.0,,equity_times_pbr,,,,,False,False
2656,2656.T,Vector HOLDINGS Inc.,True,-3752799000.0,,equity_times_pbr,,,,,False,False
4892,4892.T,Cyfuse Biomedical K.K.,True,4450471000.0,,equity_times_pbr,,,,,False,False
7776,7776.T,CellSeed Inc.,True,2256326000.0,,equity_times_pbr,,,,,False,False
4894,4894.T,Cuorips Inc.,True,6566108000.0,,equity_times_pbr,,,,,False,False
4571,4571.T,"Nano Holdings,Inc.",True,5546832000.0,,equity_times_pbr,,,,,False,False
9348,9348.T,"ispace,inc.",True,-18644439000.0,,equity_times_pbr,,,,,False,False
4583,4583.T,Chiome Bioscience Inc.,True,2025797000.0,,equity_times_pbr,,,,,False,False
4576,4576.T,"D.Western Therapeutics Institute, Inc.",True,1435449000.0,,equity_times_pbr,,,,,False,False
2345,2345.T,"HODL1,inc.",True,5673782000.0,,equity_times_pbr,,,,,False,False
3189,3189.T,ANAP HOLDINGS INC.,True,12935161000.0,,equity_times_pbr,,,,,False,False
7063,7063.T,Birdman Inc.,True,-4023567000.0,,equity_times_pbr,,,,,False,False
2338,2338.T,"Quantum Solutions Co.,Ltd.",True,-9200607000.0,,equity_times_pbr,,,,,False,False
4586,4586.T,"Medrx Co.,Ltd.",True,2358402000.0,,equity_times_pbr,,,,,False,False
2134,2134.T,"Kitahama Capital Partners Co.,Ltd.",True,-9409332000.0,,equity_times_pbr,,,,,False,False
4884,4884.T,"Kringle Pharma,Inc.",True,2888081000.0,,equity_times_pbr,,,,,False,False
4572,4572.T,"Carna Biosciences,Inc.",True,2196625000.0,,equity_times_pbr,,,,,False,False
2721,2721.T,J-Holdings Corp.,True,-967974000.0,,equity_times_pbr,,,,,False,False
4594,4594.T,"BrightPath Biotherapeutics Co.,Ltd.",True,-3804864000.0,,equity_times_pbr,,,,,False,False
4882,4882.T,Perseus Proteomics Inc.,True,-3808501000.0,,equity_times_pbr,,,,,False,False
4582,4582.T,SymBio Pharmaceuticals Limited,True,-37696551000.0,,equity_times_pbr,,,,,False,False
